t_epoch_seconds,-1,0,1
951955200.0,0.08931160718202591,0.9018476605415344,0.00884072482585907
951955200.0,0.3902844488620758,0.5895002484321594,0.02021535485982895
952128000.0,0.8772397637367249,0.11718419939279556,0.005576076917350292
952128000.0,0.19320246577262878,0.7755529284477234,0.031244609504938126
952128000.0,0.08865690231323242,0.9028258323669434,0.008517260663211346
952128000.0,0.8159360289573669,0.17281247675418854,0.011251435615122318
952214400.0,0.8678723573684692,0.1244482547044754,0.007679336704313755
952387200.0,0.7163161635398865,0.2696966826915741,0.013987149111926556
952387200.0,0.38375046849250793,0.5711686015129089,0.04508090391755104
952387200.0,0.10697081685066223,0.8457074165344238,0.04732178896665573
952387200.0,0.48949378728866577,0.460849404335022,0.04965674504637718
952387200.0,0.6468633413314819,0.34123745560646057,0.011899189092218876
952473600.0,0.7463967204093933,0.24311544001102448,0.010487852618098259
952473600.0,0.6793330311775208,0.2884174585342407,0.03224954754114151
952473600.0,0.9791810512542725,0.017166586592793465,0.0036522941663861275
952473600.0,0.8728581666946411,0.11295566707849503,0.014186110347509384
952473600.0,0.07734973728656769,0.8991541862487793,0.02349601499736309
952560000.0,0.7822014689445496,0.19537273049354553,0.0224258191883564
952560000.0,0.3564630448818207,0.562388002872467,0.08114895224571228
952560000.0,0.7290852665901184,0.25374141335487366,0.01717325486242771
952560000.0,0.9463005661964417,0.04810381680727005,0.005595595575869083
952560000.0,0.4067756235599518,0.5408546924591064,0.052369631826877594
952560000.0,0.060719724744558334,0.929697573184967,0.009582698345184326
952560000.0,0.35476163029670715,0.6146283745765686,0.03060995787382126
952560000.0,0.9135740995407104,0.07912459969520569,0.007301339413970709
952646400.0,0.876426637172699,0.11419346928596497,0.009379900060594082
952646400.0,0.829152524471283,0.1461934894323349,0.024654081091284752
952646400.0,0.7389731407165527,0.24278298020362854,0.01824384368956089
952646400.0,0.44620540738105774,0.4837174117565155,0.07007715106010437
952646400.0,0.41614091396331787,0.5416908860206604,0.042168181389570236
952646400.0,0.17595887184143066,0.8144306540489197,0.009610552340745926
952646400.0,0.05774601921439171,0.8676868081092834,0.07456718385219574
952646400.0,0.91932612657547,0.0705324187874794,0.01014146488159895
952646400.0,0.8164010643959045,0.16766540706157684,0.015933526679873466
952646400.0,0.6979305148124695,0.28851309418678284,0.013556428253650665
952646400.0,0.9157825112342834,0.07258262485265732,0.011634926311671734
952646400.0,0.7307243943214417,0.2406165450811386,0.028659047558903694
952646400.0,0.6837149858474731,0.2768038809299469,0.039481114596128464
952646400.0,0.7691168785095215,0.21028782427310944,0.02059534750878811
952646400.0,0.01322045736014843,0.9672718644142151,0.01950760744512081
952646400.0,0.03271842002868652,0.6375502943992615,0.329731285572052
952646400.0,0.03127748891711235,0.16177545487880707,0.8069471120834351
952646400.0,0.06796275824308395,0.8947893381118774,0.03724786266684532
952646400.0,0.959236204624176,0.03526071831583977,0.005503068678081036
952646400.0,0.7136234641075134,0.27064475417137146,0.015731748193502426
952646400.0,0.007854077965021133,0.09661420434713364,0.8955317735671997
952646400.0,0.8277684450149536,0.16456714272499084,0.0076643903739750385
952646400.0,0.4512547552585602,0.5279486775398254,0.02079659141600132
952646400.0,0.27832525968551636,0.700118899345398,0.021555863320827484
952646400.0,0.17036835849285126,0.8166660070419312,0.012965661473572254
952732800.0,0.07314779609441757,0.907342255115509,0.019509946927428246
952732800.0,0.7264163494110107,0.2582983672618866,0.015285328961908817
952732800.0,0.722844660282135,0.2678782343864441,0.009277119301259518
952732800.0,0.921025812625885,0.0664212629199028,0.012552963569760323
952732800.0,0.5380054116249084,0.4278799295425415,0.03411470353603363
952732800.0,0.9194004535675049,0.07010802626609802,0.010491413995623589
952732800.0,0.07934839278459549,0.8756169080734253,0.045034609735012054
952732800.0,0.1387009620666504,0.8057765960693359,0.055522531270980835
952732800.0,0.29729872941970825,0.667329728603363,0.03537159785628319
952732800.0,0.06335992366075516,0.9178673028945923,0.018772762268781662
952732800.0,0.9078463912010193,0.0839172825217247,0.008236207999289036
952732800.0,0.7375957369804382,0.24356722831726074,0.018836989998817444
952732800.0,0.7993047833442688,0.18956847488880157,0.011126792058348656
952732800.0,0.4461873173713684,0.5422406196594238,0.011572085320949554
952732800.0,0.0598021000623703,0.7512193322181702,0.18897855281829834
952732800.0,0.22628168761730194,0.7033019065856934,0.0704164057970047
952732800.0,0.946215033531189,0.048252690583467484,0.005532265640795231
952732800.0,0.5996890068054199,0.34846025705337524,0.051850754767656326
952732800.0,0.3739657998085022,0.5541382431983948,0.07189596444368362
952732800.0,0.6369198560714722,0.34697598218917847,0.01610412821173668
952732800.0,0.0830644741654396,0.8935572504997253,0.023378318175673485
952732800.0,0.09110192209482193,0.5337831377983093,0.37511494755744934
952732800.0,0.1286681592464447,0.8535230159759521,0.017808822914958
952732800.0,0.9683903455734253,0.027518054470419884,0.0040915790013968945
952732800.0,0.3590398132801056,0.6293152570724487,0.011644955724477768
952732800.0,0.24804095923900604,0.7377181649208069,0.01424084696918726
952732800.0,0.16542477905750275,0.8244090676307678,0.010166164487600327
952732800.0,0.926377534866333,0.0671708956360817,0.00645161559805274
952732800.0,0.8526972532272339,0.1396220624446869,0.0076807220466434956
952732800.0,0.8763556480407715,0.1115143671631813,0.012129930779337883
952732800.0,0.016006087884306908,0.24883298575878143,0.7351608872413635
952732800.0,0.5017648339271545,0.4853965938091278,0.012838580645620823
952732800.0,0.2583170235157013,0.6474977731704712,0.09418526291847229
952732800.0,0.7647588849067688,0.22691699862480164,0.008324138820171356
952732800.0,0.7462043762207031,0.22369231283664703,0.030103357508778572
952732800.0,0.6052355170249939,0.3644840717315674,0.030280396342277527
952732800.0,0.7265263795852661,0.2310308814048767,0.04244275391101837
952732800.0,0.9527724385261536,0.0432019904255867,0.004025637172162533
952732800.0,0.4130921959877014,0.5481455326080322,0.038762208074331284
952732800.0,0.15147441625595093,0.7523317933082581,0.09619378298521042
952732800.0,0.6284461617469788,0.3291665315628052,0.04238729551434517
952732800.0,0.8496395945549011,0.14368747174739838,0.006672987714409828
952732800.0,0.011866980232298374,0.9698118567466736,0.018321147188544273
952732800.0,0.9712868332862854,0.025412142276763916,0.00330110895447433
952732800.0,0.7935606837272644,0.19541732966899872,0.011021985672414303
952732800.0,0.11751137673854828,0.632318913936615,0.2501697242259979
952732800.0,0.18150226771831512,0.7769277691841125,0.041569944471120834
952732800.0,0.35097530484199524,0.5563501715660095,0.09267455339431763
952732800.0,0.06231175363063812,0.9292652010917664,0.008423014543950558
952732800.0,0.749721348285675,0.2342499941587448,0.01602867804467678
952732800.0,0.9173299074172974,0.07588084787130356,0.006789248436689377
952732800.0,0.7651912569999695,0.22587895393371582,0.008929791860282421
952732800.0,0.9716196060180664,0.023749861866235733,0.004630488343536854
952732800.0,0.11135298013687134,0.5920424461364746,0.2966045141220093
952732800.0,0.7924052476882935,0.19105634093284607,0.016538407653570175
952732800.0,0.7254388332366943,0.23736171424388885,0.03719944879412651
952732800.0,0.8319533467292786,0.13939428329467773,0.028652435168623924
952732800.0,0.7953121066093445,0.18093395233154297,0.023753926157951355
952819200.0,0.5879114270210266,0.39633795619010925,0.015750626102089882
952819200.0,0.8708735704421997,0.12006164342164993,0.009064849466085434
952819200.0,0.15842750668525696,0.8336002826690674,0.007972191087901592
952819200.0,0.5393040180206299,0.3823171854019165,0.07837877422571182
952819200.0,0.379924476146698,0.5903408527374268,0.02973470464348793
952819200.0,0.9799106121063232,0.016775287687778473,0.0033141362946480513
952819200.0,0.9830953478813171,0.013753070496022701,0.003151599783450365
952819200.0,0.16522957384586334,0.5634873509407043,0.2712830901145935
952819200.0,0.0764213427901268,0.9140805602073669,0.009498132392764091
952819200.0,0.1250055730342865,0.8587851524353027,0.016209255903959274
952819200.0,0.0943489670753479,0.8863725662231445,0.019278425723314285
952819200.0,0.25627589225769043,0.7029624581336975,0.040761686861515045
952819200.0,0.5177963972091675,0.39419686794281006,0.08800677210092545
952819200.0,0.4999185800552368,0.435051292181015,0.06503007560968399
952819200.0,0.7211107015609741,0.2630045711994171,0.01588469184935093
952819200.0,0.2077377736568451,0.6811749339103699,0.11108729243278503
952819200.0,0.9702489972114563,0.025195693597197533,0.004555239342153072
952819200.0,0.9803010821342468,0.01578960195183754,0.003909360151737928
952819200.0,0.14109376072883606,0.8126915693283081,0.04621461033821106
952819200.0,0.6402839422225952,0.346111536026001,0.013604508712887764
952819200.0,0.13564704358577728,0.8380207419395447,0.026332223787903786
952819200.0,0.012581384740769863,0.9715273380279541,0.015891315415501595
952819200.0,0.051308173686265945,0.9389533400535583,0.00973847508430481
952819200.0,0.5597886443138123,0.4002148509025574,0.039996493607759476
952819200.0,0.3196325898170471,0.6451263427734375,0.035241011530160904
952819200.0,0.39722520112991333,0.5910135507583618,0.011761320754885674
952819200.0,0.470445841550827,0.47607657313346863,0.05347759649157524
952819200.0,0.052879780530929565,0.9349306225776672,0.012189526110887527
952819200.0,0.8188971281051636,0.1704869568347931,0.010615907609462738
952819200.0,0.05706331506371498,0.8501784801483154,0.0927581712603569
952819200.0,0.27518463134765625,0.7121149897575378,0.012700368650257587
952819200.0,0.8669283986091614,0.12268774956464767,0.010383885353803635
952819200.0,0.5635493397712708,0.39849939942359924,0.03795122355222702
952819200.0,0.2951584458351135,0.47628405690193176,0.2285575419664383
952819200.0,0.811789333820343,0.17344523966312408,0.014765393920242786
952819200.0,0.7778959274291992,0.19867883622646332,0.023425275459885597
952819200.0,0.8847793340682983,0.10887403786182404,0.006346530746668577
952819200.0,0.908402144908905,0.08276098221540451,0.008836905471980572
952819200.0,0.934182345867157,0.05622361972928047,0.009594042785465717
952819200.0,0.7412233352661133,0.22213780879974365,0.03663887083530426
952819200.0,0.883305013179779,0.10059637576341629,0.016098663210868835
952819200.0,0.6406213045120239,0.32728099822998047,0.03209774196147919
952819200.0,0.014447814784944057,0.4332863688468933,0.5522657632827759
952819200.0,0.9828669428825378,0.014060930348932743,0.003072112100198865
952819200.0,0.010216736234724522,0.976818323135376,0.012964950874447823
952819200.0,0.16071747243404388,0.832217812538147,0.007064752280712128
952819200.0,0.9316970705986023,0.06376738101243973,0.00453554792329669
952819200.0,0.9343696236610413,0.05751923844218254,0.008111040107905865
952819200.0,0.7169239521026611,0.23431174457073212,0.04876430705189705
952819200.0,0.2920677363872528,0.6959283351898193,0.012003927491605282
952819200.0,0.18771694600582123,0.750496506690979,0.061786528676748276
952819200.0,0.6582855582237244,0.3291085958480835,0.012605848722159863
952819200.0,0.029209405183792114,0.9657057523727417,0.005084809847176075
952819200.0,0.45809420943260193,0.5339623689651489,0.00794340018182993
952819200.0,0.11239379644393921,0.8732103705406189,0.014395801350474358
952819200.0,0.9238693714141846,0.07112039625644684,0.005010177846997976
952819200.0,0.856904923915863,0.13067734241485596,0.012417803518474102
952819200.0,0.9177868962287903,0.07798480987548828,0.0042282999493181705
952819200.0,0.4747495651245117,0.49569466710090637,0.029555782675743103
952819200.0,0.191377654671669,0.7954652905464172,0.013157021254301071
952819200.0,0.934798538684845,0.05742502957582474,0.0077764783054590225
952819200.0,0.7722910642623901,0.20894114673137665,0.01876775547862053
952819200.0,0.8374113440513611,0.1468525528907776,0.015736157074570656
952819200.0,0.30321332812309265,0.5782742500305176,0.11851240694522858
952819200.0,0.8545849919319153,0.1334863305091858,0.011928732506930828
952819200.0,0.9702990651130676,0.025549229234457016,0.0041517456993460655
952819200.0,0.18977175652980804,0.7282758355140686,0.08195240795612335
952819200.0,0.9448557496070862,0.04851539805531502,0.00662887841463089
952819200.0,0.7406156659126282,0.24602442979812622,0.013359908945858479
952819200.0,0.5882143378257751,0.3952026069164276,0.016583018004894257
952819200.0,0.5287118554115295,0.36592620611190796,0.10536197572946548
952819200.0,0.749511182308197,0.2352282553911209,0.01526058278977871
952819200.0,0.04186427220702171,0.8626400828361511,0.09549563378095627
952819200.0,0.6373682022094727,0.3392949104309082,0.023336874321103096
952819200.0,0.3357279598712921,0.634134829044342,0.03013722598552704
952819200.0,0.9196196794509888,0.0711560845375061,0.00922426488250494
952819200.0,0.1199059933423996,0.7686787843704224,0.11141514033079147
952819200.0,0.9323819875717163,0.06013689190149307,0.007481110282242298
952819200.0,0.06965307891368866,0.523481011390686,0.4068659245967865
952819200.0,0.4699571430683136,0.4175300598144531,0.11251279711723328
952819200.0,0.03331544250249863,0.9562356472015381,0.010448831133544445
952819200.0,0.7848559021949768,0.20485630631446838,0.010287771001458168
952819200.0,0.9454107880592346,0.048481013625860214,0.006108167581260204
952819200.0,0.5953802466392517,0.33653032779693604,0.06808946281671524
952819200.0,0.9422210454940796,0.05296313762664795,0.0048158071003854275
952819200.0,0.8236249089241028,0.16267117857933044,0.013703921809792519
952819200.0,0.7460421323776245,0.2435554414987564,0.010402409359812737
952819200.0,0.6786561608314514,0.306472510099411,0.014871319755911827
952819200.0,0.06103864312171936,0.8653724193572998,0.07358885556459427
952819200.0,0.9130234122276306,0.07769414782524109,0.00928245484828949
952819200.0,0.019577903673052788,0.9687560796737671,0.011666019447147846
952819200.0,0.31539350748062134,0.6765503287315369,0.00805614609271288
952819200.0,0.08547013998031616,0.551456093788147,0.3630737364292145
952819200.0,0.9708251357078552,0.025540441274642944,0.0036343915853649378
952819200.0,0.2748444378376007,0.7137265205383301,0.01142898853868246
952819200.0,0.10596901178359985,0.8678597211837769,0.02617133967578411
952819200.0,0.7437122464179993,0.24336108565330505,0.012926678173244
952819200.0,0.8063206076622009,0.18214848637580872,0.011530979536473751
952819200.0,0.9346351027488708,0.05922956392168999,0.006135258357971907
952819200.0,0.9621473550796509,0.03329866752028465,0.004553964827209711
952819200.0,0.955577552318573,0.0403759703040123,0.00404659379273653
952819200.0,0.7968541383743286,0.1925610601902008,0.010584838688373566
952819200.0,0.8882750272750854,0.10220462828874588,0.009520410560071468
952819200.0,0.8731409907341003,0.12077995389699936,0.0060790362767875195
952819200.0,0.7314816117286682,0.23911845684051514,0.02939986065030098
952819200.0,0.044558051973581314,0.9478530883789062,0.007588857784867287
952819200.0,0.7755361199378967,0.2116972953081131,0.012766542844474316
952819200.0,0.11951322853565216,0.8569619655609131,0.023524833843111992
952819200.0,0.3639492392539978,0.5452535152435303,0.09079724550247192
952819200.0,0.049530744552612305,0.8858375549316406,0.06463168561458588
952819200.0,0.4531077444553375,0.5096387267112732,0.03725356608629227
952819200.0,0.9754442572593689,0.020526232197880745,0.004029477015137672
952819200.0,0.078588105738163,0.9035896062850952,0.017822308465838432
952819200.0,0.6988620162010193,0.2880781888961792,0.013059786520898342
952819200.0,0.8571047782897949,0.12890960276126862,0.013985632918775082
952819200.0,0.7811627388000488,0.2027592808008194,0.016078051179647446
952819200.0,0.8548282980918884,0.1312878131866455,0.013883882202208042
952819200.0,0.917515754699707,0.07334966957569122,0.00913454219698906
952819200.0,0.9796360731124878,0.015456074848771095,0.004907875321805477
952819200.0,0.1267947405576706,0.5711758136749268,0.30202943086624146
952819200.0,0.07678528875112534,0.47000211477279663,0.45321258902549744
952819200.0,0.8529272079467773,0.137324258685112,0.009748595766723156
952819200.0,0.054632820188999176,0.7890787124633789,0.15628856420516968
952819200.0,0.9098460674285889,0.08007979393005371,0.010074189864099026
952819200.0,0.4618072509765625,0.527887225151062,0.010305539704859257
952819200.0,0.2613782286643982,0.7270687222480774,0.011553014628589153
952819200.0,0.802582323551178,0.1887832134962082,0.008634524419903755
952819200.0,0.6738387942314148,0.3056730628013611,0.02048809640109539
952819200.0,0.30803799629211426,0.5723075866699219,0.11965437978506088
952819200.0,0.5596141219139099,0.43260765075683594,0.007778227794915438
952819200.0,0.7501428723335266,0.23466666042804718,0.01519044116139412
952819200.0,0.8125818967819214,0.17631253600120544,0.01110553927719593
952819200.0,0.05595206841826439,0.9247136116027832,0.019334297627210617
952819200.0,0.08441843837499619,0.896433413028717,0.01914818212389946
952819200.0,0.06077561527490616,0.9085574150085449,0.030666958540678024
952819200.0,0.36013415455818176,0.6022294163703918,0.03763646259903908
952819200.0,0.9318965077400208,0.06370927393436432,0.004394140560179949
952819200.0,0.9754999279975891,0.020270340144634247,0.004229655023664236
952819200.0,0.9193338751792908,0.07430266588926315,0.006363546475768089
952819200.0,0.8735060691833496,0.11400492489337921,0.012489065527915955
952819200.0,0.7474458813667297,0.2323557436466217,0.02019840106368065
952819200.0,0.3335801661014557,0.6560163497924805,0.010403444990515709
952819200.0,0.7188444137573242,0.2640252709388733,0.017130335792899132
952819200.0,0.5841449499130249,0.40372326970100403,0.01213174220174551
952819200.0,0.9388176798820496,0.054237183183431625,0.006945147179067135
952819200.0,0.49633026123046875,0.490092396736145,0.013577337376773357
952819200.0,0.599198579788208,0.38513511419296265,0.01566632091999054
952819200.0,0.6623967289924622,0.29257649183273315,0.045026738196611404
952819200.0,0.9564019441604614,0.03913029283285141,0.004467810969799757
952819200.0,0.7809854745864868,0.2086665779352188,0.010347950272262096
952819200.0,0.8393211960792542,0.13915516436100006,0.021523697301745415
952819200.0,0.9832339286804199,0.013573207892477512,0.0031928480602800846
952819200.0,0.6091942191123962,0.3796277344226837,0.011178099550306797
952819200.0,0.3462445139884949,0.6259454488754272,0.027810007333755493
952819200.0,0.6550953388214111,0.3269166350364685,0.017987938597798347
952819200.0,0.3241998255252838,0.6402973532676697,0.03550286963582039
952819200.0,0.47542670369148254,0.5098344683647156,0.014738834463059902
952819200.0,0.1273972988128662,0.8460416793823242,0.026561079546809196
952819200.0,0.9205801486968994,0.07543884217739105,0.003981038462370634
952819200.0,0.8752306699752808,0.11809889227151871,0.006670478731393814
952819200.0,0.8418149948120117,0.13484370708465576,0.023341283202171326
952819200.0,0.6087415218353271,0.32973283529281616,0.061525579541921616
952819200.0,0.8890949487686157,0.10164578258991241,0.009259206242859364
952819200.0,0.005931473337113857,0.8466209173202515,0.14744755625724792
952819200.0,0.6488751769065857,0.33743250370025635,0.013692280277609825
952819200.0,0.6179230213165283,0.34999507665634155,0.03208195045590401
952819200.0,0.15449175238609314,0.5972228050231934,0.24828538298606873
952819200.0,0.9632512927055359,0.03327964246273041,0.0034690273460000753
952819200.0,0.775521993637085,0.20478790998458862,0.019690126180648804
952819200.0,0.9116764068603516,0.08002395182847977,0.008299664594233036
952819200.0,0.9790285229682922,0.0172929298132658,0.0036786154378205538
952819200.0,0.4429554045200348,0.5405820608139038,0.016462499275803566
952819200.0,0.44167429208755493,0.5284687876701355,0.029856886714696884
952819200.0,0.3866102397441864,0.579634964466095,0.033754780888557434
952819200.0,0.8748034238815308,0.11444144695997238,0.010755144990980625
952819200.0,0.8118632435798645,0.17717288434505463,0.010963802225887775
952819200.0,0.8712295293807983,0.10861364006996155,0.02015683986246586
952819200.0,0.050347376614809036,0.9387108087539673,0.010941782966256142
952819200.0,0.8623608350753784,0.12859991192817688,0.009039265103638172
952819200.0,0.010432991199195385,0.9808046221733093,0.008762415498495102
952819200.0,0.29619255661964417,0.6322002410888672,0.07160725444555283
952819200.0,0.3826692998409271,0.5981784462928772,0.019152309745550156
952819200.0,0.9585243463516235,0.03536166623234749,0.006113928742706776
952819200.0,0.7206884622573853,0.2694613039493561,0.009850201196968555
952819200.0,0.9537680149078369,0.04255357384681702,0.0036784375552088022
952819200.0,0.859180748462677,0.12759721279144287,0.013222046196460724
952819200.0,0.8498824238777161,0.13422264158725739,0.015894906595349312
952819200.0,0.850591242313385,0.13447117805480957,0.014937596395611763
952819200.0,0.30837562680244446,0.6651757955551147,0.026448559015989304
952819200.0,0.6800640821456909,0.2848598062992096,0.03507617115974426
952819200.0,0.07589983195066452,0.7000709772109985,0.22402916848659515
952819200.0,0.44244271516799927,0.5229601263999939,0.034597236663103104
952819200.0,0.11677303910255432,0.8689550757408142,0.014271920546889305
952819200.0,0.6184011697769165,0.37174972891807556,0.009849101305007935
952819200.0,0.9043945670127869,0.08777318149805069,0.007832183502614498
952819200.0,0.9655050039291382,0.028389576822519302,0.0061054532416164875
952819200.0,0.661555290222168,0.3122696578502655,0.026175037026405334
952819200.0,0.9157347083091736,0.07591460645198822,0.008350774645805359
952819200.0,0.10506328195333481,0.4234771132469177,0.4714595377445221
952819200.0,0.8384383320808411,0.14649392664432526,0.015067685395479202
952819200.0,0.13736996054649353,0.8559524416923523,0.006677581928670406
952819200.0,0.9172985553741455,0.07364106923341751,0.009060381911695004
952819200.0,0.2294313907623291,0.7458269000053406,0.024741757661104202
952819200.0,0.973742663860321,0.021006383001804352,0.005251014139503241
952819200.0,0.9478923082351685,0.04486876726150513,0.007238910533487797
952819200.0,0.846813976764679,0.1428290456533432,0.010356983169913292
952819200.0,0.9205859899520874,0.07251015305519104,0.0069038416258990765
952819200.0,0.892937183380127,0.10041404515504837,0.006648705806583166
952819200.0,0.7465477585792542,0.23060242831707,0.022849753499031067
952819200.0,0.11344092339277267,0.5477492213249207,0.33880993723869324
952819200.0,0.7059750556945801,0.2773319184780121,0.016692979261279106
952819200.0,0.7762895822525024,0.2052423506975174,0.018468065187335014
952819200.0,0.9334648251533508,0.060521092265844345,0.006014152429997921
952819200.0,0.41036832332611084,0.5347899794578552,0.05484172701835632
952819200.0,0.1313154250383377,0.8468946814537048,0.021789895370602608
952819200.0,0.7120076417922974,0.27814388275146484,0.009848487563431263
952819200.0,0.0901702418923378,0.588861346244812,0.3209683299064636
952819200.0,0.39658576250076294,0.5418620705604553,0.0615522637963295
952819200.0,0.1058262437582016,0.7524932622909546,0.1416805237531662
952819200.0,0.9770992398262024,0.01900593377649784,0.0038948708679527044
952819200.0,0.8460756540298462,0.1475093811750412,0.006415031850337982
952819200.0,0.7523679733276367,0.2327730655670166,0.014859036542475224
952819200.0,0.8351927399635315,0.15291084349155426,0.011896422132849693
952819200.0,0.9448950290679932,0.047467105090618134,0.007637891918420792
952819200.0,0.01868963986635208,0.16159148514270782,0.8197188973426819
952819200.0,0.9663047790527344,0.03075331076979637,0.0029418624471873045
952819200.0,0.00961968582123518,0.9619750380516052,0.02840517833828926
952819200.0,0.8734220266342163,0.11778199672698975,0.00879594311118126
952819200.0,0.8172444105148315,0.17287658154964447,0.009879033081233501
952819200.0,0.9365211129188538,0.057559240609407425,0.005919568706303835
952819200.0,0.5371628999710083,0.42223048210144043,0.040606580674648285
952819200.0,0.06127859652042389,0.9234275817871094,0.015293826349079609
952819200.0,0.6293273568153381,0.361203134059906,0.009469562210142612
952819200.0,0.6607279777526855,0.31280285120010376,0.02646910585463047
952819200.0,0.9705449342727661,0.024026982486248016,0.005428067408502102
952819200.0,0.9158281087875366,0.07531972229480743,0.008852150291204453
952819200.0,0.34587106108665466,0.6437244415283203,0.010404483415186405
952819200.0,0.1423410028219223,0.7511547207832336,0.10650424659252167
952819200.0,0.7957146763801575,0.18621332943439484,0.018071992322802544
952819200.0,0.1902443915605545,0.7795383334159851,0.030217261984944344
952819200.0,0.48800042271614075,0.4085301160812378,0.10346942394971848
952819200.0,0.06753125041723251,0.9085330367088318,0.023935768753290176
952819200.0,0.5840097665786743,0.3113826513290405,0.10460756719112396
952819200.0,0.019027680158615112,0.9691208004951477,0.011851498857140541
952819200.0,0.8673968315124512,0.12479250878095627,0.00781064061447978
952819200.0,0.2688310444355011,0.7194703221321106,0.01169873308390379
952819200.0,0.3836417496204376,0.48816829919815063,0.12818995118141174
952819200.0,0.8610569834709167,0.1244325190782547,0.014510588720440865
952819200.0,0.007651610765606165,0.9818184971809387,0.01052985992282629
952819200.0,0.8395935893058777,0.151722714304924,0.008683646097779274
952819200.0,0.5895075798034668,0.3218529522418976,0.08863946050405502
952819200.0,0.6968517303466797,0.2635629177093506,0.03958531469106674
952819200.0,0.056480176746845245,0.933363139629364,0.010156676173210144
952819200.0,0.06938046962022781,0.8576411008834839,0.0729784369468689
952819200.0,0.9748126864433289,0.020991412922739983,0.0041959043592214584
952819200.0,0.6031085848808289,0.32189682126045227,0.07499460875988007
952819200.0,0.801681637763977,0.18823331594467163,0.01008510123938322
952819200.0,0.4699963331222534,0.5072048306465149,0.022798854857683182
952819200.0,0.6474775075912476,0.29974937438964844,0.052773114293813705
952819200.0,0.6064794659614563,0.3526276648044586,0.04089292138814926
952819200.0,0.8446705341339111,0.14905783534049988,0.006271645426750183
952819200.0,0.291252464056015,0.6827182769775391,0.026029234752058983
952819200.0,0.07034587115049362,0.9142211675643921,0.01543295569717884
952819200.0,0.07405228912830353,0.42726629972457886,0.4986814558506012
952819200.0,0.10540338605642319,0.8584244847297668,0.03617214411497116
952819200.0,0.862459123134613,0.124051533639431,0.01348932832479477
952819200.0,0.5710802674293518,0.41631242632865906,0.012607310898602009
952819200.0,0.6272574067115784,0.3297027349472046,0.04303984344005585
952819200.0,0.48693153262138367,0.4543745219707489,0.058693937957286835
952819200.0,0.7020215392112732,0.2760138511657715,0.02196456864476204
952819200.0,0.17317071557044983,0.6120405197143555,0.2147887945175171
952819200.0,0.9744493961334229,0.02100159227848053,0.00454893009737134
952819200.0,0.8968870639801025,0.09564035385847092,0.007472504861652851
952819200.0,0.40919291973114014,0.5666099786758423,0.024197125807404518
952819200.0,0.9291431307792664,0.06354442983865738,0.007312483619898558
952819200.0,0.015805672854185104,0.9693042635917664,0.014890087768435478
952819200.0,0.02515425719320774,0.9431394934654236,0.03170621022582054
952819200.0,0.5075056552886963,0.4549965560436249,0.037497811019420624
952819200.0,0.90633225440979,0.08732625097036362,0.006341481581330299
952819200.0,0.9289658665657043,0.06276613473892212,0.008268028497695923
952819200.0,0.40211135149002075,0.5798185467720032,0.018070023506879807
952819200.0,0.015587200410664082,0.9752222299575806,0.00919056124985218
952819200.0,0.4749537706375122,0.4735843241214752,0.051461946219205856
952819200.0,0.7495521903038025,0.2452692687511444,0.005178589839488268
952819200.0,0.6085326671600342,0.33683180809020996,0.05463547259569168
952819200.0,0.5832478404045105,0.3689085841178894,0.04784354940056801
952819200.0,0.9814574122428894,0.015316702425479889,0.0032259486615657806
952819200.0,0.9234441518783569,0.07026098668575287,0.006294906605035067
952819200.0,0.2662329375743866,0.721909761428833,0.011857268400490284
952819200.0,0.834382176399231,0.14624622464179993,0.01937163807451725
952819200.0,0.5267665386199951,0.455879271030426,0.017354143783450127
952819200.0,0.8694849014282227,0.12388716638088226,0.006627984344959259
952819200.0,0.08067325502634048,0.8357040882110596,0.08362267166376114
952819200.0,0.16702106595039368,0.7748262882232666,0.058152660727500916
952819200.0,0.6466503143310547,0.271868497133255,0.08148114383220673
952819200.0,0.9004203677177429,0.08808296173810959,0.011496656574308872
952819200.0,0.35214170813560486,0.5419343113899231,0.10592392832040787
952819200.0,0.9363353848457336,0.05682709440588951,0.006837537046521902
952819200.0,0.956974983215332,0.03721588850021362,0.005809216294437647
952819200.0,0.6243460178375244,0.3675294518470764,0.008124553598463535
952819200.0,0.7259974479675293,0.26206278800964355,0.011939756572246552
952819200.0,0.08021175116300583,0.604600727558136,0.3151875436306
952819200.0,0.015823129564523697,0.9780540466308594,0.006122881546616554
952819200.0,0.05987556278705597,0.8522083163261414,0.08791603893041611
952819200.0,0.6729317307472229,0.3096056580543518,0.01746261864900589
952819200.0,0.27254563570022583,0.6392081379890442,0.08824624866247177
952819200.0,0.9633656144142151,0.03320658951997757,0.0034277732484042645
952819200.0,0.6318023800849915,0.33552634716033936,0.03267133980989456
952819200.0,0.9459840059280396,0.05035635083913803,0.003659658832475543
952819200.0,0.3654508590698242,0.40040653944015503,0.23414258658885956
952819200.0,0.8900776505470276,0.10082818567752838,0.009094198234379292
952819200.0,0.6056903600692749,0.3612745404243469,0.03303510323166847
952819200.0,0.6324540972709656,0.35170838236808777,0.015837498009204865
952819200.0,0.9145805835723877,0.07706475257873535,0.00835469365119934
952819200.0,0.8911910057067871,0.10241558402776718,0.00639341538771987
952819200.0,0.7198001146316528,0.25640591979026794,0.023793965578079224
952819200.0,0.44730058312416077,0.5156377553939819,0.03706171736121178
952819200.0,0.12578530609607697,0.8482413291931152,0.02597329206764698
952905600.0,0.5406283140182495,0.446769118309021,0.01260259747505188
952905600.0,0.30765944719314575,0.5668981075286865,0.1254425048828125
952905600.0,0.11434947699308395,0.7417131662368774,0.14393731951713562
952905600.0,0.9802144765853882,0.016582341864705086,0.0032031319569796324
952905600.0,0.9615941643714905,0.03317198157310486,0.005233843345195055
952905600.0,0.5821585059165955,0.4089594781398773,0.008882056921720505
952905600.0,0.17538513243198395,0.8113101720809937,0.013304679654538631
952905600.0,0.6013338565826416,0.3752307891845703,0.023435328155755997
952905600.0,0.03892771527171135,0.906403124332428,0.054669205099344254
952905600.0,0.0851333886384964,0.9056140780448914,0.009252475574612617
952905600.0,0.8864595293998718,0.10376778990030289,0.009772648103535175
952905600.0,0.9516444802284241,0.04024716466665268,0.00810831319540739
952905600.0,0.39938288927078247,0.5055360794067383,0.09508103132247925
952905600.0,0.1994481086730957,0.7743361592292786,0.026215746998786926
952905600.0,0.5426384806632996,0.418617308139801,0.03874420374631882
952905600.0,0.8874300122261047,0.1016610860824585,0.010908893309533596
952905600.0,0.48501044511795044,0.4595208466053009,0.055468764156103134
952905600.0,0.35105061531066895,0.5420194268226624,0.1069299727678299
952905600.0,0.8827564716339111,0.10715198516845703,0.010091532953083515
952905600.0,0.05497102439403534,0.5534323453903198,0.39159658551216125
952905600.0,0.9143050312995911,0.07936825603246689,0.006326646544039249
952905600.0,0.9636118412017822,0.03139493614435196,0.004993193782866001
952905600.0,0.3571724593639374,0.6123741865158081,0.03045334294438362
952905600.0,0.0806649774312973,0.8227556943893433,0.09657929837703705
952905600.0,0.7927239537239075,0.1914558708667755,0.015820162370800972
952905600.0,0.8871386051177979,0.10454576462507248,0.008315588347613811
952905600.0,0.6438368558883667,0.34203097224235535,0.014132139272987843
952905600.0,0.29392775893211365,0.5149511098861694,0.1911211907863617
952905600.0,0.7927867770195007,0.18779508769512177,0.019418084993958473
952905600.0,0.924863874912262,0.06763245165348053,0.007503710687160492
952905600.0,0.2534288465976715,0.5679522156715393,0.17861884832382202
952905600.0,0.6280533671379089,0.3338112533092499,0.03813536465167999
952905600.0,0.03064950555562973,0.33255982398986816,0.6367906928062439
952905600.0,0.9187919497489929,0.07216620445251465,0.009041950106620789
952905600.0,0.6134804487228394,0.35772237181663513,0.028797149658203125
952905600.0,0.11398529261350632,0.605181097984314,0.2808336317539215
952905600.0,0.6404709219932556,0.3411617875099182,0.018367312848567963
952905600.0,0.20772351324558258,0.6114916801452637,0.18078479170799255
952905600.0,0.23790974915027618,0.7507097721099854,0.011380444280803204
952905600.0,0.9740262031555176,0.02142184041440487,0.004552004858851433
952905600.0,0.17235414683818817,0.4969884753227234,0.33065739274024963
952905600.0,0.9792975783348083,0.01730113849043846,0.0034012191463261843
952905600.0,0.12475916743278503,0.6526709198951721,0.22256997227668762
952905600.0,0.8845536708831787,0.10572148859500885,0.009724876843392849
952905600.0,0.08261162787675858,0.8924371004104614,0.024951333180069923
952905600.0,0.15957818925380707,0.8152844905853271,0.025137364864349365
952905600.0,0.7666009664535522,0.21396119892597198,0.01943780854344368
952905600.0,0.3397814929485321,0.6381345391273499,0.02208397351205349
952905600.0,0.10247575491666794,0.723600447177887,0.17392386496067047
952905600.0,0.4385978579521179,0.5099861025810242,0.05141604319214821
952905600.0,0.017021657899022102,0.9352126717567444,0.047765668481588364
952905600.0,0.9579322338104248,0.03729173541069031,0.004775915294885635
952905600.0,0.3564980626106262,0.630449652671814,0.013052285648882389
952905600.0,0.6224597692489624,0.32889440655708313,0.04864583909511566
952905600.0,0.8458830118179321,0.13722679018974304,0.01689017377793789
952905600.0,0.5456593036651611,0.4295448660850525,0.02479586936533451
952905600.0,0.9139194488525391,0.07677885890007019,0.009301708079874516
952905600.0,0.817835807800293,0.16755054891109467,0.014613631181418896
952905600.0,0.628638505935669,0.3385719954967499,0.03278949856758118
952905600.0,0.6785281896591187,0.2599653899669647,0.0615064762532711
952905600.0,0.9740821123123169,0.02209845557808876,0.0038194595836102962
952905600.0,0.9007371068000793,0.09378856420516968,0.005474349949508905
952905600.0,0.8748194575309753,0.11728134751319885,0.00789918377995491
952905600.0,0.829319953918457,0.14777015149593353,0.02290983498096466
952905600.0,0.25414806604385376,0.7353983521461487,0.010453597642481327
952905600.0,0.45099207758903503,0.5233805775642395,0.025627287104725838
952905600.0,0.07741200923919678,0.3643016219139099,0.5582863688468933
952905600.0,0.8096587061882019,0.17958852648735046,0.010752751491963863
952905600.0,0.9655314683914185,0.02880742773413658,0.0056610917672514915
952905600.0,0.35248205065727234,0.6131959557533264,0.034322045743465424
952905600.0,0.024838503450155258,0.22723694145679474,0.7479245662689209
952905600.0,0.7065879106521606,0.28296393156051636,0.010448216460645199
952905600.0,0.7865022420883179,0.20261938869953156,0.010878387838602066
952905600.0,0.11051317304372787,0.524929404258728,0.3645574152469635
952905600.0,0.5203973650932312,0.43562889099121094,0.043973829597234726
952905600.0,0.6615376472473145,0.313016802072525,0.02544558420777321
952905600.0,0.5774573683738708,0.4140568673610687,0.008485713973641396
952905600.0,0.11390114575624466,0.8372344970703125,0.04886435717344284
952905600.0,0.2674707770347595,0.666341245174408,0.06618799269199371
952905600.0,0.34046682715415955,0.548255443572998,0.1112777441740036
952905600.0,0.08359808474779129,0.9035423994064331,0.012859512120485306
952905600.0,0.9210313558578491,0.07007014006376266,0.00889852549880743
952905600.0,0.16064471006393433,0.6255565285682678,0.21379882097244263
952905600.0,0.061866987496614456,0.4922381341457367,0.44589483737945557
952905600.0,0.09964340925216675,0.6014223098754883,0.29893431067466736
952905600.0,0.5808497667312622,0.40247994661331177,0.01667029969394207
952905600.0,0.25424686074256897,0.7027624249458313,0.04299076646566391
952905600.0,0.4862406849861145,0.4941106140613556,0.019648684188723564
952905600.0,0.5168687105178833,0.46428951621055603,0.018841804936528206
952905600.0,0.758908748626709,0.2233927845954895,0.017698422074317932
952905600.0,0.870008647441864,0.1225980669260025,0.007393242791295052
952905600.0,0.9579584002494812,0.03657487407326698,0.005466734524816275
952905600.0,0.9690120816230774,0.02520231157541275,0.005785536952316761
952905600.0,0.9796634316444397,0.016583772376179695,0.0037527193780988455
952905600.0,0.449067085981369,0.49649572372436523,0.05443713441491127
952905600.0,0.07310157269239426,0.9185293316841125,0.008369109593331814
952905600.0,0.49785423278808594,0.47423872351646423,0.027906982228159904
952905600.0,0.21179892122745514,0.6367712020874023,0.1514299213886261
952905600.0,0.7857150435447693,0.20398066937923431,0.010304318740963936
952905600.0,0.43296828866004944,0.495151549577713,0.07188016921281815
952905600.0,0.1453242152929306,0.8389196991920471,0.015756139531731606
952905600.0,0.08869441598653793,0.8856833577156067,0.025622285902500153
952905600.0,0.8385301828384399,0.15342995524406433,0.008039907552301884
952905600.0,0.9466356635093689,0.04865451529622078,0.004709856119006872
952905600.0,0.0703606978058815,0.7661252617835999,0.16351404786109924
952905600.0,0.6706181168556213,0.31468626856803894,0.014695588499307632
952905600.0,0.9603136777877808,0.03477635607123375,0.004909983370453119
952905600.0,0.07287352532148361,0.8688188791275024,0.05830762907862663
952905600.0,0.9605885148048401,0.034987397491931915,0.004424185957759619
952905600.0,0.5873353481292725,0.39584091305732727,0.01682373136281967
952905600.0,0.901402473449707,0.08864234387874603,0.00995518360286951
952905600.0,0.47684475779533386,0.4680807888507843,0.05507444217801094
952905600.0,0.9462001919746399,0.04485336318612099,0.008946387097239494
952905600.0,0.3789399266242981,0.609226644039154,0.011833341792225838
952905600.0,0.8711777329444885,0.12294433265924454,0.00587794603779912
952905600.0,0.8305335640907288,0.15860256552696228,0.010863907635211945
952905600.0,0.8963049650192261,0.09653959423303604,0.007155342027544975
952905600.0,0.9278926849365234,0.06494344025850296,0.007163848727941513
952905600.0,0.8536660075187683,0.13914404809474945,0.0071899075992405415
952905600.0,0.12041179835796356,0.732845664024353,0.146742582321167
952905600.0,0.9098969101905823,0.08416442573070526,0.005938658490777016
952905600.0,0.5080423355102539,0.4784834086894989,0.013474258594214916
952905600.0,0.2971561849117279,0.6887456774711609,0.014098153449594975
952905600.0,0.17738927900791168,0.6063235998153687,0.21628716588020325
952905600.0,0.9397609829902649,0.0553688108921051,0.004870228935033083
952905600.0,0.01600753329694271,0.9767295122146606,0.007263027131557465
952905600.0,0.9662477374076843,0.030167458578944206,0.003584768157452345
952905600.0,0.9706403613090515,0.025802988559007645,0.003556648036465049
952905600.0,0.7865472435951233,0.19486933946609497,0.018583383411169052
952905600.0,0.9079892039299011,0.0837065577507019,0.008304240182042122
952905600.0,0.03502491116523743,0.6688671708106995,0.2961078882217407
952905600.0,0.8865270614624023,0.10168655961751938,0.011786404065787792
952905600.0,0.016506455838680267,0.9749283194541931,0.008565234020352364
952905600.0,0.7578541040420532,0.23507845401763916,0.0070674535818398
952905600.0,0.9594106674194336,0.03606807813048363,0.004521263297647238
952905600.0,0.9558714032173157,0.04062642902135849,0.0035021835938096046
952905600.0,0.27099287509918213,0.7182011008262634,0.010806014761328697
952905600.0,0.05476817116141319,0.928411602973938,0.016820253804326057
952905600.0,0.5843152403831482,0.37224024534225464,0.04344450309872627
952905600.0,0.21215789020061493,0.7715564370155334,0.01628565415740013
952905600.0,0.15798136591911316,0.5785624980926514,0.26345616579055786
952905600.0,0.12312469631433487,0.809196412563324,0.06767894327640533
952905600.0,0.8126853704452515,0.18042318522930145,0.0068914638832211494
952905600.0,0.8713532090187073,0.12062057107686996,0.008026208728551865
952905600.0,0.4642009735107422,0.5276300311088562,0.008169003762304783
952905600.0,0.9726391434669495,0.023280831053853035,0.004080111160874367
952905600.0,0.6164193749427795,0.3662915527820587,0.017289074137806892
952905600.0,0.9716635942459106,0.024945294484496117,0.003391081467270851
952905600.0,0.4099057912826538,0.5780732035636902,0.01202099584043026
952905600.0,0.895423173904419,0.09447004646062851,0.010106867179274559
952905600.0,0.9043594598770142,0.08938455581665039,0.006255985703319311
952905600.0,0.9542238712310791,0.03942854702472687,0.006347644608467817
952905600.0,0.242074653506279,0.656832754611969,0.10109260678291321
952905600.0,0.943104088306427,0.052413471043109894,0.0044824169017374516
952905600.0,0.2251621037721634,0.7452026605606079,0.02963518723845482
952905600.0,0.9209679365158081,0.0727345272898674,0.006297530606389046
952905600.0,0.6025958061218262,0.3664399981498718,0.030964205041527748
952905600.0,0.29535040259361267,0.6667037606239319,0.037945814430713654
952905600.0,0.9466548562049866,0.04729052633047104,0.006054671481251717
952905600.0,0.0907554030418396,0.9009569883346558,0.008287617936730385
952905600.0,0.010643881745636463,0.965842068195343,0.023514000698924065
952905600.0,0.6920090317726135,0.3003217875957489,0.007669204380363226
952905600.0,0.38801220059394836,0.5984113216400146,0.013576522469520569
952905600.0,0.6666412949562073,0.3189338147640228,0.014424920082092285
952905600.0,0.49534258246421814,0.47827839851379395,0.026379002258181572
952905600.0,0.6789335012435913,0.31090474128723145,0.010161809623241425
952905600.0,0.3756047487258911,0.6151647567749023,0.009230498224496841
952905600.0,0.6441521644592285,0.3013971745967865,0.054450731724500656
952905600.0,0.1309533715248108,0.5722450613975525,0.2968015968799591
952905600.0,0.7607923150062561,0.22921012341976166,0.00999760814011097
952905600.0,0.4752352833747864,0.475014865398407,0.04974977672100067
952905600.0,0.4088180959224701,0.5775018334388733,0.01368007529526949
952905600.0,0.6285717487335205,0.3504813611507416,0.020946936681866646
952905600.0,0.9746271371841431,0.022169550880789757,0.003203299827873707
952905600.0,0.615392804145813,0.3088534474372864,0.07575375586748123
952905600.0,0.20120428502559662,0.6797651648521423,0.11903048306703568
952905600.0,0.5936012864112854,0.39404481649398804,0.01235385611653328
952905600.0,0.13317647576332092,0.7295602560043335,0.1372632086277008
952905600.0,0.8809394240379333,0.1112009659409523,0.007859610952436924
952905600.0,0.15906943380832672,0.8321325182914734,0.008798034861683846
952905600.0,0.3866918385028839,0.5275275707244873,0.08578064292669296
952905600.0,0.4779907166957855,0.37564218044281006,0.1463671326637268
952905600.0,0.17683395743370056,0.753166675567627,0.06999938189983368
952905600.0,0.26606330275535583,0.7106409072875977,0.023295750841498375
952905600.0,0.012733018025755882,0.961421012878418,0.025846058502793312
952905600.0,0.11215020716190338,0.7941310405731201,0.09371870756149292
952905600.0,0.5144721269607544,0.4616425037384033,0.023885373026132584
952905600.0,0.27572542428970337,0.6951151490211487,0.029159393161535263
952905600.0,0.9764590263366699,0.020389966666698456,0.0031510398257523775
952905600.0,0.7992449998855591,0.18428999185562134,0.016465021297335625
952905600.0,0.8722121119499207,0.10997947305440903,0.017808493226766586
952905600.0,0.8476572036743164,0.1362587809562683,0.01608397625386715
952905600.0,0.060024444013834,0.9156944155693054,0.02428114041686058
952905600.0,0.626579761505127,0.3320733904838562,0.04134688898921013
952905600.0,0.7242324352264404,0.26037827134132385,0.015389321371912956
952905600.0,0.5512794256210327,0.4357490539550781,0.012971567921340466
952905600.0,0.6137998700141907,0.33737605810165405,0.048824045807123184
952905600.0,0.809749960899353,0.17256538569927216,0.017684655264019966
952905600.0,0.9043053984642029,0.08652061223983765,0.009174009785056114
952905600.0,0.6496832966804504,0.27739062905311584,0.07292606681585312
952905600.0,0.537911057472229,0.44848543405532837,0.013603507541120052
952905600.0,0.23502489924430847,0.7411156296730042,0.023859377950429916
952905600.0,0.6444737315177917,0.33530643582344055,0.020219843834638596
952905600.0,0.4902470111846924,0.48782387375831604,0.021929128095507622
952905600.0,0.27023956179618835,0.652522623538971,0.07723771035671234
952905600.0,0.7773621082305908,0.20124267041683197,0.02139519527554512
952905600.0,0.44038987159729004,0.5430495142936707,0.01656058244407177
952905600.0,0.9638731479644775,0.03259902447462082,0.003527821507304907
952905600.0,0.8814175128936768,0.10805021226406097,0.010532297194004059
952905600.0,0.10786446183919907,0.8654643893241882,0.026671120896935463
952905600.0,0.5483113527297974,0.442038357257843,0.009650279767811298
952905600.0,0.7898839712142944,0.18705326318740845,0.023062776774168015
952905600.0,0.06160840019583702,0.8490862846374512,0.08930525928735733
952905600.0,0.8909718990325928,0.10209967941045761,0.006928431335836649
952905600.0,0.24281485378742218,0.49662333726882935,0.2605617046356201
952905600.0,0.6864562630653381,0.29614800214767456,0.017395779490470886
952905600.0,0.28254541754722595,0.697306215763092,0.02014833688735962
952905600.0,0.8895034193992615,0.09738965332508087,0.01310695055872202
952905600.0,0.5670429468154907,0.4147584140300751,0.01819862611591816
952905600.0,0.5826201438903809,0.35724949836730957,0.06013038754463196
952905600.0,0.045836374163627625,0.6040287017822266,0.35013487935066223
952905600.0,0.14197954535484314,0.8378573060035706,0.020163115113973618
952905600.0,0.7660351395606995,0.22346998751163483,0.010494840331375599
952905600.0,0.9826794862747192,0.014253925532102585,0.003066577250137925
952905600.0,0.9453891515731812,0.04912464693188667,0.0054862420074641705
952905600.0,0.4375249445438385,0.5448143482208252,0.017660662531852722
952905600.0,0.980448305606842,0.016658028587698936,0.0028936564922332764
952905600.0,0.5139265060424805,0.4723113477230072,0.013762170448899269
952905600.0,0.936637818813324,0.05682901293039322,0.0065331910736858845
952905600.0,0.897287130355835,0.09681230038404465,0.005900573451071978
952905600.0,0.9541048407554626,0.0405498668551445,0.0053453706204891205
952905600.0,0.977899432182312,0.019346341490745544,0.0027541571762412786
952905600.0,0.9781067371368408,0.018489014357328415,0.003404201939702034
952905600.0,0.7435381412506104,0.2431219518184662,0.013339920900762081
952905600.0,0.6570373177528381,0.31912267208099365,0.023840006440877914
952905600.0,0.892605185508728,0.09216608852148056,0.01522868126630783
952905600.0,0.8711009621620178,0.11656805127859116,0.012331007979810238
952905600.0,0.09194053709506989,0.9011529088020325,0.006906493101269007
952905600.0,0.909259021282196,0.0838659256696701,0.006875101011246443
952905600.0,0.5411909222602844,0.43794044852256775,0.020868608728051186
952905600.0,0.34639883041381836,0.5904971957206726,0.06310402601957321
952905600.0,0.07855146378278732,0.7887271642684937,0.132721409201622
952905600.0,0.9508338570594788,0.04170417785644531,0.007461962755769491
952905600.0,0.7931244373321533,0.19550000131130219,0.011375623755156994
952905600.0,0.46019062399864197,0.4536050260066986,0.08620437979698181
952905600.0,0.8228321075439453,0.1608089953660965,0.016358952969312668
952905600.0,0.28009286522865295,0.6519312262535095,0.0679759532213211
952905600.0,0.9056383371353149,0.08307826519012451,0.011283406056463718
952905600.0,0.02071334980428219,0.7116677761077881,0.26761892437934875
952905600.0,0.3237074911594391,0.5676530003547668,0.10863947123289108
952905600.0,0.24490991234779358,0.47621849179267883,0.2788715064525604
952905600.0,0.24173125624656677,0.6138081550598145,0.14446058869361877
952905600.0,0.03628496453166008,0.9403640627861023,0.023350907489657402
952905600.0,0.9814459681510925,0.014537603594362736,0.00401643430814147
952905600.0,0.8192282319068909,0.17447242140769958,0.006299345288425684
952905600.0,0.08465233445167542,0.906752347946167,0.008595345541834831
952905600.0,0.6521098017692566,0.32303768396377563,0.02485250122845173
952905600.0,0.1841854453086853,0.6845468282699585,0.1312677264213562
952905600.0,0.9096997380256653,0.08235403895378113,0.007946135476231575
952905600.0,0.9301499128341675,0.06185299903154373,0.007997055537998676
952905600.0,0.5897428393363953,0.3997805416584015,0.010476699098944664
952905600.0,0.3422183394432068,0.5630900263786316,0.0946916863322258
952905600.0,0.21551987528800964,0.7059944868087769,0.07848558574914932
952905600.0,0.94831383228302,0.047659214586019516,0.00402688467875123
952905600.0,0.0569804348051548,0.6997945308685303,0.2432250678539276
952905600.0,0.7171470522880554,0.2719278037548065,0.010925199836492538
952905600.0,0.07256143540143967,0.6096552014350891,0.3177833557128906
952905600.0,0.7813580632209778,0.2070036381483078,0.011638276278972626
952905600.0,0.682500958442688,0.3098379969596863,0.00766108138486743
952905600.0,0.8367117643356323,0.15030406415462494,0.012984178029000759
952905600.0,0.44472166895866394,0.5344897508621216,0.02078857272863388
952905600.0,0.10505592077970505,0.6450878977775574,0.24985621869564056
952905600.0,0.982268214225769,0.014208367094397545,0.003523441031575203
952905600.0,0.25729042291641235,0.6969613432884216,0.04574820026755333
952905600.0,0.9698613286018372,0.02480189874768257,0.005336788948625326
952905600.0,0.7544463872909546,0.22224411368370056,0.023309476673603058
952905600.0,0.5255476236343384,0.45471131801605225,0.019740983843803406
952905600.0,0.9842678904533386,0.01218841876834631,0.003543772967532277
952905600.0,0.7534797191619873,0.2293234020471573,0.017196856439113617
952905600.0,0.7804054021835327,0.19515398144721985,0.024440614506602287
952905600.0,0.5639077425003052,0.42012539505958557,0.015966858714818954
952905600.0,0.10215917974710464,0.5812493562698364,0.3165915310382843
952905600.0,0.8362923860549927,0.1381223052740097,0.02558533474802971
952905600.0,0.23913751542568207,0.6072878241539001,0.15357466042041779
952905600.0,0.07616495341062546,0.826209306716919,0.09762579947710037
952905600.0,0.015308180823922157,0.9793294668197632,0.005362317431718111
952905600.0,0.3649866282939911,0.5652316808700562,0.06978162378072739
952905600.0,0.6505095958709717,0.31663671135902405,0.03285367041826248
952905600.0,0.4035602807998657,0.46547505259513855,0.1309647113084793
952905600.0,0.6343246102333069,0.3430021107196808,0.022673264145851135
952905600.0,0.8964124321937561,0.09786726534366608,0.005720250774174929
952905600.0,0.8986285924911499,0.08695431053638458,0.014417084865272045
952905600.0,0.7677153944969177,0.22196470201015472,0.010319896973669529
952905600.0,0.14112895727157593,0.8384883403778076,0.02038276195526123
952905600.0,0.9816774725914001,0.015321525745093822,0.0030009362380951643
952905600.0,0.06273306161165237,0.4453171491622925,0.49194979667663574
952905600.0,0.9375995993614197,0.05809374153614044,0.0043066260404884815
952905600.0,0.06368545442819595,0.3592125177383423,0.5771020650863647
952905600.0,0.3954765200614929,0.5943517684936523,0.01017171423882246
952905600.0,0.887230396270752,0.10215608030557632,0.010613491758704185
952905600.0,0.9410783648490906,0.05223666504025459,0.0066850315779447556
952905600.0,0.06349259614944458,0.9234705567359924,0.01303688995540142
952905600.0,0.5370765924453735,0.4199760854244232,0.04294730722904205
952905600.0,0.06945131719112396,0.8362544178962708,0.0942942425608635
952905600.0,0.05344509705901146,0.8326928019523621,0.11386212706565857
952905600.0,0.9759796857833862,0.020002096891403198,0.004018288571387529
952905600.0,0.8171151876449585,0.17362676560878754,0.009258097968995571
952905600.0,0.9853579998016357,0.01075971219688654,0.003882248420268297
952905600.0,0.9564028978347778,0.0368720181286335,0.00672511151060462
952905600.0,0.9447916150093079,0.04949430748820305,0.005714111030101776
952905600.0,0.3464217782020569,0.5805310606956482,0.07304716855287552
952905600.0,0.7056508660316467,0.27707353234291077,0.017275622114539146
952905600.0,0.3340899348258972,0.6381840109825134,0.02772608771920204
952905600.0,0.9394314289093018,0.054037678986787796,0.006530888378620148
952905600.0,0.37219366431236267,0.6129081845283508,0.01489814929664135
952905600.0,0.1735510230064392,0.6225497126579285,0.2038992941379547
952905600.0,0.9519267678260803,0.0426761694252491,0.005397050175815821
952905600.0,0.1275930255651474,0.7530812621116638,0.11932571232318878
952905600.0,0.9558724164962769,0.039325375109910965,0.0048022218979895115
952905600.0,0.17026855051517487,0.8232977390289307,0.0064336638897657394
952905600.0,0.5586344599723816,0.3950815498828888,0.046284019947052
952905600.0,0.9175646305084229,0.07430627942085266,0.008129055611789227
952905600.0,0.010405400767922401,0.9545072913169861,0.03508727625012398
952905600.0,0.7713061571121216,0.21687743067741394,0.011816384270787239
952905600.0,0.3668258488178253,0.502907931804657,0.1302662342786789
952905600.0,0.7981066703796387,0.19334781169891357,0.008545507676899433
952905600.0,0.9759953618049622,0.020571677014231682,0.003432942321524024
952905600.0,0.44428616762161255,0.5295175313949585,0.026196299120783806
952905600.0,0.84592205286026,0.14290651679039001,0.011171438731253147
952905600.0,0.9111762046813965,0.07951080054044724,0.009313072077929974
952905600.0,0.9248082041740417,0.06850048899650574,0.006691226735711098
952905600.0,0.7809540033340454,0.21023225784301758,0.008813765831291676
952905600.0,0.8448541760444641,0.14497098326683044,0.010174755938351154
952905600.0,0.593399167060852,0.3854920566082001,0.02110876329243183
952905600.0,0.8361065983772278,0.15479032695293427,0.009103095158934593
952905600.0,0.05499324947595596,0.933327317237854,0.011679425835609436
952905600.0,0.10741966217756271,0.8664211630821228,0.02615920640528202
952905600.0,0.9724034070968628,0.023925842717289925,0.0036708142142742872
952905600.0,0.9034157991409302,0.090689517557621,0.005894581787288189
952905600.0,0.6146767735481262,0.3497113287448883,0.03561187908053398
952905600.0,0.05496375262737274,0.9339138865470886,0.011122318916022778
952905600.0,0.4122598171234131,0.5169371962547302,0.0708029717206955
952905600.0,0.1819124072790146,0.8016733527183533,0.016414323821663857
952905600.0,0.6016861796379089,0.33668220043182373,0.06163164973258972
952905600.0,0.9628174901008606,0.03265998139977455,0.004522535018622875
952905600.0,0.3698606789112091,0.6124718189239502,0.017667552456259727
952905600.0,0.14111043512821198,0.8221696615219116,0.03671979904174805
952905600.0,0.6127765774726868,0.37021374702453613,0.017009660601615906
952905600.0,0.973907470703125,0.02282034046947956,0.0032720942981541157
952905600.0,0.4418124854564667,0.5515352487564087,0.006652232725173235
952905600.0,0.5266478061676025,0.39614495635032654,0.07720725238323212
952905600.0,0.9796544909477234,0.016323260962963104,0.0040222960524261
952905600.0,0.01760246604681015,0.969484269618988,0.012913323007524014
952905600.0,0.9412664771080017,0.05257193371653557,0.006161677185446024
952905600.0,0.918762743473053,0.07353085279464722,0.007706388831138611
952905600.0,0.8509055376052856,0.1395096629858017,0.009584791027009487
952905600.0,0.5058740377426147,0.48604434728622437,0.008081657811999321
952905600.0,0.9791290760040283,0.01734079420566559,0.00353010231629014
952905600.0,0.1034221351146698,0.8604623675346375,0.03611546382308006
952905600.0,0.41975197196006775,0.49924784898757935,0.08100022375583649
952905600.0,0.13973510265350342,0.8385412096977234,0.021723667159676552
952905600.0,0.7642847299575806,0.2009337991476059,0.03478144481778145
952905600.0,0.9446998834609985,0.048235196620225906,0.007064908742904663
952905600.0,0.06599840521812439,0.7797536849975586,0.1542479246854782
952905600.0,0.9838264584541321,0.011700141243636608,0.004473501350730658
952905600.0,0.4886641502380371,0.4583725929260254,0.0529632493853569
952905600.0,0.7387601733207703,0.24497069418430328,0.01626904495060444
952905600.0,0.9646096229553223,0.030380168929696083,0.005010207183659077
952905600.0,0.16061334311962128,0.720452070236206,0.11893457174301147
952905600.0,0.3845662772655487,0.5388364791870117,0.07659722119569778
952905600.0,0.23314699530601501,0.7485718131065369,0.018281197175383568
952905600.0,0.8544955253601074,0.13047908246517181,0.015025429427623749
952905600.0,0.869350016117096,0.11081381887197495,0.0198361873626709
952905600.0,0.4911922514438629,0.39911818504333496,0.10968952625989914
952905600.0,0.8881513476371765,0.10496243834495544,0.006886306218802929
952905600.0,0.9248193502426147,0.06773864477872849,0.007441996596753597
952905600.0,0.40392282605171204,0.5702510476112366,0.02582613192498684
952905600.0,0.7144551873207092,0.2682682275772095,0.01727655529975891
952905600.0,0.4310131072998047,0.5613177418708801,0.007669143378734589
952905600.0,0.8485996723175049,0.14581406116485596,0.005586279556155205
952905600.0,0.8410223126411438,0.14605394005775452,0.012923750095069408
952905600.0,0.010779366828501225,0.935819685459137,0.05340099707245827
952905600.0,0.5058291554450989,0.4639988839626312,0.030171984806656837
952905600.0,0.9684228897094727,0.027632594108581543,0.003944489639252424
952905600.0,0.9471293091773987,0.04397732391953468,0.00889334175735712
952905600.0,0.92251056432724,0.06754499673843384,0.009944475255906582
952905600.0,0.16215366125106812,0.5296921730041504,0.3081541657447815
952905600.0,0.31206339597702026,0.42804768681526184,0.2598889470100403
952905600.0,0.9457930326461792,0.048761676996946335,0.005445375107228756
952905600.0,0.5012468099594116,0.45322343707084656,0.04552970454096794
952905600.0,0.9153912663459778,0.0772828683257103,0.007325868122279644
952905600.0,0.9703686237335205,0.025151696056127548,0.004479655064642429
952905600.0,0.42822760343551636,0.5235757827758789,0.04819658398628235
952905600.0,0.7035540342330933,0.2457909733057022,0.050654999911785126
952905600.0,0.7444322109222412,0.23736804723739624,0.01819976419210434
952905600.0,0.6594766974449158,0.3135736286640167,0.026949726045131683
952905600.0,0.8099401593208313,0.1566648930311203,0.03339499607682228
952905600.0,0.6244802474975586,0.3624621331691742,0.013057589530944824
952905600.0,0.8291966915130615,0.1525869220495224,0.018216388300061226
952905600.0,0.21368646621704102,0.7404579520225525,0.045855678617954254
952905600.0,0.9365870952606201,0.05107453465461731,0.01233834307640791
952905600.0,0.26361289620399475,0.7240536212921143,0.012333491817116737
952905600.0,0.07522653043270111,0.6167235970497131,0.3080499470233917
952905600.0,0.3062097728252411,0.6749460101127625,0.01884416490793228
952905600.0,0.7710134387016296,0.2094024419784546,0.019584087654948235
952905600.0,0.22823743522167206,0.705422043800354,0.06634053587913513
952905600.0,0.7664491534233093,0.19418621063232422,0.03936465457081795
952905600.0,0.9735816121101379,0.022662505507469177,0.0037559010088443756
952905600.0,0.10260685533285141,0.6287446618080139,0.2686484754085541
952905600.0,0.7311816811561584,0.24549174308776855,0.023326637223362923
952905600.0,0.9094330668449402,0.07816930115222931,0.012397663667798042
952905600.0,0.34857141971588135,0.6415965557098389,0.009832059033215046
952905600.0,0.3897382915019989,0.4756975769996643,0.1345641314983368
952905600.0,0.18660348653793335,0.7119640707969666,0.10143241286277771
952905600.0,0.9818353652954102,0.014503979124128819,0.003660630201920867
952905600.0,0.6704013347625732,0.3228376507759094,0.006760976277291775
952905600.0,0.9632017612457275,0.03314364701509476,0.0036546150222420692
952905600.0,0.6875959634780884,0.29506993293762207,0.01733415201306343
952905600.0,0.059000708162784576,0.7538274526596069,0.1871718466281891
952905600.0,0.07624038308858871,0.9038262963294983,0.01993325911462307
952905600.0,0.6108973026275635,0.3591618537902832,0.029940864071249962
952905600.0,0.9566673040390015,0.03781924396753311,0.005513428710401058
952905600.0,0.526222288608551,0.4121949076652527,0.06158286705613136
952905600.0,0.09795929491519928,0.4537048935890198,0.4483358561992645
952905600.0,0.6023125648498535,0.36093488335609436,0.036752618849277496
952905600.0,0.7162935733795166,0.26520848274230957,0.018497958779335022
952905600.0,0.7438376545906067,0.2464570552110672,0.00970539916306734
952905600.0,0.5810257792472839,0.36034759879112244,0.05862665921449661
952905600.0,0.4811563491821289,0.49181291460990906,0.027030780911445618
952905600.0,0.9221190214157104,0.07103419303894043,0.006846805568784475
952905600.0,0.28062009811401367,0.7086320519447327,0.010747857391834259
952905600.0,0.8655830025672913,0.11111713200807571,0.023299871012568474
952905600.0,0.035166144371032715,0.940773606300354,0.024060318246483803
952905600.0,0.03603712096810341,0.2821795642375946,0.6817833781242371
952905600.0,0.2649725079536438,0.7101101279258728,0.024917390197515488
952905600.0,0.5796650052070618,0.3805326223373413,0.0398024246096611
952905600.0,0.4050280451774597,0.5744315385818481,0.020540473982691765
952905600.0,0.3704385757446289,0.6123364567756653,0.017225004732608795
952905600.0,0.21312829852104187,0.745498776435852,0.04137292504310608
952905600.0,0.31611233949661255,0.6556668281555176,0.028220882639288902
952905600.0,0.41044968366622925,0.537886381149292,0.051663968712091446
952905600.0,0.21280035376548767,0.743415355682373,0.04378436878323555
952905600.0,0.7001415491104126,0.2758624851703644,0.02399599179625511
952905600.0,0.14556340873241425,0.7047972679138184,0.14963924884796143
952905600.0,0.12166993319988251,0.8228050470352173,0.0555250346660614
952905600.0,0.08076728880405426,0.22464291751384735,0.6945897936820984
952905600.0,0.6688574552536011,0.32417985796928406,0.006962701678276062
952905600.0,0.9106923937797546,0.0822947695851326,0.007012831512838602
952905600.0,0.6320666670799255,0.35000109672546387,0.01793229579925537
952905600.0,0.9624513983726501,0.033548127859830856,0.004000521264970303
952905600.0,0.6002458333969116,0.3592781722545624,0.0404759906232357
952905600.0,0.31647515296936035,0.6414645314216614,0.04206034541130066
952905600.0,0.6630727648735046,0.2986847162246704,0.038242489099502563
952905600.0,0.35681143403053284,0.49302735924720764,0.15016116201877594
952905600.0,0.9294213056564331,0.06535110622644424,0.005227565765380859
952905600.0,0.5623924136161804,0.4060562551021576,0.0315513052046299
952905600.0,0.19268347322940826,0.7985963821411133,0.008720130659639835
952905600.0,0.8130186200141907,0.17470596730709076,0.01227544154971838
952905600.0,0.9066569805145264,0.08397181332111359,0.00937125738710165
952905600.0,0.2425347864627838,0.7511756420135498,0.006289650686085224
952905600.0,0.9707801938056946,0.02418304979801178,0.005036778282374144
952905600.0,0.2731250822544098,0.4981597661972046,0.22871516644954681
952905600.0,0.8213425278663635,0.16907942295074463,0.009578060358762741
952905600.0,0.6791273951530457,0.30565130710601807,0.015221276320517063
952905600.0,0.45393016934394836,0.43169957399368286,0.114370197057724
952905600.0,0.8140150904655457,0.17720450460910797,0.008780399337410927
952905600.0,0.1833968460559845,0.7757598757743835,0.040843233466148376
952905600.0,0.7363868355751038,0.2336316853761673,0.029981466010212898
952905600.0,0.2053956836462021,0.7789517641067505,0.015652522444725037
952905600.0,0.9160438179969788,0.07961272448301315,0.004343448206782341
952905600.0,0.44990435242652893,0.429202139377594,0.12089352309703827
952905600.0,0.4164702296257019,0.5639776587486267,0.019552115350961685
952905600.0,0.9678358435630798,0.027845758944749832,0.004318328108638525
952905600.0,0.5722326040267944,0.38231587409973145,0.045451465994119644
952905600.0,0.08473929017782211,0.6025086045265198,0.3127520978450775
952905600.0,0.9121612310409546,0.07901245355606079,0.008826230652630329
952905600.0,0.018495364114642143,0.9680694341659546,0.013435224071145058
952905600.0,0.9399247169494629,0.053057961165905,0.007017288822680712
952905600.0,0.8819943070411682,0.10438781976699829,0.013617852702736855
952905600.0,0.12646672129631042,0.5936499834060669,0.2798832952976227
952905600.0,0.14252188801765442,0.7497056722640991,0.10777245461940765
952905600.0,0.8230475187301636,0.16215410828590393,0.014798425137996674
952905600.0,0.9129616022109985,0.07791522145271301,0.009123187512159348
952905600.0,0.7973034977912903,0.18670377135276794,0.01599275693297386
952905600.0,0.5725439786911011,0.41609621047973633,0.011359803378582
952905600.0,0.8880655765533447,0.10472571849822998,0.007208659779280424
952905600.0,0.5101459622383118,0.4462762176990509,0.04357784241437912
952905600.0,0.2807832956314087,0.6932922005653381,0.02592451497912407
952905600.0,0.9607205390930176,0.03286178410053253,0.006417709868401289
952905600.0,0.8267391324043274,0.1671278327703476,0.006132996641099453
952905600.0,0.09426836669445038,0.8889673352241516,0.016764314845204353
952905600.0,0.653031051158905,0.3214440941810608,0.025524914264678955
952905600.0,0.38678431510925293,0.5701801776885986,0.04303556680679321
952905600.0,0.16558854281902313,0.6141310930252075,0.22028027474880219
952905600.0,0.9272010922431946,0.06329728662967682,0.009501603431999683
952905600.0,0.8190557956695557,0.16660818457603455,0.014336024411022663
952905600.0,0.04033118113875389,0.9329434037208557,0.026725439354777336
952905600.0,0.0692058578133583,0.8418207168579102,0.08897347003221512
952905600.0,0.1269802302122116,0.8574432134628296,0.0155766187235713
952905600.0,0.09143060445785522,0.8314148187637329,0.07715462893247604
952905600.0,0.8915243148803711,0.09911861270666122,0.009356995113193989
952905600.0,0.11041375994682312,0.7866225838661194,0.1029636338353157
952905600.0,0.3271334171295166,0.6595752835273743,0.013291251845657825
952905600.0,0.9417934417724609,0.05247683450579643,0.0057297819294035435
952905600.0,0.9047592878341675,0.08729495853185654,0.00794568657875061
952905600.0,0.014180133119225502,0.9302574992179871,0.05556238442659378
952905600.0,0.45128053426742554,0.4715241491794586,0.07719530910253525
952905600.0,0.7804368734359741,0.18209268152713776,0.037470459938049316
952905600.0,0.7609685659408569,0.2319243848323822,0.007107009645551443
952905600.0,0.5379475951194763,0.44747257232666016,0.014579839073121548
952905600.0,0.4331475794315338,0.5296473503112793,0.03720510005950928
952905600.0,0.7418303489685059,0.2463972568511963,0.011772370897233486
952905600.0,0.1269998550415039,0.8534718155860901,0.01952829770743847
952905600.0,0.9279493093490601,0.06721062958240509,0.0048400964587926865
952905600.0,0.9443003535270691,0.049411553889513016,0.006288152653723955
952905600.0,0.7641295194625854,0.195333793759346,0.04053666070103645
952905600.0,0.06146693602204323,0.9144881367683411,0.024044901132583618
952905600.0,0.8206064105033875,0.16154056787490845,0.01785302720963955
952905600.0,0.7228690385818481,0.24344085156917572,0.03369015082716942
952905600.0,0.8799527287483215,0.10959698259830475,0.01045028492808342
952905600.0,0.8866629004478455,0.10417810082435608,0.009159033186733723
952905600.0,0.012414945289492607,0.9610995054244995,0.026485567912459373
952905600.0,0.01864805445075035,0.8832451701164246,0.09810667484998703
952905600.0,0.5768541097640991,0.4060630202293396,0.017082901671528816
952905600.0,0.9744349122047424,0.022143222391605377,0.0034218733198940754
952905600.0,0.8180859684944153,0.1716853380203247,0.010228648781776428
952905600.0,0.7068378329277039,0.27425581216812134,0.018906401470303535
952905600.0,0.026866409927606583,0.2600885331630707,0.713045060634613
952905600.0,0.8431483507156372,0.14410415291786194,0.012747438624501228
952905600.0,0.1125529408454895,0.8667519092559814,0.020695112645626068
952905600.0,0.05167157202959061,0.9373262524604797,0.01100211963057518
952905600.0,0.05056862533092499,0.9380238056182861,0.01140756905078888
952905600.0,0.11156976968050003,0.8642277121543884,0.02420249953866005
952992000.0,0.775854766368866,0.2114693820476532,0.012675805948674679
952992000.0,0.2158588021993637,0.7154955863952637,0.06864564120769501
952992000.0,0.9221693873405457,0.07270372658967972,0.005126877687871456
952992000.0,0.4518941044807434,0.4681800305843353,0.07992582768201828
952992000.0,0.7139231562614441,0.2702794671058655,0.01579734869301319
952992000.0,0.45488405227661133,0.5164599418640137,0.02865600772202015
952992000.0,0.5516799688339233,0.4416405260562897,0.0066794538870453835
952992000.0,0.11133265495300293,0.5561130046844482,0.33255425095558167
952992000.0,0.980498731136322,0.016273776069283485,0.0032275740522891283
952992000.0,0.9594297409057617,0.03625396266579628,0.004316301550716162
952992000.0,0.96062171459198,0.03483492136001587,0.004543440882116556
952992000.0,0.7474444508552551,0.2226995825767517,0.02985592745244503
952992000.0,0.9436925649642944,0.050036147236824036,0.006271228194236755
952992000.0,0.7716464996337891,0.21696197986602783,0.01139150932431221
952992000.0,0.9180418252944946,0.0746738612651825,0.00728436978533864
952992000.0,0.45996180176734924,0.5012052655220032,0.03883286193013191
952992000.0,0.14067579805850983,0.4739985466003418,0.3853255808353424
952992000.0,0.03457101061940193,0.19529935717582703,0.7701296806335449
952992000.0,0.46737340092658997,0.47751709818840027,0.055109456181526184
952992000.0,0.029032686725258827,0.9196849465370178,0.05128247290849686
952992000.0,0.4324800372123718,0.5211167931556702,0.046403106302022934
952992000.0,0.6089452505111694,0.37910687923431396,0.011947916820645332
952992000.0,0.9100560545921326,0.08494686335325241,0.004997121170163155
952992000.0,0.6657111644744873,0.3149029612541199,0.01938578300178051
952992000.0,0.3172687590122223,0.5241096615791321,0.15862150490283966
952992000.0,0.6608701348304749,0.3175189793109894,0.02161085605621338
952992000.0,0.18686099350452423,0.6622467041015625,0.15089236199855804
952992000.0,0.7698430418968201,0.20719504356384277,0.02296196110546589
952992000.0,0.8859569430351257,0.10784986615180969,0.006193185690790415
952992000.0,0.5044546127319336,0.435497909784317,0.060047488659620285
952992000.0,0.6129209399223328,0.3283993899822235,0.05867968127131462
952992000.0,0.021954301744699478,0.2598581314086914,0.7181875705718994
952992000.0,0.9492440223693848,0.04673095420002937,0.004025105386972427
952992000.0,0.6810336112976074,0.28714221715927124,0.031824275851249695
952992000.0,0.9726004600524902,0.023320449516177177,0.004079149570316076
952992000.0,0.5063881278038025,0.3834313154220581,0.11018059402704239
952992000.0,0.23118475079536438,0.6063855290412903,0.1624297946691513
952992000.0,0.3232913911342621,0.6112865805625916,0.06542211771011353
952992000.0,0.7073081135749817,0.26262322068214417,0.03006865084171295
952992000.0,0.2261728048324585,0.738927960395813,0.034899257123470306
952992000.0,0.05681898072361946,0.4139612019062042,0.5292198657989502
952992000.0,0.2543735206127167,0.6553036570549011,0.09032274782657623
952992000.0,0.049923237413167953,0.9404996633529663,0.009577112272381783
952992000.0,0.0067853801883757114,0.9844267964363098,0.008787846192717552
952992000.0,0.6516817808151245,0.3326979875564575,0.0156202781945467
952992000.0,0.11553964763879776,0.6562161445617676,0.22824420034885406
952992000.0,0.9258893132209778,0.06508161127567291,0.009029122069478035
952992000.0,0.11497460305690765,0.8694638609886169,0.015561497770249844
952992000.0,0.932380735874176,0.06179649382829666,0.005822776351124048
952992000.0,0.19530339539051056,0.7238479256629944,0.08084870129823685
952992000.0,0.10460539907217026,0.4779336750507355,0.4174608588218689
952992000.0,0.14417600631713867,0.8348483443260193,0.020975615829229355
952992000.0,0.3664822578430176,0.5687527060508728,0.06476504355669022
952992000.0,0.8226739764213562,0.16558867692947388,0.011737354099750519
952992000.0,0.9360890984535217,0.05821762606501579,0.005693255458027124
952992000.0,0.8305034637451172,0.1624530404806137,0.007043498568236828
952992000.0,0.1982634961605072,0.7205438017845154,0.08119263499975204
952992000.0,0.4481814205646515,0.4001632332801819,0.15165533125400543
952992000.0,0.7588366270065308,0.2308788299560547,0.010284550487995148
952992000.0,0.6941114068031311,0.28396719694137573,0.021921465173363686
952992000.0,0.1975933313369751,0.7923629879951477,0.010043724440038204
952992000.0,0.9508559703826904,0.0407588854432106,0.00838509015738964
952992000.0,0.6786966323852539,0.29993653297424316,0.021366894245147705
952992000.0,0.760837197303772,0.23160067200660706,0.007562205195426941
952992000.0,0.13409201800823212,0.856910228729248,0.008997736498713493
952992000.0,0.06558431684970856,0.8882911801338196,0.04612445458769798
952992000.0,0.06542591005563736,0.8744329810142517,0.060141101479530334
952992000.0,0.9615776538848877,0.03412885218858719,0.004293499048799276
952992000.0,0.16260629892349243,0.8236649036407471,0.013728861697018147
952992000.0,0.18059080839157104,0.7816442251205444,0.037764955312013626
952992000.0,0.03604920208454132,0.2704795300960541,0.6934712529182434
952992000.0,0.8972694277763367,0.09122786670923233,0.01150267943739891
952992000.0,0.10293062031269073,0.8743003010749817,0.022769007831811905
952992000.0,0.2141684740781784,0.7528551816940308,0.03297644108533859
952992000.0,0.6418852806091309,0.3383117616176605,0.019802961498498917
952992000.0,0.8690264225006104,0.11908223479986191,0.011891352012753487
952992000.0,0.5016257762908936,0.47875189781188965,0.0196223221719265
952992000.0,0.5402922630310059,0.4326200485229492,0.02708767168223858
952992000.0,0.04563669487833977,0.9323265552520752,0.022036759182810783
952992000.0,0.1035429835319519,0.8137390613555908,0.0827179029583931
952992000.0,0.8339239954948425,0.1603039652109146,0.005772061180323362
952992000.0,0.7792758941650391,0.20715273916721344,0.01357139553874731
952992000.0,0.21320442855358124,0.7602005004882812,0.026594987139105797
952992000.0,0.9671086072921753,0.027982179075479507,0.004909197799861431
952992000.0,0.011421957053244114,0.9329026937484741,0.05567528307437897
952992000.0,0.3802672326564789,0.58113694190979,0.03859582543373108
952992000.0,0.07729721069335938,0.8985675573348999,0.024135200306773186
952992000.0,0.8669852018356323,0.11851215362548828,0.014502675272524357
952992000.0,0.9776566624641418,0.018333150073885918,0.004010217264294624
952992000.0,0.63624107837677,0.32615724205970764,0.03760160878300667
952992000.0,0.8923329710960388,0.09973764419555664,0.00792940054088831
952992000.0,0.6233127117156982,0.34565359354019165,0.031033694744110107
952992000.0,0.06177939847111702,0.2863127291202545,0.6519078612327576
952992000.0,0.5109602808952332,0.42171359062194824,0.0673261284828186
952992000.0,0.09156724065542221,0.8984103798866272,0.010022319853305817
952992000.0,0.8948010802268982,0.09491412341594696,0.01028472650796175
952992000.0,0.8323062062263489,0.1453123539686203,0.022381410002708435
952992000.0,0.8077734112739563,0.1771160215139389,0.015110602602362633
952992000.0,0.15964892506599426,0.8253244757652283,0.015026498585939407
952992000.0,0.8027088642120361,0.17983873188495636,0.017452368512749672
952992000.0,0.9173970222473145,0.076309934258461,0.006293053738772869
952992000.0,0.005756472237408161,0.9814143776893616,0.01282916683703661
952992000.0,0.6697198152542114,0.322678804397583,0.007601308636367321
952992000.0,0.5562624931335449,0.4301483929157257,0.013589141890406609
952992000.0,0.7734991312026978,0.21570350229740143,0.010797444730997086
952992000.0,0.211048424243927,0.7763761281967163,0.012575522996485233
952992000.0,0.9556053876876831,0.03796044737100601,0.006434125825762749
952992000.0,0.8926922678947449,0.09513441473245621,0.012173319235444069
952992000.0,0.08091149479150772,0.514156699180603,0.4049318730831146
952992000.0,0.8009744882583618,0.1921381950378418,0.0068873632699251175
952992000.0,0.9392502903938293,0.051336612552404404,0.009413069114089012
952992000.0,0.8576880097389221,0.13601095974445343,0.006301046349108219
952992000.0,0.4184384346008301,0.552701473236084,0.028860071673989296
952992000.0,0.2539656162261963,0.7357017397880554,0.010332700796425343
952992000.0,0.09521721303462982,0.594282329082489,0.31050044298171997
952992000.0,0.9727895855903625,0.021545570343732834,0.005664796102792025
952992000.0,0.0819244235754013,0.5869342088699341,0.3311413824558258
952992000.0,0.4747938811779022,0.5093851685523987,0.01582092046737671
952992000.0,0.7569519877433777,0.21657678484916687,0.026471175253391266
952992000.0,0.34187033772468567,0.5619301199913025,0.09619955718517303
952992000.0,0.7366093397140503,0.25210392475128174,0.011286713182926178
952992000.0,0.01015603356063366,0.980768620967865,0.009075297974050045
952992000.0,0.24504002928733826,0.6366109848022461,0.11834900826215744
952992000.0,0.48711097240448,0.45383691787719727,0.059052105993032455
952992000.0,0.5410084128379822,0.4257619380950928,0.03322964161634445
952992000.0,0.014071887359023094,0.979409396648407,0.006518768612295389
952992000.0,0.9462572336196899,0.04819940775632858,0.005543299484997988
952992000.0,0.49366143345832825,0.453786164522171,0.05255243927240372
952992000.0,0.8247295618057251,0.16750730574131012,0.007763185538351536
952992000.0,0.5334677696228027,0.43348684906959534,0.033045437186956406
952992000.0,0.8215137124061584,0.16990596055984497,0.008580286987125874
952992000.0,0.8958765268325806,0.09823024272918701,0.005893252789974213
952992000.0,0.3291335701942444,0.6401330232620239,0.03073335625231266
952992000.0,0.6820255517959595,0.3023257553577423,0.01564866304397583
952992000.0,0.6541132926940918,0.28388017416000366,0.06200650706887245
952992000.0,0.14067266881465912,0.8495185971260071,0.009808789007365704
952992000.0,0.7731500267982483,0.20802193880081177,0.018828103318810463
952992000.0,0.13579362630844116,0.6753348112106323,0.1888715773820877
952992000.0,0.9820181131362915,0.014197909273207188,0.0037838693242520094
952992000.0,0.9235130548477173,0.07057181000709534,0.0059150950983166695
952992000.0,0.5033595561981201,0.4400688111782074,0.05657164007425308
952992000.0,0.9630637764930725,0.03223145008087158,0.004704803228378296
952992000.0,0.3357500433921814,0.6147410869598389,0.04950884357094765
952992000.0,0.7779665589332581,0.20861788094043732,0.01341555267572403
952992000.0,0.1332278698682785,0.8287297487258911,0.0380423329770565
952992000.0,0.050729457288980484,0.9406442642211914,0.008626372553408146
952992000.0,0.44552212953567505,0.5278188586235046,0.026659028604626656
952992000.0,0.923760712146759,0.06962817907333374,0.00661112554371357
952992000.0,0.01771422103047371,0.4965786039829254,0.4857071340084076
952992000.0,0.5184590220451355,0.4335113763809204,0.048029616475105286
952992000.0,0.8562601804733276,0.13289837539196014,0.01084146834909916
952992000.0,0.18231205642223358,0.7264078855514526,0.0912800282239914
952992000.0,0.6347866654396057,0.3497730493545532,0.015440316870808601
952992000.0,0.5578451156616211,0.430375874042511,0.011779047548770905
952992000.0,0.6511139273643494,0.3284238278865814,0.020462237298488617
952992000.0,0.016699446365237236,0.8672639727592468,0.11603666096925735
952992000.0,0.5435889959335327,0.42540666460990906,0.03100438043475151
952992000.0,0.9429091215133667,0.04904637113213539,0.008044534362852573
952992000.0,0.4926430583000183,0.3748806118965149,0.1324763000011444
952992000.0,0.9729788303375244,0.022268546745181084,0.0047525702975690365
952992000.0,0.05470191687345505,0.893896222114563,0.05140192061662674
952992000.0,0.9573365449905396,0.036866381764411926,0.005797058343887329
952992000.0,0.9424218535423279,0.05240296572446823,0.005175209138542414
952992000.0,0.8148647546768188,0.1716950237751007,0.013440248556435108
952992000.0,0.6687137484550476,0.30611076951026917,0.025175487622618675
952992000.0,0.8977398872375488,0.09548666328191757,0.006773471366614103
952992000.0,0.24980001151561737,0.7334537506103516,0.01674620620906353
952992000.0,0.7347078323364258,0.2457241714000702,0.019568054005503654
952992000.0,0.8143219947814941,0.1709323525428772,0.014745648019015789
952992000.0,0.505791187286377,0.38669848442077637,0.1075102686882019
952992000.0,0.3735983073711395,0.6136664152145386,0.012735273689031601
952992000.0,0.4708041548728943,0.5084223747253418,0.020773492753505707
952992000.0,0.48386019468307495,0.4709538221359253,0.04518601670861244
952992000.0,0.26169371604919434,0.675592303276062,0.06271398812532425
952992000.0,0.3546411991119385,0.5436310172080994,0.10172784328460693
952992000.0,0.8054232001304626,0.17401298880577087,0.02056390978395939
952992000.0,0.8934052586555481,0.09545404464006424,0.011140657588839531
952992000.0,0.8239712119102478,0.16624313592910767,0.00978565588593483
952992000.0,0.09941280633211136,0.8903099298477173,0.01027719397097826
952992000.0,0.7607845664024353,0.23048308491706848,0.008732357993721962
952992000.0,0.8686385750770569,0.10798727720975876,0.023374129086732864
952992000.0,0.35346657037734985,0.5585973858833313,0.08793605864048004
952992000.0,0.4376732110977173,0.54547518491745,0.016851579770445824
952992000.0,0.2881264090538025,0.6403322815895081,0.07154133915901184
952992000.0,0.8031178712844849,0.18179795145988464,0.015084223821759224
952992000.0,0.9575189352035522,0.03729686886072159,0.0051842788234353065
952992000.0,0.3020772635936737,0.568242609500885,0.1296801120042801
952992000.0,0.0850905254483223,0.590505838394165,0.3244035840034485
952992000.0,0.8415910005569458,0.1462780088186264,0.012130940333008766
952992000.0,0.9841055274009705,0.012857929803431034,0.003036522539332509
952992000.0,0.7956240177154541,0.18879331648349762,0.015582557767629623
952992000.0,0.04641778767108917,0.9056368470191956,0.047945380210876465
952992000.0,0.9454946517944336,0.05018872022628784,0.00431662006303668
952992000.0,0.7277197241783142,0.24966393411159515,0.022616300731897354
952992000.0,0.07650476694107056,0.8312505483627319,0.0922447144985199
952992000.0,0.9149076342582703,0.07691366225481033,0.008178708143532276
952992000.0,0.87135910987854,0.12056530267000198,0.008075563237071037
952992000.0,0.04742530733346939,0.937677264213562,0.01489740889519453
952992000.0,0.40039828419685364,0.563522458076477,0.036079227924346924
952992000.0,0.916905403137207,0.0781097337603569,0.004984852392226458
952992000.0,0.9056130051612854,0.08643969893455505,0.007947331294417381
952992000.0,0.6649752855300903,0.2931150794029236,0.04190963879227638
952992000.0,0.9510350227355957,0.04316776618361473,0.005797271151095629
952992000.0,0.15449848771095276,0.7701966762542725,0.07530485093593597
952992000.0,0.3850129544734955,0.5358997583389282,0.07908724993467331
952992000.0,0.1086961179971695,0.8833463191986084,0.007957542315125465
952992000.0,0.01773684099316597,0.9724834561347961,0.009779720567166805
952992000.0,0.035970982164144516,0.9490084052085876,0.015020611695945263
952992000.0,0.056892767548561096,0.930597722530365,0.012509460560977459
952992000.0,0.348199725151062,0.5500905513763428,0.10170970112085342
952992000.0,0.9709963202476501,0.025231799110770226,0.003771859686821699
952992000.0,0.9683785438537598,0.028124473989009857,0.0034969577100127935
952992000.0,0.9650123119354248,0.029451996088027954,0.00553565938025713
952992000.0,0.29842859506607056,0.649543821811676,0.052027616649866104
952992000.0,0.09265390038490295,0.6329535841941833,0.2743925154209137
952992000.0,0.5804104208946228,0.4109661877155304,0.008623406291007996
952992000.0,0.8270952701568604,0.16573941707611084,0.007165302522480488
952992000.0,0.9246270060539246,0.06832461059093475,0.007048420142382383
952992000.0,0.4201095402240753,0.5564568638801575,0.023433594033122063
952992000.0,0.39443716406822205,0.5648089647293091,0.04075392708182335
952992000.0,0.017192887142300606,0.9192825555801392,0.0635245218873024
952992000.0,0.07935439050197601,0.8792927265167236,0.04135293513536453
952992000.0,0.2402622550725937,0.7286903262138367,0.031047452241182327
952992000.0,0.8667371273040771,0.12247169762849808,0.010791126638650894
952992000.0,0.5302019119262695,0.4510217308998108,0.018776310607790947
952992000.0,0.9252443909645081,0.06962989270687103,0.005125773139297962
952992000.0,0.07674121856689453,0.622717022895813,0.30054178833961487
952992000.0,0.9682729840278625,0.026716256514191628,0.005010673776268959
952992000.0,0.9829093217849731,0.013461939990520477,0.0036288341507315636
952992000.0,0.9300355315208435,0.06425712257623672,0.005707357078790665
952992000.0,0.7845989465713501,0.20033583045005798,0.015065228566527367
952992000.0,0.024239670485258102,0.9681578874588013,0.007602340076118708
952992000.0,0.6002615094184875,0.3918367624282837,0.007901816628873348
952992000.0,0.2834225296974182,0.7084575891494751,0.008119913749396801
952992000.0,0.026424245908856392,0.9576325416564941,0.0159432515501976
952992000.0,0.885044276714325,0.10560169816017151,0.009353993460536003
952992000.0,0.97517991065979,0.021435750648379326,0.003384309122338891
952992000.0,0.9158415198326111,0.07613736391067505,0.00802107248455286
952992000.0,0.48275139927864075,0.4981207847595215,0.01912776753306389
952992000.0,0.7032111287117004,0.2826707363128662,0.014118100516498089
952992000.0,0.12529653310775757,0.8597835302352905,0.014919993467628956
952992000.0,0.9609291553497314,0.034434814006090164,0.004635982681065798
952992000.0,0.3526135981082916,0.6303418278694153,0.017044616863131523
952992000.0,0.17159685492515564,0.5098371505737305,0.3185659945011139
952992000.0,0.6945780515670776,0.296570360660553,0.008851554244756699
952992000.0,0.1934942752122879,0.6380114555358887,0.16849422454833984
952992000.0,0.018352387472987175,0.9743446111679077,0.007303023710846901
952992000.0,0.8142659068107605,0.17015628516674042,0.015577889047563076
952992000.0,0.426993727684021,0.4660213887691498,0.10698489844799042
952992000.0,0.2649161219596863,0.6822922229766846,0.05279164761304855
952992000.0,0.18418683111667633,0.7890805006027222,0.026732714846730232
952992000.0,0.8791815638542175,0.11378384381532669,0.007034666370600462
952992000.0,0.12652146816253662,0.8284995555877686,0.04497890919446945
952992000.0,0.922062873840332,0.06903930753469467,0.008897806517779827
952992000.0,0.9362176060676575,0.05421522259712219,0.009567207656800747
952992000.0,0.07421806454658508,0.8607867360115051,0.06499513238668442
952992000.0,0.5475528240203857,0.4393658936023712,0.013081314973533154
952992000.0,0.8829664587974548,0.10667365044355392,0.01035985816270113
952992000.0,0.965149998664856,0.029772548004984856,0.005077472422271967
952992000.0,0.29941898584365845,0.4861651062965393,0.21441586315631866
952992000.0,0.9080594778060913,0.08678380399942398,0.005156760104000568
952992000.0,0.5253050327301025,0.4225383400917053,0.052156686782836914
952992000.0,0.40367066860198975,0.4071173667907715,0.18921199440956116
952992000.0,0.7845392227172852,0.1982845515012741,0.017176225781440735
952992000.0,0.4431787133216858,0.5038313269615173,0.05298995226621628
952992000.0,0.9388940334320068,0.052314117550849915,0.008791799657046795
952992000.0,0.03373751416802406,0.2987026572227478,0.667559802532196
952992000.0,0.23523227870464325,0.7188488245010376,0.04591881483793259
952992000.0,0.3678857088088989,0.5995274782180786,0.032586827874183655
952992000.0,0.9772406220436096,0.01797003112733364,0.0047893766313791275
952992000.0,0.2585051357746124,0.560744047164917,0.1807507872581482
952992000.0,0.8763566017150879,0.10537300258874893,0.018270397558808327
952992000.0,0.4781508147716522,0.45227229595184326,0.06957685202360153
952992000.0,0.6663979291915894,0.30404362082481384,0.029558414593338966
952992000.0,0.0772596001625061,0.49131590127944946,0.4314245283603668
952992000.0,0.9588011503219604,0.03667240962386131,0.004526480101048946
952992000.0,0.9271825551986694,0.06442565470933914,0.008391747251152992
953078400.0,0.5422225594520569,0.37266090512275696,0.08511658012866974
953078400.0,0.5797430276870728,0.3996315002441406,0.02062545157968998
953078400.0,0.0778641402721405,0.9103121161460876,0.011823764070868492
953078400.0,0.8095799684524536,0.17345011234283447,0.016969949007034302
953078400.0,0.7249463796615601,0.2632528841495514,0.011800765059888363
953078400.0,0.8586937189102173,0.12681959569454193,0.014486648142337799
953078400.0,0.08812545984983444,0.5885642766952515,0.32331031560897827
953078400.0,0.08574231714010239,0.6340126395225525,0.2802450358867645
953078400.0,0.6442939639091492,0.3357236981391907,0.019982341676950455
953078400.0,0.4456464350223541,0.5178415179252625,0.036512039601802826
953078400.0,0.03424545377492905,0.9310653209686279,0.034689225256443024
953078400.0,0.8516783118247986,0.13138097524642944,0.016940796747803688
953078400.0,0.13071869313716888,0.8014917969703674,0.0677894651889801
953078400.0,0.06546159833669662,0.4454081654548645,0.4891302287578583
953078400.0,0.9117266535758972,0.08215653896331787,0.006116828881204128
953078400.0,0.9472222924232483,0.047084685415029526,0.005693032406270504
953078400.0,0.16987162828445435,0.773243248462677,0.05688508227467537
953078400.0,0.3818809688091278,0.6093770861625671,0.008741873316466808
953078400.0,0.7777954339981079,0.2045879364013672,0.01761656068265438
953078400.0,0.972894549369812,0.023187393322587013,0.003918038215488195
953078400.0,0.8679655194282532,0.11312686651945114,0.01890762522816658
953078400.0,0.34132400155067444,0.5253599882125854,0.1333160698413849
953078400.0,0.02268122509121895,0.9053106904029846,0.07200812548398972
953078400.0,0.017387917265295982,0.15490855276584625,0.8277035355567932
953078400.0,0.20447185635566711,0.7694979310035706,0.02603018842637539
953078400.0,0.882455587387085,0.11311192065477371,0.004432479850947857
953078400.0,0.8023362159729004,0.17477823793888092,0.022885538637638092
953078400.0,0.40121203660964966,0.5435250401496887,0.05526295304298401
953078400.0,0.9162946343421936,0.07301993668079376,0.010685448534786701
953078400.0,0.6824012994766235,0.2968352437019348,0.02076345682144165
953078400.0,0.5010440945625305,0.48208892345428467,0.016867030411958694
953078400.0,0.8149310946464539,0.1720351129770279,0.013033761642873287
953078400.0,0.7504234910011292,0.22385814785957336,0.02571842633187771
953078400.0,0.2978021800518036,0.624612033367157,0.07758579403162003
953078400.0,0.049153946340084076,0.8792269229888916,0.07161922752857208
953078400.0,0.6890695095062256,0.30040961503982544,0.010520962066948414
953078400.0,0.2751227617263794,0.4384903609752655,0.2863868474960327
953078400.0,0.247181236743927,0.7286128997802734,0.024205876514315605
953078400.0,0.7747580409049988,0.20178914070129395,0.023452790454030037
953078400.0,0.5742006301879883,0.3843958377838135,0.04140349105000496
953078400.0,0.13612863421440125,0.8243686556816101,0.039502765983343124
953078400.0,0.32023146748542786,0.5998273491859436,0.07994114607572556
953078400.0,0.9530635476112366,0.04296547919511795,0.003970954101532698
953078400.0,0.021065616980195045,0.9711286425590515,0.007805708795785904
953078400.0,0.8640720844268799,0.12605802714824677,0.00986990425735712
953078400.0,0.41791072487831116,0.5620046257972717,0.020084625110030174
953078400.0,0.550117015838623,0.4331827461719513,0.016700252890586853
953078400.0,0.08215693384408951,0.8382725119590759,0.07957059144973755
953078400.0,0.9561331272125244,0.04051666334271431,0.003350177314132452
953078400.0,0.5729338526725769,0.4054085910320282,0.021657489240169525
953078400.0,0.11693254113197327,0.8050597906112671,0.07800767570734024
953078400.0,0.10100100189447403,0.5764036774635315,0.3225952684879303
953078400.0,0.7536786794662476,0.23065227270126343,0.015669021755456924
953078400.0,0.7937459349632263,0.17578443884849548,0.030469639226794243
953078400.0,0.924142599105835,0.0682169571518898,0.007640386465936899
953078400.0,0.9843957424163818,0.012065473943948746,0.0035387552343308926
953078400.0,0.7713959813117981,0.2069026380777359,0.021701352670788765
953078400.0,0.704857587814331,0.27115127444267273,0.023991120979189873
953078400.0,0.3472471833229065,0.5766637921333313,0.07608907669782639
953078400.0,0.4913923442363739,0.43199142813682556,0.07661624997854233
953078400.0,0.4099976420402527,0.5757591128349304,0.014243186451494694
953078400.0,0.07767035067081451,0.5658705234527588,0.3564591109752655
953078400.0,0.7287317514419556,0.2557367980480194,0.015531486831605434
953078400.0,0.9497796893119812,0.04535083472728729,0.004869528580456972
953078400.0,0.7668583393096924,0.22408856451511383,0.009053092449903488
953078400.0,0.7010492086410522,0.2749940752983093,0.02395668253302574
953078400.0,0.320648729801178,0.6695941090583801,0.009757213294506073
953078400.0,0.7477366328239441,0.23102660477161407,0.02123686671257019
953078400.0,0.11026979237794876,0.8702492117881775,0.01948094554245472
953078400.0,0.9630143642425537,0.03187163546681404,0.005114040337502956
953078400.0,0.33179771900177,0.6173228621482849,0.050879448652267456
953078400.0,0.9830681681632996,0.013080146163702011,0.0038516756612807512
953078400.0,0.9592680335044861,0.036207415163517,0.004524559248238802
953078400.0,0.04051199555397034,0.9205949902534485,0.03889301419258118
953078400.0,0.9372509717941284,0.05675933137536049,0.005989721976220608
953078400.0,0.9681910872459412,0.028675707057118416,0.0031331880018115044
953078400.0,0.6384274363517761,0.3537829518318176,0.0077896444126963615
953078400.0,0.6642412543296814,0.30376067757606506,0.031998034566640854
953078400.0,0.7577959299087524,0.22466745972633362,0.01753653585910797
953078400.0,0.3514346480369568,0.462234765291214,0.18633060157299042
953078400.0,0.41998499631881714,0.4768088757991791,0.10320618003606796
953078400.0,0.7896183729171753,0.19363172352313995,0.016749970614910126
953078400.0,0.7762306332588196,0.2098231017589569,0.013946257531642914
953078400.0,0.970805823802948,0.024701939895749092,0.004492281470447779
953078400.0,0.9836403727531433,0.012833915650844574,0.00352572207339108
953078400.0,0.9177905321121216,0.07418293505907059,0.00802662968635559
953078400.0,0.3731723725795746,0.5376037955284119,0.08922376483678818
953078400.0,0.9335183501243591,0.05878206342458725,0.007699671667069197
953078400.0,0.9527410864830017,0.04073303937911987,0.006525818724185228
953078400.0,0.8073368072509766,0.1714986264705658,0.0211645420640707
953078400.0,0.8363956212997437,0.1455814689397812,0.01802290976047516
953078400.0,0.12031629681587219,0.8674481511116028,0.012235556729137897
953078400.0,0.23168452084064484,0.7512595653533936,0.017055906355381012
953078400.0,0.977510392665863,0.018988806754350662,0.0035008962731808424
953078400.0,0.6430390477180481,0.3132982552051544,0.043662603944540024
953078400.0,0.46160486340522766,0.49761173129081726,0.040783461183309555
953078400.0,0.21482150256633759,0.7453558444976807,0.03982265666127205
953078400.0,0.8778162002563477,0.10713215172290802,0.015051621943712234
953078400.0,0.5728627443313599,0.3514382839202881,0.07569899410009384
953078400.0,0.046837471425533295,0.8182966113090515,0.13486596941947937
953078400.0,0.7102676033973694,0.250675231218338,0.039057184010744095
953078400.0,0.6579147577285767,0.3018895983695984,0.04019560664892197
953078400.0,0.27508318424224854,0.6368549466133118,0.08806192129850388
953078400.0,0.558781087398529,0.4304344654083252,0.010784479789435863
953078400.0,0.9355739951133728,0.058726705610752106,0.005699360743165016
953078400.0,0.6141615509986877,0.3370499908924103,0.04878851771354675
953078400.0,0.0717923641204834,0.5968595743179321,0.33134809136390686
953078400.0,0.7089871764183044,0.25608381628990173,0.03492898494005203
953078400.0,0.01383688673377037,0.975071907043457,0.011091187596321106
953078400.0,0.6151157021522522,0.3355717360973358,0.04931258037686348
953078400.0,0.2788448631763458,0.5845115780830383,0.13664355874061584
953078400.0,0.5386521220207214,0.44923922419548035,0.012108649127185345
953078400.0,0.844253659248352,0.1406603902578354,0.015086013823747635
953078400.0,0.9438022971153259,0.05016244575381279,0.006035278085619211
953078400.0,0.30868956446647644,0.6817653179168701,0.009545163251459599
953078400.0,0.4102768898010254,0.5377722978591919,0.05195080488920212
953078400.0,0.9687386155128479,0.026939762756228447,0.004321605432778597
953078400.0,0.7286108732223511,0.22885668277740479,0.042532362043857574
953078400.0,0.9226131439208984,0.07215070724487305,0.005236163269728422
953078400.0,0.10727400332689285,0.3163124620914459,0.5764135718345642
953078400.0,0.637794017791748,0.3518334627151489,0.010372503660619259
953078400.0,0.062075965106487274,0.9120685458183289,0.02585555799305439
953078400.0,0.5483636260032654,0.4266517758369446,0.024984566494822502
953078400.0,0.4607689082622528,0.5132005214691162,0.02603055164217949
953078400.0,0.44578397274017334,0.468900591135025,0.08531539887189865
953078400.0,0.2723340392112732,0.7105181217193604,0.017147811129689217
953078400.0,0.13905708491802216,0.838573157787323,0.022369736805558205
953078400.0,0.9800171852111816,0.01618730090558529,0.0037955259904265404
953078400.0,0.8989512920379639,0.08379148691892624,0.017257312312722206
953078400.0,0.911554753780365,0.08126387745141983,0.0071813445538282394
953078400.0,0.018525391817092896,0.7343180179595947,0.24715663492679596
953078400.0,0.06700650602579117,0.46819809079170227,0.46479544043540955
953078400.0,0.030294109135866165,0.13402174413204193,0.8356841206550598
953078400.0,0.634831428527832,0.3507433831691742,0.014425138011574745
953078400.0,0.984176754951477,0.011989892460405827,0.0038333239499479532
953078400.0,0.9088534116744995,0.08603669703006744,0.005109979771077633
953078400.0,0.5906400680541992,0.35901519656181335,0.05034475028514862
953078400.0,0.8277640342712402,0.1563701331615448,0.01586577482521534
953078400.0,0.10761389136314392,0.8074864149093628,0.08489970117807388
953078400.0,0.8178587555885315,0.16707727313041687,0.015064007602632046
953078400.0,0.8559771180152893,0.11897911876440048,0.025043731555342674
953078400.0,0.19660095870494843,0.7803627252578735,0.0230362918227911
953078400.0,0.7212756276130676,0.26641109585762024,0.012313256971538067
953078400.0,0.34226372838020325,0.6207730770111084,0.03696313872933388
953078400.0,0.17057304084300995,0.7848312258720398,0.04459569975733757
953078400.0,0.9085495471954346,0.08549287170171738,0.005957532208412886
953078400.0,0.8014597296714783,0.18736973404884338,0.011170529760420322
953078400.0,0.805144190788269,0.17256492376327515,0.022290928289294243
953078400.0,0.1367967128753662,0.854214608669281,0.008988706395030022
953078400.0,0.9347403645515442,0.0554020069539547,0.009857612662017345
953078400.0,0.895581066608429,0.09491836279630661,0.009500614367425442
953078400.0,0.9349492788314819,0.0594281367957592,0.00562256807461381
953078400.0,0.13629497587680817,0.7276886105537415,0.13601641356945038
953078400.0,0.08035106956958771,0.9078871011734009,0.011761856265366077
953078400.0,0.26009976863861084,0.7324368953704834,0.007463296875357628
953078400.0,0.8923118710517883,0.10258733481168747,0.0051007759757339954
953078400.0,0.23094134032726288,0.7536139488220215,0.015444760210812092
953078400.0,0.32291916012763977,0.5900465250015259,0.08703431487083435
953078400.0,0.5219590663909912,0.4717506766319275,0.006290242541581392
953078400.0,0.5491729974746704,0.43433985114097595,0.01648709550499916
953078400.0,0.0799206793308258,0.8636534214019775,0.05642591416835785
953078400.0,0.9507943987846375,0.04505326971411705,0.004152381792664528
953078400.0,0.1852264106273651,0.5285966992378235,0.286176860332489
953078400.0,0.11591782420873642,0.7705062627792358,0.11357597261667252
953078400.0,0.669634222984314,0.3188247084617615,0.011541091836988926
953078400.0,0.3936653733253479,0.5276435613632202,0.0786910355091095
953078400.0,0.9839863777160645,0.012897198088467121,0.003116427455097437
953078400.0,0.8353753089904785,0.14892542362213135,0.015699326992034912
953078400.0,0.1166638433933258,0.50916588306427,0.3741702139377594
953078400.0,0.4033585488796234,0.5171502232551575,0.07949123531579971
953078400.0,0.7196021676063538,0.2652185261249542,0.015179329551756382
953078400.0,0.7589455246925354,0.20537899434566498,0.03567548096179962
953078400.0,0.5613328218460083,0.3621317446231842,0.07653538882732391
953078400.0,0.9586400985717773,0.03687674552202225,0.004483210854232311
953078400.0,0.9642413854598999,0.02994370646774769,0.005814922507852316
953078400.0,0.6915662884712219,0.2843793034553528,0.024054309353232384
953078400.0,0.9672747254371643,0.029315350577235222,0.0034099037293344736
953078400.0,0.08787059038877487,0.885240375995636,0.026888996362686157
953078400.0,0.0128728486597538,0.9793847799301147,0.0077424305491149426
953078400.0,0.8091435432434082,0.1749102622270584,0.015946144238114357
953078400.0,0.931980550289154,0.06329482048749924,0.004724597092717886
953078400.0,0.882580041885376,0.1090424656867981,0.008377467282116413
953078400.0,0.22838836908340454,0.7256267666816711,0.045984845608472824
953078400.0,0.8358558416366577,0.1527094841003418,0.01143464632332325
953078400.0,0.6365533471107483,0.2982691824436188,0.06517749279737473
953078400.0,0.8605682849884033,0.13158251345157623,0.007849175482988358
953078400.0,0.7918838262557983,0.1882280707359314,0.019888143986463547
953078400.0,0.7770600914955139,0.21513459086418152,0.007805203553289175
953078400.0,0.5998619198799133,0.36972081661224365,0.030417198315262794
953078400.0,0.42394569516181946,0.542129635810852,0.033924683928489685
953078400.0,0.21532995998859406,0.758588433265686,0.02608157880604267
953078400.0,0.5640551447868347,0.427613765001297,0.008331087417900562
953078400.0,0.6710880994796753,0.30721914768218994,0.021692777052521706
953078400.0,0.05019088834524155,0.9137752056121826,0.036033887416124344
953078400.0,0.9741699695587158,0.0222413782030344,0.0035885998513549566
953078400.0,0.27444928884506226,0.6547889709472656,0.07076168805360794
953078400.0,0.8120248317718506,0.17253726720809937,0.015437867492437363
953078400.0,0.5415799617767334,0.42331525683403015,0.03510475903749466
953078400.0,0.8522687554359436,0.1334236115217209,0.014307538978755474
953078400.0,0.478313148021698,0.5133680701255798,0.008318771608173847
953078400.0,0.6586265563964844,0.3160374164581299,0.02533603273332119
953078400.0,0.8441137075424194,0.1492849439382553,0.006601311266422272
953078400.0,0.3478953540325165,0.6264695525169373,0.02563507668673992
953078400.0,0.06275380402803421,0.9275687336921692,0.009677409194409847
953078400.0,0.4818606376647949,0.4431493580341339,0.07498995214700699
953078400.0,0.8387259244918823,0.14898085594177246,0.012293197214603424
953078400.0,0.9368511438369751,0.05857965722680092,0.004569179844111204
953078400.0,0.1601758450269699,0.7335513830184937,0.10627279430627823
953078400.0,0.5465208292007446,0.4367796778678894,0.016699502244591713
953078400.0,0.23301149904727936,0.6872656941413879,0.0797228068113327
953078400.0,0.960580050945282,0.03209918364882469,0.007320708595216274
953164800.0,0.11513964086771011,0.8375810384750366,0.04727930575609207
953164800.0,0.8126700520515442,0.17494075000286102,0.01238919235765934
953164800.0,0.2569633722305298,0.7169197797775269,0.026116875931620598
953164800.0,0.4905634820461273,0.44045767188072205,0.06897877156734467
953164800.0,0.6349156498908997,0.33949506282806396,0.025589246302843094
953164800.0,0.7681687474250793,0.20749588310718536,0.024335410445928574
953164800.0,0.3699650168418884,0.5871971249580383,0.04283783584833145
953164800.0,0.516715943813324,0.41262322664260864,0.07066081464290619
953164800.0,0.7436553835868835,0.22429737448692322,0.032047297805547714
953164800.0,0.8172736763954163,0.17204563319683075,0.010680646635591984
953164800.0,0.4428381621837616,0.5214494466781616,0.035712409764528275
953164800.0,0.771865725517273,0.21376855671405792,0.014365753158926964
953164800.0,0.2914644181728363,0.6132919192314148,0.09524364024400711
953164800.0,0.970280647277832,0.02531379647552967,0.004405525047332048
953164800.0,0.09512703120708466,0.7698559165000916,0.1350170522928238
953164800.0,0.39861708879470825,0.5488688945770264,0.05251401662826538
953164800.0,0.04955059289932251,0.4223049283027649,0.5281445384025574
953164800.0,0.8806505799293518,0.11029237508773804,0.009057123214006424
953164800.0,0.9341536164283752,0.055971600115299225,0.00987469032406807
953164800.0,0.13758090138435364,0.4778812527656555,0.38453787565231323
953164800.0,0.13982315361499786,0.8083921670913696,0.051784586161375046
953164800.0,0.6314340233802795,0.3517468273639679,0.016819177195429802
953164800.0,0.16129790246486664,0.6833372712135315,0.1553647667169571
953164800.0,0.5356594920158386,0.40231913328170776,0.0620214119553566
953164800.0,0.3249075710773468,0.6632882356643677,0.0118041280657053
953164800.0,0.006958491168916225,0.977685809135437,0.015355749055743217
953164800.0,0.9647613763809204,0.03138801455497742,0.00385064329020679
953164800.0,0.965195894241333,0.03101455047726631,0.003789636306464672
953164800.0,0.8990528583526611,0.09160566329956055,0.009341531433165073
953164800.0,0.9487960934638977,0.04555416479706764,0.005649689584970474
953164800.0,0.6592063307762146,0.31971675157546997,0.021076995879411697
953164800.0,0.2634935677051544,0.7053506970405579,0.0311557836830616
953164800.0,0.4965180456638336,0.490323543548584,0.013158478774130344
953164800.0,0.8208767175674438,0.16268736124038696,0.016435932368040085
953164800.0,0.02306045964360237,0.9658470749855042,0.01109248399734497
953164800.0,0.15757989883422852,0.8330981731414795,0.009321896359324455
953164800.0,0.5247526168823242,0.39127835631370544,0.08396906405687332
953164800.0,0.10453946143388748,0.6630341410636902,0.23242633044719696
953164800.0,0.42149433493614197,0.5324775576591492,0.04602808505296707
953164800.0,0.010466757230460644,0.8586785793304443,0.13085460662841797
953164800.0,0.04368351772427559,0.3750562071800232,0.5812602639198303
953164800.0,0.8898943662643433,0.09540239721536636,0.014703210443258286
953164800.0,0.975369393825531,0.020505135878920555,0.004125517327338457
953164800.0,0.4663347601890564,0.49240097403526306,0.04126429930329323
953164800.0,0.22194620966911316,0.5651252865791321,0.21292850375175476
953164800.0,0.8891443014144897,0.1011660024523735,0.009689650498330593
953164800.0,0.07170452177524567,0.7177557945251465,0.21053969860076904
953164800.0,0.5959874391555786,0.3829779624938965,0.021034594625234604
953164800.0,0.49320363998413086,0.42346733808517456,0.08332902193069458
953164800.0,0.212922140955925,0.7150502800941467,0.07202757149934769
953164800.0,0.10837221145629883,0.7214878797531128,0.17013995349407196
953164800.0,0.29092445969581604,0.6391470432281494,0.06992852687835693
953164800.0,0.9121047258377075,0.07643088698387146,0.011464405804872513
953164800.0,0.9543049931526184,0.038596589118242264,0.007098456844687462
953164800.0,0.934144914150238,0.06243491917848587,0.003420107299461961
953164800.0,0.9736880660057068,0.0229142177850008,0.003397699911147356
953164800.0,0.35001087188720703,0.6259405016899109,0.024048587307333946
953164800.0,0.022481156513094902,0.971354067325592,0.006164814345538616
953164800.0,0.2164231836795807,0.7022975087165833,0.08127923309803009
953164800.0,0.7629790902137756,0.22461336851119995,0.012407544068992138
953164800.0,0.9297247529029846,0.0616021566092968,0.008673189207911491
953164800.0,0.3234081566333771,0.5553642511367798,0.12122757732868195
953164800.0,0.1323779970407486,0.819009006023407,0.04861300811171532
953164800.0,0.020634155720472336,0.9531400799751282,0.026225754991173744
953164800.0,0.13544592261314392,0.6960428357124329,0.16851124167442322
953164800.0,0.25210705399513245,0.6776870489120483,0.07020585983991623
953164800.0,0.8451635241508484,0.13984788954257965,0.014988546259701252
953164800.0,0.19073393940925598,0.7967575192451477,0.012508507817983627
953164800.0,0.3006199300289154,0.5759533643722534,0.12342669069766998
953164800.0,0.8938800096511841,0.0949288159608841,0.011191233992576599
953164800.0,0.9806232452392578,0.015841912478208542,0.003534890478476882
953164800.0,0.2177477777004242,0.6245138049125671,0.15773846209049225
953164800.0,0.02867484837770462,0.23903800547122955,0.7322871088981628
953164800.0,0.8674165606498718,0.12236614525318146,0.01021723821759224
953164800.0,0.009209655225276947,0.9691333770751953,0.021656936034560204
953164800.0,0.4146795868873596,0.5739961266517639,0.011324308812618256
953164800.0,0.9241825342178345,0.06587302684783936,0.009944434277713299
953164800.0,0.009036164730787277,0.05390165373682976,0.9370622038841248
953164800.0,0.11441276967525482,0.5665878057479858,0.31899940967559814
953164800.0,0.914537787437439,0.08043158054351807,0.005030564498156309
953164800.0,0.9686437845230103,0.026074307039380074,0.005281855817884207
953164800.0,0.9742446541786194,0.020807504653930664,0.004947827197611332
953164800.0,0.461936891078949,0.46705418825149536,0.07100886851549149
953164800.0,0.8494889140129089,0.12916553020477295,0.021345559507608414
953164800.0,0.43675678968429565,0.5077597498893738,0.05548349767923355
953164800.0,0.5683388710021973,0.40481036901474,0.02685074508190155
953164800.0,0.7322333455085754,0.24814505875110626,0.019621634855866432
953164800.0,0.9198355674743652,0.07576700299978256,0.0043974583968520164
953164800.0,0.7704213261604309,0.20405086874961853,0.025527730584144592
953164800.0,0.12901908159255981,0.7712702751159668,0.0997106283903122
953164800.0,0.752270519733429,0.21478399634361267,0.032945416867733
953164800.0,0.1501624435186386,0.7460747361183167,0.10376273840665817
953164800.0,0.9606987237930298,0.033569276332855225,0.00573199475184083
953164800.0,0.8856198191642761,0.09722036123275757,0.017159802839159966
953164800.0,0.4634568393230438,0.49092698097229004,0.04561612010002136
953164800.0,0.034343454986810684,0.7790763974189758,0.1865801215171814
953164800.0,0.9644009470939636,0.030761921778321266,0.0048371278680861
953164800.0,0.2959209084510803,0.6581780910491943,0.04590097442269325
953164800.0,0.09465635567903519,0.886909544467926,0.01843407191336155
953164800.0,0.8611821532249451,0.12743662297725677,0.011381265707314014
953164800.0,0.5157440900802612,0.4567837715148926,0.02747211791574955
953164800.0,0.08698415756225586,0.8654905557632446,0.047525230795145035
953164800.0,0.38476887345314026,0.5882134437561035,0.027017636224627495
953164800.0,0.039790090173482895,0.9455985426902771,0.014611424878239632
953164800.0,0.18070854246616364,0.6560318470001221,0.1632596254348755
953164800.0,0.5415340065956116,0.41952791810035706,0.03893805295228958
953164800.0,0.14244535565376282,0.6827778220176697,0.17477677762508392
953164800.0,0.10882838815450668,0.7736396789550781,0.11753198504447937
953164800.0,0.9244400262832642,0.06670443713665009,0.008855625987052917
953164800.0,0.8930453658103943,0.09523183852434158,0.01172280590981245
953164800.0,0.8526662588119507,0.1332828253507614,0.014050890691578388
953164800.0,0.9041234850883484,0.08610980957746506,0.009766652248799801
953164800.0,0.7023274898529053,0.2724228799343109,0.025249632075428963
953164800.0,0.12674514949321747,0.7283650040626526,0.14488983154296875
953164800.0,0.6151741147041321,0.3758220374584198,0.009003871120512486
953164800.0,0.5682869553565979,0.35888293385505676,0.07283009588718414
953164800.0,0.45511162281036377,0.4931020140647888,0.05178633704781532
953164800.0,0.9815674424171448,0.014834489673376083,0.0035980285611003637
953164800.0,0.5073874592781067,0.41994908452033997,0.07266347855329514
953164800.0,0.9808200001716614,0.015796776860952377,0.0033832318149507046
953164800.0,0.9648975729942322,0.031858500093221664,0.0032438961789011955
953164800.0,0.9636058211326599,0.0330050103366375,0.0033891359344124794
953164800.0,0.13107186555862427,0.8556082844734192,0.013319864869117737
953164800.0,0.2364562302827835,0.6213968992233276,0.14214685559272766
953164800.0,0.7871930599212646,0.19819335639476776,0.014613645151257515
953164800.0,0.8430456519126892,0.14886705577373505,0.008087254129350185
953164800.0,0.6940199732780457,0.2725796699523926,0.03340042755007744
953164800.0,0.955761194229126,0.0397496223449707,0.0044891247525811195
953164800.0,0.8263247013092041,0.15393909811973572,0.01973622478544712
953164800.0,0.29465898871421814,0.6393617391586304,0.06597930938005447
953164800.0,0.10646936297416687,0.8533868193626404,0.040143851190805435
953164800.0,0.5797627568244934,0.3526092767715454,0.06762800365686417
953164800.0,0.49181175231933594,0.45746976137161255,0.050718456506729126
953164800.0,0.08523400872945786,0.3391052186489105,0.575660765171051
953164800.0,0.9370209574699402,0.05607818439602852,0.0069008017890155315
953164800.0,0.9251257181167603,0.06287647038698196,0.01199784129858017
953164800.0,0.8174878358840942,0.1721508502960205,0.010361299850046635
953164800.0,0.10221050679683685,0.7670609951019287,0.13072852790355682
953164800.0,0.224125936627388,0.7675202488899231,0.00835384987294674
953164800.0,0.8525237441062927,0.1374531239271164,0.010023141279816628
953164800.0,0.03546604514122009,0.9378038048744202,0.02673013135790825
953164800.0,0.02142339199781418,0.33880460262298584,0.6397719383239746
953164800.0,0.910754382610321,0.0816708356142044,0.007574745453894138
953164800.0,0.9752575755119324,0.021252315491437912,0.00349006918258965
953164800.0,0.958551287651062,0.03694474697113037,0.004504005424678326
953164800.0,0.8424930572509766,0.13402077555656433,0.023486170917749405
953164800.0,0.8799316883087158,0.11357764899730682,0.006490672472864389
953164800.0,0.8640904426574707,0.12410787492990494,0.011801729910075665
953164800.0,0.16724923253059387,0.6926603317260742,0.14009037613868713
953164800.0,0.8879463076591492,0.09728508442640305,0.014768585562705994
953164800.0,0.04920757934451103,0.9399155378341675,0.010876898653805256
953164800.0,0.32058900594711304,0.603858232498169,0.07555277645587921
953164800.0,0.9682498574256897,0.028125854209065437,0.003624343080446124
953164800.0,0.13555048406124115,0.5357205867767334,0.32872894406318665
953164800.0,0.06930718570947647,0.6324607729911804,0.2982320487499237
953164800.0,0.019813500344753265,0.920660138130188,0.05952633172273636
953164800.0,0.13718481361865997,0.8509582877159119,0.011856848374009132
953164800.0,0.5374437570571899,0.4167017936706543,0.04585440829396248
953164800.0,0.971253514289856,0.02452998235821724,0.004216487053781748
953164800.0,0.596246600151062,0.359713613986969,0.0440397784113884
953164800.0,0.16719655692577362,0.770272433757782,0.06253106147050858
953164800.0,0.9835438132286072,0.013488846831023693,0.0029672461096197367
953164800.0,0.05481228604912758,0.9139382839202881,0.031249400228261948
953164800.0,0.030361149460077286,0.7502398490905762,0.21939902007579803
953164800.0,0.8732061982154846,0.1151837632060051,0.011610021814703941
953164800.0,0.02337666042149067,0.9700285196304321,0.006594771984964609
953164800.0,0.17177878320217133,0.7879018783569336,0.040319282561540604
953164800.0,0.03975766897201538,0.9402397871017456,0.020002534613013268
953164800.0,0.010984052903950214,0.9268351793289185,0.06218070536851883
953164800.0,0.08383959531784058,0.8941913843154907,0.021969033405184746
953164800.0,0.028798524290323257,0.9171648621559143,0.05403662100434303
953164800.0,0.9470117092132568,0.04645493999123573,0.006533348932862282
953164800.0,0.09238064289093018,0.8986846208572388,0.008934756740927696
953164800.0,0.022428546100854874,0.8811540603637695,0.09641741961240768
953164800.0,0.9420117735862732,0.04788054898381233,0.01010765042155981
953164800.0,0.7385600805282593,0.23810414969921112,0.023335786536335945
953164800.0,0.03449269384145737,0.945969820022583,0.019537506625056267
953164800.0,0.12493760883808136,0.6312039494514465,0.2438584566116333
953164800.0,0.18037806451320648,0.8033771514892578,0.016244783997535706
953164800.0,0.7452026605606079,0.236233651638031,0.018563661724328995
953164800.0,0.9114891886711121,0.0825953260064125,0.005915513727813959
953164800.0,0.08098910748958588,0.48498740792274475,0.43402349948883057
953164800.0,0.9575169682502747,0.03509967401623726,0.0073833460919559
953164800.0,0.019131658598780632,0.9716549515724182,0.009213368408381939
953164800.0,0.02180931344628334,0.9166731238365173,0.06151755526661873
953164800.0,0.8277448415756226,0.1595754772424698,0.012679715640842915
953164800.0,0.6885808110237122,0.2784056067466736,0.033013615757226944
953164800.0,0.07075095921754837,0.641933262348175,0.2873157560825348
953164800.0,0.9266837239265442,0.06278089433908463,0.010535377077758312
953164800.0,0.8748629093170166,0.11223799735307693,0.012899139896035194
953164800.0,0.09678138792514801,0.8600137233734131,0.04320482537150383
953164800.0,0.11979750543832779,0.5597041249275208,0.32049837708473206
953164800.0,0.5291715860366821,0.46169617772102356,0.009132198058068752
953164800.0,0.8278705477714539,0.15938445925712585,0.012745009735226631
953164800.0,0.2896060347557068,0.6927334070205688,0.017660627141594887
953164800.0,0.8534339666366577,0.12718449532985687,0.019381573423743248
953164800.0,0.9518291354179382,0.04362235963344574,0.004548561293631792
953164800.0,0.9188923835754395,0.07502284646034241,0.006084759719669819
953164800.0,0.5257221460342407,0.4369964003562927,0.03728146106004715
953164800.0,0.3493047058582306,0.6344552636146545,0.016240054741501808
953164800.0,0.8812418580055237,0.11234182864427567,0.006416326388716698
953164800.0,0.9077076315879822,0.08137477934360504,0.010917533189058304
953164800.0,0.824970543384552,0.15594889223575592,0.019080646336078644
953164800.0,0.07893766462802887,0.9129660725593567,0.008096317760646343
953164800.0,0.9836914539337158,0.012307610362768173,0.0040009296499192715
953164800.0,0.9402451515197754,0.05226132646203041,0.007493460550904274
953164800.0,0.746770977973938,0.22999455034732819,0.023234473541378975
953164800.0,0.9331637024879456,0.05952673777937889,0.0073096356354653835
953164800.0,0.6887064576148987,0.2815499007701874,0.029743636026978493
953164800.0,0.9768387675285339,0.019605930894613266,0.0035553330089896917
953164800.0,0.0826725959777832,0.798878014087677,0.11844949424266815
953164800.0,0.019565856084227562,0.9304471015930176,0.04998703673481941
953164800.0,0.9216987490653992,0.07006899267435074,0.008232323452830315
953164800.0,0.7672393918037415,0.2089875191450119,0.023773055523633957
953164800.0,0.44641125202178955,0.5069488883018494,0.04663984850049019
953164800.0,0.19895367324352264,0.7511676549911499,0.04987866431474686
953164800.0,0.10133795440196991,0.8573970198631287,0.041265059262514114
953164800.0,0.15703147649765015,0.8297709822654724,0.013197537511587143
953164800.0,0.9220799803733826,0.07026039063930511,0.007659548427909613
953164800.0,0.14294551312923431,0.6437609791755676,0.21329350769519806
953164800.0,0.5888796448707581,0.36876416206359863,0.04235617071390152
953164800.0,0.77348792552948,0.2182125598192215,0.008299559354782104
953164800.0,0.35270294547080994,0.6024261116981506,0.04487094655632973
953164800.0,0.8487169742584229,0.14236748218536377,0.00891557615250349
953164800.0,0.9293866753578186,0.0644913911819458,0.006121854763478041
953164800.0,0.658455491065979,0.31388676166534424,0.02765774354338646
953164800.0,0.9738522171974182,0.022696470841765404,0.003451328258961439
953164800.0,0.46974191069602966,0.5201449394226074,0.010113140568137169
953164800.0,0.9682061672210693,0.026783348992466927,0.005010411608964205
953164800.0,0.1628383994102478,0.8287372589111328,0.00842432864010334
953164800.0,0.11571575701236725,0.8435532450675964,0.04073098674416542
953164800.0,0.09974493831396103,0.7298275828361511,0.17042748630046844
953164800.0,0.3463733196258545,0.6413377523422241,0.012288954108953476
953164800.0,0.04988821595907211,0.9392049908638,0.010906746610999107
953164800.0,0.6349889636039734,0.34601032733917236,0.019000733271241188
953164800.0,0.9702996015548706,0.025918589904904366,0.0037817424163222313
953164800.0,0.7899489998817444,0.19648268818855286,0.013568362221121788
953164800.0,0.8525246381759644,0.1358634978532791,0.011611789464950562
953164800.0,0.9624784588813782,0.03339877724647522,0.0041227787733078
953164800.0,0.5249953866004944,0.42273420095443726,0.052270352840423584
953164800.0,0.2907908856868744,0.6831316351890564,0.026077454909682274
953164800.0,0.2783433794975281,0.6323556900024414,0.08930091559886932
953164800.0,0.9632472395896912,0.031126027926802635,0.005626807454973459
953164800.0,0.7619530558586121,0.23009614646434784,0.007950765080749989
953164800.0,0.45193687081336975,0.5274061560630798,0.02065698616206646
953164800.0,0.16256161034107208,0.8168528079986572,0.0205855593085289
953164800.0,0.9186580181121826,0.07600557804107666,0.005336453206837177
953164800.0,0.5052900314331055,0.42980918288230896,0.06490077078342438
953164800.0,0.7615770101547241,0.2177869975566864,0.020635951310396194
953164800.0,0.036248818039894104,0.859977662563324,0.10377354174852371
953164800.0,0.07902080565690994,0.903944730758667,0.01703443005681038
953164800.0,0.5891468524932861,0.39751842617988586,0.013334699906408787
953164800.0,0.9082897305488586,0.08634725958108902,0.005363065749406815
953164800.0,0.5018015503883362,0.4574604034423828,0.04073810949921608
953164800.0,0.5537846088409424,0.4210902154445648,0.02512522041797638
953164800.0,0.8834447264671326,0.10935600847005844,0.007199271582067013
953164800.0,0.007843789644539356,0.9809302091598511,0.011225921101868153
953164800.0,0.9515222907066345,0.04247685521841049,0.006000880617648363
953164800.0,0.35502687096595764,0.6313396096229553,0.013633505441248417
953164800.0,0.7842024564743042,0.20905475318431854,0.006742807570844889
953164800.0,0.3569393754005432,0.5282392501831055,0.11482133716344833
953164800.0,0.039254117757081985,0.2579070031642914,0.7028388381004333
953164800.0,0.023769058287143707,0.20664848387241364,0.7695824503898621
953164800.0,0.5535933375358582,0.4281772971153259,0.018229393288493156
953164800.0,0.9641126394271851,0.03184981644153595,0.004037573933601379
953164800.0,0.14095962047576904,0.4587889015674591,0.4002515375614166
953164800.0,0.575294017791748,0.4172874689102173,0.007418541703373194
953164800.0,0.7503402829170227,0.225501149892807,0.02415856532752514
953164800.0,0.09021666646003723,0.4799662232398987,0.4298171401023865
953164800.0,0.17336556315422058,0.601272702217102,0.22536174952983856
953164800.0,0.9696958661079407,0.026069389656186104,0.004234824795275927
953164800.0,0.266355961561203,0.6893607974052429,0.044283222407102585
953164800.0,0.5661467909812927,0.37420621514320374,0.05964703857898712
953164800.0,0.1823791265487671,0.6897503733634949,0.12787048518657684
953164800.0,0.7114708423614502,0.2767215073108673,0.011807731352746487
953164800.0,0.013956510461866856,0.9449970126152039,0.041046515107154846
953164800.0,0.8398877382278442,0.14291097223758698,0.017201296985149384
953164800.0,0.9711758494377136,0.02307264879345894,0.005751446820795536
953164800.0,0.19739671051502228,0.789618730545044,0.012984538450837135
953164800.0,0.9579774141311646,0.032890357077121735,0.009132257662713528
953164800.0,0.9158027172088623,0.07811512053012848,0.0060822381637990475
953164800.0,0.6731833219528198,0.2688969373703003,0.05791972205042839
953164800.0,0.27408894896507263,0.6907407641410828,0.0351703055202961
953164800.0,0.2680334448814392,0.7016016244888306,0.0303648728877306
953164800.0,0.7995104193687439,0.1869429349899292,0.013546655885875225
953164800.0,0.9765847325325012,0.019613351672887802,0.0038018219638615847
953164800.0,0.030889857560396194,0.9556068181991577,0.013503237627446651
953164800.0,0.015021656639873981,0.5931644439697266,0.3918139338493347
953164800.0,0.8220983147621155,0.16289083659648895,0.015010852366685867
953164800.0,0.023322388529777527,0.27743083238601685,0.6992467641830444
953164800.0,0.6448691487312317,0.3003109097480774,0.054819997400045395
953164800.0,0.03571959584951401,0.9562844038009644,0.0079960310831666
953164800.0,0.6627334356307983,0.3075520992279053,0.029714524745941162
953164800.0,0.7887696623802185,0.19925089180469513,0.011979467235505581
953164800.0,0.7322323322296143,0.24888230860233307,0.01888541877269745
953164800.0,0.49289289116859436,0.4228501617908478,0.08425693213939667
953164800.0,0.8083232641220093,0.17857523262500763,0.013101568445563316
953164800.0,0.881210446357727,0.10128655284643173,0.017502939328551292
953164800.0,0.9055052399635315,0.08535782247781754,0.009136892855167389
953164800.0,0.9857265949249268,0.011397849768400192,0.002875488717108965
953164800.0,0.9725382328033447,0.02343963272869587,0.004022168926894665
953164800.0,0.1171538457274437,0.872501015663147,0.010345131158828735
953164800.0,0.3151479959487915,0.668326199054718,0.016525795683264732
953164800.0,0.8077074289321899,0.18529096245765686,0.0070016407407820225
953164800.0,0.14826244115829468,0.7938476800918579,0.05788986384868622
953164800.0,0.9200087785720825,0.07147928327322006,0.008511879481375217
953164800.0,0.37346625328063965,0.6086655259132385,0.017868170514702797
953164800.0,0.5593835115432739,0.4260009527206421,0.014615519903600216
953164800.0,0.3185923993587494,0.6716488599777222,0.009758816100656986
953164800.0,0.012010236270725727,0.967358410358429,0.020631376653909683
953164800.0,0.9580596089363098,0.0343061201274395,0.007634238339960575
953164800.0,0.9680625796318054,0.02835165709257126,0.0035857895854860544
953164800.0,0.8820237517356873,0.1110992357134819,0.006877007894217968
953164800.0,0.5372865796089172,0.4222075641155243,0.04050583392381668
953164800.0,0.631904125213623,0.3399409055709839,0.02815498597919941
953164800.0,0.05358315631747246,0.752976655960083,0.19344022870063782
953164800.0,0.2641877830028534,0.7248665690422058,0.010945659130811691
953164800.0,0.9412769079208374,0.049942053854465485,0.008781048469245434
953164800.0,0.7091614603996277,0.2592867612838745,0.03155175969004631
953164800.0,0.6931129693984985,0.29030120372772217,0.016585856676101685
953164800.0,0.5143517851829529,0.4711061418056488,0.0145420515909791
953164800.0,0.9138355255126953,0.08068372309207916,0.005480798427015543
953164800.0,0.43207862973213196,0.533164381980896,0.03475701063871384
953164800.0,0.3461460769176483,0.6211262941360474,0.032727666199207306
953164800.0,0.8805237412452698,0.11094948649406433,0.008526721969246864
953164800.0,0.06847969442605972,0.906875729560852,0.02464452013373375
953164800.0,0.015363944694399834,0.9724217653274536,0.012214326299726963
953164800.0,0.0664370059967041,0.3519057333469391,0.5816572904586792
953164800.0,0.7641977667808533,0.21543052792549133,0.020371630787849426
953164800.0,0.3994622826576233,0.44064831733703613,0.15988944470882416
953164800.0,0.9575216770172119,0.03624485805630684,0.006233478430658579
953164800.0,0.69563889503479,0.2808307707309723,0.02353033982217312
953164800.0,0.2788484990596771,0.710405170917511,0.010746236890554428
953164800.0,0.711444616317749,0.2490731179714203,0.039482202380895615
953164800.0,0.9539164900779724,0.04175390303134918,0.004329618066549301
953164800.0,0.8932138681411743,0.10112564265727997,0.005660506431013346
953164800.0,0.9059041142463684,0.08545507490634918,0.008640776388347149
953164800.0,0.6981176733970642,0.26803386211395264,0.03384840115904808
953164800.0,0.570557177066803,0.41835978627204895,0.011082997545599937
953164800.0,0.9223212003707886,0.06840885430574417,0.009269899688661098
953164800.0,0.8975382447242737,0.0980139970779419,0.004447748884558678
953164800.0,0.617647111415863,0.3471614420413971,0.03519141674041748
953164800.0,0.25067925453186035,0.5779649615287781,0.17135576903820038
953164800.0,0.04128911346197128,0.9373880624771118,0.021322788670659065
953164800.0,0.5388309955596924,0.4483269453048706,0.01284203864634037
953164800.0,0.7898695468902588,0.2021980881690979,0.007932433858513832
953164800.0,0.9280232191085815,0.060977350920438766,0.010999411344528198
953164800.0,0.028951317071914673,0.2137674242258072,0.7572813034057617
953164800.0,0.8756297826766968,0.11491269618272781,0.009457572363317013
953164800.0,0.5768144726753235,0.36031776666641235,0.06286773830652237
953164800.0,0.3397790789604187,0.6439584493637085,0.0162624754011631
953164800.0,0.4528048634529114,0.4987300932407379,0.0484650544822216
953164800.0,0.24371375143527985,0.7496749758720398,0.006611278746277094
953164800.0,0.8817374110221863,0.11045694351196289,0.007805676199495792
953164800.0,0.4909268021583557,0.4995425343513489,0.009530622512102127
953164800.0,0.018094632774591446,0.9066815972328186,0.07522382587194443
953164800.0,0.9305207133293152,0.06146138533949852,0.008017895743250847
953164800.0,0.8244753479957581,0.1603478044271469,0.015176835469901562
953164800.0,0.9124994277954102,0.07766696065664291,0.009833714924752712
953164800.0,0.8466705083847046,0.13509699702262878,0.018232494592666626
953164800.0,0.07616138458251953,0.7585270404815674,0.16531167924404144
953164800.0,0.8445061445236206,0.13931454718112946,0.016179237514734268
953164800.0,0.7548477053642273,0.22448746860027313,0.0206648837774992
953164800.0,0.7649051547050476,0.218073770403862,0.01702112890779972
953164800.0,0.04652808606624603,0.9305750131607056,0.0228969007730484
953164800.0,0.5847238898277283,0.40664538741111755,0.008630705066025257
953164800.0,0.8892762660980225,0.10177674889564514,0.008946936577558517
953164800.0,0.7636120319366455,0.21362367272377014,0.022764360532164574
953164800.0,0.24695581197738647,0.7367409467697144,0.016303330659866333
953164800.0,0.4107478857040405,0.561799168586731,0.027452969923615456
953164800.0,0.8036896586418152,0.18386483192443848,0.012445521540939808
953164800.0,0.009366894140839577,0.9725526571273804,0.018080370500683784
953164800.0,0.48977282643318176,0.4902373254299164,0.019989771768450737
953164800.0,0.7465171217918396,0.2270081788301468,0.026474671438336372
953164800.0,0.3887292444705963,0.59340500831604,0.017865801230072975
953164800.0,0.798281729221344,0.1906832754611969,0.01103496178984642
953164800.0,0.9194414615631104,0.07383540272712708,0.006723128259181976
953164800.0,0.17929084599018097,0.4503665268421173,0.3703426420688629
953164800.0,0.685971200466156,0.30654653906822205,0.007482229731976986
953164800.0,0.9784009456634521,0.017803020775318146,0.0037961092311888933
953164800.0,0.17612741887569427,0.6460950374603271,0.17777754366397858
953164800.0,0.7082293629646301,0.27833643555641174,0.013434219174087048
953164800.0,0.596866250038147,0.3870467245578766,0.01608704775571823
953164800.0,0.26980191469192505,0.7006413340568542,0.029556764289736748
953164800.0,0.855484664440155,0.13028305768966675,0.014232231304049492
953164800.0,0.980661153793335,0.015420661307871342,0.003918144386261702
953164800.0,0.8533642292022705,0.13609115779399872,0.010544663295149803
953164800.0,0.9345453381538391,0.05806535482406616,0.007389217149466276
953164800.0,0.8331685662269592,0.1526571363210678,0.014174281619489193
953164800.0,0.36293119192123413,0.6120855212211609,0.02498326450586319
953164800.0,0.40826037526130676,0.5404970049858093,0.05124261975288391
953164800.0,0.02544039860367775,0.9498075246810913,0.02475203201174736
953164800.0,0.9847512245178223,0.01207063626497984,0.003178174374625087
953164800.0,0.9161792993545532,0.07403411716222763,0.009786605834960938
953164800.0,0.9071719646453857,0.08590132743120193,0.0069266860373318195
953164800.0,0.4632098078727722,0.5296570062637329,0.007133100181818008
953164800.0,0.8798543810844421,0.10905857384204865,0.011087065562605858
953164800.0,0.059219151735305786,0.9273703098297119,0.013410521671175957
953164800.0,0.5433172583580017,0.39896371960639954,0.05771902948617935
953164800.0,0.2898297905921936,0.6906387805938721,0.019531406462192535
953164800.0,0.767845869064331,0.20726461708545685,0.024889500811696053
953164800.0,0.9345036745071411,0.05987752601504326,0.005618813913315535
953164800.0,0.8245582580566406,0.1614922136068344,0.013949562795460224
953164800.0,0.8125332593917847,0.17227253317832947,0.015194193460047245
953164800.0,0.7537850141525269,0.23830419778823853,0.007910767570137978
953164800.0,0.020054006949067116,0.8471291065216064,0.13281680643558502
953164800.0,0.4765993058681488,0.4756593108177185,0.04774130880832672
953164800.0,0.981442391872406,0.01360721979290247,0.004950411152094603
953164800.0,0.908747673034668,0.08221732825040817,0.009035022929310799
953164800.0,0.2572776973247528,0.7272142171859741,0.015508073382079601
953164800.0,0.5267326235771179,0.4579107165336609,0.015356725081801414
953164800.0,0.7591813206672668,0.20493780076503754,0.03588087111711502
953164800.0,0.060092080384492874,0.924168586730957,0.015739357098937035
953164800.0,0.9775078892707825,0.01867673173546791,0.003815316129475832
953164800.0,0.015560861676931381,0.9620253443717957,0.022413693368434906
953164800.0,0.606115460395813,0.3500291109085083,0.043855343014001846
953164800.0,0.04531414434313774,0.8888224959373474,0.06586337834596634
953164800.0,0.5455804467201233,0.36159318685531616,0.09282640367746353
953164800.0,0.19267421960830688,0.5647611618041992,0.2425646036863327
953164800.0,0.3587595522403717,0.5861599445343018,0.055080484598875046
953164800.0,0.23316025733947754,0.6802424788475037,0.08659721165895462
953164800.0,0.662330150604248,0.32204344868659973,0.01562640070915222
953164800.0,0.5945485830307007,0.34487324953079224,0.060578085482120514
953164800.0,0.7454710602760315,0.22968965768814087,0.0248392503708601
953164800.0,0.9858771562576294,0.011373171582818031,0.0027496772818267345
953164800.0,0.9675740003585815,0.028580933809280396,0.0038451075088232756
953164800.0,0.852687656879425,0.13404196500778198,0.013270416297018528
953164800.0,0.18215206265449524,0.6750396490097046,0.14280834794044495
953164800.0,0.7231468558311462,0.24942810833454132,0.027425047010183334
953164800.0,0.2290293574333191,0.7385461926460266,0.03242442384362221
953164800.0,0.48125019669532776,0.5021253824234009,0.016624435782432556
953164800.0,0.983187198638916,0.013360954821109772,0.0034519070759415627
953164800.0,0.8259020447731018,0.16018864512443542,0.01390923373401165
953164800.0,0.6190099716186523,0.3547446131706238,0.02624545991420746
953164800.0,0.8969999551773071,0.08623732626438141,0.01676275208592415
953164800.0,0.6628093719482422,0.31093937158584595,0.026251306757330894
953164800.0,0.9336406588554382,0.05630004405975342,0.010059244930744171
953164800.0,0.40065738558769226,0.5663671493530273,0.03297550231218338
953164800.0,0.041755612939596176,0.9499331712722778,0.00831123162060976
953164800.0,0.3408674895763397,0.5730236768722534,0.08610881119966507
953164800.0,0.9815199375152588,0.015605141408741474,0.002874941797927022
953164800.0,0.9629137516021729,0.03226906806230545,0.0048171584494411945
953164800.0,0.030649665743112564,0.9549081325531006,0.014442193321883678
953164800.0,0.3573918342590332,0.5850569009780884,0.05755128711462021
953164800.0,0.9148620367050171,0.07893776148557663,0.0062002274207770824
953164800.0,0.9664850831031799,0.02806343138217926,0.005451443139463663
953164800.0,0.10693690925836563,0.8848467469215393,0.008216415531933308
953164800.0,0.16366229951381683,0.7829880714416504,0.0533495657145977
953164800.0,0.931216299533844,0.06268651783466339,0.0060972305946052074
