t_epoch_seconds,-1,0,1
951955200.0,0.14836786687374115,0.8412732481956482,0.010358880273997784
951955200.0,0.06723041087388992,0.7184020280838013,0.2143675982952118
952041600.0,0.012664522975683212,0.9778679609298706,0.00946755800396204
952128000.0,0.043285079300403595,0.39832401275634766,0.5583909153938293
952128000.0,0.07546201348304749,0.3630326986312866,0.5615053176879883
952128000.0,0.1605389416217804,0.5252256989479065,0.3142353892326355
952128000.0,0.04036587104201317,0.9123539924621582,0.04728012531995773
952214400.0,0.02018880471587181,0.9557017683982849,0.024109449237585068
952214400.0,0.1105763167142868,0.6005898118019104,0.2888338565826416
952214400.0,0.050453122705221176,0.9307584762573242,0.018788328394293785
952214400.0,0.024168947711586952,0.8162172436714172,0.15961386263370514
952300800.0,0.02334498055279255,0.34535712003707886,0.6312978863716125
952300800.0,0.09142766147851944,0.8930995464324951,0.015472725965082645
952387200.0,0.046228356659412384,0.32982000708580017,0.6239516139030457
952387200.0,0.33719050884246826,0.6522306799888611,0.010578845627605915
952473600.0,0.020072856917977333,0.8516114950180054,0.12831565737724304
952473600.0,0.5696324110031128,0.36583399772644043,0.06453360617160797
952560000.0,0.13512180745601654,0.7481696605682373,0.11670847982168198
952560000.0,0.02837369777262211,0.8789483308792114,0.092678003013134
952560000.0,0.022253965958952904,0.9554911851882935,0.022254828363656998
952560000.0,0.10263969004154205,0.7676863074302673,0.12967398762702942
952560000.0,0.02584591880440712,0.6667988300323486,0.3073553144931793
952560000.0,0.08310667425394058,0.41346919536590576,0.5034241676330566
952646400.0,0.027618391439318657,0.9050568342208862,0.06732473522424698
952646400.0,0.13215701282024384,0.8590351343154907,0.008807800710201263
952646400.0,0.3972490131855011,0.4840986728668213,0.11865234375
952646400.0,0.642435610294342,0.3429111838340759,0.014653152786195278
952646400.0,0.4726152718067169,0.4558189809322357,0.07156573981046677
952646400.0,0.026000168174505234,0.17669862508773804,0.7973012328147888
952646400.0,0.043068382889032364,0.9236868619918823,0.03324482962489128
952646400.0,0.5243965983390808,0.4262920022010803,0.049311425536870956
952646400.0,0.25138652324676514,0.5609135627746582,0.18769985437393188
952646400.0,0.3464664816856384,0.6433666348457336,0.010166842490434647
952646400.0,0.009832271374762058,0.6923094391822815,0.2978583574295044
952646400.0,0.045862145721912384,0.8106406331062317,0.1434972733259201
952646400.0,0.013027363456785679,0.6172316670417786,0.36974096298217773
952646400.0,0.4054603576660156,0.5562689900398254,0.038270629942417145
952646400.0,0.015189562924206257,0.9672340154647827,0.017576348036527634
952646400.0,0.38382023572921753,0.5551865696907043,0.06099313497543335
952646400.0,0.005208850838243961,0.8737713098526001,0.12101985514163971
952646400.0,0.013468414545059204,0.6396176815032959,0.3469138443470001
952646400.0,0.4090663492679596,0.5776810646057129,0.013252576813101768
952646400.0,0.06966506689786911,0.7293376326560974,0.20099730789661407
952646400.0,0.02564469911158085,0.4632219970226288,0.5111333727836609
952646400.0,0.11624232679605484,0.691660463809967,0.1920972615480423
952732800.0,0.36691784858703613,0.5102862119674683,0.12279591709375381
952732800.0,0.007923432625830173,0.08956260234117508,0.9025139212608337
952732800.0,0.7175381779670715,0.27018192410469055,0.01227992121130228
952732800.0,0.010141029953956604,0.13623277842998505,0.8536262512207031
952732800.0,0.5893645882606506,0.37267595529556274,0.037959419190883636
952732800.0,0.01341975387185812,0.41770219802856445,0.5688779950141907
952732800.0,0.9130984544754028,0.08079691976308823,0.00610462948679924
952732800.0,0.22089986503124237,0.5940781235694885,0.18502195179462433
952732800.0,0.1615452617406845,0.7470998764038086,0.0913548544049263
952732800.0,0.861007571220398,0.13062085211277008,0.008371652103960514
952732800.0,0.0120204733684659,0.712103009223938,0.275876522064209
952732800.0,0.006068440154194832,0.13223059475421906,0.8617009520530701
952732800.0,0.0954284593462944,0.7603476047515869,0.1442238986492157
952732800.0,0.004242644179612398,0.039356257766485214,0.9564010500907898
952732800.0,0.1101054772734642,0.8834742903709412,0.006420229561626911
952732800.0,0.053794991225004196,0.6791619658470154,0.2670430839061737
952732800.0,0.10009612888097763,0.7113623023033142,0.18854160606861115
952732800.0,0.011474528349936008,0.10256612300872803,0.8859593868255615
952732800.0,0.9488109946250916,0.04518141597509384,0.006007591262459755
952732800.0,0.0823705717921257,0.9100728034973145,0.007556585129350424
952732800.0,0.04081268608570099,0.9448181986808777,0.014369186013936996
952732800.0,0.18488509953022003,0.8057058453559875,0.009409051388502121
952732800.0,0.03888542205095291,0.22131872177124023,0.7397959232330322
952732800.0,0.007376477122306824,0.9579951763153076,0.034628286957740784
952732800.0,0.06974129378795624,0.43739455938339233,0.4928641617298126
952732800.0,0.08223357796669006,0.5125089883804321,0.4052574336528778
952732800.0,0.14204084873199463,0.8417522311210632,0.016207018867135048
952732800.0,0.03757926821708679,0.3151889145374298,0.6472317576408386
952732800.0,0.5985009670257568,0.37062931060791016,0.03086971491575241
952732800.0,0.028343848884105682,0.18662145733833313,0.785034716129303
952732800.0,0.9201895594596863,0.06748344004154205,0.01232703123241663
952732800.0,0.045724570751190186,0.45292386412620544,0.501351535320282
952732800.0,0.03162076696753502,0.4042609632015228,0.5641182661056519
952732800.0,0.7244722843170166,0.24556002020835876,0.02996772713959217
952732800.0,0.2134295552968979,0.3406018614768982,0.4459685683250427
952732800.0,0.49477794766426086,0.4493491053581238,0.05587293952703476
952732800.0,0.3842967748641968,0.5684028267860413,0.04730043187737465
952732800.0,0.24961917102336884,0.610817551612854,0.13956332206726074
952732800.0,0.03011811524629593,0.8561306595802307,0.11375116556882858
952732800.0,0.20530200004577637,0.7153435945510864,0.079354427754879
952732800.0,0.10580989718437195,0.595047116279602,0.29914289712905884
952732800.0,0.09732621908187866,0.7006440758705139,0.20202967524528503
952732800.0,0.05043753236532211,0.925972580909729,0.023589838296175003
952732800.0,0.06129073351621628,0.5811253786087036,0.3575838804244995
952732800.0,0.05167302489280701,0.9395545721054077,0.008772464469075203
952732800.0,0.06683960556983948,0.8880608677864075,0.04509953409433365
952732800.0,0.2764340937137604,0.6716197729110718,0.05194608494639397
952732800.0,0.9631885886192322,0.03207430988550186,0.00473704794421792
952732800.0,0.6019473671913147,0.3503613770008087,0.0476912260055542
952732800.0,0.9625259637832642,0.03149333596229553,0.0059806727804243565
952732800.0,0.06581656634807587,0.8123998641967773,0.12178358435630798
952732800.0,0.30504193902015686,0.4765278697013855,0.21843011677265167
952732800.0,0.017100989818572998,0.9777058959007263,0.005193057004362345
952732800.0,0.8148060441017151,0.15091247856616974,0.03428152948617935
952732800.0,0.016257474198937416,0.946879506111145,0.03686303272843361
952732800.0,0.0094281742349267,0.96554034948349,0.025031445547938347
952732800.0,0.1331653892993927,0.858121395111084,0.008713165298104286
952732800.0,0.8571065664291382,0.13126559555530548,0.011627823114395142
952732800.0,0.026179151609539986,0.7152103781700134,0.25861048698425293
952732800.0,0.2908226251602173,0.6501718759536743,0.05900552123785019
952732800.0,0.5392813682556152,0.4233544170856476,0.03736422583460808
952732800.0,0.8246707916259766,0.16409629583358765,0.011232898570597172
952732800.0,0.10341422259807587,0.8099055290222168,0.08668029308319092
952732800.0,0.19890019297599792,0.6838340759277344,0.1172657459974289
952732800.0,0.22816115617752075,0.7527643442153931,0.019074486568570137
952732800.0,0.1645345687866211,0.7977485656738281,0.037716832011938095
952732800.0,0.7459577918052673,0.23009167611598969,0.023950587958097458
952732800.0,0.31146004796028137,0.6709640026092529,0.017575955018401146
952732800.0,0.4921473264694214,0.4727906584739685,0.035062000155448914
952732800.0,0.2418084442615509,0.739138662815094,0.019052954390645027
952732800.0,0.5762824416160583,0.3935622274875641,0.030155353248119354
952732800.0,0.08432101458311081,0.8106484413146973,0.10503048449754715
952732800.0,0.3368918299674988,0.5780186057090759,0.08508956432342529
952732800.0,0.26090678572654724,0.5569986701011658,0.1820944845676422
952732800.0,0.0636410340666771,0.9177707433700562,0.018588220700621605
952819200.0,0.02350572496652603,0.9588557481765747,0.01763852685689926
952819200.0,0.41834327578544617,0.49751168489456177,0.08414506912231445
952819200.0,0.6506395936012268,0.2970125377178192,0.05234790965914726
952819200.0,0.40402987599372864,0.5281869173049927,0.06778319925069809
952819200.0,0.08704434335231781,0.6178135275840759,0.29514214396476746
952819200.0,0.7420191764831543,0.23839281499385834,0.019587932154536247
952819200.0,0.7359755635261536,0.25245481729507446,0.011569667607545853
952819200.0,0.06358765065670013,0.9186097383499146,0.017802637070417404
952819200.0,0.6105755567550659,0.3689206540584564,0.020503846928477287
952819200.0,0.5381048917770386,0.4157341420650482,0.04616089165210724
952819200.0,0.01816793903708458,0.5764389634132385,0.40539318323135376
952819200.0,0.2126520276069641,0.5729361772537231,0.21441183984279633
952819200.0,0.3101980686187744,0.5915282964706421,0.09827370196580887
952819200.0,0.8539462089538574,0.13807108998298645,0.007982679642736912
952819200.0,0.5968663096427917,0.360840380191803,0.04229332134127617
952819200.0,0.3715924620628357,0.5994277000427246,0.028979778289794922
952819200.0,0.9185664653778076,0.07522056251764297,0.006213043350726366
952819200.0,0.049705568701028824,0.3406914472579956,0.6096029877662659
952819200.0,0.47848162055015564,0.512794017791748,0.008724317885935307
952819200.0,0.5137800574302673,0.44020968675613403,0.04601026698946953
952819200.0,0.1678212434053421,0.8059834241867065,0.026195397600531578
952819200.0,0.018320461735129356,0.1391693651676178,0.8425102233886719
952819200.0,0.01387933362275362,0.9758906960487366,0.010229937732219696
952819200.0,0.07902809977531433,0.8820080161094666,0.0389639213681221
952819200.0,0.22533360123634338,0.7052010893821716,0.06946533918380737
952819200.0,0.767745316028595,0.21444465219974518,0.01781003549695015
952819200.0,0.6439617872238159,0.3099566400051117,0.04608164355158806
952819200.0,0.32003292441368103,0.5833659768104553,0.09660112112760544
952819200.0,0.019239583984017372,0.1310199499130249,0.8497404456138611
952819200.0,0.24266913533210754,0.7091485261917114,0.048182301223278046
952819200.0,0.022509483620524406,0.3789390027523041,0.5985514521598816
952819200.0,0.319495290517807,0.5241601467132568,0.15634453296661377
952819200.0,0.708285927772522,0.26567164063453674,0.02604241669178009
952819200.0,0.10423611104488373,0.6277064085006714,0.26805755496025085
952819200.0,0.14602220058441162,0.6163201332092285,0.23765766620635986
952819200.0,0.008533678017556667,0.06877771019935608,0.9226886034011841
952819200.0,0.04723122715950012,0.4071269929409027,0.5456417798995972
952819200.0,0.19769354164600372,0.7756162881851196,0.026690125465393066
952819200.0,0.00955107994377613,0.09264560788869858,0.8978033065795898
952819200.0,0.9528856873512268,0.04190472140908241,0.0052095698192715645
952819200.0,0.018365316092967987,0.30447864532470703,0.6771560907363892
952819200.0,0.003046044148504734,0.02027965523302555,0.9766743183135986
952819200.0,0.04231225326657295,0.5307940244674683,0.4268937110900879
952819200.0,0.7777374982833862,0.21535617113113403,0.0069062793627381325
952819200.0,0.007561894599348307,0.07990702241659164,0.9125310778617859
952819200.0,0.27260830998420715,0.559987485408783,0.16740426421165466
952819200.0,0.03901280090212822,0.7438164949417114,0.21717074513435364
952819200.0,0.5483440160751343,0.4308779537677765,0.020778054371476173
952819200.0,0.07514648139476776,0.37622398138046265,0.5486295223236084
952819200.0,0.1615971475839615,0.6154582500457764,0.22294458746910095
952819200.0,0.10412510484457016,0.8719435334205627,0.023931419476866722
952819200.0,0.14119881391525269,0.3273584246635437,0.5314427614212036
952819200.0,0.03827917203307152,0.30118528008461,0.6605355739593506
952819200.0,0.26253366470336914,0.6495187282562256,0.08794757723808289
952819200.0,0.0557192899286747,0.43640851974487305,0.5078722238540649
952819200.0,0.0263974629342556,0.2164565473794937,0.7571460008621216
952819200.0,0.22148768603801727,0.5825577974319458,0.19595445692539215
952819200.0,0.28994911909103394,0.6807628870010376,0.02928801253437996
952819200.0,0.421616792678833,0.444535493850708,0.13384772837162018
952819200.0,0.08220979571342468,0.5865650773048401,0.33122509717941284
952819200.0,0.07296065986156464,0.7831172347068787,0.14392204582691193
952819200.0,0.013670232146978378,0.15224844217300415,0.8340813517570496
952819200.0,0.4310973286628723,0.5417830348014832,0.027119701728224754
952819200.0,0.05674104392528534,0.39124107360839844,0.552017867565155
952819200.0,0.8161396384239197,0.17019003629684448,0.013670307584106922
952819200.0,0.08672904223203659,0.8230859637260437,0.09018509835004807
952819200.0,0.027788503095507622,0.1565937101840973,0.8156177997589111
952819200.0,0.28050586581230164,0.6759287118911743,0.043565407395362854
952819200.0,0.03290575370192528,0.4209747910499573,0.5461194515228271
952819200.0,0.30139678716659546,0.6857485175132751,0.012854691594839096
952819200.0,0.007766567170619965,0.13642601668834686,0.8558074235916138
952819200.0,0.8581731915473938,0.1303008496761322,0.011525904759764671
952819200.0,0.18377728760242462,0.664868950843811,0.15135380625724792
952819200.0,0.33883965015411377,0.6104159355163574,0.050744399428367615
952819200.0,0.215741366147995,0.7435547113418579,0.04070395976305008
952819200.0,0.6948668360710144,0.29552721977233887,0.009606020525097847
952819200.0,0.13287565112113953,0.7129800915718079,0.1541442722082138
952819200.0,0.014948330819606781,0.8762655854225159,0.10878615826368332
952819200.0,0.006995708215981722,0.9298245310783386,0.06317976117134094
952819200.0,0.2947431206703186,0.5680356025695801,0.1372213214635849
952819200.0,0.03288460150361061,0.2899613678455353,0.677154004573822
952819200.0,0.8592332005500793,0.12833018600940704,0.012436620891094208
952819200.0,0.05292625352740288,0.3679516911506653,0.5791221261024475
952819200.0,0.6483854055404663,0.3150332272052765,0.036581337451934814
952819200.0,0.010485408827662468,0.09772048145532608,0.8917941451072693
952819200.0,0.08408334851264954,0.41927704215049744,0.4966396391391754
952819200.0,0.010341855697333813,0.1386636197566986,0.8509945273399353
952819200.0,0.7247048020362854,0.25938063859939575,0.01591460034251213
952819200.0,0.5245757102966309,0.4673474133014679,0.008076842874288559
952819200.0,0.5125972628593445,0.41367512941360474,0.0737275779247284
952819200.0,0.292768269777298,0.6740240454673767,0.03320765122771263
952819200.0,0.0417957603931427,0.640546977519989,0.3176572322845459
952819200.0,0.02695232816040516,0.33584120869636536,0.6372064352035522
952819200.0,0.004804626572877169,0.0523170605301857,0.9428783059120178
952819200.0,0.19299417734146118,0.6453857421875,0.1616201102733612
952819200.0,0.7028014063835144,0.2795408368110657,0.01765771210193634
952819200.0,0.06570135056972504,0.3308248221874237,0.6034737825393677
952819200.0,0.1433163434267044,0.5183538198471069,0.33832982182502747
952819200.0,0.01255383063107729,0.14087916910648346,0.8465670347213745
952819200.0,0.023185355588793755,0.2996523380279541,0.6771622896194458
952819200.0,0.712108314037323,0.26775118708610535,0.02014058455824852
952819200.0,0.013296271674335003,0.18281641602516174,0.8038873076438904
952819200.0,0.9069063663482666,0.08788455277681351,0.0052091763354837894
952819200.0,0.05825290083885193,0.7010900974273682,0.2406570315361023
952819200.0,0.011766385287046432,0.9779821634292603,0.010251442901790142
952819200.0,0.03205759823322296,0.24499498307704926,0.7229474782943726
952819200.0,0.5909119844436646,0.3868509531021118,0.022237112745642662
952819200.0,0.9143631458282471,0.07965462654829025,0.005982256960123777
952819200.0,0.2598247528076172,0.6120461821556091,0.1281290501356125
952819200.0,0.03505558520555496,0.9439790844917297,0.020965320989489555
952819200.0,0.020118221640586853,0.9722693562507629,0.007612461224198341
952819200.0,0.20831841230392456,0.6930307149887085,0.09865083545446396
952819200.0,0.043658532202243805,0.34629008173942566,0.6100513935089111
952819200.0,0.006720035802572966,0.03895687311887741,0.9543231129646301
952819200.0,0.010137227363884449,0.14219576120376587,0.8476670384407043
952819200.0,0.34952878952026367,0.4718131721019745,0.17865803837776184
952819200.0,0.007338955532759428,0.9806793928146362,0.011981656774878502
952819200.0,0.03941817209124565,0.9002560377120972,0.060325805097818375
952819200.0,0.009489850141108036,0.9476402401924133,0.0428699292242527
952819200.0,0.04759756848216057,0.9273561835289001,0.02504632994532585
952819200.0,0.5975220203399658,0.33849698305130005,0.06398098170757294
952819200.0,0.33822140097618103,0.6447942852973938,0.016984255984425545
952819200.0,0.34868359565734863,0.5670532584190369,0.0842631608247757
952819200.0,0.021965719759464264,0.2114836424589157,0.766550600528717
952819200.0,0.037448983639478683,0.18881504237651825,0.7737360000610352
952819200.0,0.574633777141571,0.40131044387817383,0.02405582368373871
952819200.0,0.27119457721710205,0.6739597916603088,0.054845668375492096
952819200.0,0.007580809760838747,0.9475969076156616,0.04482235759496689
952819200.0,0.03205765038728714,0.3512377440929413,0.6167046427726746
952819200.0,0.10328741371631622,0.8752995133399963,0.02141302078962326
952819200.0,0.02718186564743519,0.42270568013191223,0.5501124858856201
952819200.0,0.06985480338335037,0.7057000994682312,0.22444508969783783
952819200.0,0.25877854228019714,0.6108824014663696,0.13033905625343323
952819200.0,0.0641711875796318,0.7004970908164978,0.23533177375793457
952819200.0,0.24016554653644562,0.605030357837677,0.15480417013168335
952819200.0,0.18490369617938995,0.7441118955612183,0.07098431885242462
952819200.0,0.46633100509643555,0.5215379595756531,0.012131058610975742
952819200.0,0.29612797498703003,0.6680008769035339,0.03587111830711365
952819200.0,0.00986547116190195,0.09365542232990265,0.8964791297912598
952819200.0,0.011144393123686314,0.9390555024147034,0.04980011656880379
952819200.0,0.03616712987422943,0.9506848454475403,0.013148082420229912
952819200.0,0.007710006553679705,0.964721143245697,0.027568913996219635
952819200.0,0.12176958471536636,0.6605730652809143,0.2176574021577835
952819200.0,0.4633890986442566,0.4640452265739441,0.07256566733121872
952819200.0,0.5150802135467529,0.4173363745212555,0.0675833448767662
952819200.0,0.4028415381908417,0.5691311359405518,0.028027350082993507
952819200.0,0.007416755426675081,0.4639415740966797,0.5286417007446289
952819200.0,0.245050311088562,0.6390594244003296,0.11589022725820541
952819200.0,0.07427816838026047,0.7314429879188538,0.1942787915468216
952819200.0,0.13818030059337616,0.7755144238471985,0.08630518615245819
952819200.0,0.008709920570254326,0.6973052024841309,0.2939848005771637
952819200.0,0.045690860599279404,0.9216309189796448,0.03267830237746239
952819200.0,0.4795604646205902,0.48181354999542236,0.038625992834568024
952819200.0,0.5173529386520386,0.38830190896987915,0.09434515982866287
952819200.0,0.39852169156074524,0.5365995764732361,0.06487873941659927
952819200.0,0.005015913862735033,0.03165111690759659,0.9633329510688782
952819200.0,0.019085047766566277,0.9672173261642456,0.013697735033929348
952819200.0,0.7043217420578003,0.28572461009025574,0.00995362177491188
952819200.0,0.05280900374054909,0.9374369978904724,0.009753944352269173
952819200.0,0.1003497838973999,0.8909071683883667,0.008743034675717354
952819200.0,0.2666738033294678,0.5383453369140625,0.19498085975646973
952819200.0,0.04881070554256439,0.3343748450279236,0.6168144941329956
952819200.0,0.006987020373344421,0.07363466918468475,0.9193782806396484
952819200.0,0.031335972249507904,0.36991506814956665,0.5987489223480225
952819200.0,0.23495686054229736,0.6691205501556396,0.09592262655496597
952819200.0,0.20028604567050934,0.7724449038505554,0.0272690299898386
952819200.0,0.02534787356853485,0.24236512184143066,0.7322869896888733
952819200.0,0.21284624934196472,0.7698230743408203,0.01733069308102131
952819200.0,0.008576644584536552,0.9287353754043579,0.06268792599439621
952819200.0,0.05762065201997757,0.35615646839141846,0.5862228870391846
952819200.0,0.3186051845550537,0.6626755595207214,0.01871924102306366
952819200.0,0.04326044023036957,0.36164164543151855,0.5950978994369507
952819200.0,0.0641462430357933,0.9000688195228577,0.03578491136431694
952819200.0,0.5392223000526428,0.440105676651001,0.020672010257840157
952819200.0,0.3707774877548218,0.5068842172622681,0.12233827263116837
952819200.0,0.006622944958508015,0.03428153693675995,0.9590954780578613
952819200.0,0.01950804702937603,0.9554494023323059,0.02504255250096321
952819200.0,0.021582020446658134,0.17250455915927887,0.8059134483337402
952819200.0,0.01653287746012211,0.1536705046892166,0.8297966122627258
952819200.0,0.1759076714515686,0.6421304941177368,0.18196184933185577
952819200.0,0.20598691701889038,0.5386289358139038,0.2553841471672058
952819200.0,0.009812369011342525,0.9292955994606018,0.06089203804731369
952819200.0,0.11908390372991562,0.8705028891563416,0.010413171723484993
952819200.0,0.319757342338562,0.6383165717124939,0.041926123201847076
952819200.0,0.09886658936738968,0.8554389476776123,0.045694414526224136
952819200.0,0.14450618624687195,0.8496233820915222,0.005870462395250797
952819200.0,0.14024926722049713,0.4781264364719391,0.381624311208725
952819200.0,0.2926763594150543,0.6628245115280151,0.04449918493628502
952819200.0,0.014945445582270622,0.13581380248069763,0.8492407202720642
952819200.0,0.032029181718826294,0.21072091162204742,0.7572499513626099
952819200.0,0.02665570378303528,0.37820565700531006,0.5951386094093323
952819200.0,0.49208763241767883,0.4635014235973358,0.04441097006201744
952819200.0,0.23915426433086395,0.47202610969543457,0.28881970047950745
952819200.0,0.011852739378809929,0.12314464151859283,0.8650026321411133
952819200.0,0.40987372398376465,0.5670426487922668,0.02308359183371067
952819200.0,0.5730231404304504,0.37345466017723083,0.05352218821644783
952819200.0,0.025606604292988777,0.12420928478240967,0.8501840829849243
952819200.0,0.1017666906118393,0.6528815627098083,0.24535170197486877
952819200.0,0.10616468638181686,0.6281228065490723,0.26571252942085266
952819200.0,0.39015814661979675,0.47170621156692505,0.138135626912117
952819200.0,0.04729580879211426,0.45584219694137573,0.4968620240688324
952819200.0,0.3140479028224945,0.5921227335929871,0.09382932633161545
952819200.0,0.08339733630418777,0.6359469294548035,0.28065571188926697
952819200.0,0.27856335043907166,0.6628315448760986,0.05860506370663643
952819200.0,0.0774400606751442,0.7989176511764526,0.12364235520362854
952819200.0,0.1630057394504547,0.8158196210861206,0.02117464877665043
952819200.0,0.5843537449836731,0.3649575710296631,0.050688665360212326
952819200.0,0.4259633421897888,0.5387454628944397,0.035291191190481186
952819200.0,0.04440770670771599,0.3266264498233795,0.6289658546447754
952819200.0,0.1354127824306488,0.8514687418937683,0.013118431903421879
952819200.0,0.15001341700553894,0.7338987588882446,0.11608779430389404
952819200.0,0.21836315095424652,0.5893728137016296,0.19226400554180145
952819200.0,0.6592569351196289,0.2925110459327698,0.04823202267289162
952819200.0,0.48696866631507874,0.4316650927066803,0.08136627823114395
952819200.0,0.048870284110307693,0.3993540108203888,0.5517756938934326
952819200.0,0.03520927578210831,0.44945037364959717,0.5153403282165527
952819200.0,0.08203525096178055,0.550381600856781,0.36758315563201904
952819200.0,0.0029882793314754963,0.009519092738628387,0.9874926805496216
952819200.0,0.5240868330001831,0.4417838454246521,0.034129366278648376
952819200.0,0.03117779828608036,0.7964218854904175,0.17240025103092194
952819200.0,0.43096715211868286,0.49061092734336853,0.07842189073562622
952819200.0,0.09345917403697968,0.6938669681549072,0.21267381310462952
952819200.0,0.01632574573159218,0.9467251896858215,0.0369490385055542
952819200.0,0.015443236567080021,0.9716576337814331,0.012899111025035381
952819200.0,0.8485687375068665,0.14328256249427795,0.00814864132553339
952819200.0,0.055782854557037354,0.8902795314788818,0.053937654942274094
952819200.0,0.023148465901613235,0.17686347663402557,0.7999880909919739
952819200.0,0.07853709161281586,0.8993416428565979,0.022121215239167213
952819200.0,0.6617043018341064,0.31326907873153687,0.025026606395840645
952819200.0,0.6006053686141968,0.38819870352745056,0.011195954866707325
952819200.0,0.8526149392127991,0.13488991558551788,0.012495153583586216
952819200.0,0.0699051097035408,0.9061710834503174,0.023923806846141815
952819200.0,0.027989737689495087,0.9338458180427551,0.03816450759768486
952819200.0,0.9726247191429138,0.02311064675450325,0.004264553543180227
952819200.0,0.2560323476791382,0.6504166126251221,0.09355103224515915
952819200.0,0.004893626552075148,0.026964494958519936,0.9681419134140015
952819200.0,0.1379818469285965,0.4467492997646332,0.4152688980102539
952819200.0,0.15286150574684143,0.5907221436500549,0.25641629099845886
952819200.0,0.022028377279639244,0.17524276673793793,0.8027288317680359
952819200.0,0.03326911851763725,0.49850964546203613,0.4682212173938751
952819200.0,0.09493401646614075,0.6463344693183899,0.25873157382011414
952819200.0,0.05614594370126724,0.8737758994102478,0.07007811963558197
952819200.0,0.0888853669166565,0.5588486194610596,0.35226601362228394
952819200.0,0.049550339579582214,0.39230477809906006,0.5581449270248413
952819200.0,0.17474161088466644,0.6858227849006653,0.1394355148077011
952819200.0,0.23532350361347198,0.741178572177887,0.023497939109802246
952819200.0,0.03497294336557388,0.43892884254455566,0.5260981917381287
952819200.0,0.04157646372914314,0.4875306785106659,0.47089284658432007
952819200.0,0.18532811105251312,0.6606755256652832,0.15399636328220367
952819200.0,0.40792927145957947,0.5428498983383179,0.04922086000442505
952819200.0,0.22218747437000275,0.6221863031387329,0.15562625229358673
952819200.0,0.011131955310702324,0.9688809514045715,0.01998710446059704
952819200.0,0.354131817817688,0.6051595211029053,0.040708690881729126
952819200.0,0.6271703839302063,0.32013052701950073,0.052699021995067596
952819200.0,0.005030815023928881,0.0355667918920517,0.9594024419784546
952819200.0,0.04988505691289902,0.30647754669189453,0.6436373591423035
952819200.0,0.5046911239624023,0.40760472416877747,0.08770419657230377
952819200.0,0.29326045513153076,0.6128036379814148,0.09393598139286041
952819200.0,0.38281935453414917,0.5939269065856934,0.023253830149769783
952819200.0,0.2543122470378876,0.6335394382476807,0.11214838922023773
952819200.0,0.2687824070453644,0.5603167414665222,0.1709008514881134
952819200.0,0.7529491782188416,0.21816951036453247,0.028881289064884186
952819200.0,0.01964092254638672,0.22181597352027893,0.758543074131012
952819200.0,0.6151207685470581,0.35832589864730835,0.02655336819589138
952819200.0,0.09699820727109909,0.4321785271167755,0.4708233177661896
952819200.0,0.9611194133758545,0.035876236855983734,0.0030043229926377535
952819200.0,0.08506114035844803,0.8005759119987488,0.11436297744512558
952905600.0,0.9340572953224182,0.05533251166343689,0.01061019767075777
952905600.0,0.15605050325393677,0.8247957825660706,0.019153699278831482
952905600.0,0.3558867573738098,0.6174107789993286,0.02670248970389366
952905600.0,0.5972174406051636,0.3871164321899414,0.01566610299050808
952905600.0,0.9002820253372192,0.08333615213632584,0.016381848603487015
952905600.0,0.024823356419801712,0.17835918068885803,0.796817421913147
952905600.0,0.2557956278324127,0.5177627801895142,0.22644159197807312
952905600.0,0.049347929656505585,0.9238383173942566,0.02681366540491581
952905600.0,0.8364561796188354,0.15135137736797333,0.01219240203499794
952905600.0,0.2759895324707031,0.44307899475097656,0.2809314727783203
952905600.0,0.2331460565328598,0.7271257638931274,0.039728209376335144
952905600.0,0.02397088147699833,0.7615976929664612,0.21443139016628265
952905600.0,0.39753246307373047,0.5857341289520264,0.016733501106500626
952905600.0,0.011646217666566372,0.21062226593494415,0.7777314782142639
952905600.0,0.09074027836322784,0.45192015171051025,0.45733964443206787
952905600.0,0.20721645653247833,0.6340400576591492,0.15874351561069489
952905600.0,0.02360536716878414,0.6124536395072937,0.3639409840106964
952905600.0,0.34205329418182373,0.4857299029827118,0.1722167432308197
952905600.0,0.025843126699328423,0.23941093683242798,0.7347459197044373
952905600.0,0.5477444529533386,0.44546258449554443,0.006792923901230097
952905600.0,0.008105338551104069,0.07029563188552856,0.9215990304946899
952905600.0,0.12537580728530884,0.7572115063667297,0.11741271615028381
952905600.0,0.021751219406723976,0.16908098757266998,0.8091678023338318
952905600.0,0.3456967771053314,0.5938249230384827,0.0604783333837986
952905600.0,0.5317357182502747,0.452009916305542,0.01625433750450611
952905600.0,0.015087355859577656,0.9319015741348267,0.05301108583807945
952905600.0,0.8926571607589722,0.09662112593650818,0.01072175707668066
952905600.0,0.08635253459215164,0.8867227435112,0.026924660429358482
952905600.0,0.04262961447238922,0.3541398346424103,0.6032305359840393
952905600.0,0.22405295073986053,0.6289633512496948,0.14698372781276703
952905600.0,0.024974679574370384,0.14116334915161133,0.8338619470596313
952905600.0,0.33031871914863586,0.5610884428024292,0.1085929349064827
952905600.0,0.9640708565711975,0.03031308948993683,0.005616065114736557
952905600.0,0.09385097771883011,0.8006047010421753,0.10554429888725281
952905600.0,0.4079591631889343,0.45103535056114197,0.1410055160522461
952905600.0,0.7208348512649536,0.26507025957107544,0.014094902202486992
952905600.0,0.6473336815834045,0.2708192765712738,0.08184707909822464
952905600.0,0.1573282778263092,0.6633853912353516,0.17928624153137207
952905600.0,0.3878795802593231,0.5949705243110657,0.017149867489933968
952905600.0,0.047288745641708374,0.9412168264389038,0.011494417674839497
952905600.0,0.8859178423881531,0.10747312754392624,0.006609034258872271
952905600.0,0.24905437231063843,0.7198632955551147,0.03108232095837593
952905600.0,0.006915646605193615,0.04038389399647713,0.9527004957199097
952905600.0,0.018030798062682152,0.10572652518749237,0.8762426972389221
952905600.0,0.6678668856620789,0.2963036000728607,0.03582948446273804
952905600.0,0.07608246803283691,0.8695715665817261,0.05434593930840492
952905600.0,0.016667675226926804,0.15020716190338135,0.8331251740455627
952905600.0,0.035637177526950836,0.2846541702747345,0.6797086596488953
952905600.0,0.010636651888489723,0.059418097138404846,0.9299452304840088
952905600.0,0.6944407224655151,0.29072922468185425,0.014830022118985653
952905600.0,0.16837137937545776,0.8208802938461304,0.010748307220637798
952905600.0,0.02968408167362213,0.9591402411460876,0.011175617575645447
952905600.0,0.04981250315904617,0.5465913414955139,0.4035961329936981
952905600.0,0.45125678181648254,0.41667547821998596,0.13206766545772552
952905600.0,0.06650099903345108,0.7816627621650696,0.15183624625205994
952905600.0,0.10321184992790222,0.8087897300720215,0.08799836784601212
952905600.0,0.01758810505270958,0.6025876998901367,0.37982413172721863
952905600.0,0.02429068833589554,0.9052786231040955,0.0704307109117508
952905600.0,0.019248617812991142,0.875054657459259,0.10569676011800766
952905600.0,0.03927356377243996,0.39733272790908813,0.5633937120437622
952905600.0,0.9587965607643127,0.03755607455968857,0.0036473374348133802
952905600.0,0.0030755342449992895,0.022627737373113632,0.9742966890335083
952905600.0,0.003825498279184103,0.03822829946875572,0.9579461812973022
952905600.0,0.2114569991827011,0.6435832977294922,0.1449597179889679
952905600.0,0.44837334752082825,0.5069429874420166,0.04468367621302605
952905600.0,0.03250217065215111,0.2575012147426605,0.7099966406822205
952905600.0,0.004814234562218189,0.948433518409729,0.04675225168466568
952905600.0,0.009258998557925224,0.17937175929546356,0.8113692402839661
952905600.0,0.5586352348327637,0.43237313628196716,0.008991670794785023
952905600.0,0.04451928660273552,0.5980876088142395,0.3573931157588959
952905600.0,0.018809650093317032,0.10077155381441116,0.8804187774658203
952905600.0,0.27766484022140503,0.6231632828712463,0.09917193651199341
952905600.0,0.003847927786409855,0.04146873950958252,0.9546833634376526
952905600.0,0.012988684698939323,0.16551731526851654,0.8214939832687378
952905600.0,0.05887875333428383,0.525168776512146,0.4159524440765381
952905600.0,0.06638645380735397,0.3376270830631256,0.595986545085907
952905600.0,0.21200056374073029,0.6893944144248962,0.09860498458147049
952905600.0,0.1394490748643875,0.38960087299346924,0.47095003724098206
952905600.0,0.007890848442912102,0.07002345472574234,0.9220856428146362
952905600.0,0.011389773339033127,0.07770990580320358,0.910900354385376
952905600.0,0.01722322776913643,0.37391138076782227,0.6088654398918152
952905600.0,0.09162391722202301,0.3716176152229309,0.5367584824562073
952905600.0,0.015404916368424892,0.1941167712211609,0.7904782891273499
952905600.0,0.014828247018158436,0.19888438284397125,0.7862874269485474
952905600.0,0.04388447478413582,0.3701615035533905,0.5859540104866028
952905600.0,0.006391339004039764,0.08806237578392029,0.9055463075637817
952905600.0,0.03520338237285614,0.35528072714805603,0.609515905380249
952905600.0,0.04305782541632652,0.291669636964798,0.6652725338935852
952905600.0,0.03470930829644203,0.95168137550354,0.013609245419502258
952905600.0,0.5216279029846191,0.44590622186660767,0.03246588632464409
952905600.0,0.6319119334220886,0.34824487566947937,0.019843224436044693
952905600.0,0.02381853014230728,0.43421539664268494,0.5419661402702332
952905600.0,0.07153825461864471,0.45868054032325745,0.46978121995925903
952905600.0,0.6913795471191406,0.2971429228782654,0.011477542109787464
952905600.0,0.318442165851593,0.6212565302848816,0.060301318764686584
952905600.0,0.8121897578239441,0.17570213973522186,0.01210805680602789
952905600.0,0.165042906999588,0.8188059329986572,0.016151122748851776
952905600.0,0.5632368326187134,0.39057934284210205,0.04618382826447487
952905600.0,0.594744086265564,0.39559048414230347,0.009665430523455143
952905600.0,0.3028729259967804,0.6761612296104431,0.020965777337551117
952905600.0,0.08629708737134933,0.7658287882804871,0.147874116897583
952905600.0,0.03098123148083687,0.18627764284610748,0.782741129398346
952905600.0,0.03142980486154556,0.25936415791511536,0.7092060446739197
952905600.0,0.14366033673286438,0.431793212890625,0.4245464503765106
952905600.0,0.03725483641028404,0.9387057423591614,0.02403944917023182
952905600.0,0.014127475209534168,0.8996325135231018,0.08624006062746048
952905600.0,0.041818950325250626,0.5897303819656372,0.3684506118297577
952905600.0,0.4837535619735718,0.507439374923706,0.008807026781141758
952905600.0,0.01544159185141325,0.3055412769317627,0.679017186164856
952905600.0,0.27390390634536743,0.6818072199821472,0.044288866221904755
952905600.0,0.10552269220352173,0.37938445806503296,0.5150928497314453
952905600.0,0.009720192290842533,0.0927334874868393,0.8975463509559631
952905600.0,0.08270218223333359,0.8461417555809021,0.0711560919880867
952905600.0,0.007388213649392128,0.07640653103590012,0.9162052869796753
952905600.0,0.0651189535856247,0.8122982978820801,0.12258274853229523
952905600.0,0.022944143041968346,0.9174818396568298,0.059574007987976074
952905600.0,0.27234455943107605,0.5953726172447205,0.1322827786207199
952905600.0,0.10042087733745575,0.7961869239807129,0.10339216887950897
952905600.0,0.7350632548332214,0.22160890698432922,0.043327849358320236
952905600.0,0.03360602632164955,0.617818295955658,0.348575621843338
952905600.0,0.21280069649219513,0.7002049684524536,0.08699432015419006
952905600.0,0.9203799366950989,0.07106798887252808,0.008552017621695995
952905600.0,0.25834396481513977,0.5416216850280762,0.20003432035446167
952905600.0,0.004159670788794756,0.026367170736193657,0.9694731831550598
952905600.0,0.006806925870478153,0.9077451229095459,0.08544792234897614
952905600.0,0.014306381344795227,0.11551806330680847,0.8701755404472351
952905600.0,0.2894015908241272,0.5069454908370972,0.20365293323993683
952905600.0,0.05186424031853676,0.41912391781806946,0.5290117859840393
952905600.0,0.02195604145526886,0.18964409828186035,0.788399875164032
952905600.0,0.9128334522247314,0.0788719654083252,0.008294560946524143
952905600.0,0.010280645452439785,0.9465073943138123,0.04321202635765076
952905600.0,0.2541060149669647,0.6918318271636963,0.054062142968177795
952905600.0,0.030903620645403862,0.3660564422607422,0.6030398607254028
952905600.0,0.04363994672894478,0.19805559515953064,0.7583044767379761
952905600.0,0.6299101710319519,0.3592950403690338,0.010794770903885365
952905600.0,0.013086210004985332,0.380513459444046,0.6064003109931946
952905600.0,0.46589624881744385,0.43510788679122925,0.0989958792924881
952905600.0,0.0587526373565197,0.8550757765769958,0.08617155998945236
952905600.0,0.01956958696246147,0.5135796070098877,0.46685075759887695
952905600.0,0.021007409319281578,0.22294850647449493,0.7560440897941589
952905600.0,0.04697134345769882,0.9296948909759521,0.02333376742899418
952905600.0,0.9090914726257324,0.0827912837266922,0.00811715703457594
952905600.0,0.040931571274995804,0.7431126236915588,0.21595580875873566
952905600.0,0.1915929764509201,0.6815184354782104,0.12688861787319183
952905600.0,0.024720488116145134,0.20020683109760284,0.7750726342201233
952905600.0,0.07591422647237778,0.4086681008338928,0.5154176354408264
952905600.0,0.060923896729946136,0.5793702602386475,0.3597058951854706
952905600.0,0.036047015339136124,0.4725830554962158,0.49136990308761597
952905600.0,0.05137725919485092,0.9401201009750366,0.008502621203660965
952905600.0,0.39902085065841675,0.4784552752971649,0.12252382189035416
952905600.0,0.5111269354820251,0.42945072054862976,0.05942229926586151
952905600.0,0.011159135028719902,0.7204653024673462,0.2683756351470947
952905600.0,0.08472585678100586,0.663546621799469,0.25172749161720276
952905600.0,0.6363831758499146,0.31418943405151367,0.04942744970321655
952905600.0,0.019332149997353554,0.320646733045578,0.6600210666656494
952905600.0,0.22152963280677795,0.6846203207969666,0.09385010600090027
952905600.0,0.599404513835907,0.36468446254730225,0.03591100871562958
952905600.0,0.5745133757591248,0.33419695496559143,0.09128966182470322
952905600.0,0.05462857335805893,0.3078685402870178,0.6375028491020203
952905600.0,0.011045902036130428,0.06857627630233765,0.9203778505325317
952905600.0,0.04637240618467331,0.9455733895301819,0.008054107427597046
952905600.0,0.5219529271125793,0.4018745720386505,0.07617250084877014
952905600.0,0.530471920967102,0.383973091840744,0.08555495738983154
952905600.0,0.40904104709625244,0.4900698959827423,0.10088901966810226
952905600.0,0.8196355700492859,0.1647658497095108,0.015598565340042114
952905600.0,0.2478318214416504,0.5555111169815063,0.19665704667568207
952905600.0,0.929530143737793,0.06309399008750916,0.007375866174697876
952905600.0,0.6369529962539673,0.3366171419620514,0.026429887861013412
952905600.0,0.023471837863326073,0.3662097156047821,0.6103184223175049
952905600.0,0.48509377241134644,0.4343591630458832,0.0805470421910286
952905600.0,0.07403641194105148,0.9077548384666443,0.018208744004368782
952905600.0,0.021104969084262848,0.8637092709541321,0.11518572270870209
952905600.0,0.03717843070626259,0.9522308111190796,0.010590693913400173
952905600.0,0.14961472153663635,0.586600124835968,0.263785183429718
952905600.0,0.03730399161577225,0.31242629885673523,0.6502696871757507
952905600.0,0.868939220905304,0.12532398104667664,0.005736729595810175
952905600.0,0.22490446269512177,0.751772403717041,0.023323137313127518
952905600.0,0.014672336168587208,0.9703900814056396,0.014937600120902061
952905600.0,0.0543108694255352,0.28507354855537415,0.6606156229972839
952905600.0,0.2746032774448395,0.6578207015991211,0.06757595390081406
952905600.0,0.09218248724937439,0.7610182762145996,0.1467992216348648
952905600.0,0.029127486050128937,0.683834433555603,0.287038117647171
952905600.0,0.12170562893152237,0.8663174510002136,0.011976923793554306
952905600.0,0.37875738739967346,0.6082847714424133,0.01295778900384903
952905600.0,0.1880224347114563,0.7475519180297852,0.06442573666572571
952905600.0,0.017453176900744438,0.2070848047733307,0.7754619717597961
952905600.0,0.8533235192298889,0.13823969662189484,0.008436768315732479
952905600.0,0.03837558254599571,0.3324539065361023,0.6291704773902893
952905600.0,0.007907170802354813,0.04670125991106033,0.9453915953636169
952905600.0,0.03196709230542183,0.3883459270000458,0.5796869993209839
952905600.0,0.03409069404006004,0.23903188109397888,0.7268773913383484
952905600.0,0.056669529527425766,0.37445318698883057,0.5688772201538086
952905600.0,0.31307387351989746,0.602391242980957,0.08453494310379028
952905600.0,0.2926768660545349,0.6116825938224792,0.09564052522182465
952905600.0,0.06113366037607193,0.40049684047698975,0.5383694767951965
952905600.0,0.7112922668457031,0.25854960083961487,0.030158162117004395
952905600.0,0.1759372502565384,0.7947331070899963,0.029329640790820122
952905600.0,0.011845218017697334,0.9514569640159607,0.036697905510663986
952905600.0,0.041302505880594254,0.3854682147502899,0.5732292532920837
952905600.0,0.006690931972116232,0.12681196630001068,0.8664970993995667
952905600.0,0.02734287641942501,0.24557270109653473,0.7270843982696533
952905600.0,0.7402138710021973,0.2453373521566391,0.014448716305196285
952905600.0,0.025858649984002113,0.8547910451889038,0.11935039609670639
952905600.0,0.21979933977127075,0.7572170495986938,0.02298356406390667
952905600.0,0.03353358805179596,0.5640327334403992,0.40243375301361084
952905600.0,0.004357038997113705,0.036641769111156464,0.9590011835098267
952905600.0,0.7274416089057922,0.2588025629520416,0.01375581044703722
952905600.0,0.024790190160274506,0.8209896683692932,0.15422014892101288
952905600.0,0.7986159920692444,0.18981364369392395,0.011570353992283344
952905600.0,0.020311927422881126,0.9656972289085388,0.013990933075547218
952905600.0,0.2733152210712433,0.51315838098526,0.2135263830423355
952905600.0,0.07207643240690231,0.35347574949264526,0.5744478702545166
952905600.0,0.2890983819961548,0.5168757438659668,0.194025918841362
952905600.0,0.5617013573646545,0.404918909072876,0.03337974101305008
952905600.0,0.9518657326698303,0.0425545834004879,0.005579732358455658
952905600.0,0.035677988082170486,0.31717056035995483,0.6471514701843262
952905600.0,0.004766983911395073,0.04006345942616463,0.9551696181297302
952905600.0,0.05075259506702423,0.3049958646297455,0.6442515850067139
952905600.0,0.6975082159042358,0.2713930606842041,0.03109869360923767
952905600.0,0.34750664234161377,0.568230390548706,0.08426295965909958
952905600.0,0.7735797762870789,0.2082758992910385,0.01814434491097927
952905600.0,0.009038230404257774,0.038973551243543625,0.9519882202148438
952905600.0,0.08224356174468994,0.5248726606369019,0.3928838074207306
952905600.0,0.06248033419251442,0.8376080989837646,0.09991157054901123
952905600.0,0.8151247501373291,0.17056983709335327,0.014305366203188896
952905600.0,0.19882401823997498,0.7887516617774963,0.012424416840076447
952905600.0,0.016624098643660545,0.9631642699241638,0.02021164447069168
952905600.0,0.014210505411028862,0.1998138278722763,0.7859756350517273
952905600.0,0.045581378042697906,0.3967207074165344,0.5576978921890259
952905600.0,0.009805706329643726,0.1462133377790451,0.8439809083938599
952905600.0,0.3765750527381897,0.5270187258720398,0.09640614688396454
952905600.0,0.017032144591212273,0.1827821284532547,0.8001857399940491
952905600.0,0.03261825069785118,0.938684344291687,0.028697356581687927
952905600.0,0.06609386205673218,0.7302711606025696,0.20363497734069824
952905600.0,0.4519956409931183,0.4889642596244812,0.05904003977775574
952905600.0,0.12751981616020203,0.4674890637397766,0.40499112010002136
952905600.0,0.31817448139190674,0.6657649874687195,0.016060514375567436
952905600.0,0.8679134845733643,0.11935268342494965,0.012733811512589455
952905600.0,0.015735892578959465,0.16809040307998657,0.8161736726760864
952905600.0,0.3602282404899597,0.531229555606842,0.10854221135377884
952905600.0,0.08515626937150955,0.6935543417930603,0.22128939628601074
952905600.0,0.6295468211174011,0.33919429779052734,0.031258903443813324
952905600.0,0.044019151479005814,0.35348543524742126,0.6024954319000244
952905600.0,0.6841318011283875,0.2969170808792114,0.018951134756207466
952905600.0,0.6731051802635193,0.29848358035087585,0.02841121517121792
952905600.0,0.031063290312886238,0.23079758882522583,0.7381390929222107
952905600.0,0.027133721858263016,0.16263636946678162,0.8102298974990845
952905600.0,0.011564036831259727,0.15487311780452728,0.8335628509521484
952905600.0,0.6837265491485596,0.3028338551521301,0.013439607806503773
952905600.0,0.4474549889564514,0.4598905146121979,0.0926545038819313
952905600.0,0.7004803419113159,0.25748586654663086,0.042033787816762924
952905600.0,0.846673309803009,0.14147982001304626,0.011846873909235
952905600.0,0.007058736402541399,0.06707935780286789,0.9258618950843811
952905600.0,0.015416936948895454,0.0818014070391655,0.90278160572052
952905600.0,0.11204016208648682,0.7341763377189636,0.15378344058990479
952905600.0,0.06992273777723312,0.9122962951660156,0.01778099685907364
952905600.0,0.0785902664065361,0.9047771692276001,0.016632497310638428
952905600.0,0.024076111614704132,0.9599692821502686,0.015954667702317238
952905600.0,0.5992330312728882,0.35480231046676636,0.045964647084474564
952905600.0,0.8217233419418335,0.16466061770915985,0.013616038486361504
952905600.0,0.236422598361969,0.7500072717666626,0.013570137321949005
952905600.0,0.5886779427528381,0.37518489360809326,0.03613713011145592
952905600.0,0.009490187279880047,0.17446085810661316,0.8160489797592163
952905600.0,0.12552788853645325,0.8385706543922424,0.035901494324207306
952905600.0,0.8113163709640503,0.16937647759914398,0.01930713653564453
952905600.0,0.03567657247185707,0.4018464982509613,0.5624769330024719
952905600.0,0.7482724785804749,0.23771198093891144,0.01401556096971035
952905600.0,0.550277829170227,0.42876094579696655,0.02096126787364483
952905600.0,0.03738509491086006,0.686393678188324,0.27622124552726746
952905600.0,0.07113825529813766,0.6357351541519165,0.29312652349472046
952905600.0,0.20474833250045776,0.7026476263999939,0.09260405600070953
952905600.0,0.13870225846767426,0.8235185742378235,0.03777913749217987
952905600.0,0.9404757022857666,0.05369007959961891,0.005834135226905346
952905600.0,0.016490763053297997,0.9558578133583069,0.027651481330394745
952905600.0,0.058285605162382126,0.8694751858711243,0.07223919034004211
952905600.0,0.06080455332994461,0.5004191994667053,0.4387762248516083
952905600.0,0.10270051658153534,0.534402072429657,0.36289742588996887
952905600.0,0.06679415702819824,0.36145737767219543,0.5717484354972839
952905600.0,0.015016843564808369,0.9310212135314941,0.05396201089024544
952905600.0,0.2792983055114746,0.5258399248123169,0.19486179947853088
952905600.0,0.037963446229696274,0.38821229338645935,0.5738242268562317
952905600.0,0.20120300352573395,0.5626298189163208,0.23616720736026764
952905600.0,0.01066524162888527,0.3458896577358246,0.6434451341629028
952905600.0,0.10517874360084534,0.5187063813209534,0.3761149048805237
952905600.0,0.1735067218542099,0.7407277822494507,0.085765540599823
952905600.0,0.011556928977370262,0.9421760439872742,0.046267054975032806
952905600.0,0.0462072528898716,0.9328114986419678,0.02098114788532257
952905600.0,0.02716568112373352,0.9167196154594421,0.05611468479037285
952905600.0,0.4157344400882721,0.4519951045513153,0.13227041065692902
952905600.0,0.07046938687562943,0.9203359484672546,0.009194690734148026
952905600.0,0.15308009088039398,0.5804771184921265,0.26644274592399597
952905600.0,0.18473657965660095,0.6391995549201965,0.17606386542320251
952905600.0,0.17694097757339478,0.6219315528869629,0.20112751424312592
952905600.0,0.007936746813356876,0.05356232076883316,0.9385008811950684
952905600.0,0.07414049655199051,0.48048165440559387,0.44537782669067383
952905600.0,0.5974966287612915,0.3736947774887085,0.028808511793613434
952905600.0,0.009805126115679741,0.12474198639392853,0.8654528856277466
952905600.0,0.08373705297708511,0.7731338739395142,0.14312908053398132
952905600.0,0.01565835066139698,0.9753207564353943,0.009020943194627762
952905600.0,0.8428913354873657,0.13997597992420197,0.017132701352238655
952905600.0,0.053580548614263535,0.9158844947814941,0.030534913763403893
952905600.0,0.345441997051239,0.5482773184776306,0.10628073662519455
952905600.0,0.4469294548034668,0.49751952290534973,0.05555102974176407
952905600.0,0.05590328946709633,0.31329038739204407,0.6308063268661499
952905600.0,0.14942093193531036,0.523951530456543,0.3266275227069855
952905600.0,0.030072689056396484,0.8403323888778687,0.12959495186805725
952905600.0,0.27012211084365845,0.6923789381980896,0.037498947232961655
952905600.0,0.6734067797660828,0.30699846148490906,0.019594784826040268
952905600.0,0.07098206877708435,0.4750159680843353,0.4540020227432251
952905600.0,0.04230184853076935,0.4611438810825348,0.49655431509017944
952905600.0,0.024488313123583794,0.7445746660232544,0.23093703389167786
952905600.0,0.09290539473295212,0.5561370253562927,0.35095757246017456
952905600.0,0.1250772476196289,0.4635498821735382,0.41137295961380005
952905600.0,0.16762284934520721,0.6270578503608704,0.2053193747997284
952905600.0,0.062324050813913345,0.3620431125164032,0.5756328105926514
952905600.0,0.6636190414428711,0.3271070718765259,0.009273849427700043
952905600.0,0.7779840230941772,0.21152007579803467,0.010495869442820549
952905600.0,0.042788539081811905,0.7447362542152405,0.2124752253293991
952905600.0,0.0444064736366272,0.9160203337669373,0.03957320749759674
952905600.0,0.5689127445220947,0.40288206934928894,0.028205184265971184
952905600.0,0.05761478468775749,0.4722427725791931,0.4701424241065979
952905600.0,0.007182682864367962,0.07767700403928757,0.9151403307914734
952905600.0,0.6997409462928772,0.29027441143989563,0.009984582662582397
952905600.0,0.3165126144886017,0.6005210280418396,0.08296631276607513
952905600.0,0.019121864810585976,0.9478307962417603,0.033047258853912354
952905600.0,0.06269963085651398,0.41160309314727783,0.5256972908973694
952905600.0,0.45832663774490356,0.4631096422672272,0.07856376469135284
952905600.0,0.507747232913971,0.46828535199165344,0.02396741509437561
952905600.0,0.14541906118392944,0.8255155086517334,0.0290654469281435
952905600.0,0.0033130503725260496,0.020175505429506302,0.9765114188194275
952905600.0,0.509514331817627,0.3589528501033783,0.13153286278247833
952905600.0,0.014119761995971203,0.8970026969909668,0.0888776183128357
952905600.0,0.00998004898428917,0.8741770386695862,0.11584288626909256
952905600.0,0.06220697984099388,0.19338227808475494,0.7444106936454773
952905600.0,0.01217347476631403,0.13876596093177795,0.8490605354309082
952905600.0,0.17669008672237396,0.5536905527114868,0.269619345664978
952905600.0,0.7739979028701782,0.21053965389728546,0.01546238362789154
952905600.0,0.7286030054092407,0.25643256306648254,0.014964423142373562
952905600.0,0.017727984115481377,0.7924844026565552,0.18978768587112427
952905600.0,0.5633423328399658,0.36263760924339294,0.07402001321315765
952905600.0,0.6132012009620667,0.36490365862846375,0.02189510688185692
952905600.0,0.1927434653043747,0.4976199269294739,0.3096366226673126
952905600.0,0.45772963762283325,0.5250824689865112,0.017187858000397682
952905600.0,0.1582007259130478,0.8023461103439331,0.0394531786441803
952905600.0,0.34200185537338257,0.5252606868743896,0.13273748755455017
952905600.0,0.04935518279671669,0.2721550166606903,0.6784898042678833
952905600.0,0.5316861867904663,0.3813362419605255,0.086977519094944
952905600.0,0.21190741658210754,0.7086357474327087,0.07945685088634491
952905600.0,0.6644642353057861,0.29092881083488464,0.04460690915584564
952905600.0,0.844997763633728,0.14263896644115448,0.012363292276859283
952905600.0,0.9182384014129639,0.07413511723279953,0.007626451086252928
952905600.0,0.36180341243743896,0.6182649731636047,0.019931625574827194
952905600.0,0.11945714056491852,0.6448274254798889,0.23571541905403137
952905600.0,0.1563246250152588,0.7882367372512817,0.05543860048055649
952905600.0,0.11010430008172989,0.5825764536857605,0.3073192834854126
952905600.0,0.5194603800773621,0.46381086111068726,0.01672876439988613
952905600.0,0.026229795068502426,0.22850890457630157,0.7452613711357117
952905600.0,0.31224673986434937,0.5569044351577759,0.13084883987903595
952905600.0,0.6913947463035583,0.2627279758453369,0.045877326279878616
952905600.0,0.45380091667175293,0.4351918399333954,0.1110072210431099
952905600.0,0.3873337507247925,0.48257777094841003,0.1300884634256363
952905600.0,0.5395228862762451,0.40034544467926025,0.06013163924217224
952905600.0,0.880071759223938,0.10783085227012634,0.012097420170903206
952905600.0,0.35851338505744934,0.4742780029773712,0.16720867156982422
952905600.0,0.09065156430006027,0.6777005195617676,0.23164799809455872
952905600.0,0.00672438507899642,0.061214618384838104,0.9320610165596008
952905600.0,0.221422478556633,0.6968949437141418,0.08168262243270874
952905600.0,0.34549227356910706,0.5501878261566162,0.10431990772485733
952905600.0,0.049912307411432266,0.3554503321647644,0.5946373343467712
952905600.0,0.02019602432847023,0.538439929485321,0.441364049911499
952905600.0,0.10070120543241501,0.869468092918396,0.02983073517680168
952905600.0,0.040233343839645386,0.8319211602210999,0.12784546613693237
952905600.0,0.016860773786902428,0.9475426077842712,0.03559654578566551
952905600.0,0.12844859063625336,0.587843120098114,0.2837083041667938
952905600.0,0.14003324508666992,0.821079671382904,0.038887038826942444
952905600.0,0.054494988173246384,0.4693991541862488,0.47610583901405334
952905600.0,0.8377707600593567,0.14585867524147034,0.016370614990592003
952905600.0,0.01979680359363556,0.24798837304115295,0.7322148680686951
952905600.0,0.15164057910442352,0.6167036890983582,0.2316557615995407
952905600.0,0.43938717246055603,0.5140281915664673,0.04658463969826698
952905600.0,0.02164732664823532,0.28474530577659607,0.6936073303222656
952905600.0,0.8117693066596985,0.18035660684108734,0.007874093018472195
952905600.0,0.006439025979489088,0.06415973603725433,0.9294012188911438
952905600.0,0.0848422572016716,0.9004606604576111,0.014697017148137093
952905600.0,0.03617706894874573,0.9077191948890686,0.05610375106334686
952905600.0,0.8952513337135315,0.09750496596097946,0.007243697997182608
952905600.0,0.09828032553195953,0.4107910692691803,0.49092864990234375
952905600.0,0.6931498050689697,0.2862071990966797,0.02064303308725357
952905600.0,0.03033546917140484,0.8255316615104675,0.1441328227519989
952905600.0,0.3489404022693634,0.4886481463909149,0.16241143643856049
952905600.0,0.009134475141763687,0.3883315324783325,0.6025339961051941
952905600.0,0.6492677330970764,0.32112574577331543,0.029606547206640244
952905600.0,0.0883503407239914,0.8772571086883545,0.03439254313707352
952905600.0,0.9391389489173889,0.05545863136649132,0.005402420647442341
952905600.0,0.06993374228477478,0.7022423148155212,0.22782395780086517
952905600.0,0.09732282161712646,0.4766673743724823,0.42600980401039124
952905600.0,0.07808246463537216,0.8743042945861816,0.04761320352554321
952905600.0,0.23853690922260284,0.6395733952522278,0.12188975512981415
952905600.0,0.07340401411056519,0.3095647692680359,0.6170312762260437
952905600.0,0.19280043244361877,0.653083324432373,0.15411628782749176
952905600.0,0.008265792392194271,0.9835057854652405,0.00822842214256525
952905600.0,0.09045901149511337,0.6081830263137817,0.3013579249382019
952905600.0,0.11230029165744781,0.6901172995567322,0.1975824534893036
952905600.0,0.37753617763519287,0.5788798332214355,0.043583959341049194
952905600.0,0.007404137868434191,0.028796115890145302,0.9637997150421143
952905600.0,0.050287485122680664,0.4835788309574127,0.46613362431526184
952905600.0,0.07497219741344452,0.8864782452583313,0.038549572229385376
952905600.0,0.18526478111743927,0.6029313206672668,0.21180394291877747
952905600.0,0.30454131960868835,0.6507126092910767,0.04474606364965439
952905600.0,0.07532233744859695,0.3370875120162964,0.5875901579856873
952905600.0,0.01988815702497959,0.24039873480796814,0.7397130727767944
952905600.0,0.10968335717916489,0.8332592248916626,0.05705741420388222
952905600.0,0.010422131046652794,0.8850792646408081,0.10449860990047455
952905600.0,0.25545734167099,0.7124003767967224,0.03214219585061073
952905600.0,0.027729833498597145,0.7908915877342224,0.18137863278388977
952905600.0,0.03851940855383873,0.769206166267395,0.19227436184883118
952905600.0,0.5540909767150879,0.4160883128643036,0.029820667579770088
952905600.0,0.4325794577598572,0.4700797498226166,0.09734085947275162
952905600.0,0.14714981615543365,0.558337390422821,0.2945128381252289
952905600.0,0.017348269000649452,0.12117736786603928,0.861474335193634
952905600.0,0.0034099938347935677,0.032138723880052567,0.964451253414154
952905600.0,0.01717335917055607,0.9544591903686523,0.028367500752210617
952905600.0,0.006711692549288273,0.09074785560369492,0.9025404453277588
952905600.0,0.6144226789474487,0.36080893874168396,0.024768447503447533
952905600.0,0.5707712769508362,0.3787015676498413,0.050527166575193405
952905600.0,0.4446505904197693,0.4939582347869873,0.061391230672597885
952905600.0,0.2911994159221649,0.5872171521186829,0.12158352881669998
952905600.0,0.01740489900112152,0.1828821450471878,0.7997129559516907
952905600.0,0.015682954341173172,0.12116370350122452,0.8631533980369568
952905600.0,0.19332237541675568,0.5751312971115112,0.2315463274717331
952905600.0,0.04079178348183632,0.44920721650123596,0.510001003742218
952905600.0,0.2427310347557068,0.48628270626068115,0.2709861993789673
952905600.0,0.005115581676363945,0.08145363628864288,0.9134307503700256
952905600.0,0.3004325330257416,0.6527212858200073,0.04684620350599289
952905600.0,0.06882652640342712,0.7229176163673401,0.20825587213039398
952905600.0,0.41856279969215393,0.5685158967971802,0.01292127650231123
952905600.0,0.017554996535182,0.5151189565658569,0.46732598543167114
952905600.0,0.05218305066227913,0.580885112285614,0.3669317960739136
952905600.0,0.015975376591086388,0.9342036843299866,0.04982094094157219
952905600.0,0.002935484517365694,0.013211572542786598,0.9838529825210571
952905600.0,0.10576920956373215,0.8716773390769958,0.022553466260433197
952905600.0,0.012493839487433434,0.939415454864502,0.04809071496129036
952905600.0,0.04009704664349556,0.5967145562171936,0.36318838596343994
952905600.0,0.17915906012058258,0.6312918066978455,0.18954911828041077
952905600.0,0.47657105326652527,0.49156132340431213,0.03186758980154991
952905600.0,0.014599790796637535,0.6058588624000549,0.3795413672924042
952905600.0,0.013485104776918888,0.14574365317821503,0.8407711982727051
952905600.0,0.01381105836480856,0.2151062786579132,0.7710826396942139
952905600.0,0.014912416227161884,0.24217167496681213,0.7429158687591553
952905600.0,0.02953667938709259,0.1875126212835312,0.7829506993293762
952905600.0,0.54669189453125,0.41594937443733215,0.037358712404966354
952905600.0,0.44611281156539917,0.5404760241508484,0.01341111771762371
952905600.0,0.386958509683609,0.46464815735816956,0.1483933925628662
952905600.0,0.03460603207349777,0.95763099193573,0.007762982975691557
952905600.0,0.08246985822916031,0.40268880128860474,0.5148413777351379
952905600.0,0.07707244157791138,0.5240446329116821,0.3988829255104065
952905600.0,0.015097900293767452,0.9662485718727112,0.01865348592400551
952905600.0,0.5832038521766663,0.3414183259010315,0.07537788152694702
952905600.0,0.006399229634553194,0.9559608697891235,0.03763990104198456
952905600.0,0.079871267080307,0.5320284366607666,0.3881003260612488
952905600.0,0.02120361104607582,0.7558870315551758,0.22290939092636108
952905600.0,0.4540088474750519,0.42795154452323914,0.11803963035345078
952905600.0,0.029049929231405258,0.3403685986995697,0.6305814981460571
952905600.0,0.9576595425605774,0.0362248532474041,0.006115617696195841
952905600.0,0.05446089804172516,0.9375028014183044,0.008036325685679913
952905600.0,0.05131551995873451,0.7642735242843628,0.184410959482193
952905600.0,0.21087098121643066,0.7502912878990173,0.038837775588035583
952905600.0,0.10393818467855453,0.8820269107818604,0.014034871943295002
952905600.0,0.06940378248691559,0.34435781836509705,0.586238443851471
952905600.0,0.037958405911922455,0.7023478150367737,0.2596936821937561
952905600.0,0.5474321842193604,0.41184985637664795,0.04071797430515289
952905600.0,0.07026010751724243,0.8098692893981934,0.11987057328224182
952905600.0,0.6280996799468994,0.3587673604488373,0.013132980093359947
952905600.0,0.04794028773903847,0.7572870254516602,0.1947726458311081
952905600.0,0.04128606244921684,0.6008906364440918,0.35782334208488464
952905600.0,0.02652103267610073,0.43024855852127075,0.5432303547859192
952905600.0,0.5670590400695801,0.3714424967765808,0.061498433351516724
952905600.0,0.009213577024638653,0.9306018352508545,0.06018455699086189
952905600.0,0.020587744191288948,0.9580779075622559,0.02133447304368019
952905600.0,0.9633587598800659,0.03275240585207939,0.0038888626731932163
952905600.0,0.7670599818229675,0.22540712356567383,0.007532893680036068
952905600.0,0.7939743995666504,0.17532356083393097,0.03070199117064476
952905600.0,0.5698320865631104,0.3764687180519104,0.05369925871491432
952905600.0,0.06710869073867798,0.5350648164749146,0.39782652258872986
952905600.0,0.5032340288162231,0.4234655797481537,0.07330045849084854
952905600.0,0.03443586453795433,0.2524071931838989,0.7131569385528564
952905600.0,0.005868775304406881,0.3588211238384247,0.6353101134300232
952905600.0,0.2902887165546417,0.4981911778450012,0.21152006089687347
952905600.0,0.09639356285333633,0.5176076889038086,0.38599875569343567
952905600.0,0.007494751363992691,0.1435859352350235,0.8489193320274353
952905600.0,0.011469895020127296,0.4605732858181,0.5279568433761597
952905600.0,0.6060670018196106,0.3313038945198059,0.0626290813088417
952905600.0,0.04959737882018089,0.5929167866706848,0.357485830783844
952905600.0,0.03054717555642128,0.22660861909389496,0.7428441643714905
952905600.0,0.2828637361526489,0.6336123943328857,0.08352389186620712
952992000.0,0.0030029811896383762,0.017939064651727676,0.9790579676628113
952992000.0,0.1690400093793869,0.750042200088501,0.08091780543327332
952992000.0,0.01969592086970806,0.25518739223480225,0.7251166701316833
952992000.0,0.015326514840126038,0.8730387091636658,0.1116347461938858
952992000.0,0.01706661283969879,0.9581632614135742,0.02477014623582363
952992000.0,0.34484580159187317,0.5803357362747192,0.07481841742992401
952992000.0,0.19404813647270203,0.6894646286964417,0.11648725718259811
952992000.0,0.14512403309345245,0.5271328091621399,0.32774317264556885
952992000.0,0.002707353327423334,0.02222920022904873,0.9750633835792542
952992000.0,0.2731715142726898,0.6894158720970154,0.03741266950964928
952992000.0,0.06239290162920952,0.432947039604187,0.5046600699424744
952992000.0,0.4551543593406677,0.4816862940788269,0.06315933167934418
952992000.0,0.6355856657028198,0.300353080034256,0.0640612244606018
952992000.0,0.6316050291061401,0.33898887038230896,0.029406091198325157
952992000.0,0.3658049702644348,0.5975210666656494,0.03667403757572174
952992000.0,0.11967821419239044,0.5861900448799133,0.2941317558288574
952992000.0,0.004236928187310696,0.026531724259257317,0.9692313075065613
952992000.0,0.14185073971748352,0.845750093460083,0.012399230152368546
952992000.0,0.019609717652201653,0.24611619114875793,0.7342740893363953
952992000.0,0.2682167887687683,0.7082733511924744,0.023509914055466652
952992000.0,0.9302183985710144,0.0609423965215683,0.008839205838739872
952992000.0,0.5719947814941406,0.3348763883113861,0.09312883764505386
952992000.0,0.8293107748031616,0.14908312261104584,0.021606069058179855
952992000.0,0.03871138393878937,0.9387009143829346,0.022587746381759644
952992000.0,0.09109902381896973,0.7367762923240662,0.17212462425231934
952992000.0,0.1851409375667572,0.5077057480812073,0.30715328454971313
952992000.0,0.6384947896003723,0.3455602526664734,0.015944918617606163
952992000.0,0.004414745606482029,0.07708290219306946,0.9185023903846741
952992000.0,0.4529445767402649,0.4181380271911621,0.1289173662662506
952992000.0,0.1608579307794571,0.40685588121414185,0.43228623270988464
952992000.0,0.37701281905174255,0.5828067660331726,0.04018036276102066
952992000.0,0.031784042716026306,0.20886501669883728,0.7593508958816528
952992000.0,0.11064240336418152,0.4967280328273773,0.39262959361076355
952992000.0,0.37424036860466003,0.5909066796302795,0.03485293313860893
952992000.0,0.023061567917466164,0.8366405367851257,0.14029788970947266
952992000.0,0.09543980658054352,0.7790409922599792,0.12551920115947723
952992000.0,0.4625837802886963,0.4828053116798401,0.054610978811979294
952992000.0,0.008138244040310383,0.09810061752796173,0.893761157989502
952992000.0,0.053349897265434265,0.9213195443153381,0.0253305621445179
952992000.0,0.08530144393444061,0.8852236866950989,0.02947487309575081
952992000.0,0.06375758349895477,0.410442978143692,0.5257994532585144
952992000.0,0.025125503540039062,0.8732112646102905,0.1016632616519928
952992000.0,0.07131338119506836,0.45188674330711365,0.476799875497818
952992000.0,0.39638766646385193,0.5853613018989563,0.01825103349983692
952992000.0,0.10206035524606705,0.5401875972747803,0.3577519953250885
952992000.0,0.544939398765564,0.4283105134963989,0.026750054210424423
952992000.0,0.02039252780377865,0.5882108807563782,0.3913966119289398
952992000.0,0.022550838068127632,0.35529911518096924,0.6221500039100647
952992000.0,0.07012235373258591,0.34248459339141846,0.587393045425415
952992000.0,0.17731666564941406,0.47734934091567993,0.34533393383026123
952992000.0,0.2030206173658371,0.6578090190887451,0.13917040824890137
952992000.0,0.03877434879541397,0.9480462670326233,0.013179373927414417
952992000.0,0.8206116557121277,0.1625390648841858,0.01684928871691227
952992000.0,0.07547332346439362,0.47359007596969604,0.45093661546707153
952992000.0,0.1992061287164688,0.7702512741088867,0.030542606487870216
952992000.0,0.2409193217754364,0.7184314727783203,0.04064919799566269
952992000.0,0.6254146099090576,0.3540689945220947,0.02051641419529915
952992000.0,0.14364910125732422,0.4966312348842621,0.3597196340560913
952992000.0,0.9534681439399719,0.0400359220802784,0.006495883222669363
952992000.0,0.00859804730862379,0.06574069708585739,0.9256612658500671
952992000.0,0.2013000249862671,0.6011075973510742,0.1975923776626587
952992000.0,0.011709039099514484,0.8823649883270264,0.10592599213123322
952992000.0,0.04770773649215698,0.7637439966201782,0.1885482370853424
952992000.0,0.05235756188631058,0.8399364948272705,0.1077059730887413
952992000.0,0.0197922233492136,0.9715121388435364,0.008695564232766628
952992000.0,0.03094051219522953,0.44383504986763,0.5252243876457214
952992000.0,0.023469269275665283,0.3007255494594574,0.6758051514625549
952992000.0,0.0880475863814354,0.3784542679786682,0.5334981083869934
952992000.0,0.04743265360593796,0.776974618434906,0.17559270560741425
952992000.0,0.2869007885456085,0.6985653042793274,0.014533921144902706
952992000.0,0.5684688091278076,0.40156689286231995,0.02996433898806572
952992000.0,0.11531064659357071,0.6439704298973083,0.24071896076202393
952992000.0,0.0647825375199318,0.8750385642051697,0.060178812593221664
952992000.0,0.1883445382118225,0.5057826042175293,0.3058728277683258
952992000.0,0.05599900335073471,0.9241623878479004,0.019838670268654823
952992000.0,0.8564151525497437,0.13658633828163147,0.006998474709689617
952992000.0,0.18607480823993683,0.7708287835121155,0.04309648647904396
952992000.0,0.12026682496070862,0.775641918182373,0.10409124940633774
952992000.0,0.01577090285718441,0.9670716524124146,0.017157306894659996
952992000.0,0.025659319013357162,0.6204159259796143,0.35392478108406067
952992000.0,0.09492994099855423,0.45575278997421265,0.44931724667549133
952992000.0,0.13465362787246704,0.5394167304039001,0.3259296715259552
952992000.0,0.19042162597179413,0.7020540833473206,0.10752435028553009
952992000.0,0.378503680229187,0.5175407528877258,0.10395558178424835
952992000.0,0.07316119223833084,0.3063971996307373,0.6204416155815125
952992000.0,0.16481223702430725,0.7604437470436096,0.07474399358034134
952992000.0,0.20627610385417938,0.6110443472862244,0.18267956376075745
952992000.0,0.06366775184869766,0.4182158410549164,0.5181164145469666
952992000.0,0.0967475175857544,0.5427377223968506,0.360514760017395
952992000.0,0.09421181678771973,0.8159494996070862,0.08983869105577469
952992000.0,0.44306886196136475,0.5392318367958069,0.017699286341667175
952992000.0,0.24395345151424408,0.6458066701889038,0.1102399230003357
952992000.0,0.003680649446323514,0.035544779151678085,0.9607745409011841
952992000.0,0.1832042932510376,0.7493645548820496,0.06743113696575165
952992000.0,0.03248976543545723,0.9605224132537842,0.006987801752984524
952992000.0,0.033124979585409164,0.6336992383003235,0.3331757187843323
952992000.0,0.01830833964049816,0.7925289273262024,0.1891627460718155
952992000.0,0.013180745765566826,0.9119471907615662,0.07487204670906067
952992000.0,0.006063809152692556,0.06277135014533997,0.9311648607254028
952992000.0,0.27950266003608704,0.47757768630981445,0.24291974306106567
952992000.0,0.6928583383560181,0.2928374409675598,0.014304200187325478
952992000.0,0.049547746777534485,0.896371066570282,0.05408124625682831
952992000.0,0.028073152527213097,0.8947731256484985,0.07715371996164322
952992000.0,0.03077610209584236,0.7548898458480835,0.21433399617671967
952992000.0,0.01026031281799078,0.08450596034526825,0.9052337408065796
952992000.0,0.015909189358353615,0.8935956954956055,0.09049514681100845
952992000.0,0.1730680763721466,0.780798614025116,0.046133290976285934
952992000.0,0.31009310483932495,0.5532459020614624,0.13666097819805145
952992000.0,0.43228885531425476,0.5556299686431885,0.012081130407750607
952992000.0,0.6340019106864929,0.28264865279197693,0.08334942162036896
952992000.0,0.43617621064186096,0.5302905440330505,0.033533286303281784
952992000.0,0.05435051769018173,0.31758007407188416,0.6280694007873535
952992000.0,0.9769840836524963,0.019752737134695053,0.0032631808426231146
952992000.0,0.7131106853485107,0.2732655107975006,0.01362373773008585
952992000.0,0.03010798990726471,0.3567982614040375,0.6130937933921814
952992000.0,0.7363888621330261,0.22395643591880798,0.039654720574617386
952992000.0,0.9849313497543335,0.012025966309010983,0.003042585216462612
952992000.0,0.02889138273894787,0.17024268209934235,0.8008659482002258
952992000.0,0.03207726404070854,0.9050814509391785,0.06284132599830627
952992000.0,0.058596134185791016,0.9326522350311279,0.00875156931579113
952992000.0,0.14473967254161835,0.7362725734710693,0.1189877837896347
952992000.0,0.24185676872730255,0.7455269694328308,0.012616349384188652
952992000.0,0.3153878152370453,0.6771069169044495,0.00750529021024704
952992000.0,0.7861567735671997,0.19972866773605347,0.014114566147327423
952992000.0,0.17063844203948975,0.747999906539917,0.08136164397001266
952992000.0,0.6269084215164185,0.35305821895599365,0.020033372566103935
952992000.0,0.008491977117955685,0.04019220545887947,0.9513158202171326
952992000.0,0.1715477555990219,0.8125700950622559,0.015882138162851334
952992000.0,0.5074772238731384,0.481126606464386,0.011396123096346855
952992000.0,0.025422250851988792,0.3187304139137268,0.6558473110198975
952992000.0,0.5024230480194092,0.47588443756103516,0.021692495793104172
952992000.0,0.014936177060008049,0.8855107426643372,0.09955311566591263
952992000.0,0.19067665934562683,0.7972606420516968,0.012062707915902138
952992000.0,0.3679223954677582,0.590809166431427,0.04126851633191109
952992000.0,0.10622777789831161,0.6133401393890381,0.2804320156574249
952992000.0,0.25491175055503845,0.6544364094734192,0.09065185487270355
952992000.0,0.02231692522764206,0.5663725733757019,0.4113105535507202
952992000.0,0.4020751118659973,0.5870201587677002,0.010904728434979916
952992000.0,0.01928693801164627,0.29903826117515564,0.6816747784614563
952992000.0,0.07337593287229538,0.7526324391365051,0.17399166524410248
952992000.0,0.6071047782897949,0.37122318148612976,0.021672112867236137
952992000.0,0.14718058705329895,0.5736463069915771,0.2791730761528015
952992000.0,0.9517336487770081,0.041615650057792664,0.006650643423199654
952992000.0,0.008883873000741005,0.9761074781417847,0.015008696354925632
952992000.0,0.29499298334121704,0.6507568955421448,0.054250121116638184
952992000.0,0.034770894795656204,0.9584694504737854,0.006759700831025839
952992000.0,0.04490351304411888,0.8994919657707214,0.05560460686683655
952992000.0,0.7122176289558411,0.279742032289505,0.008040390908718109
952992000.0,0.34561687707901,0.5241650342941284,0.13021810352802277
952992000.0,0.8119363188743591,0.17157110571861267,0.016492599621415138
952992000.0,0.07490301877260208,0.6820602416992188,0.24303670227527618
952992000.0,0.4017077386379242,0.5255578756332397,0.07273445278406143
952992000.0,0.005639440380036831,0.982537567615509,0.011822984553873539
952992000.0,0.022594541311264038,0.4870820641517639,0.49032342433929443
952992000.0,0.0827917754650116,0.9052430987358093,0.011965150013566017
952992000.0,0.04792344197630882,0.93736332654953,0.014713254757225513
952992000.0,0.09810762852430344,0.8868321180343628,0.015060207806527615
952992000.0,0.04072299227118492,0.7110688090324402,0.2482081800699234
952992000.0,0.15889079868793488,0.6182184815406799,0.2228906750679016
952992000.0,0.005938223097473383,0.04922427982091904,0.9448374509811401
952992000.0,0.028422463685274124,0.1835913360118866,0.7879862189292908
952992000.0,0.11877809464931488,0.56253981590271,0.31868216395378113
952992000.0,0.0730595514178276,0.7147912383079529,0.2121492326259613
952992000.0,0.008292949758470058,0.0895141065120697,0.9021929502487183
952992000.0,0.14776304364204407,0.5481401085853577,0.30409687757492065
952992000.0,0.7525057792663574,0.22064253687858582,0.026851730421185493
952992000.0,0.1143820583820343,0.867515504360199,0.018102439120411873
952992000.0,0.07091554999351501,0.8919143676757812,0.03717011585831642
952992000.0,0.5384544134140015,0.40922626852989197,0.05231937766075134
952992000.0,0.030099980533123016,0.23772510886192322,0.7321749329566956
952992000.0,0.8887394070625305,0.10351058095693588,0.00774996355175972
952992000.0,0.970250129699707,0.026555761694908142,0.00319411838427186
952992000.0,0.23980972170829773,0.5530897378921509,0.20710055530071259
952992000.0,0.04293488711118698,0.4154883921146393,0.5415767431259155
952992000.0,0.4186233580112457,0.5689293146133423,0.012447279877960682
952992000.0,0.09755545109510422,0.5985254049301147,0.3039191663265228
952992000.0,0.5583077073097229,0.42951780557632446,0.012174461036920547
952992000.0,0.01714952662587166,0.9501237273216248,0.0327267125248909
952992000.0,0.7537543773651123,0.22339613735675812,0.022849449887871742
952992000.0,0.0899515226483345,0.8892115950584412,0.020836858078837395
952992000.0,0.035893507301807404,0.8090590238571167,0.15504750609397888
952992000.0,0.9399837851524353,0.0541699193418026,0.005846340674906969
952992000.0,0.16666847467422485,0.81395024061203,0.019381210207939148
952992000.0,0.15989144146442413,0.7530124187469482,0.08709613233804703
952992000.0,0.44419726729393005,0.4618355929851532,0.09396715462207794
952992000.0,0.06647761911153793,0.4658803641796112,0.46764200925827026
952992000.0,0.9508920311927795,0.04531988129019737,0.003788112197071314
952992000.0,0.09027214348316193,0.7486950159072876,0.1610328108072281
952992000.0,0.2525649666786194,0.5820619463920593,0.1653730869293213
952992000.0,0.04024659842252731,0.9374876022338867,0.02226589061319828
952992000.0,0.0068407137878239155,0.03477690368890762,0.9583823680877686
952992000.0,0.028324715793132782,0.9573153853416443,0.014359990134835243
952992000.0,0.44724881649017334,0.5295510292053223,0.023200174793601036
952992000.0,0.03663211688399315,0.9300081133842468,0.033359747380018234
952992000.0,0.015441921539604664,0.8785650730133057,0.10599294304847717
952992000.0,0.3268238306045532,0.574251651763916,0.09892449527978897
952992000.0,0.03881130740046501,0.770616888999939,0.1905718445777893
952992000.0,0.04856099188327789,0.7053155303001404,0.24612346291542053
952992000.0,0.07776179164648056,0.905460000038147,0.01677817478775978
952992000.0,0.28386640548706055,0.69231116771698,0.023822465911507607
952992000.0,0.08855385333299637,0.5156110525131226,0.39583510160446167
952992000.0,0.038767244666814804,0.493347704410553,0.4678851366043091
952992000.0,0.6241714954376221,0.3690287172794342,0.006799733731895685
952992000.0,0.8487594723701477,0.1366381198167801,0.014602389186620712
952992000.0,0.18323154747486115,0.5627779960632324,0.2539904713630676
952992000.0,0.14147920906543732,0.49934306740760803,0.35917770862579346
952992000.0,0.4185958206653595,0.502766489982605,0.07863771915435791
952992000.0,0.09735534340143204,0.6228346228599548,0.2798101007938385
952992000.0,0.01943149045109749,0.9628270864486694,0.017741428688168526
952992000.0,0.02982237935066223,0.9616308808326721,0.008546773344278336
952992000.0,0.011208382435142994,0.10093063116073608,0.8878609538078308
952992000.0,0.37213772535324097,0.49739179015159607,0.13047051429748535
952992000.0,0.050014153122901917,0.8771388530731201,0.0728469267487526
952992000.0,0.471957802772522,0.4846981465816498,0.043344005942344666
952992000.0,0.09668111801147461,0.6131827235221863,0.2901361584663391
952992000.0,0.027417635545134544,0.6145259737968445,0.3580563962459564
952992000.0,0.17508164048194885,0.5982065796852112,0.22671175003051758
952992000.0,0.5251994729042053,0.4663202464580536,0.008480279706418514
952992000.0,0.021017422899603844,0.21479111909866333,0.7641914486885071
952992000.0,0.12449349462985992,0.8229610919952393,0.05254540964961052
952992000.0,0.023567907512187958,0.9402768015861511,0.03615530580282211
952992000.0,0.12200189381837845,0.8411073684692383,0.03689069300889969
952992000.0,0.00983832124620676,0.16773931682109833,0.8224223852157593
952992000.0,0.030397387221455574,0.8541452288627625,0.11545746773481369
952992000.0,0.025293253362178802,0.34790921211242676,0.6267974972724915
952992000.0,0.13980889320373535,0.7052168250083923,0.15497426688671112
952992000.0,0.3506435453891754,0.6281760334968567,0.021180348470807076
952992000.0,0.3072930574417114,0.6724934577941895,0.020213475450873375
952992000.0,0.024143606424331665,0.17425714433193207,0.8015992641448975
952992000.0,0.2142835259437561,0.6823599934577942,0.10335646569728851
952992000.0,0.1329021006822586,0.758321225643158,0.10877668857574463
952992000.0,0.044433996081352234,0.4097230136394501,0.5458429455757141
952992000.0,0.06480609625577927,0.8218677043914795,0.113326296210289
952992000.0,0.42122238874435425,0.523726224899292,0.05505140498280525
952992000.0,0.5006125569343567,0.4080405831336975,0.09134691953659058
952992000.0,0.05657958984375,0.4828881323337555,0.4605322480201721
952992000.0,0.3100087344646454,0.6322543025016785,0.05773694068193436
952992000.0,0.07611934840679169,0.8214424252510071,0.10243821144104004
952992000.0,0.772552490234375,0.21472065150737762,0.012726806104183197
952992000.0,0.023211900144815445,0.8466088175773621,0.1301792562007904
952992000.0,0.432756632566452,0.5186730027198792,0.04857037216424942
952992000.0,0.04956359043717384,0.9322258234024048,0.01821056567132473
952992000.0,0.05027725175023079,0.7810447216033936,0.16867798566818237
952992000.0,0.00916603859513998,0.9638962745666504,0.026937775313854218
952992000.0,0.44459787011146545,0.4661059081554413,0.08929616212844849
953078400.0,0.08448132872581482,0.4800311028957367,0.4354875981807709
953078400.0,0.3837675452232361,0.6068572402000427,0.009375213645398617
953078400.0,0.0358954556286335,0.19187012314796448,0.7722344398498535
953078400.0,0.5254291296005249,0.39666807651519775,0.07790274918079376
953078400.0,0.01022414956241846,0.9594693779945374,0.030306577682495117
953078400.0,0.0341634526848793,0.5064684748649597,0.45936810970306396
953078400.0,0.07345914840698242,0.27676358819007874,0.6497772336006165
953078400.0,0.6729246377944946,0.30177703499794006,0.025298286229372025
953078400.0,0.24768106639385223,0.5997976660728455,0.1525212526321411
953078400.0,0.3426961302757263,0.5897543430328369,0.06754957139492035
953078400.0,0.02471817657351494,0.14907598495483398,0.8262057900428772
953078400.0,0.07707972079515457,0.8321837186813354,0.09073658287525177
953078400.0,0.41224533319473267,0.5566192269325256,0.031135430559515953
953078400.0,0.051996465772390366,0.48723024129867554,0.4607732892036438
953078400.0,0.8810855150222778,0.10640018433332443,0.012514367699623108
953078400.0,0.02898336574435234,0.45969295501708984,0.5113236308097839
953078400.0,0.013964745216071606,0.9380682706832886,0.047966938465833664
953078400.0,0.46097075939178467,0.47562551498413086,0.06340378522872925
953078400.0,0.1746281236410141,0.6666674613952637,0.15870441496372223
953078400.0,0.04355771094560623,0.8336648941040039,0.12277738749980927
953078400.0,0.06391746550798416,0.3525172770023346,0.5835652351379395
953078400.0,0.7461513876914978,0.23647288978099823,0.01737566478550434
953078400.0,0.33020684123039246,0.5646966099739075,0.10509655624628067
953078400.0,0.19179336726665497,0.6094500422477722,0.1987566500902176
953078400.0,0.03986379876732826,0.9430366158485413,0.017099587246775627
953078400.0,0.9761857390403748,0.019963251426815987,0.0038509948644787073
953078400.0,0.014041542075574398,0.1920386552810669,0.7939198017120361
953078400.0,0.6180456280708313,0.348104864358902,0.03384951129555702
953078400.0,0.10174031555652618,0.7035444974899292,0.19471515715122223
953078400.0,0.025822365656495094,0.3200281858444214,0.6541494727134705
953078400.0,0.08187003433704376,0.8229585886001587,0.09517138451337814
953078400.0,0.007689513266086578,0.9143244624137878,0.07798600196838379
953078400.0,0.27344006299972534,0.533727765083313,0.19283218681812286
953078400.0,0.5028619170188904,0.42107924818992615,0.07605882734060287
953078400.0,0.11817345768213272,0.46117541193962097,0.4206511080265045
953078400.0,0.07111436873674393,0.693705141544342,0.23518048226833344
953078400.0,0.10275115072727203,0.8647428750991821,0.03250587731599808
953078400.0,0.08205529302358627,0.833507776260376,0.08443689346313477
953078400.0,0.04070454090833664,0.9338730573654175,0.025422390550374985
953078400.0,0.5426424145698547,0.4177587032318115,0.03959881141781807
953078400.0,0.8207423090934753,0.16238880157470703,0.016868893057107925
953078400.0,0.6033431887626648,0.37082722783088684,0.0258296150714159
953078400.0,0.368415892124176,0.48046019673347473,0.15112386643886566
953078400.0,0.15624231100082397,0.6227968335151672,0.2209608554840088
953078400.0,0.5199646353721619,0.4594043791294098,0.020630987361073494
953078400.0,0.6030898094177246,0.3823259174823761,0.01458423025906086
953078400.0,0.03825924172997475,0.24453096091747284,0.7172098159790039
953078400.0,0.09626788645982742,0.4926079511642456,0.4111241400241852
953078400.0,0.010864035226404667,0.0766473039984703,0.9124886989593506
953078400.0,0.8698492050170898,0.11872363090515137,0.011427214369177818
953078400.0,0.41324955224990845,0.5768335461616516,0.00991689320653677
953078400.0,0.4492124915122986,0.48204219341278076,0.06874533742666245
953078400.0,0.3594159483909607,0.6043245792388916,0.036259524524211884
953078400.0,0.08543622493743896,0.4531656801700592,0.46139806509017944
953078400.0,0.3581276535987854,0.5861844420433044,0.055687859654426575
953078400.0,0.015420789830386639,0.4706420600414276,0.5139371752738953
953078400.0,0.02281443402171135,0.34981849789619446,0.6273670792579651
953078400.0,0.03727937862277031,0.1899261474609375,0.7727944254875183
953078400.0,0.03889935836195946,0.264226496219635,0.6968740820884705
953078400.0,0.19100895524024963,0.6271082162857056,0.18188290297985077
953078400.0,0.5263574719429016,0.4627543091773987,0.010888234712183475
953078400.0,0.254795640707016,0.6423144340515137,0.10288990288972855
953078400.0,0.09257668256759644,0.3974481225013733,0.5099751949310303
953078400.0,0.16281647980213165,0.5021390318870544,0.3350445032119751
953078400.0,0.9424697756767273,0.05465678870677948,0.002873427467420697
953078400.0,0.7258912920951843,0.24445641040802002,0.029652373865246773
953078400.0,0.07449159026145935,0.5882230401039124,0.3372853994369507
953078400.0,0.06137954443693161,0.2417970597743988,0.6968233585357666
953078400.0,0.2509379982948303,0.7063828706741333,0.04267914220690727
953078400.0,0.15949104726314545,0.6098763942718506,0.23063254356384277
953078400.0,0.17576147615909576,0.7868816256523132,0.03735695034265518
953078400.0,0.004321330226957798,0.045258261263370514,0.9504203796386719
953078400.0,0.014017597772181034,0.974423348903656,0.011559016071259975
953078400.0,0.4321577847003937,0.5279425382614136,0.039899714291095734
953078400.0,0.031008441001176834,0.21350015699863434,0.7554914355278015
953078400.0,0.050607796758413315,0.44506731629371643,0.5043249130249023
953078400.0,0.17135827243328094,0.8181297779083252,0.010511933825910091
953078400.0,0.02802419662475586,0.41297343373298645,0.5590023398399353
953078400.0,0.07554753124713898,0.6077278852462769,0.316724568605423
953078400.0,0.9212828874588013,0.0682525485754013,0.010464450344443321
953078400.0,0.04828377813100815,0.6560911536216736,0.29562509059906006
953078400.0,0.06507355719804764,0.9001795053482056,0.03474687784910202
953078400.0,0.059728797525167465,0.4073597490787506,0.5329114198684692
953078400.0,0.029719501733779907,0.9207135438919067,0.04956700652837753
953078400.0,0.0326283723115921,0.27355435490608215,0.6938172578811646
953078400.0,0.022064538672566414,0.12936857342720032,0.8485668897628784
953078400.0,0.07858070731163025,0.6600585579872131,0.261360764503479
953078400.0,0.00543886236846447,0.03763565793633461,0.9569255113601685
953078400.0,0.09738896787166595,0.407024621963501,0.49558648467063904
953078400.0,0.07913491129875183,0.9011491537094116,0.019715994596481323
953078400.0,0.22894030809402466,0.7274556159973145,0.043604105710983276
953078400.0,0.061208341270685196,0.897522509098053,0.04126918315887451
953078400.0,0.2054169774055481,0.7569253444671631,0.03765768185257912
953078400.0,0.10375286638736725,0.746108889579773,0.150138258934021
953078400.0,0.30664029717445374,0.5517383813858032,0.14162132143974304
953078400.0,0.06161751225590706,0.8848723769187927,0.05351008102297783
953078400.0,0.05573949217796326,0.4958416223526001,0.44841888546943665
953078400.0,0.012877067551016808,0.20218391716480255,0.7849390506744385
953078400.0,0.576309084892273,0.38033780455589294,0.0433531254529953
953078400.0,0.04500209540128708,0.3253119885921478,0.6296859383583069
953078400.0,0.2017998993396759,0.6342800259590149,0.16392004489898682
953078400.0,0.24131974577903748,0.7376739978790283,0.02100626565515995
953078400.0,0.030207738280296326,0.8396862745285034,0.13010600209236145
953078400.0,0.44546186923980713,0.42926380038261414,0.1252743899822235
953078400.0,0.05871759355068207,0.7020666003227234,0.23921583592891693
953078400.0,0.0169785525649786,0.713275671005249,0.2697458565235138
953078400.0,0.017029933631420135,0.874619722366333,0.10835035145282745
953078400.0,0.10093770176172256,0.5094692707061768,0.38959306478500366
953078400.0,0.05582679808139801,0.6949598789215088,0.2492133229970932
953078400.0,0.021293196827173233,0.7257606387138367,0.2529461085796356
953078400.0,0.24886681139469147,0.7055877447128296,0.04554541036486626
953078400.0,0.1967707723379135,0.7786824107170105,0.024546731263399124
953078400.0,0.02926591783761978,0.23514233529567719,0.7355918288230896
953078400.0,0.10388635098934174,0.8146328926086426,0.08148080855607986
953078400.0,0.05840389430522919,0.5310612320899963,0.41053488850593567
953078400.0,0.020081184804439545,0.16638053953647614,0.8135382533073425
953078400.0,0.3328576385974884,0.6128115057945251,0.05433094501495361
953078400.0,0.3405604362487793,0.5596804022789001,0.09975913912057877
953078400.0,0.02484573796391487,0.9357265830039978,0.03942768648266792
953078400.0,0.1564176231622696,0.8338056802749634,0.009776758030056953
953078400.0,0.1743181049823761,0.7599483728408813,0.06573349982500076
953078400.0,0.19609586894512177,0.5153069496154785,0.2885972261428833
953078400.0,0.07667592167854309,0.37027841806411743,0.5530456900596619
953078400.0,0.02334640547633171,0.9550687670707703,0.02158482000231743
953078400.0,0.011519987136125565,0.9499083161354065,0.038571614772081375
953078400.0,0.5926618576049805,0.3626217544078827,0.04471643641591072
953078400.0,0.01824053004384041,0.12588772177696228,0.8558717370033264
953078400.0,0.05790979415178299,0.4571937620639801,0.48489636182785034
953078400.0,0.0058195688761770725,0.0490223728120327,0.9451581239700317
953078400.0,0.19189585745334625,0.7784823775291443,0.0296217892318964
953078400.0,0.019167207181453705,0.7987670302391052,0.18206577003002167
953078400.0,0.009364158846437931,0.09984549134969711,0.8907902836799622
953078400.0,0.5325711369514465,0.3953877091407776,0.07204113155603409
953078400.0,0.5593170523643494,0.3950060307979584,0.045676931738853455
953078400.0,0.3909739851951599,0.5677764415740967,0.04124952480196953
953078400.0,0.04889979958534241,0.5895158052444458,0.36158448457717896
953078400.0,0.2246883064508438,0.7400038242340088,0.03530782833695412
953078400.0,0.01247316598892212,0.14312103390693665,0.8444057703018188
953078400.0,0.162673220038414,0.8164789080619812,0.020847896113991737
953078400.0,0.47460439801216125,0.4133465886116028,0.11204893887042999
953078400.0,0.5783372521400452,0.3808898627758026,0.040772855281829834
953078400.0,0.05681636556982994,0.8799276351928711,0.06325603276491165
953078400.0,0.06726726144552231,0.4079529345035553,0.5247797966003418
953078400.0,0.23552373051643372,0.6884053349494934,0.07607092708349228
953078400.0,0.05210680142045021,0.9396552443504333,0.008237925358116627
953078400.0,0.20079587399959564,0.5407100319862366,0.2584940791130066
953078400.0,0.031738415360450745,0.585553765296936,0.382707804441452
953078400.0,0.042674168944358826,0.9158818125724792,0.04144401475787163
953078400.0,0.28618863224983215,0.5762538909912109,0.1375574767589569
953078400.0,0.11025023460388184,0.5599333643913269,0.32981646060943604
953078400.0,0.030416540801525116,0.30555957555770874,0.6640238761901855
953078400.0,0.029381824657320976,0.9533475637435913,0.0172706488519907
953078400.0,0.11010716110467911,0.637871265411377,0.2520216107368469
953078400.0,0.08003237098455429,0.46683070063591003,0.4531368911266327
953078400.0,0.47234708070755005,0.4924995005130768,0.0351533479988575
953078400.0,0.04196598753333092,0.6736189723014832,0.2844151258468628
953078400.0,0.012860105372965336,0.9763320684432983,0.010807746089994907
953078400.0,0.06789301335811615,0.49407273530960083,0.4380342960357666
953078400.0,0.130022332072258,0.8462969660758972,0.02368069812655449
953078400.0,0.9746633768081665,0.021670997142791748,0.003665630705654621
953078400.0,0.018721861764788628,0.2016899436712265,0.7795882225036621
953078400.0,0.020691385492682457,0.18131741881370544,0.7979912161827087
953078400.0,0.07697510719299316,0.332520991563797,0.5905038714408875
953078400.0,0.40421879291534424,0.5605650544166565,0.03521617129445076
953078400.0,0.011309425346553326,0.9553492069244385,0.03334139287471771
953078400.0,0.31696411967277527,0.5745159387588501,0.10851997882127762
953078400.0,0.03938102349638939,0.8369190096855164,0.12370001524686813
953078400.0,0.2743823230266571,0.7005205750465393,0.025097087025642395
953078400.0,0.9624425768852234,0.03265153616666794,0.004905962385237217
953078400.0,0.6080817580223083,0.36369821429252625,0.02822001837193966
953078400.0,0.05964754894375801,0.5344048142433167,0.40594762563705444
953078400.0,0.025869734585285187,0.31863805651664734,0.6554922461509705
953078400.0,0.5775131583213806,0.4048839509487152,0.017602892592549324
953078400.0,0.018168168142437935,0.19944806396961212,0.7823837995529175
953078400.0,0.14841029047966003,0.7854107022285461,0.06617894023656845
953078400.0,0.11688575893640518,0.6211808919906616,0.2619333863258362
953078400.0,0.00746688898652792,0.08396143466234207,0.9085716605186462
953078400.0,0.13490153849124908,0.6548968553543091,0.21020156145095825
953078400.0,0.1453791707754135,0.4679107666015625,0.3867100477218628
953078400.0,0.04411008581519127,0.9453441500663757,0.010545769706368446
953078400.0,0.018139539286494255,0.964085578918457,0.01777486689388752
953078400.0,0.013201706111431122,0.1674085259437561,0.819389820098877
953078400.0,0.003338200505822897,0.03809535503387451,0.9585664868354797
953078400.0,0.01795160584151745,0.18631276488304138,0.7957355976104736
953078400.0,0.029526708647608757,0.6308770775794983,0.3395962119102478
953078400.0,0.01459215022623539,0.36168357729911804,0.6237243413925171
953078400.0,0.014693045988678932,0.9619517922401428,0.023355206474661827
953078400.0,0.030190210789442062,0.8363977670669556,0.13341204822063446
953078400.0,0.320681631565094,0.6679432392120361,0.011375080794095993
953078400.0,0.9026609659194946,0.09006129205226898,0.007277646567672491
953078400.0,0.41429948806762695,0.5525633692741394,0.03313712775707245
953078400.0,0.056694287806749344,0.4631498456001282,0.4801557958126068
953078400.0,0.7956052422523499,0.1858167052268982,0.01857808232307434
953078400.0,0.856713593006134,0.12718965113162994,0.016096726059913635
953078400.0,0.5238049030303955,0.4364815950393677,0.039713550359010696
953078400.0,0.48194336891174316,0.43963414430618286,0.07842245697975159
953078400.0,0.061749111860990524,0.3697095215320587,0.5685413479804993
953078400.0,0.11295067518949509,0.665738046169281,0.2213112711906433
953078400.0,0.04414278268814087,0.938788115978241,0.01706911064684391
953078400.0,0.002674135146662593,0.011769223026931286,0.9855566620826721
953078400.0,0.20820440351963043,0.7092973589897156,0.08249818533658981
953078400.0,0.07890345901250839,0.7164038419723511,0.20469270646572113
953078400.0,0.028208039700984955,0.23703940212726593,0.7347525358200073
953078400.0,0.004102194681763649,0.018130945041775703,0.9777668714523315
953078400.0,0.03235175833106041,0.9583694934844971,0.009278781712055206
953078400.0,0.11249027401208878,0.3882541060447693,0.49925556778907776
953078400.0,0.26077142357826233,0.658342182636261,0.0808863714337349
953078400.0,0.02668546326458454,0.24221307039260864,0.7311015129089355
953078400.0,0.40404072403907776,0.5416179895401001,0.05434129387140274
953078400.0,0.4817366302013397,0.45514291524887085,0.063120536506176
953078400.0,0.3655265271663666,0.5941389203071594,0.040334589779376984
953078400.0,0.3775307536125183,0.5657815337181091,0.05668769031763077
953078400.0,0.029702117666602135,0.942942202091217,0.02735568955540657
953164800.0,0.002775261178612709,0.024343041703104973,0.9728816747665405
953164800.0,0.6075068116188049,0.35067442059516907,0.041818782687187195
953164800.0,0.02389824204146862,0.9182733297348022,0.05782841145992279
953164800.0,0.8249030113220215,0.15460830926895142,0.020488616079092026
953164800.0,0.3997393846511841,0.5672736763954163,0.032986972481012344
953164800.0,0.6286580562591553,0.3212263584136963,0.05011561140418053
953164800.0,0.04697631299495697,0.9160112738609314,0.03701230138540268
953164800.0,0.07793495059013367,0.7644674777984619,0.15759754180908203
953164800.0,0.009738853201270103,0.9627045392990112,0.027556607499718666
953164800.0,0.027623597532510757,0.5169647932052612,0.4554116725921631
953164800.0,0.027232805266976357,0.8814677596092224,0.09129940718412399
953164800.0,0.4033524692058563,0.5701051950454712,0.02654236927628517
953164800.0,0.03328723832964897,0.2580236792564392,0.7086890935897827
953164800.0,0.014116526581346989,0.9038481116294861,0.08203542232513428
953164800.0,0.02180834859609604,0.23919785022735596,0.738993763923645
953164800.0,0.11955706775188446,0.5948376655578613,0.2856053113937378
953164800.0,0.03197801858186722,0.9588272571563721,0.009194774553179741
953164800.0,0.1554078459739685,0.6382497549057007,0.20634236931800842
953164800.0,0.251008003950119,0.6428415179252625,0.10615044832229614
953164800.0,0.06738826632499695,0.3477835953235626,0.5848281979560852
953164800.0,0.3352601230144501,0.5471900701522827,0.1175498515367508
953164800.0,0.004823998548090458,0.05946727469563484,0.9357087016105652
953164800.0,0.018600130453705788,0.35232406854629517,0.6290757656097412
953164800.0,0.26303747296333313,0.6787900924682617,0.05817241966724396
953164800.0,0.019253022968769073,0.9236366748809814,0.057110246270895004
953164800.0,0.04399266839027405,0.940605640411377,0.015401668846607208
953164800.0,0.09489265084266663,0.6447463035583496,0.2603610157966614
953164800.0,0.02627268247306347,0.3049682378768921,0.6687591075897217
953164800.0,0.2095564305782318,0.590753436088562,0.19969017803668976
953164800.0,0.010733985342085361,0.1856679618358612,0.8035980463027954
953164800.0,0.04369953274726868,0.2676754593849182,0.6886249780654907
953164800.0,0.02249646931886673,0.6905840635299683,0.286919504404068
953164800.0,0.004271295852959156,0.04802926629781723,0.9476994276046753
953164800.0,0.4815938174724579,0.37189269065856934,0.14651350677013397
953164800.0,0.290266752243042,0.5498424768447876,0.15989075601100922
953164800.0,0.598883867263794,0.327369749546051,0.07374637573957443
953164800.0,0.14557529985904694,0.5322611927986145,0.322163462638855
953164800.0,0.03307038173079491,0.3512750566005707,0.6156545877456665
953164800.0,0.006509541533887386,0.041120607405900955,0.9523698687553406
953164800.0,0.007880844175815582,0.06258335709571838,0.9295358061790466
953164800.0,0.035358935594558716,0.3406922519207001,0.623948872089386
953164800.0,0.13735415041446686,0.8478603363037109,0.014785493724048138
953164800.0,0.09594795107841492,0.6840450167655945,0.22000698745250702
953164800.0,0.15003164112567902,0.5483987331390381,0.3015696108341217
953164800.0,0.0522972047328949,0.7395114302635193,0.20819145441055298
953164800.0,0.0866473913192749,0.6528028249740601,0.26054975390434265
953164800.0,0.01498830784112215,0.6566694378852844,0.3283422291278839
953164800.0,0.08736953884363174,0.6889487504959106,0.2236817330121994
953164800.0,0.04479294270277023,0.7032703757286072,0.25193673372268677
953164800.0,0.011702519841492176,0.768143355846405,0.2201540768146515
953164800.0,0.011191683821380138,0.9654890298843384,0.023319389671087265
953164800.0,0.00960121676325798,0.9122612476348877,0.07813750207424164
953164800.0,0.059676699340343475,0.27054503560066223,0.6697782278060913
953164800.0,0.0912175178527832,0.5317188501358032,0.3770636320114136
953164800.0,0.031102662906050682,0.19650453329086304,0.772392749786377
953164800.0,0.438152015209198,0.4295535087585449,0.13229447603225708
953164800.0,0.38476142287254333,0.5107390880584717,0.1044994592666626
953164800.0,0.005939948838204145,0.9834352135658264,0.010624909773468971
953164800.0,0.010030715726315975,0.9696523547172546,0.020316915586590767
953164800.0,0.019817767664790154,0.20740483701229095,0.7727773785591125
953164800.0,0.005287983920425177,0.06333362311124802,0.9313783645629883
953164800.0,0.007701211143285036,0.11380375921726227,0.8784950971603394
953164800.0,0.030307181179523468,0.3704838156700134,0.5992090106010437
953164800.0,0.48438164591789246,0.5032647848129272,0.012353583239018917
953164800.0,0.206129252910614,0.724626362323761,0.06924436241388321
953164800.0,0.0056850421242415905,0.9362401962280273,0.058074843138456345
953164800.0,0.01838614046573639,0.3491392135620117,0.6324746608734131
953164800.0,0.07912284880876541,0.7447789311408997,0.17609822750091553
953164800.0,0.04335346445441246,0.39698871970176697,0.5596578121185303
953164800.0,0.5939978957176208,0.370213121175766,0.035788968205451965
953164800.0,0.4594859778881073,0.5044344067573547,0.036079633980989456
953164800.0,0.03518691286444664,0.805271327495575,0.15954184532165527
953164800.0,0.018714826554059982,0.9375242590904236,0.04376088082790375
953164800.0,0.014276201836764812,0.07855784147977829,0.9071659445762634
953164800.0,0.01700490154325962,0.8765401244163513,0.10645504295825958
953164800.0,0.009091277606785297,0.2823108434677124,0.7085978388786316
953164800.0,0.060709454119205475,0.9265294075012207,0.01276114396750927
953164800.0,0.6615021228790283,0.3246249854564667,0.013872940093278885
953164800.0,0.11677628755569458,0.40178704261779785,0.4814366400241852
953164800.0,0.47374996542930603,0.43121880292892456,0.09503129124641418
953164800.0,0.1785203069448471,0.7026375532150269,0.11884206533432007
953164800.0,0.3093673586845398,0.48716244101524353,0.2034701555967331
953164800.0,0.3265000879764557,0.4695433974266052,0.2039564847946167
953164800.0,0.3319189250469208,0.46778151392936707,0.20029962062835693
953164800.0,0.3298759460449219,0.4684875011444092,0.20163650810718536
953164800.0,0.3265000879764557,0.4695433974266052,0.2039564847946167
953164800.0,0.32378771901130676,0.4700586199760437,0.20615361630916595
953164800.0,0.010802505537867546,0.9553666114807129,0.03383079171180725
953164800.0,0.3622608184814453,0.5275757908821106,0.1101633608341217
953164800.0,0.012131298892199993,0.19870854914188385,0.7891601324081421
953164800.0,0.21998021006584167,0.7444079518318176,0.03561181575059891
953164800.0,0.3136553466320038,0.5462707877159119,0.14007383584976196
953164800.0,0.2474077045917511,0.734977662563324,0.017614617943763733
953164800.0,0.14282982051372528,0.6112383604049683,0.24593186378479004
953164800.0,0.13089290261268616,0.4842997193336487,0.38480737805366516
953164800.0,0.0922384038567543,0.6163384318351746,0.29142317175865173
953164800.0,0.006181629374623299,0.08362684398889542,0.910191535949707
953164800.0,0.8336790800094604,0.15544821321964264,0.0108727365732193
953164800.0,0.04565107822418213,0.5675852298736572,0.38676366209983826
953164800.0,0.9156897068023682,0.07517962157726288,0.009130718186497688
953164800.0,0.15458469092845917,0.7068794369697571,0.13853585720062256
953164800.0,0.028111718595027924,0.7491522431373596,0.22273607552051544
953164800.0,0.12589441239833832,0.82003253698349,0.054073043167591095
953164800.0,0.03216608986258507,0.34422093629837036,0.6236130595207214
953164800.0,0.7441677451133728,0.2441987693309784,0.011633499525487423
953164800.0,0.011609929613769054,0.6209123134613037,0.3674777150154114
953164800.0,0.38235700130462646,0.5839471220970154,0.033695951104164124
953164800.0,0.015893178060650826,0.07810274511575699,0.906004011631012
953164800.0,0.4439796507358551,0.5343174934387207,0.021702805534005165
953164800.0,0.03112718090415001,0.8409539461135864,0.12791885435581207
953164800.0,0.03644305840134621,0.7765535712242126,0.18700338900089264
953164800.0,0.030252818018198013,0.30750593543052673,0.6622412204742432
953164800.0,0.016570959240198135,0.2041059285402298,0.7793231010437012
953164800.0,0.36074674129486084,0.6295450925827026,0.009708154015243053
953164800.0,0.01042908150702715,0.13519050180912018,0.8543804287910461
953164800.0,0.41332927346229553,0.46312206983566284,0.12354873865842819
953164800.0,0.05946400389075279,0.7343848347663879,0.20615121722221375
953164800.0,0.06025536730885506,0.8984535932540894,0.04129110276699066
953164800.0,0.19402211904525757,0.7113006711006165,0.09467721730470657
953164800.0,0.03468343988060951,0.8324211835861206,0.13289527595043182
953164800.0,0.02176877297461033,0.14426203072071075,0.833969235420227
953164800.0,0.14111697673797607,0.7801069021224976,0.07877612859010696
953164800.0,0.1219572052359581,0.6152576804161072,0.26278507709503174
953164800.0,0.7892612814903259,0.1726498007774353,0.038088999688625336
953164800.0,0.018787141889333725,0.5421453714370728,0.43906745314598083
953164800.0,0.38495391607284546,0.42147988080978394,0.193566232919693
953164800.0,0.14898012578487396,0.7663412094116211,0.08467864990234375
953164800.0,0.6533177495002747,0.3188590705394745,0.02782321907579899
953164800.0,0.4024654030799866,0.5314448475837708,0.0660896822810173
953164800.0,0.015017076395452023,0.9294640421867371,0.055518921464681625
953164800.0,0.13352316617965698,0.6723036170005798,0.19417321681976318
953164800.0,0.02766728401184082,0.59163498878479,0.38069769740104675
953164800.0,0.6278426647186279,0.36085236072540283,0.011304907500743866
953164800.0,0.23133394122123718,0.6766201853752136,0.09204588085412979
953164800.0,0.03083868697285652,0.25417110323905945,0.7149901986122131
953164800.0,0.03222707286477089,0.864222526550293,0.10355044901371002
953164800.0,0.04792862385511398,0.9006553292274475,0.05141608044505119
953164800.0,0.12325769662857056,0.360364705324173,0.5163775682449341
953164800.0,0.04532609507441521,0.9431358575820923,0.011538115330040455
953164800.0,0.007139109540730715,0.9704023003578186,0.022458495572209358
953164800.0,0.05363108962774277,0.7846665382385254,0.16170236468315125
953164800.0,0.43576329946517944,0.5493528842926025,0.014883773401379585
953164800.0,0.029548967257142067,0.2212459146976471,0.7492051720619202
953164800.0,0.015531135722994804,0.8407121896743774,0.14375662803649902
953164800.0,0.45393234491348267,0.5123431086540222,0.033724524080753326
953164800.0,0.11557397991418839,0.7097361087799072,0.1746898740530014
953164800.0,0.07350875437259674,0.8933752775192261,0.033115994185209274
953164800.0,0.17114123702049255,0.5945872068405151,0.2342715710401535
953164800.0,0.12014118582010269,0.8673813343048096,0.012477520853281021
953164800.0,0.041233912110328674,0.3173626959323883,0.6414034366607666
953164800.0,0.367116242647171,0.5999932289123535,0.03289049118757248
953164800.0,0.021311474964022636,0.8338642716407776,0.14482416212558746
953164800.0,0.009225222282111645,0.9557331204414368,0.035041693598032
953164800.0,0.08358245342969894,0.3524104356765747,0.5640071034431458
953164800.0,0.0455007366836071,0.6353536248207092,0.3191456198692322
953164800.0,0.25824299454689026,0.513439953327179,0.2283170074224472
953164800.0,0.026442935690283775,0.3081229627132416,0.6654341220855713
953164800.0,0.015271150507032871,0.7026171088218689,0.2821117341518402
953164800.0,0.03141670674085617,0.1827225536108017,0.7858607172966003
953164800.0,0.014228333719074726,0.13711699843406677,0.8486546874046326
953164800.0,0.028056155890226364,0.8877996206283569,0.08414428681135178
953164800.0,0.8624352216720581,0.12537142634391785,0.012193433940410614
953164800.0,0.11075162142515182,0.6117438077926636,0.2775045931339264
953164800.0,0.0029115022625774145,0.04615766555070877,0.9509308338165283
953164800.0,0.7145166397094727,0.26544442772865295,0.02003893069922924
953164800.0,0.0038581707049161196,0.06698784977197647,0.9291539192199707
953164800.0,0.11705392599105835,0.874498724937439,0.008447341620922089
953164800.0,0.15355443954467773,0.4270649552345276,0.4193806052207947
953164800.0,0.010424870997667313,0.9648310542106628,0.024744078516960144
953164800.0,0.010280891321599483,0.7137952446937561,0.2759239077568054
953164800.0,0.7300434708595276,0.2576572000980377,0.012299309484660625
953164800.0,0.08280020952224731,0.426408588886261,0.4907912015914917
953164800.0,0.06326927244663239,0.4888182580471039,0.4479124844074249
953164800.0,0.5736914873123169,0.37405139207839966,0.052257150411605835
953164800.0,0.4909302592277527,0.43090835213661194,0.0781613141298294
953164800.0,0.4282056987285614,0.5571247339248657,0.014669569209218025
953164800.0,0.02524460293352604,0.8911523818969727,0.08360297977924347
953164800.0,0.0639076679944992,0.7827144265174866,0.15337786078453064
953164800.0,0.7482568025588989,0.22473599016666412,0.027007170021533966
953164800.0,0.008703256025910378,0.1418384611606598,0.8494582772254944
953164800.0,0.006697432138025761,0.9811100959777832,0.012192453257739544
953164800.0,0.13499359786510468,0.5842482447624207,0.28075817227363586
953164800.0,0.06642629206180573,0.4975487291812897,0.436024934053421
953164800.0,0.03413717448711395,0.27128633856773376,0.6945765018463135
953164800.0,0.2802204489707947,0.6100594401359558,0.10972011089324951
953164800.0,0.03325429931282997,0.2492809146642685,0.7174647450447083
953164800.0,0.24003547430038452,0.6381348371505737,0.12182962894439697
953164800.0,0.6336920261383057,0.33574211597442627,0.030565865337848663
953164800.0,0.46818217635154724,0.4672323763370514,0.06458547711372375
953164800.0,0.2436756044626236,0.4696335196495056,0.2866908609867096
953164800.0,0.0923074409365654,0.8570995330810547,0.05059296637773514
953164800.0,0.1093892753124237,0.6900914311408997,0.20051932334899902
953164800.0,0.10669337213039398,0.8803219199180603,0.012984630651772022
953164800.0,0.20287668704986572,0.7828314304351807,0.01429191417992115
953164800.0,0.018305018544197083,0.8712131977081299,0.11048173159360886
953164800.0,0.11499220132827759,0.8557548522949219,0.029252914711833
953164800.0,0.5732837915420532,0.3610633909702301,0.06565284729003906
953164800.0,0.16412091255187988,0.6058954000473022,0.22998371720314026
953164800.0,0.6343704462051392,0.30929800868034363,0.056331567466259
953164800.0,0.1218995675444603,0.8352164030075073,0.042883943766355515
953164800.0,0.01809435524046421,0.12099074572324753,0.860914945602417
953164800.0,0.0369611531496048,0.5124040842056274,0.45063474774360657
953164800.0,0.03747038543224335,0.2708180844783783,0.6917114853858948
953164800.0,0.008276017382740974,0.9661970734596252,0.025526946410536766
953164800.0,0.03396398574113846,0.7492625713348389,0.21677345037460327
953164800.0,0.01674117147922516,0.2085917443037033,0.7746670842170715
953164800.0,0.059797029942274094,0.8321326971054077,0.10807035863399506
953164800.0,0.32505565881729126,0.6594492197036743,0.01549517922103405
953164800.0,0.08479160815477371,0.5185587406158447,0.3966495990753174
953164800.0,0.01301985327154398,0.958407461643219,0.028572728857398033
953164800.0,0.011987751349806786,0.6674925684928894,0.32051968574523926
953164800.0,0.004214692395180464,0.054477740079164505,0.941307544708252
953164800.0,0.00852647703140974,0.07430468499660492,0.9171688556671143
953164800.0,0.08960426598787308,0.4971880316734314,0.4132077991962433
953164800.0,0.01173971313983202,0.9630761742591858,0.025184104219079018
953164800.0,0.008684675209224224,0.5709460973739624,0.42036929726600647
953164800.0,0.2595033645629883,0.7066399455070496,0.03385666385293007
953164800.0,0.5306756496429443,0.41291454434394836,0.05640977993607521
953164800.0,0.2216392308473587,0.45487430691719055,0.32348641753196716
953164800.0,0.012388740666210651,0.10996204614639282,0.877649188041687
953164800.0,0.012411283329129219,0.10994599759578705,0.8776426911354065
953164800.0,0.04253695532679558,0.9085877537727356,0.04887530952692032
953164800.0,0.022103916853666306,0.30627596378326416,0.6716201305389404
953164800.0,0.05865511670708656,0.6113079786300659,0.3300369083881378
953164800.0,0.04883897677063942,0.9310945868492126,0.020066436380147934
953164800.0,0.8053166270256042,0.18194279074668884,0.012740610167384148
953164800.0,0.1709892600774765,0.8050980567932129,0.023912735283374786
953164800.0,0.005365916993469,0.04059672728180885,0.9540373682975769
953164800.0,0.5216392874717712,0.4520134925842285,0.026347195729613304
953164800.0,0.47303667664527893,0.4789577126502991,0.048005588352680206
953164800.0,0.9368705749511719,0.05935036763548851,0.003779046703130007
953164800.0,0.12433574348688126,0.741837203502655,0.1338270753622055
953164800.0,0.756672739982605,0.2282518595457077,0.015075471252202988
953164800.0,0.003321317723020911,0.023581460118293762,0.9730972051620483
953164800.0,0.07604765892028809,0.4039173722267151,0.5200349688529968
953164800.0,0.4362735152244568,0.44936132431030273,0.1143651083111763
953164800.0,0.1946273297071457,0.6633502840995789,0.14202232658863068
953164800.0,0.08610320836305618,0.3579813539981842,0.5559154748916626
953164800.0,0.5974078178405762,0.34718480706214905,0.055407337844371796
953164800.0,0.03955159708857536,0.299660861492157,0.6607875227928162
953164800.0,0.006240063812583685,0.057681139558553696,0.9360787272453308
953164800.0,0.39914652705192566,0.5734846591949463,0.02736884169280529
953164800.0,0.47832268476486206,0.4317121207714081,0.08996520936489105
953164800.0,0.08050769567489624,0.8936517238616943,0.025840559974312782
953164800.0,0.008254807442426682,0.13585121929645538,0.8558939695358276
953164800.0,0.1268111616373062,0.6500405073165894,0.22314825654029846
953164800.0,0.19917476177215576,0.4978153109550476,0.3030099868774414
953164800.0,0.3641142249107361,0.6139994859695435,0.02188631147146225
953164800.0,0.08991820365190506,0.6437261700630188,0.26635560393333435
953164800.0,0.19887016713619232,0.7838083505630493,0.017321504652500153
953164800.0,0.17399320006370544,0.5433427095413208,0.28266406059265137
953164800.0,0.16341596841812134,0.6058010458946228,0.23078301548957825
953164800.0,0.30190616846084595,0.6810733079910278,0.017020581290125847
953164800.0,0.7217657566070557,0.25799527764320374,0.02023891732096672
953164800.0,0.9433180689811707,0.04894626885652542,0.007735539693385363
953164800.0,0.05488760024309158,0.33810609579086304,0.6070062518119812
953164800.0,0.3639896512031555,0.5637227892875671,0.07228758931159973
953164800.0,0.1308690756559372,0.8582772016525269,0.010853716172277927
953164800.0,0.01978982612490654,0.640160322189331,0.34004995226860046
953164800.0,0.007406971417367458,0.9808573722839355,0.011735624633729458
953164800.0,0.03239936754107475,0.7983933687210083,0.16920726001262665
953164800.0,0.039383720606565475,0.8365525603294373,0.12406370788812637
953164800.0,0.2635152339935303,0.7065595388412476,0.029925275593996048
953164800.0,0.059443797916173935,0.6853551864624023,0.25520095229148865
953164800.0,0.936529278755188,0.05714505538344383,0.006325670052319765
953164800.0,0.20492759346961975,0.78020179271698,0.014870578423142433
953164800.0,0.005755526479333639,0.09180278331041336,0.902441680431366
953164800.0,0.9198187589645386,0.07551934570074081,0.004661943297833204
953164800.0,0.7413201928138733,0.23422400653362274,0.02445574291050434
953164800.0,0.01904752291738987,0.8519331216812134,0.12901932001113892
953164800.0,0.6034641861915588,0.36984962224960327,0.0266861692070961
953164800.0,0.7102993726730347,0.27009016275405884,0.0196104496717453
953164800.0,0.02631567232310772,0.3276524841785431,0.6460317969322205
953164800.0,0.07053998857736588,0.6504138708114624,0.2790461778640747
953164800.0,0.10935032367706299,0.525435745716095,0.36521396040916443
953164800.0,0.1076204925775528,0.6059190630912781,0.2864604890346527
953164800.0,0.12890785932540894,0.469463586807251,0.4016284942626953
953164800.0,0.30094796419143677,0.6727928519248962,0.026259245350956917
953164800.0,0.09695197641849518,0.7642114162445068,0.13883662223815918
953164800.0,0.022012801840901375,0.9689467549324036,0.009040465578436852
953164800.0,0.008952226489782333,0.08512046188116074,0.905927300453186
953164800.0,0.32605573534965515,0.64835524559021,0.02558903582394123
953164800.0,0.9007226824760437,0.09386586397886276,0.005411486141383648
953164800.0,0.005583673715591431,0.9522043466567993,0.042211972177028656
953164800.0,0.08118173480033875,0.9041426181793213,0.014675632119178772
953164800.0,0.0034525105729699135,0.01398991234600544,0.9825575947761536
953164800.0,0.14122635126113892,0.8376368284225464,0.021136825904250145
953164800.0,0.12635645270347595,0.6997776031494141,0.1738659292459488
953164800.0,0.3782343566417694,0.5546081066131592,0.06715749949216843
953164800.0,0.08481242507696152,0.8844286799430847,0.03075890801846981
953164800.0,0.7538130283355713,0.2315274178981781,0.014659527689218521
953164800.0,0.8010498285293579,0.1924368441104889,0.006513394881039858
953164800.0,0.09312823414802551,0.48126712441444397,0.42560461163520813
953164800.0,0.07416146248579025,0.7976512908935547,0.12818725407123566
953164800.0,0.008516836911439896,0.051621075719594955,0.9398620128631592
953164800.0,0.025093579664826393,0.883853554725647,0.09105286747217178
953164800.0,0.4518214464187622,0.4899403750896454,0.05823814496397972
953164800.0,0.11120891571044922,0.5340796709060669,0.3547114133834839
953164800.0,0.06168760731816292,0.8646994829177856,0.07361286133527756
953164800.0,0.09642530232667923,0.6395852565765381,0.26398950815200806
953164800.0,0.906967043876648,0.08748247474431992,0.005550446920096874
953164800.0,0.019759109243750572,0.9424476623535156,0.03779326379299164
953164800.0,0.10108748078346252,0.6222074031829834,0.27670514583587646
953164800.0,0.039255525916814804,0.8595662117004395,0.10117825120687485
953164800.0,0.09869585931301117,0.5193641781806946,0.38193997740745544
953164800.0,0.12913966178894043,0.7430477738380432,0.12781253457069397
953164800.0,0.08138422667980194,0.6346535682678223,0.2839621603488922
953164800.0,0.0056266807951033115,0.20440030097961426,0.7899730205535889
953164800.0,0.0413493849337101,0.6670050621032715,0.2916455566883087
953164800.0,0.103641577064991,0.846344530582428,0.05001389607787132
953164800.0,0.31220680475234985,0.6551708579063416,0.032622285187244415
953164800.0,0.014333410188555717,0.9575612545013428,0.028105424717068672
953164800.0,0.2379969358444214,0.691015362739563,0.07098773866891861
953164800.0,0.10243983566761017,0.8880937695503235,0.009466424584388733
953164800.0,0.009379834868013859,0.10199014842510223,0.8886300325393677
953164800.0,0.240209698677063,0.5126351714134216,0.2471550852060318
953164800.0,0.2365829348564148,0.5047158598899841,0.2587012052536011
953164800.0,0.6968802809715271,0.29079315066337585,0.01232650876045227
953164800.0,0.01354032102972269,0.8437647819519043,0.14269495010375977
953164800.0,0.08966463804244995,0.6511477828025818,0.25918760895729065
953164800.0,0.43634548783302307,0.5222752094268799,0.04137934371829033
953164800.0,0.011747055687010288,0.9482409358024597,0.04001198336482048
953164800.0,0.01687277853488922,0.835797131061554,0.1473301202058792
953164800.0,0.4430422782897949,0.5037825107574463,0.05317515879869461
953164800.0,0.13551580905914307,0.6966608762741089,0.16782328486442566
953164800.0,0.012135547585785389,0.20094379782676697,0.7869206666946411
953164800.0,0.12882070243358612,0.4926370084285736,0.3785422742366791
953164800.0,0.4523189067840576,0.49187716841697693,0.05580395832657814
953164800.0,0.414911687374115,0.5706484913825989,0.01443980261683464
953164800.0,0.09349657595157623,0.5770511031150818,0.3294523358345032
953164800.0,0.0050100525841116905,0.9467315077781677,0.04825849086046219
953164800.0,0.6156049370765686,0.3642941415309906,0.020100930705666542
953164800.0,0.034609388560056686,0.7255624532699585,0.23982810974121094
953164800.0,0.02341250702738762,0.9564511179924011,0.020136399194598198
953164800.0,0.03520738705992699,0.6183676719665527,0.34642493724823
953164800.0,0.350583016872406,0.46975022554397583,0.17966674268245697
953164800.0,0.01111180055886507,0.9577418565750122,0.031146403402090073
953164800.0,0.01907239481806755,0.20573662221431732,0.7751909494400024
953164800.0,0.07253868877887726,0.4179026484489441,0.5095586776733398
953164800.0,0.011527261696755886,0.09926687180995941,0.8892058730125427
953164800.0,0.8297870755195618,0.15151478350162506,0.018698088824748993
953164800.0,0.7961492538452148,0.1797339916229248,0.024116799235343933
953164800.0,0.048289090394973755,0.9428132176399231,0.008897699415683746
953164800.0,0.05021961033344269,0.5089473724365234,0.4408330023288727
953164800.0,0.10866963863372803,0.77724689245224,0.11408352106809616
953164800.0,0.051688455045223236,0.7304341197013855,0.2178773581981659
953164800.0,0.8826448321342468,0.10600385814905167,0.011351286433637142
953164800.0,0.008237483911216259,0.9513140320777893,0.04044850915670395
953164800.0,0.3267880380153656,0.6559918522834778,0.017220068722963333
953164800.0,0.4919501543045044,0.45433616638183594,0.05371362715959549
953164800.0,0.010779986158013344,0.28339576721191406,0.7058242559432983
953164800.0,0.9129481911659241,0.08036122471094131,0.006690497975796461
953164800.0,0.0074554262682795525,0.9673827290534973,0.02516188472509384
953164800.0,0.04420793429017067,0.9481641054153442,0.007627894636243582
953164800.0,0.23362648487091064,0.7394289970397949,0.02694452740252018
953164800.0,0.04402443766593933,0.3125683069229126,0.6434072256088257
953164800.0,0.03526370972394943,0.29183390736579895,0.6729023456573486
953164800.0,0.02868340164422989,0.6949829459190369,0.276333749294281
953164800.0,0.39744269847869873,0.4873807728290558,0.11517659574747086
953164800.0,0.032662492245435715,0.9243454933166504,0.04299210011959076
953164800.0,0.1894921064376831,0.7811647653579712,0.02934318222105503
953164800.0,0.020886916667222977,0.1640549898147583,0.8150581121444702
953164800.0,0.008392639458179474,0.0707118958234787,0.9208954572677612
953164800.0,0.08912713080644608,0.4548182189464569,0.45605459809303284
953164800.0,0.23427501320838928,0.6052880883216858,0.16043692827224731
953164800.0,0.05026492476463318,0.8335195183753967,0.11621557921171188
953164800.0,0.5843610167503357,0.3879775106906891,0.027661459520459175
953164800.0,0.04013526067137718,0.8907297849655151,0.06913496553897858
953164800.0,0.033604416996240616,0.7759897112846375,0.19040583074092865
953164800.0,0.03343631699681282,0.9212402105331421,0.04532347619533539
953164800.0,0.15010221302509308,0.6947758793830872,0.15512187778949738
953164800.0,0.5584304928779602,0.37392252683639526,0.06764697283506393
953164800.0,0.1956786960363388,0.7178792357444763,0.08644203841686249
953164800.0,0.13211935758590698,0.5225977301597595,0.3452828824520111
953164800.0,0.09826231747865677,0.32918548583984375,0.5725522041320801
953164800.0,0.14173947274684906,0.6144692897796631,0.24379126727581024
953164800.0,0.06713064014911652,0.7302893996238708,0.20257990062236786
953164800.0,0.1788649708032608,0.5934670567512512,0.2276679426431656
953164800.0,0.1768655627965927,0.7705114483833313,0.0526229590177536
953164800.0,0.03611799702048302,0.9528092741966248,0.011072657071053982
953164800.0,0.03965578228235245,0.7183681726455688,0.24197597801685333
953164800.0,0.013730454258620739,0.9175320267677307,0.06873750686645508
953164800.0,0.5074157118797302,0.4249286651611328,0.06765559315681458
953164800.0,0.15660656988620758,0.7283973097801208,0.11499610543251038
953164800.0,0.30665111541748047,0.6095925569534302,0.08375637233257294
953164800.0,0.19772838056087494,0.5723876357078552,0.22988395392894745
953164800.0,0.21673716604709625,0.672362744808197,0.11090010404586792
953164800.0,0.03989023715257645,0.3979035019874573,0.5622062683105469
953164800.0,0.9138542413711548,0.0809994637966156,0.00514633022248745
953164800.0,0.06082534417510033,0.8567373752593994,0.08243725448846817
953164800.0,0.015808505937457085,0.16526833176612854,0.8189231157302856
953164800.0,0.11894652247428894,0.8034577369689941,0.0775957927107811
953164800.0,0.046557288616895676,0.30406492948532104,0.6493778228759766
953164800.0,0.2692543864250183,0.6125748157501221,0.11817086488008499
953164800.0,0.047274235635995865,0.9347530007362366,0.01797270029783249
953164800.0,0.04581901431083679,0.3594070374965668,0.5947738885879517
953164800.0,0.9424455761909485,0.052762847393751144,0.004791629500687122
953164800.0,0.8328925967216492,0.1560939997434616,0.01101334486156702
953164800.0,0.03888067975640297,0.589110255241394,0.3720090091228485
953164800.0,0.04237160459160805,0.2062477469444275,0.7513806223869324
953164800.0,0.5560773611068726,0.4342076778411865,0.009714930318295956
953164800.0,0.3870165944099426,0.5437177419662476,0.06926564872264862
953164800.0,0.7317712903022766,0.2586539685726166,0.009574809111654758
953164800.0,0.016087032854557037,0.46932271122932434,0.5145902633666992
953164800.0,0.052082061767578125,0.3226413428783417,0.6252765655517578
953164800.0,0.49982213973999023,0.43371495604515076,0.06646289676427841
953164800.0,0.05541296675801277,0.5045375823974609,0.44004952907562256
953164800.0,0.09752911329269409,0.7535898089408875,0.14888112246990204
953164800.0,0.0042560468427836895,0.03735210746526718,0.9583917856216431
953164800.0,0.7390367388725281,0.24169328808784485,0.01926991157233715
953164800.0,0.0544000007212162,0.3957200050354004,0.5498800277709961
953164800.0,0.0139074195176363,0.14274266362190247,0.8433499336242676
953164800.0,0.03331497311592102,0.9419700503349304,0.024714956060051918
953164800.0,0.2951129674911499,0.5535141825675964,0.15137283504009247
953164800.0,0.04032086580991745,0.9483972787857056,0.011281759478151798
953164800.0,0.759012758731842,0.218734472990036,0.022252768278121948
953164800.0,0.3291237950325012,0.544212818145752,0.12666338682174683
953164800.0,0.265921950340271,0.7190826535224915,0.014995361678302288
953164800.0,0.6718419194221497,0.30269530415534973,0.025462759658694267
953164800.0,0.41830530762672424,0.5552085638046265,0.026486201211810112
953164800.0,0.21763300895690918,0.7543779611587524,0.027989046648144722
953164800.0,0.926963210105896,0.059673503041267395,0.013363337144255638
953164800.0,0.01820753701031208,0.3131578266620636,0.6686346530914307
953164800.0,0.13592545688152313,0.848773181438446,0.015301378443837166
953164800.0,0.06197330728173256,0.9006866216659546,0.03734002262353897
953164800.0,0.019048867747187614,0.5530367493629456,0.42791441082954407
953164800.0,0.011261840350925922,0.4897629916667938,0.4989751875400543
953164800.0,0.028207266703248024,0.19133438169956207,0.7804583311080933
953164800.0,0.21630369126796722,0.6438184976577759,0.1398778259754181
953164800.0,0.02852323092520237,0.16705474257469177,0.8044220209121704
953164800.0,0.18259230256080627,0.8052226901054382,0.012184947729110718
953164800.0,0.03999921679496765,0.950810432434082,0.009190329350531101
953164800.0,0.017600268125534058,0.20571431517601013,0.7766854166984558
953164800.0,0.34555232524871826,0.6006858944892883,0.053761761635541916
953164800.0,0.04204581305384636,0.28643813729286194,0.6715160608291626
953164800.0,0.03867263346910477,0.630001962184906,0.3313254117965698
953164800.0,0.028391297906637192,0.3052976131439209,0.6663110852241516
953164800.0,0.9029935598373413,0.09058456867933273,0.006421923637390137
953164800.0,0.020921841263771057,0.82877516746521,0.15030303597450256
953164800.0,0.022691410034894943,0.9407449960708618,0.036563608795404434
953164800.0,0.00666766706854105,0.9804369807243347,0.01289546862244606
953164800.0,0.41733548045158386,0.5418050289154053,0.04085955768823624
953164800.0,0.017902573570609093,0.5632724165916443,0.41882506012916565
953164800.0,0.04627867788076401,0.7261738181114197,0.22754748165607452
953164800.0,0.023648986592888832,0.5362024307250977,0.44014859199523926
953164800.0,0.42761877179145813,0.5519909858703613,0.0203902218490839
953164800.0,0.07461507618427277,0.7421949505805969,0.18318991363048553
953164800.0,0.0094861825928092,0.9793899655342102,0.011123986914753914
953164800.0,0.07948305457830429,0.9039894342422485,0.016527507454156876
953164800.0,0.035620395094156265,0.9496303200721741,0.014749260619282722
953164800.0,0.0190468467772007,0.38576382398605347,0.5951893329620361
953164800.0,0.045571353286504745,0.46722403168678284,0.4872046113014221
953164800.0,0.022442087531089783,0.2185964733362198,0.7589614391326904
953164800.0,0.04351538419723511,0.7106795310974121,0.24580508470535278
953164800.0,0.05755569413304329,0.3550333082675934,0.5874109864234924
953164800.0,0.006683711428195238,0.9557344317436218,0.03758189454674721
953164800.0,0.015595096163451672,0.9722422361373901,0.012162725441157818
953164800.0,0.009558436460793018,0.9420434832572937,0.04839807376265526
953164800.0,0.583605945110321,0.3894527554512024,0.026941316202282906
953164800.0,0.017295774072408676,0.9380266070365906,0.04467764496803284
953164800.0,0.06401165574789047,0.5858182311058044,0.3501701056957245
953164800.0,0.003067712765187025,0.0384630411863327,0.9584692120552063
953164800.0,0.8619460463523865,0.12531767785549164,0.012736307457089424
953164800.0,0.12994375824928284,0.45866844058036804,0.4113878309726715
953164800.0,0.006215202622115612,0.039232995361089706,0.9545518159866333
953164800.0,0.005221518222242594,0.10411513596773148,0.8906633853912354
953164800.0,0.21458545327186584,0.6128580570220947,0.17255647480487823
953164800.0,0.00982692465186119,0.6737712025642395,0.316401869058609
953164800.0,0.49050185084342957,0.42068877816200256,0.08880935609340668
953164800.0,0.04186766967177391,0.9218156337738037,0.03631661832332611
953164800.0,0.03318827226758003,0.5370269417762756,0.42978474497795105
953164800.0,0.04147706925868988,0.938795804977417,0.01972716860473156
953164800.0,0.13728150725364685,0.8403508067131042,0.022367697209119797
953164800.0,0.15841098129749298,0.7507561445236206,0.09083288908004761
953164800.0,0.5112441778182983,0.44953808188438416,0.03921779617667198
953164800.0,0.09278802573680878,0.3959004580974579,0.5113115310668945
953164800.0,0.021244347095489502,0.2293822020292282,0.7493734955787659
953164800.0,0.006643102504312992,0.11880232393741608,0.8745545148849487
953164800.0,0.07718657702207565,0.7034546136856079,0.21935884654521942
953164800.0,0.8474166393280029,0.13474386930465698,0.017839530482888222
953164800.0,0.07764550298452377,0.8768137693405151,0.045540690422058105
953164800.0,0.04426122456789017,0.2483556568622589,0.7073830962181091
953164800.0,0.7419443726539612,0.24397315084934235,0.014082496985793114
953164800.0,0.18795417249202728,0.6357295513153076,0.1763162463903427
953164800.0,0.36507225036621094,0.6187017560005188,0.01622604764997959
953164800.0,0.003815732430666685,0.04147385433316231,0.9547104239463806
953164800.0,0.48130157589912415,0.3945513665676117,0.12414707988500595
953164800.0,0.1124536544084549,0.8673774003982544,0.02016894705593586
953164800.0,0.37482914328575134,0.5329127311706543,0.09225807338953018
953164800.0,0.34539639949798584,0.6048194169998169,0.049784284085035324
953164800.0,0.3891235291957855,0.5565532445907593,0.05432318523526192
