text,rating,date,class
"Ótimo hotel, tirando o garçom  que trabalha na piscina, mto de mal com a vida e falta ventilador no elevador.",8,2024-01-01 21:04:19+00,1
" Café da manhã  Limpeza do quarto. Quando fomos usar o cobertor, tinha cheiro ruim e um cabelo, acabamos não usando. Quando chegamos, recepcionista não foi simpática.",7,2024-01-01 23:44:20+00,0
" Café, limpeza, piscina, garagem  Quarto 221 muito barulho de carro e muita luz nas primeiras horas do dia.",10,2024-01-04 11:35:13+00,1
" Gostei da localização e da cama que era grande e confortável, a área de lazer era boa também porém a piscina sempre estava suja.  O atendimento do bar da piscina era péssimo, a pessoa que atendia lá é muito antipática. Fique 6 dias hospedado no hotel e so limparam meu quarto 1x, isso porque fomos lá na recepção reclamar. Não tem guarda sol suficiente para todo mundo, tem que  disputar lugar para conseguir um guarda sol. Porta do banheiro estava cheia de cupim.",6,2024-01-04 12:59:02+00,0
" Boa localização, café da manhã superou as expectativas.
Também jantamos e muito bem atendidos e pratos bem executados.
Estrutura lazer muito boa.  A atendente insistiu em deixar os dois quartos no mesmo andar. Mal dando atenção para a minha ressalva que não teria problemas, desde que fosse de acordo como solicitado na reserva: 2 quartos com duas camas de solteiro.
Mesmo indo em família: eu, marido, dois filhos. Sempre optamos em ficar eu e a minha filha em um quarto e meu filho e meu marido em outro.
Para a minha surpresa, quarto com cama de casal, liberaram o outro quarto quase 3 horas após horário do check in. E tive que ir na recepção para cobrar a liberação do 2º quarto. 
Era quarto adaptado para cadeirante. Pia baixa, para quem não tem essa necessidade fica até ruim para utilizar e novamente cama de casal.",8,2024-01-04 18:33:19+00,1
" Quartos espaçosos, piscina com temperatura ótima, café da manhã gostoso com muita variedade. Empresa de Táxi bem na frente do hotel, o que facilitou muito as idas ao Paraguai e Argentina.  Funcionários da recepção poderiam ser um pouco mais simpáticos.",8,2024-01-04 19:21:54+00,1
" Localização, funcionários e limpeza",9,2024-01-04 21:59:53+00,1
 Café da manhã  Faltou mais espaços Kids e lugar específico para fazer mamadeira 24 horas. Sem necessidade de pedir para a cozinha.,8,2024-01-05 00:06:18+00,1
" Hotel muito bonito e atendimento nota 10. Área da piscina muito boa para relaxar. Café da manhã muito bom  Há algumas coisas a serem melhoradas nos quartos. O blackout não bloqueia a luz direito, o quarto fica claro. O aparelho de ar condicionado é bem antigo e não gela adequadamente. O banheiro não tem exaustor e nem janela, o que é um problema por caiu da do cheiro. Nossos travesseiros eram bem finos, acredito que por serem velhos, precisam ser trocados.",8,2024-01-06 11:18:41+00,1
" Gostamos da área de Lazer com bar ,quartos grandes .  A falta de climatização nos corredores dos quartos e elevadores deixam o ambiente muito desagradável.

A hidromassagem merece atenção especial, fazer mais limpezas . Quando nos hospedamos a agua estava com cheiro desagradável e muito suja nas bordas .",8,2024-01-06 11:42:19+00,1
Excelente,10,2024-01-06 13:21:53+00,1
"Café da manhã muito bom. Localização perfeita! Funcionários do bar da piscina atenciosos e ágeis. Recepção uma simpatia. Quartos limpos e grandes. Piscinas perfeitas, aquecidas e limpas. Estacionamento coberto muito quente, sem nenhum tipo de ventilação. Ha um estacionamento externo também.",8,2024-01-07 00:00:00+00,1
We really like the ping pong and pool tables,8,2024-01-09 00:00:00+00,1
"Hotel muito limpo, organizado e bonito. Quartos amplos e bem equipados. Funcionários atenciosos e prestativos.",10,2024-01-09 18:07:24+00,1
"Hotel maravilhoso com completa infraestrutura para toda família.  3 piscinas com tamanhos distintos, bar  próximo à piscina com mesas aconchegantes.
Quartos amplos e bem equipados.
Café da manhã completo e cardápio de refeições com preço justo.
Funcionários muito atenciosos e prestativos.
Com certeza voltaremos.",10,2024-01-10 00:00:00+00,1
"Hotel incrível!!!! Proporciona lazer completo para os hóspedes, com serviço ótimo, funcionários bem preparados e solícitos, amei a experiência e toda a estrutura do hotel !!!",10,2024-01-10 23:56:12+00,1
"Super bem localizado! Perto de tudo! Apesar do café da manhã não ser nada de mais, eles tem o cuidado de ter produtos sem lactose.
O restaurante tem opções muito boas e num preço muito justo no a la carte.
Fora a playlist duvidosa, a piscina tem uma atmosfera boa.
Em função do grande movimento teve dias em que a piscina estava meio turva ou a jacuzzi sendo higienizada durante o dia, mas era limpos todos os dias",8,2024-01-11 00:22:37+00,1
" Das acomodações, alimentação, limpeza, áreas internas e externas muito bem cuidadas e organizadas. Profissionais educados, prestativos e eficientes.  O estacionamento externo é muito desprotegido .",10,2024-01-11 00:28:37+00,1
 Posso dizer que foram dias muito agradáveis  Do atendimento na piscina.,9,2024-01-11 06:17:34+00,1
 Excelente,10,2024-01-12 14:05:36+00,1
Overall very good experience. Did not use all the facilities. Front desk customer service very professional.,10,2024-01-14 22:05:59+00,1
" Localização é o melhor ponto a ser comentado.  O banheiro do meu quarto meio antigo, poderia ser mais moderno e sofisticado.",8,2024-01-15 00:55:46+00,1
" boa localização,hotel super limpo,otima equipe desde recepção até camareiras ,funcionários muitos receptivo pelos corredores, restaurante delicioso,ambiemte aconchegante ,minha opnião não precisa sair do hotel para se divertir, música boa,recreadoras muito atenciosas com as crianças...adorei recomendo para familias...  TV poderia ter canais mais abertos, sky,net flix,youtub....",10,2024-01-15 14:12:44+00,1
"Fiquei hospedado com a minha esposa e filha de 4 anos. Tudo no hotel é bem novo e muito bem cuidado. O serviço é excelente com funcionários muito prestativos. O café da manhã com muitas opções e bancada que prepara tapioca, omelete e crepe conforme o seu gosto.
Possui 3 piscinas abertas incluindo uma para crianças além de duas hidromassagem também externa mas que não chegamos a utilizar.
Todos os dias possui recreação das 15h as 20h, realizado pela equipe pirilampo. Minha filha aproveitou e gostou muito da recreadora Ana.
Recomendo o hotel e vou retornar sempre que tiver oportunidade.
A localização é muito boa perto de shopping, mercado e restaurantes.",10,2024-01-17 22:10:10+00,1
 Amei a cama enorme  Fecha muito cedo a piscina e abre muito tarde,10,2024-01-17 22:14:49+00,1
" Café da manhã ótimo, quarto grande , cama King, banheiro super limpo, tudo de bom  Nada a reclamar",10,2024-01-17 22:39:56+00,1
"O que é bom nesse hotel apenas: café da manhã, ar condicionado, cama. Quarto sujo, banheiro então nojento, escuro, mofado, pia entupida, qd toma banho o ralo não da vazão, fica tudo alagado e vc tem que empurrar a água pro ralo um nojo. O chão do quarto todo ensebado grudento, frigobar sujo com pedras de gelo. Qd vc encerra a estadia vai até o quarto um funcionário olhar se vc consumiu bebida do frigobar kkkkkkkk juro nunca vi isso, até de madrugada vc tem que esperar dar ok! Enfim, não indico esse hotel, esqueci de falar que o chão da piscina é muito sujo, não dá nem para ficar descalço, se bem que os hospedes ajudam a sujar sem educação . Existe wap para limpar!!",4,2024-01-18 00:00:00+00,-1
 La verdad que fue una experiencia muy buena en general!  La comida del restaurante no estuvo muy buena.,9,2024-01-18 02:24:26+00,1
" Excelente estadia! Café maravilhoso, equipe atenciosa, acomodações confortáveis e limpas.",10,2024-01-18 13:19:31+00,1
" Buenas camas, buen desayuno",10,2024-01-19 01:48:34+00,1
"O hotel e muito bom porque os preços são baixos de hospedagem , atendimento excelente, os quartos confortáveis. Ótima localização.",10,2024-01-19 11:43:44+00,1
"Muito bom, as refeições do hotel tem um preço incrível e são todas maravilhosas.
Só faltou academia que já está no projeto deles para este ano.
Vou voltar com certeza!",10,2024-01-19 13:21:33+00,1
" Boa localização, sala de jogos com atendentes, cadeira de massagem e agencia de turismo dentro do hotel",10,2024-01-19 22:10:22+00,1
" Tudo muito maravilhoso! Limpeza, atendimento e comida excelente.",10,2024-01-21 09:25:19+00,1
"O diferencial desse hotel são as pessoas qye trabalham aqui. Um atendimento impecável. 

Destaque para Elisa do restaurante  que foi extremamente gentil conosco.

Parabéns pela limpeza e organização dos quartos.

A área de recreação é boa e sei que o hotel está investindo em novas aquisições e, claro, alguns aparelhos de academia serãobem vindos.. 
Com relação ao ofurô penso que seria importante estabelecer limite de uso (exemplo: meia hora por grupo), o que dsria oportunidade de outras pessoas usarem. Ficamos 05 dias e não conseguimos usufruir desse momento de relaxamento. 

Ficamos no sistema de meia pensão.  O café da manhã é ótimo. 
Já  o cardápio oferecido para a refeição é bastante limitado e nossa sugestão é que coloquem a proteína (filé de frango grelhado, bife de filé acebolado, medalhão de frango e de filé, escalopinho de filé, etc.), com a opção de dois acompanhamentos (arroz, purê de batata, batata frita, feijão, legumes na manteiga, etc.), massa (macarrão a bolonhesa, pizza... e mantém a salada de entrada e a sobremesa.  Ficaria perfeito!

E nem pisso esquecer do Régis da loja. Muito prestativo!

Certamente quando voltar a Foz ficarei aqui e vou indicar å família e amigos.",8,2024-01-22 00:00:00+00,1
" Hotel bem localizado, com acomodações boas, e um custo benefício ok. Tem uma agência de turismo dentro do hotel que facilita bastante nos passeios. Café da manhã muito bom, e almoço também.  Mesmo chegando cedo e adiantando o check-in, a recepção conseguiu confundir nossa reserva. Nos colocando num quarto diferente do reservado(1 cama casal e 1 cama solteiro) e só fizeram uma adaptação para que pudéssemos nos acomodar melhor no segundo dia. Tivemos que juntar duas camas para parecer uma cama de casal. O nosso ramal estava com defeito.
A recepção não entrou mais em contato sobre o ocorrido. E quando questionada no check out, apenas informou que estávamos num quarto equivalente ao reservado, só que com 3 camas de solteiro, nunca saberemos afinal! O próprio recepcionista da noite havia dito que o quarto era inferior em alguns aspectos.",7,2024-01-22 02:20:44+00,0
 Do quarto  A Internet não funcionou durante toda a estadia.,8,2024-01-22 14:15:06+00,1
 Muito bom hotel antigo porem reformado com depencias nova !área de lazer excelente!,10,2024-01-22 18:12:55+00,1
" Quartos limpos, área de lazer bacana.  Café da manhã com muita coisa velha, manipulação dos alimentos e a família teve intoxicação alimentar.",5,2024-01-23 13:18:48+00,0
" The pools are very good, the hotel has a travel service which can be used to schedule trips. The hotel offers transportation from the airport to the hotel (only) and it has to be scheduled in advance.  The pool is open only at 10 AM, the time is not convenient if you are vacating the room or leaving the hotel for other activities during the day. A pool should be open early when the temperature is not too high.",9,2024-01-23 14:46:52+00,1
"Buenísima atención, el personal es un amor, muy preocupado de los/as huéspedes, y siempre atentos/as ante cualquier cosa y a recibir feedback!! La comida es exquisita, no es cara la estadía para la calidad de hotel que es (con piscina incluida)! 1000/10
Full recomiendo la estadía en este hotel",10,2024-01-24 00:00:00+00,1
"Meu nome é Paula, e estive hospedada com meu esposo e meus 2 filhos de 17 a 23/01. Adorei o hotel, a começar pelo atendimento do Levi, que fez nosso checkin, junto com o Jefferson, com muita educação e simpatia. Nosso apto era categoria Confort, muito espaçoso com uma cama de solteiro e uma king. Comida do restaurante muito boa e com o preço nada abusivo. Café da manhã delicioso e com muitas opções , em especial  o cantinho dos crepes, tapiocas e omeletes, tudo feito na hora. Como trabalho com turismo, com certeza indicarei este hotel para meus clientes. Deixo somente uma observação, que não é uma reclamação, a música da piscina, achei muito alta, no dia que fui estava tocando Eminem, achei cansativo, tanto que quando mudou , todos que lá estavam comemoraram rsrsrs. Mas no geral, com certeza voltarei e indicarei.",10,2024-01-24 00:00:00+00,1
 Café da manhã e localização excelente  Talvez limitação do tempo de uso de jacuzzi quando muita gente querendo usufruir um pouco,9,2024-01-24 23:07:37+00,1
"I've been here three nights ...nice breakfast buffet with good salty and sweet choices and fresh fruits ...the room was big and very clean...nice staff at the reception, they were very useful with infos about Iguazu Cataratas... nice wide swimming pool",10,2024-01-25 00:00:00+00,1
" Ótimo café da manhã  Limpeza do banheiro nos quartos, na chegada nos deparamos com muitos cabelos no chão do banheiro.",8,2024-01-25 16:31:34+00,1
Que experiencia incrível nesse hotel! Foi tudo perfeito. Já pretendo voltar de novo,10,2024-01-25 17:33:29+00,1
" Piscina, desayuno  La habitación muy justita",5,2024-01-26 16:42:31+00,0
"Hotel maravilhoso! Funcionários atenciosos, simpáticos, prestativos!
Café da manhã muito bom, oferece crepe, tapioca, bastante farto e tem início as 6:30 para quem começa o dia cedo c os passeios! Quarto amplo, confortável, silencioso, cheiroso, roupas de cama e banho limpas e cheirosas!
Tem restaurante para almoço e janta à la carte! Comida muito gostosa e com preço bem justo! Só não gostamos da pizza, mas no demais estava tudo muito bom!",10,2024-01-27 00:00:00+00,1
 Cómodo grande igualmente fue de paso para un viaje más largo no lo pude ver en su totalidad,10,2024-01-27 14:08:52+00,1
"Funcionários extremamente educados e delicados. Instalações todas reformadas, o hotel está em estado de novo, estrutura toda muito completa. Quarto grande, camas confortáveis, chuveiro excelente e canais de tv a cabo disponíveis. O restaurante do hotel que fica o dia todo aberto oferece alimentos com preços EXTREMAMENTE BAIXOS para os padrões hoteleiros, tanto que no último dia optamos em fazer um lanche da tarde no bar na piscina e jantar pelo hotel mesmo. Café da manhã é um capítulo a parte, além de dezenas de opções, conta com o ""tapioca show"" que oferta omeletes, crepes e tapiocas personalizados com diversos ingredientes doces e salgados a escolha do hóspede. Apenas um detalhe a pontuar NEGATIVAMENTE: O ESTACIONAMENTO É DO HOTEL, POREM PAGO, R$ 10,00 O DESCOBERTO E R$ 20,00 O COBERTO...POR DIA, minha única ressalva e chateação com relação a tudo, uma vez que nem no site e nem aqui na hotéis.com mencionava o custo extra.",10,2024-01-28 00:00:00+00,1
 Das piscinas.  Do atendimento da entrada no hotel até a saída.,1,2024-01-28 00:48:44+00,-1
" Pool was nice, room, staff at the bar....the gin and tonic was amazing  A lot of the pastries/bread at breakfast was a bit dry and the restaurant menu wasn't very interesting. Didn't enjoy the loud music all day round the pool and during the week there were a lot of kids which wasn't very relaxing",8,2024-01-28 02:48:10+00,1
" Café da manhã foi maravilhoso!  O ar condicionado do meu quarto estava vazando água e molhou metade do quarto. 
Me deram duas toalhas pra amenizar.",6,2024-01-28 05:01:36+00,0
"Hotel completo, oferecendo serviço de alta qualidade do checkin ao checkout. Quartos amplos e confortáveis, café da manhã fenomenal, área de lazer nota 10. Uma observação bem negativa: o hotel tem estacionamento próprio, porém não tem menção de cobrança adicional, a surpresa vem na hora da reserva, particularmente não gosto de coisas assim, embora seja um valor ""pequeno"", mas não curto surpresas, acredito que tudo que é informado previamente está valendo, surpresas não.",10,2024-01-28 23:49:14+00,1
" O Hotel é grande e bem espaçoso. Tem uma estrutura bem bacana na área da piscina e área do Café do Manhã. A cama era bem grande e confortável. Serviço de arrumação muito bom também. Um facilidade muito boa foi a garagem, coberta e com uma tag individual, você pode sair e voltar com muita liberdade. A localização é muito boa também, muito próximo de restaurantes, lojas e a divisa com o Paraguay.  O quarto tinha alguns problemas. A indicação da água fria e quente do chuveiro estava ao contrário, então achamos que o quarto estava sem água quente a príncipio. O serviço de quarto é bom, mas demora bastante pra ser servido. O chuveiro estava vazando em cima, como se estivesse mal encaixado. o Wifi é razoável. Faltou uma academia.",7,2024-01-29 12:41:16+00,0
" Equipe muito bem preparada em todos os setores, recepção, restaurante e no bar piscina.  Pelo valor pensei que o hotel oferecia mais, os quartos são bem básicos, os principais pontos desse hotel é a localização e o serviço prestado (recepção restaurante, camareiras etc). Qualidade do quarto é extremamente básica, banheiro é um ponto positivo. Acredito que pelo preço tenha melhores opções para qualidade de acomodações. Pela localização nota 10.",7,2024-01-29 14:13:09+00,0
" Olha de tudo!
Atendimento nota 10
Comodidade nota 10
Preço e agilidade 10
Todo ano vou para foz e será aí novamente q irei ficar  Travesseiro e a cama",10,2024-01-30 02:47:43+00,1
 Music around swimming pool was too loud. It made the windows of my room shake.,8,2024-01-30 13:52:33+00,1
"El hotel es hermoso, grande, tiene de todo. El personal no es muy amable ( no todos). Tampoco fueron muy claras las condiciones de l reserva y tema de cochera",8,2024-01-30 14:08:00+00,1
" Lo staff era molto gentile e disponibile. Buona la colazione. Utile la presenza dell'agenzia di viaggi all'interno dell'hotel. La nostra camera era molto grande e spaziosa con letto molto grande e comodo.
Bella anche la piscina e l'idromassaggio.  La stanza era molto molto rumorosa e assolutamente non insonorizzata rispetto all'esterno e ai corridoi.
Atia condizionata rumorosa e luci molto forti all'interno.",6,2024-01-30 18:15:47+00,0
"Nossa estadia no Foz Plaza durante 4 dias estava indo bem, até optarmos por passar um dia no hotel. Infelizmente, a experiência foi decepcionante, desde o serviço na piscina até o jantar, com pratos ruins e demorados. Alguns pratos sequer foram entregues, tornando a estadia frustrante. Não recomendaria este hotel nem mesmo ao meu pior inimigo. Estamos ansiosos para encerrar nossa estadia, mas já com consideráveis decepções.",2,2024-01-31 00:00:00+00,-1
" Excelente localização e quarto limpo, espaçoso e confortável. Gostei da comodidade do transfer até o hotel e da facilidade de ter um representante de turismo para reserva de passeios.
Funcionários solícitos, chuveiro bom e ter um restaurante dentro do hotel é um diferencial para quem não quer sair para almoçar ou jantar.
Além do restaurante, o bar da piscina oferece drink's, lanches e petiscos.  Apesar do café da manhã ter variedade, nem tudo estava bom, então deixou a desejar neste sentido.
O pão de queijo e bolinho de chuva estavam duros e a tapioca estava seca com o frango pálido sem sabor.
Nosso quarto era voltado para a piscina então tinha bastante barulho principalmente a noite (sem violar o horário do silêncio) com a música ao vivo. Entramos no clima do agito e adoramos, mas é um ponto de atenção para quem quer descansar depois de um dia agitado.",9,2024-01-31 22:33:11+00,1
" Localização  Limpeza, comida( uma das noites em que jantei, passei muito mal por causa do feijão estragado); inflexibilidade quanto à entrada no hotel( sabendo da nossa chegada de madrugada à cidade, negociei a entrada no hotel mais cedo para deixar bagagem, mas foi negada; devido a isso, tive de fazer uma programação com minha família para que ajudasse na passagem do tempo e não ficássemos à deriva na rua).",5,2024-02-01 00:20:35+00,0
"Nossa estadia no Foz Plaza durante 4 dias estava indo bem, até optarmos por passar um dia no hotel. Infelizmente, a experiência foi decepcionante, desde o serviço na piscina até o jantar, com pratos ruins e demorados. Alguns pratos sequer foram entregues, tornando a estadia frustrante. Não recomendaria este hotel nem mesmo ao meu pior inimigo. Estamos ansiosos para encerrar nossa estadia, mas já com consideráveis decepções.",2,2024-02-01 01:52:22+00,-1
 Excelente las instalaciones  Nada,10,2024-02-02 07:45:39+00,1
" Hotel amplo... Várias áreas novas, recém reformadas.
Ótima localização. Ponto de táxi na frente. Venda de pacotes turísticos dentro do hotel (muito prático).  Para quem é alérgico, o cheiro da recepção é um absurdo de forte. Parece que espirram gleid o dia todo.
Para quem gosta de cama bem dura... Vai amar.
As cobertas estavam com cheiro estranho.",9,2024-02-02 12:14:37+00,1
"Hotel com muitas áreas recém reformadas. Muito bonito! Área com piscinas. Restaurante muito bom. Ótima localização.
Só o cheiro da recepção que é extremamente forte e o colchão bem duro (para quem gosta não será problema)",8,2024-02-02 13:08:29+00,1
"Excelente hotel com muito conforto. Boa refeição, cama boa, tudo muito bom.",10,2024-02-02 15:05:14+00,1
"Estive hospedado durante 3 dias, ambiente agradável, quarto grande e bem conservado, tudo funcionou perfeitamente, café da manhã muito bom, funcionários sempre gentis!",10,2024-02-02 21:12:24+00,1
"This hotel is centrally located in a nice and mostly quiet area. There are a number of bars and restaurants that are a short 10-15 minute walk from the hotel. They have a nice outdoor area with Jacuzzis, 3 pools, lounge chairs, and tables where you can order food and drinks. The food and drinks from the hotel bar were surprisingly good. I especially liked the French fries with cheese and bacon. The caipirinhas were delicious.

I stayed in room 402. The room I stayed in is pretty spacious with a king-size bed, desk, mini fridge that has water and beer. The bathroom was spacious and had good counter space. Everything was very clean. They seem to be renovating some areas on the ground floor, but overall, the noise level was not bad. Breakfast is included, and it's served from 6:30 to 10am. Good variety of hot and cold Breakfast foods and an omelet station. I would recommend staying here if you're in the area.",8,2024-02-03 11:18:22+00,1
" Hotel limpo, organizado. Decoração bem bonita. As piscinas ótimas para crianças, a jacuzzi maravilhosa. Quarto grande, banheiro grande. Toalhas disponíveis pra área da piscina. Amamos.  Somente um dos garçons da área da piscina que não era nada simpático. Os demais eram ótimos.",10,2024-02-04 01:13:55+00,1
" Recepção ótima funcionários prestativos e simpáticos, quarto grande com todas as amenidades, cama boa confortável, roupas de cama e toalhas novas e limpas e foram trocadas regularmente.  A pia do banheiro do quarto que ficamos estava um pouco entupida, o vaso sanitário tinha um cheiro forte de urina que permanecia mesmo após a limpeza, o café da manhã é bom porém muito repetitivo para quem fica muitos dias e algumas coisas não estavam tão saborosas.",8,2024-02-04 11:27:52+00,1
" Localização  Banheiro muito sujo, mofado e encardido.
Nosso quarto era adaptado para cadeirante, pia bem baixa.
A cama era super dura, bem desconfortável.
O ar-condicionado fazia muito barulho, ligamos na recepção a moça quê atendeu foi grossa e falou que ia ver e logo nos retornaria estamos até agora esperando. Fomos ignorados.

Segunda E ULTIMA vez que nos hospedamos neste hotel. Pelo valor pago deveria ser no mínimo limpo.",4,2024-02-05 12:34:58+00,-1
" Sector piscina formidable y bien atendido.
En general el personal muy preocupado para resolver toda inquietud.  La limpieza de las habitaciones se podría mejorar.
El desayuno un poco mas de variedad",9,2024-02-05 14:15:02+00,1
" Su desayuno supera lo normalmente ofrecido en hoteles de este tipo en Brasil  Las ventanas de la habitación no eran polarizadas, y la habitación queda visible desde el exterior cuando se abren las cortinas.",9,2024-02-05 14:55:18+00,1
"Não tem do que reclamar. Esse povo que está reclamando de barulho de carro, ar condicionado e chuveiro, está reclamando de barriga cheia.
Perfeito!",10,2024-02-06 10:01:12+00,1
" Boa localização  O valor um pouco elevado das diárias,  mas é compreensível pela época que eu fui.",8,2024-02-06 19:38:59+00,1
"Excelente Hotel, muy comodo, buena atencion, abundante y muy delicioso el desayuno, precios bastante economicos.
Muy recomendable👍",10,2024-02-07 00:46:06+00,1
" Quarto antigo com acústica ruim. Hotel para família com crianças. 
Muito barulho da piscina com música 10-20h todos os dias. 

Colchão mto mole. Toalhas velhas.",1,2024-02-07 01:20:30+00,-1
"Alguns Funcionários da recepção necessitam de um bom treinamento para atendimento aos hóspedes. Falta-lhes cortesia, bom senso e vontade.
Demais funcionários, da limpeza,  restaurante, muito atenciosos e solícitos.",6,2024-02-07 01:42:28+00,0
" A área de lazer é muito boa.  O quarto estava com cheiro de mofo muito forte, reclamei e me mudaram de quarto. Só que demorou um bom tempo pra trocar de quarto,",6,2024-02-08 00:49:25+00,0
"Hotel maravilhoso, gostamos muito de tudo. Super recomendo",10,2024-02-08 10:38:52+00,1
"Excelente el hotel. Buena atención, buena comida. Hermoso el área de las piscinas. Recomendable.",10,2024-02-08 13:01:32+00,1
" La piscina y servicio de esta
La comodidad del hotel
La amabilidad del personal  Todo fue perfecto
No tengo comentarios negativos",10,2024-02-09 00:20:23+00,1
 Quarto limpo!,10,2024-02-09 15:45:30+00,1
 A equipe de Recepção simpática.  Péssimo atendimento no serviço do Quarto e outros serviços,5,2024-02-09 17:35:26+00,0
"Muy buen hotel, buen desayuno y los trabajadores muy amables. Recomendable!",10,2024-02-11 01:19:07+00,1
" Muito conforto, quartos limpinhos, área de lazer impecável, ótima localização  Gostei de tudo, só a comida do restaurante que estava ruim, mas isso foi a parte, não tem nada com a acomodação",10,2024-02-11 17:06:56+00,1
 Bom espaço no quarto e banheiro.  Ar condicionado fraco.,9,2024-02-12 00:12:45+00,1
"The hotel is clean and modern, we have 4 adults with two twin size beds and one double bed, the double big is as big as a king size bed, there are comfy. The buffet breakfast is included with lots of food. Our iguazu waterfall tour guide pickup at our hotel so even it is a bit far from city center or nothing to see at neighborhood, it’s still okay!",10,2024-02-13 00:00:00+00,1
" insfraestrura da area de lazer otima, super perto do Paraguay e Argentina  amamos",10,2024-02-13 14:39:06+00,1
" Ficamos com último quarto disponível, sendo assim não era dos melhores, só o preço igual hehe  Barulho demais acredito de algum ar condicionado para fora, quarto simples, cama mais ou menos",9,2024-02-13 14:45:40+00,1
" Funcionários muito corteses. Funcionária Joanna da recepção bem humorada e próativa. Boa estutura geral.  Limpeza do quarto durante a estadia deixou muito a desejar. Nao havia limpeza diária no banheiro, em 06 dias tiraram o lixo do banheiro apenas uma vez, mesmo estando cheio. Cheiro forte de urina no banheiro. Ar condicionado vazava água dentro do quarto, foram arrumar e piorou, depois não tentaram mais arrumar. No 2º dia de hospedagem uma funcionária entrou no quarto com o aviso de não perturbe na porta; meu marido viu e abordou a funcionária, que teimou que eu estava na recepção fazendo checkout (o que ocorreria somente 04 dias depois), mesmo ele dizendo que eu estava no café da manhã.",7,2024-02-15 15:29:33+00,0
" Café da manha maravilhoso, instalações muito boas, manutencao precisa melhorar: pia tricada e ar condicionado com  dreno entupido gotejou a noite toda.
Recepção pode e deve ser mais simpática e atenciosa. Usem o cadastro do Booking ( somente para assinar a ficha no check in). Depois de 800 km de moto, ninguém quer preencher ficha!!!  A garagem descoberta não condiz com o hotel. Parece que separa hóspedes de 1a categoria e 2a?? Lamentável, façam telas de proteção, baratas similares, não justifica cobrar além da diária. Desnecessário.",8,2024-02-16 02:15:15+00,1
" Very kind man in the reception. HE explained me everything 
The food was good.
The room  was clean",9,2024-02-16 04:47:58+00,1
Ótima opção.  Limpo. Atendimento perfeito.  Muitas opções de lazer,10,2024-02-16 12:53:56+00,1
 La atención y la limpieza  Las camas. Mal los resortes te asían acupuntura .,7,2024-02-16 20:47:53+00,0
 Cheiro em volta da hidro/agua,9,2024-02-19 12:50:49+00,1
 CAFÉ DA MANHÃ,10,2024-02-19 18:03:35+00,1
" O hotel é muito recomendável. Havia uma dúvida em relação as diárias não utilizadas mas que foram prontamente resolvidas, aumentando meu conceito com o hotel. Perfeito local que espero voltar em breve. Obrigado pelo atendimento.  O hotel deveria disponibilizar um computador para os hospedes trabalharem em caso de emergência, como necessitei no momento em que lá estava, ainda que pago o mediante solicitação prévia na recepção.",7,2024-02-19 19:35:20+00,0
 La Calidez con que nos trataron en especial el Sr Levi de recepción. La limpieza del lugar. La comida fue excelente.  Na por decir. Todo me pareció excelente.,10,2024-02-20 16:12:53+00,1
" מקום נעים ויפה עם צוות מקצועי ונחמד מאוד שאוהב לעזור, קרוב יחסית לשדה התעופה. את כל האטרקציות הזמנו דרך סוכנות שהייתה ממוקמת בתוך המלון, ויצאנו אליהן מהמלון. נוח מאוד. 
ארוחת הבוקר הייתה מעולה. 
המקום סיפק לנו את כל מה שרצינו.",10,2024-02-20 20:17:55+00,1
" Quarto maravilhoso, super aconchegante  Impossível não gostar, não tenho nenhuma reclamação",10,2024-02-21 01:24:54+00,1
"Un hotel hermoso, limpio, todos muy atentos a atenderte lo mejor posible, todos los detalles muy cuidados, la habitación excelente, con frigobar y muy limpia. La piscina limpia y el servicio en el área de piscina, excelente!!! La atención muy buena de todo el personal y todos hablan tu idioma. Volveremos sin duda!!!",10,2024-02-21 10:29:40+00,1
 pool  breakfast time,8,2024-02-21 11:27:13+00,1
" O café da manhã é bom, tem frutas (mas o abacate sempre verde, a melancia e o mamão sem doce), tem tapioca e o omelete (feitos na hora) mas são razoáveis. Os bolos são deliciosos e tem produtos sem glutén. No carnaval teve recreação e música ao vivo. O pessoal do restaurante é bem atencioso e a comida boa. Enfim, o hotel é bom e recomendo.  O Hotel é bom, mas não é fabuloso como foi conceituado no Booking. Esse conceito indevido é ruim porque cria expectativas. Fiquei bem aborrecida por ter pedido quartos próximos na reserva mas na hora do check-in me informaram que não seria possível. Isso foi um transtorno para mim pois estava com meus filhos. Os banheiros são antigos, a pia não tem uma boa vazão e com os dias de uso o vaso estava amarelado.",7,2024-02-21 15:07:01+00,0
" Het hotel is een vier sterren hotel met bijbehorende faciliteiten, prima ontbijt en vriendelijke medewerkers.  De kamers zijn verouderd. Ooit was het een mooi hotel maar, met name de badkamers zijn er verouderd.",7,2024-02-21 15:09:21+00,0
"Gostei muito do hotel: cama confortável, lençóis e toalhas de boa qualidade, muito limpo. O atendimento e do café da manhã também foram uma boa experiência, assim como a estrutura de lazer. A localização tb é muito boa. Indico sim. Excelente relação custo x benefício, no nosso caso.",10,2024-02-22 19:56:02+00,1
" A equipe era bem simpática e solícita, desde a recepção,  até as camareiras. A localização também é boa, perto de restaurantes e supermercados.  Sinceramente não sei como esse hotel tem essa nota e pode ser chamado de ""Fabuloso"" no booking. Só pode ser brincadeira ou as pessoas que avaliam nao tem critério ou nunca se hospedaram em um hotel bom. 
O quarto é muito ruim: cama desconfortável,  travesseiros péssimos e velhos, lençol encardido, o pé da cama quebrou no primeiro dia. Ar condicionado velho e barulhento,  as paredes mofadas e com infiltração, a cortina não era black-out entao 5 da manha vc já acorda com o sol, pia do banheiro minúscula. Tive que ligar duas vezes pedindo papel higiênico pq eles não deixam reserva (o cúmulo). 
Mas a pior experiência foi comer comida estragada por duas vezes. Pedimos um prato de purê com frango e creme de milho e o purê veio azedo. Na segunda ocasião,  pedimos arroz e feijão e o feijão veio estragado. Ainda por cima no check out lançaram o prato estragado que devolvemos. 
O café da manhã que muitos elogiaram aqui nos comentários é bem ruinzinho. Os bolos mais secos que o deserto do Saara, poucas opções. 
A piscina é grande, porém estava imunda. Parece que não limpam.
Resumindo: confiei nas avaliações aqui e fiquei extremamente decepcionada. Se vc quiser se hospedar em um lugar decente, não indico esse hotel.",3,2024-02-24 21:23:16+00,-1
Bem localizado bom custo benefício.,10,2024-02-24 21:35:32+00,1
" La ubicación excelente y las piscinas ideales para niños  La cama de la habitación tenía sábanas viejas, daba un aspecto un poco sucio e incómodo con el tacto.",9,2024-02-25 02:33:23+00,1
" Área externa, excelente",10,2024-02-25 13:23:34+00,1
"Excelente
Só a internet deixa a desejar",10,2024-02-25 15:38:19+00,1
" Bem localizado,  piscina e bar atende muito bem 
Café da manhã mutoi bom  Talvez o almoço a lá carte e demorado.",8,2024-02-26 12:35:13+00,1
" Cafe da manhã excelente.
Quarto aconchegante! Funcionários simpáticos e prestativos!",10,2024-02-26 15:05:54+00,1
"Amamos o hotel. Começando pelo atendimento, piscinas excelentes, refeições top, café da manhã com direito a tapioca e omelete preparadas na hora, serviços na piscina, localização boa....Tudo perfeito !",10,2024-02-28 18:45:37+00,1
" Breakfast was good, nice hotel didn’t like the location  Location",8,2024-02-29 12:02:16+00,1
" Funcionários, instalações e comida  Som ao vivo na piscina no sábado até as 22:00 h.
Som muito alto que incomodou demais",7,2024-02-29 17:26:47+00,0
 Breakfast and the pool were really great. We enjoyed our stay!,8,2024-02-29 22:38:52+00,1
"la atención es muy buena, desayuno muy rico muchas variedades y la habitación excelente",10,2024-03-01 13:05:33+00,1
" Las piscinas y la ubicación,  La habitación  tenia hormigas, por lo  cual  reclame ya que es un hotel  que dice ser 4 estrellas, me cambiaron 3 veces de habitación  todas ellas con  hormigas y solo  pusieron un  poco de insecticida y nada mas, las instalaciones antiguas no  olían  bien las habitaciones y la limpieza era deficiente.",4,2024-03-01 17:24:18+00,-1
Todo super!!,10,2024-03-02 20:37:03+00,1
 Excellent buffet de petit-déjeuner.,9,2024-03-04 10:21:59+00,1
 La zona de la piscina y bar  El sistema de entrada y salida del estacionamiento no techado,9,2024-03-04 10:47:57+00,1
" Lo único bueno es la ubicación  La atención del personal es pésima. 
La habitación no contaba con toallas de baño. Solo tenían toallas de mano. 
Las camas no son cómodas.
Además solicité un adaptador de toma corriente y tuve que comprar uno en el mismo hotel. O sea, lucran con las necesidades de los clientes.",3,2024-03-04 12:16:02+00,-1
" The staff at the front desk were very helpful and pleasant. The room was very nice and the pool area was great. We also loved the breakfast. It was one of the best I have seen.  A large roach visited us in the shower one morning, but we took care of it. That is what flip-flops are for, right?",9,2024-03-04 16:03:16+00,1
" Hotel com ótimas instalações! Variedades no café da manhã. Hotel com piscina, restaurante e bar disponíveis em ótimos horários. Tudo muito bom!  Tv do quarto era smartv Roku e tive dificuldades em conectar. Porém, nada que comprometesse a estadia.",9,2024-03-04 20:59:34+00,1
 Hay bed bugs en la habitacion y la cama!,1,2024-03-05 00:52:45+00,-1
 La limpieza de todas las instalaciones y el desayuno riquisimo,10,2024-03-05 12:06:56+00,1
 Excelente custo benefício.,8,2024-03-05 15:08:29+00,1
" Schönes Hotel, geräumige Zimmer. Sauber. Tolles Personal und Service . Bügelzimmer. Frühstückservice selbst bei Abreise mitten in der Nacht.  Hatten das Zimmer mit Blick zum Pool, tagsüber war es ziemlich laut in Zimmer aufgrund der dünnen Fenster. Ab 21 Uhr ist jedoch Ruhe am Pool, daher alles i.O.",9,2024-03-06 12:04:41+00,1
"Amei o Hotel, funcionários super simpáticos e solícitos. 
Quarto pequeno, porém sempre deixam bem limpo, e bem arejado. Café da manhã aquele básico que funciona, com boas opções de pães, bolos, até opções pra intolerantes a lactose, tapioca feita na hora pelas atendentes simpáticas. 
Área da piscina maravilhosa, não usamos porque nos dias que estavam aí, estava bem frio. 
Os recepcionistas nos ajudam até nos passeios, dicas aonde comer etc. 
tudo muito limpo e cheiroso. 
Localização muito boa, próximo a várias opções  para jantar",8,2024-03-07 00:00:00+00,1
"Experiência muito boa. O hotel não é novo, nosso quarto precisava de um reparo na válvula de descarga e na fechadura da porta do banheiro, mas não foi nada que atrapalhou nossa estadia. Café da manhã ótimo, espaço das piscinas e bar da piscina excelentes. Localização ótima.",10,2024-03-07 00:00:00+00,1
"Muito bom, gostei o café da manhã muito bom o hotel e limpinho.",10,2024-03-09 00:00:00+00,1
" Las piletas y los jacuzzis, la calidez de atención de la gente que trabaja en el hotel.  Que no me dieron la opción de pagar en efectivo.",9,2024-03-09 00:05:37+00,1
" La limpieza de las habitaciones impecable.  La comodidad de las camas, regular. 
Limpieza de baño falta mejorar.",9,2024-03-09 13:48:26+00,1
" Boa estrutura da área externa, quartos um pouco velhos mas confortáveis  No café da manhã tinham várias opções de sucos e bolos mas nenhum identificado do que era, tinha que escolher pela sorte e algumas vezes não era algo q queria e tinha q deixar de lado. Até comentei isso com o staff que informou que estavam trabalhando nisso, mas acho q uma solução simples tipo um adesivo poderia ser tomada",8,2024-03-11 11:56:24+00,1
" Café da manhã, e camas  Internet péssima",8,2024-03-11 12:49:38+00,1
" the service was excellent, the staff were kind. The gym opposite the hotel was 25 reals for a day pass.",8,2024-03-12 20:55:11+00,1
 Great restaurant for breakfast lunch and dinner,10,2024-03-13 22:12:10+00,1
" Instalações muitos boas, café da manhã e restaurante a disposição muito bons.  Precisa de uma dedetização urgente, muitas formigas no quarto e pequenas baratas no banheiro.",8,2024-03-14 21:14:15+00,1
"Went for a road with family, and got to Fox do Iguazu late afternoon. After checking 5 hotels, everything was booked solid, and this is not even high season. We talked to a local taxi driver who told us to follow him to this hotel. He had several other suggestions if this didn’t work out. They were able to accommodate our group of five adults. We checked out some local restaurants and churrasquerias, and decided to come back to the hotel for supper. The bide a chorizo with chimichurri was exceptional. Friendly service, very clean all around.",10,2024-03-15 00:00:00+00,1
Ótima relação custo benefício.,10,2024-03-18 00:41:59+00,1
" Da cama  Acho que poderiam melhorar na limpeza do banheiro,banheiro com mofo ,traças .Ar condicionado muito velho ,com vazamento de água,molhou algumas coisas que estavam na bancada.",6,2024-03-18 18:23:10+00,0
"Me hospedei no Foz Plaza mês passado, de 26 de Fevereiro a 1  De Março, o hotel é muito top, ótima localização, quartos novos o café da manhã bastante variedade, parabenizo aqui a recepcionista Simone, muito atenciosa, atendimento nota 100000!!!",8,2024-03-18 23:38:44+00,1
 Atendimento norturno muito ruim. Estacionamento confuso e difícil de manobrar.,6,2024-03-19 03:26:21+00,0
"Fiquei hospedada por 8 dias no hotel e não acho que seja possível enquadrar o local como um hotel 4 estrelas, se eu precisasse avaliar diria no máximo 2 estrelas. Os problemas?

- O atendimento da recepção: em mais de uma situação essa equipe foi grossa e impaciente, ao ponto de interromper conversa com cliente para falar na rádio interna, revirar o olho e responder dúvidas ou realizar explicações com cara ruim.

- Infraestrutura do quarto: O quarto tinha apenas 2 tomadas, posicionadas atrás do colchão (Se quisesse carregar alguma coisa, ou você empurra a cama ou então entorta o seu carregador), o frigobar não fecha direito e os travesseiros eram ruins.

- Limpeza: O banheiro estava com craca no chão, principalmente no box. Nitidamente era falta de lavar pois apenas de direcionar o jato do chuveiro já saia um pouco. Gavetas estavam sujas também e mesmo após o serviço de quarto passar, era perceptivel que não havia sido limpo propriamente, apenas recolhido o lixo e dobrado os lençois.

- Propaganda enganosa, estacionamento privativo para hospedes, na realidade é pago: Não basta você pagar a hospedagem, caso queira estacionar nas dependências do hotel também é necessário pagar uma diária para o carro.

- Taxa de turismo: Não houve nenhum aviso sobre a existência dessa cobrança, apesar de opcional, não explicaram, e somente após o questionamento da minha parte, que foi retirado a cobrança, ou seja, se a pessoa for leiga ou estiver com pressa, pagaria sem ver.

A localização é boa, a pessoa da loumar que fica no espaço possui um atendimento fenomenal, o quarto tem uma cama grande, o pessoal que trabalha com a alimentação é educado, café da manhã é gostoso, jacuzis e piscinas são limpas diariamente e a infraestrutura do hotel nas áreas comuns está recem reformada. Mesmo com essas qualidades, não acho digno de defender as 4 estrelas. Caso opte por este hotel, tenha consciencia que será no máximo 2 estrelas e que existem concorrentes na região que cobram mais barato por um atendimento melhor.

Dica aos donos, treine mais a equipe da recepção e foque na contratação de mais camareiras, para que assim, elas tenham possibilidade de limpar de verdade os quartos. Uma empresa é feita de pessoas, e uma vez que existe desarmonia entre elas, significa que a gerencia está deixando a desejar.",6,2024-03-19 18:37:23+00,0
" Ótimo, limpeza, quarto, café da manhã, espaço de lazer não deixa nada a desejar, funcionários educados e atenciosos.  Nada a reclamar",10,2024-03-19 19:45:20+00,1
" A gentileza e o atendimento prestado por todos os colaboradores. 
Limpeza, estrutura, localização e a atenção especial com o meu esposo no dia do seu aniversário, ele recebeu uma linda mensagem acompanhada de chocolates.  Por mais que estava tudo muito bem apresentado e decorado,  achei muito repetitivo as opções de café da manhã, faltou mais variedades. 
As opções do cardápio do restaurante também deixaram a desejar podendo ter mais opções.",8,2024-03-19 20:21:33+00,1
"Einchecken hat gut funktioniert. Autostellplatz kostet extra. Zimmer ist nicht sauber auf den Ablagefächern liegt Dreck. Der Boden ist nicht richtig sauber. Das Badezimmer ist auch schon in die Jahre gekommen. Zimmer ist sehr groß. Bett wurde auch ohne Probleme zusammenstellt. Pool, Whirlpool und die Poolbar waren ein gutes Highlight. Das Personal könnte freundlicher sein als eine Zimmerkarte bei uns nicht funktioniert hat und wir nachgefragt haben. Frühstück Buffet ist ausreichend und man kann sich frische Teigwaren kochen lassen.",6,2024-03-20 10:54:55+00,0
" Tudo perfeito!! O hotel é espetacular! As instalações são ótimas, piscina, ofurô, o quarto, a melhor cama da vida, o atendimento impecável, tudo limpo, organizado… tudo incrível! E os drinks do Batista no bar da piscina!!? INCRÍVEIS!! Quero voltar mais vezes e seguramente será neste hotel que ficarei!",10,2024-03-20 15:54:20+00,1
 Tudo muito limpo e cheiroso. Café da manhã bem variado e os funcionários eram muito gentis,10,2024-03-21 01:42:20+00,1
" Cheiro, banho, cama, café da manhã, água aromatizadora.  O café preto pode melhorar e a iluminação do quarto.",9,2024-03-21 13:40:44+00,1
 Localização  Som alto na piscina e gritaria de pessoas alcoolizadas até meia noite. Difícil conseguir dormir antes de meia noite.,7,2024-03-21 17:36:25+00,0
"Hotel Maravilhoso, porém café bem bagunçado. Aparelhos de ar condicionado estavam desligados em plena manhã num calor absurdo. Destaque para simpatia e atenção dos funcionários. Quarto amplo e espaçoso. Cama confortável, tv e ar condicionado excelentes",10,2024-03-22 00:00:00+00,1
"The hotel feels very luxurious. The rooms are spacious, the shower is very powerful and hot and the pool area is lovely. The staff were very nice and the location is good!",10,2024-03-22 00:32:13+00,1
" De tudo , perfeito",10,2024-03-22 19:27:21+00,1
"Excelente 4 estrelas, café da manhã abundante e variado, quartos grades, cama e travesseiros excelentes, banho grande, ducha excepcional, localização primorosa.",10,2024-03-22 19:47:42+00,1
"Hotel Maravilhoso, porém achei café um pouco bagunçado. 3 ar condicionado estavam desligados num calor absurdo logo pela manhã.",10,2024-03-22 23:53:12+00,1
" A comida do hotel é excelente, desde o tira-gosto até o jantar  Elevadores lentos e não são inteligentes. As arrumadeiras fazem muito barulho cedo, arrastam as camas, batem as portas.",9,2024-03-24 00:15:53+00,1
" Gostamos de tudo, localização, conforto, café da manhã, tamanho dos quartos, conforto das camas, travesseiros, a ducha é maravilhosa, tamanho do banheiro, atenção dos funcionários, da área de lazer.",10,2024-03-24 01:30:38+00,1
" Frühstück war gut; schöner Pool mit Bar  Nicht besonders freundliches Personal, dreckige Wand und kaputter Spiegel",6,2024-03-24 13:41:40+00,0
" Excelente ubicacion, los empleados súper amables  El restaurante solo es bueno el desayuno, para almorzar o cenar tienen demoras de más de una hora, ni tienen variedad de comida y muy caro",10,2024-03-24 16:25:32+00,1
" Limpeza diária muito boa, café da manhã com bastante variedade, quarto silencioso, cama confortável, balcão de atendimento da Loumar Turismo dentro do hotel facilitou bastante os passeios.  A água do chuveiro tinha um odor estranho, mas acredito ser algo do fornecimento de água & esgoto local, nada que ver com o hotel em si.",9,2024-03-25 01:24:34+00,1
 Tudo muito bom  Comida do restaurante média,10,2024-03-25 01:45:44+00,1
" Café bom, hidromassagem, piscina boa  Hidromassagem deveria ser por tempo, hóspede ficam muito tempo e os demais não conseguem usar",9,2024-03-25 16:00:44+00,1
" Zentral gelegen, super Pool-Landschaft, Frühstück war sehr umfangreich inkl. Tapioca/Crepe/Omelett-Koch. Zimmer waren sehr großzügig.  Die Reiseagentur in der Hotellobby war nicht zuverlässig - am Ende haben wir unsere Ausflüge selbst organisiert.",9,2024-03-27 00:31:15+00,1
" Quartos 
Piscinas  Falta um pouco mais de opção no café da manhã",10,2024-03-27 00:45:52+00,1
 De tudo  Tudo otimo,9,2024-03-27 02:20:09+00,1
 Localização  Estacionamento descoberto. Poderia ser unânime para todos!,10,2024-03-28 13:21:43+00,1
 Colaboradores muy amables.  La escalera de la habitación era muy angosta e insegura.,7,2024-03-28 20:00:27+00,0
"Excelente 4 estrelas, café da manhã variado e muito bom, cama deliciosa, travesseiros muitos e bons, área de lazer com muitas opções, birô de turismo dentro do hotel. Isso é comodíssimo!!! Piscina, hidromassagem, bar na piscina, ping pong, sinuca. Tem tudo para entretenimento.",10,2024-03-29 00:00:00+00,1
" Quarto grande,  roupas de cama limpas e cheirosas.  Jacuzzi água fria, não tem água e café gratuito. Horário da checalte muito cedo 11h. Meu voô era 20:20.",5,2024-03-29 01:09:17+00,0
" Hotel muy lindo, limpio, tranquilo  En mi caso soy Celiaca y mi desayuno dejó mucho que desear , solo panificacion dulce muy seca y jamón y queso que no tenía un pan o una galleta para acompañarlo , no había yogurt ni mermeladas , para las demas personas el desayuno se veía variado, con abundante oferta . Me apenó mucho la no consideración para los celiacos ya que hize una queja y no fue escuchada",7,2024-03-29 01:57:43+00,0
 Excelente conforto de quarto. Piscinas e hidros ótimas. Funcionários atenciosos. Excelente café da manhã.  Poderia ter melhor vedação acústica nas janelas e vedação de luz na cortina. Nada grave. É muito confortável para dormir. Apenas isso para ficar perfeito.,10,2024-03-30 13:41:02+00,1
Staff  exceptional,10,2024-04-01 00:00:00+00,1
" O Hotel é bem localizado, perto do shopping e também de fácil acesso para a ponta de amizade. Peguei o quarto que está reformado e é bom. A força do chuveiro também é bom. 
O café da manhã é bom e possui a parte de crepe.  Poderia estar incluso o estacionamento.",9,2024-04-01 12:37:53+00,1
" Gostaríamos de expressar nossa satisfação com a nossa estadia, na qual tudo foi perfeito. O atendimento foi excepcional, os quartos confortáveis e o café da manhã, com destaque para tapioca, crepe e omelete feitos na hora, foi delicioso. Agradecemos a toda equipe pela dedicação em tornar nossa experiência memorável e esperamos retornar em breve.",10,2024-04-01 16:29:30+00,1
 La ubicación excelente y el personal del hotel super amable y predispuesto. El hotel es super amigable para los niños tiene piscina acorde y espacio de juegos para distintas edades.,9,2024-04-01 22:56:28+00,1
" Piscine agréable, personnel très serviable. Petit déjeuner correct  Chambres bruyantes, petites",7,2024-04-02 00:21:15+00,0
"Ah, terceira vez nesse hotel, espetacular,  limpeza, atendentes, quarto muito limpo, piscina funciona até mais tarde, café da manhã em um salão bem amplo, elevadores, perto de bons restaurantes com acesso de carro.",10,2024-04-02 00:40:21+00,1
" Hermoso hotel, amplio pileta súper linda cálida, pieza grande cama muy cómoda  Las almohadas bajitas",10,2024-04-02 01:38:48+00,1
" Localização.  Café da manhã, frutas estavam velhas. Nao há boas opções no restaurante.a hidromassagem é a maior concorrência do mundo, impossível conseguir utilizar",4,2024-04-02 09:17:13+00,-1
" O Hotel é muito bem localizado e tem uma estrutura boa. O café da manhã foi um show durante a estadia, sempre com muita variedade de pães, bolos e até mesmo frutas fresquinhas. A princípio ficamos em um quarto para duas pessoas porém, tivemos um problema com o ar condicionado e tivemos que pedir providências quanto a isso e a equipe do hotel muita solícita nos deu um upgrade para um outro quarto um pouco mais espaçoso e no qual o ar condicionado era um pouco melhor. A área da piscina bem confortável e grande foi possível ficar sempre à vontade. O sinal de wi fi era bom mesmo no quarto andar.  Limpeza do ar condicionado, horário de atendimento da cozinha era somente até 22h se fosse um pouco mais estendido seria perfeito e a limpeza do quarto que fomos informados que era cobrado a parte da diária(pelo menos entendemos dessa forma), tinha sala de jogos porém, quase na maioria dos jogos precisávamos  adquirir fichas na recepção do Hotel pagando a parte o que poderia ser cortesia para hospedes.",8,2024-04-02 21:01:33+00,1
" La ubicación, las instalaciones y el personal excelentes. Todos atentos y muy amables. El desayuno y las hamburguesas del hotel deliciosas. Fuimos con mi esposo y bebé y nos ayudaron en todo lo que necesitábamos, incluyendo cunita y sillita de comer todas las veces que fuimos al comedor. Volvería sin dudarlo!  La pasta carbonara no era buena  y había una chica en el comedor que te respondía amablemente, pero ignoraba los pedidos que le hacías y fue la única, porque todos los demás eran demasiado amables y serviciales.",9,2024-04-03 10:13:05+00,1
" El lugar hermoso, bien ubicado y la atención del personal excelente  Los baños no tiene control de olores y al menos la habitación que me tocó no tenía ventanas",7,2024-04-03 11:36:14+00,0
" Staff at the reception super Nice and friendly  Absence of USB 
plugs to recharge mobile phones",9,2024-04-04 00:36:05+00,1
 Buena variedad  Nada,9,2024-04-04 16:22:55+00,1
"Fiquei hospedada neste hotel durante 4 dias.. fiquei para lua de mel.. a única coisa que fiquei meia chateada foi com a recepção na hora do chekin… mas de resto muito bom.. café da manhã top, com muita variedade. A vista não é das melhores por conta de ser em centro…",8,2024-04-04 23:19:50+00,1
" Todo el Hotel espectacular, la piscina y los jacuzzis únicos. El desayuno variado y con mucha reposición, ubicación 10 puntos cerca de comercios y shoping.  Todo me gustó un muy buen hotel.",10,2024-04-05 01:32:41+00,1
" Quartos excelentes.
Área para reuniões (foi necessário a mim)
Piscinas
Café da manhã excelente",10,2024-04-06 20:06:47+00,1
" Me encantó el hotel, las instalaciones, la comida, la atención del personal, la zona de la piscina muy agradable. Viaje con mi hijo y el día sábado les hicieron actividades para los niños, muy recomendable.",10,2024-04-06 23:37:55+00,1
" El personal super amable. Las camas muy amplias y  cómodas. La zona de la piscina y de recreación super recomendable para disfrutar en familia. El desayuno muy completo, y el comedor muy amplio. Volveria  Nos gustaría que tengan panfletos, mapas sobre las distintas actividades turísticas y opciones para realizar en la zona. No sólo una oficina de una empresa en particular que te quieren vender solo su servicio.",9,2024-04-07 11:46:20+00,1
" Breakfast was great and location is walking distance to mall, souvenir shops and bus stop. Staffs were very helpful.  Faucet was hard to open and leaking if not closed tightly.",8,2024-04-07 15:32:37+00,1
"Travelled as part of a group tour and stayed 2 nights here.
Room was pretty clean and spacious.
The pool area was great and so was the spa pool.
Nicely located and looks like it had been renovated recently.
The staff were quite friendly and helpful.",8,2024-04-08 00:00:00+00,1
"Pasé solo unas horas porque me derivaron del aeropuerto despues de un cancelamiento en el vuelo.
Pero cuando llegué queria que el vuelo se atrase 1 semana.
Super lindo, comodo y el desayuno abundante, rico y variado!",10,2024-04-08 15:49:27+00,1
" Amei tudo. Café da manhã excelente e muito variado, quartos super confortáveis e amplos, banheiro de bom tamanho com excelente ducha, estacionamento com custo justo, localização excelente. 
Funcionários super prestativos e atenciosos.
Ainda possuem balcão de atendimento para passeios. Excelente!  Nada",10,2024-04-08 17:00:19+00,1
" Muy buenos desayunos, habitación muy cómoda y agradable zona de piscinas...",9,2024-04-08 20:36:25+00,1
 Boa  Espaço ducha,9,2024-04-09 10:53:27+00,1
" Quando cheguei no hotel, fui direcionado para um quarto bem antigo e camas simples, e tinha odor de mofo no quarto, solicitei a alteração e logo me atenderam, quero ate parabenizar pela atitude.",6,2024-04-09 19:06:30+00,0
"A boa impressão começou com o Felipe do setor de reservas, que se mostrou bastante empenhado em ajudar e viabilizar a nossa hospedagem no Foz Plaza Hotel. Cancelamos a reserva que havíamos feito em outro hotel para ficarmos neste, sobretudo devido ao atendimento prestado por ele via WhatsApp. A decisão foi acertada e ficamos muito satisfeitos com o conforto do quarto, café da manhã muito bom e a área das piscinas é muito agradável. Como agradecimento eu recomendo a troca das frigideiras para fazer crepe e um pouco mais de tolerância com o horário de checkout, quando a ocupação permitir, é claro. A supervisora da recepção se porta como um sargento e não gosta de conceder nenhum minuto de tolerância, ainda que o hotel esteja com baixa ocupação. No mais, desde a reserva até o final da hospedagem, todos foram muito prestativos e corteses. Obrigado!",10,2024-04-10 00:00:00+00,1
"Lugar muito bom
Atendimento 10",10,2024-04-12 19:02:58+00,1
"Foi uma experiência ótima. No checkin, os funcionários foram muito educados e simpáticos. O quarto era espaçoso e confortável, com frigobar gelando muito bem, banheiro com chuveiro excelente, guarda roupas ótimo, limpeza feita todos os dias. A área da piscina muito agradável, com petiscos e drinks ótimos. O café da manhã muito bem servido, com variedade de frutas, frios, pães e doces. A localização do hotel é excelente, próximo a supermercados, postos de combustível e restaurantes. Muitas vagas de rua disponíveis, caso você não queira utilizar o estacionamento, que é cobrado a parte. Wi-fi funcionando perfeitamente durante toda a estadia. A lojinha de souvenir dentro do hotel tem tudo, e com preços muito justos! Não posso reclamar de nada. Foi tudo incrível!",10,2024-04-13 15:14:04+00,1
" Ótimo custo benefício, o valor da diária é excelente para tudo que oferece. O hotel conta até com equipe de recreação, minha filha se divertiu muito com a Cacau",10,2024-04-13 20:51:33+00,1
"Atendimento ótimo,café da manhã excelente, tratamento pela equipe muito bom,certamente voltaremos a foz do Iguaçu e ao foz plaza hotel...nada a reclamar.✌🏼 E as tapiocas feitas na hora então nem se fala tchê 😎...muito bom",10,2024-04-13 23:49:58+00,1
" Eu e minha família adoramos o espaço, conforto, educação dos funcionários, banheira de hidro, bar, sala de jogos, enfim, tudo foi ótimo!  Nenhuma observação.",10,2024-04-15 17:14:52+00,1
" Café da manha bem variado e muito bom. Localização central, perto da saída para os passeios.",10,2024-04-18 11:21:04+00,1
" Café, áreas comuns do hotel  A vedação acústica do meu quarto era ruim,.estava para rua e o barulho de carros e motos era muito nítido.
Havia obras no andar.",10,2024-04-19 12:56:50+00,1
 Custo benefício e localização.,9,2024-04-19 13:25:38+00,1
"Chambre et salle de restaurant sans charme mais confortable. Très bon petit déjeuner. Très bel espace à l’extérieur avec 2 piscines, 2 jacuzzi et 1 bar, le tout à l’arrière de l’hôtel dans un joli jardin. L’hôtel recommande de ne pas sortir à pied le soir",8,2024-04-20 00:00:00+00,1
 Area de lazer  Gostamos de tudo,10,2024-04-20 22:56:57+00,1
" Ótimo café da manhã, uma variedade de pratos, sucos. Gostei bastante 
O quarto tinha um ótimo espaço, a internet no quarto funciona muito bem. 
A localização também é muito boa.",10,2024-04-22 13:03:26+00,1
"O Hotel é excelente, a localização é ótima, os funcionários são extremamente atenciosos, o quarto é limpo e a infraestrutura do hotel é adequada. E eles ainda possuem dentro do complexo uma agência de turismo que facilita o passeios por Foz.",10,2024-04-23 00:00:00+00,1
"Ótimo hotel , atendimento excelente , acomodação excelente , funcionários muito educados . A comida é muito boa, e com preço ótimo .",10,2024-04-25 00:00:00+00,1
" Ótimo atendimento, quarto grande e confortável, localização, café da manhã!",10,2024-04-25 20:59:23+00,1
" Clean and nice room, good pleasant staff, good food and the best capirinia",10,2024-04-26 12:38:53+00,1
"Camas confortáveis, jacuzzi boa , café da manhã excelente….. em geral estrutura boa , com certeza voltaria. E recomendo",8,2024-04-27 00:00:00+00,1
"O atendimento é ímpar , excelente, flexível para ajustes de check in e check out , acomodações boas . Salão de jogos , academia muito bons . Boas piscinas e jacuzzi ..Bar da piscina com bons drinks e porções.As atividades de recreação sensacional.",10,2024-04-27 00:00:00+00,1
 Las camas eran muy muy cómodas y la limpieza espectacular.  Nada. Todo fue increíble.,10,2024-04-27 06:10:46+00,1
 Bom. Boa  Não teve nada que não gostei,8,2024-04-29 14:42:04+00,1
 Quarto grande e camas confortáveis. Banheiro super grande e chuveiro maravilhoso. Área de convivência ótima e serviço de quarto excelente. Conseguimos usar a jacuzzi várias vezes.  Achamos que o estacionamento estava incluso no valor.,10,2024-05-02 03:44:36+00,1
" Hotel bom, café da manhã maravilhoso bastante opções, boa localização, voltaria com certeza.  Serviço de quarto deixou a desejar, pois pedimos para limpar o quarto um dia não limparam, pedimos toalhas para recepção não enviaram e o hotel estava em reforma muita gente das obras tirou um pouco da privacidade pois estavam em todos lugares inclusive nos corredores dos quartos.",8,2024-05-02 14:02:12+00,1
" Localização muito boa, hospedagem excelente, muito conforto, ótimas refeições  Atendimento de um dos garçom do bar",10,2024-05-04 12:48:39+00,1
" Excelente hotel, adorei a área externa, ótimo café da manhã e atendimento de primeira.  Nada a declarar.",10,2024-05-05 12:33:55+00,1
"Hotel bem localizado, local limpo.",8,2024-05-05 15:27:51+00,1
"Buen hotel, habitaciones algo antiguas pero moderno el resto del hotel. Linda zona de pileta con barra zona de descanso. Jacuzzi. Muy buena atención del personal. Solo olvidaron hacer el servicio de cuarto un dia, igual me ofrecieron tomar x esa noche otra habitación. El desayuno bueno. Sugiero que el jacuzzi sea solo para uso de  adultos",6,2024-05-05 17:25:32+00,0
" Instalações,  higiene,  estado de  conservação e principalmente da interação das recreadoras da piscina com as crianças.  Gostei  de tudo",9,2024-05-05 23:07:29+00,1
" Localização excelente, tem gastronomia ótima pertinho do Hotel que dá pra ir andando. O café da manhã é muito bom no sábado o pão de queijo estava delicioso, já no domingo parecia o esquentado de sabado, bem duro e borrachudo...  A cueca virada e os bolos são maravilhosos.  Achei o quarto e o banheiro muito simples, talvez por o prédio ser antigo, mas estava tudo limpinho, o que é o mais importante. Na reserva pela internet, dizia que o estacionamento seria gratuito, porem cobrou uma taxa",8,2024-05-06 12:23:12+00,1
" Quarto  Ofurô tava dando choque, e tava sujo as bordas e tinha muitos copos e restos de alimentos prox",8,2024-05-09 22:43:26+00,1
 Amplio hermosa piscina y buen desayuno,9,2024-05-10 13:30:55+00,1
" Estrutura do hotel impecável, superou todas as expectativas, recepção e todos do hotel super simpáticos.",10,2024-05-11 17:53:43+00,1
"Os banheiros dos quartos são excelentes, além de ser confortável e com uma localização razoavelmente boa. Queria ter usufruído de tudo que o lugar tinha a oferecer, e ainda assim, sinto que o valor de hospedagem não é nem um pouco competitivo, para mim nesse quesito ele peca em custo-benefício.",8,2024-05-12 03:06:12+00,1
"Ficamos 4 dias, o quarto era muito bom, com ar condicionado e banheiro grande, o café da manhã é um ponto que me pega, tinha até que uma opção boa mas o sabor era bem mediano e algo que me incomodou foi que na área da piscina ficam tocando música alta o dia inteiro e escuta tudo nos quartos. Quando estou de férias quero sucego e se quisesse ouvir música alta ia pra balada ou pra um bar.",6,2024-05-13 18:29:21+00,0
Simplesmente maravilhoso... já nos hospedamos duas vezes e quando voltarmos a Foz pretendemos ir novamente.,10,2024-05-14 12:20:48+00,1
 Las piletas esta muy bien. Desayuno muy bueno.  La habitacion triple es un poco mas chica de lo que vi en fotos.,8,2024-05-14 15:47:53+00,1
" El trato del Personal, predispuestos y amables para cualquier consulta  Pocos canales de cable sobre todo aquellos días en que baja la temperatura o llueve, podrían incorporar algunos más para complementar las distracciones en días como esos",9,2024-05-16 01:02:37+00,1
" Locatie linistita, chiar langa centru. Personal amabil, camere curate. Nu am ce reprosa.",9,2024-05-16 11:36:40+00,1
" Excelente estrutura, superou as nossas expectativas. Um excelente café da manhã, ótima localização, quantos limpos e reformados, tem um espaço de bar onde eu consegui aquecer mamadeira para minha filha pequena achei isso um máximo !  O sinal de internet nos quartos não era bom, mas não me impediria de voltar a me hospedar",9,2024-05-17 11:16:36+00,1
" Limpieza  Desayuno basico,. La isla de tapiocas y omelettes merece una revision de calidad y demlo que entregan",7,2024-05-17 12:29:25+00,0
"Ótimo atendimento, excelente buffet de sopas",10,2024-05-18 01:07:30+00,1
"O local é lindo, café da manhã  ótimo, quarto confortável, pertinho de tudo. E uma região bem segura. Voltarei em breve.",10,2024-05-19 14:12:44+00,1
"Staff e instalações no geral são bons. Wifi não funcionava no quarto, inclusive me informaram que na tv só pegava no 7 andar. Cama MUITO dura.",6,2024-05-20 00:00:00+00,0
"Hotel lindo, perto de tudo, seguro a regiao, otimo café. Voltarei mais vezes.",10,2024-05-20 00:00:00+00,1
" Limpeza  Os funcionários devem tratar melhor os hóspedes, exceto o pessoal da limpeza os outros funcionários sem nenhum carisma. Na hora de fecha a conta um mal humor sem tamanho.",2,2024-05-20 10:16:31+00,-1
 Todo muy bien,8,2024-05-20 14:19:57+00,1
"Hotel passou por reformas,  muito Boa opcao.",8,2024-05-21 20:04:37+00,1
"Muito bom. Atendimento cortês, prestativos, resolução imediata do primeiro dia, no nosso apto chuveiro quente não funcionou, trocaram de quarto imediatamente. Bom café da manhã, estacionamento bom, em geral muito bom.",8,2024-05-23 00:00:00+00,1
"Está em reforma. Está sujo e barulhento, pois está em reforma e não falaram nada. O banheiro totalmente fechado e úmido e embolorado. Mesmo chegando tarde você tem que sair as 11h00. Independente do horário do seu voo. Falta sempre toalhas do quarto e papel higiênico. Tive que pedir várias vezes. Área externa da piscina , as poltronas tiraram as almofadas porque choveu, parou de chover não colocaram de novo. Reforma no meu andar, você vem para descansar uma bateção logo cedo um inferno. Jacuzzi suja, choveu não limparam. Ruim . Os funcionários do refeitório, café da manhã são bons. Da recepção mais ou menos. Muito para para o que oferecem",6,2024-05-24 00:00:00+00,0
"Está em reforma. Está sujo e barulhento, pois está em reforma e não falaram nada. O banheiro totalmente fechado e úmido e embolorado. Mesmo chegando tarde você tem que sair as 11h00. Independente do horário do seu voo. Falta sempre toalhas do quarto e papel higiênico. Tive que pedir várias vezes. Área externa da piscina , as poltronas tiraram as almofadas porque choveu, parou de chover não colocaram de novo. Reforma no meu andar, você vem para descansar uma bateção logo cedo um inferno. Jacuzzi suja, choveu não limparam. Ruim . Os funcionários do refeitório, café da manhã são bons. Da recepção mais ou menos. Muito para para o que oferecem.",6,2024-05-24 14:39:33+00,0
 Tudo muito limpo e roupa de cama de qualidade,10,2024-05-25 10:13:14+00,1
Muy bien atendidos .Excelente,10,2024-05-26 02:49:57+00,1
"Amamos a hospedagem, funcionários educados, lugar limpo e confortável.",10,2024-05-27 19:42:03+00,1
" O café da Manhã era bom, porém repetitivo, limpeza muito boa e funcionários prestativos",8,2024-05-28 03:15:24+00,1
" EM PARTE MUITO LIMPESA, FUNCINARIOS COMO O PEDRO GARÇOM NOS SERVIO CAFÉ NO GUARTO,A SERVIÇAL ANA E OS DEMAIS DA RECEPÇÃO.  BOM CREIO QUE NÃO SEJA SOMENTE EU,O APTO 310 FICA BEM UNIDO AO ALMOXARIFADO PESSOAL DA LIMPEZA,OUTRA QUE PELO VALOR ETC,DEVERIA TER NA RECEPÇÃO COMO IBIS E MUITOS OUTRO QUE HOSPEDO CAFÉ, CHÁS PARA UM MELHOR ACONCHEGO NÉ. 
FALTA TAMBÉM INFORMAÇÕES SOBRE A TAXA TURISMO QUE É FACULTATIVA.
O MAIS TUDO BEM .",10,2024-05-29 17:56:54+00,1
"Muito bem cuidado e limpo, ótimo café da manhã.",10,2024-05-31 11:58:24+00,1
 Tudo perfeito a cama maravilhosa gigantesca igual a da minha casa café da manhã espetacular jantar tinha festival da sopa e pratos a lá carte com preços muito bons e chouriço maravilhoso igual ao que provei em Buenos Aires impecável  De ter que ir embora kkk,10,2024-06-01 14:14:43+00,1
"Otimo hotel. Excelente restaurante.  No centro de Foz do Iguaçu.
Recomendo o buffet  de caldos.",8,2024-06-01 14:38:38+00,1
"Très bon hôtel. Les chambres sont spacieuses, y compris la salle de bain ce qui n’est pas souvent le cas dans les hôtels.
Les réceptionnistes sont très serviables et souriants (conseils, appel de taxis etc).
Le restaurant proposait un bon petit déjeuner et des bons plats.
Les infrastructures sont très bien (piscines, jaccuzzi, massages, salle de sport) et le service de laverie est rapide.",10,2024-06-02 01:28:19+00,1
" Localização e café da manhã  Camas com colchões tortos, banheiro antigo,",7,2024-06-02 20:32:19+00,0
" Área de lazer (hidro)  Havia feito a reserva pelo Booking e cadastrado um cartão de crédito para a efetivação da reserva. 
Ao fazer o check in, o recepcionista fez a cobrança da estadia, mas naquele momento eu fiquei em dúvida se já tinha pago. 
A reação do recepcionista, incisiva, me constrangeu. Em seguida eu confirmei que realmente não tinha pago e efetuei prontamente o pagamento. 
Sugiro também rever o processo no check out, permitindo o pagamento da conta com alguma antecedência, pois o meu voo de volta foi na madrugada e o pagamento e check out só é possível mediante a conferência do frigobar, o que acho desnecessário e muitos hotéis já nem fazem mais isso.",7,2024-06-03 10:51:21+00,0
" en general muy bueno, minimas criticas que hacer, sector de piletas y desayuno, ubicacion  camas muy pequeñas",8,2024-06-03 10:52:53+00,1
"Fui no festival de caldos do hotel, nunca me hospedei.
Caldos e acompanhamentos deliciosos em um ambiente super agradável.",6,2024-06-03 21:07:22+00,0
 La atención amable de la recepción.  La televisión era antigua. La calefacción no funcionaba. Solicitamos una frazada (colcha) extra pero nunca nos la dieron.,6,2024-06-05 01:37:14+00,0
" O café da manhã era OK,  e a localização central facilitou encontrar bons restaurantes por perto.",8,2024-06-06 17:10:48+00,1
" Quartos grandes e café da manhã muito bom ,e funcionários educados ,adoramos a moça da tapioca do café da manhã ,um amor e mto educada !  O quarto que ficamos tinha frente para rua ,e passei duas noites sem dormir devido ao barulho da rua pois as janelas não vedavam,tem tb uma academia em frente que começa 5 horas da manhã e liga um som de música mto alta (pedi para trocar de quarto mais eles disseram que não tinham quartos para a troca ),  travesseiros e edredom muito fininhos,porta de entrada do quarto magnética com defeito .",8,2024-06-07 01:25:44+00,1
 Todo un 10. La atención 10. El hotel 10. La comida 10. Yacuzzi y pileta 10.,10,2024-06-07 11:37:35+00,1
 Hotel perfeito! Café da manhã maravilhoso! Logo voltaremos…,10,2024-06-07 13:08:01+00,1
" Las instalaciones, desayuno y piscina  La habitación estaba bastante descuidada, el baño sucio y la puerta rota",7,2024-06-08 22:38:42+00,0
" Confortável limpo, bem localizado.  Faltou emitir a nota fiscal.",8,2024-06-09 16:32:59+00,1
 Excelente hotel. Tudo perfeito  Não há reclamações,9,2024-06-14 21:50:25+00,1
" Equipa simpática
Piscina e bar
Camas confortáveis  Nada de relevante a mencionar",8,2024-06-15 13:59:54+00,1
"Hotel muito bom, quartos sempre limpos, funcionários super atenciosos, fomos muito bem recepcionados, recomendo",10,2024-06-15 19:13:47+00,1
Festival de Caldos. Um diferencial.,10,2024-06-16 13:16:38+00,1
"O Hotel é maravilhoso, recém reformado e modernizado. Todo o espaço aconchegante, area de lazer com piscina e jacuzzis. Area infantil nova e academia. Possuem tambem uma área 24h com copa que auxilia para que tem filho e necessita esquentar comida ou esterelizar equipamentos. Os quartos sao espaçosos e limpos. Café da manhã maravilhoso. Eu definitivamente recomendo este hotel e numa próxima oportunidade certamente ficarei nele. Agradecimento a todos os funcionarios que foram extremamente atenciosos e educados.",10,2024-06-17 00:00:00+00,1
"O Hotel é maravilhoso, recém reformado e modernizado. Todo o espaço aconchegante, area de lazer com piscina e jacuzzis. Area infantil nova e academia. Possuem tambem uma área 24h com copa que auxilia para que tem filho e necessita esquentar comida ou esterelizar equipamentos. Os quartos sao espaçosos e limpos. Café da manhã maravilhoso. Eu definitivamente recomendo este hotel e numa próxima oportunidade certamente ficarei nele. Agradecimento a todos os funcionarios que foram extremamente atenciosos e educados.",10,2024-06-17 00:00:00+00,1
 SPA aquecido  Rigidez p estender o check out,8,2024-06-17 00:29:03+00,1
" Boas . Observação para os elevadores , precisa atualizar  Café da manhã cm pessoa fazendo panquecas e crepiocas. Biffe de sopas a noite cm valor acessível . Restaurante cm atendimento rápido",9,2024-06-17 13:25:17+00,1
" Tudo, pessoal atencioso e educado. Quarto grande.",10,2024-06-19 19:11:23+00,1
"Excelente hotel. Limpo, organizado, preços acessíveis e bem localizado.",10,2024-06-19 20:59:34+00,1
"Hotel maravilhoso ! experiência incrível 
tudo arrumadinho, funcionários muito educados, os quartos sempre muito limpos, os serviços de quarto funcionam super bem, além disso o hotel fez uma festa junina para os hopedes, ficou tudo lindo!",10,2024-06-22 00:00:00+00,1
"O hotel oferece uma experiência excepcional com quartos espaçosos e bem decorados, equipados com todas as comodidades modernas. A equipe é atenciosa e prestativa, garantindo um serviço de alto nível. As instalações incluem uma piscina relaxante e um restaurante com uma variedade deliciosa de pratos. A localização central proporciona fácil acesso a pontos turísticos e comércios locais. Ideal para viajantes que valorizam conforto e qualidade.",10,2024-06-22 00:00:00+00,1
" Atención muy buena y amable, buen restaurante y desayuno",8,2024-06-23 02:40:44+00,1
" Instalaciónes modernas y variadas restautante desayuno lindo y moderno  El internet en la habitación se cortaba.
Nos entregaron la habitación un poco mas tarde de las 14hs.",8,2024-06-23 13:32:40+00,1
" Gutes Frühstück, sehr nettes Personal, guter Barkeeper.  Etwas hellhörig",9,2024-06-25 03:33:06+00,1
" Limpio y muy cómoda la cama.
En cuanto a las sábanas súper rica su textura  Falta de comunicación de los recepcionistas, no ingresaron a mi acompañante",8,2024-06-25 04:28:42+00,1
"Viagem maravilhosa, tudo deu certinho mas uma das coisas boas dentre elas foi a recepção do hotel. Os recepcionistas Eduardo e Simone muito atenciosos e carinhosos. Voltarei sempre que puder e trarei outros amigos....................",10,2024-06-27 00:00:00+00,1
" Restaurante do hotel muito bom. Limpeza, cordialidade dos funcionários, garagem fechada e coberta ( mesmo sendo paga), cama muito confortável, festa junina com alimentação livre, banheira de hidromassagem.  Quarto poderia ser mais iluminado. Senti falta de melão no café da manhã.",10,2024-06-28 23:28:17+00,1
Impecável,10,2024-06-30 18:37:15+00,1
Everything was exzellent  -  many thanks especially  to the staff on the front desk....,10,2024-07-01 00:00:00+00,1
 Buen desayuno. Buen personal. Buena ubicación  Muy poco canales de televisión.  Pocas actividades  y informaciones en el ahotel,7,2024-07-02 09:53:37+00,0
" Excelente recepção da parte noturna,café da manhã bem caprichado! Ótima cama,vista excelente. Simplesmente tudo perfeito!  Nao é algo ruim, apenas pra melhoria se as tvs fossem smart 😃😃",10,2024-07-03 02:01:18+00,1
 Café da manhã ótimo! Localização muito boa e a estrutura do hotel muito boa!,9,2024-07-04 01:12:08+00,1
" The only thing we liked was the location, 
Breakfast was ok.  The bathroom was dirty with traces of man waste, and they didn’t even bother to clean after we complained, 
The beds are so stiff and not comfy.
The morning shift receptionists are just careless.",4,2024-07-04 19:47:25+00,-1
" Quarto espaçoso, cama super confortável, limpeza diária, ambiente lindo e agradável.  Não tenho o que reclamar!!! Tudo ótimo",10,2024-07-04 20:29:31+00,1
"We really enjoyed our stay at this hotel.  The front desk staff was very friendly and helpful.  
The room had everything we needed and we enjoyed the soup buffet at night.",10,2024-07-07 00:00:00+00,1
" Ir a Spa y el masaje con Nidia Nuñez, muy buen masaje.",10,2024-07-07 00:02:26+00,1
 Hotel completo  Nada a reclamar,9,2024-07-07 18:04:31+00,1
" Todo perfectamente, especialmente moderno",9,2024-07-08 00:28:57+00,1
" grato ambiente, espacioso, buen desayuno, piscina y hidromasaje, bar excelente, comida muy buena.
ubicación privilegiada. personal educado. salas de juegos, agua caliente, gimnasio. todo muy bueno en general  1. Ventanas del lado de la calle no son termo panel, por lo que se escucha el ruido de la calle y especialmente de las motos.
2. el AC es antiguo, pero sirve cumple su función.
3. pocos canales en el televisor
4. podrían tener mas piscinas con hidromasajes",9,2024-07-08 14:44:23+00,1
 Café da manhã e o bar da piscina ótimos drinks.  Poderia fazer alguma interação no hotel.,10,2024-07-08 14:59:01+00,1
 El hidromasaje😊,9,2024-07-09 16:24:59+00,1
" Café da manhã muito bom com muitas opções,atendimento nota dez,pessoal muito educado e atencioso.",9,2024-07-09 20:28:52+00,1
" Quarto confortável,  café da manhã delicioso , funcionários educados e prestativos , ótima localização.",10,2024-07-10 00:56:50+00,1
" Instalaciones, personal amable, desayuno muy rico.  Nada a destacar.",8,2024-07-10 10:02:34+00,1
 Absolutamente todo. Es increíble este lugar,10,2024-07-12 23:30:11+00,1
"Adoramos,  toda estadia,  café,  o restaurante do hotel.. organizado,  o atendimento,  espetacular...e ainda o espaço kids,  sala de jogos,  ainda  com recreacionistas , as crianças amaram..além da atenção e  profissionalismo de todos..e  o Batista um profissional, incrível...voltaremos..",10,2024-07-13 00:00:00+00,1
" Limpeza, conforto e bom atendimento  Estacionamento é cobrado e ainda tem que descer do carro para abrir o portão. Como estava chovendo no período que fiquei, piorou ainda mais este quesito",9,2024-07-13 14:59:53+00,1
 Restaurante muito bom,10,2024-07-14 16:15:28+00,1
Ótimo lugar. Mas cobra estacionamento separadamente,10,2024-07-15 00:36:12+00,1
 Localização  A cama é muito dura,10,2024-07-15 06:53:09+00,1
" Os funcionários são atenciosos e a localização é boa. Café da manhã muito bom.  Quartos antigos, camas não são confortáveis.",7,2024-07-15 11:07:37+00,0
" Excelente custoXbenefício, equipe boa, hotel limpo e bem localizado;  Não tenho nenhuma reclamação.",10,2024-07-15 13:51:31+00,1
"Very old rooms, mediocre breakfast, not worth it",6,2024-07-16 03:11:49+00,0
 Tudo.  Nada,10,2024-07-18 12:27:53+00,1
"Hotel maravilhoso. Café da manhã excelente. Espaço muito bom pata as crianças,  ótima localização, preço justo.
Não tem wifi nos quartos. Isso é um problema!!",8,2024-07-18 12:37:31+00,1
" El desayuno estaba bien.  El hotel era frio, los aires no calentaban, les solicite frazadas (mantas) extras y no tenian, por la mañana no funcionaba el agua caliente, sala de juegos pobre, nada para hacer en  dias lluviosos. No respetaron las tasas, precios e impuestos anunciados en bookong.",2,2024-07-18 14:29:48+00,-1
"Me hospedei no hotel por recomendação da Loumar que me deu um bom suporte. O hotel é muito bem localizado, tem uma boa estrutura porém deixou MUITO a desejar em relação a limpeza do quarto 403 e as fotos falam por si. Lamentável a experiência. Na minha visão de hóspede e cliente se preocuparam muito em lotar o hotel e nada em acolher e nos receber com o mínimo de higiene.",6,2024-07-21 00:00:00+00,0
" El desayuno y las instalaciones son excelentes.  No vale la pena contratar con media pensión incluida. Son 4 menúes fijos (3 opciones) con arroz y la misma ensalada de lechuga y tomate en todos menúes. Es más recomendable pedir a la carta (precios muy accesibles) o ir a comer afuera. La atención y predisposición de todo el personal es impecable, menos los mozos de la noche..",8,2024-07-21 12:42:10+00,1
"Fiz uma viagem a trabalho durante alguns dias e optei por me hospedar no hotel. Do inicio ao fim houve descaso dos recepcionistas, mto mal educados, principalmente a moça. Daiana se não me engano, super mal educada, não pediu a van q me prometeu e o cúmulo foi quando eu cheguei de uma balada as 5 o recepcionista ligou duas vezes e subiu no quarto pois alegou que tinha subido alguém comigo no quarto, super chato, nunca passei por isso e vi isso em outros hotéis. Fora o serviço de quarto / governança mexeu em itens pessoais. Não volto e não recomendo

E outra, desde que coloquei os dados do meu cartão para reserva no site, mas no hotel q fazemos o pagamento. Estão usando os dados do meu cartão para pequenas compras. Pior hotel do mundo",2,2024-07-22 15:07:43+00,-1
" Quarto espaçoso, café da manhã farto, localização excelente.  Gostei de tudo",10,2024-07-22 18:51:19+00,1
 Extrem laut!,5,2024-07-23 15:26:01+00,0
 La pileta y los alrededores divinos  No me gustó que me morí de frío pague cuatro estrellas y no me solucionaron el tema que no funcionaba la calefacción estoy con anginas y resfriada gracias a uds les dije del problema y les comenté la primer noche que mí esposo es cardíaco que no puede pasar frío y nada desastroso .,5,2024-07-23 22:01:40+00,0
"Experiência perfeita, atendimento ótimo, bem localizado, no centro. No restaurante fomos muito bem atendidos pelo Amarildo (muito gente boa). Há um buffet de sopas maravilhoso com muita opção, a um preço bem camarada.
...............",10,2024-07-25 00:00:00+00,1
" Quarto, restaurante e área externa  Temperatura da água na piscina",10,2024-07-25 05:42:27+00,1
 La ubicación muy buena  El Precio es muy elevado hay lugares más baratos y más lindos,8,2024-07-26 12:03:19+00,1
"Excedente custo benefício! Pelo valor cobrado, superou nossas expectativas! Camas confortáveis, tudo limpo e organizado, funcionários atenciosos e uma ótima localização!",10,2024-07-27 10:34:28+00,1
" Breakfast  Room 202. Large room though extremely basic, super noisy from outside traffic and inside hallway plus sounds of furniture being dragged coming through the ceiling, night and morning. Loud banging music starts at 7am from the gym ATIV across the road",6,2024-07-27 12:36:01+00,0
"Mi experiencia fue muy buena, muy bien equipado y super atentos todo el personal.",10,2024-07-29 02:20:56+00,1
" Las opciones de cosas para hacer en el mismo hotel, todo muy ordenado  Que nos pidieron que salgamos del hidromasaje para limpiar",9,2024-07-30 11:42:52+00,1
 La amabilidad del personal y el desayuno.  Edificio un poco antiguo y esperaba que las piscinas fueran más grandes.,8,2024-07-30 22:22:59+00,1
Super recomendo!! Excelente!!,10,2024-07-30 22:38:05+00,1
" Ótimo hotel com excelente localização. Espaço kids e área da piscina ampla, sendo perfeito para quem tem crianças.  A pizza do restaurante pode ter melhor qualidade.",10,2024-07-31 14:17:29+00,1
" Café da manhã super bom, jacuzzi aquecidas, ótimo custo benefício",8,2024-08-01 02:46:26+00,1
"Estive no local para uma confraternização entre amigos e experimentamos o buffet de sopas, excelente 👏👏👏",10,2024-08-02 11:59:59+00,1
" Café da manhã com omeletes e tapiocas feitos na hora,  funcionários simpáticos e prestativos, quarto confortável, chuveiro maravilhoso, tudo muito limpo, boa localização  Nada",10,2024-08-02 17:51:09+00,1
Magnifique,10,2024-08-03 10:19:09+00,1
Excelente 👌,10,2024-08-03 19:29:38+00,1
 Muy ricooo,10,2024-08-04 01:42:28+00,1
" Café da manhã delicioso, área de lazer com música ao fim de tarde foi a cereja do bolo, todas as instalações sao bem pensadas,o espaço e o bar são  excelentes!  As piscinas não são aquecidas são jacuzzi com limite de tempo por quarto",9,2024-08-05 13:58:44+00,1
" дуже уважний персонал. щодня прибирали в номері, міняли рушники та мінібар. смачні сніданки. дуже смачна вечеря якщо по меню. якщо фуршет то щодня одні й самі супи і закуски, приїдається. в цілому хороше співвідношення ціна-якість",10,2024-08-07 03:33:56+00,1
Muito bom hotel gostei na minha próxima viagem a foz vou me hospedar neste hotel tudo de bom a começar pelo café da manhã nota 1000,10,2024-08-09 00:20:13+00,1
" Habitaciones amplias y cómodas. Disfrutamos todas las instalaciones. El sector infantil muy completo y siempre limpio. Dispenser de agua fría (en el gim) y de agua caliente las 24 hs 
Las piletas hermosas. Los jacuzzis de exterior super  limpios (presenciamos en dos oportunidades como hacían el aseo). El personal de recepción muy correcto. Las camareras del restaurante un 10!! Todos dispuestos a asesorarnos y brindar un excelente servicio. Sin saberlo coincidimos en las festividades de San Juan y por ello ofrecian merienda sin cargo en la recepcion. Un sector muy bonito armado con deliciosas colaciones regionales. Fue un plus que todo el personal que nos cruzabamos en el hotel nos comentara de esto para que no perdieramos la oportunidad de aprovecharlo. El sector de la pileta y bar con juegos y hamacas es hermoso! Disfrutamos tanto las instalaciones que hasta cenábamos allí. La carta del restaurante es breve y sencilla, pero cumple. Los precios acordes. VOLVEREMOS!  Las camas individuales de los niños tenían un colchón más delgado que el de la cama matrimonial (qué era espectacular). No fue incomodo pero se puede mejorar ya que ellos notaron la diferencia de calidad con la nuestra. Igualmente no cambia nuestra opinión de que el servicio en general fue muy bueno.",10,2024-08-11 02:17:54+00,1
"O quarto é agradável, com uma vista da cidade,  porém senti falta do sistema de desligar as luzes e os aparelhos ao retirar o cartão do local. O ar condicionado aparentemente é um pouco antigo, embora não precisei usar devido a estar fazendo frio no dia da hospedagem. Mas o que mais me desagradou é o que vem sendo tendência na maioria dos hotéis, ter que entregar o quarto às 11 horas. Ou seja, geralmente liberam o quarto para entrar às 14 h e sair às 11 h. Você tem que sair para almoçar com as malas, imagina se estiver de táxi.
No mais, bem localizado, um bom ambiente, boa limpeza ,café da manhã na média, funcionários educados.",8,2024-08-11 23:03:04+00,1
" Gostei muito da infraestrutura, conforto e limpeza.  Acredito que o café da manhã poderia variar. Fiquei por 1 semana no hotel e todos os dias foram servidas exatamente as mesmas coisas. Sugiro também o upgrade do hotel para uma sauna ou a piscina aquecida. Visto que a cidade faz muito frio em certas épocas do ano, impossibilitando o uso da piscina que tem água em temperatura ambiente.",9,2024-08-14 22:38:21+00,1
" Price. Location. Staff friendly, nice breakfast  Bed too firm",9,2024-08-15 18:13:41+00,1
"Preço justo e a qualidade maravilhosa, atendimento nos quartos e piscina é maravilhoso, com certeza voltarei",10,2024-08-16 22:34:03+00,1
"Vejam como a 1ª impressão é importante. Chegamos à noite, 06/08 às 20:00, pelo transfer da Loumar. Não tinha ninguém na entrada, só a recepção adentro (minutos antes dois hóspedes do hotel Rafain foram recepcionados ainda na calçada por um mensageiro). Fizemos o check in, o recepcionista entregou os cartões e apenas apontou o elevador. Cansados, saímos à procura do quarto. Não nos guiou ou mostrou o quarto como manda o protocolo até de hotéis de categoria inferior. E a fechadura ainda não estava funcionando bem. ""Se houver muita bagagem, o mensageiro deve avisar ao hóspede que, primeiro, o acompanhará até o apartamento e, depois, levará a bagagem. - Enquanto caminham até ao apartamento, o mensageiro deve manter um diálogo agradável com o cliente, dando-lhe informações sobre o hotel e os serviços disponíveis"", ensina um curso de mensageiro. Nada disso aconteceu, Nenhuma instrução mínima. ""Será que foi uma boa escolha"", pensamos. Com o passar dos dias esta má impressão foi se desfazendo. Fica o alerta.",8,2024-08-16 23:42:17+00,1
" Excelente 
Profissional 
Funcionário educado e prestativo 
Lugar 100% limpo 
Comida sensacional 
Perfeito  Não tem defeito!",10,2024-08-17 11:23:43+00,1
" A cama e maravilhosa, café da manhã maravilhoso , funcionários super atenciosa.  Ar condicionado muito muito barulhento mesmo.
Não tem como dormir com ele ligado .",10,2024-08-19 00:54:35+00,1
" - kid's room
- outside playground
- spacious room
- friendly staff",10,2024-08-19 02:46:32+00,1
"Chegamos as 20:00 h e não teve ninguém para carregar as malas ou até mesmo mostrar o quarto. Apontaram o elevador e disseram (praticamente): ""É por ali"". Achado o quarto, ainda tivemos problemas com a fechadura - estava com defeito. Mas conseguimos sem chamar a recepção. Nem tínhamos como.",8,2024-08-20 17:01:49+00,1
"Hotel bem organizado, quarto confortável, café da manhã incrível! A única ressalva é em relação a chave do quarto que vive desconfigurando e cada vez que voltava pro quarto tinha que ir até a recepção configurar o cartão novamente. Diziam sempre pra não deixar próximo de celular ou cartão de crédito, mas mesmo sem deixar, a chave desconfigurou várias vezes. Já estive em vários hotéis e nunca tive esse problema, inclusive deixava o cartão no celular pra não correr o risco de perder.",10,2024-08-21 11:08:27+00,1
"Muito bom... recomendo, café da manhã delicioso,  limpeza excelente,  atendimento excelente",10,2024-08-21 22:03:38+00,1
"Ficamos por 7 dias nesse hotel e grande foi nossa surpresa...atendimento de todos impecável, café  da manhã com muitas variedades , fomos ao festival de caldos por 2 vezes e simplesmente sensacional!!! O quarto é muito espaçoso, chuveiro com água bem quente e com pressão, a cama de casal é enorme ....somente ficou a desejar o serviço de limpeza, um dia deixaram o quarto sem toalhas , outra vez sem papel  higiênico, mas problemas sempre resolvidos com rapidez! Super indico o hotel , voltarei com certeza !",8,2024-08-23 00:00:00+00,1
"Um dos melhores, segunda vez que me hospedo e está cada vez melhor.",10,2024-08-24 13:35:49+00,1
" Espacios Amplios, y desayuno muy rico.",10,2024-08-25 16:27:42+00,1
" Excelente desayuno, muy variado y completo. Las habitaciones amplias y confortables. Muy buen servicio, el personal muy atento a cualquier inquietud que tuvieramos. Muy buena estadía.",9,2024-08-25 23:49:37+00,1
"É nossa segunda vez neste hotel e gostamos muito da recepção. 
O hotel conta com piscinas, hidromassagem, academia, salão de jogos, sauna e SPA de massagem, serviços de quarto, restaurante. 
Teve uma boa reforma no hotel que o deixou ainda mais atraente e bem bonito, ele tem boa localização e um ótimo serviço. 
O que incomodou a gente e me leva a dar nota quatro ao invés de cinco pois é que devido a reforma tivemos interrupção de água por três dias seguidos, além do incômodo das batidas dos martelos e marteletes durante o dia todo.",8,2024-08-27 00:00:00+00,1
" Hotel perfeito e muito confortável só o atendente do bar que é muito antipático , desagradável demais",10,2024-08-27 00:08:26+00,1
"É nossa segunda vez neste hotel e gostamos muito da recepção.
O hotel conta com piscinas, hidromassagem, academia, salão de jogos, sauna e SPA de massagem, serviços de quarto, restaurante.
Teve uma boa reforma no hotel que o deixou ainda mais atraente e bem bonito, ele tem boa localização e um ótimo serviço.
O que incomodou a gente e me leva a dar nota quatro ao invés de cinco pois é que devido a reforma tivemos interrupção de água por três dias seguidos, além do incômodo das batidas dos martelos e marteletes durante o dia todo.",8,2024-08-27 13:55:56+00,1
 Excelente hotel y atención de todo el personal. Instalaciones y habitaciones muy cómodas.,10,2024-08-27 20:22:21+00,1
" Conforto, quarto grande espaçoso, limpo, tudo maravilhoso!",10,2024-08-29 10:39:04+00,1
" Il s’agit d’un 4 étoiles mais offre des services digne de 5 étoiles. Les finitions et équipements respectent les normes locales pas plus . Après avoir visité 6 villes au Brésil, je peux affirmer que cet hôtel propose de très bonnes prestations dans l’ensemble. Par exemple, au restaurant, le serveur est resté à côté de nous pendant le dîner pour nous servir des parts de pizza qui par la même occasion était super bonne moi qui est trop exigeant côté nourriture et  nous a servis aussi de la limonade chaque fois que le verre était vide, avec sourire et professionnalisme. À la réception, lors de notre arrivée, le réceptionniste maîtrisait bien l’anglais  mais surtout, il a pris le temps de nous expliquer en détail toutes les prestations de l’hôtel, toujours avec le sourire  La seule chose que je n’ai pas aimée, c’est que les photos mises en avant ne rendent pas justice à l’hôtel, qui est en réalité beaucoup plus beau.",10,2024-08-29 21:56:23+00,1
 Muy buena atención y buena ubicación,10,2024-09-01 10:33:05+00,1
 Refeições  Qualidade da limpeza do quarto,10,2024-09-01 11:08:21+00,1
"Eu não fui para hospedagem, sou estudante de turismo da Unioeste de Foz do Iguaçu e fui com minha turma para uma visita técnica.
Eu já esperava que a nossa recepção seria boa, mas superaram todas minhas expectativas. O hotel é extremamente lindo, conversamos com muitos funcionários, todos são super empenhados e preocupados com seus clientes, o dono do hotel é uma pessoa admirável e a Simone da recepção (acho que é esse o nome dela) me inspirou muito com sua simpatia, também me identifico muito com atendimento ao cliente.
É um hotel que a partir se hoje, recomendarei para meus clientes.",10,2024-09-02 00:00:00+00,1
 Tudo estava muito bom conforto limpeza atendimentos  Eu só achei que as piscinas deveriam ser água aquecida e os furo alguém controlando o tempo dos hóspedes não conseguimos usar …. Um pessoal achava que estava sozinho no hotel,9,2024-09-02 09:44:34+00,1
 Las instalaciones  No tengo criticas,9,2024-09-02 16:07:51+00,1
 Espaçoso  Nada,10,2024-09-03 01:24:10+00,1
" The breakfast was amazing, made to order omelets or crepes, as well as hot food, bread, yogurt, and an over abundance of sweets to choose from. The Staff was wonderful, from the cleaning, restaurant and front desk.
I would stay there again. Also, convenient tour person to help with trips.  The hours of the spa. I wish there would have daytime hours.",9,2024-09-05 21:27:54+00,1
" Localização, café da manhã, área comum agradável  Travesseiros com fronha amareladas, colchão não era novo, desconfortável, tv com poucos canais, não tinha água quente na pia, chuveiro o chão a caída era contrária ao ralo, enchia de água, box não fechava inteiro, molhando o banheiro…
Tentei trocar a acomodação 4 dias antes e nem o booking e nem o hotel conseguiram resolver isto pra mim!!",7,2024-09-07 03:04:02+00,0
 Muito bom amei tudo,9,2024-09-07 13:29:00+00,1
 .  .,7,2024-09-09 00:13:48+00,0
" Quarto bem espaçoso, banheiro excelente! Adoramos o hotel, bem organzado, limpo e as áreas comuns são uma gracinha. O café da manhã foi farto todos os dias. Gostamos das opções salgadas e doces, principalmente da tapioca e omelete feita na hora. A Jacuzi e área da piscina com show ao vivo na sexta é um diferencial! Sala de passar é uma excelente idea!  Nada atrapalhou na estádia, foi tudo ótimo mesmo para nossa estadia longa. 
Como melhoria, atualizaria as TVs, não conseguimos conectar os streammings (mas também não solicitamos ajuda) e para as piscinas se climatizarem algum dia ficará top, só usamos a noite e mesmo em dias quentes a água tava bem gelada...",9,2024-09-09 19:34:39+00,1
Hotel muy recomendable.,8,2024-09-09 22:24:31+00,1
"hotel maravilhoso!! tudo muito limpo cheiroso, toalhas de banho roupas de cama, serviço de quarto, restaurante, bar e recepção nota 10 em atendimento e simpatia. voltaremos a foz d Iguaçu e com certeza nossa hospedagem vai ser aqui.",10,2024-09-10 14:15:15+00,1
"Experiência ótima! Quarto amplo, cama grande e muito confortável, banheiro limpo e ducha maravilhosa. Café da manhã completo e delicioso.",10,2024-09-11 03:43:09+00,1
"Bem recepcionado, atendido e num ótima localização.",10,2024-09-12 13:35:34+00,1
"Excelente hotel, habitaciones muy amplias y confortables, excelente servicio y atención, desayuno super completo a elección, posse spa, jacuzzi, piletas, gimnasi, bar y restaurante. Esta a 4 cuadras de Avenida Brasil centro de la ciudad.",10,2024-09-14 15:26:35+00,1
" O conforto do quarto, cama e roupa de cama e toalhas  Os elevadores poderiam  ser mais espaçosos,",8,2024-09-14 17:25:02+00,1
"Hotel perfeito, cumpre o que promete. Boa localização e café da manhã excelente",10,2024-09-19 20:56:11+00,1
 Quarto muito bom! Confortável !  Televisão pequena… poderia ser maior.,9,2024-09-22 13:18:11+00,1
" Maybe the dirtiest hotel in ever stayed. The toilet was smelly and unclean with fecal residue. 
Bed sheets barely changed with hair and stain.
Employees didn’t handle the situation.
Very expensive considering the quality of the hotel.",2,2024-09-22 14:27:48+00,-1
 Limpieza  Todo estaba ok,10,2024-09-23 13:18:39+00,1
" El hotel es muy bueno..la atencion no es mala, pero no me senti muy buen que digamos  El precio q aparece en booking no fue el mismo q me cobraron en el hotel, hubo $100000 《  cien mil pesos 》 de diferencia... si publican en pesos..deberian vobrar asi..... reputo el hotel es muy lindo.. solo el tema dela plata y de ahi quedo mal todo...",6,2024-09-23 14:06:10+00,0
" Café da manhã excelente, com muitas opções, inclusive uma estação de tapioca. Imagino que este serviços está sendo iniciado, pois ainda faltam procedimentos e simpatia para o atendimento ao cliente, mas vamos dar um crédito.  Junto com a hospedagem compramos também dois jantares. Aí sim bate o arrependimento, pois o atendimento no restaurante foi péssimo. No primeiro dia esperamos 01:30 para um prato muito simples. No segundo dia, após 01:40 desistimos e fomos embora e solicitamos reembolso, o que nos foi concedido. Cabe aqui uma sugestão para revisão urgente, pois os jantares são pontos altos nas viagens de lazer e em nosso caso geraram muito stress. Hoje eu escolheria outro hotel devido a este fator.",8,2024-09-24 11:29:19+00,1
"Estivemos hospedados por 4 diárias sendo dias 20 á 23 de setembro de 2024. Gostamos, quartos ventilados, ambientes limpos, funcionários bem atenciosos, alimentação é boa, além de ter uma linda área aberta com piscina, bar, balanços e bancos para sentar, gostamos muito e recomendamos o hotel.",10,2024-09-25 16:36:19+00,1
Sem dúvida um hotel de custo benefício de alta categoria,10,2024-09-25 22:44:11+00,1
"Excelente hotel , excelente localização .",10,2024-09-26 00:00:00+00,1
" el trato del personal, el desayuno, las instalaciones y la ubicación.  El baño que estaba atascado pero lo arreglaron muy rápido.",9,2024-09-26 00:03:04+00,1
 Todo Excelente,10,2024-09-27 20:49:59+00,1
" Estive por 2 vezes nesta semana no hotel e tive experiencias distintas. Esta avaliação da 1a vez.
O hotel está bem localizado e com piscinas e jacuzzi, que fez nossa tarde muito melhor.
O quarto bem amplo com bom banheiro e cama confortável.  Na reserva pelo booking fiz alguns pedidos no canal de comunicação, porém não tive resposta. No checkout, o atendente nos passou o contato da equipe de reservas e então nossas solicitações foram atendidas para a estadia seguinte (apos 2 dias)
O quarto era ok, mas de frente para rua fazia muito barulho e a cortina não era blackout.
O funcionario do bar da piscina parecia que estava de mal com a vida. Os demais funcionários todos foram muitos atenciosos.",8,2024-09-29 23:58:16+00,1
 提供丰富多样的早餐，还有泳池,8,2024-09-30 03:35:27+00,1
" O quarto é super espaçoso, cama macia. O café tem o diferencial de ter tapioca e crepe feitos na hora. As piscinas e jacuzzi são ótimas.  O café poderia melhor em opção. Tivemos um problema com a limpeza dos quartos todos os dias. Uma das diárias não conseguimos receber o quarto limpo. Como a cidade tem passeios, saímos às 8 e chegávamos umas 15:00 e o quarto não estava limpo.
Outro fator importante é que quando chegamos estava um calor insuportável, e o ar-condicionado não dava conta de gelar. Mesmo no 17, o quarto ainda estava desconfortável. Precisaria de manutenção ou troca.",9,2024-09-30 12:18:02+00,1
 A falta de água quente foi rotina em nossa estadia.,6,2024-09-30 18:02:46+00,0
"Tudo impecável adorei tudo parabéns,  as recepcionista Simone, Cleidiane e os demais muito gentis, amei tudo muito bom, café da manhã perfeito, camas ótimas, continue assim, os garçons excelentes, estou indo embora agora 02/10/2024 já estou com saudade.",10,2024-10-02 00:00:00+00,1
" Tutto, personale gentile e disponibile",9,2024-10-03 10:42:36+00,1
Zelfs het flesje water in de kamer word aangerekend,6,2024-10-04 00:00:00+00,0
"Hotel aconchegante, localização ótima! No centro perto de restaurantes e comércio. Possui piscinas, jacuzzi e serviço de spa com massagem. Aproveito para recomendar este hotel e dar os parabéns pelo excelente atendimento da Neide (massagista), e dos atendentes da recepção Emílio, Josi e José!",10,2024-10-04 00:00:00+00,1
" Áreas comuns e restaurante/café.  Limpeza do quarto, qualidade do quarto, limpeza das roupas de cama.",2,2024-10-05 00:02:54+00,-1
"Hotel maravilhoso quero agradecer ao excelentíssimo atendimento dos funcionários da recepção Emillio, Levy, José, Cleidiane, Josi. Foram todos muito acolhedores e tornaram ainda mais inesquecível essa viagens dos sonhos!❤️ Estamos muitos satisfeitos!!!",10,2024-10-06 00:00:00+00,1
" Ficamos na ala nova do hotel com quarto de frente para piscina, o que nos garantiu ausencia de barulho da rua. Cama muito boa e confortável. Banheiro bom.
Ponto positivo para a pessoa da limpeza que realmente faz limpeza geral e bem feita do quarto e banheiro.
O espaço de piscina e hidro nos garantiu bons momentos no final da tarde.
Café da manhã bem diversificado e uma pessoa fazendo tapioca e omelete pedido na hora.  Unico ponto a desejar foi o atendimento no bar da piscina. Merece maior atenção da gerencia.
O estacionamento é pago a parte, sendo um coberto e outro aberto. Para carros altos, ficar atento pois o coberto não é muito alto.",9,2024-10-06 18:38:57+00,1
"adorei a estadia no hotel! a única ressalva é que o spa não vem incluso no preço da reserva. quanto a isso, faltam informações mais eficazes; é muito ruim chegar lá e ter as expectativas frustradas. no mais, o corpo de funcionários é bem cortês e o café da manhã, uma delícia! o wi-fi funcionou bem no meu quarto e nas acomodações.",10,2024-10-07 01:02:04+00,1
"Friendly and very nice staff with English speaking available, good variety breakfast, great restaurants within the budget. It is very nice to have a bar next to the pool which make it perfect. 
Lastly the manager on site-forgive me for not remember her name (her first name starts with the letter M). She was very helpful of providing tips and where to find great local foods. Will definitely stay at Foz Plaza Hotel again and totally recommended.",10,2024-10-08 00:00:00+00,1
 Lazer  Lobby escuro,8,2024-10-08 00:02:33+00,1
"Hotel bonito, confortável, funcionários agradáveis. Ambiente agradável.",10,2024-10-08 09:50:55+00,1
"Hotel excelente! Disponibilizam transporte para nos buscar no aeroporto. A área de lazer e do bar são muito lindas e aconchegantes, tudo muito bem cuidado.
O café da manhã é excelente, tem estação com crepes e tapiocas feitos na hora.
O hotel possui um restaurante também, a comida é boa.
Além de sala de jogos, serviço de spa entre outro.
E o hotel fica bem localizado, no centro.
Eu gostei muito e recomendo, um ótimo custo benefício!",10,2024-10-08 20:40:50+00,1
"Muy buena opción en Foz de Iguazu, excelente ubicación y excelente relación precio calidad.
Sin embargo no recibí las amenidades VIP access",10,2024-10-09 00:00:00+00,1
" funcionários educados, comida maravilhosa, estrutura maravilhosa,ambiente tranquilo e o bar mam da piscina só faz drinks deliciosos.",10,2024-10-09 17:59:43+00,1
" jacuzzi y la cama extra grande  se nos rompió la ducha higiénica y goteaba, pero nada que no pueda suceder a cualquiera
v8ves",9,2024-10-10 00:33:51+00,1
" Funcionários simpáticos, super atenciosos. Quarto amplo, camas confortáveis, Hotel muito bom, Localização boa. Café da manhã excelente. Instalações muito boa Recomendo o hotel com certeza.  Estávamos em família e tínhamos que pedir papel higiênico na recepção pois não deixavam reserva. E o suporte de shampoo e sabonete estavam caindo. São pequenos detalhes apenas.",9,2024-10-11 13:54:43+00,1
Hotel muito bom!,10,2024-10-11 18:22:47+00,1
" La habitacion comoda y muy limpio el baño de la habitacion que siempre es media floja en otros lados, como tambien en  todo el hotel en general, prolijo y bien mantenido.
La atencion en la barra de la pileta como en el comedor de todo el personal, ya sea en el desayuno como en el momento de la cena es muy bueno y estan atentos a todo lo que uno necesite, como asi que no falte nada en las mesas servidas o en las que son para que los huespedes se sirvan en el desayuno. Precios acordes.  No me parece correcto que te cobren aparte de la estadia el estacionamiento dentro del hotel, sea cubierto o no.
La atencion en la recepcion del hotel del personal femenino del mismo es muy poco amable y cordial sin haber mediado palabras previas al primer contacto con dicha persona.
A modo de sugerencia de mejora... 
- puedo sugerir colocar tachos de basura en los espacios de pileta e hidro-masajes.. evita malos habitos de los mismos 
  huespedes que dejan la basura ¨escondida por ahi¨, a pesar de que siemore el personal de limpieza esta atento a todo 
- colocar en los espacios exteriores del hotel (pileta o no) enchufes para poder cargar celu o compus portatiles 
  aprovechando justamente estos hermosos espacios abiertos que el hotel tiene.",9,2024-10-11 18:42:02+00,1
" Hotel limpo, organizado.  Um hotel com um valor de quase mil reais uma diária, vc chegar num restaurante e ter um prato alacarte é sem noção pra não dizer outra coisa, relação custo/benefício ridículo. Não recomendo e não volto mais no hotel.",7,2024-10-14 12:00:36+00,0
"Ótimo descanso, limpo, bem localizado, bastante entretenimento",10,2024-10-16 11:12:20+00,1
" desayuno para celiaco muy escaso, la torta estaba añeja, no había pan, antes tenian mas variedad  la limpieza, la bacha estaba tapada, las almohadas muy chicas. La experiencia naterioe fue mucho mejor.",5,2024-10-16 12:37:45+00,0
"Limpeza, organização e educação dos funcionários. Café da manhã excepcional.Com muita variedade!         Recomendo o Hotel Plaza Hotel, conforto e Qualidade.... .. .  .................................................................",10,2024-10-17 00:00:00+00,1
" Atendimento da equipe, excelente atenciosos, muito simpáticos.",9,2024-10-18 11:33:31+00,1
 Facilidade de acesso. Funcionários  Tinha um vazamento na pia do banheiro. E tb não tinha janela ou exaustão.,9,2024-10-18 12:46:47+00,1
"Muito boa localização ótima,só achei o ar-condicionado do quarto fraco, talvez pode ser no quarto que eu estava no mais muito bom.",8,2024-10-18 13:01:06+00,1
Fox Plaza Hotel was a great place to stay while we visited the Falls.    Amazing outdoor area with pools and hot tubs.    Great places to sit and enjoy the weather.   Buffet breakfast had a variety of great food and the Tapicoa station was great .,10,2024-10-20 00:00:00+00,1
"A estadia foi muito boa. Café da manhã com tapioca, crepe e omelete feitos na hora. Quanto aos travesseiros, poderiam ser disponibilizadas 2 unidades para cada pessoa.",8,2024-10-21 00:00:00+00,1
"Umas das melhores experiências que tivemos, hotel de excelente qualidade em relação a tudo, recepção, limpeza, café da manhã, hospedagem, tudo muito organizado!!!!
Parabéns, para todos da equipe!!!!
COM CERTEZA RETORNAREMOS!!!!! 
   :)",10,2024-10-21 00:00:00+00,1
"Gostei bastante, hotel bem limpinho e organizado, uma estrutura de alto padrão de investimento, café da manhã com muitas opções, vou retornar com certeza, Instagram @f4biorocha",10,2024-10-23 12:49:34+00,1
" Quarto amplo com cama grande e confortável. Desta vez ficamos no quarto de frente pra piscina, que é bem silencioso e sem barulho da rua. O café da manhã é bem diversificado com tapioca e omeletes feitos na hora conforme escolha. O Hotel está bem no centro com estacionamento pago a parte.
A area da piscina e hidro são muito boas e pudemos aproveitar o final de tarde pra relaxar.  O atendimento do bar da piscina não condiz com o padrão do hotel. Muita demora no atendimento e preparo das bebidas, mesmo com pouco movimento.",9,2024-10-25 11:14:57+00,1
" Personal ist sehr freundlich und hilfsbereit, alles ist sauber, gutes Frühstück. Jederzeit zu empfehlen.",10,2024-10-25 14:56:48+00,1
"Alles gut, Personal ist sehr freundlich, gutes Frühstück, schöne Poolanlage, sauber.",10,2024-10-27 04:05:39+00,1
"Me he hospedado varias veces en este hotel y realmente me encanta

Para estar con amigos, para ser familia, para divertirse, para relajarse,

Es bonito, siento que vale mucho la pena y compensa precio versus Servicio . Sus atend son muy gentiles

Tiene varios lugares para relajarse como el gimnasio y la área común de la piscina y jardín

Le supe recomiendo venir aquí",10,2024-10-27 16:11:09+00,1
" Área de lazer muito boa  Acho que não tem do que reclamar de nada , tudo foi excelente",10,2024-10-28 00:58:03+00,1
" Quarto amplo, limpo e organizado !!  Gostaria de ficar mais tempo !!!😂😂",10,2024-10-28 18:01:59+00,1
"O hotel é excelente em todos os critérios! Atendimento, restaurante, área de lazer, piscinas, quartos..Amei demais minha experiência!!!!!!!!!!!!!!!!!!!!!!!!!!!!!!!!!!!!!!!!!!!!!!!!!!!!!!!!!!!!!!!!!!!!!!!!!!!!!!!!!!!!!!",10,2024-10-29 00:00:00+00,1
 Todo. El desayuno es lo más!!,10,2024-10-30 10:20:26+00,1
Die Zimmer sind im allgemeinen schön doch bei uns war die Klimaanlage kaputt und dass badezimmerfenster ging auch nicht zu. Bei dem anderen Zimmer funktionierte das wlan nicht. Das Frühstück ist bis auf Ausnahmen sehr süß. Die zwei Whirlpools waren bei unserem Besuch geschlossen.,6,2024-10-31 01:54:59+00,0
"Service and food were wonderful..the facilities were great. Taxi stand rigjt across the street for your touring needs, including to Argentina and Paruguay",10,2024-11-01 00:00:00+00,1
"O atendimento foi ótimo o hotel maravilhoso todos os atendentes muitos prestativos e dispostos a sanar qualquer dúvida, em especial a recepcionista Ana Beatriz que nos tendeu maravilhosamente bem, uma pessoa muito carismática e disposta a dar dicas maravilhosas tanto do hotel como da cidade de Foz, obrigado Beatriz, voltaremos com certeza para esta cidade acolhedora.",10,2024-11-01 00:00:00+00,1
"Hotel maravilhoso, aconchegante, limpo. Alimentação formidável e muito variada, dando opção para todos os gostos. 
  Disponibilidade de lazer com excelência.
   Gostaria também de parabenizar a recepcionista Beatriz, que foi muito gentil, dando informações maravilhosas e também dicas de passeio, minha gratidão.
   Em suma, super indico esse lugar, pois foi uma experiência inigualável.",10,2024-11-01 00:00:00+00,1
" Hotel com ótimas estrutura e localização, café da manhã com muitas opções e funcionários prestativos.  Meu quarto ficava de frente para a piscina, onde havia uma caixa de som tocando música alta o dia todo, até por volta das 22h. Uma sugestão é colocarem uma música ambiente e mais baixa para não atrapalhar quem quer dar uma descansada no fim da tarde depois de um dia de passeio, por exemplo. Outra sugestão é oferecerem uma máquina para o próprio hóspede espremer as laranjas e fazer seu suco durante o café da manhã. Havia suco natural apenas em um dia, de melancia.",9,2024-11-02 00:25:45+00,1
"Hotel muito bom, a área de lazer nos satisfez, fomos  com nossa bebê de 1 ano e 10 meses e ela teve bastante opção, as piscinas  são boas tbm, o café da manhã, e as demais refeições fartas, brinquedoteca e academia ótimas tbm, ainda tem o spa Theras onde fiz uma massagem maravilhosa. Localização ótima perto de tudo, farmácias, padarias, lanchonetes etc. Só algumas coisas a pontuar, como as fechaduras do hotel, chegamos cansados da viagem, e a porta não abria, e isso aconteceu todos os dias, ao abrir e fechar, o fechadura demorava muito na leitura dos cartões, acho que vale o hotel da uma atenção maior pra isso, outra coisa é a limpeza das piscinas, tivemos que pedir pra limpar a piscina infantil onde estávamos, muitas folhas e bichos, creio que isso é algo que o hotel tem que observar e ir fazendo não ser necessário chamarmos alguém pra isso, no café da manhã só não gostamos da tapioca, as duas moças que ficavam, faziam a tapioca na mesma frigideira que fazia os omeletes, a tapioca vinha toda oleosa, eu não gostei. E a recepção, eu acho que deveria melhorar mais no atendimento, ter mais simpatia, mais acolhimento, achei muito superficial, assim como quando chegamos no hotel subimos sozinhos com nossas malas não tivemos ajuda nenhuma, do carro até o hotel assim como para subir as malas. Por isso não Dei nota 5 ! Mas nossas avaliações são para isso né? Para vcs melhorarem o que já está bom, para ser maravilhoso!",8,2024-11-02 15:25:26+00,1
"La estancia en el lugar fue excepcional.  Realmente disfrutamos de cada momento que pasamos allí.  La atmósfera era muy acogedora y relajante.  Sin duda, fue una experiencia inolvidable.  Espero poder volver a visitar este lugar pronto ya que me ha gustado mucho.",10,2024-11-04 00:00:00+00,1
"Sou cliente do hotel a mais de 10 anos e sempre me hospedo nele, nesses 10 anos já indiquei mais de 200 pessoas que vieram e se hospedaram mas infelizmente tive uma ingrata surpresa nesse ano, estou hospedado ainda e todo janeiro eu venho com minha noiva e meus sobrinhos para se hospedar e sempre achei o preço dentro do padrão do hotel, na mesma época usando o mesmo quarto e o mesmo número de hóspedes a subida da diária foi de 60% um absurdo em meu ver, sendo que faço parte de grupos gigantes de viajantes e sempre indico o foz plaza por tudo que oferece ótimo café da manhã e instalações, e funcionários super educados, sei que o hotel passou por melhorias mas uma subida de 20 a 25% seria o comum sendo que todos hotéis de foz subiram essa média eu mesmo puxei no booking isso, fico triste pois vou ter que me hospedar em um outro hotel por ficar inviável os valores, estava programado para trazer 20 pessoas um grupo de amigos para passarmos pelo menos 1 semana hospedado mas vou ter que mudar os planos e começar a indicar a concorrência, como disse é triste pois amo me hospedar no hotel e devido a atual situação do Brasil os aumentos são realmente significativos e se for levar esses aumentos para 2026 a média de diária seria 1.5k para cima pois em janeiro já estão me cobrando 975 reais o dia... janeiro de 2024 paguei 541,00, se atentem a isso pois irão perder clientes, sei que precisa de repassar custos operacionais mas tem que ter cuidado com os aumentos acima...",4,2024-11-04 00:00:00+00,-1
Fairly central but marked down as one of the pools and jacuzzi’s were not in use for the time we were there. Maintenance took longer than expected.,6,2024-11-04 23:50:10+00,0
 Lovely hotel with excellent spread for breakfast.  No coffee facilities in the room and location away from restaurants.,8,2024-11-05 15:03:07+00,1
"Nossa estadia foi maravilhosa, fomos bem recebidos pelo Emílio , Eduardo e toda a galera do hotel nos trataram super bem. 
Meu marido fez aniversário no dia 02/11 quando chegamos e ele ganhou uma surpresa do pessoal do restaurante de Denis e do gerente.",10,2024-11-06 00:00:00+00,1
"Gostei muito do hotel, um café da manhã maravilhoso e um atendimento excelente.",10,2024-11-06 00:00:00+00,1
"Gostei muito da estadia do hotel, foi tudo muito bom! Gostaria de ressaltar o atendimento do Emílio na recepção que fez um atendimento de excelência e do Dênis do restaurante que no meu aniversário fez uma surpresa com um bolinho, foram maravilhosos! Breve voltaremos.",10,2024-11-06 00:00:00+00,1
"Fui pra foz com amigos e nos hospedamos no hotel, achamos a estrutura muito bonita, e com tudo muito próximo, parabéns a limpeza do hotel, o cheiro de lá é maravilhoso. Agradeço também ao atendimento da Beatriz que nos recepcionou muito bem, nos indicou locais para visitar em Foz, sempre solicita e carismática, a funcionária está de parabéns. Eu indico esse hotel.",10,2024-11-07 00:00:00+00,1
"Estiver em foz em algumas semanas, me hospedei no hotel Plaza por que ficava bem no centro. O ambiente é ótimo, aproveitei bastante a piscina. Um agradecimento à recepcionista Beatriz que me atendeu muito bem, educada. Me direcionou pra lugares em Foz, valeu Beatriz. Até logo foz do Iguaçu.",10,2024-11-07 00:00:00+00,1
"Nós hospedamos no hotel Plaza e achamos o hotel muito bonito, organizado e cheiroso. Super recomendo! Queria também agradecer a Beatriz que nos recepcionou de forma agradavel, e foi extremamente gentil e prestativa. Retornaremos ao hotel.",10,2024-11-07 00:00:00+00,1
Fui hospedado e fui muito bem atendido pela funcionária de lá a Beatriz excelente pessoa atenciosa e muito educada super indico e logo logo estarei de volta e espero que a funcionária excelente esteja novamente..parabéns toda equipe e principalmente a Beatriz..,10,2024-11-07 00:00:00+00,1
" Bem localizado, limpo, tudo novinho.",10,2024-11-07 00:04:01+00,1
Fantástica,10,2024-11-07 10:08:37+00,1
Já estive duas vezes  hospedado neste hotel! show,6,2024-11-07 22:52:42+00,0
"Fui em família pra Foz do Iguaçu, fiquei no foz plaza e adorei o hotel. Muito limpo, organizado e o atendimento 10! Queria ressaltar a recepcionista Beatriz que nos recepcionou muito bem, nós direcionando ótimos lugares em Foz e como aproveitar o hotel. Obrigada Beatriz, retornaremos a Foz e voltaremos ao hotel.",10,2024-11-08 00:00:00+00,1
"Ótimo atendimento, fui muito bem recepcionado por todos no hotel , principalmente por Beatriz , ótimo profissional, muito atenciosa por sinal e estaria logo logo me planejando pra voltar a me hospedar novamente , agradeço a toda a equipe principalmente a Beatriz que tenho que ressaltar, me atendeu muito bem",10,2024-11-08 00:00:00+00,1
" Amazing breakfast, the most comfortable beds ever, swimming pools - you can relax all you want here",9,2024-11-08 06:57:26+00,1
 Muy bueno  Muy bueno,8,2024-11-08 23:14:35+00,1
"Não é a primeira vez que ficamos hospedados no Foz Plaza Hotel, cada vez que voltamos parece estar melhor que a última vez, funcionários  educadíssimos associados a ótimas instalações internas e externas. com certeza voltaremos e recomendo à todos.",10,2024-11-09 00:00:00+00,1
" The breakfast was great.  It depended on who you met at the reception. The younger workers were unwelcoming, their middle-aged colleague was great. The hotel is quite worn for the price.",6,2024-11-12 19:10:06+00,0
" Da piscina, do restaurante e das acomodações.  Não gostei do sistema de reserva das banheiras jacuzzi. Não conseguimos usar por não haver disponibilidade, outros hóspedes tibetano contra das banheiras.",9,2024-11-12 19:54:27+00,1
"O lugar é simplesmente perfeito, o atendimento espetacular inclusive da Beatriz que menina adorável e atenciosa, pessoas assim fazem a diferença na hospedagem, espero que o padrão de satisfação mantenha pessoas com esse nível no atendimento.",10,2024-11-13 00:00:00+00,1
 desayuno EXCELENTE  que los dias de la cena hubo otro evento en el lugar donde cenabamos,9,2024-11-13 20:20:29+00,1
"Agradecimento a Beatriz pelo atendimento Maravilhoso e profissional.

O hotel é maravilhoso, fui com um grupo de amigos e amamos as instalações do Hotel. Um café da manhã de excelência, conforto nos quartos, limpeza diária, quartos com camas confortáveis, TV, uma luz ambiente bem agradável, amei as instalações da área de lazer, uma piscina enorme com ótimo cheiro e limpeza!, O salão de jogos é muito bom e satisfatório. Amei a minha estadia e com certeza espero volta em 2025.",10,2024-11-14 00:00:00+00,1
"Nice spacious rooms.
Excellent breakfast and good dinner.
Disaster on checkout - only one person in the reception and we were a big group - and the receptionist did not speak English.... that made the whole impression of our stay lower.",8,2024-11-14 08:30:45+00,1
"Hotel em ótima localização, com uma estrutura muito boa! Perto da maioria dos passeios.
Todos muito receptivos, desde a entrada ate a sua saída! Quarto limpo, grande, com um ótimo ar condicionado, chuveiro bom, enfim...

Piscinas excelentes, porém vi alguns bichos nela, poderiam limpar com uma frequencia maior, o bar da piscina bem legal também!

Sobre os preços, achei um pouco salgado, não faz com que eu queria consumir no hotel! Poderiam melhorar os preços, uma água a 8 reais é muito, uma vez que fora com 10 reais comprei 3 garrafinhas!!!

O café da manhã é muito bom, com muitas opções, e tem a opção de tapioca, omelete e crepe feito na hora, que é excelente!

Recomendo e voltaria no hotel com toda certeza!",10,2024-11-14 14:49:35+00,1
" Sempre limpo, bem organizado. Funcionários bem receptivos e atenciosos.  Apesar da vista pra piscina ser bem bonita, a janela virada para esta área faz com que seja possível escutar toda a movimentação da área. O que atrapalha um pouco.",10,2024-11-14 17:31:44+00,1
"Um excelente custo benefício, o quarto era bem amplo e limpo. As áreas comuns bem bonitas e organizdas. O café da manhã bem gostoso e atendimento ok.
Além disso, bem localizado, perto de vários bares e restaurantes.

Valeu a pena nossa estadia",10,2024-11-16 00:00:00+00,1
" O sistema de pagamento dos serviços internos no hotel, como restaurante, por exemplo. O hóspede recebe um cartão para pagamento desses serviços mas não é mostrado o valor da conta que está sendo paga e nem fornecido recibo. Nenhuma transparência... Toda segurança para o hotel e nenhuma para o hóspede nessas transações.",6,2024-11-17 21:47:11+00,0
 Conforto  Limpeza do quarto e cobrança do frigobar,8,2024-11-18 09:36:42+00,1
" Quarto, piscinas, atendimento, copa.  Academia poderia ter mais aparelhos, step e bola.",9,2024-11-19 01:08:45+00,1
 Funcionários gentis! Super recomendo.,10,2024-11-19 14:08:50+00,1
"Bom hotel, café da manhã bom, refeições são boas, funcionários prestativos, roupa de cama e toalhas limpas. Poderiam disponibilizar mais tomadas para carregar celular, melhorar academia, cadeira de massagem fica num lugar sem ar condicionado. Restante atendeu nossas necessidades.",8,2024-11-21 00:00:00+00,1
"Hospedei me por apenas uma noite, mas o atendimento na recepção foi ótimo, principalmente da Simone, uma simpatia em pessoa e do Jeferson.
Ambientes limpos e organizados. Café da manhã ótimo, tudo fresco e variado.
O único porém foi o ar condicionado que não estava dando conta do calor, 35 graus, precisou de algumas horas para refrescar ( o quarto ficava no final do corredor).",8,2024-11-21 00:00:00+00,1
"Hotel bom, roupas de cama e banho limpas, quartos bons, funcionários receptivos, refeições boas. Áreas comuns agradáveis. Faltou bebedouros, faltou pontos de tomada para carregar celular, cadeira de massagem no ambiente sem ar condicionado, muito calor, internet tb não é muito boa, melhorar academia . No restante nós atendeu bem",8,2024-11-21 00:00:00+00,1
 Academia 24h. Apesar de bem simples.  Preço,9,2024-11-21 13:58:32+00,1
"Excelente hotel com ótima localização e ótimo preço. Destaque para as instalações sempre limpas, café da manhã excelente e funcionários educados e atenciosos com destaque para a Chef Elizete, melhor molho pomodoro que já comi, e para o Jefferson da recepção que sabe tudo de Foz do Iguaçu.",10,2024-11-22 00:00:00+00,1
" Quarto estava limpo, chuveiro forte.  O quarto tinha vista da piscina, porém o som da posiciona era tão alto que não dava pra assistir tv. O café da manhã é gostoso, porém com pouquíssimas opções.",7,2024-11-22 00:48:30+00,0
" Do café da manhã, das instalações, da localização e da atenciosidade dos funcionários com destaque para o Jefferson da recepção e para a Chef Elizete da cozinha! O melhor molho pomodoro que já comi!  Gostei de tudo!",10,2024-11-23 00:25:57+00,1
" Hotel impecável em tudo. café da manhã excelente, estrutura de lazer maravilhosa, atendimento excelente!",10,2024-11-23 22:13:00+00,1
 Localização incrível  Nada,10,2024-11-24 11:18:05+00,1
"O hotel é razoável, boa localização. O primeiro quarto que nos deram estava cheio de insetos e tivemos que pedir para trocar. O segundo bom mas durante a noite apareceu um barata cascuda enorme pra desespero da minha mulher. Café razoável. Piscina e hidro confortável.",6,2024-11-25 00:00:00+00,0
"Hotel bem localizado, em uma área tranquila. Como há muito turismo, sem tem bastante movimento no lobby nos horários de pico.
- pontos positivos: café da manhã bem servido e variado em um sala ampla, academia simples mas aberta 24 h, piscina e bar externos o que é ótimo para o calor de foz.
- pontos negativos: travesseiros de baixa qualidade, aparelhos de ar condicionado apesar de funcionar são antigos e precisam de modernização  em como as TVs.
No geral o hotel é recomendado e boa opção",10,2024-11-26 12:14:16+00,1
"Excelente localização , área de lazer , piscina , recepção reformada.
Atendimento muito hospitaleiro , os quartos ainda são mais antigos.
Ótimo Buffet de café de manhã",10,2024-11-27 20:20:51+00,1
"Ar condicionado do quarto não resfria.
Não possui nenhum local com água potável para beber, nem na academia e nem na área comum.
Café da manhã pobre em variedade. 
Cobra estacionamento.
A área comum muito bonita e acolhedora.
Elevadores não se comunicam portanto causa demora no uso para acessar os quartos.",4,2024-11-28 00:00:00+00,-1
" Los servicios que ofrece como sala de juegos, gimnasio, la zona de piletas muy linda. El personal y la muy buena predisposición.  Nada",10,2024-11-29 02:27:22+00,1
" Boa localização e bom custo-benefício. Café da manhã bom.  As camas não são muito confortáveis e o ar condicionado não é muito bom, o que dificulta em períodos muito quentes.",7,2024-11-29 19:08:10+00,0
 Tot en general,9,2024-11-30 07:57:22+00,1
" Jolie piscine 
Emplacement proche du centre ville  Chambre et salle de bain plus toutes jeunes",8,2024-11-30 19:33:31+00,1
Noite mal dormida por incompetência do ar condicionado. Internet ruim no apartamento (não funciona na cama) - UH 717.,4,2024-12-01 13:53:07+00,-1
" O atendimento do local foi excepcional, café da manha muito bem servido e a localização é otima.  Presenciamos algumas vezes os supervisores ou coordenadores chamando atenção dos funcionários na recepção, isso não foi legal, os funcionários ficam constrangidos e gera muito desconforto para os hospedes. Se a liderança quer cobrar algo, chame o colaborador no canto ou em uma sala e converse com ele, não faça isso em publico.",10,2024-12-03 12:24:15+00,1
This hotel is incredible… all space is amazing… the room is very big y comfortable!,10,2024-12-05 00:00:00+00,1
" Un excelente desayuno.
La habitacion  muy amplia. 
Muy limpio todo",10,2024-12-05 00:17:50+00,1
"Infelizmente apesar do hotel ser lindo com uma boa infraestrutura, minha estadia teve muitos problemas pontuais, a maioria com a limpeza do quarto, e um problema crônico com a chave do quarto, me hospedei domingo e limparam o quarto na segunda e depois não limparam até quinta, quando reclamei com mais seriedade na recepção, aí limparam. Fiquei com dois sacos de lixo no quarto durante 3 dias, o banheiro ninguém lavava, só trocavam o lixo do banheiro e tinha dia que esqueciam até de repor o papel higiênico e toalhas,  outro problema com a porta, diversas vezes em dias diferentes a porta não abria com a chave , dois um transtorno, pq eu descia na recepção avisando, eles revalidavam a chave e eu voltava e nada de funcionar aí tinha que esperar a manutenção para mexer lá. No dia seguinte a mesma coisa isso por 3 dias seguidos.  O pessoal da recepção super solícitos mais infelizmente até prato que pedi foi trocado sem prévio aviso ou convencimento.  Voltaria para outro, pois perdi muito tempo do meu lazer com problemas do hotel …",6,2024-12-05 23:52:33+00,0
"Viajei com eu minha esposa e um casal de amigos, ficamos extremamente satisfeitos com o hotel e recomendamos. Suíte casal premium excelente, atendimento de todos os funcionários excelente, destacamos ainda o Sr. Amarildo, Metre do restaurante que foi extremamente atencioso e cortês",10,2024-12-08 00:00:00+00,1
"La habitaciones son amplias cómodas y muy limpias, al igual que el baño, aunque el servicio de agua caliente en la ducha es deficiente, el agua sale algo tibia y al realizar el reclamo me dijeron que la caldera se encontraba a 50° y que al otro dia venia el personal de mantenimiento, nunca llego el personal y no realice otro reclamo ya que conversando con huespedes me entero que todos tenian el mismo inconveniente y al leer comentarios de la pagina Booking vi que esto sucedia desde hace tiempo.
En fin, gracias al clima que es muy caluroso y humedo es soportable esa temperatura de agua, pero despues de realizar el zafari en lancha y de empaparme con la bruma del las cataratas y realizar un recorrido de 5 o 6 hs solo se quiere un baño de agua caliente.

En cuanto al servicio de desayuno y cena es muy variado y abundante, la atencio es muy buena.

El sector de pileta es muy comodo y limpio, cuanta con varias mesas y sillas.",8,2024-12-09 09:16:09+00,1
"Hotel muito confortavel, com boas acomodações.
Destaque para o bom café da manhã com itens variados.
Piscina e Jscuzzi sempre limpas.
Localizado próximo a bons restaurantes, bares,  shopping cataratas e lojas no centro de Foz.
Equipe extremamente educada.
Recomendo.",10,2024-12-09 13:14:23+00,1
" Conforto do quarto
Cafe da manhã oferecido
Piscina
Localização  Falta de estacionamento gratuito para hospedes
Buffet para jantar sem opcão por preço/kl
Salao de jogos com necessidade de aquisição de fichas para fliperama (preço elevado)
Falta de opcão de canais na TV",10,2024-12-10 13:15:32+00,1
"Hotel muito bom, gostei de tudo!!!  os funcionarios sao educados e as instacoes sao novas , tudo muito bem limpo e organizado , cafe da manha maravilhoso
Voltarei conceza",10,2024-12-11 10:44:25+00,1
" Do atendimento, da decoração, do conforto, das instalações,  do colchão e dos travesseiros , do banheiro, do chuveiro,  do café da manhã, da iluminação  toda em luzes amarelas, a gente vê o toque da arquiteta em todos os detalhes. Isso sem falar no café da manhã,  que é excelente.  Do barulho do ares condicionados nos quartos da parte de trás. Todos os ares ficam num corredor do lado de fora, e o barulho fica muito alto dentro do quarto. Sugiro investirem em janelas anti ruído para abafar o som desses equipamentos. Pedimos pra nos mudar de quarto e fomos prontamente atendidos. Recebemos um upgrade e fomos transferidos para um quarto da frente, que era silencioso. Também não gostamos do check out ser às 11:00, diferentemente da maioria dos hotéis que é às 12:00.",10,2024-12-11 13:29:49+00,1
 La comida muy deliciosa  Todo estuvo conforme,10,2024-12-12 02:44:00+00,1
" The pool,  lounge  & bar area is new and very nice to chill 
Rezeption staff super friendly and welcoming 
BF was average but the pancakes  / Omelett station was a super plus,  amazing cooking skills  Rooms are big but dated",10,2024-12-12 10:24:59+00,1
Mto bom,10,2024-12-13 00:00:00+00,1
"Ótimo Atendimento, localização, Café da Manhã, estacionamento...",10,2024-12-15 12:44:08+00,1
 Precisa colocar colchão mais confortável  Cama,10,2024-12-15 14:36:33+00,1
" Gostei do tamanho do quarto, do banho (chuveiro) muito bom e ótima localização.  Eu não gostei do wi-fi ele pega muito mal, fraco a conexão. E o café da manhã senti falta de mais sabor.",7,2024-12-15 22:15:04+00,0
" Ponto positivos citados acima.
Estrutura boa.
Completa.
Higiene boa.
Café da manhã excelente.
Muito bom ter uma base da empresa de turismo, a  LOUMAR, facilitou bastante nossa vida.  Pontos negativos:
_meu voo foi cancelado mas mantive a estadia, e por conveniência pedi que não fosse cobrado a diária que não utilizei, mas me foi recusado.
_e não concordo com a cobrança da taxa de piscina, já que é um atrativo que qualquer hotel oferece.",8,2024-12-16 12:22:33+00,1
" café, muito bom, localização muito boa, funcionários muito educados.  internet oscilando muito.",9,2024-12-17 12:01:54+00,1
"El hotel es EXCELENTE, la atención del personal mucho mejor.  La.habitacion muy cómoda, el baño impecable, todo funcionó como.debia, las camas muy cómodas y hasta teníamos los canales de streaming en la televisión. Las piletas y los hidromasajes siempre están habilitados para su uso,  impecables",10,2024-12-18 00:00:00+00,1
" Quarto muito bom, tv smart.
Chuveiro muito bom, quarto com bastante espaço.  A burocracia para fazer o check in. 
Preencher todos aqueles dados, enviei documento por e-mail e mesmo assim foi necessário documento físico para tirar xerox e imprimir.",8,2024-12-18 01:25:20+00,1
" Ubicación, pileta y desayuno  Falta un poco de mantenimiento",9,2024-12-18 13:57:39+00,1
"Excelentes servicios, exquisita limpieza y muchísima amabilidad de sus trabajadores",10,2024-12-19 23:38:54+00,1
 Las instalaciones y personal de recepcion excelente .  Contratamos el servicio con media pension y si bien el desayuno era excelente. La cena era con un menu determinado siempre el mismo y te atendian como si te querian despachar no todos  solo algunos mosos,8,2024-12-20 10:56:04+00,1
 piscina,9,2024-12-20 11:33:58+00,1
" Educação dos funcionários, preparo do quarto e café da manhã.  Poucos elevadores, calor absurdo nos elevadores e corredores, sala de jogos paga e estacionamento externo tem que descer do carro para abrir o portão.",8,2024-12-21 09:08:42+00,1
" Quarto amplo, café da manhã farto e delicioso, ótimas opções de lazer, piscinas boas para família. Hotel novo. Opções do restaurante de boa qualidade.  O banheiro volta um pouco cheiro de esgoto, a jacuzzi estava suja em uma vez que fui, estacionamento aberto com um controle que precisa sair do carro para abrir.",9,2024-12-21 11:52:13+00,1
" El bar de la piscina, ambiente familiar muy agradable. El Sr. Batista, un excelente bartender. Felicitaciones!  El olor en el baño, menos mal tiene extractor, solución!",10,2024-12-22 00:49:14+00,1
Hermoso!! Un 10,10,2024-12-22 17:52:36+00,1
"Hotel incrivel, instalações impecáveis, novas e limpas!!!!! Cama deliciosa firme e nova, quartos e banheiros grandes. Time de atendimento como um todo muito carinhosos e prestativos. Estendo o elogio a Levi e Emilio que foram verdadeiros anjos nos ajudando sempre. Parabens a todos!",10,2024-12-23 00:00:00+00,1
" Gostei de tudo, limpeza impecável, café da manhã maravilhoso, ambiente das piscinas é ótimo, esse é um hotel completo, recomendo quem se hospedar a utilizar os serviços de massagem, a Neide é maravilhosa.",10,2024-12-24 00:38:03+00,1
"Gostei muito do atendimento dos funcionários, desde de a portaria ao restaurante. Café da manhã fantástico, sendo o melhor atendimento no bar da piscina. Com atendimento dos funcionários “Batista”, “Levy”, “Ryan”, “Emilio”, “Denise”, “Dênis”, “Irineu”… Entre tantos outros muito atenciosos. A estrutura do hotel, em relação ao quarto, bar, restaurante, piscina, área de lazer externa e sala de jogos são todos muito confortáveis, com ambientes de uma energia incrível. As refeições do restaurante tem no cardápio porções, lanches e pratos executivos sendo muito bem preparadas. Eu e minha família sentiremos saudades.",10,2024-12-25 00:00:00+00,1
 A localização  Hotel precisando de atualizações.,8,2024-12-25 11:29:53+00,1
 Gostei de tudo. Quarto espaçoso.  Não tenho o que comentar.,10,2024-12-25 23:54:35+00,1
O hotel encontra-se todo renovado! Ficou lindo! Os colaboradores sempre muito solícitos.  Amamos a nossa estadia.,10,2024-12-26 19:41:36+00,1
" Personal, ubicación  Yacuzi",10,2024-12-27 11:37:41+00,1
"Destaque para a gastronomia do hotel, perfeita!",10,2024-12-28 00:29:48+00,1
 La piscina y música en vivo  Tardaron mucho en atender en el comedor,8,2024-12-29 13:34:29+00,1
"Ótima estadia para curtir Foz do Iguaçu. Hotel bem localizado, confortável e com boa opções de comida e lazer.
O wi-fi não pegava bem no meu quarto. Essa é a única ressalva.",8,2025-01-02 00:00:00+00,1
" O quarto é o bwc muito bons, faltou uma TV smart pra poder conectar um filme melhor, os canais regulares são muitos ruins. A parte de a  la carte também deixou a desejar, tanto as opções como as comidas. Não muito saborosas e estava pronto há muito tempo quando serviram . Faltando gente pra atender a área da piscina.  Está acima",8,2025-01-03 19:33:42+00,1
" O hotel tem um excelente custo benefício. Gostei bastante de ficar na área da piscina após voltar dos passeios, sendo que as bebidas e comidas tinham um preço bastante justo. O restaurante é amplo. O café da manhã é ótimo, com bastante opções. O staff do hotel é muito simpático. A limpeza do hotel é excelente. O quarto em que eu fiquei tinha um bom tamanho e o banheiro era bom. Voltaria com certeza.  O chuveiro poderia ser melhor,",9,2025-01-03 21:21:30+00,1
 A equipe do hotel é bastante simpática. Tem uma boa área na piscina para relaxar após os passeios. Os preços das bebidas e comidas é justo.  Este quarto ficava de frente para a piscina e o barulho incomodava um pouco.,9,2025-01-03 21:27:54+00,1
"Estadia com 7 dias incluindo a ceia do ano novo e jantares especiais do final do ano.

Tudo muito bom, a festa de ano novo foi espetacular... muito divertido, atendimento bom.

O hotel possui algumas regras esquisitas, como por exemplo, pedidos somente com o QR Code que está na chave do quarto ou fechar a conta do quarto somente com a entrega das chaves... mas não foi nada que comprometesse a experiência.

o café da manhã é bem bom... variado... o restaurante possui cardápio variado... mas não são tantas opções.. eu experimentei o salmão no molho de maracujá e a tilápia grelhada... ambos estavam muito bons.",10,2025-01-06 00:00:00+00,1
"Fomos bem atendidos por todos no hotel. Quarto confortável, limpo e com camas confortáveis. Hotel bem decorado com piscina, área baby e copa 24 horas para os hóspedes. Café da manhã com variedade e muito gostoso. Possui 2 estacionamentos, um coberto e um externo descoberto. Central.",10,2025-01-06 00:00:00+00,1
" Área de piscinas e jacuzzi, serviços de turismo, espaços amplios nas salas e quartos.  Limpeza do banheiro poderia melhorar.
Opções de comida vegana no café-da-manhã, não é inclusivo para pessoas com algumas restrições alimentares, mesmo avisando com muito tempo de antecedência. 
Empatia, gentileza e preocupação de todos os atendentes (recepção e restaurante) hotel em resolver um problema, em vez de buscar colocar a culpa em terceiros.",5,2025-01-06 19:12:12+00,0
" Excelente desayuno y cama muy cómoda, la ubicación cerca de todas las principales atracciones de Foz",8,2025-01-08 23:39:58+00,1
"O hotel é bom e bem localizado,  mas o atendimento do restaurante é muito ruim.",8,2025-01-09 00:00:00+00,1
" Brinquedoteca e área da piscina 

Spa  Camas lençóis e toalhas antigos 

Pedimos uma toalha e nunca enviaram",7,2025-01-10 20:41:17+00,0
La atención no fue la mejor,8,2025-01-13 15:09:42+00,1
 boa infraestrutura do hotel e otima localização,8,2025-01-13 21:07:12+00,1
Boa localização. apartamento confortável. Chuveiro ótimo. Hidromassagem um pouco suja.,8,2025-01-14 00:00:00+00,1
" Eu indico muito este hotel para quem busca conforto e um bom serviço. Tem várias piscinas, ofuro, restaurante com comida gostosa, bar com petiscos e drinks muito bons. Os garçons atendem nas mesas, no quarto ou na beira da piscina. Todos os funcionários são muito gentis e querem fazer a estadia o mais confortável possível. 
Para hospedes com crianças tem recreação, uma sala com brinquedos que está aberta 24h, um parque infantil ao ar livre, uma cozinha com água quente e micro-ondas.
Nos sentimos falta de nada. Voltaremos com certeza!  Para quem gosta mais de silêncio a noite, peça um quarto com visto para rua. Porque até as 22hrs tem música e música ao vivo no pátio.",10,2025-01-14 12:18:32+00,1
" A infra estrutura é boa, as piscinas tambem são legais e a localização é ótima  Os funcionários te tratam como se você estivesse de favor na casa de um parente.",6,2025-01-14 15:44:09+00,0
 De som jobbet i resepsjonen gjorde en fantastisk jobb og er veldig hjelpsom 😃,10,2025-01-14 17:46:22+00,1
 La atención es maravillosa.... Destacar a todo el personal nos quedamos admirados te tratan muy bien.... El resto hermoso.... Tanto las instalaciones como el desayuno que cada día le van cambiando algo de la gran variedad que tiene  Absolutamente nada....,10,2025-01-15 11:32:06+00,1
" Eu amei o hotel, quarto, banheiro espaçoso. Cama maravilhosa, chuveiro maravilhoso. O café da manhã era excelente, limpeza e manutenção do hotel bons também. Academia novinha, as piscinas uma delícia água bem quentinha (fomos no verão). Jacuzzi maravilhosa, serviço do bar também excelente. Eu amei! Hotel bem família, 22hrs apagam as luzes da área de lazer e fica silêncio, ótimo para descansar á noite.  Achei caro as fichas para jogar nas máquinas da sala de jogos. Se não me engano era 5 ou 10 reais por ficha. Achei salgado. O wifi poderia ser melhor pelo preço da diária.",10,2025-01-17 15:14:11+00,1
"El hotel en general nos resultó muy agradable, los servicios son de primer nivel, el personal de la recepción fué atento en todo momento. El bar, el restaurante y la piscina son excelentes.
El desayuno cubre todas las necesidades y gustos, dulces, salado, frutas y un variedad de comidas",10,2025-01-18 00:00:00+00,1
" Do restaurante e a área de lazer.  Funcionários. Com duas exceções, os funcionários nos atendiam com muito desânimo e quem nos serviu na piscina estava com muita má vontade. A impressão é que estamos forçando a fazerem algo errado.",9,2025-01-18 19:35:18+00,1
"Quartos limpos, bom café da manhã e funcionários (em geral) atenciosos. Serviço de restaurante e bar da piscina muito caro pelo que oferece.àrea de recreação e equipe de recreação muito atenciosa. Alguns detalhes poderiam fazer a experiência melhor.",8,2025-01-19 00:00:00+00,1
" Cierto personal del área de cocina, específicamente una garzona y un garzon, se comportaron de forma descortés con nosotros, bonito visualmente pero el aire acondicionado no paro de sonar toda la noche haciendo además un descanso incómodo, por eso la valoración.",4,2025-01-19 03:31:15+00,-1
" A equipe do hotel é muito educada e prestativa, a limpeza é muito boa e o café da manhã é completo. O Hotel possui uma excelente ára de pscina, um bom serviço de recreação para crianças. De forma geral o hotel atende bem com seus serviços para uma viagem em família.  Tive alguns transtornos durante a estadia: fiquei preso no banheiro porque a maçaneta da porta simplismente quebrou, o translado que é informado na divulgação não é gratuito, teria que negociar com uma empresa de turismo á parte. O restaurante do hotel não tem bom custo benefício. Por fim, a localização do hotel é silenciosa, mas longe de restaurantes e/ou shopings, logo terá que pegar Uber ou Táxi para muita coisa.",7,2025-01-19 21:51:47+00,0
" Muy buena opción en Foz. Buen desayuno, y lindas instalaciones. Mención especial para el equipo de animación, nos permitieron relajarnos mientras mi hija de 4 años se divertía con ellos.  Optamos por el régimen de media pensión, y si bien la comida era muy sabrosa, nos hubiera gustado contar con más opciones de la carta.",8,2025-01-20 16:50:18+00,1
"Na minha opnião um hotel 2 estrelas, serviço de quarto questionável, cheguei do passeio no final da tarde e a porta do quarto estava entreaberta, o armário também foi mexido pois reviraram minha mala, embora não tenha dado falta de nada. O hotel não deu nenhum esclarecimento satisfatório, disse apenas que a camareira não deve ter fechado a porta direito. Minha opção foi por não contar com o serviço de quarto até então, utilização de cofre e cadeados nas malas. Reservei 2 quartos, até o momento só emitiram a NF no valor de um quarto. Um dia após meu check-out entraram em contato comigo dizendo que eu saí do hotel sem fazer check-out e que eu não havia pago o estacionamento, refutei indicando o horário em que fiz o check-out no balcão e que consultassem suas câmeras e que fizessem seu serviço de acordo! Restaurante a noite bem ruim, famílias desistindo dos pedidos, demora no atendimento, demora na entrega do pedido. PÉSSIMA EXPERIÊNCIA!!!!!!!!!",6,2025-01-21 00:00:00+00,0
" Limpeza, bons produtos de higiene, cama confortável, chinelos e roupão a nossa disposição, toalhas macias ,entre outros 
A localização é ótima, custo benefício também, funcionários atenciosos, café da manhã maravilhoso  Cerveja quente na área da piscina 😕",8,2025-01-21 12:25:53+00,1
"Excelente hotel, funcionários cordiais",10,2025-01-22 02:21:16+00,1
" Hotel muito bom, café da manhã excelente. Quartos muito confortáveis e limpos.  A água da piscina estava um pouco turva e o preço das bebidas e comidas um pouco elevado",9,2025-01-23 15:35:26+00,1
" Excelente el Foz Plaza Hotel en todas sus prestaciones, desde la recepción que te brindan al llegar, muy amables y explicando todos los detalles del funcionamiento del hotel, las comodidades, las piletas. El desayuno increible, con panificados y una variedad de alta calidad. Durante la tarde es un placer usar las piletas. Justo la tarde en la que estuvimos un músico dió un pequeño recital con su piano. Un placer realmente la selección de canciones, brasileras y en castellano. La ubicación excelente tambien. Céntrica, muy cerca de un shopping al que podés ir caminando, son unas cuadras. Tambien tiene un salon de juegos con Pool y metegol, y otros juegos, muy lindo para los chicos. Y un Gym muy bien puesto. El espacio de la recepción es muy agradable, tanto como el salón del restorán y el patio con las piletas. La habitación, impecable. El mejor hotel de nuestras vacaciones, sin dudas.  El baño de nuestra habitación, se nota que es un hotel que fue renovado y el baño quizas no quedó a la altura del resto de las instalaciones. No tiene antebaño, cosa muy cómoda para cuando uno comparte habitación. 
Los hidromasajes son un extra de servicio maravilloso, pero cuando fuimos, el agua estaba fría. Preferimos la calidez de la pileta... Y quizas la cocina del bar tambien es un detalle a mejorar. Pedimos una pizza en el bar del hotel, además de demorar mucho en traerla, no estaba para nada rica. Una sorpresa, después de los panes exquisitos del desayuno.",9,2025-01-23 21:06:25+00,1
"Lugar silencioso, limpio y espacioso.
El área del patio es muy acogedor.
Los mozos del restaurante excelentes
Los de recepción excelentes.
El desayuno tiene variedad de comidas.
Tiene área de juegos, especial para hacerlo con amigos y familia, incluso si el clima está lluvioso",10,2025-01-24 00:00:00+00,1
"las habitaciones son muy cómodas, las piletas varias y muy bonitas, el entretenimiento muy bueno con pool, arcade, ping pong y metegol, el restaurant excelente tanto en comidas como la carta de vinos y la atención de Julián en las cenas, Will y Sara en la recepción de lo mejor",10,2025-01-24 00:00:00+00,1
"Infelizmente tive uma experiência ruim, retornando de um passeio no final do dia me deparei com a porta do quarto aberta, aparentemente armário também foi revirado, não dei fala de nada. O hotel deu pouca atenção a este caso somente comentando que a camareira esqueceu a porta aberta. Dias depois de fazer o check-out o hotel entrou em contato dizendo que eu não havia feito check-out e pago estacionamento, o que refutei, para que observassem no sistema de câmeras no referido horário em que fiz minha saída,  com comprovante de pagamento do Estacionamento em minhas mãos. Péssimo atendimento também no jantar no restaurante,  famílias desistindo de seus pedidos devido a demora. PÉSSIMA EXPERIÊNCIA!!!",4,2025-01-24 03:25:27+00,-1
" A área de lazer e do refeitório.  Não gostei do atendimento. Houve momentos de  tanta a má vontade de nos atender, que parecia que estamos obrigando. A maioria dos funcionário muito mau humorados. Foi uma experiência muito ruim com o atendimento. Desde a recepção da nossa chegada, até o atendimento na área de lazer.",8,2025-01-24 13:42:37+00,1
" Tudo excelente, quarto perfeito, cama, chuveiro… excelente café da manhã, área da piscina muito legal, para quem vai ao paraguai o hotel possui uma localização excelente, próximo ao ponto de ônibus internacional (fomos a pé ao ponto).  Nada a reclamar, tudo excelente.",10,2025-01-24 17:40:59+00,1
Facil localização e proximidade dos locais,10,2025-01-24 23:34:01+00,1
" Piscina, hidro  demora para vir pedido no bar",10,2025-01-25 02:13:10+00,1
" Es un hotel precioso..los empleados hablan español y son muy amables! Las instalaciones cuentan

  con todo lo que se necesita cuando vacacionás en familia. A partir de las 15 hs se cuenta con el servicio de una chica muy amorosa que hace juegos y juega con los niños!! La ubicación también es recomendable! YA QUEREMOS VOLVER NUEVAMENTE!!  Muchos se quejan de WiFi.. pero en realidad cuando no funciona..volves a conectarte...y funciona re bien!
La última noche sentimos un poco de olor en el baño,pero no es grave!",9,2025-01-25 17:48:13+00,1
"Um hotel extremamente aconchegante, com atendimento de excelência! O Batista prepara drinks incríveis, e o Jocelito e o Amariudo proporcionam um atendimento impecável no restaurante. Os funcionários são super receptivos, e a estrutura do hotel é simplesmente impecável. Uma experiência maravilhosa!",10,2025-01-26 00:00:00+00,1
Gratidão ótimo atendimento!,10,2025-01-26 11:52:48+00,1
" Desayuno y zona de piletas  La puerta de la habitacion no abria facilmente con la tarjeta, tuvimos q cambiarla un par de veces",8,2025-01-26 13:16:43+00,1
"Atendimento ruim devido à gerente da recepcao que chamava os outros funcionários atenção na frente dos hospedes. Outros funcionários claramente tristes decido ao tratamento desta gerente. 
Quarto sem isolamento acústico. Muito barulho de noite da rua e dos outros quartos.",6,2025-01-27 00:00:00+00,0
 El desayuno era muy completo.  Llegamos tarde el viernes y casi al límite de la hora de la cena. Parecía que estaban apurados por cerrar el restaurant,9,2025-01-27 12:11:52+00,1
" La comodidad
La Limpieza
El desayuno 
La pileta",9,2025-01-27 12:49:37+00,1
" Café da manhã é muito bom.  Ar condicionado do quarto deixou muito a desejar, cheguei a reclamar, mas infelizmente o equipamento é antigo e não atende a necessidade de calor e área do quarto.",7,2025-01-27 15:04:16+00,0
 El trato la limpieza y predisposición  Estuvimos 5 noches y el menú de media pensión no cambio si bien había 4 opciones teníamos que repetir el mismo.. Solo es que brindar más opciones  de comidas o cambiar por lo menos cada 2 días aún así estaba riquísimo.,8,2025-01-27 18:37:45+00,1
"Excelente todos os serviços e acomodação, café da manhã variado, piscina, serviço de bar na piscina, restaurante, serviço de agência de turismo e recepção do hotel, além da ótima localização.",10,2025-01-27 19:24:07+00,1
" La zona de las piletas, las habitaciones amplias y camas comodas, el desayuno super completo y abundante. El personal muy serviciales y rapidos para responder los  Todo me gustó. Volvería sin dudas",10,2025-01-28 12:54:35+00,1
" Banheira de hidromassagem, academia 24 h e espaço kids. Um ambiente agradável na área da piscina. Estão de parabéns, superou minhas expectativas.  Não tem. Pelo custo benefício foi maravilhoso 👏🏻👏🏻👏🏻👏🏻",8,2025-01-28 14:01:13+00,1
"Excelente em tudo 🙏
Atendimento ao chegar e ao sair!
Conforto, segurança.

Tudo organizado e quartos espaçosos!
Recomendo sempre… voltaria novamente com certeza!

Café da manhã perfeito e diversificado 👏👏👏👏👏👏👏

Recepção com bastante simpatia e agilidade!",10,2025-01-29 00:00:00+00,1
" El desayuno hermoso, un montón de variedad. 
Ubicación también estábamos a 4 cuadras del shopping y del centro y 6/7 de la terminal de bus",10,2025-01-29 00:24:21+00,1
" DESAYUNO EXCELENTE, MUY COMPLETO Y VARIADO  ALGUNAS PERSONAS DEL HOTEL NO ERAN MUY AMABLES, EL SERVICIO EN EL RESTAURANT TARDO DEMASIADO",8,2025-01-29 10:34:56+00,1
" Adorei tudo, quarto espaçoso, cama confortável, banheiro com chuveiro maravilhoso.",10,2025-01-30 02:39:32+00,1
" Gostamos da gentileza dos funcionários, das acomodações e do café da manhã.",10,2025-01-31 02:16:19+00,1
 Los servicios  Nada,10,2025-01-31 10:36:12+00,1
" Ubicación
Precio
Buen desayuno  Podría mejorar mas la atención en el restaurant.
La pizza que pedimos, podría mejorar",8,2025-02-01 00:22:27+00,1
 La atención excelente. La comida variada y muy rica. Las instalaciones muy lindas,10,2025-02-02 02:13:49+00,1
" El personal, especialmente el de recepción resuelve todo. El hotel no es muy grande, pero es completisimo. Todo esta a mano y cerca. Con chicos, fabuloso. La ubicación es muy buena, hay un shopping al que se llega caminando unos minutos. Mención especial para el clima que se crea en la pileta y jacuzzis. Viernes nos tocó música en vivo al volver de un día largo de caminata. Agua caliente y microondas a disposición. Agua fría no, solo en el desayuno. Hermoso!  Nada... todo excelente",10,2025-02-02 16:22:30+00,1
" Localização e café da manhã.  Cobrança do estacionamento, sem aviso no site. Gratuito só o aberto. O Valor é baixo, mas devia estar descrito. Quarto razoável, podiam ter oferecido um up grade, mesmo cobrando diferença. Atendimento na piscina podia ter mais simpatia, tem de melhorar.",8,2025-02-03 11:58:57+00,1
"Desayuno completo, habitaciones muy buenas, baño lindo cómodo limpio, zona de pileta muy buena",10,2025-02-03 14:12:58+00,1
" El hotel es lindo, el edificio no debe tener mucha antigüedad. El sector de las piletas le suma mucho, tiene jacuzzis, bar, sala de juegos y gimnasio para todos los huéspedes. Buenos tragos, comida variada pero carta un poco corta. El desayuno muy bien también. Su ubicación es ideal, yo que vine sin el auto tenía cerca la terminal urbana, el shopping, negocios y restaurantes. Sin duda es para recomendar y volveré en lo posible.  A los aires acondicionados le falta mantenimiento, los motores que están afuera hacen ruido, estaría bueno que pongan tvs smart asi uno le pone las apps que usa o transmite desde el celular a la TV.",9,2025-02-03 14:15:34+00,1
 no tengo ninguna queja ... todo perfecto  no tengo nada q no me haya gustado,10,2025-02-04 12:03:33+00,1
 Hola el personal tanto de comedor como del q está en sector pileta regular x lo menos los mozos ; te retiraban de la mesa los platos sin permiso teniendo al comensal comiendo horrible..ni siquiera te hablaban...los de recepción y limpieza excelentes.  Los mozos súper maleducados con cierto trato diferente,8,2025-02-04 12:51:57+00,1
" Café da manhã maravilhoso, e localização também, no centro  Ar não gelava muito bem, e pensei que o quarto seria um pouco maior pelas fotos, tirando isso era bom o hotel",8,2025-02-04 22:35:35+00,1
" Excelente las instalaciones, la piscina, el parque de juegos. La sala de juegos. El desayuno muy rico. La ubicación excelente  La cara de mala onda del pelado del bar de la piscina. Una mala onda para atender. Careca cara de cu",10,2025-02-04 23:41:10+00,1
" A estrutura do hotel é muito boa, todo atendimento é bom.
O café da manhã é ótimo também  Já fui duas vezes no hotel, dessa vez peguei o mesmo quarto que a última vez, porém a qualidade da cama foi inferior, me relataram que quem sabe foi uma cama que ainda não tinha sido trocada, nos realocaram para um ""confort"" que mudou só a qualidade da cama, que realmente era muito melhor.",9,2025-02-06 01:24:27+00,1
"Muy lindo lugar, cómodo, buen servicio, buenas las piscinas. Habitaciones en excelentes condiciones. Trato amable por parte de sus empleados. A mano para visitar todas las atracciones de Foz.",8,2025-02-06 03:12:39+00,1
" El desayuno y la señora encargada de hacer los omelettes , riquísimos  Cuando estuve llovió mucho entro agua y la habitación está llena de agua lo dijimos y nada, para colmo al no advertirlo mí esposo cuando se despierta se patino y se golpeó. 
Dejamos nota en administración dirigida a la gerenta  y todavía estoy esperando una respuesta",6,2025-02-06 15:28:34+00,0
" The staff were excellent and knowledgeable, the location was solid, and the breakfast was a good selection of high quality. There are a variety of facilities for leisure or recreation.  Something outside my room - possibly a wayward HVAC compressor - was extremely loud, all night. The staff tell me that I'm not the first to mention it.",8,2025-02-06 19:37:01+00,1
Ótimo,10,2025-02-06 19:55:40+00,1
 Localização  Tudo perfeito,10,2025-02-07 10:22:39+00,1
" As piscinas são ótimas para quem está com crianças, o serviço do bar também é muito bom.  O Ar condicionado não estava dando conta de gelar o quarto, algo que é até compreensível devido o calor de Foz do Iguaçu, mas falta uma manutenção ali.",10,2025-02-07 11:41:07+00,1
" Pasamos unos días muy cómodos en familia.Hermoso el hotel, las habitaciones,la sala de juegos (incluye un sector muy lindo y cómodo para amamantar y cambiar al bebé),las dos piletas de abajo no son profundas, especiales para niños. El desayuno completo. Hay un sector para preparar mate con agua caliente. Están en cada detalle. Volvería  a hospedarme 😊  La atención en la barra de la pileta (donde se entregan las toallas).",10,2025-02-08 11:56:48+00,1
"Amei o hotel, fui em Janeiro de 2025, amei o café da manhã, a sua estrutura é muito bonita e o local também é muito agradável. Porém, o ar condicionado do quarto deixou a desejar, estava muito calor e ele por si só não estava dando conta.",8,2025-02-08 18:15:59+00,1
" La comida, la pizza del bar, las piscinas y el hambiente !!  Que los enchufes estaban detras de la cabecera de la cama, y fue un poco incómodo conectar el cargador. (Habitación 517)",10,2025-02-08 22:33:43+00,1
 La atención y la comodidad,10,2025-02-09 11:44:39+00,1
" Es un lindo hotel que tiene todo.
Por ser céntrico te ofrece 3 piletas, una linda señera de juegos para pequeños afuera. Varios detalles de calidad. 
El restaurant está bien. La comida es rica y el desayuno muy bueno.
Tiene un pequeños kids club para peques que está muy bien.
Las habitaciones están muy bien.
Por fuera no parece lo lindo que es.  Que haya que pagar el Pool.",9,2025-02-09 13:50:44+00,1
" La pileta, el desayuno, los masajes  La falta de mantenimiento, el ascensor se quedaba parado cada tanto, la maquinas de juegos para niños por 2 días no tenían fichas para vender y anda a hacérselo entender a los chicos, la comida en la pileta tardo 2 hs en llegar porque no salio la comanda en la cocina, los hidros no tiran nada no fuerza tiene, el aire en el hall central malisimo, y un cuarto q nos dieron no funcionaba el aire hubo q cambiar de habitación, lindo y hermoso hotel pero le falta personal de mantenimiento fijo",7,2025-02-10 00:53:21+00,0
" Las instalaciones y la amabilidad de todo el personal del hotel.. la variedad del menú y el desayuno..  El aire acondicionado no abastecio  la habitación, goteaba y el último día de la estancia no cambiaron las sábanas.",8,2025-02-10 11:56:10+00,1
 Instalaciones muy limpias,9,2025-02-10 12:32:23+00,1
"O hotel tem uma estrutura muito boa, o café da manhã também é muito gostoso, com várias variedades de comida, tendo opções até para pessoas vegetarianas, esse complexo tem três piscinas duas Jacuzzi, uma academia bem novinha, e uma área de lazer bem legal incluindo playground para crianças, área de atividades onde contém mesa de pingue-pongue, mesa de sinuca, fliperama e ainda tem uma experiência de massagem numa spa terapia vale muito a pena",10,2025-02-11 00:00:00+00,1
"Centrally located hotel in Foz. Near bus station, restaurants and bars. Friendly staff. Great pool area wonderful to have on hot afternoons. Fun giant pool inflatables!  Great breakfast with lots of choices. We were able to leave our luggage after checking out to visit the Brazilian side of the falls. 

The only real down side was the air conditioning was very loud. Keeping us up at night. Rooms could be updated but a really nice stay overall.",8,2025-02-11 00:00:00+00,1
 Excelente atención del personal que trabaja... Muy lindas las instalaciones.,10,2025-02-11 01:09:37+00,1
 Comodidades y atención!!!  Nada,10,2025-02-11 01:29:09+00,1
 Todo muy bueno la atención la limpieza y el desayuno fue perfecto,10,2025-02-11 10:43:06+00,1
" Hotel excelente, dessa vez foi só uma diária, mas voltarei mais vezes",10,2025-02-11 13:43:30+00,1
 Excelente,10,2025-02-11 15:06:05+00,1
" Las instalaciones en general, la cama muy cómoda, la pileta y los jacuzzis, el desayuno muy variado y rico, la verdad que es un hotel para recomendar  -",10,2025-02-11 19:25:17+00,1
" Da estrutura, das piscinas, jacuzzi  Café da manhã os pães tinham o mesmo gosto, muito pouca opção, não tinha coisas básicas de boa qualidade, pela excelente estrutura, pelo atendimento e pela localização perfeita, o café ficou muito a desejar",7,2025-02-13 13:51:24+00,0
" Las areas de las piletas y lugares compartidos,el sector de juego para niños, el desayino y la atención del personal.",10,2025-02-13 14:19:36+00,1
" Bardzo ładna zewnętrzna część hotelu z basenami, fajne śniadanie, bardzo dobra cena w stosunku do jakości pobytu",10,2025-02-14 00:48:44+00,1
"Hermoso hotel, ubicación y servicio!
La sala de juegos muy bien para niños más peques también.
Solo deberían renovar los aires, son viejos y es un lugar donde en verano hace mucho calor.",8,2025-02-14 15:58:58+00,1
 El desayuno me pareció muy abundante y rico. Buena atención. Lo recomiendo.,8,2025-02-14 16:11:24+00,1
" Foi muito bom , o café da manhã mais que maravilhoso ,atendimento em geral muito bom .
Piscinas quentes , as crianças amaram . O restaurante com lanches valores acessíveis e maravilhosos .  Hidro gelada , não conseguimos regular .",8,2025-02-14 19:27:38+00,1
 Todo no me disgusto nada volvería  Nada,10,2025-02-14 19:46:45+00,1
 La limpieza del hotel y el desayuno,10,2025-02-15 14:23:53+00,1
 Quarto muito bom!,10,2025-02-15 16:45:04+00,1
Hotel was nice but a little dated.  Front desk lady very friendly and helpful. Others - not as much.  Breakfast was decent.  Pool pretty but a bit dirty- loud music. About 1/2 mile or more  walk to restaurants.,10,2025-02-16 00:00:00+00,1
"De forma resumida e direta, atendimento amador do check in ao restaurante. Definitivamente não recomendo a ninguém, baseado em minha experiência.",2,2025-02-16 01:35:45+00,-1
" Good location 
Decent breakfast 
Friendly staff 
Comfortable hotel 
Good pool area 
Walking distance to mall & restaurants & shopping  Breakfast egg lady not soo friendly 
Doesn’t Speak English 
Doesn’t understand the difference between vegetarian & meat eaters 
But she works in a restaurant",8,2025-02-16 18:31:32+00,1
" El hotel está pensado para la familia completa. 
En el bar de la pileta los chicos tienen una excelente atención, también así por las mañanas en el desayuno, siempre variado siempre reponiendo cantidades ,! Las habitaciones amplias excelentes , cómodas las camas ,! 
Los chicos de recepción siempre amables ,! Volveremos  .",10,2025-02-17 00:34:10+00,1
" Gostei do café da manhã, piscina aquecida, local do hotel, excelente.  Alguns funcionários com pouca vontade no atendimento, bar piscina. Mas foi casos isolados.",8,2025-02-17 00:40:39+00,1
 El personal muy tosco y poco amable  Deberían smser más amables con los clientes,4,2025-02-17 01:11:05+00,-1
Muy buena ubicación.,10,2025-02-17 09:19:53+00,1
 Localização,8,2025-02-17 10:15:35+00,1
 Instalaciones,10,2025-02-17 13:41:10+00,1
 Todo  Nada,10,2025-02-18 12:41:33+00,1
"Foi incrível, adorei o atendimento e o hotel.",10,2025-02-19 00:00:00+00,1
" Increíble , es tal cual las fotos . La pileta hermosa , el servicio espectacular de la recepción. 
La habitación súper cómoda , las camas eran enormes y cómodas. Todo impecable.
Honestamente quedamos fascinados con el hotel . Es súper recomendable y está cerca de todo .",10,2025-02-19 21:20:24+00,1
 Café da manhã e áreas de lazer são o ponto forte do hotel. Amamos a estadia! Foi tudo perfeito.,10,2025-02-20 14:26:13+00,1
" Ein ganz tolles Ambiente, in bester Lage. Große Zimmer und große Bäder. Fenster die man öffnen kann und freundliche Preise an der Hotelbar. Richtig gute Matratzen 

Dankeschön, ich komme gerne wieder!",9,2025-02-20 20:26:38+00,1
"Está súper céntrico, el desayuno está muy bien. El personal es muy amable",10,2025-02-22 00:00:00+00,1
"Tivemos uma ótima estadia com um atendimento excelente. Os quartos são confortáveis e o café da manhã é delicioso. A área de lazer é agradável, com três piscinas, duas jacuzzis e uma sala de jogos. Reconhecimento especial aos funcionarios Batista e Amarildo.",10,2025-02-23 00:00:00+00,1
" Atendimento, acomodação e café da manhã  Valores das bebidas",8,2025-02-24 14:10:43+00,1
" Muy buena la ubicación, las areas recreativas y pileta excelentes.  la comida del restaurant demoraba bastante en llegar",10,2025-02-24 19:51:19+00,1
"Me hospedei neste hotel por 1 semana. Ótima localização, da pra ir a supermercado, shopping e até o centro a pé. Também é tranquilo para pedir Taxi/ Uber para os pontos turísticos. Atendimento e café da manhã excelentes.",10,2025-02-25 20:10:17+00,1
" La atención del personal, la comida y la piscina  Que nos asignaron una habitación con una vista no tan buena",9,2025-02-26 14:54:04+00,1
"Experiência nota dez em tudo.

Quarto grande, camas grandes e confortáveis, café da manhã farto (incluso na diária) e restaurante servindo almoço e jantar (pagos a parte mas com ótimos preços). Piscina sempre limpa e com horário extendido (até as 22h) nos salvou nos dias quentes que passamos em foz, atendimento dos funcionários foi exemplar e localização excelente, 5 minutos andando da feirinha de foz e aproximadamente 10 minutos andando do shopping.

Fui em familia e há uma excelente estrutura para crianças, recomendo muito.",10,2025-02-28 20:31:23+00,1
"O ar condicionado é péssimo!! Hotel muito quente!! Eles não queriam trocar nosso quarto, só trocaram depois que dissemos que não iríamos aceitar passar mais uma noite sem conseguir dormir devido ao calor.
Não havia necessidade de passarmos por todo este estresse.
Minha experiência foi terrível…depois vi outros hóspedes reclamando do ar condicionado de seus respectivos quartos… não recomendo este hotel",2,2025-03-01 00:00:00+00,-1
"Eu gostei da experiência que me proporcionaram com o ambiente organizado e limpo da recepção conversei com três dos recepcionistas e são educados e hospitaleiros. Um Espaço para as Crianças  me chamou atenção e também gostei da Chocolateria Florybal que colocaram dentro do Hotel e meu irmão amou os Smurfs. Algo que acho interessante foi em relação à música, se eu pudesse dar uma sugestão, diria para que colocassem uma música mais tranquila e também investissem num instrumento como um Piano a disposição dos Hospedes, ficaria super legal e daria um toque diferencial no Hotel. Não tem nada que me deixou desapontado. Minha experiência em geral foi ótima.",10,2025-03-01 00:00:00+00,1
" Personal sehr freundlich!
Herr Batista macht sehr gute Caipirinha!
Frühstück sehr gut! Großes Zimmer!
Sauber!  Wenig Möglichkeiten zum Wäsche aufhängen ! Wenig Lichtschalter und Steckdosen",10,2025-03-01 00:42:31+00,1
"O Hotel entrega uma experiência agradável, os funcionários são cordiais e hospitaleiros. Me sinto muito bem em poder estar ao lado deles para crescer juntos em Foz.",10,2025-03-01 20:18:05+00,1
"Maravilhosa opção de hotel em Foz do Iguaçu. Atendimento nota 10! Pessoal  prestativo, quartos amplos e limpos, super bem localizado, próximo de restaurantes, mercados e conveniências. Café da manhã maravilhoso e cheio de opções. Deixo um elogio para a Simone, da recepção, e a Neide (massoterapeuta), profissionais maravilhosas.",10,2025-03-03 00:00:00+00,1
" Opção maravilhosa em Foz. Café da manhã maravilhoso, equipe prestativa, hotel limpo, quartos espaçosos. Área das piscinas bem ampla e com ótimos drinks. Gostaria de registrar ótimo atendimento executado pela colabora Simone e pela massoterapeuta Neide, profissionais maravilhosas e que nos auxiliaram muito no período de hospedagem.  Minha única sugestão é que alguém do staff do hotel controlasse o período de permanência nas jacuzzis, o que infelizmente não é respeitado por alguns hóspedes.",10,2025-03-03 14:13:26+00,1
" Café da manhã excelente! Além do buffet com bastante fruta, pães e doces, tinha uma estação com tapioca, crepe e omeletes feitos na hora com os ingredientes que eu solicitava, o que permitia mudar a composição a cada dia. Piscinas sempre limpas e com água aquecida na temperatura perfeita pra refrescar depois de um dia inteiro passeando no calor de Foz.  Almoço bem demorado pra ficar pronto e preços do bar da piscina um pouco altos.",9,2025-03-03 16:10:29+00,1
 El desayuno fue super completo. Las piletas y la atención del personal excepcional.  Me gusto TODO!!,10,2025-03-04 03:14:19+00,1
 El menú y servicio del restaurante  No hay nada que no le haya gustado,10,2025-03-04 11:30:53+00,1
" Todo! La atención, las instalaciones, la limpieza y la ubicación 
El desayuno , abundante, variado y todo muy fresco 
Lo recomiendo mucho !  Nada ! Todo estuvo excelente !",10,2025-03-05 02:19:45+00,1
" Hermoso Hotel, todo impecable, el personal muy amable y el desayuno excelente.",10,2025-03-05 08:37:23+00,1
Ótima experiência,10,2025-03-05 10:05:34+00,1
"El lugar esta bien ubicado, cerca de un mall, tiene servicio de masaje, piscina e hidromasaje, esta limpio, el restaurante esta bien. Lo único malo es que las condiciones del hotel estan un poco desgastadas, había un desperfecto eléctrico en la habitación. Todo el resto ok.",10,2025-03-06 00:00:00+00,1
" Excelente hotel 
Solo que el aumento de precio en los días de feriado largo es bastante",8,2025-03-06 02:29:45+00,1
Fiz um trabalho artístico,10,2025-03-07 00:23:45+00,1
Atendimento Excelente,10,2025-03-07 13:35:48+00,1
" Local  Quarto barulhento, piscina suja, ar condicionado imundo que eu limpei o filtro e não grande o suficiente para o quarto. Terrível",4,2025-03-07 19:37:49+00,-1
"Um excelente lugar para ficar. Para quem já esteve em Gramado, eles tem a loja da florybal, com um ambiente super acolhedor que faz lembrar um pouco das lojas de Gramado",10,2025-03-08 05:05:57+00,1
" Atendimento, localização e café da manhã excelentes.  Iluminação do quarto poderia ser melhor distribuída: Falta uma iluminação próxima ao espelho (ruim pra quem vai usar maquiagem) e são poucas opções de interruptores (não é possível acender somente uma lâmpada lateral da cama, por exemplo...).",9,2025-03-08 10:34:34+00,1
"Excelente todo, muy buena atención, el personal muy amable, siempre bien predispuestos
El desayuno increíble!! Los tragos del bar de pileta muy buenos!
Tuvimos media pensión y si bien tiene pocas opciones para elegir en la cena, todas muuy muy ricas! 
Muy recomendable!! Lo volvería a elegir",10,2025-03-10 00:00:00+00,1
" Quarto espaçoso 
Cama grande king  Música alta no café da manhã 
Café da manhã bom, mas poderia ser melhor
Funcionária da tapioca mal-humorada
Recepcionista (Emílio) no checkout muito grosso.",8,2025-03-10 00:10:41+00,1
Espectacular estadia. Volvere pronto.,8,2025-03-11 22:36:42+00,1
" Las instalaciones y el lugar son muy buenos en relación precio-calidad  Nada, todo excelente",10,2025-03-12 12:06:58+00,1
"😡😡Me hospedei nesse hotel ,não tive uma boa experiência, eu e minha família não fomos bem recebidos desejo que Deus abençoe esse local pra não desejar outra coisas pior.. não merece nem uma estrela.. infelizmente.. #decepcionado #naoRECOMENDO. Minha família em primeiro lugar.  😡😡😡😡😡😡",2,2025-03-12 19:16:06+00,-1
"Experiência péssima, ao fazer o check out inventaram uma taxa que não havia sido informada em lugar nenhum. O ar condicionado é velho e era muito difícil alterar sua configuração (subir/baixar temperatura, aumentar ou diminuir o fluxo de ar). A internet é péssima e a cada 10 / 15 minutos ela caia, tendo que fazer o login toda hora. O sensor da porta do elevador não funciona direito, tomei uma portada e vi outros hóspedes tomando portada. Cheguei a ficar 10 minutos esperando o elevador, pois o mesmo elevador utilizado pelos hóspedes é utilizado pela equipe do hotel com aqueles carrinhos de serviço que são grandes. Higiene lá é bem questionável. Fui efetuar uma reclamação na recepção e o funcionário nem te olha na cara, se limitando a dizer que iria fazer uma anotação, sem se preocupar em resolver o problema. Pelo valor que eles cobram certamente existem melhores opções de hospedagem em Foz. Nunca mais volto.",2,2025-03-14 08:03:25+00,-1
"Estuvimos desde el 05 al 09/03 en el hotel y nos sentimos muy comodos y muy conforme. Fue nuestra 1er experiencia en Brasil. Quiero agradecer especialmente a Denisse del Restaurant por ser tan atento y servicial y hacer quedar bien al Hotel. Asi como todo el personal del restaurant, no recuerdo los nombres del resto. Muy atentos todos nos atendieron muy bien y nos hacian sentir como en casa y mejor. Gracias.!!!",10,2025-03-14 17:31:07+00,1
" Quarto amplo e confortável  Alguns itens precisam de manutenção ( fechaduras, tomadas)",7,2025-03-15 12:44:02+00,0
" O atendimento foi muito eficiente e eficaz, ficamos muito satisfeitos.  Alguns problemas pequenos de infraestrutura, mas não foram significativos para comprometer nossa estadia.",9,2025-03-15 20:47:15+00,1
" Limpio, bien ubicado y cerca de todo. Camas cómodas y buen desayuno. La gente de recepción muy amable y siempre alegre con ganas de ayudar.  Muy desagradable el personal del sector de la piscina, pedimos un menú y nos trajeron otra cosa muy diferentez. El encargado nos largó la cara cuando hicimos el reclamo, directamente nos ignoró.",8,2025-03-16 12:39:07+00,1
"Muy buena hotel. Tiene estacionamiento cubierto(más caro) y descubierto. Desayuno completo y adaptan algún plato si hay restricciones alimentarias.
Tiene piscinas, spa. Un hotel completo. Las toallas y sábanas son nuevas.",10,2025-03-16 14:51:39+00,1
"Minha esposa e eu nos hospedamos no Foz Plaza do dia 10/03 até 16/03 e compartilho aqui nossa experiência:
Pontos positivos: funcionários educados e solícitos; hotel sempre limpo e cheiroso; café de manhã bem servido; hotel bonito e aconchegante. Super recomendo!",10,2025-03-16 18:10:30+00,1
"Estive hospedado com minha esposa do dia 10/03 até 16/03 no quarto premium. Deixo aqui minhas impressões: 
1. Hotel muito bonito e aconchegante;
2. Funcionários educados e solícitos; 
3. Hotel limpo e cheiroso;
4. Café da manhã bem servido.
Externamente parece um hotel normal, mas quando entramos é possível ter uma noção da estrutura do mesmo: 
1. A área da recepção é ampla e com sofás bem confortáveis; 
2. Academia,  apesar de pequena, atende super bem e possui equipamentos de muita qualidade;
3. Área da piscina possui redes e bancos para descanso, além de ser bem bonita. 

Super recomendo!",10,2025-03-17 00:00:00+00,1
"Passei FDS neste hotel para comemorar uma data especial, tudo muito bem feito, quarto Ok, Atendimento. Tudo satisfatório.",10,2025-03-17 01:01:19+00,1
 Posizione e staff magnifici.  Wifi pessimo,8,2025-03-17 16:46:54+00,1
"Adorei o serviço de forma geral: gentil, eficiente, profissional.

Estive em grupo, mas fomos tratados com individualidade e recebi aquilo que esperava: atendeu minhas expectativas. Piscina limpa, quartos arejados e cheirosos. Lençóis e toalhas trocados todos os dias. 

Obrigada a toda a equipe.",10,2025-03-18 00:00:00+00,1
"Problemas com a fechadura do quarto 321 , diversas vezes e a recepção pouco atenciosa. Valor do picolé de pistache no bar da piscina com diferença na cobrança ,  assim que compramos acusamos a divergência mas na hora do check out cobraram o valor do sistema # do valor anunciado. Quartos não são limpos todos os dias , precisamos pedir 2x pra trocar as toalhas , etc",6,2025-03-18 00:00:00+00,0
" Fui para comemorar um data especial, atendimento foi maravilhoso. Fizeram da data mais especial ainda.",10,2025-03-19 00:48:25+00,1
Hotel bonito e tranquilo,10,2025-03-19 23:22:44+00,1
 Fajne baseny i jacuzzi.  Dobre śniadania choć nie rozumiem dlaczego nie ma świeżych warzyw.  Obsługa po prostu ludzi uważa za głupców . Brną w kłamstwa zamiast przyznać się do błędu.  Przed okazaniem zdjęć naszej rezerwacji w recepcji wszyscy twierdzili ze dali nam pokój taki jaki zarezerwowaliśmy.  Po okazaniu zdjęć rezerwacji wciskali nam kit ze to wina bookingu.  My doskonale wiemy jak działa wynajem przez booking i kto odpowiada za treści w nim udostępniane bo sami przez lata wynajmowaliśmy przez booking swój obiekt. A Was pracowników recepcji można nazwać najzwyczjnie oszustami.  Wszystkich przesyrzegam .,8,2025-03-20 21:13:28+00,1
"Es un hotel muy bonito. Queda cerca del centro comercial. Tiene una tienda floribal que son chocolates de Brasil muy ricos, si eres de otro país te va a encantar. Ahora si vas con niños es la mejor opción porque tiene un playroom para niños y un mini parque. Definitivamente volvería 🥰",10,2025-03-21 00:47:10+00,1
"Excelente ubicación!! La habitación un 10!
Las instalaciones que tiene son impresionantes!! Tiene de todo en un lugar!
La atención me dejo impresionada, nos atendieron excelentemente y encima organizaron la habitación para nuestra comodidad porque no tenían habitación con cama matrimonial y lo hicieron igual.
EXCELENTE TODOS!",10,2025-03-21 02:59:46+00,1
"Tão sujo que até o filtro do ar condicionado eu precisei limpar.

Atendimento na piscina muito ruim. Poucas pessoas para atender e não amigáveis.

Quarto muito quente (ar condicionado não é grande o suficiente ) e barulhento demais.

Nunca mais.

A resposta do hotel foi que estão providenciando as correções. Dúvido. Reclamei durante a estadia e nada foi feito. Pelo contrário. Disseram que nada poderia ser feito.",2,2025-03-21 18:50:48+00,-1
" El servicio, el personal",5,2025-03-22 15:21:26+00,0
" Cama e chuveiro  Tive problemas com a fechadura do quarto na qual eu perdia um bom tempo tentando abrir. Mesmo relatando o problema na recepção por 3x, nada foi feito. Só falavam que iria chamar alguém da manutenção e nada de resolver e nem trocar de quarto",8,2025-03-22 16:37:30+00,1
"Fiquei 11 dias hospedada e não tenho nada o que reclamar. Tive um probleminha com a Internet, mas prontamente foi resolvido. As opções de lazer foram ótimas para os momentos de descanso, uma vez que minha viagem foi a trabalho. A localização tambem é muito boa. Fui a pé pra varios lugares. Recomendo!",10,2025-03-24 00:00:00+00,1
 Café da manhã  Ar condicionado,9,2025-03-24 18:11:54+00,1
 Las instalaciones,10,2025-03-25 00:01:50+00,1
"Foi a melhor hospedagem de Foz do Iguaçu em 5 anos consecutivo que venho para Foz,  desde a entrada até a saída, foram 8 dias de muita alegria neste hotel. Os funcionários são excelentes, a energia do mesmo é contagiante, amei tudo, recepção ( os meninos e a Sara), conforto, limpeza, café da manhã, almoço, jantar, piscina, bar da piscina e duas lojas, inclusive a maravilhosa loja do chocolate de Gramado, Uhmm. Parabéns  Foz Plaza, estou muito feliz e satisfeita pelos momentos que vcs proporcionaram nestes dias. Deixarei aqui alguns nomes que ficarão no
meu coração para sempre, Sr Amarildo, Denis, Deivid, nota mil para eles. 👏🏻👏🏻👏🏻👏🏻👏🏻👏🏻👏🏻👏🏻👏🏻👏🏻
Valeria Inati
As primas",10,2025-03-25 15:57:20+00,1
" El desayuno, las piscinas...  La falta de limpieza de la habitación, la cisterna no dejóde perder agua durante toda nuestra estadía. El check in, un lento proceso, quien nos atendía no paró de responder el teléfono...",8,2025-03-26 00:27:54+00,1
Não tenho muito a falar fala por si mesmo só,10,2025-03-26 15:56:11+00,1
" Hermoso hotel, con todos los servicios tal cual se describen. El restaurante es bueno, muy útil para cuando uno regresa tarde de las excursiones. Recomendamos!!",10,2025-03-27 11:28:26+00,1
 Buenas habitaciones,8,2025-03-27 12:47:14+00,1
" Insatalaciones antiguas , buena iluminación, buen desayuno, económico y bien para relación precio calidad. El personal IMPECABLE.",7,2025-03-27 14:32:56+00,0
"Buena ubicación para ir caminando a un shopping, comer en la zona, o ir a algun supermercado. Lo que mas me gusto fue la pileta, muy lindo patio. El desayuno es abundante con varias opciones. El desayuno sin gluten es mas limitado (pan, y 2 tipos de torta/budin, tambien hay fiambre aparte ahi), los yogures envasados disponibles en todo el desayuno eran sin gluten tambien. Si sos celiaco tene en cuenta que seguro hay contaminacion cruzada. Hay una barra en el desayuno para pedir omelette, tapioca o panqueque, se usan las mismas sartenes para los 3 asi que ahi ya esta contaminado. Cuando fuimos a comer al restaurante del hotel y preguntamos opciones sin gluten estas son las que no tienen como ingrediente harina. Igual esto no es algo solo del hotel, sino de todos lados que fuimos en la ciudad. Sin gluten= sin un ingrediente que contenga harina, no se toma mucho en cuenta la contaminacion cruzada.",10,2025-03-27 19:01:22+00,1
" Café da manhã muito bom. Bem localizado.  Hotel um pouco antigo e recebe muitas excursões. Bastante barulho pelas atividades na área externa/piscina. Estacionamento pago, com distinção entre coberto ou não coberto. Banheiro já precisando de uma remodelação.",7,2025-03-27 19:47:48+00,0
" Recepção, foi ótima, atendente Will fez o possível para nos agradar..
Acabamos esquecendo uma garrafa em cima do balcão e eles guardaram para nós…  Colchões duros, ar condicionado barulhento..
Nos colocaram em um quarto de frente para piscina… música alta até 22:00 e de péssimo gosto.

Conseguimos trocar de quarto, mas aí ganhamos uma parede técnica de ar condicionado com vários fazendo barulho.",4,2025-03-28 10:07:25+00,-1
" A localização é um ponto alto, já que facilita o acesso às atrações da cidades. Há bons restaurantes por perto. O café da manhã é bom e as piscinas muito agradáveis. Os atendentes são simpáticos e têm prazer em ajudar.  O wi fi, apesar de pegar em todas as áreas, é muito lento. Há aviso no quarto para desligar e reativar, em caso de lentidão, mas não adianta, continua fraco. Quem for depender somente do sinal do wi fi local para algum trabalho vai encontrar problema! Outro ponto fraco foi o ar condicionado do quarto que, apesar de funcionar bem, não mantinha a temperatura constante, havendo grandes oscilações, principalmente à noite!",8,2025-03-28 10:47:59+00,1
" Exelente servicio, atención y precio calidad . El personal lo mejor muy atentos todos . La habitación superior excelente la cama muy cómoda. El desayuno bueno falta un poco más de variedad pero muy bien servido todo 
Volveríamos sin dudarlo",10,2025-03-28 12:48:53+00,1
" El desayuno espectacular muy completo, la ubicación, muy cerca del centro y el personal muy amable. Mi única recomendación es mejorar la carta del restaurante ya que tiene muy pocos platos y no hay mucha variedad. Pero todo excelente",9,2025-03-28 16:15:08+00,1
Recomendo,10,2025-03-28 23:51:38+00,1
" Café da manhã,  ótimo e localização central.  Tudo bom.",9,2025-03-29 13:00:28+00,1
"Excelente hotel, padrão 4 estrelas serviços excelentes, tem piscinas, hidromassagem sala de jogos, área para crianças",10,2025-03-29 13:02:49+00,1
"Mi estadía fue muy buena, el espacio muy lindo y las habitaciones espectaculares! 10 de 10",10,2025-03-29 16:39:04+00,1
"Hermoso hotel!todos muy amables , una experiencia increíble!!!!!!! La recepción y el servicio muy amable! Recomiendo!!!!!!!!!!!!!! La comida deliciosa el desayuno espectacular , todo increíble!!!!!!!!!!!!!!!!!’nnnnnnnnnnnnnnn",10,2025-03-30 00:00:00+00,1
De muy fácil acceso. El personal habla español sin limitaciones.  Tal vez deberían ajustar la atención del bar de la pileta. Nada mas,8,2025-03-31 14:41:37+00,1
" Muito bem atendido desde o check in, com bom atendimento e explicações necessárias. Quarto confortável, bom tamanho, muito limpo. Funcionamento ótimo do ar condicionado, tv, frigobar. Tomadas ao lado da cama. Ótimas piscinas com água na temperatura agradável e ofurô com água morna (maravilhoso).  Café da manhã muito bom, com boas opções. A internet às vezes falhava um pouco . Utilizamos do restaurante em um jantar e  a comida estava muito boa.. Funcionários em todos os setores sempre simpáticos e prontos a nos atender. Estacionamento tranquilo.",9,2025-03-31 20:24:35+00,1
" Funcionários atenciosos, café da manhã farto, hotel bem agradável com excelente localização! Voltarei mais vezes! Parabéns!",10,2025-04-01 02:34:22+00,1
" Hotel muito bom, limpo, atendimento da equipe é sensacional e fica bem localizado. Único ponto que deixa a desejar é o café da manhã, é até variado, mas falta sabor/qualidade dos produtos, especialmente com relação aos pães e opções salgadas.",10,2025-04-02 14:22:25+00,1
 As acomodações eram ótimas. E a equipe sempre muito solícita e educada.,10,2025-04-02 14:23:08+00,1
" Espectacular el lugar, excelente precio, la gente muy amable en todo el hotel, instalaciones en muy buen estado y lindo. 
La ubicación está en Foz, a 4 cuadras del shopping Cataratas y de farmacias etc. 
Los precios en pesos argentinos en el hotel son baratos. Aceptan pesos.",10,2025-04-02 14:39:50+00,1
"Buena ubicación, pero lo más destacable es el desayuno. Desayuno completo y podes pedir opciones como crepé, omelete y tapioca en el momento (muy rico).
Tiene varias piletas y 2 hidromasajes. Las habitaciones no son lo más moderno, pero son espaciosas y cumple la función. Dentro del hotel cuenta con sala de juegos (daytona, Pool), sillas masajeadoras y gym.

Recomiendo mucho los masajes del spa del hotel con Neide. El chico chileno de la puerta muy amable y receptivo.
Lo único malo fue que nos hicieron el check in 15 minutos después.",10,2025-04-03 12:58:15+00,1
 Infraestrutura é muito boa!,9,2025-04-04 10:34:01+00,1
 Breakfast included. Helpful staff. Easy taking public bus to the falls.  No shuttle service from the airport.  Internet can be spotty. Otherwise little to complain about,10,2025-04-05 11:58:28+00,1
"Muy buena la atención de todos los trabajadores! Muy atentos con todo

El desayuno súper completo y las opciones de restaurante muy variada

Nosotras cominos un salmón con salsa de maracujá muy muy rico!",10,2025-04-05 15:24:26+00,1
"Es un muy hermoso lugar, con muy buena atención y empleados súper atentos a cada detalle para brindar la mayor comodidad posible, el gimnasio y pileta siempre súper higienizado, los servicios generales en la habitación y comedor excelente",8,2025-04-06 00:00:00+00,1
"Muy buena atención, establecimiento con buenas condiciones. Especial para viajes familiares y en pareja. Juegos, espacios para chicos, gimnasio con varios elementos. Muy limpio y cuidado. La comida riquísima. Súper recomendable. :)",10,2025-04-06 00:00:00+00,1
"Hermoso hotel, impecable, completo. Piletas, jacuzzi, Sala de juegos, gimnasio,  sala infantil super completa. Personal super amable y atentos en todo momento.
Espacio exterior hermoso para disfrutar y relajarse. 
Sin dudas volvería.",10,2025-04-07 00:00:00+00,1
"Hotel excelente.  Café completo, restaurante funcionando o dia todo para almoçar e jantar. Tres piscinas para diversão, sala de jogos e academia. O quarto super agradável e o hotel muito bem localizado. Tem estacionamento, mas se preferir, pode fazer tudo de Uber/99/Táxi.",10,2025-04-08 00:00:00+00,1
Excelente,10,2025-04-08 01:22:32+00,1
 Convenient for where we wanted to be  Everything was fine,8,2025-04-08 13:13:33+00,1
" I had an amazing stay at this hotel and would highly recommend it. 

The massage was exceptional — one of the best I’ve ever experienced. Breakfast was another standout, with delicious made-to-order crepes and omelettes prepared right in front of guests, all tasting perfect.

The outdoor pool and jacuzzi provided a relaxing atmosphere, and the gym was well-equipped. The staff were also incredibly kind and helpful throughout the stay, which made the experience even better.

Overall, this hotel is truly magnificent and well worth a visit!",10,2025-04-08 18:32:06+00,1
"Las instalaciones del hotel son de muy buena calidad y el hotel está impecable. El personal fue muy amable. Las piletas y los jacuzzis están muy muy limpios. El desayuno es muy variado, completo y rico.  Las camas son grandes y comodas los colchones de primer nivel.",10,2025-04-09 00:00:00+00,1
" Hotel liegt ziemlich zentral und man hat mehrere Optionen für Unternehmungen. Das Hotel selbst bietet einige Möglichkeiten, um auch mal auszuspannen.",6,2025-04-09 13:13:57+00,0
"O hotel é muito bom, colchão ótimo firme. Roupas de cama novas e de qualidade. Chuveiro excelente. Atendimento desde a recepção, no bar da piscina e no restaurante tudo muito bom. Preços muito acessíveis sem exploração. Comida e bebidas nota 10. Ótima localização bem no centro. As piscinas não entramos porque não estava muito calor, mas curtimos a jacuzzi na área da piscina.

Tudo muito bom. Não tenho nada negativo pra falar.",10,2025-04-10 00:00:00+00,1
"Fomos estremamente bem atendidos nesse hotel, além da estrutura que é mto acima do que mostra no site.
Vale mto a pena!
Deixo agradecimentos especial ao Sr Amarildo, David, Denise, Batista, Denis, Diego e tantos outros que foram mto amorosos conoscos. Sinceramente, nunca me senti tão especial!
Eu e minha família amamos",10,2025-04-10 00:00:00+00,1
" Hermoso estuvo todo ,las instalaciones .la limpieza el desayuno excelente .. comimos algunas noches ahí y más allá q no comimos variedad q no conocíamos lo q probamos estaba riquísimo !! Batista excelente que nos hizo degustar de sus tragos !! Gracias bb",10,2025-04-10 12:21:12+00,1
 Excelente hotel tudo perfeito funcionários extremamente educados e cordiais,10,2025-04-11 00:37:21+00,1
" Localização boa, café gostoso, comida boa e com preço justo, os funcionários do hotel muito queridos.  Wifi lá é bem ruim, não indico caso a pessoa precise ir para trabalhar do hotel.",9,2025-04-11 10:39:19+00,1
"Lugar lindo! Área externa, piscina bar, SPA maravilhoso! E muito bem localizado",10,2025-04-12 09:09:44+00,1
 Lo que más me gustó fue la atención y la pileta,10,2025-04-12 11:23:32+00,1
" Si bien nos quedamos una sola noche, la estadía estuvo muy agradable, cómoda y con excelente atención.",10,2025-04-12 23:27:40+00,1
"Hermoso hotel. Atención del personal excelente, muy atentos y cordiales. Instalaciones impecables. Recomiendo",10,2025-04-14 18:17:00+00,1
 Café da manhã excelente e localização boa,9,2025-04-15 14:41:24+00,1
" Funcionários super gentis, o hotel é bem localizado no centro, praticamente na frente do quartel, tem uma loja de chocolate no térreo super gostosa, a piscina, hidro, bar da piscina e rede. Adoramos a cama super espaçosa.",9,2025-04-15 23:32:46+00,1
" The hotel has a good location, and the breakfast was okay. 
We were allowed to leave our luggage before check-in, which was a helpful convenience.  There was only one staff member who spoke English, which made check-in easy. However, the hotel did not provide a city map or any tourist information materials, which would have been helpful for planning daily activities. 
At check-out, despite having already paid the full amount—including the tourist tax—we were unexpectedly asked to pay the tax (or something similar) again. The staff member couldn’t provide a clear explanation, as he didn’t speak English. I didn’t push the issue further, as we had a flight to catch.
The room was outdated and showed visible signs of wear, and the cleanliness was below expectations. These issues made the overall experience less comfortable than it could have been.",6,2025-04-17 08:30:12+00,0
Uma excelente experiência,10,2025-04-17 16:46:02+00,1
"Experiência péssima, ficamos no quarto número 104, colchão do lado esquerdo da cama péssimo, fiquei 4 dias (dois dias eu travei do pescoço, nos outros dois dias troquei de lado com meu marido e quem travou foi ele). O ar condicionado chovia pela máquina dentro do quarto, a noite inteira escorrendo e pingando água dentro do quarto, máquina antiga e faz muito barulho, a TV velha, muito antiga  (já meus filhos, ficaram no quarto 101 com a babá e a tv já era smart). A surpresa maior do quarto foi que estava INTEIRO  infestado de formigas, as formigas invadiram as malas, necessaires, mochilas, experiência traumática.
Prato Kids cada dia mandavam um acompanhamento diferente, um dia veio completo com arroz, feijão, carne, batatas fritas e salada, no outro já falaram que o feijão não estava incluso, no outro já veio sem salada e sem feijão, difícil de entender. Meu filho é especial e não houve nenhuma preocupação com alimentação dele, avisamos no restaurante e nós tivemos que sair para comprar o café da manhã dele.
Os jantares temáticos não havia uma comunicação clara da cozinha com recepção, pois uns informavam que o prato era 100,00 por pessoa e quando se ia ver era 75,00 por pessoa.
Ponto positivo que os garçons eram muito simpáticos e prestativos.",2,2025-04-22 15:26:08+00,-1
"Cumplió con todas las
Expectativas y las reseñas son ciertas. Poco para reclamar. Quizás las camas individuales pequeñas. Céntrico con muchos lugares para comer de calidad alrededor. muy bien ubicado.
Moderno, limpio. Excelente atención del personal. Siempre atentos a resolver cualquier inconveniente en forma rápida. Como ejemplo de lo bien que atienden durante el desayuno le comente a una de las empleadas del sector que era mi cumpleaños. Al rato me trajeron una torta y me cantaron el feliz cumpleaños. Desayuno increíble. Muy variado gran salón hay de todo hasta te hacen omelette  en el momento El sector de pileta es perfecto.muy buen servicio de barra y dos jacuzzis. Buen gimnasio Muy buen restaurante nos quedamos con las ganas porque era pascua y solo era buffet por 100 reales por persona y  no fuimos.  Muy bueno para familias con niños tiene una pileta exclusiva bien baja y salón de juegos Desde ahora mi hotel en Foz",10,2025-04-23 15:31:34+00,1
"Gostei muito do hotel Foz Plaza. Meu quarto era aparentemente recém reformado, então estava tudo novinho no quarto e banheiro. Todo o hotel estava com instalações novas. Bom café da manhã com variedades de bolos, pães, frutas, etc. Teve uma noite em que foi servido um buffet livre no jantar (R$ 75,00 por pessoa) e foi ótimo. A comida do restaurante é muito boa. Ótima localização. Funcionários educados. Agradável área externa. Voltaria a me hospedar lá.",10,2025-04-24 00:00:00+00,1
" La ubicación es ideal, centrico, a menos de 5 minutos a pie de un shoping y cerca había comercios (farmacias, mercados, sitios para comer). La limpieza fue excelente en todas las instalaciones, limpiaban los jacuzzis por ej todos los dias, y estaba todo impecable. Los juegos para niños super completos, y siempre desinfectados. TIenen una oficina de ""copa baby"" donde hay microondas, agua caliente, y bacha para limpiar cosas de los bebés, en el sector de juegos de niños tambien hay un lactario y disponible lugar para cambiar pañales, con todo lo necesario para hacerlo (incluso, hay pañales!). Super comodo para ir con bebes/niños. Tambien hay pinpong. pool, daytona, juegos de mesa, etc. para los adultos, muy bueno.
Cama matrimonial enorme, colchón muy cómodo. Habitaciones amplias, baño amplio y todo refaccionado a nuevo.
Servicio de frigobar en la habitación, muy útil (y económico)
Desayuno muy completo, con tapioca show.  al vez lo que podría mejorar es el servicio del restorán, en nuestro caso usamos la media pensión y los platos eran siempre los mismos y fue dificil pedir cambios. Incluso por los precios económicos que maneja el restorán, conviene ir con pensión solo desayuno, y realizar cena a la carta en el hotel si se desea. Si se contrata media pensión solo se puede cenar en el restorán, mientras que no se puede utilizar el servicio de cena en el bar del patio (exterior) que posee otra carta. Salvo este detalle, todo impecable.",10,2025-04-24 03:04:58+00,1
"Excelente hotel, servicio, calidad de comidas y abundante desayuno con algunos plus como una exhibidora aparte en donde podes elegir el tipo de crep, panqueque u homelette personalizado. Instalaciones de 1ra calidad y buena atención. 👍",10,2025-04-24 19:47:11+00,1
"Hotel renovado na área externa. Ficou linda. Piscinas, redes, decoração moderna. 
Bar com poucas opções no cardápio. Um dia um funcionário mega educado, fez drinks legais. Outro dia, um extremamente mal educado. O bar fecha às 23hs, a cozinha as 22h30 e se pedir 22h25 não fazem mais nada. Em um feriado fechar nesse horário é surreal. 
Faltaram renovar os quartos. Simples e antigos. No Box não tem aonde colocar o sabonete nem shampoo. Televisão com pouquíssimos canais. 
Ar condicionado não deveria ser limpo há anos. 
Um cartão chave que toda hora é desmagnetizado, fazendo toda vez ir a recepção pq a porta não abria.  
Restaurante grande, café da manhã com muitas opções. 
Bem localizado no centro de Foz. 
Não voltaria.",6,2025-04-25 00:00:00+00,0
Muy lindo hotel. Una experiencia muy agradable,10,2025-04-25 23:13:02+00,1
"Fui com minha irmã e sobrinho, ena experiência foi incrível. Quarto muito confortável, café da manhã com bastante opção. Um ponto positivo para a opção de tapioca feita na hora. Super recomendo!",10,2025-04-26 00:56:11+00,1
"Muy buen hotel precio/calidad. Excelente atención de todo su personal. Desayuno muy variado y rico, lo mismo que su almuerzo y cena",10,2025-04-26 01:44:37+00,1
Boas instalações atendimento muito simpático poucos pontos a observar,8,2025-04-27 12:09:15+00,1
" Excelente área de lazer!!!  Elevadores antigos, não condizente c as demais áreas do hotel!!!",10,2025-04-27 13:53:27+00,1
 Desayuno fantástico! Variado y de calidad.  El restaurant muy lento el servicio. Una carta muy básica .,9,2025-04-27 21:04:24+00,1
"Fui muito bem atendida por todos os recepcionistas, o quarto era muito limpo e a cama muito confortável e grande, chuveiro maravilhoso, café da manhã muito variado e produtos frescos, em um próximo retorno a foz com certeza me hospedarei novamente.",10,2025-04-28 00:00:00+00,1
"Atendimento impecável! Colaboradores atenciosos, café da manhã bem bacana e a limpeza do quarto e do hotel 100%!!! Usamos diversos serviços como o restaurante do hotel, o bar e a academia e ficamos satisfeitos com todos! Servico de room service também muito legal!",10,2025-04-28 00:00:00+00,1
 Todo exelente en general muy lindo  Nada,10,2025-04-28 13:56:06+00,1
" Acomodações confortáveis, funcionais e com mobiliário novo.  Carpete nos corredores dos quartos.",7,2025-04-29 00:11:30+00,0
 Está OK.  Todo ok.,10,2025-04-29 09:11:54+00,1
"O lugar é perfeito , porém se vc precisar tomar um café na recepção durante o dia só se pagar.",8,2025-04-30 20:31:52+00,1
" A estrutura do hotel é muito boa.  O Wi-Fi dentro dos quartos é bastante ruim, sinal fraco e oscila muito. A equipe de atendimento não é muito solicita e disposta a ajudar, tivemos problemas com o cartão de acesso ao quarto, tive que descer 4 vezes na recepção, só depois de quase 20 minutos conseguimos acessar o quarto, contando com o apoio de uma funcionária da limpeza que, gentilmente nos ajudou. O restaurante é muito bom, café e etc. Contudo, numa noite de jantar, aguardamos nossos pratos de massa, por mais de 40 minutos, quando vieram, estavam frios, com aparência de requentado.",8,2025-05-02 13:08:34+00,1
" Excelentes instalações e infraestrutura pelo valor  Algumas situações eram um pouco confusas, funcionários diziam estar atrapalhados em função do movimento, mas o hotel não estava cheio, confuso, mas nada que comprometesse a estadia.",8,2025-05-03 21:04:37+00,1
" Instalações modernas com tudo o que vc pode querer ter num hotel.  Tudo muito organizado, limpo e novo.",10,2025-05-04 16:42:30+00,1
"Hotel excelente! Localização ótima, café da manhã delicioso, quarto grande e aconchegante, área das piscinas linda. Funcionários muito simpáticos e prestativos. A Elisabeth e o pessoal do café da manhã são acima da média.  Com ctza voltaremos!",10,2025-05-05 00:00:00+00,1
" Everything was great, we had a very relaxing stay!  Nothing really, it was a great exerience.",10,2025-05-05 10:33:23+00,1
" La ubicación excelente
Las instalaciones del hotel. Muy completo
Tuvieron el detalle de dejarme una tortita en la habitacion ya que era mi cumpleaños ese dia  La limpieza. Estuve mas de 24 horas en el hotel y no limpiaron mi habitacion. Pedi cambio de toallas (por lo menos) y me contesto de muy mala manera una de las mucamas
Pedi late check out y sali a hacer unas compras. Para cuando volvi mi llave estaba inactivada. Nadie me aviso que habia un tramite de rehabilitación",6,2025-05-06 13:43:17+00,0
" Our balcony suite was stunning! 
The pools and jacuzzis looked fabulous.  The safe was difficult to use. 
No free water.",9,2025-05-06 14:45:08+00,1
"Hoy en día no sé quién da las 4 estrellas , pero este hotel se quedó en el tiempo! Sucio, nos dieron una habitación y las sábanas estaban con pelos , estaba sucia , el baño con olor a pis .
Lo único bueno fue el área social , tienen un lugar de juego para niños pequeños y también un espacio donde cargar agua caliente !",6,2025-05-06 20:15:20+00,0
"Tivemos diversos problemas desde o primeiro dia, com o quarto não abria a porta, fiquei trancada pra fora as 4h da manhã e não resolviam e o problema persistiu até quase o último dia. Chegamos não tinha berço que solicitamos antes, aí acharam 1 e foram lá arrumar. Reclamei que colocaram nos com um bebê de 1 ano no quarto virado pra geral, onde passava várias motos barulhentas a noite toda e tinha vários motores de ar condicionado embaixo da nossa janela, um barulho que parecia um ônibus ligado. E ainda por cima tinha um refletor ligado a noite toda que clareava o quarto, reclamei e nada fizeram pra tentar resolver. Tivemos problemas com a garagem que não abria o portão. O atendimento do bar da piscina é péssimo, parece que estão te fazendo um favor, também tive problemas com a demora e  perguntei da pizza que pedi já fazia 1:30 e o atendente falou que demorava mesmo.. 
1 prato kids também levou esse tempo, mas valia ter pedido um Ifood que chegava antes... Pois só queríamos comer e dormir depois de 16h de viagem. O cara do bar brigando com um garçom toda hora na frente das pessoas, muito feio. O que era pra ser uma viagem em família e descanso virou um caos. Só estou fazendo essa avaliação aqui porque na que o hotel mandou não tem como escrever esse tanto.",4,2025-05-07 00:00:00+00,-1
" Localização muito boa, fácil acesso para os diversos locais da tríplice fronteira, Foz do Iguaçu é uma ótima opção para passeios em geral.  Estacionamento pago a parte, em local descoberto, para ficar em um local coberto o valor do estacionamento é muito caro, elevando muito o custo da estadia, custo benefício no geral não é bom !!",7,2025-05-07 12:54:34+00,0
" Educação, simpatia dos funcionários, a área da piscina é ótima, o café da manhã é bem variado",10,2025-05-08 01:45:44+00,1
" O café da manhã é incrível. Eles oferecem tapioca, crepes, omeletes e panquecas feito na hora sob pedido. Além disso, o buffet é completo e variado também. O staff é incrivelmente solícito, amigável e sorridente. Ambiente de piscina excelente, contendo piscinas frias, duas jacuzzis, um bar, redes de descanso, espreguiçadeiras e bancos confortáveis. O quarto é de bom tamanho e as camas são confortáveis.",10,2025-05-08 12:41:56+00,1
" Прекрасный отель, видимо совсем недавно прошло реновация. Стильные интерьеры, чистота, разумное зонирование. Внимание к деталям. Мы были приятно удивлены. Ещё идёт ремонт в некоторых номерах, но это не мешает гостям. Уютный номер, чисто, красиво. Прекрасные бассейны и джакузи, отличная детская зона и детский клуб. Хорошее расположение. Прекрасный завтрак. Внимательный персонал. Будем рекомендовать нашим друзьям.",10,2025-05-10 02:55:23+00,1
" Cama grande e confortável. 
Banheiro grande.
Restaurante com preço justo
Muito bom a hidromassagem na área externa
Café da manhã ok  Na área da piscina poderia entregar refeições do restaurante ja que no setor tem mesas .",9,2025-05-11 20:01:45+00,1
"Gostei muito, o hotel, alimentação, o espaço,  tudo foi maravilhoso",10,2025-05-12 00:00:00+00,1
"Excelente hotel , céntrico , buenas instalaciones con desayuno variado y muy buen precio , el área de bar y alberca espectacular",10,2025-05-14 00:00:00+00,1
" La amabilidad y diligencia del personal. La variedad y abundancia del desayuno. Las instalaciones muy cómodas, ideales para asistir con familia y niños.  La señal de internet es muy inestable.",10,2025-05-14 13:39:02+00,1
"Estuve hospedado dos noches, cuando solicite en recepción quedarme dos noches más, me dijeron que no tenían lugar en una habitación de la misma categoría, más tarde, el Sr Will supuestamente el encargado del sector, me dijo que me quedara en el hotel, que me ofrecía una habitación superior manteniendo el mismo precio, y que así lo había autorizado al turno de la mañana y a pesar de ello a la mañana siguiente el recepcionista de turno comenzo a generar una confusión haciendo me bajar de la habitación con el equipaje poniendo en duda la permanencia del día siguiente, en resumen muy mala la comunicación interna de recepción que generó que tuviera que salir con mí equipaje en búsqueda de un lugar para hospedarme, una desilusión que un hotel de esa categoría, no pueda solucionar un inconveniente por problemas de comunicación interna",2,2025-05-14 21:00:44+00,-1
"Ótima, tivemos uma grata surpresa ao chegarmos no hotel, fomos muito bem recepcionados, café muito bom, tudo limpo e organizado, área de lazer muito boa. Voltaremos com certeza!",10,2025-05-15 16:20:20+00,1
"Recomendo. Serviços, funcionários e ambiente nota dez!",10,2025-05-16 01:11:51+00,1
"O quarto extremamente limpo e cheiroso, aliás td o hotel é cheiroso, pedi e eles fizeram surpresa p meu marido no niver dele ( decorando o quarto) e tb nas nossas bodas de prata. Serviço da cozinha excelente, era só ligar e pedir, comida maravilhosa, chegávamos todos os dias cansados dos passeios e pedíamos p entregar no quarto.
Café da manhã, com mtas opções, tudo maravilhoso. Nota 1000 p eles.",10,2025-05-17 00:00:00+00,1
Ótima!! Quarto muito confortável!! Chuveiro maravilhoso!! Café da manhã bom!!,10,2025-05-18 00:00:00+00,1
"Wish the jacuzzi was warmer.  But everything else was great. Breakfast, service, rooms !!  And a chocolate store.",8,2025-05-18 01:05:03+00,1
" Las instalaciones, la limpieza, el orden, la atención, las piscinas, el desayuno, todo muy bueno  Las piletas no tienen agua climatizada, es natural. igualmente hace calor para usarlas.",9,2025-05-18 14:34:23+00,1
"Muito bom o hotel e os serviços, superou minhas expectativas. Pessoalmente e bem mais bonito o hotel. As refeições muito boa e saborosas.
Indico de olhos fechados............................................................................",10,2025-05-19 00:00:00+00,1
"Muy buena atención y ubicación, excelente las camas  agregaria cafetera en la habitación. Impecable el aseo, y la chocolateria una delicia, área piscina muy linda decoración y su tienda de souvenir muy variada,fui con una amiga y nos sentimos muy seguras recorriendo sus al rededores",10,2025-05-20 00:00:00+00,1
 Muito confortável.,10,2025-05-21 11:21:01+00,1
"Hotel muito bom, fazer somente duas observações.

Os bolos do café da manhã são muito artificial, sem sabor, sem graça.

E o ar condicionado, está muito sujo, perdi dois dias da minha viajem pois peguei uma alergia. O ar condicionado vc dava pra ver a sujeira, FAZ ANOS QUE NÃO LIMPAM.",6,2025-05-23 00:00:00+00,0
 Excelente,10,2025-05-24 00:04:36+00,1
" Estava bem localizado, perto de bares e restaurantes.  Hotel já está precisando de manutenção. Ar condicionado bastante ruidoso, lixeira do banheiro era de plástico e já nao tinha a tampa. A arrumação do quarto tivemos que pedir para refazer porque não tinham feito nem a cama. Travesseiros desconfortáveis. Café da manhã fraco. Tinham o serviço de tapioca e omelete no café da manhã mas demorava muito, não tinha organização da ordem dos pedidos e a tapioca estava toda desmontada quando entregaram.",4,2025-05-26 15:08:04+00,-1
" Atendimento muito ruim. Tivemos que esperar por quase 2 horas no almoço no restaurante do Hotel. O funcionário ficou nos enrolando falando que seria ""só mais 5 minutos"".

Um dia antes do checkout, o atendente da recepção fez terrorismo com a gente falando que não encontraríamos uber de madrugada ao aeroporto. Fizemos então uma reserva de taxi por 120 reais ao aeroporto, sendo que de madrugada, tanto e eu quanto minha esposa, conseguimos uber por 40 a 50 reais. 

Infelizmente, o taxista chegou e tivemos que ir com ele para evitar maiores problemas.",2,2025-05-26 15:10:49+00,-1
"Excelentes acomodações, adentimento e Café da manhã!! Muito recomendo!!",10,2025-05-28 12:16:52+00,1
"Localização privilegiada, perto de tudo, inclusive de um shopping. Quarto grande, cama espaçosa e macia.  Ambiente familiar e agradável. Café da manhã delicioso e variado.  Restaurante aberto à tarde e noite, podendo almoçar às 16h, por exemplo. Funcionários simpáticos.",8,2025-05-29 00:00:00+00,1
 Cuando reservamos sabíamos veníamos a un lugar hermoso pero cuando llegamos fue mejor de lo que esperábamos! Totalmente recomendable y esperamos volver pronto!  🤌,10,2025-05-29 13:32:38+00,1
"Nos hospedamos com criança e amigos. De forma geral, a experiência foi bastante positiva, com alguns pontos a melhorar.

Pontos positivos:

Os funcionários foram extremamente receptivos e atenciosos durante toda a estadia.

O café da manhã foi um dos destaques: farto, variado e com opções diferentes a cada dia.

O espaço kids interno é bem equipado e agradou bastante e também o salão de jogos. Seria ótimo se houvesse também um parquinho externo maior.

A comida do restaurante da piscina surpreendeu positivamente — destaque para o frango crocante, batatas fritas e hambúrguer, todos deliciosos.

A cama era firme e confortável, e o chuveiro tinha ótima vazão de água e temperatura.

A massagista foi, sem dúvida, o ponto alto da hospedagem! Excelente atendimento e serviço.

Pontos a melhorar:

A pizza servida no restaurante era muito massuda e deixou a desejar.

Em um dos dias, o café da manhã atrasou 10 minutos porque estavam filmando o restaurante para fotos promocionais. Isso deveria ser feito sem impactar a experiência dos hóspedes.

Os travesseiros eram muito finos e moles, e as toalhas poderiam ser maiores e mais macias.

A disposição das tomadas não foi prática — havia tomadas em cima da cama, mas não nas laterais, e só havia mesa lateral em um dos lados.

A iluminação do quarto era mal distribuída, o que dificultava criar um ambiente aconchegante à noite.

Resumo:
Apesar de alguns detalhes que poderiam ser melhorados, tivemos uma estadia muito agradável. Voltaria a me hospedar aqui e recomendaria, especialmente para famílias com crianças. Não utilizei a jacuzzi , a piscina e serviço de lavanderia.",10,2025-05-30 00:00:00+00,1
" Boa cama, quarto espaçoso, área de lazer maravilhosa, café da manhã delicioso e variado.  Fiz aniversário durante a estadia e me surpreenderam com um bolinho e um cartão. Funcionários muito simpáticos. Ah… e a massoterapeuta Neide é maravilhosa!  Banheiro antigo.  
Não sei como, mas acho que deveria ter um controle sobre o uso das jacuzzis, pois tem família que fica ali a tarde toda, impedindo outros hóspedes de utilizá-las.",9,2025-05-30 00:59:07+00,1
" Os funcionários foram extremamente receptivos e atenciosos durante toda a estadia.

O café da manhã foi um dos destaques: farto, variado e com opções diferentes a cada dia.

O espaço kids interno é bem equipado e agradou bastante. Seria ótimo se houvesse também um parquinho externo maior.

A comida do restaurante surpreendeu positivamente — destaque para o frango crocante, batatas fritas e hambúrguer, todos deliciosos.

A cama era firme e confortável, e o chuveiro tinha ótima vazão de água e temperatura.

A massagista foi, sem dúvida, o ponto alto da hospedagem! Excelente atendimento e serviço.

Localizado perto de farmácia, fácil chamar uber, perto da locadora de carros localiza, postos de combustível e mercados.  A pizza servida no restaurante era muito massuda e deixou a desejar.

Em um dos dias, o café da manhã atrasou 10 minutos porque estavam filmando o restaurante para fotos promocionais. Isso deveria ser feito sem impactar a experiência dos hóspedes.

Os travesseiros eram muito finos e moles, e as toalhas poderiam ser maiores e mais macias.

A disposição das tomadas não foi prática — havia tomadas em cima da cama, mas não nas laterais, e só havia mesa lateral em um dos lados.

A iluminação do quarto era mal distribuída, o que dificultava criar um ambiente aconchegante à noite.

Apesar de alguns detalhes que poderiam ser melhorados, tivemos uma estadia muito agradável. Voltaria a me hospedar aqui e recomendaria, especialmente para famílias com crianças.",10,2025-05-31 00:23:03+00,1
I am really recommend,10,2025-06-01 00:00:00+00,1
" Desayuno muy completo, posee Show de Tapioca. Tienda de chocolate de Gramado RS, muy completa y precios accesibles.  La fachada exterior en relación al interior que está muy bien modernizado.",10,2025-06-02 12:53:19+00,1
"Uma joia no Centro de Foz. O nosso quarto era muito confortável. A área da piscina era muito boa, com três piscinas e duas jacuzzis, e o jardim impecável. Tem uma boa academia, ótima sala de jogos, a área das crianças é muito caprichada e ainda tem sala de amamentação. Os funcionários são muito atenciosos. Tem garagem coberta cobrada, mas o carro pode ficar nas ruas envolta, sem problema, pois a cidade é bem segura. O hotel fica perto do shopping e tem acesso fácil para todas as atrações.",10,2025-06-05 21:15:34+00,1
"Ótimo café da manhã! Com opcao de preparo de tapioca,  omelete e crepe. Muito bom atendimento dos funcionários, boa limpeza dos quartos, instalações ótimas! Localização boa, próximo ao centro e shopping.",10,2025-06-06 01:10:27+00,1
" The staff was great. They were very helpful.  The room size was great, but we were told we received an upgrade but I don't think it was truly an upgrade.",9,2025-06-11 11:35:42+00,1
"Gostei muito de me hospedar nesse Hotel, ótimo atendimento e serviço de quarto. Valor acessível.",10,2025-06-11 21:13:26+00,1
" Las áreas comunes y el spa, excelentes.  ..",10,2025-06-12 12:42:00+00,1
"Minha estadia neste hotel foi simplesmente incrível! Desde o momento da chegada, fui recebido com um atendimento excepcional de todos os funcionários, inclusive os do restaurante, que foram extremamente atenciosos e prestativos. O quarto é super confortável e aconchegante, proporcionando uma estadia de descanso. A área de lazer é perfeita, com várias opções para relaxar e se divertir. Recomendo de olhos fechados!! Voltarei mais vezes 😍",10,2025-06-12 22:35:40+00,1
Hotel com excelente estrutura. Ótima localização e atendimento. Voltarei com certeza!,10,2025-06-13 17:39:50+00,1
"Funcionários muito educados e atenciosos.
Café da manhã maravilhoso, tudo feito com muito capricho pela confeiteira e outros funcionários. 
Quarto arejado e muito limpo.",10,2025-06-14 00:00:00+00,1
"Gostamos muito do hotel, extremamente aconchegante e com uma ótima localização. Café da manhã bem completo, opções do restaurante deliciosas e bem rápido o preparo também. Voltaremos com certeza.",10,2025-06-15 00:00:00+00,1
" Todo muy prolijo  cuidado, el desayuno muy completo y la atención del personal excelente",9,2025-06-16 04:02:21+00,1
" El desayuno  Un día llovió tanto que el agua comenzó a filtrarse en el último piso, así que tuvieron que repararlo. Como resultado, un domingo a las 7:00 de la mañana me despertaron los ruidos fuertes e intensos de martillazos.",9,2025-06-19 14:03:17+00,1
"Nos sentimos muito bem recebidos e acolhidos. O Foz Plaza Hotel soube transformar a hospedagem em uma experiência completa. Com certeza, voltaremos e indicamos de olhos fechados!",10,2025-06-20 18:01:37+00,1
"Ficamos muito satisfeitos em nossa estadia, quarto confortável, bom atendimento e café da manhã bem variado! O hotel tem uma boa localização e conta com uma área externa bem cuidada com ambientes para fotos.",10,2025-06-21 00:00:00+00,1
"O hotel me surpreendeu. Excelente atendimento, limpeza, organização.  O atendimento realizado por Alana no restaurante excelente.",10,2025-06-22 00:00:00+00,1
"Excelente estadia.
Quarto espaçoso, cafe da manhã diverso.
Restaurante com bom preço.",8,2025-06-22 10:55:37+00,1
" Quarto confortável, limpeza, instalações bem cuidadas.",8,2025-06-23 12:15:45+00,1
" El hotel es excelente, los empleados son super amables. 
El desayuno tiene una variedad amplia y todo es de excelente calidad. 
la zona de piletas y entretenimientos es muy linda y prolija.",10,2025-06-23 18:21:42+00,1
"Excelente opção em Foz. Pertinho de tudo, estacionamento disponível, quartos confortáveis, chuveiro bom, café da manhã ótimo. Os colchões poderiam melhorar, pois apesar de enormes não são tão confortáveis. Mas indico o estabelecimento, inclusive se algum dia retornar a Foz, me hospedarei novamente.",8,2025-06-24 00:00:00+00,1
"EXCELENTE ACOMODAÇÕES, ATENDIMENTO RECEPÇÃO, CAFÉ, RESERVAS, CAMAREIRAS EXCELENTES.
POR ISSO SOU HÓSPEDE ASSÍDUO MENSALMENTE NO FÓZ PLAZA A 17 ANOS.",10,2025-06-25 00:00:00+00,1
" Sehr leckeres und umfangreiches Frühstück.
freundliches und hilfsbereites Personal mit Englischkenntnissen
Lage etwas außerhalb des Stadtzentrums, aber absolut okay.
Ruhig und angenehm",9,2025-06-26 09:39:32+00,1
" El desayuno,muy bueno  Habitación, chica, pobre. No había ni un vaso",6,2025-06-27 15:46:43+00,0
"Increíble! Nos fuimos súper contentas. El hotel es muy lindo, no parece ser tan lindo en fotos, no se dejen guiar. El servicio es muy bueno, el desayuno muy variado. Está en una ubicación súper céntrica, se puede salir caminando a un shopping que tiene sucursal de cellshop y shopping parís, tambien hay una ferinha cerca con precios súper accesibles (todos te cobran con Pix en reales).",10,2025-06-27 22:48:56+00,1
Excelente 👏,10,2025-06-28 02:04:57+00,1
Hermoso lugar. Las habitaciones impecables. El servicio excelente. La ubicación muy buena. El personal super amable. Un genio Joao y su compañera del viernes a la mañana.,10,2025-06-28 23:15:21+00,1
" Excelente café da manhã completo e delicioso ! 
Hotel é ótima localização acesso .  Gostei de tudo , quartos rouparia banheiro e café manhã maravilhoso completo .",10,2025-06-29 21:08:52+00,1
" Era económico, estaba bien ubicado, estaba limpio al llegar. La infraestructura era nueva y moderna, tenía linda vista al patio. Habían opciones sin tacc gluten free en el desayuno.  Olvidamos el adaptador del cargador del celular y no nos ofrecieron prestarnos uno. Tampoco la habitación tenía algún adaptador UBS integrado a los enchufes. Ninguna solución. La tv era bastante vieja, era pequeña y no bajaba del volúmen 17 que es bastante alto. Ninguna solución. Estuvimos dos noches y nunca vinieron a limpiar la habitación, aunque dejamos el cartel en el picaporte para que lo hicieran. El estacionamiento que nos dieron no era el techado, que evidentemente era más caro.. En fin, podría haber Sido mejor.",7,2025-07-01 01:51:32+00,0
" Atendimento simpático, café da manhã excelente, quarto espaçoso, chuveiro muito bom.",9,2025-07-01 11:08:02+00,1
 Conforto  Queria ter ficado mais em frente à piscina,10,2025-07-01 13:26:11+00,1
" Las instalaciones en general  Estuvimos en dos habitaciones,  la primera muy ruidoso el aire para usar calefacción y que no tengo tv Smart.",9,2025-07-01 23:49:59+00,1
O hotel é muito bom. Acredito que tenha sido reformado recentemente. Profissionais super atenciosos e comida muito bem feita. Café da manhã amplo,10,2025-07-02 00:00:00+00,1
" Funcionários educados, atenciosos e simpáticos.",10,2025-07-02 19:29:21+00,1
" Tive uma estadia excelente! A cama é extremamente confortável, proporcionando ótimas noites de sono. O atendimento na recepção foi atencioso e cordial desde o check-in até a saída. A limpeza e a arrumação do quarto são impecáveis — tudo sempre muito limpo e com um aroma agradável por todo o hotel. Destaque especial para o café da manhã: variedade, qualidade e sabor excepcionais. Uma experiência completa e muito satisfatória!  Apesar da estadia ter sido excelente no geral, acredito que o atendimento no restaurante à noite poderia ser aprimorado. Em minha experiência, os garçons demonstraram pouca receptividade, como se estivessem desmotivados para atender. Ao solicitar o cardápio, senti um certo descaso, e até fui questionado de forma inadequada por ter pedido dois drinks — o que causou um certo desconforto.

Acredito que, com uma abordagem mais acolhedora e profissional por parte da equipe do restaurante, a experiência dos hóspedes se tornaria ainda mais completa e positiva, em linha com a excelência percebida nas demais áreas do hotel.",10,2025-07-03 12:57:22+00,1
" La atención muy buena en todo aspecto, excelente los baños",10,2025-07-04 15:23:14+00,1
" A localização é privilegiada e a estrutura do hotel é ótima, possui excelente serviço de café e restaurante.  Não gostei que faltou o sinalizador de limpeza, tivemos que pedir por mais de uma vez na primeira estadia e não houve limpeza do quarto na 1ª diária, além da instabilidade do wifi  e o chuveiro com problemas de pressurização e temperatura da água, além da abordagem do pessoal de time share do resort logo após o café da manhã, foi muito inconveniente e nos prejudicou a programação dos passeios, desviando tempo.",9,2025-07-04 17:54:38+00,1
 There is spa and massages - amazing!!! So relieving after a day outside visiting the waterfalls!,8,2025-07-05 00:34:25+00,1
"Atendimento excelente e muito simpático da Iara da recepção do Hotel e demais funcionários. Ao chegarmos ganhamos um upgrade de quarto, o qual era maior (uma cama de casal enorme e confortável e uma cama de solteiro), devia ter em torno de uns 20 metros, espaçoso com banheiro grande e moderno, o quarto era muito acolhedor. Nesse upgrade tbem tinha opção de TV para Netflix para colocar a sua própria conta, o que é uma comodidade muito legal após ficar o dia todo fora de fazendo os passeios. O chuveiro era uma delícia com bastante água e bem quente. O hotel tambem era tranquilo e silencioso. O café da manhã eram bom e tinha uma moça fazendo omeletes e tapiocas. Alguns dias ficamos no Bar que era muito agradável e conversamos bastante com o funcionário Batista, que nós deu dicas bacanas para ir ao Paraguai. Os pratos a la carte no restaurante eram muito bons e o atendimento super gentil e simpático do funcionário Denis merece nota dez
A localização do hotel é ótima!
Limpeza nota dez e roupas de camas limpas e cheirosas. Super recomendo!",10,2025-07-05 03:27:02+00,1
 El desayuno excelente también la ubicación  Todo muy bien,10,2025-07-05 14:06:18+00,1
 Ubicación e instalaciones  Todo perfecto.,9,2025-07-06 00:03:53+00,1
" Tudo  Estacionamento gratuito, não é por que não era coberto, mas era longe, de brita, inseguro",10,2025-07-06 10:50:40+00,1
" Desde que llegamos el servicio muy amable , todo muy lindo la limpieza y la comodidad. Mi nena quedo encantada con las Seños de la sala de estar. Lo recomiendo Excelente pronto volveremos!",10,2025-07-07 12:49:43+00,1
" Frühstück war top, sehr reichhaltig und ausreichend.
Zimmer war ausreichend groß und ruhig gelegen. Hatte alles, was man so braucht, um einige Tage zu entspannen und sich
wohl zu fühlen
Die Matratze war sehr gut, wir haben gut geschlafen.",10,2025-07-08 14:15:43+00,1
" Excelente opções de alimentação, limpeza e atendimento impecáveis. A localização é ótima e o hotel apresenta ótimas opções de entretenimento também. Atenção e agradecimento especial ao Sr. Amarildo que fica no restaurante durante a noite, uma simpatia sem fim, extremamente educado e não mede esforços para ver a pessoa bem atendida.  A música no bar do hotel fica ligada o dia inteiro! Só para às 22 horas, alguns dias em que estávamos no hotel durante o dia era impossível descansar com essa música.",10,2025-07-10 00:21:16+00,1
" Não gostei da acomodação.  Fiquei trancado fora do meu quarto e em consequência disto perdi uma das principais atrações da cidade. O quarto só poderia ser aberto após a chegada do gerente, que não pernoita no hotel. O mesmo só desbloqueou a porta após mais de uma hora de espera. 

Além do fato acima:
A toalha fede muito e mesmo após pedir para trocar veio com o mesmo cheiro; e
Demoram para arrumar o quarto e retirar o lixo.",1,2025-07-10 13:21:18+00,-1
 Camas super confortáveis  Barulho vindo do andar superior,9,2025-07-11 10:40:04+00,1
" Hotel muy bueno. El personal super amable, el desayuno excelente, la habitación amplia cómoda. Todas las instalaciones impecables.  La media pensión. Nos toco toda la semana el buffet con menú principal sopa y la carta (para los que contratan la media pensión) con solo 4 platos para elegir, que no incluyen entrada. La prox no contrato este servicio y como directamente en el restaurant con la carta general, que no es cara para nada.",9,2025-07-11 16:14:56+00,1
"Maravilhoso! 
Me surpreendeu, a área Kids dele é muito boa, tem até monitora.
Todos os atendentes muito educados e cordiais! 

Super indico e retornaria ao hotel! 

Parabéns! 👏🏻👏🏻",10,2025-07-13 00:00:00+00,1
Hermosa experiencia en el hotel! Muchas gracias por toda la atención y servicio!?,10,2025-07-13 00:26:51+00,1
" El lobby, la sala de juegos , el sector de piletas y lo mejor el desayuno!!  Nada",10,2025-07-13 18:40:27+00,1
" OTIMO ATENDIMENTO EM TODOS OS SETORES, BOA LOCALIZAÇÃO, RESTAURANTE COM OTIMA QUALIDADE E PREÇO. JUSTO  FALTOU FORNECIMENTO DE AGUA POTÁVEL  NO HOTEL, COMO BEBEDOURO OU FILTROS .  
ALGO SIMPLES E JÁ OFERECIDO EM VARIOS HOTÉIS E PONTOS TURISTICOS.  MAS NESTE HOTEL NÃO OS ACHEI.",10,2025-07-13 22:32:45+00,1
" Café da manha, limpeza, chuveiro quente.  O café da manha é de bom nível, mas cometem um erro básico: deixam faltar ovos mexidos em alguns momentos. Parece que calculam errado a demanda e não têm um esquema para repor rápido. Quem tem horário apertado, vai tomar café e não tem ovos, termina não comendo. E ovo é o principal alimento do café da manha de qualquer hotel. Outro ponto negativo é o hotel permitir que vendedores do plano de férias do Recanto das Cataratas fiquem dentro do hotel, usando a credibilidade do hotel para angariar clientes, que podem entrar numa enrascada de ter que contratar um plano de férias sem estar no planejamento, e na melhor das hipótese vai perder pelo menos umas duas horas do seu tempo de passeio. Se esse abordagem fosse feita na rua dificilmente cairíamos nesse conto do vigário. Eles usam a credibilidade do hotel, por isso o hotel não deveria permitir.",8,2025-07-15 19:35:22+00,1
 desayuno excelente al igual que la piscina la ubicacion en la ciudad,9,2025-07-15 20:27:22+00,1
"Excelente experiencia, muy lindo hotel!!muy buena atencion, todos muy amables en su trato, en el desayuno habia de todo y muy rico, volvere!!!!",10,2025-07-15 23:20:41+00,1
" La piscina no la usamos porque es de agua fría y estaba fresco, el yacuzi estuvo bárbaro! El tamaño de las camas, eran súper grandes.  El servicio de turismo que tienen dentro del hotel no es bueno, nos cobraban las entradas a Cataratas lado Argentino más del doble de lo que cuesta en el parque.",9,2025-07-16 16:17:52+00,1
 O local e muito bonito e tem boa estrutura  Gostei de tudo,10,2025-07-16 23:52:18+00,1
" Demasiada comodidad, no hacía falta ni salir del hotel . Tenía todo lo necesario  Muy flojo el wifi !",10,2025-07-18 06:37:37+00,1
" Todo. La recepción excelente. El ascensor siempre en funcionamiento y limpio. Las habitaciones en excelente estado. El baño sin ningún problema. La limpieza del personal de las habitaciones es excelente. El desayuno es de un cinco estrellas. Muy recomendado este hotel…!  No tengo ni una observación para hacer. Siempre nos dejaron jabones , shampoo, toallas y toallones limpios.",10,2025-07-18 16:01:51+00,1
Increíble experiencia de alojamiento. Nada para reclamar. Todos los servicios del hotel para disfrutar y recomendar!!!! 10 de 10🙌🏼,10,2025-07-19 02:30:33+00,1
"Excelente atención,  muy resolutivos ante cualquier consulta o solicitud.
Hay que destacar la calidez del personal, en especial los empleados del restaurant- bufete.
Impecable las habitaciones, muy limpias
Todas las instalaciones limpias y ordenadas.",10,2025-07-19 11:07:40+00,1
"Estive participando do festival de sopas. Uma excelente experiência com caldos, sopas, frios e molhos.
Ambiente leve de bom gosto e uma excelente qualidade de elaboração das opções servidas.
Preço justo, qualidade valor.",8,2025-07-19 13:21:48+00,1
" Bem localizado, café da manhã muito bom, funcionários prestativos e educados. Super recomendo.",10,2025-07-19 23:29:11+00,1
 La disposición del personal  y la limpieza  Nada todo ok.,9,2025-07-20 00:31:08+00,1
 friendly staff  spa (hot tub) closes too early,8,2025-07-20 11:38:09+00,1
 Hotel muito bom e limpo,10,2025-07-20 12:19:16+00,1
"Hotel super bem localizado, quarto confortável com boas toalhas, roupões, shampoo e creme. Café da manhã maravilhoso e atendentes prestativos.",10,2025-07-21 00:00:00+00,1
"Reception staff are very helpful.  Room was nice and a good size with comfy beds.  Breakfast was tasty with lots of choice.  Location in town was ok but as we only used the hotel as a base to visit Iguassu Falls it was fine.  

Same day laundry service.",8,2025-07-21 00:00:00+00,1
" El trato del personal de buffet, las instalaciones  Que a nuestra llegada,  habiendo avisado que llegabamos 15 min de  cerrada la cocina, no nos reservaron la  cena, y nos enviaron a comer a nuestro cargo cuando era media pensión a un parador a una cuadra del hotel. Cuando hicimos el check in nos dijeron que nos compensaban esa cena perdida y al momento del check out no fue así, nos dijeron que no podían hacer nada. 
Los juegos del play room son de pago.",7,2025-07-21 20:50:24+00,0
" Todo ...desde el personal hasta las dependencias.
Excelente lugar",10,2025-07-22 16:56:51+00,1
"Excelente opção, ambientes reformados e bem agradável, atendimento muito bom, serviços de massagem também excelente, jacuzzi aquecida, pena as piscinas não serem, não tendo como utilizar em julho.
Quartos novos, ótima opção no centro, com vários opções próximas para refeições.",10,2025-07-23 18:40:10+00,1
"Excelente hotel, instalaciones y el desayuno. Volvería a elegirlo sin dudas!",10,2025-07-23 18:42:57+00,1
"Buen desayuno, habitaciones amplias y cómodas. Baño muy limpio y desinfectado. No cuenta con rastros de humedad. La sala de juegos para niños cuentan con niñeras",10,2025-07-26 00:00:00+00,1
" Cómodo, buena administración y calidad de comida.  La atención de los mozos del restaurante puede mejorar",8,2025-07-27 00:03:29+00,1
" Quarto grande, camas confortáveis. Café da manha bom, com itens essenciais. 

Sala de jogos, brinquedoteca com recreadora. Piscinas com tamanho bom.  A janela do quarto não possui proteção anti ruídos e os quartos virados para a rua de frente possuem esse problema por ser uma rua muito barulhenta. 

Travesseiros muito baixos.",8,2025-07-27 18:59:17+00,1
"Muito confortável e bonito.
Um bom café da manhã.
Só o atendimento na recepção que achei lento, pois se fazemos as reservas, enviamos documentos com antecedência, porque preencher novamente os mesmos dados?
Isso deixou o atendimento demorado.",8,2025-07-27 23:43:49+00,1
"Tive um excelente estadia lá, o hotel é completo tem bar, restaurante, área Kids, sala de jogos, academia, piscina, lojas. O atendimento é ótimo! Com certeza indico e me hospedaria lá outra vez!",10,2025-07-28 10:10:24+00,1
"Excelente. La atención, el sector juegos para niños. Las piletas. Estacionamiento techado.",10,2025-07-28 11:52:49+00,1
" É um hotel maravilhoso com funcionários impecáveis, qualidade de atendimento e uma cozinha de primeira!  No anuncio diz ser academia e nao passa de uma sala de musculação com alguns pesos, 2 esteiras e um transport, além de 01 equipamento multifuncional, poderiam implementar com caneleiras e alguns equipamentos como um crossover para melhorar a saleta de musculação",10,2025-07-28 17:23:51+00,1
"Com certeza me hospedaria lá  em uma próxima  ida, e recomendo o hotel.
Bom atendimento, preço justo, tive uma ótima experiência lá, tem uma boa área kids, restaurante, bar, lojinhas.",10,2025-07-28 22:21:26+00,1
"Excelentes las instalaciones y el personal muy amable. 
Muy bien ubicado, cerca de todo.
El desayuno muy abundante y variado.",10,2025-07-29 00:00:00+00,1
Muito bom!,10,2025-07-29 00:26:36+00,1
" Los servicios del restaurante muy buenos. El desayuno excelente!  Lo más flojo fue que la tv de los cuartos no tenían conexión con Internet. 
Y el wifi era malo.",9,2025-07-30 01:43:21+00,1
"El hotel es hermoso; el servicio y las instalaciones, excelentes; y la atención de todo el personal es muy cálida y servicial. Fue una estadía impecable.",10,2025-07-30 02:35:49+00,1
" Quarto muito limpo, tamanho do quarto acomodou muito bem minha família! Ótima localização, fácil acesso a todos os passeios! Ótimas piscinas e a jacuzzi é maravilhosa, água quentinha na temperatura ideal!  Gostei de tudo!!!",10,2025-07-31 18:45:47+00,1
"Hotel maravilhoso, acomodações otimas e banheiro delicioso, atendimento muito bom! vale a pena ir com a familia pois,tem piscina com espaço para as crianças e sala de jogos.",10,2025-08-01 00:00:00+00,1
 Limpeza  Barulho,6,2025-08-01 01:11:38+00,0
" Clean,  modern,  good breakfast",8,2025-08-01 05:22:49+00,1
 Localização e café da manhã excelente,8,2025-08-01 14:02:07+00,1
Quartos muito bons área de lazer piscina e jacuzzi muito boa,10,2025-08-01 23:09:31+00,1
Foi bem rapidinho mas foi tudo tranquilo!,10,2025-08-02 00:00:00+00,1
"O Hotel é ótimo, ele não é muito grande, mas tem várias conveniências como uma copa, com água quente e microondas. Tem um Spa, fizemos uma massagem maravilhosa. Paga a parte. Fomos em Julho. Tem 2 Jacuzzis sempre limpas e quentes. E para finalizar tem um ótimo café da manhã",10,2025-08-02 00:00:00+00,1
"Ótimo hotel, café da manhã excelente e ótima opção para quem tem crianças",10,2025-08-04 12:49:34+00,1
Excelente atención!!,10,2025-08-06 00:00:00+00,1
"Tive uma excelente experiência de hospedagem. O atendimento foi muito bom, o café da manhã oferecia grande variedade e fartura, e a limpeza era impecável, realizada diariamente no apartamento. Estive no hotel durante a comemoração do meu aniversário, e a equipe teve a delicadeza de preparar um bolinho e cantar parabéns durante o café da manhã. 
Embora a localização não seja das mais privilegiadas, a qualidade dos serviços prestados compensa esse detalhe. Recomendo o hotel e, certamente, me hospedaria novamente.",10,2025-08-06 00:00:00+00,1
Ótimo café da manhã. Funcionários prestativos e acomodações adequadas.,10,2025-08-06 13:00:33+00,1
" Ubicación  y habitación  Comida del bar muy grasosa y en el desayuno muy salada nos tocó, y no sé si había poco personal y por eso no tenían el mejor animo en el bar y recepción, no muy atentos  me sorprendió.",8,2025-08-06 16:28:04+00,1
"Check in was easy enough...the outside parking is a bit complicated. Our first night's sleep was disturbed by a droning noise in the room that sounded like a Mongolian throat singer in the room next door... actually a mechanical or electrical issue somewhere nearby no one could identify or fix. We changed rooms and that noise problem was fixed. However, the bathroom ventilator serves adjoining rooms and the following night we were treated to a TV on full blast and a couple arguing at 5:30 am. The lighting in the bedroom is VERY bright with no means of diming it. The hot water in the shower can take time to adjust.  The safe worked and thing we're clean. Breakfast had good variety but lacked some nice fruits...basic melon and banana slices. Lots of high sugar rubbish. Tapioca and omelettes were available and good. The jacuzzi was warm...but the jets were very weak.
They were full with kids which put us off a bit knowing how their bladder control can be! If you can put up with some annoying things...this is the hotel for you.",6,2025-08-07 00:00:00+00,0
"The hotel was fine for our 3 night stay. Rooms are good size and bed is comfy. Our first room on 7th floor near the lift had a horrible constant noise that affected our sleep.   We changed to a different room on same floor and it was quieter. The jacuzzi in the pool area is nice, but the jets are weak air and users don't always respect the 30 min usage. Breakfast is good. The only thing I would say is that we were celebrating our 20th anniversary and there wasn't much acknowledgement from the hotel. There were some chocolate for us in the room at arrival but not even a 'happy anniversary' from anyone on our anniversary date. Details make a difference, particularly on special occasions.",8,2025-08-07 12:14:38+00,1
" Localização central, da pra locomover de Uber por todo canto! Quartos contém secadores de cabelo, shampoo e condicionadores fixos! O hotel oferece uma sala de passar roupa o que achei um grande diferencial! Café da amanhã bem farto com opção de tapioca e omelete feito na hora!  O colchão do meu quarto era bem molinho, tive um desconforto pra dormir!",8,2025-08-09 00:06:06+00,1
"Um hotel que evoluiu e sabe concorrer com as locações de temporada. Cheio de atrações dentro, bom café da manhã, restaurante com preços bons e ótima comida, localicao privilegiada, em ótimo estado de conservação, Internet de boa velocidade... É realmente uma excelente opção para estar com a família em Foz e não sentir falta de casa.",10,2025-08-09 15:30:19+00,1
"Thera Spa Foz. Neide es una masajista excepcional. Su trato combina experiencia, sensibilidad y dedicación. Recomiendo su trabajo sin dudarlo. El SPA es super limpio, tiene un aroma agradable, temporizado, y ella es muy agradable. 100% recomendable. Repetiré.",10,2025-08-09 23:38:05+00,1
"Recepção pouco cordial e pouco treinada, chave do hotel desmagnetiza por qualquer coisa, academia fraca, limpeza e arrumação do quarto bem ruins.",6,2025-08-10 00:00:00+00,0
Camere fantastiche..letti molto comodi,10,2025-08-11 00:00:00+00,1
" A insistência em que eu executasse o pagamento da estada, que seria em duplicidade, pois já tinha sido processado o meu cartão, isto é, já estava pago. 
Bastante desagradável, diziam que a plataforma do Booking.com não havia comunicado o hotel. Cartão foi processado 24 horas antes do meu check out. Perdi tempo antes de encaminhar-me ao aeroporto e tive que enviar o print do comprovante do pagamento para o hotel no front desk. Desorganização.",4,2025-08-13 11:57:22+00,-1
" Stanze belle e spaziose, super colazione e staff disponibile",9,2025-08-13 13:45:26+00,1
"Achei razoável a minha experiência! Ótima localização, quarto amplo e aconchegante, colaboradores extremamente gentis e atenciosos, com excecao de uma que nos atendeu nos crepes hoje dia 14/08 as 08:20, sem o mínimo de simpatia e muito fria.
Em um dia faltou toalhas e lençol (ligamos na recepção e prontamente nos levaram).
Café da manhã de bom padrão e aproveitamos o Caldos e Sopas por dois dias que estavam espetaculares.
A recepcionista da tarde (com sotaque), não sei seu nome, mas sempre com sorriso e simpatia e sempre solícita as nossas necessidades.
Enfim, um bom custo/benefício!",6,2025-08-14 14:48:47+00,0
" Gostamos de Tudo,,,,,, 
Localização 
Limpeza 
Café da manhã 
Instalação do Local
 Custo benefício 
Piscinas,  Jacuzzi  Da  Recepção  na Chegada  no Hotel.  Moço  chamado  David... ele não nos atendeu  bem ,, na Chegada.. sem Paciência,   sem empatia,   ,,, não  queríamos  TAPETE VERMELHO  ...   SO Empatia para  Esclarecer  
Já.     Que tivemos um contra tempo  com a  Reserva.  Que  Fiz pelo Cartão de crédito ...",10,2025-08-15 01:38:09+00,1
" Spacious and clean  Got stuck in the lift no apology or refund offered
Bar outside was exceptionally slow",7,2025-08-15 02:39:07+00,0
"Um dos melhores hotéis, na sua categoria, em Foz do Iguaçu. Excelente atendimento e toda equipe é muito prestativa e o melhor , o café da manhã é um espetáculo!!!",10,2025-08-15 23:59:43+00,1
"Com atendimento excelente, o hotel vem sendo reformado e alguns pontos precisam de atenção (porta de banheiro e ar condicionado). As camas são confortáveis e o café da manhã é ótimo. A localização também é excelente, ficando próxima à bons restaurantes e shopping.  O deslocamento para as fronteiras também é fácil.",8,2025-08-16 10:48:39+00,1
"Bom hotel com ótima comida e um excelente atendimento. O quarto q fiquei. A privada estava bamba e a cama era dura para meu gosto, e a torneira da pia pingava muito e o wi-fi caia o tempo todo. Mas o chuveiro foi o melhor banho,ar condicionado muito bom e frigobar bom TB.",10,2025-08-17 16:09:20+00,1
"Ótima localização, conforto e qualidade de 5 estrela, com preço justo.",10,2025-08-17 21:23:15+00,1
"Desde a recepção até o checkout, todos muito atenciosos. A limpeza é impecável. O café da manhã tem ótima variedade de frutas, pães, bolos, geleias e frios. Localização excelente. Próxima a bons restaurantes e bares. Recomendo!!",10,2025-08-18 00:00:00+00,1
" Franchement c’est un hôtel avec un bon rapport qualité prix, bien situé et avec un personnel sympa.",9,2025-08-19 00:13:53+00,1
Todo muy bien excepto el baño que necesita una reforma. El desayuno muy bueno y el personal muy amable. Las instalaciones estaban muy bien,10,2025-08-20 01:06:20+00,1
 El desayuno y la comodidad de las camas  Los extras son un poco caros,8,2025-08-21 08:09:35+00,1
 Estava tudo maravilhoso  Não tenho queixa,8,2025-08-21 13:45:05+00,1
"Excelente hotel e hospedagem. Os funcionários são todos atenciosos, atendimento rápido e de qualidade.",10,2025-08-22 13:16:07+00,1
" Beste douche van onze hele reis door Brazilië : goede druk en goede temperatuur-regeling
Ontbijt was lekker  Onze kamer was aan de straatkant en dat gaf veel lawaai (ook doordat de ramen niet goed afsluiten)
De andere kant waren verbouwingswerken bezig, dus was niet veel beter
Personeel sprak geen Engels",8,2025-08-22 20:17:34+00,1
" DE TODA ATENÇÃO QUE A EQUIPE  APESAR DE SER UM HOTEL MAIS ANTIGO E REFORMADO MAS PECA NOS DETALHES, NÃO USO OS SABOENTES E SHAMPOO DO HOTEL, USO O QUE LEVO, MAS A SABONETEIRA CAINDO, PAPAEL HIGIENIVO CAINDO NO CHÃO PORQUE O SUPORTE NÃO PRESTA, TELEVISÃO QUE ESTA INSTALADA E TORTA....",5,2025-08-23 14:22:21+00,0
" Tudo muito bom, hospedagem, receptividade dos funcionários, Bar da piscina muito bom, piscinas grandes, café da manhã bem variado, quarto confortável etc  Poderiam dar mais atenção a limpeza dos quartos, tinha muita poeira em baixo da cama e lodo no banheiro!! Roupas de cama e coberta poderiam ser mais cheirosas! Do resto tudo impecável!!",8,2025-08-24 11:36:50+00,1
" Las instalaciones no estan nada mal para ser Brasil (donde la mayoria de hoteles son muy antiguos). La limpieza bien (teniendo en cuenta que la limpieza no es su fuerte  en general). El buffet ok, mucha variedad pero producto flojo. Las ventanas no estan aisladas, por lo que hay ruido pero de noche como no haya trafico, se puede dormir bien. Si pillas epoca fria, tambien se cuela un poco de frio por las ventanas pero con la bomba de aire se soluciona! Si vienes en verano es ideal con la piscina. Ha sido uno de los hoteles en el que mas tiempo hemos pasado en la habitación y hemos estado agusto!",8,2025-08-27 11:28:12+00,1
" Gostei muito do hotel , equipe muito solicita, quarto com cama confortável,  café da manhã muito bom e variado.  A acústica do quarto não é boa , o que atrapalhou nosso sono.. podendo se ouvir o barulho do encanamento dos quartos vizinhos, a conversa das pessoas nos corredores e o bebê que não parava de chorar durante a madrugada de uma das noites  que ficamos hospedados.. acredito que os outros hóspedes também se incomodaram devido o barulho de portas abrindo e pessoas conversando sobre o barulho do choro que escutamos durante aquela noite.. Um ponto a ser melhorado no hotel.",9,2025-08-30 19:29:59+00,1
" Desayuno Excelente. Muy variado, abundante y todo delicioso.  Nada que objetar",10,2025-08-31 23:25:54+00,1
"Hotel maravilhoso, atendimento excepcional, café da manha top. Mas, infelizmente o barulho da obra que estava acontecendo no hotel estava horrível. Pessoal da recepção deu total atenção, pedia para parar mas não adiantava, aqui fica uma critica construtiva a administração do hotel, se forem fazer obra não acomode os hóspedes em quartos próximos pois incomoda muito e vocês perderão clientes com um hotel maravilhoso.",6,2025-09-02 20:52:33+00,0
" Ótimo custo beneficio. Funcionários excepcionais e muito cordiais. Amei o serviço de SPA (Excelente). Equipe do restaurante super atenciosa.  O ar condicionado estava com problema e vazou agua no quarto molhando algumas coisas que havia comprado (livro, notebook, etc)",8,2025-09-03 13:57:47+00,1
"Its a nice place, close to everything!
The front desk knows how to speak english and some staff at the dinning but not all.

Pool is a bit cold , they also have a jacuzzi.

Breakfast spread is good, they have a gym, game room and play room for kids.

Elevator is a bit small",8,2025-09-03 21:13:50+00,1
" Café da manhã bom!
Restaurante com serviço de quarto.  O hotel estava em obras, daí não conseguimos usufruir de algumas áreas, sem contar o barulho.",8,2025-09-04 10:42:15+00,1
"Hotel atendeu as expectativas. Boa localização. Equipe de recepção, café da manhã e do serviço de bar com muito bom atendimento. Cafe da manhã muito bom! Lojinha de souvenires com preços justos.",10,2025-09-05 00:00:00+00,1
" Good location close to the center of Foz do Iguaçu. Nice pool area with a couple of jacuzzi and bar. Structure good for children, having also a dedicated gaming area.
Staff very friendly and ready to help and give advices.  The structure is relative old and rooms (although very clean) should be refurbished. 
A/C quite noisy and leaking water. The intervention of the technician was very prompt but didn’t solve the problem.
Breakfast quality not at a level of a 4star hotel.",8,2025-09-05 03:57:31+00,1
" Las habitaciones son cómodas , desayuno muy. Bueno y variado zona de relax pileta y el entorno de la misma muy lindo  Que 2 ve es tuve que pedir que hagan la habitación y solo en una parte del hotel  estaban en reparación nada grave",9,2025-09-05 23:14:04+00,1
 La infraestructura  La cama,7,2025-09-06 13:02:31+00,0
"Hermoso hotel, ideal para ir con niños. El area de piscina, la sala de juegos, impecable. Hay  un lugar donde se puede llenar el termo con agua caliente en cualquier horario. El desayuno fantástico . El bar de la pileta también. El personal muy amable. Nos tocó la habitación 614 que no da a la calle sino al hotel y es ruidosa porque tiene los aires acondicionados marchando lo cual puede llegar a ser molesto. Y el WIFI es malo. He leído las promesas de mejora por parte del hotel y les sugiero que las cumplan, les hubiera puesto una puntuación perfecta sino fuera por esto, que en esta era digital es imprescindible. Más allá de este inconveniente no tengo ninguna queja, no me arrepiento de haberlo elegido. Volvería sin dudas.",8,2025-09-07 00:00:00+00,1
Ótimo hotel. Poderia ter maus opções de cerveja no bar da piscina e melhor controle das hidros.,10,2025-09-07 21:44:34+00,1
" Las instalaciones comunes, las habitaciones todo muy limpio y ordenado, muy buen gusto en decoración, el desayuno muy completo y el restaurante aceptable  Algunos detalles pero minimos, por ejemplo que haya una sola silla en una habitación de 3 personas",7,2025-09-08 15:45:32+00,0
" Adorei os atendimentos dos meninos dos bares todos muito educados queridos . Me encantou muito  Por estar em reforma , mas acredito que seja para melhor atender futuramente",10,2025-09-08 19:17:19+00,1
" Personal amable, buen desayuno  Limpieza, mantenimiento de las instalaciones. Estuvimos en un 4°piso y había alrededor del frigorífico hormigas y alguna araña",5,2025-09-09 07:52:19+00,0
" El servicio, la atención del personal, las piletas, la limpieza, el restaurante, el desayuno, todo un 10  Todo.estuvo impecable",10,2025-09-09 15:39:29+00,1
" Super confortável, aconchegante e espaçosa. A mesa fez toda a diferença pra gente que teve que levar notebook para utilizar em casos de emergência do trabalho.  Nada. Gostamos de tudo.",10,2025-09-09 16:00:13+00,1
" Me gusto las instalaciones como pileta, jacuzzi, lugares de juego. Fuimos toda una familia con 2 niñas, es ideal para los niños, les encanto. El desayuno super rico y variable. No tuve la oportunidad de probar el bufete de sopa pero me hubiera gustado, escuche Buenos comentarios.  Justo llegamos cuando estaban haciendo remuneraciones en el edificio y parte del jardín estaba ocupado por construcción. La limpieza de la habitación no era todos los días, muchas veces no pasaban por la habitación y teníamos que pedir que se haga la limpieza, como no hacían limpieza había que pedir que se reponga el papel higienico",8,2025-09-11 11:50:38+00,1
" Área da piscina legal, quartos espaçosos, mesa no quarto, boa localização, além de que, almocei um dia no restaurante do hotel e gostei muito do filé à parmegiana, bem como do atendimento de um funcionário do restaurante.  Acredito que o café da manhã pode melhorar bastante, acrescentando principalmente mais opções e melhorar na qualidade, em especial dos sucos, que parecem ser de caixinha. 
Com relação aos quartos, a televisão é um pouco pequena, além da acústica ser bem ruim. 
O banheiro destes também é uma questão a se pontuar pois a saboneteira estava velha e com sinais de ferrugem, o secador de cabelos poderia ser melhor (demorei 1h pra secar o cabelo), além da qualidade do shampoo, (no 1° dia deixam uma amostra da Kerasys, mas isso não se repete nos demais dias), acredito que é algo que poderia ser mantido conforme fosse feita a arrumação do quarto, além do rejunte do box do banheiro estar com aparência de sujo.",7,2025-09-11 20:27:20+00,0
"Hicimos el check in el 24 de agosto al medio día tipo 12-1 pm la verdad desconozco el nombre del recepcionista que nos atendió ese día pero me encantaría colocarle una felicitación Muy amable con súper manejo del español nos entregó información muy clara y precisa. Nos dejaron entrar antes a la habitación ya que estaba lista. Las instalaciones todo muy limpio . El desayuno riquísimo, destacó la comodidad de sus instalaciones como la terraza y la entrada al hotel. Agradecemos la atención y calidez que hicieron de mis vacaciones inolvidables . El restaurant y el servicio de bar también muy bien atendido",10,2025-09-13 00:00:00+00,1
"Hotel com muita propaganda e pouca qualidade. Desde o check in que precisamos aguardar (mesmo após 1h) para termos acesso ao quarto. Quarto com limpeza ruim, sendo necessário solicitar serviço de quarto já de imediato. Internet de péssima qualidade no quarto. Café da manhã com muita variedade e pouca qualidade. Não volto nem recomendo.",2,2025-09-13 00:00:00+00,-1
"Quarto sujo, roupa de cama com odir forte, café da manhã péssimo (muita variedade e pouquíssima qualidade) e funcionários pouco qualificados. Não voltarei e nem recomendo.",2,2025-09-13 12:55:06+00,-1
"Hotel com muita propaganda e pouca qualidade. Quartos sujos, roupa de cama com odor forte, café da manhã com pouca qualidade, além de Internet com sinal praticamente nulo (oscilava e cada frequentemente). Não recomendo.",2,2025-09-13 13:07:31+00,-1
"Café da manhã com variedades porém sem qualidade, Wi-Fi péssima qualidade nem se pode falar que tem, funcionários ok , hotel precisando de manutenção e roupa de cama não estava cheirosa, porém foram trocadas após pedirmos, o pior é o cheiro de gordura da cozinha que ao ir jantar ou ir no café da manhã estávamos com a roupa cheirando gordura",4,2025-09-13 14:25:29+00,-1
" Adorei o café da manhã, maravilhoso!  Os hospedes que utilizavam a Jacuzzi não respeitavam a regra dos 30 minutos. Fiquei um pouco chateado em relação a isso, pois estava muito na expectativa de utilizá-la.",10,2025-09-15 13:51:33+00,1
" A localizacao era muito boa.  A funcionaria que fazia as tapiocas no cafe da manha era muito mal humorada, assim como o funcionario do bar da piscina.
Em um dos dias a camareira nao trocou as toalhas e nao recolheu os lixos.",7,2025-09-15 23:09:21+00,0
"Nosotros pagamos media pensión, las opciones de comida son muy pocas y nunca las tienen, el personal es lento y mala onda!",2,2025-09-17 23:36:15+00,-1
" Sehr gutes Frühstück. Große Lobby mit Sitzmöglichkeiten beim Warten auf den nächsten Ausflug. Restaurant fußläufig. Auch Abendessen möglich. Zimmer sehr sauber.  Das Zimmer zur Straße war im offenbar unrenovierten Teil des Hotels. Man hörte alle Straßengeräusche, weil es nur undichte Schiebefenster waren. Der Gebäudeteil zur Straße wird gerade mit einem Gerüst versehen. Zusätzlicher Lärm.",6,2025-09-18 18:00:07+00,0
" Excelente localização e tudo bem limpinho, todos muito atenciosos",10,2025-09-18 19:19:28+00,1
"Hotel com um atendimento que impecável todos os funcionários educados simpáticos e solícitos a qualquer momento. Eu e minha esposa saímos surpreendidos pois é cada vez mais raro ver isso acontecer nas redes hoteleiras. 
Gostamos muito e esse hotel sera nossa referencia principal quando voltarmos em Foz.",10,2025-09-19 00:00:00+00,1
"Muito satisfatório.  Bem limpo.  Fui muito bem acolhida.  Pessoal educado, prestativo.  Supor recomendo.  Eu voltarei.",10,2025-09-19 00:06:56+00,1
 No se cumplio con la habitaciones cercas una de otra  Que no estaban cerca las habitaciones del matrimonio con mis hijos,9,2025-09-19 10:38:23+00,1
" Café da manhã maravilhoso, localização, atendimento amei tudo.  Somente o barulho no corredor de conversa fora de hora, que entra com bastante evidência no quarto, incomoda um pouco. Não tem um bom isolamento acústico.",10,2025-09-19 12:55:05+00,1
" A comida do restaurante, jantamos lá dois dias e achei deliciosa, só podiam aumentar os funcionários pois a demanda é muito alta. 
O hotel é MUITO cheiroso e limpo  O café da manhã é fraquinho. Tem apenas o básico.",8,2025-09-20 03:56:16+00,1
Very friend and professional,10,2025-09-21 00:00:00+00,1
"Muy lindo el hotel , el personal que te atiende son todos muy amables, la habitación super espaciosa , lo único que la tele no funcionaba los canales,  el desayuno es espectacular , pasé mi cumpleaños ahi y me cantaron el feliz cumpleaños y me dieron una mini tortita deliciosa, el spa es divino tambien. Todo muy agradable en nuestra estadía. Super recomendable .la zona es muy tranquila tambien y hay opciones de salir por los alrededores",10,2025-09-21 14:29:30+00,1
"Muy buen hotel, atención, piscina, su atención,  muy amables para atender,desde la recepción hasta los camareros, desayuno muy variado, las frutas riquísimas....super recomendable,indudablemente volveríamos",10,2025-09-21 14:38:44+00,1
"Hotel com ótima infraestrutura: piscina, sala de jogos, brinquedoteca, academia etc. As instalações das áreas comuns é bem boa.

Quartos amplos, mas falta de manutenção do tipo que o porta sabonetes e o toalheiro estão caindo. A porta do meu quarto estava com um problema na tranca mecânica e sempre que eu passava o cartão, ele liberava a porta mas eu não conseguia entrar, porque a trava mecânica ficava emperrada. Reportei o problema duas vezes e ninguém foi resolver. Em todas as vezes que retornei ao quarto, me deparei com este problema e levei várias tentativas, forçando a porta, até conseguir entrar.

Café da manhã bom, fazem omelete e tapioca na hora. A parte de doces não é muito boa, tudo meio seco.

O atendimento é ok, fazem o trabalho deles (tirando o meu problema com a porta), mas difícil ver alguém sorrindo, parece que estão ali obrigados.

Localização ok

WiFi péssimo. Impossível depender dele para trabalhar.
O 4G também não pega bem na região.",8,2025-09-21 20:26:16+00,1
"Tivemos uma experiência excelente, superou nossas expectativas.
O hotel é maravilhoso, ambiente familiar, super limpo, café da manhã espetacular, os pratos a la carte são muito saborosos e com preço justo.
Os funcionários são simpáticos e acolhedores.
O ambiente de lazer externo é muito agradável.",10,2025-09-22 00:00:00+00,1
" As piscinas, o bom café da manhã,  o conforto da cama. Quarto espaçoso,  bons armários,  cofre.  O quarto merece reforma, paredes manchadas, iluminação inadequada ( não há abajur ou luz indireta), todas as luzes eram voltadas oara o rosto. Ar condicionado bem antigo.",7,2025-09-22 01:07:49+00,0
" Amabilidad del personal
Bar en la piscina con música en vivo",10,2025-09-22 13:19:54+00,1
" Muy bueno el desayuno, las piscinas, instalaciones, muy lindo todo.",9,2025-09-22 14:43:42+00,1
"Hotel com bom custo/benefício. Café da manhã poderia ter mais opções (ponto alto é a opção por tapiocas e crepes feitos na hora). Quarto confortável, poderia ter duas camas queen ao invés de uma king e uma de solteiro. Na época da hospedagem hotel passava por reforma. Clima não ajudou, então não fiz uso das piscinas. Academia com poucos aparelhos. Atendimento geral ótimo.",8,2025-09-23 00:00:00+00,1
"Quarto não era black out, estava",6,2025-09-24 00:00:00+00,0
" Limpeza e organização impecáveis. O Hotel está sendo totalmente revitalizado. O quarto que  hospedamos estava com aspecto de novo devido a pintura. A área de lazer, embora utilizamos muito pouco é muito boa e muito bonita. O café da manhã é excepcional e num espaço bem amplo. Adoramos a estadia, funcionários cordiais e prestativos. Voltaríamos com certeza!",9,2025-09-26 23:30:04+00,1
" Muy práctico, excelente cercanía al aeropuerto y servicio gratuito de acercamiento.  Movimiento de clientes en la noche y madrugada lo hacen un tanto ruidoso",9,2025-09-28 00:18:54+00,1
" Quarto confortável e com excelente limpeza. Café da manhã à altura.  Os drinks da piscina excepcionais. Também destaco a localização que é muito boa.  A Internet é péssima.  Apesar de outros hóspedes também reclamarem,  como nós,  nossa hospedagem terminou e o problema não foi resolvido. 
A água do hotel é cara demais. Sem motivo.",8,2025-09-28 02:01:28+00,1
" The receptionist could speak English, the room was big and clean.  The bathroom sink was clogged. There was evening live music but it was too loud and could be heard in the room for atleast 2 consecutive hours.",7,2025-09-29 09:33:15+00,0
" Habitación cómoda y espaciosa con placard 
Baños limpios

El Hotel es muy considerado al ser inclusivo con las personas celíacas y con intolerancias alimenticias, en el desayuno cuentan con alimentos aptos sin lactosa y sin gluten 

Estacionamiento interno para vehículo de huésped, muy seguro  El bar y comedor por la noche se cierran temprano 

El Wifi no alcanza bien en la habitación 

Sería necesario colocar cartel que indique la ubicación de los alimentos sin gluten y sin lactosa en el desayuno, para el conocimiento y acceso rápido a los nuevos huéspedes",8,2025-09-30 19:09:06+00,1
" Comoda la habitación
Jacuzzi",9,2025-10-01 12:53:02+00,1
" Quarto amplo, confortável e limpo.  Faltou sauna",9,2025-10-02 16:16:00+00,1
" 5a vez que fico nesse hotel, excelente localização, limpeza, quartos, chuveiro, tudo incrível...claro que voltarei.",10,2025-10-03 23:26:40+00,1
"Ambiente familiar, aconchegante e muito receptivo!
O Sr. Zé do Norte muito querido!
Recomendo muito. É a segunda de muitas vezes que viremos.",10,2025-10-04 00:00:00+00,1
"Fomos muito bem atendidos! Principalmente pela Lu, e pelo Zé do Norte, no restaurante.
Hotel é bem cheiroso, organizado, piscina boa, quarto confortável e banheiro muito bom, com chuveiro excelente.",10,2025-10-04 00:00:00+00,1
Fomos muito bem atendidos. Especialmente pela Lu e Zé do Norte. A estrutura do hotel nos atendeu bem; comida boa; área de lazer gostosa... Show.,10,2025-10-04 00:00:00+00,1
" Café da manhã excelente, com bastante variedade, as instalações em bom estado de manutenção, confortáveis e aconchegante, limpeza impecável, cama grande e confortável, localização boa.  O Wi-Fi não funcionava adequadamente no quarto.",9,2025-10-05 00:32:39+00,1
 Piscina y desayuno  La habitación sin aire y hacia mucho calor,6,2025-10-05 01:11:07+00,0
" El alojamiento impecable, desayuno  variado, la comida super accesible en precio y la calidad muy buena ,la gente muy amena.  La humedad",10,2025-10-05 02:51:22+00,1
" Área de piscina y restaurant  Mucha luz y ruido de exterior 
en la habitación",9,2025-10-05 14:55:36+00,1
"Hotel bom,  quarto grande, cama e chuveiro bons.  Deixou a desejar no barulho nos quartos, tanto pelo som dos carros na rua, tanto pela equipe de limpeza que arrasta camas cedo da manhã.  No mais, atendimento excelente.",10,2025-10-07 00:00:00+00,1
" Hotel bem localizado. Funcionários extremamente atenciosos. Café da manhã excelente com muitas opções. Quarto espaçoso e cama e travesseiros confortáveis. Banheiro com um bom chuveiro e roupa de banho de boa qualidade. Conta também com boa estrutura de lazer: recreação, sala de jogos, sala kids.  Em nossa última diária. Reparei que, apesar do quarto ter sido arrumado e ter sido trocada a roupa de cama e banho, o banheiro não foi limpo. Mas não foi nada que prejudicou a estadia.",10,2025-10-07 13:22:16+00,1
"Gostaria de registrar minha insatisfação com a hospedagem. Logo no primeiro dia, encontramos um vazamento de água no ar-condicionado do quarto. Ao informar à recepção, foi sugerido que permanecêssemos no mesmo quarto até o dia seguinte, ou que dormíssemos em outro quarto deixando nossas coisas no quarto com vazamento — o que considerei inviável. Após insistir, conseguiram nos realocar, porém, no novo quarto, o Wi-Fi não funcionava, e fiquei todos os dias sem acesso à internet.

Além disso, no dia do nosso aniversário de casamento, entrei em contato com a recepção para saber se haveria algum mimo, e fui informada de que verificariam e me retornariam  o que não aconteceu até hoje. Em outras ocasiões em que tentei contato para obter informações, também não tive retorno.

A impressão que ficou é que houve falta de atenção e empatia após o ocorrido, especialmente considerando o transtorno de termos que arrumar todas as nossas coisas e trocar de quarto às 23h. Mesmo diante dessa situação, não foi aberta nenhuma exceção para um late checkout, o que seria o mínimo diante de todo o desgaste.",2,2025-10-09 00:00:00+00,-1
" Quarto excelente, cama confortável, tudo bem limpo e aconchegante. Gostamos muito do hotel, voltaria com certeza.",10,2025-10-09 12:05:08+00,1
" El lugar es fantástico para poder ir en familia. Está adaptado para eso. El desayuno es muy rico y variado.  - la cama tenía una de las patas rotas
- Se siente demasiado el ruido desde las habitaciones, o se q realmente no tiene aislamiento de sonido. Había gente en las piscinas o comiendo al lado y se sentía como si estuvieran adentro de la habitación y fue un poco difícil con mi bebé de 1 año y medio cuando estaba durmiendo.
Un día tuvimos que salir a pedir que por favor no gritarán porque había gente gritando literal en el pasillo, pero la gente del hotel NO LES DICE NADA, NO DICEN NADA NUNCA.
- En el jacuzzi de noche habían literal (un día los conté) 14 adolescentes. O sea eso es un asco esas cosas no las deberían permitir, nunca estaba disponible porque siempre habían 20 personas adentro.
- No me gustó eso, que la gente del hotel no pone límites, la gente hace lo que quiere por más que hayan reglas de convivencia.",9,2025-10-09 13:41:26+00,1
" las habitaciones muy amplias.
Piscinas hermosas.
Espacio de juegos para bebes y niños pequeños muy completo.
El desayuno es excelente.",9,2025-10-09 19:07:15+00,1
"Atendimento muito bom, zé do norte muito atencioso e se preocupa com os clientes, tudo muito bom agradeçemos o atendimento e o estabelecimento.",10,2025-10-10 00:00:00+00,1
"Fomos atendidos no restaurante do hotel pelo Zé do Norte, um querido e atencioso com toda a família, comida deliciosa e muito bem feita",10,2025-10-10 00:00:00+00,1
" Da presteza dos funcionários todos muito solícitos , a recepção  , o café,  o restaurante , bar da piscina, lu , Fernanda, Thiago os rapazes do bar da piscina enfim todos muito dedicados em nós atender bem .  Por incrível que pareça não achei muito legal o ovo mexido, mas nada que mudasse o café maravilhoso que é servido, talvez eu tenha estranhado o gosto.",9,2025-10-10 14:36:26+00,1
 Café da manhã muito bom. Todos os funcionários atenciosos. Limpeza impecável. Ótima localização.  O restaurante poderia oferecer um cardápio com mais opções de pratos quentes. Cuidar nos temperos e na preparação das carnes nobres.,9,2025-10-10 16:16:17+00,1
"Fiquei hospedado por algumas noites no hotel durante toda minha viagem.

Hotel muito Bom !

Piscina
São muito boas, as hidromassagem é bem quentinha, só é difícil achar vaga, deveria ter uma moeda ou cartão, para cada pessoa usar apenas 30 minutos, assim ficaria mais democrático, tem gente que fica horas e horas e acaba deixando a gente so esperando, acho que uma recomendação seria uma solução a isso.

Quartos, banheiros, etc..
Os quartos são muito espaçosos ( Enormes), as cama de casal é enorme, as roupas de camas sao boas e os cobertores bem grandes também, ideal para casal.
Banheiro é espaço, chuveiro mt bom. O shampoo e condicionador é maravilhoso, parece que esta em casa.
Tem serviço de lavagem de roupas, é bem acessível.

O ar condicionado funciona normalmente.
Uma idéia seria colocar mais um armário, é pequeno para duas pessoas , mas mesmo assim é grande.

Café da manhã e bar etc..
Café da manhã tem mts opções, gostei também, mas o pão de queijo parece ser de forminha, eu como sou de minas gerais não gostei acho que poderia ter um pão de queijo mais ""mineiro"".
O bar da piscina serve ótimas opções de comidas, sao bem quentinhas, e paga no checkout.
A loja de chocolate é boa, tem muitas opções para todos os bolsos...

A Loumar tem um transfer bem em conta por pessoa, e deixa na porta do hotel, acho que chama super chegada loumar.

Uber hotel para cataratas e aeroporto funciona bem tb.

Do lado há uma lanchonete local, familiar, Lanche do Jorge, serve sanduíches locais maravilhosos, peçam com Tubaina para acompanhar, é perfeito. Recomendo caso alguém for ficar no hotel, atendem das 15 ate a noite.

É um bom hotel, para turismo é excelente, ótimo localização para ir em passeios e o hotel é super conhecido dos uber e transfer, so falar que é no plaza.  Recomendo, fui muito bem atendido pelos funcionários extremamentes educados e cordiais.

Não sei se foi o caso de alguém com notas baixas, mas vale a pena sim, se for atendido como eu fui, nada a reclamar...

Obg a toda equipe, desde recepção, bar, arrumação de quartos, foram todos excelentes e cordiais, ajudaram minha experiência em foz ser ainda melhor !

**As reformas estavam ocorrendo, porém em horário comercial, onde estava fora passeando,a noite é silêncio.**",10,2025-10-10 20:44:04+00,1
 La ubicación y las habitaciones muy limpias .,9,2025-10-11 05:59:04+00,1
" O café da manhã é muito bom. tem uma boa variedade, produtos frescos o suco é muito bom. a piscina é deliciosa, o staff é bem atencioso.  O Hotel está em reforma, as áreas comuns estão modernas os quartos não estão legais, a cama não achei confortável, não dormi muito bem.",8,2025-10-11 13:48:23+00,1
El personal muy amable y predispuesto. El desayuno excelente.  Las camas muy cómodas. Muy limpio. Instalaciones 10 puntos. Recomiendo,10,2025-10-13 00:00:00+00,1
" Gutes Frühstück.  Nettes Personal.  Gutes Bett  Baustelle vor dem Fenster. Aber nicht vor 09:00.
Also nicht sehr störend 
Eine Flasche Wasser gratis wäre eine nette Begrüßung nach der Anreise.",9,2025-10-13 23:43:23+00,1
A equipe muito simpática mas principalmente pela pessoa Zé do Norte muito antecioso e competente bastante profissional bem legal,10,2025-10-14 00:00:00+00,1
"Exelente hotel atendimento muito bom, exelente café da manhã, exelente área de lazer com piscinas, exelente limpeza em todo o hotel!!!",10,2025-10-14 00:00:00+00,1
"Gostei muito do hotel quartos com tamanho bons, chuveiro excelente, limpeza nota 10 sempre tudo muito limpo, restaurante do hotel muito bom comida farta, exelente café da manhã,  Funcionários muito atenciosos!!!",10,2025-10-14 16:33:35+00,1
 Large comfortable room and shower. Friendly staff but their English is very limited.  There to be a menu in English in the restaurant. Menu is limited and the service is very slow.,8,2025-10-15 15:38:28+00,1
Ameiiiii,10,2025-10-16 00:00:09+00,1
"This hotel was a great deal for the price. It was clean, had good service, and offered a safe property to rest for the night. The hot tub was great. The breakfast selection looked amazing, we had to take ours to go so we didn’t get to try a lot of the food, but it looked great! I would definitely recommend this place to others!",10,2025-10-18 00:00:00+00,1
" Hotel muito bom! Gostei do cafe da manhã, chuveiro, camas confortáveis, roupa de cama  trocadas diariamente, piscinas limpas. 
Área kids ....
Gostei muito do atendimento dos recepcionistas. Sempre que surgia alguma dúvida prontos para atender... inclusive consegui resolver algo sobre financeiro quando já havia feito o check-out.  Da acústica, hotel um pouco barulhento, comida também do restaurante poderia ser melhor... mas nada que irá atrapalhar a estadia.",9,2025-10-18 22:37:46+00,1
"Fiquei hospedada na Semana das Crianças, durante as férias com a família. Achei o café da manhã bom e a limpeza dos quartos também. 
Alguns pontos que não gostei: no banheiro do meu quarto (3 andar) era possível ouvir a música do restaurante, que só parava depois das 22h30 — então, até esse horário, precisava ficar ouvindo e como tenho sono leve, antes desse horário não conseguia dormir.
Os funcionários são educados, porém acredito que sejam poucos para o tamanho do hotel. Precisei de toalhas na área da piscina, que funcionava a partir das 10h, e mesmo já tendo passado desse horário, não havia ninguém disponível. Precisei procurar um funcionário pra atender e na hora de devolver as toalhas, aconteceu a mesma coisa.
Fui com minha família às Cataratas e saímos de lá completamente molhados. Chegamos ao hotel por volta das 15h30 querendo tomar banho e descansar, mas o quarto ainda não estava arrumado. A funcionária informou que estaria liberado até as 16h, então decidimos descer para a área da piscina e usar a jacuzzi enquanto esperávamos e também para aquecer o corpo — porém, ao chegar, as duas estavam sendo limpas. Foi uma situação bem desconfortável. Mesmo porque piscinas e jacuzzi eram limpas antes das 10, qdo os hóspedes não podem usar a área da piscina.
No dia seguinte, saí cedo e pedi que meu quarto fosse arrumado até as 13h, pois queria descansar após o almoço. Anotaram meu pedido, mas, ao voltar, encontrei o quarto do mesmo jeito e novamente não consegui descansar. Da hora que eu saí até voltar foi um intervalo de 4 horas, então, não foi um pedido impossível...
Outra situação chata aconteceu no check-out: cobraram uma cerveja que não foi consumida. Expliquei que não bebo, e o valor foi retirado da conta. Esse relato não é uma reclamação, apenas um alerta para quem for se hospedar e para a gerência do hotel— fiquem atentos!! Não sei se alguém entrou no quarto e tomou a cerveja, deixando a lata vazia no frigobar, ou se foi um erro de conferência antes do meu check-in. De qualquer forma, foi algo estranho e que nunca havia acontecido comigo antes. Fiquei muito indignada por isso resolvi relatar.",6,2025-10-19 00:00:00+00,0
Pare ser muito bom!,10,2025-10-19 17:11:11+00,1
"A banheira da hidro é bem quente, só estava suja. O hotel é melhor pessoalmente do que pelas fotos. Amei minha estadia. O espaço de brinquedos baby e a copa foram essenciais. Meus filhos tem um ano e 8 meses. Foi tranquilo. As redes fizeram toda diferença. Já quero voltar!",10,2025-10-20 00:00:00+00,1
"Fiquei hospedada na Semana das Crianças, durante as férias com a família. Achei o café da manhã bom e a limpeza dos quartos também.
Alguns pontos que não gostei: no banheiro do meu quarto (3 andar) era possível ouvir a música do restaurante, que só parava depois das 22h30 — então, até esse horário, precisava ficar ouvindo e como tenho sono leve, antes desse horário não conseguia dormir.
Os funcionários são educados, porém acredito que sejam poucos para o tamanho do hotel. Precisei de toalhas na área da piscina, que funcionava a partir das 10h, e mesmo já tendo passado desse horário, não havia ninguém disponível. Precisei procurar um funcionário pra atender e na hora de devolver as toalhas, aconteceu a mesma coisa.
Fui com minha família às Cataratas e saímos de lá completamente molhados. Chegamos ao hotel por volta das 15h30 querendo tomar banho e descansar, mas o quarto ainda não estava arrumado. A funcionária informou que estaria liberado até as 16h, então decidimos descer para a área da piscina e usar a jacuzzi enquanto esperávamos e também para aquecer o corpo — porém, ao chegar, as duas estavam sendo limpas. Foi uma situação bem desconfortável. Mesmo porque piscinas e jacuzzi eram limpas antes das 10, qdo os hóspedes não podem usar a área da piscina.
No dia seguinte, saí cedo e pedi que meu quarto fosse arrumado até as 13h, pois queria descansar após o almoço. Anotaram meu pedido, mas, ao voltar, encontrei o quarto do mesmo jeito e novamente não consegui descansar. Da hora que eu saí até voltar foi um intervalo de 4 horas, então, não foi um pedido impossível...
Outra situação chata aconteceu no check-out: cobraram uma cerveja que não foi consumida. Expliquei que não bebo, e o valor foi retirado da conta. Esse relato não é uma reclamação, apenas um alerta para quem for se hospedar e para a gerência do hotel— fiquem atentos!! Não sei se alguém entrou no quarto e tomou a cerveja, deixando a lata vazia no frigobar, ou se foi um erro de conferência antes do meu check-in. De qualquer forma, foi algo estranho e que nunca havia acontecido comigo antes. Fiquei muito indignada por isso resolvi relatar.",6,2025-10-20 01:44:46+00,0
 Buena ubicación,10,2025-10-20 09:09:04+00,1
" Tudo muito bom, academia, café da manhã. O fato de ter uma Florybal no hotel é demais, minha sogra amou.
Além disso, a localização é perfeita.",9,2025-10-22 19:01:02+00,1
"Boa noite,
Gostaria de parabenizar toda a equipe do hotel, em particular ao funcionário Mateus que com sua simplicidade, atenção e profissionalismo nos cativou. As acomodações e limpeza são impecáveis, não fica nada a dever para um hotel 5 estrelas, voltaria outras vezes.
Grato a todos",10,2025-10-22 21:57:44+00,1
Excelente,10,2025-10-23 20:58:17+00,1
" Tudo muito bom.
Acomodação, café da manhã, localização.
Funcionários atenciosos.",10,2025-10-24 12:36:07+00,1
 muito bom.,10,2025-10-25 12:03:56+00,1
Fiquei 5 dias no hotel e fui muito bem atendida em todos os aspectos. Funcionários muito educados e cortês. Recepção muito atenciosa e prestativa. Gostei muito e pretendo voltar.,10,2025-10-25 20:46:26+00,1
" Very profesional te-am, staff speak so many languages..
Food is delicious
Gym is with good equipment 
Big pool with good water temperature",10,2025-10-26 13:22:23+00,1
" A estrutura do hotel é boa: quartos grandes, corredores largos. Café da manhã muito completo. Jantar da meia pensão muito saboroso, mas poucas opções. Se der sorte de ter buffet (e nenhuma garçonete te tratar como mentirosa), há mais variedade: tudo é bem saboroso.  Ih, foram tantas coisas... Pra começar, comprei meia pensão e, no check-in, o funcionário NÃO SABIA que minha reserva era com meia pensão. Imaginei que houvesse um controle melhor em um hotel grande e BEM CARO. Peguei a chave do quarto e, ao chegar lá, a porta não abria. O problema ERA A PRÓPRIA PORTA, não o cartão. Voltei à recepção e ME FIZERAM VOLTAR AO QUARTO COM A PORTA EMPERRADA COM UM FUNCIONÁRIO. O funcionário teve de 'validar' o problema, como SE EU ESTIVESSE MENTINDO! Ainda me perguntaram se eu queria ficar naquele quarto porque mandariam arrumar a porta. Essa pergunta NEM DEVERIA SER FEITA! Na verdade, deveriam trocar o quarto assim que sinalizei o problema. É um hotel grande, QUATRO ESTRELAS, não uma pensão.

Me deram outro quarto e aí foi uma chuva de problemas, mas eu já estava cansada: imagina descer e subir com um funcionário pra confirmar o que eu estava falando? A humilhação inicial já foi suficiente. Pedi CAMA DE CASAL e, no segundo quarto, havia duas camas de solteiro. De novo: não há controle sobre as preferências do hóspede? Não sabiam que eu tinha pago meia pensão, não sabiam que pedi cama de casal (CONFIRMADA aqui na plataforma), enfim, TOTAL FALTA DE ATENÇÃO. No quarto, as tomadas ao lado da cama eram SOLTAS. No banheiro, a torneira estava bamba e, na água fria, saía somente um fiozinho de água: para ter um fluxo NORMAL, era preciso abrir a água quente, mas aí queimava as mãos. O registro do chuveiro estava solto, o que dificultava a temperagem da água. MUITO RUIM, DE VERDADE!

No segundo dia, qdo fui jantar, uma garçonete me disse para voltar depois, porque poderia comer no buffet. Achei interessante, porque as opções da meia pensão são reduzidas. Qdo voltei, outra garçonete me confrontou, de novo, COMO SE EU ESTIVESSE MENTINDO! É praxe do hotel não acreditar nos hóspedes? Em resumo: paguei caro, fui tratada como mentirosa e recebi quartos com problemas. NÃO PRETENDO VOLTAR NEM RECOMENDO! PÉSSIMO!",1,2025-10-27 03:22:08+00,-1
"Estive hospedada por 1 semana no hotel Foz Plaza, que fechei pela agência de turismo Loumar.
Gostamos muito.
O hotel está em obras, que é importante para melhorias, mas não nos atrapalhou em nada.
Excelente café da manhã. Com opção de crepe, tapioca e omelete que fazem na hora como queremos (oferecem opção de recheio doce e salgado).
O quarto é maravilhoso.
O que deixo como ponto de melhoria, pra mim, é o sinal da internet que estava bem ruim, as opções de canais na televisão são bem limitados e a claridade do quarto. O bloqueio das cortinas não vedam 100% da claridade, pra mim, atrapalha. Mas nada que gere insatisfação e sim, melhoria para quem gosta de escuro absoluto como eu.
Muito bem localizado. Dá para ir ao Shopping Catarata JL a pé e tem muitos restaurantes perto.
Super recomendo.",10,2025-10-27 14:31:00+00,1
"Very loud room facing a very busy road. Wi-Fi only worked half of the time. Very nice breakfast, good location close to the central bus station.",8,2025-10-28 00:00:00+00,1
Muito bom,10,2025-10-28 13:47:48+00,1
" Quarto amplo, chuveiro excelente área da piscina muito bonita e completa, café da manhã excepcional. Destaque especial para o pão de queijo que tem gosto de queijo. Muito difícil achar um pão de queijo gostoso fora de MG  Tudo atendeu minhas expectativas",10,2025-10-28 17:49:21+00,1
"O hotel é bem completo, com restaurante e uma ótima estrutura. O café da manhã é bem sortido, com boas opções tanto de doces como de salgados e frutas. O atendimento da recepção também é bastante atencioso! E tanto faz chegar ao hotel no período do dia quanto da noite! Agradeço a atenção dispensada por todos!!! Recomendo!",10,2025-10-29 00:00:00+00,1
 Spacious and clean room.  Large selection for breakfast.  Good services and kind personnel.  Good value.  It took a long time for room to cool even at lowest temperature.,8,2025-10-29 00:08:07+00,1
" Quarto amplo e bem cuidado  Fiquei no primeiro andar, barulho da rua no final de semana",10,2025-10-29 17:57:52+00,1
"O hotel é ótimo, bem conservado e os atendentes prestativos e educados. O único porém é o Wi-Fi que pelo menos no meu quarto não funcionava direito. Passamos a informação na recepção, mas não houve melhora.",10,2025-11-03 00:00:00+00,1
" O staff muito prestável. O staff da recepção em especial foi extremamente atencioso, prestaram um serviço incrivel. 
Cafe da manhã bem organizado e com variedade. Cocktails do bar da piscina excelentes.
Quartos espaçosos.  Algumas coisas no hotel nota-se que são mais antigas a apesar da remodelação. Os cartões de acesso aos quartos desmagnetizam com muita facilidade. Os quartos e corredores  do 4o piso ficam muito quentes em dias de calor.

No primeiro dia deixamos cair um vaso e espalhou alguma terra no chão, e no dia seguinte após a limpeza continuava a terra no chão. Penso que tenha sido lapso porque efetivamente todo o restate quarto parecia muito bem limpo....",8,2025-11-03 14:54:19+00,1
"Fui para um Congresso em Foz e fiquei hospedada no hotel.
Minha experiência fui maravilhosa.
Ao entrar no hotel já fiquei encantada, estava todo decorado para o Natal e muito cheiroso.
O hotel é muito limpo, as camas aconchegantes e o banho excelente.
O café da manhã era perfeito, muito saboroso. Pães e bolos novinhos e deliciosos.
A piscina é linda, não consegui usar pela agenda do Congresso, uma pena.
Os funcionários muito atenciosos.
No sábado a noite jantamos no hotel e fomos muito bem recebidos. Dois funcionários nos auxiliaram na escolha dos pratos e do melhor vinho para harmonizar. Foi muito enriquecedor. Tivemos uma verdadeira aula.
Adorei nossa 🤩 hospedagem.
Recomendo certeza.",10,2025-11-03 16:18:51+00,1
"Excelentes infraestructura.
Habitaciones impecables. Muy buen servicio de WiFi.
Lo malo es que en un régimen de Media Pensión, cobren las bebidas en la cena.",8,2025-11-03 22:35:39+00,1
 Indeling hotel. Ruime kamers. Faciliteiten in het hotel  Afstand tot centrum.,8,2025-11-04 00:03:50+00,1
"Experiência muito boa no Foz Plaza! Quarto confortável, equipe simpática e bom café da manhã. Fiquei bem satisfeito com a hospedagem.",10,2025-11-05 00:00:00+00,1
 Excelente !!,10,2025-11-05 01:44:16+00,1
"Boa tarde.
Estou gostando muito da minha estada aqui.
Cheguei dia 06/11/25 ; tenho até amanha pra curtir esse hotel.",10,2025-11-08 17:00:23+00,1
"Otimo hotel!!
   Ja me hospedei varias vezes e seguirei me hospedando.",10,2025-11-09 00:00:00+00,1
" Os funcionários muito educados , lençóis ,cobertores, banheiro, limpos , café da amanhã maravilhoso !  O Ar condicionado pingava muito, além do cheiro ruim q saia dele ! Pedi a recepção  uma solução  e um dos colaboradores sugeriu colocar algumas toalhas  ..Eu disse que não , pq iria fazer barulho da mesma forma ! 
Após insistência de minha parte , nos trocaram de quarto onde o ar tbm tinha um cheiro ruim além de  não ter os mesmos benefícios  do premium q eu havia pago ! Pela manhã pedi os adicionais q estavam inclusos mas não enviaram … desisti!  Pecam  muito na higienização  do Ar condicionado ! É só entrar nos quartos e olhar a quantidade de sujeira q estão nas pás !  Os quartos não possuem boa acústica , vc ouve a tv e a descargas dos quartos laterais ! Tirando isso o hotel tem muitas opções internas !",6,2025-11-09 03:10:38+00,0
" localização.  Esperava um pouco mais de conforto nos quartos, e limpeza geral. 
Mas o pior foi que tivemos um problema no quarto, e tivemos 0 assistência e ou compreensão do hotel.",6,2025-11-10 14:16:22+00,0
" I was well presented with decorations .  Poor staff attitude . Non English speaking staff which made it near impossible . 
Breakfasts lacked freshness. Being in Brazil it was weird not to be able to get a decent coffee.",4,2025-11-12 00:15:40+00,-1
" Fui 2 veces al Hotel , la primera vez quedamos enamorados , la segunda estaban arreglando alguna de las instalaciones , pero en general es muy bueno  , el hotel tiene muy buena ubicación , el desayuno es excelente .Lo recomiendo .  En la parte de afuera , en la barra de la pileta , le falta mejorar la música y agregar maquina de café .",8,2025-11-12 21:42:59+00,1
"L'emplacement est bon mais assez loin du centre.
Réception très professionnelle.
Accueil excellent.
Le personnel est sympathique.
La chambre est propre et confortable.
La piscine est glaciale.
Dommage aucun service proposé par l'hôtel.
Même un taxi il faut se débrouiller.",8,2025-11-13 00:00:00+00,1
"Na chegada para fazer o Check in,a moça da recepção mal humorada e mal respondia meu esposo,uma indiferença que incomodava qualquer um!!!

Café da manhã sem muitas opções e variedades,a moça que faz tapioca e omelete,perdida na execução e entrega devido aos muitos pedidos e ela sozinha pra fazer todos,pela demora,algumas pessoas até desistiam

A estrutura do Hotel é excelente,lugar bonito, porém funcionários se mostram mal humorados e sem vontade nenhuma de serem receptivos com os hóspedes

Com certeza não voltarei aqui e não indicaria para outra pessoa, mais valeu a experiência",4,2025-11-14 16:46:26+00,-1
 Hotel com ótima infraestrutura e quarto excelente  Café da manhã ficou desejável e funcionários sempre mau humorados,7,2025-11-15 00:21:34+00,0
"A estrutura do hotel é ótima e o café da manhã é bem diversificado, porém tenho duas reclamações a fazer: 1ª ficamos no quarto 207 e o ar condicionado não funciona. 2ª fala que o restaurante fica aberto ate as 22:30, fomos as 21:45 e uma senhora não queria mais atender falando que a cozinha ja estava fechando.",6,2025-11-16 18:28:53+00,0
"Problemas no ar condicionado do quarto , não solucionado quando solicitado … posteriormente declaram problema é mudamos de quarto",6,2025-11-17 00:00:00+00,0
 Escelente desayuno  el jacuzzi estaba bastante frio y piscina también,9,2025-11-18 13:15:15+00,1
 El desayuno excelente muy completo.,10,2025-11-20 09:19:24+00,1
" Cordialidade, atenção  Maçaneta do quatro caindo, todo dia entrava água no piso do quarto",8,2025-11-21 00:07:25+00,1
Perfeito,10,2025-11-21 06:42:42+00,1
" Pulizia, staff, hotel moderno",10,2025-11-21 10:11:22+00,1
"Foram quatro visitas a Foz, mas nenhuma como esta. Pela primeira vez nos hospedamos no Foz Plaza Hotel, e sem dúvidas foi a melhor experiência que já vivemos na cidade. Foi a viagem em que mais descansamos, aproveitamos cada momento e nos permitimos simplesmente estar — e grande parte disso se deve a esse lugar encantador.

Do check-in ao checkout, tudo foi perfeito. O quarto era maravilhoso, e ainda fomos surpreendidos com uma caixinha de bombons e uma miniatura da fragrância exclusiva do hotel, que é simplesmente divina. Trouxemos o cheirinho para casa, como uma forma ter sempre perto de nós a lembrança desses dias tão especiais.

O café da manhã é impecável, cheio de variedade, e com aquela tapioca e omelete feitos na hora, que fazem toda a diferença e deixam tudo ainda mais acolhedor.

Mas foi a área externa — a piscina, o jardim, a paz que o ambiente transmite — que conquistou de vez o nosso coração. Sem dúvidas, o Foz Plaza se tornou a nossa casa em Foz.

Voltaremos em 2026, já com saudade e com a certeza de que este foi apenas o primeiro capítulo de muitos momentos inesquecíveis por lá.❤️",10,2025-11-22 00:00:00+00,1
.,10,2025-11-23 00:00:00+00,1
" Muito caro para o que entrega  Bom mas antigo, café podia ser melhor e instalações ! Paguei caro para algo não tão bom",7,2025-11-24 14:01:05+00,0
" O quarto era muito confortável, cama e chuveiros ótimos. O quarto também era amplo, o que dava bastante espaço para lidar com malas. Um guarda roupa para ajudar e a tomada na cabeceira que ajudavam bastante. A área da piscina, o café da manhã e os drinks do bar estavam ótimos também. O café da manhã merece destaque, uma grande variedade de opções e todas as que eu provei eram boas.  Achei o atendimento dos funcionários no geral pouco gentil e acolhedor. Não nos destrataram, mas eram bem secos ou pouco interessados em ajudar. Vale dizer que não foram todos, mas esse tipo de desconforto aconteceu mais de uma vez com funcionários diferentes.",9,2025-11-25 15:55:29+00,1
" La amabilidad de los empleados, el estilo navideño",10,2025-11-26 10:56:08+00,1
" O café da manhã era uma delícia, com.opções de tapiocas, crepes e omeletes feitos na hora. A piscina é bem gostosa, não fica cheia pq é espaçosa. A cama é bem confortável e os produtos de higiene muito cheirosos.  O preço da água era R$8,00, poderia ser mais barata e a cortina poderia vedar melhor a entrada da uz de manhã, mas nada que atrapalhasse muito.",10,2025-11-26 20:13:11+00,1
" Todo, las instalaciones, el personal, la limpieza. Volvería sin dudar.",9,2025-11-27 15:57:40+00,1
" Localização, conforto e limpeza são destaques.  Não tenho comentários negativos.",10,2025-11-29 19:59:38+00,1
 Café da manhã.,9,2025-11-30 08:31:53+00,1
" Café da manhã maravilhoso.  Não gostamos da cobrança a parte do estacionamento. Por mais que seja um valor baixo por dia estacionado, acredito que um hotel desse porte não tem necessidade de estar cobrando diária de estacionamento de quem ja esta hospedado.",8,2025-12-01 02:39:04+00,1
 CAFÉ DA  MANHÃ É MUITO BOM  O SISTEMA DE AR CONDICIONADO DO QUARTO PRECISA SER RENOVADO,8,2025-12-01 17:36:59+00,1
"Exelente experiencia, estuvimos con mi hija y mi nieta, muy buena atención, muy buen desayuno",10,2025-12-04 00:02:59+00,1
" Die Freundlichkeit des Personsals,, die Sauberkeit und die gute Küche lässt das Hotel nur empfehlen. Das Frühstück-Buffet ist außergewöhnlich gepflegt und  lässt keine Wünsche offen. Auch Glutenfreies Brot und Gerichte wurde nach unserem Wunsch serviert. Vielen Dank für diesen wunderschönen mehrtägigen Aufenthalt! 
Nicht zu vergessen die schöne Schwimmbadanlage, die wir nach langen Wanderungen voll genossen.  Für ein Hotel von dieser Klasse wäre eine englisches Speisekarte für ausländische Gäste 
zu empfehlen!",10,2025-12-04 15:10:03+00,1
" Hotel em reforma. Acomodações confortáveis, chuveiro excelente. Boa localização. Área de lazer do hotel é ótima e serviço excelente.  Nada",10,2025-12-06 00:49:32+00,1
" Principalmente el buen trato y cordialidad del personal, especialmente en la cantina de la piscina, excelente atención!!
Hemos pasado unos lindos días, en una buena ubicación, buen restaurante...  Siempre hay algo, pero hicimos las mínimas observaciones nuestras en frontdesk al check out, prestando el personal mucha atención y agradeciendo las mismas.",9,2025-12-06 01:15:24+00,1
"Estancia dias 2/3-12. La foto de la habitación habla por si sola, no se sabe si es de una residencia estudiantil o de un geriatrico, donde la forma de ver 4*, es cayendote de la cama (80 cms.). En el centro, se debe de referir a la equidistancia de cualquier comercio que pueda interesar a un turista (no menos de 1,2 km). Una cosa es lo que anuncian y otra lo que venden. Buen desayuno. NO RECOMENDABLE. Luce el Lobby y la piscina.",2,2025-12-07 10:55:16+00,-1
"Atendimento, quatros , tudo perfeito",10,2025-12-07 12:22:17+00,1
"Ótima opção de hospedagem em Foz do Iguaçu. Quartos limpos e amplos, bom café da manhã e boas piscinas e ótima localização.",10,2025-12-07 19:21:33+00,1
"O hotel é incrível em todos os aspectos
Meia pensão e café da manhã muito bom!!!",10,2025-12-07 21:06:31+00,1
" Desayuno muy bueno, con muchas opciones",9,2025-12-07 22:57:27+00,1
" Good location with nearby restaurants and bars.  Great staff, and lovely rooms  WiFi not great",10,2025-12-09 21:40:12+00,1
 Café da manhã delicioso e com variedades de alimentos quentes e natural.  Ampliar as opções veganas e vegetarianas.,10,2025-12-09 21:49:27+00,1
" Limpeza impecável, camas confortáveis, café da manhã excelente, a estrutura do hotel não deixa em nada a desejar!",10,2025-12-11 00:08:57+00,1
"Hotel com ótimas instalações, boa infraestrutura, quartos com camas de ótima qualidade, chuveiro muito bom.
Mas precisa melhorar muito no atendimento aos hóspedes.
A internet wifi é de péssima qualidade, sinal ruim, lenta, muito ruim mesmo, a pior internet de todos os locais que me hospedei até hoje. A comida precisa melhorar, a massa da pizza parece de supermercado, a porção de frango é ruim, macarrão mais ou menos. A localização do hotel não tem padaria e nem restaurante perto. Precisa melhorar para ser um hotel de ótima qualidade.",6,2025-12-11 14:38:08+00,0
" A localização do hotel é excelente! Os funcionários muito gentis e solícitos . No café da manhã, tinha opção de crepe e tapioca feita na hora, isso foi bacana.  O hotel está em obra, e na havia nada no anúncio do booking falando desse transtorno. Não podíamos abrir as janelas, mesmo estando no quarto andar pois os andaimes estavam por toda parte de fora, sem privacidade e muito barulho de furadeira, martelete e conversa dos pedreiros. O ar condicionado pingava dentro do quarto. A obra passava das 17h.
A noite eu na podia abrir a janela pois os andaimes continuavam instalados e tinha receio de alguém subir por eles e entrar no me quarto.
O primeiro quarto que nos deram na funcionava o AC e tivemos que aguarda uma hora e meia pra troca de quarto. Ou seja o check In que seria às 15h foi feito quase 17h l que nos fez perder uma tarde de passeio",6,2025-12-12 15:24:25+00,0
"Hotel confortável, atendentes eficientes e boa estrutura, bom custo benefício, se você quer um hotel OK, essa é uma boa alternativa, porém se você quer algo a mais não recomendo! Hotel peca nos detalhes! Atendentes são eficientes mas não são nem um pouco simpáticos, da recepção, as moças que limpam o quarto até o pessoal do café da manhã. O quarto que fiquei não tinha internet na TV, pedi uma refeição de almoço e a carne estava dura, reclamamos porém não deram nenhum retorno, Wi-Fi disponível era muito ruim, cartões para acessar o quarto toda hora dava problema, secador de cabelo do quarto não funcionava, achamos uma barata no quarto, éramos em 4 pessoas e me disponibilizaram um quarto para 3, no dia que cheguei eu liguei na recepção e a atendente simplesmente me disse que não podia fazer nada, no dia seguinte um outro funcionário foi um pouco mais inteligente trocou o meu quarto, porém passei a primeira noite bem desconfortável, minha mãe é idosa e precisava de um banheiro com barra para segurar ou um suporte de acento para privada, porém não me disponibilizaram nenhum dos dois, minha mãe teve dificuldade para usar o banheiro todos os dias!
É a 4 vez que me hospedo no hotel, e percebi que o hotel passou por uma reforma grande interna e está agora reformando a fachada, me parece que está em busca de ser um hotel com um nível mais alto, o hotel está cada vez mais bonito, porém está pecando nos detalhes e não está proporcionando uma excelente estadia para os hóspedes.",6,2025-12-13 00:00:00+00,0
" Bom café da manhã, nos atenderam super bem na recepção, quarto grande, 800 metros de um shopping, 3 piscinas com profundidades diferentes, boa vomitar  Moça que faz Tapioca no café da manhã, muito mal humorada",10,2025-12-13 02:50:51+00,1
Internet vplicada conexão,8,2025-12-14 00:00:00+00,1
" Localização boa. Atendimento na recepção muito bom, bem com no café da manhã.  Cartão apresentava erro/demora para destravar a porta do quarto. Preciso exagerado em relação a outras acomodações equivalentes na cidade.",8,2025-12-14 14:54:04+00,1
Muito bom pra categoria!!,8,2025-12-16 16:23:09+00,1
 Café bom e serviço de restaurante  Poderiam melhorar o espaço da academia,8,2025-12-17 13:35:45+00,1
" O hotel é muito bom para famílias. A parte das piscinas é uma atração a parte. O café da manhã muito bom, a equipe nos atendeu perfeitamente. As camas muito confortáveis, a estadia de modo geral muito confortável.  O wifi não era muito bom, e a TV do quarto era mais antiga, não tinha smart tv,",9,2025-12-18 10:15:21+00,1
"Na minha primeira experiência com a família, em 2024, a hospedagem foi excelente.
Já, recentemente, em dezembro/2025, foi bem pior que a anterior.
Ficamos inicialmente em um quarto com 3 camas de solteiro, que o ar condicionado pingava. Solicitamos a troca de quarto e foi prontamente atendido, sendo realocado para um quarto com as desejadas camas de casal e de solteiro, porém com a janela virada para a rua, sem qualquer isolamento acústico. Para crianças atípicas (autismo), isso é terrível, principalmente quando transita alguns carros e motos de altas cilindradas/potência.
Pelo que pude ver, as piscinas e as jacuzzis não são mais limpas diariamente, o que faziam constantemente na primeira oportunidade.
Ainda, sobre a questão da piscina, haviam algumas crianças, sem educação alguma, se degladiando dentro da piscina, podendo machucar outras crianças, e tal ato sequer parou após reclamar com um funcionário.
O hotel não conta com PIX Saque, para utilizar o dinheiro nas cadeiras de massagem, tendo o hóspede se deslocar por dezenas de quarteirões até uma agência bancária para efetuar o saque. Para minimizar, poderiam ao menos insatalar uma central de cartão em cada cadeira, facilitando o uso, sem precisar do longo calvário para conseguir papel moeda.
Também em um jantar no restaurante do hotel junto com a família, acabei escorregando em uma poça de água que sequer estava sinalizada, derrubando minha filha também, sem qualquer intenção minha. Somente fizeram uma sinalização depois do ocorrido, e nem tentaram secar.
Os pratos solicitados no pedido desse jantar, demoraram mais de 1 hora, inclusive servindo outros hóspedes que chegaram após nosso pedido. Tentamos, diversas vezes, saber o motivo da demora e sempre diziam ""daqui a pouco"".
O café da manhã é razoável, com poucas  opções e variações diárias.
Em relação aos valores dos itens consumíveis, são justos.",4,2025-12-19 22:50:59+00,-1
" Adoro os espaços. Para quem tem criança é um hotel excelente. Esse ano fomos em 10 famílias, então ficou muito aconchegante. A decoração de Natal é linda.  Preço das bebidas um pouco alto.",10,2025-12-20 02:41:23+00,1
" Quarto amplo, tudo limpo e organizado. Café ☕️ muito bom, com opção de omelete ou tapioca feito na hora.  A recepção (um rapaz), não foi muito comunicativo, não falou sobre a opção de garagem coberta, por ser paga presumiu que não íamos querer, também foi muito desatento pois chegamos adiatado fizemos o preenchimento cadastral e ficou de nos avisar quando liberassem o quarto (pois não estava limpo), simplesmente ESQUECEU,  quando fui perguntar que lembrou. Nós deixou na recepção esperando, nós e outro casal que também chegou antes.",10,2025-12-20 15:31:01+00,1
"The biggest problems were that the AC was not sufficient to cool the room, and the noise from the pool area was too much. Kids screaming at the pool until 11PM even though it said the pool closed at 10PM. Also they had a band at the pool for several hours and the guy had a terrible voice.",6,2025-12-21 00:00:00+00,0
" O café da manhã se supera e a comida do hotel tambem é boa, vale o custo beneficio  A internet do hotel é bem mais ou menos vivia caindo e instavel, para uso profissional não recomendo.
Outro problema que me deixou chateado e ter que pagar a mais por estacionamento coberto
As piscinas do hotel tem até um bom tamanho, porem elas estão na maioria da tarde sem sol porque o hotel cobre o sol.
Tambem na area de lazer tem uns fliperamas tem que ser pagos a parte, isso deveria estar incluso e seria muito legal para passar o tempo",8,2025-12-22 19:52:30+00,1
"Hotel muito bem localizado, cama confortável, com boa organização e climatização. Além de nos ajudarem com guarda-chuva quando precisamos. Funcionários bastante atenciosos.",10,2025-12-23 16:02:17+00,1
 estrutura boa  atendimento extremamente sem educação pouco caso com o hóspede,2,2025-12-23 16:15:43+00,-1
"Tout était parfait , un rapport qualité prix impeccable",10,2025-12-24 00:00:00+00,1
" Recepção excelente
Quarto excelente 
Café da manhã maravilhoso
Área de lazer sensacional
Garagem com ponto para recarga para carro elétrico foi um diferencial 
E toda equipe que nos atendeu , desde recepcionista, garçons, copa,  zeladoria , enfim todos sem exceção sempre nós atenderam muito bem. 
Agradecemos a todos, muito obrigado.",10,2025-12-24 23:35:51+00,1
Rooms are ok,6,2025-12-25 00:00:00+00,0
 Acomodação,10,2025-12-25 14:05:27+00,1
" El hotel es hermoso, lamentablemente no pudimos disfrutarlo mucho por que llegamos tarde y nos fuimos en la madrugada.
Es perfecto para familias con niños, tiene gimnasio, juegos para niños.  La recepción del personal fue horrible, tenía dudas y el señor lo único que hacía era leerme en un papel cosas como la clave del wifi y cuando intentaba preguntarle algo no me respondia y seguía con indicaciones que no pedí. Le consulto(ya que llegamos a las 22hs y nos fuimos a las 3am) que no íbamos a poder desayunar y si podía darnos algo de cortesía para el niño, lo que sea, una fruta un pan lo que sea, nos contestó que no, a pesar de saber que íbamos a estar en el hotel solo 5 horas. Finalmente y lo peor de todo.. se quedó con nuestros documentos, nos los pidió y no solo que no los devolvió, si no que tampoco llamó a la habitación para que los buscarámos ni los acerco nadie, al momento de irnos TAMPOCO nos dieron los documentos, si nosotros no recordábamos a las cuadras de irnos, podíamos perder los vuelos por el gran error y mal atención de ese señor. Lamentablemente no recuerdo su hombre, era un señor mayor.",6,2025-12-25 18:00:40+00,0
"O quarto é espaçoso, as camas são confortáveis. A equipe é atenciosa, muito simpática, destacando a Denise no café da manhã e o Guilherme no bar da piscina. O café da manhã é muito bom. A area de lazer é  bem interessante.",10,2025-12-27 00:00:00+00,1
 Do quarto do café e da temperatura das piscinas  Vários funcionários mal educados grossos no tratamento,6,2025-12-27 00:08:18+00,0
 Boas camas.  Ar condicionado fraco para o calor que fazia.,3,2025-12-27 16:37:04+00,-1
"This is lovely hotel, with great amenities and service. Pools, pool bar, kids games room, tour desk, concierge, taxi stand right out front. Reception was great. Breakfast buffet was excellent.
We booked a family room which was very simple, but fine, just beds crammed into a normal hotel room. However there was a fault with air-conditioning, they had maintenance there within 30mins, and when they couldn't fix, had us transfered to luxury suit with another 30 minutes-so that was fantastic service dealing with problem.",10,2025-12-28 10:52:14+00,1
" Localização 
Café
Infraestrutura de lazar do hotel. 
Equipe do restaurante e camareira.  Ar condicionado modelo bem antigo, que não funciona bem;
Infiltração de água em alguns locais;
A pia do banheiro no apartamento estava entupida, e ninguém veio consertar mesmo avisando.",6,2025-12-28 16:16:33+00,0
" Totul a fost perfect!!!
  Piscine super!!!
   Bauturi foarte buna!
   Mic dejun profesional!
  Personalul de TOP!  Am primit orientata la strada cu niste cilere de aer conditionat foarte galagioase!
  Am facut reclamatie la receptie so ne-a schimbat pe loc camera!!! Nota 10!",10,2025-12-28 20:21:18+00,1
" Todo excelente..  El aire acondicionado, podria mejorar ya que el calor era sofocante",10,2025-12-29 00:14:12+00,1
" Céntrico.
Desayuno muy bueno y variado.
Cama grande y comoda.  Mucho lio con las comandas en el bar de las piscinas.
Entraba mucha luz del amanecer en la habitación y mucho ruido a la noche de los generadores que estan justo debajo de la ventana.( habitación 202)",7,2025-12-29 02:53:15+00,0
" Desayuno normal. Agradable la zona de piscina y bar  Cochera sin techo, en algunos casos.",8,2025-12-29 12:45:45+00,1
" fist day i book 3 rooms , i got them 2 in one floor separated from the other and the 3 on one floor up, hotel can made any changes or acomodate , the dinner take to long to serve and food was very bad , we order firts night dinner a burger and some salmon, the burger fell like it was pre-cook the day before fish was no cook property and it took like 45 minutes to get it serve , we order pizza at the pool bar the pizza was under cook and we spend two days in the bathroom  read whatb i like and think about the rest",2,2025-12-29 18:27:40+00,-1
 Adorei as piscinas e a linda decoração de natal incluindo o Papai Noel !  Tudo perfeito. Parabéns pessoal !,10,2025-12-29 22:50:57+00,1
" Café da manhã e localização  Do péssimo atendimento na recepção. Tem uma Senhora “morena e forte” que é o cúmulo da falta de educação e despreparo. Tive que fazer dois pagamentos porque apesar de ajudar, liberando o apartamento às 11h e deixando toda a minha bagagem do espaço reservado do Hotel, ela, de forma grosseira, disse em voz alta que eu teria que pagar o co sumo naquele momento. Perguntei se poderia pagar junto ao almoço e mais uma vez ela fez questão de ser desagradável. Paguei e fomos almoçar no Hall em frente a loja de chocolates. Ar-condicionado desligado o que nos deixou bastante incomodados. Estávamos prontos para a viagem e não iríamos almoçar na área da piscina. 
Para completar, deixamos duas encomendas para serem entregues ao Filho que só sairia no outro dia e quando o mesmo foi procurar, ela mesma falou que ninguém havia deixado nada. Deixamos um livro do Alcorão e uma fita transparente para embalagens. Como ele insistiu, ela pegou um resto de fita que havia no balcão e disse: “tome a fita, então”! 
Suspeitou que meu Filho (apto 513) estivesse mentindo o tempo todo. Quando o mesmo pressionou que iria prestar uma queixa e mais uma vez solicitando que olhassem as imagens foi que resolveram olhar. Após terem visto minha Esposa deixando as encomendas, as mesmas apareceram como num passo de mágica! 
Vi que estão investindo em estrutura mas se não cuidarem dos Colaboradores, não irá adiantar. Esta Senhora (Jovem), estava no turno matutino/vespertino no dia 23/12/2025. Nosso Apto foi o 316.",6,2025-12-30 02:59:39+00,0
 Todo  Nada,10,2025-12-30 10:44:22+00,1
" Tudo maravilhoso, recepção linda, quartos grandes e bonitos, espaços decorados dentro do hotel,, café da manhã incrível, uma grande variedade de comidas saborosas, piscinas aconchegantes, limpas e lugares bem organizados. Atendimento muito bom de todos.  Cobertores do quarto não davam para usar, cheiro não era nada bom.",10,2025-12-30 18:01:56+00,1
"Quarto bom, área da piscina muito boa, bom atendimento, serviço de quarto bom, café da manhã bom, localização boa, academia, área de lazer e espaço pras crianças bom.",8,2025-12-31 00:00:00+00,1
"Foi a segunda vez que me hospedei no Foz Plaza Hotel e percebi que está em constante melhoria. Foi uma estadia muito confortável, roupa de cama e banho de boa qualidade, quanto e banheiro espaçosos, áreas comuns bem equipadas e café da manhã excelente.",10,2026-01-02 00:00:00+00,1
"Fui muito bem recebida pela equipe do hotel. O único porém foi de que meu quarto ainda não estava disponível para ocupação, mesmo assim, deixei as malas na recepção e saí para o primeiro passeio, pois estava com horas contadas. Na volta, recebi a boa notícia de que me deram um upgrade de quarto para o Duplo Premium, com cama extra-grande, chinelos, roupões e chaleira elétrica com chás à vontade. Adorei, pois antes de dormir sempre fazia um chá diferente, como tenho costume.
A área de lazer é maravilhosa, ideal para famílias, e com uma piscina bem grande, redário, lounge, sala de jogos e academia. Como fiquei quatro noites, e muitos passeios para fazer, pois era minha primeira vez em Foz do Iguaçú, pude aproveitar a piscina no sábado pela manhã. Nem cheguei a usar a academia!
O café da manhã é bom, nada muito especial, mas, como estou de dieta, aproveitei a variedade de sucos, omelete feito na hora, e, o que mais adoro: café de máquina! Ah, então eu chegava a tomar capuccino e mocaccino! Senti falta de alguns salgados ou bolos diferentes, mas, nada que prejudicasse o café.
Voltando ao quarto, as toalhas sempre bem brancas, cheirosas e macias, o que me surpreendeu, pois sempre tem toalhas com fibras duras e secas nos hotéis. Ar condicionada funcionando super bem, inclusive eu deixava o dia todo ligado em 18 graus e dormia com o edredom maravilhoso.
Tem um atendimento da Loumar Turismo no hotel, o que facilitou para eu comprar as entradas para as Cataratas, Macuco Safari e Parque das Aves.
Quanto à localização do hotel, eu super recomendo, pois fica a poucos minutos do terminal de ônibus, portanto fui à pé até lá para pegar o ônibus de linha 120, que me deixou em frante ao Parque das Aves e Cataratas. Vale muito a pena pois o preço do ônibus é R$ 5,00, e você pode pagar com dinheiro, cartão de débito ou pix, e tem ar condicionado. Além disso, o Uber do hotel ao aeroporto custou pouco mais de R$ 30,00, enquanto que, se fosse comprar por agência, seria R$ 80,00.
Recomendo muito este hotel, e, com certeza, voltarei lá. Adorei a cidade, e achava que 5 dias seriam suficientes, mas me enganei, pois tem muitos atrativos na cidade e não contava com as chuvas, por isso não consegui ir no Marco das Três Fronteiras e outros passeios. Mais uma vez, recomendo este hotel. Ah, como eu estava de dieta, quando chegava á noite, pedia o prato kids no restaurante, que era o filé mignon com fritas e arroz. O único lado ruim de pedir no quarto, é que demorou muito, então, na outra noite, resolvi descer e comer no restaurante. O ponto negativo foi a demora no atendimento do restaurante, mas creio que é porque só tinha uma pessoa atendendo, e ainda tinha que parar pra atender ao telefone. Ela era bem atenciosa, mas fiquei prejudicada porque ela estava me atendendo, e saiu pra atender ao telefone, demorou e depois foi atender outra mesa. Vi que uma família saiu e desistiu de comer ali, e comentaram que estava muito demorado o atendimento. Talvez seja um ponto que o hotel deva repensar.
Espero voltar lá em breve, e ter este mesmo atendimento nota dez.",10,2026-01-02 00:00:00+00,1
" Limpeza  Barulho, som alto de baladas no Hotel",6,2026-01-02 20:54:12+00,0
"Passei a virada do ano 2025/2026 com minha família, o time do restaurante, bar da piscina e arrumação de quartos não tenho o que falar especialmente o time do restaurante que conduziu o atendimento durante a noite da virada além da educação atendimento perfeito!!! Porém alguns pontos precisam ser revistos para que como hóspedes possamod ser melhor atendidos e assistidos:
- Atendimento da recepcionista da manhã no dia 02/1 (não deu ao menos bom dia, falta de paciência para explicar o late check out, anotou com raiva sem contar a rispidez
- Fila enorme para o check out as 08hs e apenas a recepcionista ríspida para atende
- Os sistema de ar condicionado no quarto está muito precário
- Café da manhã pecou com as frutas. Faltou reposição em algum momento
- Faltou camarão durante o buffet da virada do ano
Quero que entendam minha experiência para melhora superação destes pequenos pontos!
Hotel transitório; para longa hospedagem precisam de ajustes para uma melhor experiência!!!",6,2026-01-02 23:57:09+00,0
 Quarto amplo  Nada,6,2026-01-03 02:49:15+00,0
" Rooms were comfortable and clean, the bar was excellent, and organising transport and tickets to the falls was east with their tour company. We didn't use the pools as there was a heavy thunderstorm but they looked fab  I wasn't a fan of their coffee at breakfast!",9,2026-01-03 17:46:48+00,1
"Que hotel maravilhoso!!! Cama e quarto aconchegantes. Comida maravilhosa, atendimento impecável.",10,2026-01-04 00:00:00+00,1
" Muito confortável, limpo e ótimo café da manhã.",9,2026-01-04 13:33:49+00,1
"Passei Natal e Reveillon no hotel ambas ceias excelentes e saborosas .Foram 8 dias maravilhosos. Próximo do Shopping JL, restaurantes com ponto de táxi em frente. Exceto meninas da recepção turno da tarde que necessitam uma reciclagem e mais empatia todos outros funcionários gentis e muito simpáticos, destaco a Sara ,Fernanda e João Pedro. Precisei imprimir um boleto e não sabia mandar para meu email .Sara e João Pedro prontamente me ajudaram. Já as meninas da tarde perguntei se eles chamavam táxi,(não tinha nenhum no ponto) e ouvi em tom ríspido Não ligamos pra táxi. Quanto café da manhã achei razoável, sempre as mesmas opções ~mas a delicadeza e simpatia da Denise sua equipe tornava tudo maravilhoso. Precisei levar o café para minha mãe que tem dificuldade de locomoção e até garrafa térmica ela cedeu. Excelente. Em relação senhora responsável pelos eventos comida boteco, ceias nota mil. Enfim Super Recomendo o hotel e voltarei com certeza",10,2026-01-05 00:00:00+00,1
" Limpeza, silêncio , cama confortável  Não tenho nada a pontuar",10,2026-01-05 01:49:22+00,1
Ótimo custo benefício. Muito bom,10,2026-01-05 09:16:33+00,1
 El desayuno muy buehno.  La atencion en recepcion mas o menos,7,2026-01-05 13:30:43+00,0
 O hotel tem uma boa estrutura para os hospedes. A localização é boa para quem quer ir até o Paraguay fazer compras e há muitos bons restaurantes na mesma rua e arredores. Os funcionários são atenciosos e há uma empresa de turismo  dentro do hotel onde oferecem todos os passeios.  Da comida do restaurante. Precisa melhorar bastante.,7,2026-01-05 14:36:47+00,0
 Falta cordialidade no atendimento.,10,2026-01-06 12:05:08+00,1
 La piscina  Por obras de remodelacion un poco de ruido,10,2026-01-06 14:46:59+00,1
"Boa tarde, chegamos hoje a nossa surpresa não foi agradável.
Desde o Natal de 2023 frequentamos o hotel de vcs. E para nossa surpresa, nossas reservas que foram realizadas e pagas em setembro,a vista, e não foram atendidas. Solicitamos quartos com vista para a piscina, o que não foi atendido.
Chegamos ao hotel não encontraram nossas reservas e nem havia disponibilidade inicialmente.
Foi nos dito que seremos trocados de quarto, tanto o solteiro como o de casal. Estamos aguardando pela troca de quartos.
O que posso dizer é que os profissionais da recepção foram atenciosos e prestativos com nossas solicitações. Agora é aguardar a mudança, visto que as reservas antecipadas e o pagamento a vista foram realizados, conforme combinado na tratativa.",6,2026-01-06 21:00:42+00,0
Razoável,8,2026-01-07 00:00:00+00,1
"Hotel 4 estrelas mais fraco da minha trajetória de viajante. Café bem razoável, sem variações (todo dia a mesma coisa básica). Fui pegar a pitaya que estava no café e me foi avisado que não podia pq era para enfeite!! Quarto antigo, roupa de cama velha e gasta, até o papel higiênico era inferior. Pelo preço e estrelas esperava mais refinamento, inclusive na alimentação, mas não tem. O atendimento é excelente, mas só isso. Não recomendo e não ficaria novamente. O hotel está passando por reparos e tem sujeira de obra em muitos locais. Estou muito acostumada com viagens em diversos lugares e esse hotel  precisa reavaliar o que oferece aos clientes.",4,2026-01-07 16:10:08+00,-1
" O atendimento da equipe de funcionários é bom, profissionais são educados.  Café da manhã fraco, sem variedade, todo dia a mesma coisa. Fui pegar um fruta que apareceu no café da manhã e não pude pegar pq era para enfeitar, segundo a funcionária!! Quarto antigo, roupa de cama velha e gasta, até o papel higiênico era inferior. Hotel está passando por reparos e tinha muita sujeira de obra. Wi-Fi é péssimo!! Não pega nos quartos. Hotel Sem refinamento. Não recomendo e não fico mais. Nao vale o preço cobrado na alta temporada.",4,2026-01-07 20:47:41+00,-1
"Quarto antigo, roupa de cama velha e gasta, colchão muito usado, até o papel higiênico é daqueles bem inferior. Café da manhã fraco sem variações(todo dia a mesma coisa básica). Wi-Fi não funciona bem nos quartos. O hotel 4 estrelas mais fraco que fui na vida. Está passando por reparos e tem sujeira de obra em muitos lugares. Não vale o preço da diária. A única coisa boa é os funcionários que são educados e tentam ajudar. Não recomendo e não ficaria novamente.",4,2026-01-08 00:00:00+00,-1
"O Hotel está lindo, todo reformado (recepção, restaurante e quarto). O quarto é grande, a ducha é excelente, as toalhas estão novas e de ótima qualidade. O café é muito farto e diversificado. Wi fi e ar condicionado funcionaram muito bem. O preço é justo. Localização perfeita.
A equipe de funcionários compromete a estadia. A funcionária da recepção nem me deu boas vindas. Várias vezes ao passar pela recepção e no restaurante eu dava ""bom dia"" e inacreditavelmente NÃO me respondiam (aliás, isso é comum na cidade, mas não justifica a grosseria)!!!! Presenciei uma funcionária resmungando no corredor e dizendo ""mulher sebosa"", só não sei a quem ela se referia. Para ser justo, vou destacar a simpatia da moça que faz a tapioca no café da manhã, do garçom Júnior na parte da tarde e do João Pedro que fez meu check-out na recepção. Esses 3 deveriam dar um curso de atendimento para os demais!
Agora uma sugestão. O hotel recebe muitas famílias com crianças (a área de lazer é linda!), seria interessante deixá-las todas nos mesmos andares, se fosse possível. Muitas crianças gritam pelos corredores.",8,2026-01-08 17:45:21+00,1
" Adorei tudo, recomendaria o hotel. As instalações são ótimas, confortáveis, espaçosas, o hotel é limpo e bem dividido (o chuveiro e a cama são excelentes). Ter serviço de massagem e a Floribal é um diferencial. A piscina é muito boa. Tive um problema de falha de comunicação em relação ao jantar na reserva que foi facilmente resolvido pelo chef Henrique. Obrigada Henrique, Eliane, Edson (todos da equipe da noite do restaurante )e Maria Cândida da recepção: vocês foram incríveis conosco. Sabem realmente servir com alegria e buscam encantar o hóspede.  O suco do café da manhã poderia ser natural. Aliás, pelos elogios aqui eu esperava mais do café  (não achava os pães e salgados frescos, os pães estavam normalmente mais durinhos). Algumas funcionárias da equipe da cozinha da manhã destoam do restante da equipe sendo pouco cordiais e mal humoradas.",10,2026-01-09 00:37:26+00,1
Maravilhoso o atendimento. Tudo perfeito,10,2026-01-09 00:39:45+00,1
" Tudo excelente, do atendimento às instalações. Ótimo custo benefício. Preço justo para as porções e bebidas. Localização próximo de tudo que vc possa imaginar, afinal este hotel está no centro da cidade.",10,2026-01-09 21:36:15+00,1
 Excelente.  Minha esposa bateu a cara na ponta do guarda sol da piscina pois era muito baixo.,10,2026-01-10 00:14:59+00,1
" Piscinas, bar, estacionamento, área kids e copa. Localização excelente. Atendimento  do restaurante excelente.  Limpeza realizada sempre no fim da tarde em vez de ser pela manhã, o que gerou transtornos porque havia dias que ja tínhamos chegado dos passeios e o quarto estava sujo e faltando toalhas.",8,2026-01-10 15:28:28+00,1
" Estive no hotel com a minha família no Ano Novo e superou minhas expectativas. No jantar, colocaram espaço kids com monitoras, o que tornou o jantar dos pais bem mais tranquilo. Inclusive, só tenho elogios para a monitora Sabrina, que animava e cuidava tão bem das crianças. Café da manhã com bastante opção e gostoso. Com certeza voltaria!  Os quartos poderiam ser mais modernos.",10,2026-01-10 15:44:03+00,1
 Da piscina  De algumas políticas que o hotel aplicou e não estavam claras no site onde reservei as diárias.,7,2026-01-11 00:20:21+00,0
 Das instalações  Da demora do serviço de restaurante,9,2026-01-11 10:55:03+00,1
 Ótima estrutura de piscina com refeições e bar.  Café da manhã deixou pouco a desejar pelo custo da hospedagem,9,2026-01-11 12:45:07+00,1
" Quarto espaçoso  Manutenção do quarto, ar condicionado com problema e chuveiro com o crivo entupido",5,2026-01-11 12:56:37+00,0
 La ubicación y la atención del personal  Se escuchaban las máquinas de los ascensores y en los palieres hacia mucho calor,9,2026-01-12 14:07:13+00,1
" Todos os funcionários foram muitíssimo atenciosos. O café da manhã é excelente. Muitos itens de ótima qualidade. O quarto é bem espaçoso. Tem vários serviços dentro do hotel (lojinhas, bar, restaurantes, academia etc). A jacuzzi é relaxante ao fim de um dia de passeios. Estrutura nova.  O sabor dos pratos oferecidos no bar e no restaurante podem melhorar. O sistema de entrada no estacionamento é inconveniente, exigindo que o hóspede saia do carros para abrir o portão.",8,2026-01-12 14:46:37+00,1
" O acesso é muito bom! As piscinas são boas, mas são muito rasas a mais profunda tem 1,15 metros! O café da manhã e bem farto e pra esse, dou nota 9 !  O tratamento dado na recepção deixou muito a desejar. Isso não me impede de retornar ao hotel.",8,2026-01-12 15:30:51+00,1
"Excelente todo. Super recomendado.
Volveríamos.",10,2026-01-12 20:19:39+00,1
" tudo muito bom, equipe de colaboradores perfeitos.  O box do banheiro poderia ser maior.",9,2026-01-13 00:02:52+00,1
"Hotel atende bem.  Quartos limpos, ótima climatização.
Garagem muito ruim, longe, com escada, sem apoio para descarga, sem ponto para carregamento de carro elétrico (apenas no estacionamento coberto. Que é  pago a parte..... )
O que realmente me chateou, é  o hotel estarem uma grande reforma, em plena temporada...... fiação expostas no jardim, falta de organização e afeta a privacidade dos hóspedes.",8,2026-01-13 19:24:30+00,1
"Hotel de cuatro estrellas con excelente ubicación, ideal para moverse con comodidad por la ciudad.
Las piscinas están muy bien cuidadas y la barra exterior suma un espacio agradable para relajarse. Todas las áreas comunes resultan cómodas y accesibles. La sala de juegos cumple con lo básico y el gimnasio se encuentra suficientemente equipado para entrenamientos simples.
Un punto especialmente destacable es el espacio destinado a los niños: un área de juegos amplia y bien organizada, con personal dedicado que propone actividades para los más chicos, lo que aporta un valor diferencial para familias.
En cuanto a las habitaciones, dejan un poco que desear. Son correctas pero bastante básicas, y no alcanzan el nivel de confort que uno esperaría de un hotel de esta categoría.
El desayuno es muy bueno, con variedad y buena calidad, y el restaurante ofrece opciones gastronómicas destacables.
El personal del hotel se muestra siempre muy amable y predispuesto, lo que mejora notablemente la experiencia general.
Relación calidad–precio: 3/5.",8,2026-01-13 22:02:28+00,1
"Excelente experiência ! O hotel é bem localizado, possui uma área perto da piscina muito agradável e uma chocolateria artesanal de Gramado anexa. Loumar tem escritório e atende muito bem as necessidades de passeios. Destaque para o Junior do restaurante, muito simpático, atende muito bem e faz o possível para o cliente se sentir em casa. E tem o Edson, igualmente simpático.",8,2026-01-13 23:41:17+00,1
"Hotel muito bem localizado e tb muito aconchegante , c/ ótimo serviço , contando com uma estrutura nova para eventos corporativos recentemente reformada.

O restaurante no 2° andar muito bem decorado e contando com um excelente serviço proporcionado pelos  funcionários, sempre atenciosos, em especial o Sr Junior sempre com dicas a sugestões.",10,2026-01-14 00:52:58+00,1
 Localização  Falta manutenção,8,2026-01-14 03:11:49+00,1
" Gli spazi intorno alle piscine. Il bar aperto fino alle 22.  Un po' scomodo le chiavi elettroniche che si smagnetizzavano di continuo. Forse per colpa del cellulare, o delle carte di credito, ma purtroppo non si può evitare facilmente il contatto.",9,2026-01-14 13:23:49+00,1
Fiz o check in hoje no hotel. Cheguei antes de um grupo enorme. Falaram que o quarto ainda não estava liberado. Praticamente o grupo inteiro que fwz check in bem depois entrou nos quartos e eu fiquei esperando. Dão privilégio para grupos. São 15h10 agora e ainda estou esperando. Fiz a reserva com a Loumar. Falta de respeito.,2,2026-01-15 18:12:37+00,-1
"Tudo maravilhoso! Atendimento nota 10!
Em especial para funcionária Eliana.
Nossos agradecimentos a toda equipe.
Familia Chagas e Silvav",10,2026-01-16 00:00:00+00,1
"La habitación es muy cómoda, el personal en general es amable.",10,2026-01-16 00:00:00+00,1
" El espacio exterior,  pileta áreas de esparcimiento.",9,2026-01-17 19:49:01+00,1
" Bem confortável, excelente localização.  Saiu barata detrás do guarda-roupa, pedi para os funcionários me ajudarem e rapidamente foi resolvido.",9,2026-01-17 21:01:17+00,1
" A localização é boa e a estrutura do hotel também.  O aparelho de ar condicionado do meu quarto estava com uma crosta de poeira, devia estar sem limpeza há muitos anos, tive crise de asma, conjuntivite viral devido a exposição à poeira, ao relatar o problema, me trocaram de quero por uma noite e depois resolveram o problema de poeira no aparelho. A responsável pelo frigobar entrou no meu quarto alguma vezes, todas sem bater, também precisei solicitar a limpeza do quarto por dois dias, pois apesar da placa solicitando na porta, já era tarde e o quarto não havia sido limpo. Os atendentes de recepção masculinos não são nenhum um pouco simpáticos. No restaurante, fiz um pedido de 3 pratos, demorou bastante e ainda veio um faltando, não trouxeram o tempero para as saladas, enfim, pratos caros e serviços ruins.",6,2026-01-18 00:00:12+00,0
 Estrutura de piscinas e espaços kids  Comida de qualidade baixa! Hotel em reforma e muito barulhento. Atendimento em geral com baixa qualificação e treinamento.,6,2026-01-18 00:06:44+00,0
" Piscina, restaurante e quarto  Localização",8,2026-01-18 12:57:28+00,1
" Atendimento da Recepção. Muito Amadora e desencontrada. Chegando ao ponto em ter deixado uma encomenda para ser entregue a meu Filho que estava em outra Acomodação e ficou uma diária a mais e quase ter sido chamado de ""mentiroso"" por parte de uma Colaboradora (Morena de óculos). 
Estávamos embarcando e sugerimos que Ele solicitasse as imagens da entrega da mesma para dirimir quaisquer dúvidas. Pasmem, só depois disso a encomenda ÄPARECEU""!!! 
A Colaboradora inclusive já tinha dado uma solução por não ter encontrado a tal encomenda. Não conveniente colocar aqui por respeito ao bom senso e inteligências de todos.",7,2026-01-19 12:32:36+00,0
" Piscina ótima para crianças, boa localização, funcionários simpáticos. Café da manhã excelente, superou as expectativas.  Pouco espaço de armazenamento no quarto e recreação com poucas atividades.",9,2026-01-19 12:36:05+00,1
"Atendimento excelente. Profissionais educados, atenciosos, simpáticos e gentis, sempre preocupados oferecer o melhor aos seus clientes,  tendo como destaque o Garçon Edson e Garçonete Eliana do turno da noite.
Parte física bem estruturada, oferecendo uma estadia de qualidade. Recomendo",10,2026-01-20 01:00:16+00,1
"Só elogios ,estou apaixonada por tudo a começar pelo lugar ,o hotel é maravilhoso, os funcionários atenciosos demais ,no café da manhã uma grande variedades do que comer,mais no turno da noite o meu parabéns vai para os atendentes Edson e Eliane, simpáticos demais ,o Edson,da vontade de levar pra casa ,e o meu parabéns a toda equipe, bem situado ,de fácil locomoção, resumindo se eu tiver que voltar algum dia a Foz do Iguaçu, certamente me hospedarei aqui,me senti em casa.",10,2026-01-20 01:09:48+00,1
"Foi muito boa, um hotel bonito e bem organizado, com funcionários muito simpáticos e prestativos , destaque para o Edson e a Eliane e o gerente no jantar e para toda a equipe do café da manhã que é variado .",10,2026-01-20 01:09:56+00,1
" Es un hotel muy completo, picina, sala de  entretenimientos, spa, restaurante, tiene todo para no salir  No tengo ningún comentario negativo",10,2026-01-20 16:32:59+00,1
"Hotel bonito, bem localizado. Um pouco antigo, mas estava em reforma. O quarto tinha problemas, um foi solucionado. Equipe muito solícita: nota 10 para os funcionários. O café da manhã durante a semana é bem fraquinho, coisas requentadas. No fim de semana estava muito bom.",8,2026-01-20 23:42:39+00,1
"Hotel nota 1000
A estrutura é top, todos os colaboradores são muito prestativos, mas quero agradecer em especial ao Batista, Guilherme do bar e a Sabrina da recreação. Quero voltar e indico para todos.
Deus abençoe cada um.
Vocês merecem o melhor",10,2026-01-21 00:00:00+00,1
" O quarto é moderno, cama aconchegante e o café da manhã é delicioso",7,2026-01-21 11:27:13+00,0
" Quarto amplo e confortável para família, café da manhã completo e variado.  Gostaria de ter me hospedado na parte mais nova do hotel, porém não havia quarto quádruplo.",9,2026-01-21 20:17:54+00,1
As músicas do bar da piscina tem um repertório nada familiar. Só sertanejo com repertório com conteúdo sensual.,8,2026-01-22 00:18:12+00,1
" Café da manhã muito completo, variando todos os dias, com tapioca e omelete feito na hora.  Estacionamento dizia ser incluso no booking, fui cobrado uma taxa, mesmo não utilizando estacionamento. Depois fui reembolsado no checkout, mas tive de reclamar e pegar fila.",8,2026-01-22 12:11:07+00,1
"Os funcionários muito atenciosos.
Maitre Junior e Eliana, parabéns pelo atendimento!",10,2026-01-24 23:20:07+00,1
Atendimento ótimo Maitre junior!,10,2026-01-24 23:23:59+00,1
" Das piscinas, jacuzzi, bar, atendimento, recepção, café da manhã, tudo  Achei a  moça que faz tapioca um pouco ""brava"", destoa dos demais funcionários.",10,2026-01-25 17:15:10+00,1
" Excelente Custo Benefício, ótima localização, infra-estrutura excelente, quartos limpos, café da manhã muito bom!  estacionamento aberto longe da recepção. Tem que descer do carro para abrir, nada prático.",10,2026-01-25 21:56:29+00,1
"Ambiente muito bonito, limpo e organizado, com várias piscinas e áreas verdes que deixam o espaço aconchegante. Café da manhã saboroso e atendimento impecável, com destaque para o barman Guilherme, extremamente atencioso. Estávamos em grupo com crianças, e a brinquedoteca foi um grande diferencial.

Como sugestão de melhoria, apenas a internet, que estava instável. No mais, hotel espetacular — super recomendado.",10,2026-01-27 12:36:27+00,1
" Maravilhoso hotel ,  llimpeza impecável (cheiroso), café da manhã excelente com uma variedade imensa, , ótima área de lazer , funcionários excelentes e simpáticos  Localização,  não fica tão próximo do centro, shopping, o que dificulta para quem não vai de carro . No mais tudo é excelente.",10,2026-01-27 20:42:37+00,1
 da área de laser  estacionamento,8,2026-01-28 10:09:35+00,1
"Hotel surpreendente. Ótimo serviço, café da manhã maravilhoso, 3 boas piscinas, além de ser muito cheiroso.",10,2026-01-30 03:04:07+00,1
" Servizi non all’altezza di un hotel 4 stelle, piscina piccola e poco soleggiata, menu’ cena limitato, camerieri inesperti e maldestri",5,2026-01-30 20:15:49+00,0
" Praktische, geräumige Zimmer. Garagenparkplatz. 
Toller Frühstücksraum. Sehr gute Poolanlage mit viel Grün und einer tollen Poolbar.
Super tolles Personal. Danke Felipe für die Organisation und Danke an das Personal beim Frühstück. Start in den Geburtstag war Dank euch perfekt 🤩  Aktuell finden Bauarbeiten/Malerarbeiten statt. Kleine Info vor Anreise wäre toll gewesen.",10,2026-01-31 00:51:09+00,1
"Recomendo, ótima experiência!",10,2026-01-31 03:00:12+00,1
 Location was good. Staff friendly. Lovely pool and bar area outside. Omelette/crepe/tapioca stand at breakfast was awesome.  Miscommunication about arranged early check in which i had requested twice in writing and understood confirmed. Our outlook out the window not great.,7,2026-01-31 14:04:25+00,0
"Simplesmente maravilhoso! Quarto fantástico limpo, organizado . Café da manhã é um espetáculo. O Bar também.  Tudo do jeito que queríamos !",10,2026-02-01 00:00:00+00,1
" Buen aire acondicionado 
Y camas  Todo lo demás",7,2026-02-01 17:59:31+00,0
" A estrutura do hotel do hotel é excelente, proporcionando lazer para toda família. Havia recreadora para crianças durante a minha estadia. O café da manhã é ótimo, muito variado. O atendimento de todos os funcionários foi muito amável.",10,2026-02-01 21:34:57+00,1
" Todo excelente, las instalaciones, la comida, las habitaciones. Super recomendable  Tener una estadía más corta pero voy a volver pronto",10,2026-02-02 09:14:24+00,1
" Atndimento da equipe, funcionários, tudo muito bom  o banheiro, principalmente o box, poderia ser maior.",9,2026-02-02 15:33:53+00,1
" Local limpo, organizado, café da manhã excelente. Ótimo atendimento.",10,2026-02-02 15:54:15+00,1
" El mejor de todos es aerea piscina.. la habitación muy cómoda, los restaurantes con vistas a la piscina hermoso,el spa delicioso.La amabilidad de las personas del desayuno excelente  Podría ser excelente excepcional si la atención de la gente del bar aerea pisina son más amables.. Lastimosamente las veces que le hablábamos ni respondían no sabíamos si haría o no caso a nuestro pedido y con rostro de muy poco amigos.. solo ese fue el mal gusto que tuvimos! Después todo 10 puntos",8,2026-02-03 08:14:23+00,1
"Este hotel está sendo reformado, porém já está atendendo sem maiores contratempos. Excelente atendimento em todos os setores e principalmente no setor das piscinas onde um bar atende com tudo o que é de bom e o pessoal é maravilhoso. Recomendo",10,2026-02-03 20:44:42+00,1
 El desayuno excelente!  Horario del bar cierra muy temprano,7,2026-02-04 00:21:30+00,0
 As piscinas e presença de recreacionistas para as crianças.  Internet não funcionou como esperado. Não recomendo o hotel para situações de trabalho.,8,2026-02-04 07:14:34+00,1
 Graziosi richiami al  periodo natalizio. con un bellissimo Presepio nella hall. Possibilità di mangiare al ristorante con buona qualità.,9,2026-02-04 12:02:41+00,1
" Buena ubicación. 
Limpio y como en las imágenes",10,2026-02-04 15:26:19+00,1
"Nao estavamos hospedados, fomos somente para tomar café da manhã e super recomendo!
O restaurante tem uma ótima vista pra pscina e o buffet de café da manhã tem muitas opções além de uma ilha de tapioca, omelete e crepe!",10,2026-02-05 01:20:56+00,1
 Las piscinas,10,2026-02-05 03:32:19+00,1
"Excelente lugar, pintorezco y cómodo. Tremendo el desayuno y los servicios",10,2026-02-05 23:47:06+00,1
" Atendimento do pessoal da copa excelente,portaria e limpeza tb. Educação e simpatia de todos os funcionários.",10,2026-02-06 17:27:12+00,1
" Toalha de banho maravilhosa. Café da manhã sortido e variado. Hotel em renovação. Localização central.  Cama espaçosa, porém mole demais.",7,2026-02-06 21:47:27+00,0
"O hotel me surpreendeu demais, excelente estrutura e conforto. Recomendo demais, muito melhor que vários hotéis centrais mais renomados.",10,2026-02-07 00:00:00+00,1
Hotel maravilhoso,10,2026-02-07 14:05:57+00,1
 Gentileza dos funcionários,9,2026-02-07 15:15:03+00,1
" Da localização, do quarto, do café da manhã!  A área da piscina precisa de uma atenção melhor quanto a limpeza. Inclusive, a própria piscina, em alguns dias, não estava limpa o suficiente. Logo pela manhã muita sujeira (areia no fundo, chicletes etc)",9,2026-02-08 16:30:15+00,1
" Ótima localização e quartos. Oferecem um bom café da manhã. A proposta de meia-pensão com liberdade para almoçar ou jantar em horários flexíveis foi excelente! O cardápio do restaurante atende bem.  Hotel em reformas em período de alta temporada? Poderiam ter organizado em outro momento. Isso acabou causando um pouco de transtorno no atendimento do hotel. Ficamos 4 dias ( 2 dias bons na limpeza e mais 2 dias tudo atrapalhado - falta de toalhas, um dos dias limparam o quarto somente depois de pedirmos duas vezes). A percepção que tivemos foi de funcionários mal preparados. Nada pessoal. Todos estavam tentando entregar seu trabalho, mas senti falta de treinamento por parte do Hotel.",7,2026-02-08 18:41:11+00,0
"El hotel está bien.
Le pongo al servicio dos estrellas porque el aire acondicionado de la habitación no funcionaba. Avisamos temprano a la mañana ya que nos íbamos todo el día para que pudieran solucionarlo. Al llegar a la noche nadie había revisado la habitación porque el chico se recepción al que le dijimos jamás pasó el pedido. Por lo que tuvieron que revisarlo a la noche y nos tuvimos que mudar de habitación y salir de la pileta donde estábamos descansando.
Además de eso el wifi era muy malo. No funcionaba casi.",6,2026-02-08 20:56:23+00,0
" O hotel é ótimo, funcionários simpáticos e tudo bem organizado. Vimos sempre os funcionários efetuando a limpeza dos locais comuns, que estavam sempre muito limpos. O pessoal que atende no bar da piscina muito simpático e as porções bem generosas. A jacuzzi era ótima. O quarto muito limpo e organizado. Chuveiro bom, ótimo fluxo de água. Mas realmente o ponto alto do hotel com certeza é o café da manhã, realmente fabuloso, com uma ilha de crepes e tapiocas feitas na hora que dá vontade de voltar somente pelo café.  Não tem nada que não tenha gostado, fomos muito bem tratados do início ao fim de nossa estada. Apenas como uma sugestão, o blackout poderia ser mais escuro, mas o que não atrapalhou em nada nossas manhãs.",9,2026-02-08 22:48:35+00,1
" O atendimento da recepção, restaurante, estrutura, limpeza, café da manhã…  O Wi-Fi com sinal muito ruim.",8,2026-02-08 23:57:16+00,1
" El desayuno era increíble al igual que la comida del restaurante y el bar, la piscina también, el personal super atento y amable siempre.",10,2026-02-10 10:57:32+00,1
"O Hotel é bom, oferece tudo que um resort oferece, mas em uma escala consideravelmente menor. Tem área kids com recreacionista, spa, piscina e jacuzzi, um bom bar... Vale a pena se hospedar pelo preço que praticam.",10,2026-02-11 13:31:36+00,1
" Las piletas muy lindas, ideal después de un día recorriendo las cataratas 😉  La atención del algunos empleados… no todos",8,2026-02-11 20:34:45+00,1
"Uma experiência incrível, local limpo, muito agradável, todos os funcionários são super educados. Comida do restaurante é excelente, o café da manhã é divino. Quarto com bastante espaço. Área da piscina maravilhosa, local para crianças brincar. 
Pessoal que atende no bar são excelentes profissionais.",10,2026-02-12 00:00:00+00,1
 De tudo hospedagem. Galera tudo topo. Não vejo a hora de volta  De nada,10,2026-02-12 04:54:55+00,1
" Ubicación  Nada negativo, el hotel, las instalaciones y los chicos de 10!!",9,2026-02-12 12:59:47+00,1
" La ubicación, la atención y los servicios ..!",10,2026-02-13 01:32:35+00,1
" Estuvimos en una doble extra grande y una triple. Excelentes las habitaciones con tele y aire. Las nuestras daban a la calle pero no se escuchaba nada. El desayuno tipo bufet muy completo y rico, la pileta, área de juegos y el resto también. Muy conformes, el personal muy amable y cerca de todo.  El gimnasio tiene pocas máquinas para hacer entrenamiento de fuerza, hay una sola tipo full body pero se complicaba para utilizar la misma y hacer los ejercicios. Resultaba incomoda. No obstante, resolvimos con otros elementos.",10,2026-02-13 23:38:44+00,1
" Gostamos de tudo. Hotel muito bem localizado. Confortável. Limpo. Funcionários solicitos e cordiais. Piscinas aquecidas maravilhosas. Banheiro amplo, com chuveiro top. Cama Confortável. Ótimo Café da manhã. Recomendo! 😍👏👏👏  Não houve nada que desagradace.",10,2026-02-14 13:34:25+00,1
 El desayuno la zona de la pileta y el parque de juegos la facilidad para llegar a todos lados  El sistema de apertura de puertas medio complicado por ser viejo,10,2026-02-14 14:45:12+00,1
 Área de lazer  Preço do restaurante,8,2026-02-15 00:10:03+00,1
" Excelente lugar, las instalaciones, pileta, desayuno y atención del personal 10 puntos 🫶",10,2026-02-15 12:45:41+00,1
" El desayuno con bastante variedad, todo bien limpio y las personas del hotel muy amables  Tomé la opción de media pensión y en el restaurante no tienen mucha variedad y te cobran las bebidas aparte,  terminamos comiendo pizzas y hamburguesas todos los días. Te dan una entrada de lechuga, tomate y pepinillos todos los días, no hay otra opción y el postre es fruta o flan tampoco hay otra opción, lo mejor es pedir solo con el desayuno y si quieres comer algo del restaurante lo pagas aparte. 
En el bar también se paga todo aparte.
Hay varios locales como a dos cuadras que puedes comer mucho más barato y con más opciones.
Deberían tener más variedades para no tener que salir a comer a otro lugar.",9,2026-02-15 14:04:55+00,1
"De modo geral foi boa a estadia. Instalações e estrutura a contento; funcionários bem treinados e gentis. Uma menção honrosa para o sr Junior e sr Sérgio, ambos do restaurante, profissionais do mais alto gabarito!",8,2026-02-16 00:00:00+00,1
 El desayuno excepcional. El trato del personal muy bueno. La ubicación excelente para los que quiten hacer turismo interno dentro del casco citadino.  Las piscinas podrían mejorar en mantenimiento de los azulejos.  Están envejecidos y le da un toque de falta de limpieza. Así como otras áreas exteriores.,9,2026-02-16 00:04:46+00,1
Atendimento excelente! Profissionais super atenciosos e educados com refeição perfeita para o público como um todo. Fortíssima indicação!,10,2026-02-17 00:00:00+00,1
"Maravilhoso, experiência hospitaleira, quartos limpos e organizados , apesar da reforma , tudo bem organizado, café da manhã um espetáculo a parte , jantar alacarte bom , porém os buffete  que teve muito bom divina feijoada, todos funcionários atenciosos , destaque para o chef Q fez os brigadeiros com as crianças, meu filho adorou , voltaremos com certeza",10,2026-02-17 00:00:00+00,1
" Bom café da manhã, boa localização, limpeza muito boa, bom estacionamento, area de lazer muito boa.  Primeira noite dormimos em uma quarto com cama muito dura, após reclamação nos deram um melhor.
Achei os coloboradores com pouca iniciativa, fiz um pedido no bar da piscina após mais ou menos uma hora, fui ver o que ocorreu, me disseram que tinha que esperar mais, cancelei e saimos do hotel para consumir fora, há espaço para melhora do atendimento no local de lazer.
Outro item na primeira noite deixei minha caminhonete na rua e falei na recepção, tentaram rouba-la, avisar os colaboradores para alertar hospedes sobre o alto risco, mesmo tendo muitas vagas na rua.",7,2026-02-17 17:40:41+00,0
"O hotel é incrível, o pessoal de lá sempre tendo disponibilidade, hotel com muito conforto , a comida ? Não tem oq falar , maravilhosa, hotel incrível",10,2026-02-18 12:42:53+00,1
"Me encanto el hotel, todo es súper limpio y ordenado. Su sala de gym es muy bonita y completa. Sus espacios bien distribuidos. Volvería a Foz, vuelvo a ese lugar. Bien ubicado. No me gusta la vista de mi habitación Pero era bonita y comoda. No tenía tv con Smarttv. Buena atención del personal excelente. Excelente el patio, las hamacas y las sillas. Se nota que siempre lo están manteniendo. El desayuno un espectáculo, no nos molestaron en toda la estadía por nada. Placer quedarse aquí. Hubiera preferido más limpieza en el cuarto en los días que estuvimos, Pero el resto fue muy lindo. Me pareció moderna la habitación solo faltó eso una tv que se puede mirar stream.",10,2026-02-18 15:21:44+00,1
 Pools outside lobby breakfast staff  Obviously they failed to change the pillow case before my arrival. I noticed by the smell.,7,2026-02-20 10:45:55+00,0
" Ao ver o hotel do lado de fora parece ser bem simples, mas o bom dele é na parte interna. Foi um ótimo custo benefício  Cortina sem blackout, fica claro ao amanhecer, café da manhã muito bom, mas só uma pessoa para fazer crepioca e ovos, demora demais, cama muito grande , mas um pouco dura. Preços altos das bebidas.",9,2026-02-20 14:57:24+00,1
" Las piscinas  El ascensor , me quede atrapada por unos minutos",9,2026-02-20 17:18:09+00,1
 Café da manhã  Wifi não funciona e algumas atendentes perdidas,7,2026-02-21 12:31:51+00,0
"Aun me encuentro  en  el  hotel hasta el momento puedo decir que es todo excelente,  no es muy buena la calidad de conexión a Internet.",10,2026-02-21 21:52:07+00,1
 Massagem do spa muito boa,9,2026-02-21 22:01:03+00,1
" Atencion excelente, limpieza, comodidad.",10,2026-02-22 00:23:20+00,1
" Muy lindo hotel para los viajes en familia. Tiene un cuarto de juegos para niños que es chiquito pero muy lindo. La piscina y el patio al aire libre nos encantó. 
El personal muy amable y el desayuno muy bueno.  No hay nada que no nos haya gustado.",10,2026-02-22 22:56:06+00,1
Molto sorprendente<br>Non ci aspettavamo chissà che ma ci ha stupiti<br>Camere pulite e moltossimi servizi<br>Bella anche la zona piscina e bar<br>Consigliato per chi volesse essere in zona per la visita delle cascate,10,2026-02-24 14:00:02+00,1
" Très grande chambre, personnel de la réception et bagagistes sont très sympa.  Ras",8,2026-02-25 03:12:07+00,1
 Todo exelente  No tengo nada para decir,10,2026-02-25 10:16:01+00,1
" Me gustó todo.pasamos una semana felices en el hotel..un párrafo aparte para el personal ,son muy profesionales,atentos y presupuestos..nos hicieron sentir muy cómodos..la limpieza impecable  Todo bien",10,2026-02-25 14:34:45+00,1
"Hotel bien ubicado y cómodo, con desayuno buffet variado y buenos servicios que compensan instalaciones algo antiguas. El ambiente es familiar y, en general, el trato del personal es cordial, por lo que la estadía resulta agradable y recomendable.

Como aspecto negativo, viví una situación puntual con un recepcionista a quien le pedí ayuda para reservar el traslado al aeropuerto. La noche anterior me había indicado que el valor era de 100 reales, pero al día siguiente, cuando indicó que él mismo haría el traslado, intentó subir el precio a 200 reales argumentando alto tráfico. Finalmente decidí no tomar el servicio; ya que contaba con tiempo afortunadamente, y coordiné otro por 80 reales. Este episodio, cercano a un 150 % de sobrecargo, empañó en parte una experiencia que, en general, fue positiva. Para evitar esto, recomiendo trasladarse en Uber.",6,2026-02-26 17:27:43+00,0
" Todo el exterior es muy hermoso, las piscinas y jacuzzi fantásticas, el desayuno espectacular, muy variado y rico. Cenamos dos noches y fue excelente.  Dos almohadas muy duras y muy poco papel higiénico en el baño.",9,2026-02-27 00:31:18+00,1
 Nice outside area with pool. Good breakfast buffet.  Old hotel. Very noisy rooms. 80s style rooms and bathrooms. No sound proof window. Generator on street side runs all night long giving sound of Truck waiting with running engine. Even war plugs do not help.,4,2026-02-27 09:44:52+00,-1
" Hermoso el hotel, la ubicacion nos encanto y sin dudas volveria",10,2026-02-27 20:13:04+00,1
"ES-PE-TA-CU-LAR!
Hotel maravilhoso, acolhedor  e mega cheiroso! Super indico!
Fui de férias com meu filho e meu marido no carnaval.
Primeiramente, o que mais me chamou a atenção foi a simpatia dos funcionários, sempre atenciosos e disponíveis em ajudar. Trabalham bastante, eu dizia que a minha vontade era de levantar para ajudá-los...rsrsrsrs. Aproveito para destacar o funcionário Guilherme (bar da piscina) o qual foi extremamente simpático, sempre muito atento, presente (mesmo debaixo de um sol escaldante) e eficaz nos nossos pedidos, preparando drinks maravilhosos e viciantes, kkkkkkk... Aos funcionários: Batista, Denise, Fernanda, Sr. José, Maitre Júnior(nota 1000000), Edson, Sérgio, Eliane Mesquita  os quais tivemos mais contatos e fiz questão de perguntar os nomes, informo a minha gratidão, também são TOP'S. Parabéns, Foz Plaza Hotel!
Café da manhã muito bom e a comida é muito saborosa e bem caprichada no dia em que jantamos gostamos bastante.
Piscina maravilhosa, fator decisivo para escolhermos esse hotel.
Fica perto do Centro e de um shopping muito bom. Fizemos bastante coisas à pé.
Aproveitem porque só de sair da rotina, já sou muito grata.

Voltaremos brevemente.",10,2026-02-27 23:11:47+00,1
Péssimo pedimos limpeza do quarto desde as 09 da manhã... e as 15 horas não havia feito a limpeza ... e foi avisado que estaria disponível para limpeza desde de manhã péssimo serviço,2,2026-02-28 17:19:05+00,-1
"Viajo seguido a Foz y la verdad la primera ves que visito este hotel,excelwnte trato del personal del hotel las instalaciones se estan actualizando y la verdad es excelente
Habitación nueva ,baño impecable,
Y la atención del personal de la cafetería del lobo impecable ,lo super recomiendo, lo único muy lento el che caut, ,Pileta y bar de 10 puntos ubicacion excelente",10,2026-03-01 13:50:16+00,1
" Alimentação, lanches, café da manha, excelentes.. Parabéns ao chef",8,2026-03-01 21:35:23+00,1
" Localização  Estava em reforma em alta temporada (estive por lá em janeiro)  vi muita coisa fora do lugar, o que não me chamou a atenção foi alguns cabos de energia deixados no chão de qualquer jeito e parecia energizado. 
A refeição (jantar) ficou abaixo da expectativa.",9,2026-03-02 00:30:31+00,1
Bello lugar. Lo mejor es su personal. Muy atentos y cordiales tengo q reconocer q se las arreglaban con el idioma cosa q se agradece,10,2026-03-02 12:45:42+00,1
 Muy cómoda  Buena ubicación,10,2026-03-03 00:18:27+00,1
" Localização central, um pouco mais longe das principais atrações como cataratas, parque das aves, dreamland, porém muito proximo da divisa com Paraguai e Argentina. Café da manha excelente.  Não tenho algo relevante negativo para acrescentar. Equipe sempre foi solicita e ágil diante de qualque necessidade.",10,2026-03-03 14:08:02+00,1
" Café top, lugar bonito  Travesseiro ruim, internet não funcionava.",9,2026-03-03 14:14:51+00,1
"Execelente hotel, muito lindo, organizado, fresquinho, fica perfeitamente localizado na cidade, todos os lugares que eu quis ir, era tudo perto, dava pra ir andando, diversos restaurantes, perto da ponte da amizade (Ponte pra atravessar pro Paraguai) não é muito longe do aeroporto, nem das cataratas, e nem da Argentina, as únicas coisas que deixaram a desejar,  foi o Wi-fi, que é incrivelmente péssimo, funciona melhor nas psicinas do que no quarto e ainda sim é ruim la, tive que usar o 5G varias vezes, e os horários de Check-in é muito tarde, as 15h, e o check-out é muito cedo, as 12h, se botar na ponta do lapis, você perde uma diaria no hotel, só por conta desses horários propositadamente planejado para você entrar tarde no quarto e sair cedo do quarto.",8,2026-03-04 00:00:00+00,1
" Segundo año consecutivo que vengo y es una de las mejores experiencias en foz, hermoso lugar y la mejor categoría en absolutamente todo! Nada que reclamar.",10,2026-03-04 10:15:39+00,1
"Quero deixar registrado aqui que a minha experiência foi simplesmente incrível. Foi tudo muito maravilhoso desde a recepção, quarto, limpeza, café da manhã maravilhoso demais, piscina e jacuzzi sem palavras, muito top. Bar da piscina, alimentação e bebidas tudo muito ótimo. Quero agradecer a todos os funcionários, muito educados, simpáticos e prestativos, todos sem excessão, da recepção, da limpeza, do restaurante e em especial quero agradecer o GUILHERME do bar da piscina. Sempre muito profissional, educado, gentil e prestativo. Simplesmente estou muito satisfeita com todos os serviços prestados. Com certeza todas vezes que eu for p Foz é nesse hotel que quero ficar e sem duvidas super recomendo a todos. Muitíssimo obrigada a todos os colaboradores.",10,2026-03-05 00:00:00+00,1
"The hotel staff took my laundry and never washed it, but also never gave me my laundry back, so I had to ask three different staff members where I could locate my laundry when the hotel manager asked me to come to the office and tried blaming me for not having the laundry done, even though I followed all of the instructions correctly given by the hotel staff. The hotel manager took no responsibility and did not attempt to ameliorate the situation.",2,2026-03-05 23:35:15+00,-1
"Hotel incrível, comodidades super confortáveis, café da manhã muito bom, equipe hotel muito boa 🤍",10,2026-03-06 00:00:00+00,1
" Gostamos de tudo! O atendimento é muito bom, café da manhã perfeito e o quarto super confortável. Recomendamos muito!",10,2026-03-06 00:09:07+00,1
"experiencia maravilhosa, boa localização, café da manha variado, serviço de quarto muito bom. nota 10 para os funcionarios, exelente ambiente externo para seus hospedis.",10,2026-03-07 14:28:38+00,1
"Hotel bem organizado, funcionários educado e prestativo, área de lazer nota  1000. Vale super a pena.",10,2026-03-08 00:00:00+00,1
" Área piscina, café da manhã, quartos espaçosos, mobília atual (hotel todo reformado). Atendimento do pessoal nota 10  Uma das piscinas estava interditada para manutenção, uma pena. Wifi no quarto 304 às vezes pegava bem, às vezes bem ruim",9,2026-03-10 02:05:00+00,1
 Piscine grandi e belle  Stanze un po datate avrebbero bisogno di un restyling,8,2026-03-12 18:16:34+00,1
"O hotel falha em conduta e segurança. Estávamos na piscina com nossa filha de 7 anos. Vamos crianças na piscina e havia um casal (em torno de uns 50 anos) quase fazendo sexo dentro da piscina. Nenhum funcionário se manifestou e eu, hospede, tive que falar para que aquela cena se encerrasse. O homem saiu da piscina de sunga e expondo suas partes intimas. Um horror.
Embora o hotel esteja reformado, com boa estrutura, pecam muito nas normas e condutas. 
Fora isso, a jacuzzi nao estava funcionando em pleno sol das 15 horas e tivemos que esperar quase duas horas a limpeza. Após todo esse tempo de esperar a agua estava gelada e nao aquecia de modo algum.",4,2026-03-14 00:00:00+00,-1
" Las personas en recepción eran increíbles 
El camarero del bar un hombre muy amable  Todo estaba perfecto",9,2026-03-14 17:53:21+00,1
" Gostamos de tudo... localização,  conforto,  comodidades,  área de lazer,  café da manhã... simplesmente um hotel que entregou muito por um valor justo.  Somente uma sugestão.... como tem vários passeios cedo,  o café da manhã deveria começar mais cedo,  tipo 6hs.",10,2026-03-15 00:48:59+00,1
"Acomodação perfeita! Estrutura maravilhosa e muito aconchegante. Minhas filhas se divertiram muito com as recreadoras, que são umas fofas 🥰. Fomos muito bem acolhidos por toda a equipe, desde a recepção, camareiras, etc. Tudo impecável! ♥️🙌🏼🙏🏼",10,2026-03-15 13:28:08+00,1
" Café da manhã excepcional 
Quarto muito aconchegante  Cheiro do perfume na recepção muito forte para tem renite alérgica",10,2026-03-15 16:18:03+00,1
" A limpeza, funcionários educados e respeitosos, e um ótimo café da manha  Tivemos que juntar as camas de solteiros para dormir junto, mas do resto perfeito",9,2026-03-16 00:05:17+00,1
" A infra do hotel é boa, oferece diversos espaços para ocupação (piscina, restarurante, academia, sala de reunião e sala de jogos). O café da manhã também foi um ponto positivo, tudo muito bom.  A internet no hotel deixa a desejar, ao chegar o wifi não funcionava no quarto. Solicitamos mudança de quarto por causa disso e no novo quarto ele funcionava, mas não com excelência.",7,2026-03-16 00:53:30+00,0
" Instalaciones bien, limpio y cómodo  Un mozo del bar, señor grande, extremadamente antipático y malhumorado, pésima su atención, el resto del personal muy amable, también me pasó que me cobraron más cosas de las que consumimos en el frigobar, para evitar conflictos pagué igual, pero me parece pésimo",7,2026-03-17 13:29:46+00,0
" Reparto piscina,  Mancava acqua fredda in camera c‘era solo acqua caldissima impossibile fare doccia il primo giorno. 
La carta della stanza non funzionava anche la stanza di mia sorella, sempre a scendere giu a riformattare la carta di entrata in stanza. I bicchieri in plastica orribili schifo a bere in quei bicchieri. Ho pagato 1300 reais in piu a conftonto del 123 miles, ormai avevo riservato con voi non potevo cancellare senza ricevere una multa. 
Mancava la marmellata la cameriera se ne liberata dicendo che non c‘era piu mentre e venuto il cuoco che aveva ascoltato e mi ha portato la marmellata al tavolo. dunque c‘era la marmellata una cameriera cosi bisogna allontanare subito. Ho dovuto aspettare alla reception finche controllavano la stanza se mancava qualcosa ho se avevo consumato e non dichiarato, avevo dichiarato due acqua e una guarana, mancanza di fiducia al cliente.",4,2026-03-17 15:12:46+00,-1
" O café da manhã é bem diversificado, o cardápio da piscina é muito bom, equipe bem atenciosa e super educados, a localização do hotel é perfeita, super recomendo.",10,2026-03-17 23:36:28+00,1
" Localização. Tudo perto, e saída fácil, tanto para o lado das Cataratas, como para o Paraguai. Hotel reformado, café da manhã bem sortido. Com uma agência de viagens dentro do hotel, que facilitou bastante a compra de passeios e pacotes.  Estacionamento cobrado.",9,2026-03-18 13:27:14+00,1
 Limpeza e café da manhã.,10,2026-03-18 17:09:50+00,1
Recomendado. Buena atencion,10,2026-03-20 02:52:53+00,1
 Ambiente bem cuidado.,10,2026-03-20 04:05:08+00,1
" Localização muito boa, bem ao centro e próximo de restaurantes e locais bons para a viagem. Média de gasto de uber para cada restaurante foi entre 10 a 14 reais. Quarto bem montado, lençóis e toalhas bem limpas.  O lixinho do banheiro poderia ser trocado, o atual tem uma tampa em que precisa empurrar para colocar o lixinho, não é muito higiênico e não segura muito o odor. A TV no quarto está com algum sistema que dificultou o uso dos aplicativos, não sei se está como Paraguai, mas alguns aplicativos não reconheceram o acesso brasileiro.",9,2026-03-20 16:42:49+00,1
"Fui a trabalho, uma reserva de quarto duplo. Ao chegar, informaram não ter me nome e queriam me cobrar R$ 150,00 para “ajuste” da reserva. Também fui informada informada que teria que aguardar 5h pro check in pois o quarto estava ocupado. Quem me atendeu foi a Fernanda, e foi péssimo o atendimento. Nunca precisei aguardar quarto, mesmo chegando cedo. O hotel estava vazio e deveria haver quartos iguais disponíveis, mas cada hotel tem seu atendimento e esse é péssimo. Ela falou pra eu resolver com minha empresa pois fizeram a reserva, sai do balcão e fui atrás, ao ser orientada a pedir para falar com Fabiana, nem precisei pois ao chegar ao balcão a atendente disse que já estava resolvido e eu não precisava mais pagar a tal taxa, mas não poderia entrar no quarto. Horas depois minha colega chegou e entramos e adivinhem, mais um erro. Cama de casal e não duas de solteiro. Resumindo a experiência foi bem ruim, igualmente o atendimento. O hotel em si tem uma estrutura OK, mas não recomendo pela falta de tato e edução, clareza no atendimento do balcão.",2,2026-03-22 16:59:48+00,-1
 Todo  Nada,9,2026-03-22 18:08:47+00,1
