text,rating,date,class
"Tia Nana é top
Alegrou meus primos",10,2024-01-01 12:16:06+00,1
" Do conceito de casas em formato de condomínio e a localização.  Muitos funcionários sem fazer nada,sem cobrança, faltando gerência, Uniformes desleixados, visivelmente faltando manutenção.",4,2024-01-01 13:13:14+00,-1
"peguei meia pensao com cafe da manha e jantar. otima experiencia, buffet surpreendente.",10,2024-01-01 15:46:00+00,1
"Nao vale o que vc paga!! Os quartos ate que sao bons, porem o hotel é EXTREMAMENTE ABUSIVO!!!!! Cerveja lata a 18 reais, um BAURU por 48 reais! Tiverem a coragem de cobrar 40 reais em um balde de gelo! Sem falar que a piscina é SEBOSA!!! Pelo que vc gasta aqui, poderia facilmente pegar um resort mil vezes melhor. Experiência péssima!",2,2024-01-01 19:49:34+00,-1
" O ambiente é lindo, gramados e jardins bem cuidados e o estilo de condomínio do hotel é muito agradável. Ótimo café da manhã e jantar.  Solicitamos o uso da sauna com 1 hora de antecedência, como orientado pelo hotel, porém chegando lá a mesma estava desligada.",10,2024-01-02 12:06:39+00,1
" Hotel com bom staff, café da manhã, piscina grande e ótima para descansar, academia ótima para quem gosta de treinar.",10,2024-01-02 22:16:21+00,1
"Tipo Marreco e Juliano, adoramos a caminhada no Wish",10,2024-01-03 12:59:02+00,1
Excelente caminhada com o Marreco e o Juliano,10,2024-01-03 12:59:35+00,1
tivemos uma experiência incrível com tio marreco e juliano,10,2024-01-03 12:59:36+00,1
Tio marreco,10,2024-01-03 13:46:16+00,1
"Hotel perto do aeroporto e das principais atrações da cidade.
No entanto, apesar do hotel ser bonito, falta manutenção e certo carinho dos funcionários. Parecia que os funcionários estavam fazendo um favor por você estar hospedado lá.
Ficamos 5 noites no hotel para o Réveillon 23/24.
Ficamos num quarto da casa 4. Em duas familias em 2 quartos. No quarto 410 o ar condicionado muito barulhento e velho. Sem controle de velocidade. TV sem sintonia. Apesar das reclamações, ninguém resolveu nada.
No quarto 409 eu matei 3 baratas em uma noite (na última… imagina as noites anteriores que não tinha visto). Tela rasgada, chuveiro solto, tv pequena e imagem horrível. A piscina da casa sempre suja. Estou com 8 picadas de pulgas no corpo e tomando antialérgico. Meu filho e esposa também. Passamos repelentes para pernilongos e fomos picados dormindo.
Restaurante para jantar pequeno que não comporta todos os hóspedes. Tive que jantar na cidade no dia 01/01/24 já que não deixaria meu filho aguardando 1 hora para sentarmos (e o restaurante à la carte fechado!!!). Apesar das reclamações no checkout, a resposta do atendente foi um “ahãm”. Nem boa viagem falou. Bom… fui tomar café em outro hotel que recebi mais “bom dia” indo até o lobby do que recebi em toda a estadia no Wish. Foi uma das piores experiências que já tive em resorts no Brasil. O que me deixa mais indignado no entanto é a falta de treinamento dos funcionários com respostas do tipo “vc não está vendo que está cheio?” (no restaurante) ou o famoso “ahãm”. Eu presenciei gente sentando e sendo bem atendido ($$) em detrimento de pessoas como eu que somos honestos e não aceita pagar caixinha para passar na frente. Minha indignação é a mesma de vários hóspedes que lá estavam. Sempre haverá pessoas que ficam satisfeitas em ser mal tratadas, mas eu não. Meu dinheiro é suado e considero nunca mais ir e/ou recomendar hotéis da rede. Infelizmente escolhi errado o local das minhas férias. Piscina quente e serviço ruim na piscina… aliás.",6,2024-01-03 15:36:30+00,0
"Tio Marreco e a equipe de recreação, são fantásticos. Também todo o staff atencioso e educados",10,2024-01-03 16:30:02+00,1
"Gostaria de elogiar o recreador marreco!! Local excelente. Atendimento e comida da piscina tem deixado a desejar!! No mais, tudo certo!",10,2024-01-03 17:06:21+00,1
"Boa, porém, alguns detalhes poderiam e outros deveriam melhorar!",8,2024-01-03 17:57:00+00,1
"Hotel fantástico, já é a 2ª vez que nos hospedamos, dessa vez fomos para passar o réveillon, e entendemos ter sido uma excelente escolha, quarto maravilhoso, serviço de quarto, piscina, restaurantes etc tudo fantástico (tirando o contratempo já relatado em espaço designado para). A festa de virada do ano foi um show a parte, comida, bebida e banda excelentes, talvez deixar mais espaço nas mesas, pois 12 a 14 por mesa ficou muito muito apertado, no mais PARABÉNS equipe WISH, fantástico. Se DEUS quiser voltaremos em breve!",10,2024-01-03 18:32:02+00,1
"Viagem com a minha família em Novembro, o gerente achei antipático, sem empatia, roda presa mas nada que estragasse as nossas férias,  os funcionários são todos muito educados. O Rogério Motorista um perfeito cavalheiro, atendimento excepcional, o melhor de todos! Que ser humano incrível, que profissional! Ele é 10!
Hotel lindo, meus filhos amaram tudo, nossa melhor viagem até agora!",8,2024-01-04 09:31:40+00,1
"Precisam investir em treinamento dos funcionários com urgência. Além de antipaticos, ninguém nunca sabia nada. Informações básicas do hotel. Piscina com a água quente e suja, a limpeza dos quartos deixou a desejar, tinha baratas e voltamos com várias picadas suspeitas. O lugar é bonito e a comida boa, porém o restaurante é pequeno e não abriga todos os hóspedes o que causou confusão em várias noites. Os funcionários, despreparados , não ajudaram. Não voltaria e não recomendo. Falta muito para ser considerado um hotel 5 estrelas.",2,2024-01-04 21:47:49+00,-1
"El hotel es un sueño, la piscina, los senderos para caminar, el desayuno, todo excelente!!!
Solo hay alguna falta de mantenimiento en la puerta del baño de nuestra habitación",10,2024-01-05 03:39:28+00,1
" Check in pessoal mal humorado, informações de meia pensão desencontradas. No app 99,00 no estabelecimento 140,00. Check in no quarto cheiro de urina muito forte  Piscina",5,2024-01-05 11:37:15+00,0
" Hotel extremamente espaçoso, tudo muito organizado, comida boa",9,2024-01-05 20:51:54+00,1
Excelente local para se hospedar com a família.,10,2024-01-06 09:52:01+00,1
"Para as criança, tios são muito atenciosos, tio Marreco, tio Frango....",10,2024-01-06 13:42:47+00,1
"Tio marreco, seu Édson da piscina e equipe de atendimento são nota 10",10,2024-01-06 16:46:25+00,1
"Tio marreco e Emília são ótimos, adoramos o atendimento",10,2024-01-06 16:48:40+00,1
"No checkin o recepcionista disse as informações que precisava e mais alguns preços que achávamos que estava incluso, tipo o almoço, a janta, o golfe, mas ok um absurdo o valor que eles põem em casa coisa, por isso comemos no shopping que tem ali perto, sobre o golfe, o recepcionista falou os valores como para pegar o carrinho seria 150 reais a hora, fomos alugar e a outra pessoa que alugava os carrinhos disse que era 120 reais, e na hora de ir embora foi dito que seria 130 reais, muita falta de organização e parece que os funcionários não tem as informações sobre as atividades, outro exemplo é em relação as bicicletas, fomos alugar e a moça disse que só daria para pegar elas até às 11 da manhã, já avia passado esse horário, no outro dia fomos de manhã para conseguir andar e uma outra moça disse que custava 35 reais a hora da bicicleta, e que das 11-12 era de graça, as piscinas são bem sujas, falta cortar a grama em vários pontos, baratas e aranhas nos quartos, os carros para ficarem perto das casa precisam ficar na rua, academia boa, o serviço online deles é bem perdido também, não dão muitas informações fora de valores mentirosos sobre as coisas, mas o lugar em si é bonito porém nunca mais iremos voltar.",6,2024-01-07 12:50:39+00,0
"O que mais me incomodou foi à manutenção do quarto e do hotel em geral.
Entrei no quarto com banheiro e pia entupidos, luz de cabeceira com problema, chuveiro espirrando pra todo lado e falta de toalhas todos os dias. Aliás as toalhas precisam ser trocadas urgentemente. O quarto é muito escuro e não seca uma meia, pq não tem ventilação, porém é fresco e o ar condicionado é muito bom!
Tive problemas com a alimentação para celiacos. No último dia, o chef me disse que faria qq coisa que eu pedisse (foi o único que se ofereceu…)
Os funcionários são maravilhosos, extremamente atenciosos: Muller, Jane, Eduarda, Tânia, etc… não me lembro dos nomes dos rapazes que fazem Transfer com o carrinho de Golf: bárbaros!
Comida com grande variedade e bonita apresentação
Por tudo isso, volto e indico!",10,2024-01-07 13:41:12+00,1
Resort maravilhoso. Nota 1000.,10,2024-01-07 19:35:34+00,1
" do atendimento da recepção, café da manhã.
desta vez a agua da piscina estava mais quente.  melhorar a limpeza dos quartos e também a porta, estava bem ruim.",8,2024-01-07 21:04:19+00,1
" Da localização, bem próxima às cataratas  O serviço e a qualidade da comida foram especialmente ruins. Na piscina, o serviço inexistiu nos primeiros dias. Espera de mais de 1 hora por uma porção e funcionários mal-humorados. Pedidos que não vieram foram cobrados da mesma forma. Péssima experiência. Café da manhã fraco e sem variedade. Mesas improvisadas, toalhas arrastando no chão. A mulher da ilha da tapioca extremamente mal-educada. Para além disso, o hotel estava cheio de baratas. Fomos expulsos por elas das mesas ao redor da piscina da casa. Baratas também nos quartos, e uma infestação de formigas. Funcionários da recepção zero prestativos. Não nos entregaram os cartões das toalhas no check in e, quando pedimos para o mensageiro nos levar os cartões, se negaram, nos fazendo andar até a recepção molhados. Reclamamos algumas vezes ao longo da estadia, mas fomos solenemente ignorados. Comida muito cara para o que entregam. Hotel muito fraco e claramente sem estrutura para a quantidade de hóspedes que alocam. Foi uma pena.",4,2024-01-07 23:48:04+00,-1
" Quartos limpíssimos, atendimento cordial, café da manhã maravilhoso  Não achei duchas nas piscinas menores das casas e achei elas muito rasas, só para crianças mesmo, ou só decoração, a água bate no tornozelo.",9,2024-01-08 14:01:07+00,1
"O serviço e a qualidade da comida foram especialmente ruins. Na piscina, o serviço inexistiu nos primeiros dias. Espera de mais de 1 hora por uma porção e funcionários mal-humorados. Pedidos que não vieram foram cobrados da mesma forma. Péssima experiência. Café da manhã fraco e sem variedade. Mesas improvisadas, toalhas arrastando no chão. A mulher da ilha da tapioca extremamente mal-educada. Para além disso, o hotel estava cheio de baratas. Fomos expulsos por elas das mesas ao redor da piscina da casa. Baratas também nos quartos, e uma infestação de formigas. Funcionários da recepção zero prestativos. Não nos entregaram os cartões das toalhas no check in e, quando pedimos para o mensageiro nos levar os cartões, se negaram, nos fazendo andar até a recepção molhados. Reclamamos algumas vezes ao longo da estadia, mas fomos solenemente ignorados. Comida muito cara para o que entregam. Hotel muito fraco e claramente sem estrutura para a quantidade de hóspedes que alocam. Foi uma pena.",6,2024-01-08 14:25:06+00,0
"Instalações do hotel muito boas (quarto, piscina, restaurante), café da manhã e jantar padrão 5 estrelas. Poderia investir em um parque aquático com brinquedos infantis (toboágua, baldão. etc), custo muito alto para serviço do bar da piscina.",10,2024-01-08 14:42:37+00,1
"Excelente atendimento!!! Boa localização e boa estrutura... Iremos voltar, certamente!!! Está foi avaliação referente às idas em 2020 e 2021.
Nosso regresso em janeiro 2024 - que decepção 😢 Começando pelo check in: demora para entrar no quarto de 1h. Ficamos das 14h e 30 até 15h e 50min esperando. Não foi oferecido uma água...
Quartos: limpeza demorada e ruim. Todos os dias tínhamos que solicitar para deixassem as toalhas secando ou repusessem. E todos os dias retiravam. Íamos pedir outras e a demora era descomunal. Parece outro Resort após a troca de empresa. Sem contar que foram retiradas as mesas das piscinas menores; onde sempre solicitavamos as refeições. Sem contar os valores no cardápio. Não compatível com as refeições oferecidas. Em relação ao café da manhã: sempre foi fantástico. Agora, num local improvisado,  subindo escadas ou num elevador pequeno. Café fraco e sem reposição... meu filho pediu um cereal, e fomos informados que simplesmente acabou rsss Coisa de Hotel 2 estrelas. Por favor 🙏🏻 voltem o café como o de antes (restaurante principal). O cuidado com as plantas, piscinas menores e jacuzzi: em nenhum momento vi alguém fazendo limpeza. Antes, era o tempo todo. Inclusive, quando viam que íamos entrar, sempre havia um funcionário por perto para limpar e dar toda assistência possível. Economias baratas que acabaram com um serviço de excelência. Antes sentia que estava tudo muito bem pago. Tanto que levei minha família 3x. Mas nessa última,  decepção. Faço questão de acompanhar as avaliações para checar se houve providências. Antes não poupavam era tudo o de melhor. Hoje, o sentimento é que cada centavo cobrado e economizado é  o foco para manutenção do hotel (não mais Resort).
Ressalva para os Recreadores: os únicos que mantiveram a Excelência!! Parabéns a todos. Especial gratidão ao Tio Frango. Energia e dedicação que destoa dos serviços oferecidos atualmente...
Francamente,  retomem o mínimo que consagrava (restaurante, mesas na piscina, serviço de limpeza, atendimento) para voltar a ser um 4 estrelas. E após essa retomada mínima estruturas, melhorar muito o atendimento e voltar a ser 5 estrelas.",10,2024-01-09 10:13:09+00,1
"Tio Marreco nos acompanhou na trilha ecológica. Bate papo muito bom, muito verde, ar puro. Recomendo.",10,2024-01-09 11:56:18+00,1
"This is rated as a 5 star hotel and I would definitely not say it’s at the 5 star level. It functioned more at the 3 star level… and given how much they charge, it’s really difficult not to find the little things annoying and sloppy… room service got multiple of our orders wrong and took 40 minutes to get it to you (even if it was just one coffee), there were cockroaches in my 3 year old’s bed one night, the pools were constantly dirty (a couple times there was garbage in them), sometimes the food (especially the bread) was quite stale, the towels seemed to be old and very well used, the degree to which the rooms were cleaned changed day by day, and the air conditioning in our bedroom blew directly onto our faces no matter the angle we put it at.

They had a lot of activities and play areas for kids, which was great for my 3 young daughters and some of the food and desserts were absolutely delicious. The staff at the restaurants were very attentive as well, which was greats

This place has so much potential to actually be 5 stars but for how much they charged and what was provided, I definitely won’t be going back. There’s just a bunch of little things that need to be fixed in order for it to be worth returning or even how much they charge.",6,2024-01-09 20:16:26+00,0
"A área externa do resort é lindíssima, o atendimento da recepção é muito atencioso e prestativo, contudo, os preços das refeições e bebidas são muito altos e considerando a distância da localização até um centro comercial isso é certamente um ponto negativo.",8,2024-01-10 13:02:33+00,1
"O hotel é maravilhoso, muito agradável, quartos grandes e limpos, a única coisa ruim é o chuveiro que não esquenta todas as vezes.",10,2024-01-10 13:49:22+00,1
Tia xuxu e muito legal e divertida,10,2024-01-10 18:48:10+00,1
" Gostei muito do atendimento e a hospedagem como um todo, fiquei pouco e não deu pra conhecer ou desfrutar de tudo que me foi ofertado, porém gostei muito.recomendo!  Não tive nenhuma decepção.",10,2024-01-11 16:42:54+00,1
"Excelente atendimento de todos, muito cordiais e educados . Café da manhã e jantar incríveis.
Limpeza impecável e áreas de piscina e jardins bem cuidados.
Percebi o cuidado da gerência com cada setor, sempre com supervisores para verificar os serviços.
A recreação sempre pró ativa e muito animada.
Deixo uma sugestão: sentimos  falta de mais bancos espalhados pelas áreas verdes do resort, próximos aos quartos  ,na área de bosque , nas sombras .",10,2024-01-11 20:06:34+00,1
"Estrutura muito boa, limpeza, funcionários do hotel atenciosos e educados.",10,2024-01-12 14:04:57+00,1
"Tivemos uma impressão muito ruim.
QUARTOS - Demora para limpeza. Por três dias, e após a limpeza, tivemos que solicitar toalhas pq não tinha no quarto.
PISCINA - por dois dias encontramos a piscina muito suja. Água escura e muito cabelo espalhado. As pessoas fumam na piscina, e o que entendo deveria ser proibido.
BAR DA PISCINA - preços abusivos demais. Água de 350 ml a R$ 9,00!!!! AS 13 HS pedimos uma porção de tilapia e já não tinha mais. Então pedimos um chiken finger. Aguardamos .mais de uma hora e então vieram dizer que o horário era pico da cozinha, pois os pedidos da piscina tb são atendidos pela cozinha do restaurante.....isto deveria ser separado.
RESTAURANTE - qualidade da comida boa, com bastante variedade, porém o que nos chamou a atenção foi a quantidade de moscas no restaurante, inclusive varejeira!!!! Estranho para um ambiente climatizado!!!
MONITORIA - ruim demais. Meu filho com 9 anos não se interessou nenhum dia, pq as crianças de 4 até 12 anos ficavam juntas.....deveria haver uma separação maior para as idades.
OFERECIMENTO DO TIME SHARE WISH - mesmo dizendo que noa queria ficaram insistindo até o final de nossa estadia.",6,2024-01-12 16:54:32+00,0
"Excelente experiência,  localização  agradável,  comida muito boa, várias piscinas e atividades de lazer para fazer no hotel",10,2024-01-12 20:51:23+00,1
" café da manhã maravilhoso, roupa de cama tudo muito limpo e cheiroso, super indico esse hotel  nada",10,2024-01-12 21:52:41+00,1
"Comida fantástica tanto do restaurante quanto os lanches.
Piscinas sujas, e custo das refeições e bebidas excessivamente caros.
Tempo de entrega dos lanches muito alto q várias vezes confusas onde em dois casos cancelei o pedido pq não vinha o lanche.",4,2024-01-13 00:37:04+00,-1
" Disposição dos quartos, divididos em casas, diferente do modelo tradicional ( prédio).  Custo das refeições. Um almoço no buffet sai + ou - R$ 150,00.",10,2024-01-13 10:12:27+00,1
O Resort é espetacular.,10,2024-01-13 10:20:43+00,1
"Utilizei o day-use do hotel, local gostoso com ótimo atendimento. Destaque para o Tio Marreco,  da recreação! Recomendo e pretendo voltar",10,2024-01-13 17:01:48+00,1
Esta sendo incrível estadia no wish tio marreco espetacular,10,2024-01-13 17:24:40+00,1
Ótima lugar experiência incrivel destaque ao tio marreco,10,2024-01-13 17:25:48+00,1
Mt legal recomendo,10,2024-01-13 19:16:01+00,1
"Arvorismo muito bom, comida muito boa",10,2024-01-13 19:17:36+00,1
Perfeito!,10,2024-01-14 13:07:00+00,1
"Recomendo. Hotel é muito bonito, a piscina é linda, agradável de ficar e tem música ambiente neutra para todos os gostos. Não tem agito como brincadeiras ou aulas de hidro, essas coisas. Usamos as quadras de tênis, também boas. O atendimento variou: havia funcionários super atenciosos, com boa vontade educados e dispostos a ajudar e outros muito fracos, que realmente deixaram a desejar. O quarto que ficamos era bem perto da área comum, mas há quartos bem distantes, que precisam de transporte para chegar à área comum. Não há local para secar roupas molhadas no quarto; tivemos que pegar uma cadeira da piscina para colocar as roupas no sol.",8,2024-01-14 15:37:59+00,1
" A propriedade é muito bonita, quartos espaçosos, diversas piscinas, boa academia de ginástica e boa comida.  Tudo muito bom.",9,2024-01-14 19:05:47+00,1
" Profissionais de alto nível em todas as experiências, limpeza impecável, atendimento na restauração extraordinário, spa maravilhoso. Parabéns à equipa!
O facto de poder visitar as cataratas a qualquer hora (antes e depois da abertura do parque ao público) faz toda a diferença!  Nada a relatar",10,2024-01-14 21:12:37+00,1
" Nada é bom. Absolutamente nada. Nao gostei de nada!  Acomodação. Estavam tomadas por baratas. Além das baratas minha acomodação era muito distante da piscina principal e da recepção, bem como do restaurante. Exigia uma caminhada de 8 a 10 min. O Hotel que se diz 5 estrelas nao dispõe de um serviço funcional de transporte, conta, apenas, com um taxi sub contratado para atender a todos, ou seja não funciona.",3,2024-01-15 11:24:48+00,-1
"O Hotel é uma fraude. Embora se apresente como hotel estrelas e cobre preço de hotel 5 estrelas, é um hotel de duas ou três estrelas, se muito.
Acomodações. Estão tomadas por baratas e presenciei reclamações sobre escorpiões. Além disso os quartos ficam muito distantes dos restaurantes e recepção, obrigando que se faça longas caminhadas. A iluminação é péssima e os itens oferecidos (sabonete, shampoo condicionador) fedem.
A LIMPEZA. Não chegou por lá, pois há baratas por todo lugar, fico imaginando como deve ser a cozinha do hotel. Os quartos foram tomados por baratas, a limpeza de quarto é tão ruim que falta papel higiênico. Os banheiros ao lado da piscina sempre sujos e fedidos. Os hóspedes podem beber dentro da piscina que está sempre, imunda, com todo tipo de bebida derramada pelos hóspedes. Em 10 dias que fiquei no hotel a piscina principal foi limpa apenas 1 (uma vez) parecia um lodo.
O ATENDIMENTO. Os funcionários sempre alegam que são novos para justificar a demora, o descaso, a ineficiência. Parecem ser recém contratados oque explica a péssima qualidade da comida e dos drinks. Achar um atendente na piscina é uma luta. Tudo é caro ao levarmos em conta a qualidade. Além disso, o cardápio parece se boteco de beira de estrada.
RECREAÇÃO. Os funcionários da recreadores são simpáticos e esforçados. Mas, sem qualquer treinamento. A RECREAÇÃO é ridícula perto doque oferecem OS HOTEIS MABU, BOURBON E RAFFAIN.
E como cereja do bolo o hotel tem algum programa de venda que perturba os hóspedes o tempo todo oferecendo produtos da rede.
Em resumo é uma péssima experiência, fujam dessa cilada. Tem hotéis excelentes em Foz, não caiam nessa armadilha!",2,2024-01-15 11:45:54+00,-1
"Custo benefício ruim, atendimento e comida deixa a desejar.",6,2024-01-15 13:48:41+00,0
Otimo,10,2024-01-15 18:09:58+00,1
"Péssima. Quarto com infestação de baratas (meu filho ao menos se divertiu pisoteando as moradoras originais). Bar da piscina demorado, amador e com itens de qualidade mediana e sem criatividade, recreação sem direcionamento e criatividade com pausas enormes que tiram a atenção das crianças. A locomoção até os quartos é penosa pela distancia (fique no 17). No inicio tudo bem, mas quando você precisa voltar a 5a vez para o quarto debaixo de um sol de 36 graus a situação fica um pouco chata. É simplesmente ridiculo não ter um carrinho elétrico (dentre os muitos que existem lá) para essa locomoção.

Não recomendo pra ninguém que queria efetivamente descansar e se divertir a não ser que o preço seja 1/5 do cobrado hoje. Ai aceito receber um serviço meia boca e matar umas baratas, até porque estaria na conta um Rodasol a mais.

A única coisa que salva neste hotel é o café da manhã e o jantar, que são bons (bons - e não geniais). Os funcionários e recreadores apesar de perdidos são educados.

Só não avalio com menos estrelas porque não tem essa opção.",2,2024-01-15 21:38:23+00,-1
" Café da manha e jantar. Funcionários educados.  De todo o resto. Meu quarto tinha infestação de baratas. O bar da piscina é caro e amador. O serviço de quarto é falho. Não tem transporte pratico para os quartos. Recreação com funcionários atenciosos mas totalmente sem direcionamento, cheia de pausas e sem qualquer criatividade.",1,2024-01-15 21:45:09+00,-1
" Lo grande de la habitación  Que en la piletas de las piezas no tienen mozos , no están las personas q te atienden para darte toallas de piscina",6,2024-01-16 00:04:30+00,0
 Os quartos sao super confortaveis!  O Cafe da manha poderia ser mais variado,9,2024-01-16 15:58:01+00,1
Espetacular. Parabéns a toda família WISH.,10,2024-01-17 12:41:19+00,1
"O hotel é bastante caro e o quarto estava com bolor na porta do banheiro, A area do parquinho estava com mato alto (grama nao cortada). Nao tem recreação para crianca de 3 anos. Garcon errou ao posicionar o suporte do vinho e foi derrubado, sem conceder outro. A area kids estava suja, com copos plasticos e outras sujeiras. Cobraram um upgrade de quarto sendo que pedi unicamente uma cama extra para minha filha de 3 anos. A experiencia foi insatisfatoria no geral.",6,2024-01-17 21:00:04+00,0
" Piscinas privativas, restaurante, localização  Serviço de limpeza precário (em vários dias imploramos pela vinda da camareira)

Quarto com sinais de má manutenção 

Café da manhã com produtos que não eram frescos",5,2024-01-18 00:05:32+00,0
Inesquecível! ❤,10,2024-01-18 02:35:01+00,1
O atendimento foi espetacular por todos os funcionários que tivemos contato. Isso nos deixou muito a vontade. Parabéns a toda equipe!,10,2024-01-18 02:54:33+00,1
" 1.	Formato horizontal, mais amplo, paisagem linda.
2.	Café da manhã variado e em salão amplo.
3.	Academia com boa variedade de equipamentos e com espaço bom.
4.	Cordialidade de todos os funcionários com os quais tive oportunidade de me comunicar.
5.	Room service prático (você faz os pedidos remotamente, sem precisar de telefone) e rápido de atendimento.
6.	Localização excelente (perto do aeroporto e das principais atrações de Foz).  1.	O ponto mais negativo, sem dúvidas, é o assédio cansativo para que o hóspede conheça o tal “Exclusive Guest” (uma rápida pesquisa no Google no site Reclame Aqui esclarece bem do que se trata). Eu achei muito inadequado que o Hotel permita que os hóspedes sejam alvo desse tipo de marketing. Fiquei realmente desapontado.
2.	O quarto onde fiquei (106) merecia ajustes – as tomadas acima de uma das camas não funcionavam, havia umidade no banheiro e achei pouco arejado (não havia qualquer lugar para secar toalhas ou roupas de banho).
3.	Achei o isolamento acústico do meu quarto ruim. Logo cedo, ouviam-se pessoas circulando e falando do lado de fora, como se estivessem dentro do quarto.
4.	Os quartos não possuem TVs smart, ou seja, Netflix e demais streamings somente no celular... TV smart é bem básico hoje em dia, em qualquer hotel, ainda mais um 5 estrelas.",7,2024-01-18 20:52:49+00,0
"O hotel é lindo, o quarto família  é super confortável, as toalhas e as roupas de cama são novas e cheirosas, o café da manhã é muito bom e a recepcionista Andressa é simpática e eficiente.

Entretanto, esqueceram de fazer a arrumação em 2 das 6 noites que ficamos lá. Em uma das noites, regressei ao hotel as 19h e o quarto não havia sido arrumado. Liguei para a recepção e o recepcionista Mateus disse que não podia fazer nada e nem pediu desculpas, com uma má vontade incrível. Felizmente, a moça da governança nos levou toalhas secas e sabonetes.",6,2024-01-19 02:21:45+00,0
Cuidados em todos os detalhes,10,2024-01-19 13:53:55+00,1
" Meu quarto tinha uma goteira no ar condicionado, quando ligava ele pingava por alguns minutos",8,2024-01-19 14:12:23+00,1
Tio marreco,10,2024-01-20 12:06:31+00,1
"Lugar lindo, muy limpio, confortable, trato amable, tranquilo.
100% RECOMENDABLE, desde la llegada al hotel en adelante.
Desayunos deliciosos, FERNANDA nos atendió de maravilla.
En el bar, JHON es encantador y amable.
Habitaciones y servicio de camarería impecable.",10,2024-01-20 14:31:24+00,1
"Pontos positivos:
As áreas externas e coletivas do hotel são agradáveis. A piscina principal é um pouco pequena, mas suficiente para as crianças se divertirem. As toalhas da piscina principal e academia são boas e limpas. O café da manhã é ok; o almoço e o jantar buffet são bons e com bastante variedade. Os funcionários são educados.

Pontos extremamente negativos:
A qualidade dos quartos é péssima; a impressão que dava é que estávamos hospedados em um hotel de uma estrela sem manutenção. Tivemos que trocar de quarto três vezes devido a uma série de problemas. O primeiro quarto estava com o vaso sanitário vazando e fazendo barulho a noite inteira; o cofre não funcionava; a pia estava suja. No segundo quarto, o chuveiro do banheiro estava estragado e o cofre também não funcionava. Esses foram os problemas específicos dos dois primeiros quartos, porém, TODOS os quartos (inclusive o terceiro) tinham vários problemas em comum; por isso desistimos de continuar pedindo para trocar de quartos porque percebemos que os problemas eram realmente sistêmicos. Os problemas que encontramos em todos os quartos foram: cabeça do chuveiro enferrujada e mofada (bem na parte onde sai a água); varalzinho no box do banheiro (para pendurar bikinis, etc) cobertos de bolor; condicionador com cheiro fortíssimo de urina; toalhas encardidas e manchadas (não dava nem para dizer se estavam limpas); várias lâmpadas queimadas; aparelhos eletrônicos no quarto com luzes que não deixavam a gente dormir (a luz do detector de fumaça piscava a cada segundo; a luz do ar condicionado era branca e muito brilhante, iluminava o quarto inteiro e não tinha como desligar); a cortina blackout era muito estreita e não cobria toda a porta de vidro da sacada. Um outro problema com este resort é que não encontramos bebedouros em nenhum lugar nas dependências do hotel; os buffets também não servem água à vontade. Os hóspedes têm que pagar por cada pingo de água que consomem comprando garrafinhas de 220 ml de água por R$9,00 cada. No total, pagamos quase R$200 em água durante uma hospedagem de dois dias.

Esses problemas são absurdos para um resort que se diz cinco estrelas e cobra uma diária caríssima. Não recomendo.",2,2024-01-20 14:49:40+00,-1
"Tudo é maravilhoso, mas eu acho que a piscina é pouco pequena enquanto a strutura enorme do hotel",10,2024-01-22 02:05:25+00,1
Excellent experience!,8,2024-01-22 16:27:35+00,1
Un lugar tranquilo apto para descansar y compartir en familia en un ambiente de bienestar,10,2024-01-22 21:41:39+00,1
"Main restaurant (The Grill) was closed on the night I planned to dine (Jan 23, 2024). The room had leaking water. Cannot help but complain. Self service restaurant is priced at R$140 regardless what a 8y child eats. All the best for future improvements that are needed. About location: taxi drivers have to ride 3 extra long minutes and sometimes regret the ride.",2,2024-01-24 01:01:38+00,-1
Es un hotel para toda la familia. Nos encanto!!!!!!. Tiene muchas actividades para los niños,10,2024-01-24 03:23:19+00,1
"HOTEL SENSACIONAL, TANTO PARA DIAS EM FAMÍLIA COMO PARA CASAL.",10,2024-01-24 13:26:17+00,1
O hotel é maravilhoso.  A recreação é muito atenciosa.,10,2024-01-25 12:48:14+00,1
"Eu e minha família tivemos uma excelente estadia, desde o checkin com a atendimento da concierge, quarto limpo,  aconchegante, fui com minhas filhas de 6 e 8 anos que amaram a recreação. As instalações são excelentes e a comida deliciosa. Recomendo!",10,2024-01-26 01:13:41+00,1
"Comida excelente, pode aceitar a promoção de buffet de 140 por 120 no golf grill que vale a pena sim, comida muito boa.
Quartos limpos, bem arejados, com bastante espaço.
Lugar fenomenal, rodeado de natureza, jardins impecáveis e com várias piscinas pequenas entre os alojamentos, ideal para crianças pequenas, mas os adultos aproveitam bastante também.  Tem uma piscina grande perto da recepção, que infelizmente tem música alta o dia inteiro. Atendimento de excelência, todos os funcionários educados e corteses.
Tem a opção de deslocamento entre o quarto e recepção com carrinho de golfe/carro, porém optamos pela caminhada apreciando a vista e não leva mais de 5 min.
Volto com certeza e indico também.",10,2024-01-27 01:51:52+00,1
"Ambiente muito bonito, limpo, bem cuidado. Comida caprichada. Funcionários simpáticos e atenciosos. Certamente retornaremos!",10,2024-01-27 13:41:53+00,1
" Café da manhã, local como um todo, conforto",9,2024-01-27 16:42:03+00,1
" As refeições muito boas
Quarto bom 
Atividades para as crianças ótimas  Custo do consumo água de 300 ml 9,00 
Bar poucas opções deve dias que não tinha nem picolé e quando tinha vale de 18 a 22 reais
Box do chuveiro com vazamento 
Tomada quebrada ou defeito.",8,2024-01-27 22:17:22+00,1
" Me gusto la ubicación y concepto de las instalaciones.  No me gusto nada, q solicite con antelación 2 habitaciones contiguas porque somos una familia de papá y mamá con 5 hijos.. y deben dar prioridad y darnos habitaciones Juntas. Por ser familia. Ni se esforzaron en hacerlo.",10,2024-01-28 13:31:17+00,1
Ótimo. Tio marreco maravilhoso.,10,2024-01-28 17:25:42+00,1
"Experiência agradável, piscina tamanho ok, atendimento ótimo, tio Marreco super atencioso!",10,2024-01-28 17:30:14+00,1
 Nada  Me robaron el cargador samsung de la habitación y no se hicieron cargo. Pesima atencion,2,2024-01-29 14:07:53+00,-1
"NÃO  MUITO BOA  , PROBLEMAS COM BICHOS NOS QUARTOS",4,2024-01-29 19:20:23+00,-1
"If you have the right located room it’s a great place to stay some days to see the beautiful waterfalls of Iguazú. The hotel got very good breakfast and also a god dinner. Nice gym and a lot of pools. The rooms are good and the hotel area very big. The golf area in middle of nature gives a nice atmosphere. All in all I highly recommend this hotel, although it’s not as good as other 5 star hotels but for the price it’s worth it.",10,2024-01-31 11:39:07+00,1
 Las habitaciones impecables y las instalaciones muy buenas.,10,2024-01-31 11:51:06+00,1
"Excelentes quartos, colocam várias atrações musicais, no dia que fui estava a banda Polaroides, toca do um rock maneiro",10,2024-01-31 15:03:20+00,1
"Hotel diferente de todos os outros já hospedado em Foz.
Quarto confortável e exclusivo, área da piscina excelente e recreação iden.",10,2024-02-01 22:02:43+00,1
 Las piscinas que habia en cada casa,10,2024-02-02 00:28:51+00,1
"Pessima
Falta manutencao em tudo.
Bsnheiro cheira urina no box. Falta caimento de agua deve causar isso.
Toalhas banho pessima
Servico da recepcao pessima.
Um hotel que poderia ser lindo esta sem manutencao.
Ficamos mais de 15 min esperando abrir a porta para entrar mo quarto pois estava com problema.
Esperiencia horrivel. Para nunca mais voltar",2,2024-02-02 00:48:33+00,-1
"Hotel espetacular, ambiente mt agradavel e aconchegante. Atendimento de primeira. Super recomendamos. Tio marreco da recreação adulta nos atendeu muito bem",10,2024-02-02 13:15:55+00,1
Não vale a pena.,4,2024-02-02 15:27:43+00,-1
"Insatisfeito....
minhas dúvidas começaram antes mesmo de chegar ao hotel.....recebi inúmeras mensagens de email para realizar um pré check in...gastei algum tempo por três vezes para fazer o tal pré check in, mas o sistema dava erro no finalizar do preenchimento do formulário....as três vezes, o mesmo erro !!!
os passeios às atrações EXTERNAS ao hotel valeram muito a pena e proporcionaram experiências e lembranças duradoras na minha família.....fez valer a pena nos deslocarmos por quase 1000 Km....agora as experiências INTERNAS ao WISH FOZ do IGUAÇU não acrescentaram nada às nossas lembranças.
Wish e Exclusive Guest formam uma parceria perfeita.....muito bonitos no papel e nas fotos...a realidade é bem diferente......são especialistas em iludir .... fazer parecer que funciona...apresentar fotos bonitas e depoimentos arranjados para impressionar...
mas enfim....como diz o ditado, todo dia saem à rua um espertão e um trouxa...se eles se encontram, é negócio fechado !!!",4,2024-02-02 17:40:10+00,-1
Bar da piscina horrível….demora no atendimento…chopp quente….funcionários despreparados…banheiro do quarto sujo e com vazamento no box….cada banho alagava tudo,6,2024-02-02 18:23:06+00,0
" O hotel em si é bom. Ótima estrutura. Refeições boas. O quarto é ótimo e os funcionários como as camareiras, arrumadeiras e a maioria com quem você tem contato são excelentes e muito naturais com o hóspede. A turma responsável pela diversão das crianças é dedicada e prestativa.  Água da piscina muito quente, não refresca em dias de calor, enquanto isso o piso ao redor da piscina não é atérmico e queima os pés caso você não use um chinelo. E quando digo que queima é queimar mesmo, risco de formar bolhas. Um perigo! Vai além da minha compreensão um hotel desse nível manter este tipo de piso. Além, disso o serviço na piscina, incluindo os petiscos são muito fracos. Os funcionários da recepção, sem exceção, não fazem você se sentir bem-vindo. São de poucas palavras e falta empatia.",8,2024-02-03 11:49:07+00,1
" Cordialidade e prestatividade de todos os funcionários, café da manhã e jantar muito bons, quarto espaçoso, confortável e próximo de piscinas e jucuzzis aquecidas, boa infraestrutura em geral.  Incluir suco e água no jantar da meia pensão, assim como já é disponibilizado no café da manhã.",10,2024-02-03 14:12:26+00,1
Muito bom o atendimento e os quartos recomendo!,10,2024-02-04 16:44:25+00,1
"Ficamos hospedados no Wish nas férias de janeiro em família. O hotel conta com uma localização privilegiada e natureza exuberante. Optamos pelo regime meia pensão e a comida servida era muito boa no geral. O único ponto negativo durante a hospedagem foi a limpeza da piscina de uso comum, nos últimos dois dias da nossa estadia, não tivemos coragem de entrar pq estava bem suja, como percebi que esse ponto já foi levantado em outras avaliações, achei importante ressaltar. No restante, ficamos satisfeitos.",6,2024-02-04 18:51:23+00,0
 Estrutura física  Custo da alimentação no restaurante,7,2024-02-04 22:45:49+00,0
 Buenas instalaciones y mucha naturaleza  El menu de restaurante,10,2024-02-05 03:17:00+00,1
" EXCELENTE DESAYUNO Y UBICACION DE PISCINA, GIMNASIO Y SAUNA, EN UN MISMO SECTOR.  MEJORAR PRECIOS DE TRAGOS Y BEBIDAS.",9,2024-02-05 11:45:01+00,1
" Café da manhã excelente!  Organização para estacionar o carro. 
Estrutura de piscina para crianças.",9,2024-02-05 17:53:44+00,1
" O quarto tem todas as comodidades e a cama é confortável.  A limpeza do box do banheiro é péssima, mofo pelo box inteiro nos rejuntes. Minha filha fez corte profundo no pé porque as bordas internas da piscina geral tem cantos vivos afiados. Um verdadeiro perigo. Me falaram que uma criança abriu a cabeça e foi feio. Os cantos precisam de rejunte para serem arrendondados.",8,2024-02-05 20:19:57+00,1
" Estrutura maravilhosa, quartos limpos e arejados, toalhas cheirosas.
Café da manha farto, comida muito boa, buffet bem diversificado. Staff muito gentil e cordial, deixaram a gente entrar mais cedo no quarto, atenderam a todas as nossas solicitações, foram muito prestativos.",10,2024-02-05 20:36:34+00,1
" Comfortable bed, private, great breakfast and facilities",10,2024-02-06 14:12:15+00,1
"Voltarei, tudo muito bom!",10,2024-02-06 16:47:36+00,1
"Fiquei hospedado do dia 26/01 - 01:02 reservei dois apartamentos ! Durante a estadia tivemos um perfume que sumiu do apto , um dia antes do checkout fizemos uma reclamação na recepção que simplesmente não tivemos nenhum retorno! No checkout novamente reclamamos, foram chamar a responsável das camareiras que levou um tempo absurdo para nos atender, não tinha resposta nenhuma, simplesmente estamos verificando. Chamaram o gerente da segurança que ficou de retornar no mesmo dia e até hoje nada ! Não resolvem não retornam simplesmente ignoram !

Outro ponto é o volume de insetos( baratas)  no apto, deveriam detetizar mais os aptos para evitar !

É por último a única vez que precisei do espaço kids vou para pegar massinha para ir pescar, não tinha me pediram para esperar no apto que iriam providenciar em meia hora e me avisar , passado mais de uma hora e nada fui novamente ao espaço kids , lá   Me avisaram que não conseguiram fazer a massinha para isca e para eu passar no dia seguinte ! Ridículo não conseguir fazer uma massinha e ainda nem tiveram o respeito de avisar !

Hotel Wish é bonito, mas durante muitos anos fico no BOURBON que em todas as hospedagens só tenho elogios , adoramos FOZ DO IGUAÇU, resolvemos experimentar outro hotel e foi lamentável!

Wish foi decepcionante!",2,2024-02-07 16:20:39+00,-1
"Apesar de alguns problemas pontuais, sempre bem resolvidos, nossa estadia foi nota 10! Funcionários como Tio Marreco, o Hulk, o Rio, a dona Tânia do café, dona Rose que limpava e arrumava nosso quarto,  o Edson que cuidava das piscinas… todos se esforçaram pra fazer da nossa estada um show de férias!",10,2024-02-08 01:34:35+00,1
 The pool and pool bar were great. Gorgeous property.  We liked everything. The bathroom could have been more updated.,9,2024-02-09 00:43:54+00,1
Hotel sucateado com valores altos pelo que entrega. O pior de tudo é a chuva de vendedores do Exclusive Guest que te fazem perder o dia de forma inconveniente vendendo contratos abusivos. Não caiam nesta cilada!!! Após consultar os tribunais superiores existem diversos processos contra essa prática e tal empresa! Contrato abusivo que fere o principio da boa fé do começo ao fim! Os demais hotéis da rede estão identicamente sucateados! Fujam!,2,2024-02-09 19:03:22+00,-1
"Tudo perfeito, apenas o hotel estava muito cheio e a limpeza da piscina poderia ser melhorada",10,2024-02-09 21:50:02+00,1
" La distribución de habitaciones en casas es genial  Demasiada cara la consumición, 5 veces más caro que afuera en algunas cosas",10,2024-02-10 00:24:42+00,1
"Tudo muito bom, alimentação, piscina, localização, estrutura e grande espaço em tudo.",10,2024-02-10 11:52:09+00,1
"Local seguro, limpo, profissionais atenciosos.restaurante nota 10, café da manhã excelente, bar piscina ótimo.

Voltaria maias vezes!",10,2024-02-12 00:26:16+00,1
"Excelente experiência, eu e minha família amamos o Resort. Excelente atendimento, café da manhã espetacular, quarto impecável!",10,2024-02-12 13:14:18+00,1
Sensacional,10,2024-02-13 17:14:54+00,1
" me gusto como siempre la limpieza del lugar, la tranquilidad, la amabilidad. la piscina muy buena..sin dudas que volveria a ir.  sin dudas lo que menos nos gusto fue La Cena, fueron dos noches que no comimos bien. 
Otra observacion que hago, es la quarta vez que voy seguido, y creo que deberian renovar e innovar en el kinder, los juegos.",8,2024-02-13 19:17:33+00,1
" Desayuno muy completo
Mucha naturaleza
Un ambiente para descansar  Ruidos de mantenimiento en horario de siesta8",9,2024-02-14 01:09:35+00,1
" O Hotel é enorme e lindo. Tudo funciona bem e os funcionários são atenciosos e prestativos. O concierge nos ajudou com dicas valiosas e a agência de viagens dentro do hotel tb. 
O quarto é confortável, limpo, camas super boas e roupa de cama e toalhas cheirosas! Chuveiro ok. A comida é gostosa e farta. Café da manhã completo.  Quando eu voltar, lembrarei de pedir para ficar longe da piscina, pq o barulho das bandas e música alta me incomodou.",10,2024-02-14 01:28:14+00,1
"Quarto muito confortável, espaçoso e com camas muito confortáveis.

Localização das jacuzzis e piscinas excelente, proporcionaram uma ótima experiência para nós.

Ambiente em geral do resort muito bonito, bem organizado e limpo, ótima estrutura e atendimento para crianças.

Café da manhã e jantar estavam deliciosos, minha única sugestão de melhoria seria disponibilizar água e suco a vontade no jantar, assim como é disponibilizado no café da manhã.",10,2024-02-14 12:48:10+00,1
" Las instalaciones, la ubicación y la variedad de las comidas.  Faltó mejor atención de algunas personas. Así como hay excelentes anfitriones, hay otros muy descuidados o con poca vocación de atender bien. Las comidas muy buenas, aunque un poco caras. Podrían dar mejores opciones si debes esperar unas horas para salir a tu viaje de regreso. Podrían mejorar la limpieza de los cuartos, sobretodo de un día al otro después de tu uso. Se veía muy limpio al llegar, pero los siguientes días eran limpiezas muy básicas.",8,2024-02-14 19:55:09+00,1
"Estrutura do hotel boa! Valores aplicados mto elevados, principalmente de bebidas. Restaurantes não estão preparados para receber o numero de hospedes que o hotel suporta. Parte de recreação infantil deixa a desejar. Não entretém as crianças.",6,2024-02-15 00:44:32+00,0
"O restaurante The Grill no Wish é maravilhoso, melhor carne que já comi na vida.  O atendimento do David foi perfeito e o Chef Pedro faz os pratos divinamente .",10,2024-02-15 01:31:54+00,1
" Muito bem localizado, muitas opções de entretenimento dentro do resort  TV muito ultrapassado, nao tem opção de streaming. Chuveiro muitas vezes sem água quente (ainda bem que estavam dias quentes) e local de café da manhã com poucos lugares.",8,2024-02-15 01:49:57+00,1
" Localização, quartos amplos e confortáveis.  Almoço e jantar com poucas opções para as crianças. Só tinha feijão carioca e era aguado. Não tinha muitas opções de carnes para as crianças e o prato infantil do room service é apenas macarrão e nuggets. Paga-se caro pra almoçar e jantar mo hotel (R$ 160,00) por pessoas e a comida não reflete o preço cobrado.",9,2024-02-15 02:07:36+00,1
"Assim como em outras vezes os serviços do hotel se mantiveram muito bons, principalmente recreação e atendimento dos funcionários de forma geral.
O café dessa vez estava sendo servido no pavilhão da recepção, achei um pouco tumultuado e de difícil circulação. Sugiro retornar ao restaurante principal que dá uma ar mais agradável a essa refeição.
Também gostaria de deixar como sugestão valores mais convidativos para almoço e janta adquiridos de forma avulsa, o que ajudaria a manter o hóspede no hotel.

Essa é a terceira vez que nos hospedamos no Wish Foz do Iguaçu e o hotel sempre colaborou para momentos incríveis em família. Muito obrigado",10,2024-02-15 14:31:37+00,1
"O resort é bom e bonito! Contudo, se tentarem te vender o pacote exclusive guest, não recomendo aceitar. Não vale a pena e atendimento muito ruim.",2,2024-02-15 21:10:17+00,-1
 The amenities were very nice but the rooms were 3 star quality. Food quality was good. Availability of water was a huge plus  The front door to the room would only open partially because it was hitting the floor. The air conditioning barley worked.,6,2024-02-17 00:05:06+00,0
"Comida e estadia maravilhosa. Único problema que tive foi no check-in,  pois fiquei 2 horas aguardando o quarto ficar pronto e em nenhum momento me foi fornecido o cartão de toalha, pulseira, nem o cartão de consumo. Talvez o atendente estava de mau humor e não queria ter trabalho. Outro ponto negativo é o consumo na piscina,  praticamente vc tem de ficar caçando os garçons pois eles se escondem e não aparecem por lá. De resto agradável. Já estive em resort bem melhores!!",6,2024-02-17 11:07:30+00,0
" Acho a localização muito boa para quem quer visitar o parque das áves e cataratas. Também gostei do quarto e conforto das camas bem como a qualidade e variedade do buffet. As piscinas ideal para crianças.  Achei o atendimento na piscina faltou pessoal, são muito educados porém a falta de pessoal deixou a desejar um pouco. Outra coisa é a recreação sendo que as principais atividades no horario da janta e por ser longe atrapalha.",9,2024-02-18 02:16:44+00,1
"Lindo, tranquilo, ótimo atendimento.",10,2024-02-18 14:03:20+00,1
 The AC of the room 612 was dropping a LOT of water,10,2024-02-19 14:32:03+00,1
" Programação no Carnaval
Piscinas (principal é adjacentes). Comida boa  Lazer das crianças muito distante.  Bebidas muito caras. Recreação não eh boa",8,2024-02-21 01:27:11+00,1
 El entorno  Todo me gusto,10,2024-02-22 12:33:25+00,1
Tía xuxu muy divertida y muy simpática,10,2024-02-24 01:17:15+00,1
"Un hôtel magnifique, chambres en petits pavillons super sympa.  Une belle piscine,  excellent petit déjeuner,  personnel très agréable. Situé au calme, idéal pour se ressourcer.
Établissement pouvant accueillir P.M.R,
Nous on recommande à 200%.
Nous avions un excellent guide, merci Thierry.",10,2024-02-24 13:49:42+00,1
"Hermoso todo. La comida espectacular y las actividades muy entretenidas 🎉🎉🥰🥰🥰
Divina tía jujuba y la tía xuxu ❤️❤️❤️❤️",10,2024-02-25 01:04:06+00,1
Muy buena recreación para niños y adultos. Excelente hotel. Segundo año que vengo y seguro volvería.,10,2024-02-25 01:05:58+00,1
Precisam entender como agradar o cliente sem ter que ficar implorando um bom atendimento,8,2024-02-25 13:16:32+00,1
"Es un hotel extraordinario y recomendable siempre. El personal personal del hotel son muy amables, es un lugar para pasar en pareja y en familia.",10,2024-02-26 04:15:10+00,1
"Hotel simplesmente maravilhoso.
Recreação para as crianças com monitores simplesmente fantástica.
Recomendo.",10,2024-02-26 11:31:21+00,1
Tio Chan e tio Hulk adoramos o bingo dos dois e super indicámos.,10,2024-02-27 01:10:56+00,1
" Tudo maravilhoso desde a recepção até o restaurante tudo impecável, nota 1000 para esse hotel mais valia chamar de paraíso!!!! Maravilhoso!!!  De ter tão pouco tempo para ficar lá…. Kkkkk",10,2024-02-28 01:46:12+00,1
"O hotel é muito top!!!
Tudo muito lindo, muito bem conservado!
Danilo na recepção foi muito solícito!
E a Tia Estrela explicando tudo sobre o kids foi maravilhosa!
Tive uma das melhores noites de sono da vida! ☺️
Serviço de alimentação lindo e delicioso!
Arrasaram!",10,2024-02-28 15:35:43+00,1
"Muita receptividade e acolhimento,  parabéns a toda equipe.",10,2024-02-29 10:31:20+00,1
Hotel fantástico!,10,2024-02-29 15:14:35+00,1
"O Hotel é lindo, o serviço espetacular e a comida sensacional.",10,2024-02-29 19:10:33+00,1
" Lugar diferenciado, bonito e aconchegante  Na hora de fazer o checkout, teve cobrança indevida do frigobar e não nos foi informado sobre a taxa de turismo, só após questionamento. Ficamos com a impressão de suposta má fé.",9,2024-03-01 16:05:06+00,1
" Posizione struttura e cortesia  La qualità del cibo, si potrebbe fare di meglio molta scelta ma qualità sufficiente.",9,2024-03-02 15:25:45+00,1
"Estrutura do hotel é belíssima. Áreas de convívio bem cuidadas e diversas paisagens naturais. Culinária excelente.
Atividades de lazer divertidas. Tio Chan, tio Juliano e tio paçoca.",10,2024-03-02 17:43:28+00,1
Hotel maravilhoso!,10,2024-03-03 15:27:18+00,1
un écrin proche de la nature,10,2024-03-03 21:06:10+00,1
" La independencia del Yacuzzi y la piscina  Baño sucio y el lavamanos no funcionaba estaba taponeado.
La piscina solicitamos a los encargados que pongan el filtro porque estaba sucia pero nunca pusieron.",8,2024-03-04 10:36:19+00,1
"Fiquei um pouco decepcionado com a experiencia geral que tive, ja fiquei hospedado no hotel, e foi totalmente diferente do que passei agora, quando fiz a reserva pedi um apto próximo ao bloco central e fui colocado na casa 23, o apartamento precisava de manutenção com rachaduras no teto e AC condensando pelo calor.
A limpeza deixou tb a desejar com cabelo no box, e pelos na pia.
Ao chegar em foz, fiz meu check-in no hotel, realizei o pagamento, e preenchi a FNRH, sai pois ainda estava cedo, e fui fazer alguns passeios, quando voltei pela tarde, para pegar a chave do quarto informei que já tinha preenchido tudo, e o atendente apenas jogou minha chave no balcão, informando meu apto.
Ao questionar onde era, ele pegou o mapa e circulou, sem grande explicações e disse que as informações estavam no papel.
O Café da manhã estava com pouca reposição, e muita gente, deveria ter sido uma experiencia melhor, que não foi.
É meio bizarro a gente pagar quase mil reais de diária para uma experiencia como esta.",6,2024-03-04 14:22:25+00,0
Hotel Magnífico. Serviço do concierge Willian foi perfeito. Café da manhã impecável!,10,2024-03-04 15:28:53+00,1
" O Hotel é fantástico, muito entretenimento e diversão.  Para um hotel 5 estrelas achei as toalhas de banho brancas em estado precário, amareladas e velhas.",9,2024-03-04 17:43:39+00,1
" Высокий уровень обслуживания, удобный номер, хорошее местоположение отеля  Все понравилось",10,2024-03-04 18:11:29+00,1
"Ótimo para relaxar, realizar caminhadas e apreciar as piscinas. Instalações confortáveis e com buffet de café da manhã diversificado. Apresenta opções de restaurantes para saborear diversas especialidades locais e internacionais, além de ficar próximo ao aeroporto e de algumas das principais atrações.",10,2024-03-04 20:09:27+00,1
" Tuve que pedir la devolución del dinero. 
En fotos el hotel es una cosa, prometen mucho por booking pero al final las cosas que ofrecen es por edad y por días. 
No pueden abarcar la cantidad de personas que se hospedan en temporada alta ya que ni siquiera había suficiente toallas en la piscina. 
Cuando se les presenta un reclamo se lavan las manos y no dan seguimiento del reembolso del dinero.
La gente de booking también se lava las manos diciendo que es culpa del alojamiento. No me devolvieron ni 1/3 de lo que pague y un mes después me siguen haciendo pasar mal.",1,2024-03-04 21:30:33+00,-1
"quartos muito pequenos e mal decorados, nem água era incluso no valor altíssimo da diária. Precisam rever as atividades de diversão ou entretenimento no hotel. Praticamente não há nada mais a fazer além de ficar deitado na piscina pequena. Um resort deste padrão de valor não pode ter como atração apenas ter um campo de golfe. Deve pensar nos hóspedes que não são jogadores também.",4,2024-03-06 12:04:51+00,-1
"O local é muito bonito, em meio a natureza, porém a estadia não foi como esperada.
Primeiro ponto, as piscinas secundárias são extremamente sujas, falta de manutenção e isso que ligamos na recepção avisando que estava imunda a piscina, eles simplesmente ignoraram a situação toda e foram limpar 2 dias depois disso, quando estávamos indo praticamente embora.
Segundo ponto, alguns funcionários deixam a desejar no atendimento e são debochados.
Terceiro ponto, bebida extremamente cara, uma água por ex de 300 ml, é 9 reais.
Quarto ponto, os banheiros não são bem limpos e inclusive as pessoas que são responsáveis pelo mesmo jogam água sanitária e deixem secando sob superfície, resultado manchou 1 pijama e 2 vestidos novos. É bem decepcionante, tive um prejuízo quase de MIL reais porque ficaram manchados por conta da água sanitária, serviço extremamente mal feito.
Quinta ponto, as bikes de passeio estão caindo as pedaços.
Café da manhã é ok, mas se for comer todos os dias acaba enjoando pois não tem variedades. Todo dia é as mesmas opções.
Pelo resort se intitular como 5 estrelas, é bem decepcionante.",2,2024-03-07 11:59:33+00,-1
"Passeio em família maravilhoso! Que hotel lindooo, café da manhã sensacional,  muitas variedades! Atendimento excelente, chegamos às 10:40 , fizemos nosso check-in e  já liberaram nosso quarto!! Atendimento top!!!",10,2024-03-08 17:38:21+00,1
Hotel simplesmente perfeito. Não queria sair para lugar algum.,10,2024-03-08 21:24:44+00,1
" Tudo foi muito bom, comida, lazer, quarto...
Voltaremos com toda certeza.

❤️",10,2024-03-09 00:17:07+00,1
Atendimento TOP,10,2024-03-09 14:34:17+00,1
" Localização excelente perto das cataratas. Acomodação tipo Villas, ambiente muito bonito em meio a natureza.  No meu check in eu não fui incluído na reserva do quarto, mesmo tendo sido eu a pessoa que fez a reserva. Tive que usar o login do Wi-Fi da outra pessoa que estava comigo no quarto. Não me foi entregue cartão de toalha, não foi explicado quase nada sobre as operações do hotel. Por se tratar de um Resort eu esperava muito mais qualidade no atendimento de chegada.

Tive um vizinho de quarto que levantava as 5h30 e fazia muito barulho andando, arrastando móveis e sabe se lá o que mais. Avisei a recepção, mas nada mudou e nada foi feito.

Fui na piscina só um dia, água turva e a da jacuzzi estava turva e com cheiro ruim.

O resort tem tudo para ser bom, mas peca na administração.",6,2024-03-11 01:22:36+00,0
"Tirando o Atendimento do Bar da Piscina, que precisa de grande melhoria e na Entrada, vão tentar Vender de Qualquer Jeito im programa de Fidelização, passou um pouco do Ponto de Cordialidade.",10,2024-03-11 16:10:25+00,1
"O hotel é lindíssimo, a acomodação que fiquei, parecendo um bairro, era um charme.
O quarto era muito espaçoso, silencioso, jardim maravilhoso, fora a área de golfe que era muito agradável. O café da manhã foi um dos melhores que já provei, a academia bem equipada, e a piscina principal era muito boa também, acomodando todos os hóspedes que estavam utilizando-a sem ficar desconfortável.
Me hospedei na semana do meu aniversário, e ganhei um bolinho de brinde, achei um gesto adorável!
A localização é excelente, do lado do aeroporto e muito perto das atrações principais da cidade.
O único ponto negativo na minha opinião, foi o valor de alguns itens do frigobar, uma garrafinha de água, por exemplo, por $9,00, achei demais.
De resto não tenho do que reclamar, recomendaria o hotel a todos que fossem visitar a região.",10,2024-03-11 19:46:30+00,1
Ótimo sem explicação.,10,2024-03-14 23:04:33+00,1
" El lugar es increíble!!! Todo es Perfecto! La decoración, el entorno , la limpieza, la atención ! Es realmente excepcional!!!",10,2024-03-15 12:58:57+00,1
 Un lugar hermoso para pasar en familia,10,2024-03-16 15:10:03+00,1
"Ótima  hospedagem.
Local excelente,  comida, ótimo  para descanso,  natureza.
Serviço  excelente,  funcionários  prestativos.

Refeições  muito boas , variedade.......
Voltaria e recomendo.",10,2024-03-16 16:10:17+00,1
"Resort maravilhoso!
Ótimas acomodações, colaboradores atenciosos, simpáticos.
Café da manhã com muitas opções, porém para pessoas com intolerância à lactose, a diversidade é menor, mais boa também.
Várias opções de atividades recreativas para adultos e crianças.",10,2024-03-16 17:16:06+00,1
"Lugar lindo, perfeito para passar as férias e renovar as energias, tbm é muito bom pra quem quer coisas mais fora da caixinha com as cataratas e seus passeios.",10,2024-03-17 11:32:33+00,1
"Ambiente muito agradável, local é bonito, inclusive o paisagismo, com direito a campo de golfe. O ponto alto é a gastronomia, difícil encontrar resort com esse padrão de culinária,  mas o restaurante principal é um pouco apertado quando está cheio. Localização de fácil acesso aos passeios e a apenas 15 minutos do aeroporto. Se for a Foz em família, considere seriamente esta opção.",10,2024-03-17 13:37:57+00,1
"Alimentação bem variada e gostosa. Localização agradável. Preço razoável.
Quarto muito bom! Piscina deliciosa!
Atendimento da maioria dos funcionários muito bons, alguns poucos foram mais fracos.
Maior inconveniente: as convenções nos momentos de café da manhã e jantar!
Tumultuam o restaurante, são barulhentos e não se importam com os outros hóspedes, principalmente idosos e bebês.
O hotel falha em deixar reservado para eles boa parte das mesas, deixando o hóspede em locais ruins e às vezes tendo que comer lá fora, onde é horrível por causa do calor excessivo.
Se todos pagam igual, o hotel deveria se preocupar mais com os hóspedes, colocando essas convenções em outros restaurantes para evitar tumulto, barulho excessivo, afinal, o hóspede não vem a um hotel como esse procurando bagunça,  certo?
Isso incomodou bastante. No restante foi tudo bom.",6,2024-03-17 15:07:23+00,0
" Quartos, limpeza, conforto, serviços  Piscina sem iluminação e televisão que não funciona em dia de chuva !",10,2024-03-18 00:15:56+00,1
"Fantástica, hotel novo limpo e comida deliciosa.",10,2024-03-18 11:24:05+00,1
"Atendimento impecável, ambiente aconchegante.",10,2024-03-18 11:25:58+00,1
Excelente,10,2024-03-18 12:03:28+00,1
" Restaurant buffets with vast selection of different foods, nicely prepared and good service.
Also great service at the ""à la carte"" restaurant. Good food there, too. Great wine selection.
Setting with nice garden, pool, etc.  Old, noisy fridge.
Smell in the room.
Service at pool insufficient considering the 5 stars the hotel claims to have.
Music in pool area too loud & not everyone's taste. 
No water bottles provided for free.
Surprisingly, the employee at the reception was totally unfriendly at checkout.",7,2024-03-18 13:02:51+00,0
"Excelente hotel, localización, atención, gastronomía, ideal para un buen relax",8,2024-03-18 18:17:06+00,1
" Super tolle Anlage, sehr leckeres Essen",10,2024-03-19 01:21:34+00,1
Excelente,10,2024-03-20 18:25:13+00,1
Hotel muito bom recomendo com certeza,10,2024-03-20 19:35:11+00,1
" Отличное расположение, очень внимательный и заботливый персонал, отличные рестораны и кухня в целом. Ухоженная территория. Тихо. Комфортно. Безопасно.  Не к чему придраться….",10,2024-03-21 00:13:08+00,1
" Simplesmente impecável, show",10,2024-03-21 17:37:25+00,1
"O hotel é muito bonito, porém precisa de manutenção mais frequente em vários pontos, a área externa (grama alta), da área kids/copa kids (pintura das paredes, limpeza de maneira geral e conservação dos brinquedos), nos quartos (a limpeza é bem superficial, telefone não estava funcionando e encontramos uma barata morta embaixo da cama no segundo dia).

Os pontos positivos além da estrutura que citei acima, é o café da manhã, é realmente muito bom! A equipe de maneira geral também sempre solícita e disposta a ajudar e atender bem.",8,2024-03-22 16:54:46+00,1
"Experiência sensacional!
Noite agradável com bingo com os tio rio/ chan e Jaque.
Recomendamos muito!",10,2024-03-23 01:45:26+00,1
" Area of the hotel is huge, plus it's combined with golf club. It was really really beautiful. Breakfast selection was great. Rooms were comfortable.  Pool bar service speed is very slow. Waiting time for food can be 1-1.5 hours. 
Location is distant from anything else, even main road is a bit far, so you can't walk around - have to use car. 
My son left phone in the gym, I approached hotel after check-out via booking.com - never got any reply. Not even polite - no, we didn't find it.",7,2024-03-23 15:59:18+00,0
Muito bom,10,2024-03-24 14:16:10+00,1
" La construcción era muy linda  Ya que es un alojamiento para niños también, faltaron juegos en la pileta, toboganes, etc",9,2024-03-25 04:32:46+00,1
"Hotel bom, lindo, área da piscina super agradável, café da manhã maravilhoso, quarto bom, porém antigo, poderia ser melhor. Limpeza do quarto mediana, pois haviam vários cabelos no banheiro, principalmente na pia quando entramos no quarto. De resto a estadia foi maravilhosa.",10,2024-03-25 15:34:33+00,1
Sensacional,10,2024-03-25 19:34:09+00,1
"O hotel tem ótima estrutura, porém vou relatar alguns pontos desagradáveis. Quando chegamos, não houve nenhuma introdução, entregaram um papel com mapa e se vira, tudo precisamos ir atrás, e buscando pessoas para saber, ficamos sabendo de algumas atividades 2 dias antes de ir embora, minha filha estava com braço imobilizado e os chuveiros não tinham chuveirinhos para dar banho e não molhar o gesso e sugeriram usar o chuveiro da privada. O café da manhã é excelente, mas os demais, não vi nada demais, a porção de peixe veio na farinha de trigo e encharcada no óleo, no espaço kids depois da minha filha brincar encontramos um rato andando no meio dos brinquedos, por mais que os monitores falaram que é rato do mato, ele estava la e ficamos com nojo, pois tinham bebês no chão e com brinquedo na boca, todo o resort é muito escuro, de noite fica lindo, porém dificulta muito a locomoção, ficamos no quarto 409 e acho que a limpeza também ficou um pouco a desejar, além do ar ser bem barulhento houve a necessidade de chamar a manutenção algumas vezes. Fomos pelo Exclusive Guest, e na minha opinião está muito longe de ser um hotel 5 estrelas, já fomos em outros que são 3 estrelas e acredito que melhor.
Escrevi para o hotel relatando esses pontos e mais alguns, mas não houve retorno.",6,2024-03-26 06:56:32+00,0
 Det hele spillede.,10,2024-03-28 00:05:18+00,1
"Muito bom, equipe muito atenciosa e o lugar é incrível. A comida é deliciosa e os quartos muito confortáveis. Obrigada pela experiência incrível.",10,2024-03-28 13:58:08+00,1
 De tudo perfeito,10,2024-03-29 13:23:20+00,1
Excelente!! O melhor da rede Wish,10,2024-03-29 18:56:58+00,1
Tio chan e tio rio,10,2024-03-31 00:30:47+00,1
Tio rio e tio chan,10,2024-03-31 00:39:06+00,1
Tio Chen e tio rio São legais,10,2024-03-31 00:39:30+00,1
Tio Chan e tio Rio são muito legais,10,2024-03-31 00:41:34+00,1
"Chan e Rio, são dois funcionários atenciosos e fazem um ótimo trabalho, fora que o hotel é sensacional!",10,2024-03-31 00:43:35+00,1
"Tio Chan
Tio Rio",10,2024-03-31 00:44:13+00,1
Galera bem preparada para diversão. Tio Chan e Tio Rio são muitos animados. Diversão pura.,10,2024-03-31 00:56:32+00,1
Tio Rio e tio Cham são ótimos. Recreação nota mil.,10,2024-03-31 00:57:52+00,1
Tio Rio e tio Chan,10,2024-03-31 01:00:42+00,1
Excelente todas las actividades y shows.,10,2024-03-31 01:02:08+00,1
Tío chan es el mejor de todos,10,2024-03-31 01:30:16+00,1
"Tio Chan e tio Rio, bastante animados, show!!!!!",10,2024-03-31 01:34:18+00,1
" Alimentação, café da manhã e jantar muito bons. A estrutura do hotel é fantástica e permite lazer de várias formas para a família.  Sujeira na piscina. Não recebi amenites de banho no segundo dia de hospedagem.",8,2024-04-01 00:30:56+00,1
"Adorei a nossa estadia no hotel. Boa estrutura, confortável e diversidade de atividades. Café da manhã completo e delicioso! Restaurante The Grill muito bom- arroz com cebola delicioso e atendimento do Deivid muito bom também. O karaokê com o Tio Chan e o Tio Jack foi muito divertido!! Interação muito divertida entre os hospedados! 🤗 pretendo retornar com certeza!",10,2024-04-01 02:18:21+00,1
"Grata sorpresa, hermoso hotel todas las comidas excelente, infraestructura impecable! Realmente nos encanto a todos. Lo que sí creo que deberían mejorar es la cancha de mini golf. Me divertí un montón con mi hijo jugando mini golf pero me divertiría más aún si fuera más grande! La atención excelente! Superó nuestras expectativas!",10,2024-04-01 12:02:11+00,1
 Refeições  Limpeza,10,2024-04-01 13:48:54+00,1
Excelente atención. Muy buena gastronomía,10,2024-04-01 16:58:12+00,1
"Local/ ambiente/ serviço 10 de 10 . Lugar ótimo para descansar, tudo funciona muito bem e os atendentes no geral são extremamente educados e atenciosos. Lugar perfeito!",10,2024-04-01 22:37:52+00,1
" La calidad de absolutamente todo, desde el edificio,  el cuidado del jardín, la calidad del desayuno y el buffet hasta la amabilidad del personal. Es un lugar increíble para pasar unos días en familia. La piscina es muy linda, el GYM es super completo. Además tienen varias actividades como cine al aire libre o Karaoke. Incluso tuvimos problemas con la habitación contigua por ruidos molestos a las 3am y el de la recepción lo soluciono en el acto. Si bien se encuentra ubicado a las afueras de la ciudad esta sobre la ruta que lleva a las Cataratas por lo que esta muy cerca de todo en auto. Además los taxi/uber son economicos y en la puerta pasa el bus 120 que va desde el parque Iguazu hasta la ciudad  Las habitaciones más económicas son un poco pequeñas y resultan agobiantes.",10,2024-04-02 01:43:21+00,1
" Quartos, comida e área de lazer.  Restaurante precisa ter mais espaço e a piscina precisa ser mais iluminada. Preços altos das bebidas.",10,2024-04-02 21:10:51+00,1
 Sem palavras excelente hotel  Quarto muito bom cama excelente e travesseiros,10,2024-04-03 02:14:04+00,1
" Excelente atención , limpieza . Excelente entrenamiento del personal de todas las áreas",10,2024-04-03 19:05:22+00,1
"Estou buscando informações para efetuar a reserva na unidade em Foz do Iguaçu para Maio/2024 em em férias com a esposa e 2 pets de pequeno porte. O em contato telefônico com o hotel fui informado que poderia somente se fizesse a reserva de 2 quartos e ficasse um adulto com cada pet.
Sem noção uma resposta dessa. Férias com a esposa e pets em quartos separados!!! Bela estratégia Wish, vocês superaram minha espectativa antes mesmo da hospedagem. Vou buscar algum outro que atenda.",2,2024-04-04 14:36:55+00,-1
 Hospitalidade  Cama e travesseiro,8,2024-04-05 10:11:22+00,1
Tio Rio,10,2024-04-06 01:41:31+00,1
Bem simples.... sem nenhum glamour de 5 estrelas,8,2024-04-06 03:07:10+00,1
Ótimo receptivo,10,2024-04-07 21:22:37+00,1
" Do Hotel de uma maneira geral  Das Refeições, poderiam melhorar muito",8,2024-04-08 01:01:52+00,1
"Excelente hotel, instalaciones , lugar, habitaciones , restaurant, espacios en común,  todo",10,2024-04-08 11:02:58+00,1
"Excelente atendimento, lugar agradavel e otima gastronomia",10,2024-04-08 15:01:00+00,1
"Muy buenas las habitaciones !
La comida muy buena, algunos días mejor que otros. Lo que faltaría sería menú infantiles, tomates cherry, tiritas de pollo.
Las piletas y jacuzzi podrían repasarlos al medio día.",10,2024-04-08 17:48:03+00,1
"Sempre agradável. Kenji e seu time são incríveis!
Amo voltar a Foz e poder estar no Wish!!",10,2024-04-09 14:39:48+00,1
" Integração com a natureza,  Faltam piscinas.",8,2024-04-09 17:16:17+00,1
"Péssimo checkin, com quarto cheirando a mofo. Resolvido após mais de uma hora de espera, por falta de delegação!!!!",4,2024-04-09 21:07:20+00,-1
" Café da manhã, jantar e cama.  Caminhos escuros para acesso ao restaurante, perigoso para idosos.
Tivemos problema no checkin pois nos deram quarto com camas de solteiro e levaram mais de uma hora para resolver a troca de quarto, por falta de autonomia para os funcionários resolverem, ficando na dependência de chefes e gerentes.",8,2024-04-10 15:03:08+00,1
 Das Frühstück war sehr gut. Das Personal war sehr freundlich.  Der Weg zum Zimmer war weit aber man wurde auf Wunsch gefahren.,10,2024-04-10 21:12:40+00,1
" Fabulous place to stay. Stayed 5 nights half board and food was fantastic, huge amount of excellent quality food with varied choice. 
Great pool for cooling off after a hot day at the falls. All staff friendly.  Shower leaked a bit but not a problem.",9,2024-04-11 13:27:52+00,1
Alucinante el lugar,10,2024-04-12 02:30:17+00,1
Hotel muito agradável! Local lindíssimo,10,2024-04-12 18:49:23+00,1
tudo maravilhoso extraordinário,10,2024-04-12 21:36:34+00,1
" Comida maravilhosa. 
Ótima localização.",10,2024-04-12 21:52:04+00,1
" Lugar muito bonito e bem cuidado,com várias atividades e funcionários atenciosos.  Poderiam ter uma piscina coberta e aquecida,para os dias de chuva.",9,2024-04-12 23:36:54+00,1
"Sem palavras para descrever o local. Atendimento maravilhoso, com vários espaços para desfrutar: espaço pet,  brinquedoteca, piscinas, pesca esportiva, trilhas, campo de golfe, jacuzzi  e diversões promovidas todos os dias. Sem falar da diversidade da culinária. Tudo espetacular!",10,2024-04-13 02:54:55+00,1
Fantástico.,10,2024-04-13 20:19:49+00,1
" Desayuno fantastico asi como la cena, super cargada y completa en variedades. Super amplio y como todo! La calidad de la comida es excepcional. Buena atencion desde el ingreso hasta el egreso. Volvere pronto seguro  Al ultimo dia hubo cucarachas, creo que una le pico a mi señora mientras dormia. Pero bueno estamos en la naturaleza. La cancha de mini golf tienen que ampliar por favor. A muchos niños les gusta solo el mini golf",9,2024-04-13 23:32:45+00,1
 Tudo  Nada,10,2024-04-14 15:22:55+00,1
"Local muito bonito, mas peca muito no atendimento, colaboradores com má vontade, não dá tempo de terminar de comer que já estão tirando os pratos tem muito a melhorar.  Uma pena",2,2024-04-14 15:40:47+00,-1
" Excellent Location, clean facilities, great rooms, food was great",10,2024-04-15 09:11:20+00,1
 Café da manha muito bom!  Limpeza do do banheiro do quarto deixou a desejar,8,2024-04-15 12:43:00+00,1
"Tio cham, tio rio e Marcelo muito bom",10,2024-04-16 01:14:00+00,1
" Todo, menos las camas que eran in poco blandas y la puerta de la ducha no cerraba.",9,2024-04-16 01:23:57+00,1
"Amamos a recreação de Mixologia com o Tio Rio, tio Chan, e Marcelo. Foram muito simpáticos, pacientes, gentis e engraçados! Amamos! Queremos recreação com eles sempre! Os drinks que ensinaram foram muito legais e com certeza vamos reproduzir em casa. Parabéns por esse time incrível! Eles merecem todos o reconhecimento do mundo ❤️",10,2024-04-16 01:29:00+00,1
 The beauty of the place,8,2024-04-16 17:36:47+00,1
" Fabuloso. Muito grande e confortável, tem tudo que precisa e mais um pouco  Nada que não tenha gostado",10,2024-04-16 21:07:49+00,1
Maravilloso!!,10,2024-04-16 22:37:55+00,1
"Tivemos dissabores ao chegar, 1) nos foi dado um quarto com forte cheiro de mofo, apesar de ser defronte a vasta vegetação, faz se necessário um desumidificador para evitar o cheiro forte do mofo. 2) desde a reserva solicitamos cama queen e no quarto havia 2 camas de solteiro. 3) solicitaram para a camareira, que limpava o quarto ao lado, ir unir as camas porém não havia roupa de cama de imediato. Me estressei, reclamei na recepção e, após uns 15 min. de espera, foi nos dado outro quarto.
O jantar é excelente, buffet muito bem servido porém, o almoço é bastante fraco, o serviço à la carte não dispõe de muitas opções, é bastante reduzido.
O serviço de bar de piscina, no quesito petiscos, é muito fraco.
A iluminação nos caminhos até o quarto é bastante ineficiente, não iluminando o caminho, mas sim a grama.",8,2024-04-17 16:30:33+00,1
 otimo,10,2024-04-18 01:19:45+00,1
" Hotel era incrível, tudo lindo, café da manhã muito bom, atendimento muito bom.
Enfim gostamos muito e gostaríamos de voltar  Infelizmente tivemos azar do clima não estar favorável e sei que apesar de ser um hotel de luxo, os itens (comida e bebida) dentro do hotel ainda achei um exagero de preço. De resto tudo maravilhoso",10,2024-04-18 11:03:46+00,1
Ótima,10,2024-04-18 13:52:12+00,1
"Lugar maravilhoso, uma experiência inesquecível ❤️",10,2024-04-18 13:55:24+00,1
"O vinho tinto servido em taça era de baixa qualidade. O valor do spa poderia ser mais convidativo.
O colchão poderia ser um pouco mais macio.
O mini golf precisa ser ampliado.
No geral, gostei bastante. Voltaria.",8,2024-04-18 17:40:43+00,1
"Estou a dois dias tentando alinhar um detalhe em minha reserva, e os funcionárias da recepção e serviço ao cliente não se esforçam para resolver! Decepcionante minha experiência até agora, se tratando de um resort esperava um atendimento melhor.",2,2024-04-18 18:53:41+00,-1
"No geral, excelente a experiência. Funcionários muito educados e prestativos. Limpeza e quarto ótimos. Considerei os preços da alimentação desproporcionais, inclusive em relação a outros hotéis da região que já conheço. Em relação à localização, não há nada por perto (restaurantes, bares, padaria, mercado etc).",10,2024-04-19 13:05:50+00,1
"Room with very bad maintenance.
Water leaking from shower.
In general dusty and dirty.
Pillow-cases with black stains.
Definitely not the kind of room that you would expect.",4,2024-04-19 23:34:14+00,-1
" Buffet de petit dejeuner varié et très bon
Piscine très agréable et beaucoup d'activités proposées dans l'hotel
Chambres spacieuses et très confortables
Hotel calme et bien situé pour visiter les chutes d'iguacu et le parc des oiseaux  Dommage que le bar de la piscine soit le seul accessible le soir, davantage snack que bar pour prendre un apéritif",9,2024-04-21 15:11:05+00,1
" Do cardápio pobre, serviço no bar os aperitivos foram servidos frios , porção pequena pelo valor",9,2024-04-22 00:04:46+00,1
 Área verde da propriedade. Espaço kids. Entretenimento (show de rock). Academia.  Valor da alimentação. Piscina sem aquecimento. Não tem piscina coberta.,7,2024-04-22 12:15:30+00,0
" Bem localizado e com uma ótima área  Os quartos precisam ser renovados, principalmente o banheiro. Muito antigos e com muito limo no box.",7,2024-04-22 12:52:43+00,0
 Das Frühstück war sehr gut !  Leider werden die Steaks im Grillrestaurant auf einem Gasgrill gemacht - und das in Brasilien ......,8,2024-04-22 13:23:15+00,1
"Quarto,  atendimentos de todos os colaboradores  e localização excelente.",10,2024-04-22 15:12:29+00,1
" As atividades oferecidas pelo hotel são boas (arvorismo, aula de golf, etc).
As camas e roupas de cama são boas.
Há um pavão que fica solto na área kids.  Um pastel no bar da piscina custa 38 reais!
Uma água do frigobar custa 9 reais e tem 300ml!
Enfim, os preços são abusivos.
Achamos que a panificação oferecida no café da manhã não era fresca, possivelmente é terceirizada e o fornecimento talvez não seja diário ou talvez simplesmente haja um problema de armazenamento dos alimentos que façam que eles fiquem ressecados.
O restaurante é muito pequeno, as mesas ficam muito próximas umas das outras, não tem espaço para circulação.
As sobremesas do jantar são apenas bonitas, mas não são gostosas.
A televisão do quarto poderia ser smart - oferecer serviço de streaming hoje em dia é básico! e por mais que vc fique passeando o dia todo, quando chega a noite, vc quer escolher alguma coisa pra assistir na tv.
Há um lago para pesca, mas o hotel oferece uma isca que é uma massa mto mole, poderiam melhorar isso para tornar a atividade da pesca mais legal.
As quadras de tênis estavam largadas e sem manutenção.
A equipe do concierge nos convidou para uma apresentação de meia hora em troca de um voucher de 400 reais. Fomos para a tal apresentação, só que durou quase 3 horas. 3 horas de tempo de viagem que perdemos. E fomos praticamente obrigados a comprar um programa de viagens. Tivemos que ser ríspidos pra que nos entendessem que não queríamos comprar nada!
Esse é um hotel que se vende por 5 estrelas, mas é 3.",5,2024-04-22 16:12:25+00,0
"As casas não possuem isolamento acústicos, fomos eu e meu namorado e nos colocaram em uma casa com casais e crianças pequenas que choraram  varias noites, então o que eram p ser um desanco ,pagando caro, não ocorreu.",2,2024-04-22 16:53:14+00,-1
"Hotel muito bom! Quartos espaçoso, porém achamos  o serviço bar fraquíssimo, pedimos porções de picanha e batata frita chegou na mesa fria, a porção batata parecia ser almoço! Lamentável",6,2024-04-22 18:09:23+00,0
Estive hospedado durante 3 dias (final de semana) por indicação e adorei tudo. Sem contar que fica em um local de muito fácil acesso a Argentina e Paraguai!! super indicado,10,2024-04-22 23:53:45+00,1
"Tio chan
Tio Rio
Barmen Marcelo
Aula de drinks maravilhosa, aprendemos muito, aula muito divertida.",10,2024-04-23 00:59:57+00,1
"Adoramos o hotel e o atendimento. Nossa filha teve ótimos momentos na recreação c as tias Estrela, Jujuba e Ravena. De noite nos divertimos c A aula de mixologia c o Chan e o Marcelo. No buffet fomos muito bem atendidos pelo Carlos. Nota 10 p tudo e todos!",10,2024-04-23 01:06:45+00,1
"Ótimo atendimento, excelente infraestrutura, serviço de alimentação com boas opções",10,2024-04-23 03:46:48+00,1
"A experiência neste resort revelou-se desafiadora em comparação à minha visita anterior. Apesar das expectativas iniciais, a arrumação do quarto deixou a desejar, e o atendimento na recepção não atendeu às minhas expectativas em termos de simpatia e eficiência. Os colaboradores, embora presentes, mostraram-se menos prestativos do que o esperado, o que resultou em demoras nas solicitações e pedidos.

No entanto, é justo ressaltar que a estadia teve seus pontos positivos. O restaurante merece destaque especial, pois desde o maitre até os garçons, a equipe foi sempre solícita e atenciosa. A qualidade da comida, aliada ao serviço impecável, tornou as refeições uma verdadeira experiência gastronômica agradável.

Apesar dos contratempos, a experiência global no resort foi satisfatória, destacando a importância de aspectos como o serviço de alimentação para a impressão final de uma estadia.",6,2024-04-23 04:06:43+00,0
"Really one of the very BEST Hotels I have ever visited, everything was perfect, very beautiful landscapes, so clean, nice tennis court and soccer pitch, beautiful swimming pool, great golf place, good breakfast and food, polite and helpful reception. Everything was Just Perfect 👌",10,2024-04-23 05:10:57+00,1
"Excelente estadia, o restaurante self service é espetacular. Os funcionários muito prestativos e atenciosos.",10,2024-04-23 17:38:54+00,1
" Excelente hotel, equipe muito cordial e gentil, comida maravilhosa, quartos impecáveis",10,2024-04-23 22:53:03+00,1
" O atendimento. Todos muito simpáticos e disponíveis  Estava tudo ótimo! Apenas fiz uma ressalva ao hotel porque achei as ruas internas muito escuras. À noite é difícil enxergar o caminho para se chegar ao restaurante, com risco de pisarmos em falso, talvez, e levar um tombo",10,2024-04-24 12:14:06+00,1
"Tivemos uma experiência extremamente ruim nesse hotel! Fomos convidados a assistir uma proposta de um clube de exclusividade do hotel,  o “exclusive guest” na promessa de voucher para o hotel e o restaurante. Pois bem, aceitamos! Depois de mais de 2 horas de apresentação e de muita insistência acabamos fechando um contrato do “exclusive guest”. Prometeram benefícios que na prática não existe. Fomos literalmente encanados! E depois procurando saber se foi só com agente, entramos na página do “reclame aqui” e ficamos horrorizados com a quantidade de reclamações de pessoas enganadas por esse hotel. Vendem um produto que na prática não funciona e mentem descaradamente te oferecendo cortesias de voucher de hotel até convencer você e sua família a comprar o “exclusive guest”. Um absurdo o que este hotel está fazendo.",2,2024-04-24 20:09:09+00,-1
" Superó nuestras expectativas desde el primer momento, no pudimos evitar extender nuestra estadía. Todos fueron muy atentos con nosotros, mi pareja cumplía años y no pararon de dejarnos detalles para hacer nuestra estadía increíble.

Recomendaría mil veces este lugar. Volveré.  Nada que pueda ser mejor, todo el servicio fué excelencia.",10,2024-04-25 20:03:55+00,1
"Very beautiful hotel next to a golf club in the middle of the forest with open spaces, big pools and very clean rooms. Staff was super friendly and helpful. The best part was the food, both breakfast and dinner in the buffet were superb. Defenitely coming back.

Minor sugestions would be to have smart TVs in the rooms for non-portuguesse speaking guests and more activities for rainy days, which are very frequent here.",10,2024-04-26 13:55:05+00,1
"Estivemos hospedados com um grupo de amigos e foi fantástico.
Os preços das bebidas são bem salgados.
Equipe muito atenciosa com os hóspedes.",10,2024-04-27 00:56:29+00,1
"O bingo foi muito divertido! A equipe com o
Tio Chan, Tio Rio e Tio Jack foi espetacular! Estão de parabéns!!",10,2024-04-27 01:49:07+00,1
Hotel com bom conforto serviços excelentes,10,2024-04-28 13:27:29+00,1
"Tudo impecável saímos satisfeito com atendimento do Carlos do restaurante e o Alisson e Marcelo do bar, tia xuxu da recreação que deu  atenção aos nossos filhos parabéns continue assim.
Assim que mantém seus hóspedes fieis e satisfeitos…",10,2024-04-28 21:55:22+00,1
" Instalações excelentes.
Funcionários solícitos.
Contato com a natureza 
Opções de atividades diversas.  Nada.",10,2024-04-29 00:20:03+00,1
Acomodações maravilhosas e o atendimento impecável de todas as equipes.,10,2024-04-29 14:23:49+00,1
"Nossa estadia foi excelente, a acomodação é ótima, os funcionários todos solícitos e educados. o café da manhã e os restaurantes nem se fala, tudo extremamente delicioso. O hotel em si já é lindo, fora as mil coisas que tem pra fazer. Nós adoramos a estadia, indicamos pra todo mundo e com certeza voltaremos a nos hospedar.",10,2024-04-29 15:07:23+00,1
"Adorei tudo, recomendo o hotel
A experiência do cinema no gramado foi incrível",10,2024-04-29 17:59:07+00,1
Boa,8,2024-04-29 19:26:46+00,1
"Excelente, do In ao Out um serviço e cuidado incrível conosco, muito especial!",10,2024-04-29 20:06:49+00,1
" la ubicación,  el bar y el comedor  concierge...??. nada motivador
camas mal tendidas.",8,2024-04-30 14:06:47+00,1
Todo muy bueno y la atención maravillosa,10,2024-05-01 14:22:17+00,1
Inesquecível,10,2024-05-01 21:46:46+00,1
" O hotel é bem bonito, o café da manhã também é uma delícia!! O quarto é um tamanho bom, e o banheiro é amplo, muito bom!  Acho que para crianças não seria muito legal.",10,2024-05-02 10:22:15+00,1
" Espaço e limpeza!  Fico nessa hotel a mais de 5 anos, nas últimas duas vezes tiraram a TV da ante-sala da suíte Júnior, fiz a reclamação mais não coloram!",9,2024-05-02 10:35:55+00,1
A estadia no geral foi boa. Pontos negativos foi o banheiro que chuveiro quebrado e não dava para regular a direção da água e o box não tinha porta. Além disso achamos a limpeza diária do quarto um pouco falha,8,2024-05-02 11:00:52+00,1
"FICAMOS EM UM QUARTO MUITO DISTANTE DA RECEPÇÃO, PISCINA CENTRAL E RESTAURANTES
SOBRE OS RESTAURANTES ACHEI O VALOR MUITO CARO PELO CARDAPIO OFERECIDO, TERIA QUE TER MAIS OPÇÕES A LA CARTE",8,2024-05-02 13:40:10+00,1
Ótima experiência. Voltaremos com certeza.,10,2024-05-02 17:26:27+00,1
Tío Marreco,10,2024-05-02 17:27:44+00,1
"Hotel excelente, muito receptivos, ambiente agradável, ótima localização para quem quer tranquilidade e contato com a natureza. Colaboradores sempre muito atenciosos, prestativos e educados. Parabéns. Adoramos!",10,2024-05-03 11:00:33+00,1
" los saunas tanto secos como húmedos no funcionan.!! gimnasio sin nada de ventilaciones produciéndose un ambiente con olores de todo tipo... guardavidas de la piscina principal no soltaba el teléfono descuidando su trabajo tan delicado. cabaña 9 falta de manteamiento el baño no tiene MAMPARAS se moja todo el baño, posee una cortinita precaria mal instalada, de 5 estrella no tiene nada...!  en su momento fue un gran hotel 5 estrellas",7,2024-05-03 11:48:38+00,0
"Minha segunda estadia no hotel e estou mt decepcionada. Funcionários da recepção com uma soberba, tratando com um desdém e respostas grossas. Poucas informações sobre os benefícios que o hotel dispõe. Já fiquei em outros hotéis da rede wish e nunca tinha passado por isso, inclusive eram super solícitos.
Segunda e última vez.",4,2024-05-04 00:06:44+00,-1
 Conforto,9,2024-05-05 14:51:52+00,1
"Lugar espetacular! O quarto que ficamos não tinha nada de luxuoso mas era super confortável e extremamente limpo. O que chama atenção mesmo é a estrutura e a beleza do hotel como um todo, mais afastado, no meio da natureza, com um por do sol indescritível! Piscinas, jacuzzis, academia, campo de golfe, o layout do hotel com se fosse uma vila com várias casas subdivididas em quartos… uma experiência maravilhosa! Funcionários super educados e receptivos!",10,2024-05-05 23:20:36+00,1
Excelente como sempre!,10,2024-05-06 12:30:36+00,1
"Resort Incrível.
Conheço alguns dos principais Resort do país, e este, certamente está entre os melhores. Em todos os aspectos.
Vivi uma ótima experiência.",10,2024-05-06 14:44:51+00,1
"Momentos muito importante na minha carreira profissional, foi um presente da empresa Banco Honda  num local maravilhoso.",10,2024-05-06 19:14:03+00,1
"Participei da atividade de drinks e adorei. Pessoal animado, atencioso. Nota 10",10,2024-05-07 01:19:24+00,1
"Gostei Muito atividade Mixilogia de Drinks com Marcelo, Tio Rio, Tia Kite",10,2024-05-07 01:22:47+00,1
"Super indico , ambiente extremamente acolhedor e aconchegante. Equipe de lazer c atividades super bacanas . Participei de uma aula de drinks c tio Rio , e tia Kit e barman Marcelo .
Super top . Venham 🙌🏻😃☀️",10,2024-05-07 01:23:55+00,1
"Semana deliciosa!! Recreação infantil super preparada! Atividades durante à noite para os adultos!! Tio Rio, Marcelo, Tia kit e Tia Estrela Tops!!!",10,2024-05-07 02:32:47+00,1
" Very good location, close to the airport and Park Nacional Iguazu to take tour of Iguazu Falls. It is a very clean hotel. Love the pool access and the quite environment. Room was very comfortable; good and various breakfast. Free WIFI was available in the room with a good signal.  All was good.",10,2024-05-07 09:49:51+00,1
" Sim já estivemos aí pela 7 vez melhorou bastante a qualidade do café da manhã e a janta 
Todas as vezes muito bem atendidos pelo Sr Carlos e equipe estão de parabéns",10,2024-05-07 13:28:44+00,1
Muito bom ótima localização e atendimento,10,2024-05-07 17:13:27+00,1
satisfatorio,10,2024-05-08 11:22:33+00,1
"Muito boa, excelente local e alimentação.",8,2024-05-09 01:59:22+00,1
"Gostei muito do resort, dos quartos e principalmente da alimentação de café da manhã, almoço e jantar foi excepcional as carnes e os risotos e pizza, grande variedade de saladas e sobremesas. Pontuei algumas pequenas melhorias na cozinha, academia e piscina. O chuveiro do quarto é uma maravilha muito relaxante, o colchão do quarto muito bom comparado as outras unidades do Wish que fiquei hospedado em Gramado. Funcionários super educados e prestativos. Serviço de Golf muito bom com ótima estrutura e um excelente instrutor. Local muito bom pra família e pra descansar e curtir uma boas férias, voltaremos em breve e super recomendo muito esta unidade do Wish Foz.",10,2024-05-09 19:47:10+00,1
" Great pool area, comfortable rooms, excellent dinner and breakfast buffets.  Dinner could open a little earlier (I saw families with young children waiting outside each evening) and it was necessary to taxi everywhere due to location, however not really an issue as everything available onsite.",10,2024-05-10 21:22:30+00,1
Maravilhoso Chan,10,2024-05-11 01:48:25+00,1
" ÓTIMA CAMA E EXCELENTE BANHO.  RESTAURANTE PÉSSIMO PARA O NÍVEL DO PREÇO.
QUEM CHEGA A 30 minutos ANTES DO FIM DO HORÁRIO TÁ PREJUDICADO.
SÓ RESTOS FRIOS E FALTANDO.
PIZZA GELADA.
NO PENÚLTIMO DIA NEM LIMPARAM O QUARTO NEM TROCARAM TOALHAS.
CLIENTE TEM QUE “DOMAR” AS ATENDENTES.",3,2024-05-11 10:53:40+00,-1
"Sempre muito bom, agradeço o pessoal da manutenção, Karina e Pedro.",10,2024-05-11 13:09:13+00,1
Local maravilhoso.,10,2024-05-11 18:40:54+00,1
" Muy lindo lugar. Todo impecable, personal muy amable. Excelente desayuno y muy buena la cena buffet.  La TV muy antigua. No permitía conectarse a Netflix u otras plataformas, y la programación era solo canales en portugués.",9,2024-05-11 23:06:50+00,1
"Adoramos a recreação como tudo no hotel por isso sempre voltamos.
Tio Chan e a Tia Kit Kat são super atenciosos.",10,2024-05-12 01:04:03+00,1
"O time da recreação é nota mil, destaque para os Tios Chan, Tia kit kat e tio Jack, nota 1000",10,2024-05-12 01:16:44+00,1
"Muito bom! Tio chan, tia kit, tio jack, tio rio.",10,2024-05-12 01:21:40+00,1
Lugar aprazível de lazer e descanso.,10,2024-05-12 19:15:15+00,1
" Todo muy bueno, especialmente la amabilidad del personal",10,2024-05-13 00:03:35+00,1
"Hospedagem muito agradável,  quartos confortáveis,  ambiente das piscinas muito boas, recreação muito boa, em especial Tios Chan, Kit, Jack, Estrela, Xuxu....
Restaurante Golf Grill com alimentação variada e muito saborosa. Atenção especial do Ernandes.. serviço muito bom",10,2024-05-13 01:23:17+00,1
"Muito bom o hotel, colaboradores solícitos e cordiais. Não tem nada a reclamar.",10,2024-05-13 17:52:06+00,1
" El área de juegos infantiles muy lindo, las habitaciones cómodas, el predio en general es muy lindo y amplio.  Cero animación, la comida muy básica (contratamos media pensión ) y muy caro el precio de las bebidas.",7,2024-05-14 00:40:37+00,0
"Tio chan
Tia kit",10,2024-05-14 01:14:32+00,1
Un lugar increíble,10,2024-05-14 12:26:33+00,1
" Hotel em geral com ótima localização, acomodações espetaculares e conforto também.  O serviço de quarto deixou a desejar como também acredito que as variedades do café da manhã também.",9,2024-05-14 12:54:57+00,1
"O hotel é ótimo. Algumas coisas para melhorar considerando o padrão do hotel:
1) Check-in e checkout um pouco demorados.
2) Falta piscinas aquecidas.
3) Fomos alojados num quarto no piso superior sendo que estávamos com criança pequena. Isso não inviabilizou nossa estadia, mas se tivessem colocado em apto térreo seria uma gentileza muito bem recebida.
4) Na região da escada para acessar o quarto estava um cheiro desagradável.",10,2024-05-14 14:11:38+00,1
"Estadia muito agradável. Quartos muito confortáveis. Café da manhã e jantar deliciosos, muito bem preparados e servidos, alimentos muito frescos... pães, saladas, carnes, sobremesas e a pizza em especial. Atendimento de toda a equipe do hotel é muito boa, em especial a equipe de recreação infantil, que dá um show na atenção com as crianças. As piscinas pequenas em frente às casas são um show a parte, trazem muito conforto e um ambiente intimista para a hospedagem.",10,2024-05-14 15:09:50+00,1
"Maravilhoso, ambiente, educação e limpeza",10,2024-05-14 18:35:25+00,1
Muito boa. Local perfeito para relaxar.,10,2024-05-15 01:25:06+00,1
" Emplacement, calme, propreté  Equipements de loisir vétustes",8,2024-05-15 09:45:37+00,1
Excelente Resort! Estilo casas com quartos onde você tem mais privacidade e sossego! Onde você vai para descansar realmente! Ficar em Paz!,10,2024-05-15 15:29:35+00,1
Amo esse hotel e as experiências que ele trás para seus clientes,10,2024-05-16 01:25:26+00,1
" El lugar es muy bonito y tranquilo. Ideal para relajarse. El entorno está muy bien cuidado y todas las instalaciones impecables. Puedes hacer caminatas por los senderos internos. Las habitaciones muy cómodas. Está cerca de todo pero reina la tranquilidad en todas las instalaciones del hotel.  El café podría ser mejor, tanto del desayuno como del lobbie bar. El resto nada que objetar.",9,2024-05-16 14:09:14+00,1
" No quarto não tem endredom, somente deixam uma manta fina no closet para se cobrir. Não e o suficiente para um dia frio como o dia em que me hospedei, o endredom que pedi veio sem capa de endredom e cheio de bolinhas. 
Não ha xícaras, chá ou café no quarto, porem tem chaleira. Tudo tem que pedir para trazer.
Não tem opções vegetarianas no menu, nem veganas, nem sem glúten/lactose. 
O vidro do box do banheiro esta branco de tão sujo, falta fazer uma limpeza boa e profunda. 
Pedi para fazerem um café da manha vegetariano para a minha família e disseram para escolher do cardápio de room service e tirar a carne, mais não tem opções de café da manha e muito menos vegetarianas. Depois de muito insistir fizeram uma marmita, pouca predisposição dos funcionários para resolver problemas.",5,2024-05-16 19:17:37+00,0
"Muito bom, Tio chan e tia Kity super atenciosos e divertidos!! Top demais",10,2024-05-17 01:32:21+00,1
" De tudo , localização,  qualidade da refeição,  instalação,  educação da recepção e do chefe de linha Carlos, que foi pró-ativo em levar a refeição ao quarto pois a esposa estava de cama, adoentada naquele dia.  Um pouco te insistência de concierges  para fazer pacote extras, assitir videos corporativos do wish e serviços de fotos insistindo em fazer ensaios.",9,2024-05-17 14:54:32+00,1
"Acredito que o suporte da empresa BLISS Travel  deixa a desejar, preços caríssimos.
O Hotel excelente em todos os sentidos , apenas achei a insistência de concierges para assistir vídeos corporativos e ganhar algum prêmio, ou passeio sem custos.",10,2024-05-17 15:43:28+00,1
Tio Chan foi muito gentil.,10,2024-05-17 18:34:07+00,1
" Espaço da estrutura, café da manhã, estrutura no geral.  Box do banheiro muito escuro e com falta de manutenção da janela. Aspecto de sujo, velha, sem conservação.",9,2024-05-17 23:34:21+00,1
" La location è un golf club, praticamente un villaggio vacanze con appartamenti sparsi per tutto il parco. Un vero spettacolo. Cibo buono e staff cortese. A quel prezzo è forse il miglior posto per visitare il lato brasiliano dell'Iguazu.",9,2024-05-20 08:40:50+00,1
 As camas!  Os travesseiros,10,2024-05-20 12:34:13+00,1
"Estarmos no Wish é sempre muito bom. Fomos recebidos com muito cuidado. Deixo um agradecimento especial à equipe de recreação, que nos recebeu com muita alegria no café da manhã e proporcionou momentos de diversão no espaço de jogos. Todos muito atenciosos. Com certeza para quem vem com criança terá uma excelente estrutura.",10,2024-05-20 14:46:21+00,1
"Muito legal a brincadeira.
O Barman também é muito simpático.
Os animadores são ótimos, Chan, Kit, Jack.",10,2024-05-21 00:54:52+00,1
Excelente,10,2024-05-21 00:58:11+00,1
"Estive hospedado do dia 12/05 a 18/05, nossa experiência  foi muito boa, colaboradores muito educados e prestativos, ótimo  café  da manhã,  almoço  e jantar também  são  excelentes, outro ponto que nos agradou é a localização,  está perto de tudo.
Pontos em que sugiro melhorias, o boxe do banheiro, eu tive de enchugar o chão  todos os dias , o atual sistema de fechamento  da área de banho não  funciona.
Também  seria muito bem recebido, uma piscina aquecida, se aquela piscina fosse aquecida os hóspedes ficariam nela durante toda a tarde.
Recomendo este hotel a outros os hóspedes e voltaremos em breve.",10,2024-05-24 12:05:41+00,1
"Ótimo Hotel, fomos muito bem recebidos por todos, hospitalidade excelente.",10,2024-05-24 12:18:34+00,1
Excelente um lugar muito bonito e agradável,10,2024-05-24 16:17:55+00,1
Meu brother tio fortinho está de parabéns… mágicas excelentes.,10,2024-05-25 13:49:14+00,1
"Muito bom, atendimento impecável.",10,2024-05-25 13:51:04+00,1
"Local muito bom, com quarto ótimo e restaurante maravilhoso! Os funcionários são extremamente educados!",10,2024-05-25 18:07:14+00,1
Excelente experiência,10,2024-05-25 22:58:39+00,1
"Tio chan e tia kit kat, pessoas maravilhosos atenciosos a minha filha Nicolly amou. Queria estar o tempo todos com eles. É uma pena não poder avaliar com mais pontos.",10,2024-05-25 23:00:19+00,1
" O hotel fica muito perto da fronteira argentina, do Parque das Aves e das Cataratas. Tem boa infraestrutura. A comida é muito boa.  No início da estadia, fomos convidados a participar de uma apresentação dos hotéis da rede que duraria 40 minutos. Resistimos de início, mas nos ofertaram um bônus de 400 reais na consumação e a isenção de quatro diárias. Concordamos então em participar do evento. Na realidade, durante mais de duas horas, fomos submetidos a uma cansativa sessão de venda de pacotes. No check-out, pagamos apenas a alimentação havida no hotel. Para minha surpresa, horas depois, quando já estávamos em viagem, apareceu na fatura do cartão todas as diárias do hotel, sem o desconto da bonificação e sem que eu tenha passado o cartão de crédito. Reclamei por WhatsApp e por e-mail, mas sequer retorno me deram.",8,2024-05-26 12:23:26+00,1
"Entrega o básico de um hotel resort. Para casais com criança pode ser interessante, mas para casal sem criança, não. Não voltaria.",6,2024-05-26 23:23:46+00,0
"El hotel es hermoso, es muy limpio y ordenado. La atención por parte de los trabajadores es excelente. La ubicación también es muy buena. Lo único que siento que deben mejorar es la calidad y la variedad de las comidas. Sentí que para ser un hotel 5 estrellas había poca variedad en el menú de la hora de almuerzo y cena.
También siento que faltó que nos explicaran que el hotel constaba de 3 restaurantes, además del buffet.

Pese a los contras volvería a hospedarme.

Saludos.",8,2024-05-27 20:13:05+00,1
"Escolhi me hospedar novamente nesse hotel por que a 7 anos atras fui comemorar meu aniversário de casamento e fui surpreendida além da  minha expectativa. Esse ano resolvi voltar para comemorar meu aniversário de casamento e o hotel não era mais nada perto do que já tinha sido. Sai realmente frustada demais. Pois os quartos, por sinal fiquei no mesmo padrão as roupas de camas amareladas, sem cobertas nos quartos, banheiros sujo, toalhas de banho super amarelas, alimentação caiu super demais, bar da recepção horrivel. Acho que perderam a essência. Sou agente de viagens e hoje vou pensar duas vezes em indicar esse hotel para um padrão de passageiros.",4,2024-05-28 13:33:19+00,-1
" hotel maravilhoso, café da manhã impecável, atendimento nota 10
áreas verdes e piscina impecáveis......hotel faz jus á fama !!!!",10,2024-05-29 13:21:18+00,1
Excelente!,10,2024-05-29 14:11:16+00,1
O tio Chan foi espetacular na recreação !,10,2024-05-29 19:18:13+00,1
Maravilhosa tio chan tio jack tia estrela,10,2024-05-29 19:19:50+00,1
"Tio Chan e Jack ótimos profissionais, nota 10",10,2024-05-30 01:01:29+00,1
"Ótimo
Tio Chan",10,2024-05-31 00:00:10+00,1
" Habitaciones cómodas,hotel hermoso con mucho verde.
Personal super atento y agradable.",10,2024-05-31 06:24:18+00,1
Eu e o meu noivo amamos toda a experiência do hotel. Tudo estava impecável.,10,2024-05-31 12:35:11+00,1
O banheiro estava com bolor,10,2024-06-01 01:46:01+00,1
" Great location near the airport and the falls. Friendly staff, wonderful facilities, and clean and spacious rooms.  No complaints.",10,2024-06-01 11:04:00+00,1
Amamos o Tio Chan e o Tio Jack  que fizeram a recreação bem bacana,10,2024-06-02 00:36:31+00,1
" Gostei de tudo, exceto que não tem Box no banheiro e molha tudo, gerando desconforto  Não tem Box no banheiro, apenas uma cortina que não adianta muita coisa, alagando todo o banheiro, principalmente a parte da privada.

Esta parte é péssima e precisa ser resolvida, haja vista que causa muito desconforto.",9,2024-06-02 11:47:31+00,1
" Atendentes atenciosos, comida excelente e a recreação.  Restaurante pequeno, com falta de lugar para sentar nos momentos de pico.",9,2024-06-02 12:22:25+00,1
" O café da manhã é bastante variado, existem muitas opções para todas as necessidades (gluten e lactose-free inclusive). O hotel dispõe de oferta de agendamentos de passeios no lobby, um serviço bastante prático para os visitantes que desejam realizar passeios turísticos na cidade e região. A localização do hotel é boa. O hotel fica próximo ao Parque Nacional do Iguaçu.  As piscinas e as jacuzzis não são aquecidas e o quarto não dispõe de sistema de aquecimento. As cobertas fornecidas não são suficientes para a necessidade durante a estação outono/inverno. O hotel ofereceu uma programação de entretenimento que também não foi planejada de acordo com o clima (karaokê em local aberto). No feriado de Corpus Christi a temperatura média era de 10 graus!",8,2024-06-02 12:39:52+00,1
"Impecável! Melhor hotel que eu já fui, espaço enorme, café da manhã impecável, tio forte faz mágicas incríveis!",10,2024-06-02 13:55:42+00,1
" Café da Manhã muito bom! Quarto espaçoso, bem arrumado e limpo.
Ótima localização para famílias. Restaurante do hotel muito bom.  Poderia ter piscinas aquecidas, pois no inverno acaba sendo pouco provável utilizar uma piscina gelada.
As cortinas do quarto poderiam vedar mais a entrada de luz.",9,2024-06-03 00:30:23+00,1
Ótimo momento de recreação com o monitor Chan. Ele nos animou e nos divertiu muito com os comentários e mostrando os recursos.,10,2024-06-03 01:20:34+00,1
" Já conhecia o hotel, gosto muito da tranquilidade e os apartamentos em meio a natureza. Você pode caminhar até a recepção  ou se desejar  um transporte de carro para fazer esse trajeto é só pedir. O buffet é bem gostoso e bem servido. Os funcionários são sempre amáveis e prestativos.  Solicitei ao concierge um passeio noturno, e o mesmo ficou insistindo para eu participar de almoço ou brunch para obter time sharing, acho isso muito chato, o hotel pode falar claramente quando deseja “vender” um produto e não fazer esse tipo de “troca”",10,2024-06-03 10:44:18+00,1
 Tudo maravilhoso excelente local retorno com certeza  Bolor nos banheiros,10,2024-06-03 10:45:17+00,1
decepcionada,2,2024-06-03 15:19:27+00,-1
" Boa diversidade dos alimentos.
Atendimento bom.  O croissant estavam murchos.
Bolo de chocolate ou creme agrada geral, ao invés de frutas.
Filé de ancho estava bonito, mas duro.",8,2024-06-03 17:34:44+00,1
"Simplesmente perfeito , desde a estrutura aos serviços . Gestão muito competente do Kenji - GG . Destaque para excelente gastronomia , um show à parte , em especial a noite temática italiana . As pizzas sao simplesmente maravilhosas . Não podia deixar de destacar a eficiência e atendimento de toda equipe em especial o Toshima . que nos deu muita atenção e nos deu muitas dicas de passeios imperdíveis
Limpeza em geral muito boa
Espero  voltar um dia
Muito obrigada",10,2024-06-04 00:46:08+00,1
Tio Chan é maravilhoso!!!,10,2024-06-04 01:28:02+00,1
"O resort é super gostoso, um lugar bem tranquilo, muito verde e espaços diversos, bem legal pra curtir a dois ou com a família.
Os chalés são um capítulo à parte, além do conforto, te dá muita privacidade, ficam afastados da sede, mas têm carrinhos de transporte que podem ser pedidos a qualquer momento. Os restaurantes são ótimos, principalmente o principal que tem um café da manhã bem variado. Se não fosse o valor de Foz do Iguaçu, que maltrata, teria sido perfeito.",10,2024-06-04 13:48:19+00,1
"Que experiência magnífica foi ficar neste hotel, não tenho nada a reclamar, todos, sim todos os funcionários são exemplares. Já sabia de alguns detalhes, pois me hospedei duas vezes no Wish Natal, também de casal, a estrutura e o local em si amarrada a proposta do Wish são únicas. Sim eu não indicaria o E.G. para outras pessoas porque acho predatória e até errada a forma de abordagem na venda desse produto, há ainda a falta de transparência na venda e apresentação do E.G., e se isso fosse melhor tratado acredito que haveria uma adesão maior. Pretendo voltar ao hotel, sem estar na posição do E.G., tudo no hotel é excepcional  e as vezes é o simples bem feito. A única coisa que precisa ser revista é o restaurante The Grill, poucas opções pra um restaurante que pode entregar mais nos pratos, e deveria ser diferente do restaurante principal do hotel, sinceramente, comi carnes na cidade melhores e bem mais preparadas do que no The Grill (La Caverna, por exemplo), o restaurante não é ruim, entretanto, para o que se propõe ainda está abaixo. Obrigado a equipe Wish Foz e parabéns por esse empreendimento, que experiência boa.",10,2024-06-04 23:22:01+00,1
 Ótima para crianças. Jogamos golfe. Hotel muito limpo e novo.  Nada,10,2024-06-05 15:03:00+00,1
"Foi uma estadia incrível, o ambiente do hotel nos leva a tranquilidade, a paz a sossego.",10,2024-06-05 20:47:38+00,1
"Maravilha de lugar, lindo e super agradável. Vale o que custa.",10,2024-06-06 01:39:06+00,1
Perfeito. Maravilhoso. Amooooo demais. Serviço espetacular.,10,2024-06-06 18:38:07+00,1
 Localização e hotel em si.  Do mau cheiro de esgoto no banheiro.,9,2024-06-06 19:01:28+00,1
"Hotel muito aconchegante, nota 10!
Tia deia atendente nota 10!
Obrigado pessoal do resort wish!",10,2024-06-07 13:04:15+00,1
"Já tive a oportunidade por algumas vezes me hospedar no hotel, assim como ir ao restaurante. A estrutura é excelente, o atendimento impecável.  Tanto quando se está com  crianças, ou sem, a experiência é sempre única. Os chefs do restaurante de massas (a massa com vieira é coisa dos deuses) e o chefe do grill que sempre nos surpreende a  cada visita. Um ponto que deve ser destacado, pois é o carro chefe e o diferencial sem sombra de dúvidas é o Golfe. A estrutura existente é de excelente bom gosto e qualidade, os carros elétricos disponíveis para os hóspedes, a área reservada para os eventos conta com uma vista deslumbrante do por do Sol de Foz de Iguaçu, e fecha com chave de outro a receptividade e competência do diretor de golfe, o Sr Miguel Palhota, natural Portugal, adotou nosso país para difundir o golfe. Trata-se de um profissional diferenciado, apaixonado pelo esporte e pelo seu trabalho. Esse carinho e competência refletem principalmente nos torneios, palestras e aulas aos hóspedes.
Voltarei muitas outras vezes.",10,2024-06-07 22:35:08+00,1
"Dias sensacionais, Tio Forte foi muito legal!!",10,2024-06-08 13:44:18+00,1
Lugar seguro. Muito espaço para toda família aproveitar inúmeras atrações. Funcionários atenciosos e um café da manhã fenomenal.,10,2024-06-08 17:02:17+00,1
 Unbelievable facilities and great staff! So close to the airport.  Don’t cater to vegetarians and food was bland,10,2024-06-08 18:26:11+00,1
"Tio chan, tio frango e tio carrapicho",10,2024-06-08 18:49:57+00,1
" The resort was gorgeous, plenty of pools for the different casas. Some with working jacuzzis. Food was great, location very good, beds very comfortable, great water pressure.  The black out curtains in our casa did not fit the windows, unfortunately leaving huge gaps where the tremendous amount of outdoor lighting illuminated our bedroom every night.  Since the beds were comfortable, and we were exhausted from our daily excursions, we really needed and missed getting a good night's sleep.   You should be able to adjust those outside lights also, some were just blinding you as you walked instead of shining on the walking paths.",7,2024-06-08 19:03:00+00,0
" Café da manhã completo, uma delícia. Os quartos grandes, limpos. A estrutura do hotel é bem grande e tem uma academia completa. Tem brinquedoteca, quadras. Atendimentos excelente.  A brinquedoteca é super longe da área de lazer, ou os pais ficam juntos ou não dá, pq ninguém deixaria o filho longe assim sozinhos. Achei bem confuso as reservas dos quartos, no minha reserva estava escrito 2 adultos e 2 crianças e me falaram que reservei para 1 adulto e me cobraram a mais por isso no Check-in.",9,2024-06-09 15:09:05+00,1
"Amei a experiência no Wish. Só a sauna deixou a desejar pois não a ligaram quando pedimos. O café da manhã também pode apostar em coisas mais diferentes. Oferecendo ilhas de tapioca e cuscuz ou guloseimas do sul. Almoço muito bom.  No geral, muito bom!",10,2024-06-09 20:03:50+00,1
"Lugar incrível lindo , voltaremos !!!",10,2024-06-10 00:31:32+00,1
Muito bonito e agradável!,10,2024-06-10 15:17:29+00,1
"Hospedagem impecável do começo ao fim, time da recepção, A&B, time da recreação , tudo maravilhoso!!",10,2024-06-10 16:34:21+00,1
"Uma experiência muito bacana, conciliamos a viagem para poder participar do torneio de golf, q por sinal, estava excelente, final de semana bem agradável, colaboradores do hotel bem atencioso, tudo impecável.",10,2024-06-10 18:01:48+00,1
Acomodações e serviço excelentes!,10,2024-06-10 21:03:15+00,1
Muy lindo! Excelente atención.comida espectacular,10,2024-06-10 23:49:14+00,1
Tio chan e a tia kitut são simplesmente  incríveis.  A energia sensacional nota 1.00o. Estão  de parabéns!!!,10,2024-06-11 01:08:25+00,1
Excelente final de semana entre amigos. Lugar amplo e com bons espaços de convivência. Perfeito para quem deseja descansar entre amigos ou busca um lugar remoto para trabalhar com tranquilidade e conforto.,10,2024-06-11 11:13:33+00,1
"Muito boa a experiencia no arvorismo, o Tio Chan, Frango e marreco foram incríveis! Muito atenciosos e prestativos!",10,2024-06-11 19:24:08+00,1
 Gutes Frühstück  Das Restaurant,8,2024-06-11 21:01:18+00,1
" El desayuno, excelente. Mismo en los horarios pico, reposición y lugares para ocupar.  La habitacion con olor a mofado. Mucha umidad. Cuando pedimos un spray antimofo nos enviaron un mata mosquito. También mucha dificultad para estacionar. Las casas quedan lejos de los vehículos, dificultando el transporte de maletas.",5,2024-06-11 21:49:10+00,0
"Sem palavras para descrever a incrível experiência que tivemos nesse lugar. Atendimento excepcional, o jantar foi um dos melhores que já fui em toda minha vida, grande variedade e sabor, o café da manhã então, sensacional. O ambiente é calmo e o formato de “condomínio fechado” é uma proposta muito melhor do que apartamentos, me senti em casa. Serviço de quarto excelentíssimo.

Vou sempre para foz e me hospedarei somente com vocês a partir de agora.",10,2024-06-12 22:56:45+00,1
Muito divertido o karaokê e o a equipe de recreação Tio Jack e Tio Chan,10,2024-06-13 01:06:32+00,1
" A estrutura física do hotel é realmente excepcional, fora do quarto, pq dentro do quarto foi uma decepção.  O quarto ficou muito a desejar, fiquei hospedada no 201, informei na reserva que era aniversário de casamento, mas nos colocaram num quarto que eram 2 camas de solteiro juntas, ou seja, ficava um buraco entra uma e outra, ao entrarmos, encontramos muitas muriçocas, que nos incomodaram durante a noite, sem falar nas condições do banheiro, com paredes do box sujas e mofadas, não gostei mesmo. E o café da manhã também não foi satisfatório, pão de queijo duro, velho, parecia que as comidas haviam sido reaproveitadas de outro momento. 
Tenho experiência de outros hotéis em Foz e sem dúvidas, essa não foi das melhores, na próxima vez a escolha não será o Wish",3,2024-06-13 08:26:44+00,-1
" hotel bonito e localizacao boa..  Banheiro com vazamento, tomavamos banho e fora do box ficava encharcado..",8,2024-06-13 12:39:02+00,1
" La infraestructura, tiene de todo. Excelente resort y sobre todo recomendado para la familia, con múltiples opciones de entretenimiento para los niños.",10,2024-06-13 22:12:15+00,1
" Estrutura do hotel, beleza da paisagem e opções de entretenimento  Limpeza.
Cordialidade dos funcionários.
Piscina sem aquecimento 
Serviço de piscina",8,2024-06-14 00:47:36+00,1
" Hermoso hotel, ideal para pasar unos días con amigos o familia, las instalaciones super lindas, la limpieza muy buena, la comida excelente.",9,2024-06-14 12:47:52+00,1
Funcionários muito gentis e atenciosos.,10,2024-06-14 13:54:38+00,1
"Pizza excelente, drink delicioso, música boa ♥️ tio Chan muito atencioso e solícito",10,2024-06-15 00:29:50+00,1
"Muito bom, Tio Chan e Tio Jack muito prestativos, nota 10.",10,2024-06-15 01:14:19+00,1
Serviço perfeito! Recreadores tio Chan e tio jack e tia Kate super atenciosos!!!,10,2024-06-15 01:16:02+00,1
 食事がおいしい  プール温度が低い,8,2024-06-15 01:56:39+00,1
"Passamos uma semana ótima no hotel, tio forte fez umas mágicas show para finalizar com chave de ouro nossa estadia. Comida do hotel é a melhor parte.",10,2024-06-15 13:37:42+00,1
Excelente. Só o restaurante que deixa a desejar.,10,2024-06-15 21:45:03+00,1
"Participe del bingo y me encantó! Super buena idea y divertido, muchas gracias!!",10,2024-06-16 01:21:30+00,1
" A qualidade da acomodação, cama, e toda estrutura do hotel  Para um hotel que se diz família. Um absurdo a copa baby ficar a 500 metros de distância. Dificulta demais para esquentar comidinhas de bebês. Deveria também servir pratos kids na piscina, local onde tem muitas crianças brincando.",8,2024-06-16 01:38:20+00,1
 Close to Iguazu National park. The staff was extremely friendly. Walid in the reception is very friendly and helpful. Beautiful property with a massive pool. The property is very lush and we loved it.  Nothing. The property was excellent in every possible way,9,2024-06-16 13:30:38+00,1
" Estrutura boa, atendentes do bar e restaurantes muito queridos  Atendimento da recepção, péssimo, sem vontade de ajudar! E fomos para comemorar o dia dos namorados, pedi para deixarem algo comemorativo no quarto, confirmaram que seria possível e não fizeram",8,2024-06-16 14:21:50+00,1
" Do atendimento dos funcionários,  limpeza,  localização,  proximidade de vários locais de eventos., do café especial,  almoço e jantar dentro dos padrões internacionais.",10,2024-06-17 00:08:17+00,1
" O hotel é um espetáculo, luxuoso, grande e bem relaxante. Mas precisa treinar melhor seus funcionários principalmente os da recepção  Tive um problema sério no meu check in pois a recepção disse que minha reserva seria pra 1 adulto e não 2 adultos no quarto, liguei pra a booking, mostrei que a culpa não era minha, que tinha feito a reserva pra 2 adultos, inclusive simulei na hora pra a recepcionista ver mas não teve jeito, tive que pagar uma diferença grande pra o período que fiquei lá, bastante contrariado, confesso que se estivesse sozinho não pagaria mas como estava com meus pais idosos e meus filhos crianças ja nervosos, resolvi pagar mas fiquei muito desapontado tanto com a booking quanto com o hotel.",8,2024-06-17 02:11:14+00,1
"Sugestões de melhorias:
- quarto: ajuste na decoração da porta de correr, cortinas nao vedavam a iluminação externa, banheiro molhava todo quando ligava chuveiro, melhoria qualidade de toalhas, tv sem acesso a streaming
- piscina sem possibilidade de uso, necessário urgente de climatizadores ou aquecimento, ja que tem mtas opções
- restaurantes: preços altos dos menus e buffets gerando busca por alternativas externas, gerando desconforto ja que muitas vezes queríamos permanecer no hotel para curtir
- no geral equipe 10, atendimentos excelentes Frango, Chan (recreação), Izaura (restaurante), Marcelo (bar)
- acesso as bikes deveria ser sem custo o tempo todo, controle deveria ser por agendamento",8,2024-06-17 07:48:19+00,1
"Excelente! Local amplo e proporciona prática de esportes,
Acomodações impecáveis; staff atencioso e gentil! Recomendo!",10,2024-06-17 13:33:22+00,1
"Hotel maravilhoso, porém SEM AQUECIMENTO nas piscinas impossibilita utilização em períodos de outono e inverno, lamentável para um Resort deste nível.",8,2024-06-17 13:54:39+00,1
 El lugar es muy hermoso  Tal vez debería haber más facilidad para ir al aeropuerto y que no sea tan costoso. Ya que se encuentra cerca.,10,2024-06-17 16:19:50+00,1
"Hotel lindo, que acolher muito bem as familias.
Tem um kids que distrai crianças e adolescentes.
Tem um bar no lobby que tem bons drinks para ter um tempo de conversa agradavel.
Os quartos são muito bons, camas boas.
Tem um banheiro bom, com um chuviero que da vontade de ficar debaixo.
Tem estacinamento.
Por estar na Av das Cataratas facilita acesso a algumas atrações em Foz.
Café da manhã bem servido.",10,2024-06-18 00:00:00+00,1
Muy bueno servicio y amables los chicos. También hicimos Alborismo dentro de las instalaciones nos animaron en todo el trayecto. Tío Chan tío frango e tío carrapicho. Lo único que cambiarían serían los Jacuzzi. Muy antiguos.,10,2024-06-18 00:25:58+00,1
"Las habitaciones están bien.  El desayuno y la cena de primera
La gente del hotel no te guía sobre las instalaciones que ofrecen y servicios.
Descubrimos bicis cuando nos estábamos yendo.
Las canchas de tenis no llegamos a velas.",8,2024-06-18 08:33:05+00,1
"Resort Golf Club lindo,  muito limpo, organizado, novo, estrutura fantástica, piscinas, hidros, academia (de verdade rsrs), café da manhã excelente, realmente uma excelente experiência.",10,2024-06-18 11:28:39+00,1
" Descanso, silêncio e aconchego  Tudo a contento",10,2024-06-18 14:22:31+00,1
 Do Café da Manhã!!! E o X- Burger do Restaurante  Nada,10,2024-06-18 14:45:08+00,1
" El buffet es muy bueno aunque podrían variar un poco mas.  La insistencia para pertenecer al club de socios Wish. El descuido de las piletas individuales. Es incomodo para salir caminando, luego de la entrada, no posee espacio para caminar hasta el autobús.",8,2024-06-18 18:16:28+00,1
 Great location close to main attractions. Comprehensive concierge service and on site option to book guided tours.  Line for check in. No toilet paper in room on arrival - had to call and request. Mosquito net on window damaged.,7,2024-06-19 01:49:59+00,0
" Um hotel bem estruturado,  tudo funciona , ele é fenomenal.  Não gostei de ir embora!!!",10,2024-06-19 10:56:53+00,1
"Toda equipe do Hotel é espetacular ! Acomodação , restaurante , bar , piscina …mas da Recepção gostaria de destacar o sorriso e cordialidade do HUMBERTO

Os campos verdes a luz do sol ou sob o luar são deslumbrantes . Crianças , casal e negócios … tudo num único lugar !",10,2024-06-20 00:00:00+00,1
"Lugar lindo, dentro da mata Atlântica, com chalés de vários tamanhos. Muitas opções de deverão para todas as idades.. Atendimento super simpático. Voltaremos, com certeza. Recomendo!",10,2024-06-20 11:37:32+00,1
" It's a nice looking hotel. The room was spacious and the bed was comfortable. A lot of greenery and nice surroundings. The breakfast had plenty of options.  Despite being 5-star hotel, the service and amenities provided didn't match that rating and did not meet our expectations of a 5-star hotel.",8,2024-06-20 12:32:47+00,1
" Local aprazível  Manutenção do banheiro do apto não realizada como deveria: 
1. Chuveirinho vazando; 
2. Ao tomar banho, água escorre pelo vidro do box e inunda banheiro e corredor. 
Restaurante não disponível até mais tarde.
Limpeza de apto não realizada no horário combinado, feita mais tarde, mas não a contento.",7,2024-06-20 15:20:11+00,0
"Comida excelente 
Atendimento impecável 
Funcionários nota 10
Perfeito 
Votarei fazer evento no wish com certeza
 Atendimento de eventos que é a porta de entrada para levar nosso evento para o hotel, equipe perfeita nada a reclamar 
Só elogios a toda equipe
Parabéns wish",10,2024-06-21 00:00:00+00,1
"Excelente. Equipe atenciosa, com destaque para o mensageiro Clayton, que nos atendeu com muita atenção.",10,2024-06-21 13:30:48+00,1
" Hotel muito confortável, café da manhã e jantar com boas opções, equipe muito prestativa. Infelizmente não pude aproveitar todo o espaço do hotel porque o tempo estava bastante chuvoso, mas com certeza voltaria em outra oportunidade.",9,2024-06-21 14:03:14+00,1
"O hotel é bom e possui uma ótima área para eventos. No entanto, as áreas comuns carecem de mais cuidado... o piso nos arredores da piscina principal é bem escorregadio e alguns tacos estão soltos. O restaurante do hotel tem dificuldades para comportar grandes quantidades de pessoas e a comida poderia ser melhor... muito simples para o valor que cobram. O hotel é longe do centro, o que pode atrapalhar a logística para algumas atividades. Mas, para quem quer ir para as Cataratas e para a Argentina, é uma boa opção.",8,2024-06-21 15:09:36+00,1
" Lugar muito lindo, limpo!
Confortavel e seguro  Falta algo pra dias de chuva.
Piscina coberta e aquecida.",8,2024-06-21 15:41:14+00,1
Muy lindo todo,8,2024-06-21 16:31:30+00,1
"Gostei muito e com certeza voltaria ao Wish resort Foz do Iguaçu. Amei a vastidão verde e a natureza que se vê por todo lado. Os aptos dispostos em amplas casas, nos deixa mais à vontade e com mais liberdade. Cafe da manhã  variado e muito gostoso. Os funcionários  amáveis e atenciosos, desde os atendentes do balcão aos  garçons e camareiras. Excelente atendimento  com a equipe Viva fotografias e o fotógrafo Ícaro, que nos deixou muito a vontade e conseguimos lindas fotos.",10,2024-06-22 00:00:00+00,1
"Ambiente extremamente agradável, elegante e com bastante entretenimento",10,2024-06-22 13:10:15+00,1
Exlente servicio muy recomendable!! la ubicación increíble 💕,10,2024-06-22 14:22:02+00,1
Muy comfortable el lugar,10,2024-06-22 14:49:19+00,1
"Hotel é muito bonito e tem boa manutenção. Os funciona são muito atenciosos. Tem um bom espaço Kids e um turma de recreação dedicada .

Att .;)",10,2024-06-22 18:25:58+00,1
Muy buen hotel !!,10,2024-06-22 21:24:17+00,1
"Muy lindo el lugar, super recomendable!!",10,2024-06-22 23:52:50+00,1
"Espetacular!!

Lugar maravilhoso, serviço com toda estrutura impecável

Podemos dizer que a experiência é de estar em casa..",10,2024-06-23 00:10:20+00,1
"Participei do bingo super top, tio Jack, tio Chan, tia Kit Kat, tio Rio e tashiro
Ótimo.bingo",10,2024-06-23 00:50:03+00,1
"Adoramos o bingo ! Tio Chan, Tio Rio muito atenciosos e divertidos !",10,2024-06-23 00:53:36+00,1
"Ótimo local e funcionários maravilhosos.
Gostaria de agradecer em especial ao funcionários Tio Jack, Tio Cham, Tia Kit, Tio Paçoca, Tia Jujuba, Tia Lala e Tio Rio, muito atenciosos.",10,2024-06-23 00:54:48+00,1
"A festa junina do hotel WISH foi maravilhosa! Os funcionários tio Rio, tia Kit e tio Jack são incríveis!!",10,2024-06-23 00:56:33+00,1
"Adoramos a Festa Junina realizada no hotel. Bingo super animado pela equipe de eventos, Tio Rio, Tia Kit, Tii Chan e Tio Jack.",10,2024-06-23 00:56:50+00,1
"O bingo foi muito animado com o tio Rio e sua equipe (Tia Kit, tio Jack, tio Chan). Ainda levei um prêmio!",10,2024-06-23 00:57:06+00,1
"Festa de São João ótima, divertida. Ambiente agradável e muito bonito.
Atendimento maravilhoso em especial pelos recreadores Chan, Tio Jack e Rio.",10,2024-06-23 00:58:28+00,1
"Bingo foi maravilhoso com tio Rio,",10,2024-06-23 01:05:26+00,1
"Adorei mttt o big , tio Rio e mttt maravilhoso, adorei",10,2024-06-23 01:07:20+00,1
"Ótima experiência!
Festa junina sensacional, tia kit um amor de pessoa!",10,2024-06-23 01:10:08+00,1
"El lugar es hermoso, la gente es muy cálida y atenta, el mantenimiento del parque se nota, tiene mucha dedicación,  Recomiendo 100%",10,2024-06-23 12:21:06+00,1
" En realidad todooo...es muy bello y súper recomendable!!!  Todooooo me encanto ,fue un éxito!!!",10,2024-06-23 13:25:40+00,1
" Espectacular todo!!! La comida, las instalaciones, la limpieza, la atención de los mozos, sobre todo de Ernandez. Vamos a volver, sin dudas!!!!  Nada, todo bellisimo!!!!",10,2024-06-23 13:26:49+00,1
"Vocês são  um ótimos, irrtrocáveis oferecem precos justos, possuem uma equipe cordialissiima., atenciosa, Interativa ... É nossa 2ª experiência em Hotéis da rede. A 1ª experiência incentivou a 2ª e estamos planejando ter a 3ª ainda este ano. Nos enviem promoções do vosso hotel em Fortaleza.",10,2024-06-23 14:41:37+00,1
"Excelente hotel, quartos confortáveis , além da piscina principal há piscinas menores entre os prédios, culinária muito boa e serviço cordial.
Pontos altos: agencia de turismo dentro do hotel com preços acessíveis e recreação infantil.",10,2024-06-24 00:00:00+00,1
" Acomodação ampla e espaçosa  Sacada e hall de entrada sujos. A iluminação do quarto precisa ser melhorada, falta iluminação no banheiro e no próprio quarto.",8,2024-06-24 12:27:29+00,1
"Local ótimo, voltaria novamente",10,2024-06-24 14:17:06+00,1
" O hotel tem uma ótima estrutura, com bom café da manhã e atendimento muito atencioso por parte da equipe. Fomos para celebrar o aniversário de casamento e eles tiveram o cuidado de deixar uma surpresa no quarto para nos receber. A localização é muito boa, sendo fácil o acesso para a cidade e para os pontos turísticos.  embora o hotel tenha algumas jacuzzis, fez falta o aquecimento na piscina principal",9,2024-06-25 00:34:34+00,1
"Super bem recebidos pelo Marcelo e pelo
Chan.",10,2024-06-25 00:59:42+00,1
Maravilhoso!! E nada mais!!,10,2024-06-25 09:01:40+00,1
"Muito bom, pessoal muito atencioso, principalmente o Rio e o Chan",10,2024-06-25 13:53:29+00,1
 Atención,10,2024-06-25 15:09:24+00,1
"Muito boa, pessoal muito atencioso e simpático. As meninas do omelete e tapioca muito prestativas e atenciosas e na recepção o Douglas e o Humberto excelentes, fazem a nossa estadia ficar perfeita! Nota dez (10)!sem esquecer a Karen do bar da piscina!",10,2024-06-26 00:00:00+00,1
"A equipe de eventos esta de parabéns, tanto Suelen como a Ana são extremamente atentas e prestativas, todas as demandas foram prontamente atendidas e os horários cumpridos com pontualidade. Certamente recomendarei para outros eventos.",10,2024-06-26 00:00:00+00,1
"Ambiente perfeito, muito organizado e limpo. O espaço de eventos é maravilhoso, e a equipe de eventos e sua gerente ofereceram um atendimento sensacional. Com certeza voltarei todas as vezes que tiver oportunidade. Recomendo muito essa experiência.",10,2024-06-26 00:00:00+00,1
"Great location in Foz da Iguacu, close to the airport and on the main road to attractions. This hotel is set up like a village around the pool and a beautiful golf course. When we arrived we were assigned a room towards the back of the complex on the second floor. I had a knee injury prior to the stay and we finally asked to be relocated closer to the entrance and on the first floor. Immediately someone with a golf cart helped go get our luggage and transfer everything to a new room. Although the room was the same layout, it was more updated and easy to access. We were very pleased and comfortable for our stay.",8,2024-06-27 00:00:00+00,1
"Hotel muito bom, com várias atividades para serem realizadas durante a estadia, café da manhã, almoço e jantar muito bom e quartos num tamanho bacana. Um dos melhores chuveiros que já usei em hotel. Disponibilidade de banheira aquecida e piscinas. Local muito bonito e limpo e com carrinhos eletricos para levar os hóspedes da recepcao para o quarto.",8,2024-06-27 12:21:41+00,1
Tudo excelente,10,2024-06-27 13:37:57+00,1
" Tudo perfeito, super organizado e limpo. Café da manhã maravilhoso e ainda tem opção de almoço e jantar a parte se quiser.  Academia e jacuzzi perfeitas para uso.",10,2024-06-27 13:47:54+00,1
" Tudo muito maravilhoso.. café excepcional, instalações, limpeza, funcionários..",10,2024-06-27 20:40:20+00,1
"Nice hotel, friendly staff, good food. Our luggage didn’t arrive on our flight and the hotel did nothing to help despite staff saying they would provide toothbrushes etc. so we had to change plans to find clothes and toiletries. Would have expected better from 5-star hotel service.",6,2024-06-28 20:11:02+00,0
"Participamos da noite do bingo comandado pelo tio Rio, foi muito divertida! Todo o staff é muito bacana, o Jack, Chan, a Kit. Estão todos de parabéns",10,2024-06-29 01:38:16+00,1
 Instalaciones y la comida excelente,10,2024-06-29 19:07:57+00,1
 Tudo perfeito  Café da manhã,10,2024-06-30 12:04:17+00,1
Amamos demais  o tio Rio no bingo,10,2024-06-30 13:06:58+00,1
" Comida boa é no restaurante eram todos muito solícitos  O quarto cheirava mofo o colchão péssimo com cheiro, ficamos hospedados estava chovendo e a Recreacao era péssima, recreadores debochados conversando entre eles e mandavam as crianças pegar as coisas.. esse hotel foi um decepção",5,2024-06-30 14:04:15+00,0
" O hotel é novo, o quarto muito confortável e o café é maravilhoso! Infelizmente não conseguimos aproveitar as piscinas e outras instalações do hotel, porque ficamos só 2 dias, e estava extremamente frio, acabamos preferindo aproveitar o conforto do quarto, mesmo...  Acho chato a tentativa de vender time share logo no check-in... A TV no quarto era ridiculamente pequena...",9,2024-06-30 14:12:42+00,1
 Da estrutura  Valores dos consumíveis,8,2024-06-30 21:06:25+00,1
"Maravilhoso o local, são casas com quartos limpos, colchão,  travesseiros confortáveis, refeições variadas, atendia todos os gostos, academia completa. Possui várias áreas de diversão e piscinas. A gente se sente em casa, não parece hotel. Parabéns para toda a equipe, excelente atendimento.",10,2024-06-30 21:12:47+00,1
Menção especial a equipe da recreação. Muito atenciosos. Estrutura ótima. Funcionários prestativos. Experiência nota 10 do check-in ao check-out.,10,2024-07-01 16:35:12+00,1
"Realizamos a organização do casamento da Marina e Rodrigo no Hotel, na data de 29 de junho. E podemos contamos com uma infraestrutura maravilhosa, todo serviço prestado pelo hotel é incrível, o buffet preparado especialmente para o casamento ficou esplêndido, o cuidado e respeito com nossa equipe e com os demais fornecedores só nos fazem querem voltar mais vezes para realizar sonhos neste lugar encantador!! Parabéns à equipe de Eventos, em especial a Ana Moreno que nos deu auxílio e suporte em tudo, uma querida e ótima profissional! Dieily, Suellen e Manuzinha essa equipe vale ouro! 
O hotel tem muita sorte em te las!
Gratidão!
Marcela Tormes 
Assessora cerimonialista da Bem Casados Cerimonial",10,2024-07-02 00:00:00+00,1
"Excelente atendimento, pessoal do evento excelentes profissionais!! Ana moreno do setor de eventos é uma querida e muito responsável, amo demais .. sem contar a comida né, uma delícia, e o atendimento dos garçons, sensacional! Recomendo demais .",10,2024-07-02 00:00:00+00,1
"Fizemos nossa Convenção Comercial no Hotel Wish em Foz do Iguaçu e saiu tudo perfeito. O atendimento do hotel desde o início da contratação até o final do evento foi excelente. Sempre muito atenciosos, além da qualidade de serviço oferecida, como espaços, coquetéis e jantares, etc. Recomendo com certeza.",8,2024-07-02 00:00:00+00,1
Concierge Matheus que fica no Exclusive Guest do Hotel Wish está sendo muito solicito com boas dicas para aproveitar melhor a viagem e lugares para serem visitados. Assim como bons restaurantes com cardápios variados e com ótimo custo benefício.,10,2024-07-02 00:00:00+00,1
" O hotel é excelente, em geral. Destaco o excelente atendimento dos funcionários (em especial ao consierge Guilherme). O cenário do hotel é lindo.  Iluminação fraca no ambiente do quarto.",9,2024-07-02 14:08:37+00,1
 A atmosfera da propriedade é muito agradável.  Optamos por jantar incluído e nos decepcionamos com a pouca variedade oferecida.,9,2024-07-02 18:13:29+00,1
Lugar lindo e aconchegante!!,10,2024-07-03 11:09:59+00,1
"Decepcionante. Diárias muito caras para quartos que acabam a água, não tinha coberta e ao pedirmos mais, a recepção nos enviou retalhos de uma manta. Passamos frio.  Poucas atividades recreativas e com horários muito ruins. Tudo muito caro. Além do principal ponto negativo da piscina não ser aquecida, e termos ido no frio para curtir com os amigos.",4,2024-07-03 12:13:48+00,-1
" Alojamiento muy cómodo en un entorno natural muy agradable y tranquilo.Ideal para visitar las cataratas de Iguazu,a pocos kilómetros del acceso al parque.",9,2024-07-03 22:23:10+00,1
 Tudo excelente,10,2024-07-04 12:18:18+00,1
"Una experiencia increíble. El servicio impecable, las habitaciones lujosas y la ubicación perfecta para disfrutar de las Cataratas del Iguazú.""",10,2024-07-04 14:09:50+00,1
Exelente como siempre lo mejor atencion lo recomiendo,10,2024-07-04 15:14:12+00,1
Genial el lugar ! Super buena la atencion. Muy muy recomendable,10,2024-07-04 15:58:10+00,1
"Excelente lugar,tiene todo lo que uno necesita.",10,2024-07-04 20:19:23+00,1
Me ha encantado este hotel! Lo encontré muy cómodo y confortable.,10,2024-07-04 22:13:45+00,1
" Hotel com quartos amplos, equipe cordial e prestativa. Área verde agradável e boas atividades para crianças. Café da manhã é bom e inicia às 6h.  Academia boa e aberta 24h.  A jacuzzi precisa de manutenção. Piscina poderia ter aquecimento. Café da manhã poderia ter alguns alimentos mais regionais e iogurte natural.",9,2024-07-05 00:09:28+00,1
"O hotel é muito bom, os tios são muito legais e principalmente o tio mágico que é muito bom nas mágicas, a comida é muito boa, as piscinas são muito boas, os campos de futebol são oficiais.",10,2024-07-05 12:20:30+00,1
"O Hotel é bonito, com uma grande área verde. Quartos grandes e aconchegantes. Boa recepção. Refeição saborosa. Com entretenimento tanto para as crianças quanto para os adultos.
Só deixo uma sugestão para os períodos mais frios, piscina aquecida.",10,2024-07-05 18:12:10+00,1
"Estivemos no Wish e o tio Forte realmente fez a diferença em nossa experiência...a criatividade, a recepção e o carinho transformou a estadia....",10,2024-07-05 18:37:14+00,1
Muy buena la atención,10,2024-07-05 22:59:05+00,1
"Adoramos a experiência. Fomos bem recebidos, adoramos o presente da equipe Viva. Nos presenteou com uma foto linda para lembrarmos sempre deste momento.

O hotel é aconchegante, moderno. Um ótimo lugar para descansar e curtir.

Voltarei mais vezes",10,2024-07-06 00:00:00+00,1
"Hotel excelente! Comida divina. Funcionários educados e prestativos. Quartos espaçosos, cama maravilhosa. Recreacao animada!Voltaremos com certeza! O serviço de fotografia é nota 1000, só façam! A Viva Arte e fotografia é ótima! Recomendo muito!",10,2024-07-06 00:00:00+00,1
" Todo , el personal, las instalaciones, el servicio .
Todos atentos en todo momento. 
El desayuno y  la cena excelente",10,2024-07-06 00:53:47+00,1
"La mejor animación
Tío chan tío rio tío Jack formiga",10,2024-07-06 01:41:48+00,1
 Localização e ambiente  Piscina sem aquecimento,8,2024-07-06 13:01:45+00,1
"Tudo perfeito!!!
O sistema das casas afastadas é muito bom!!!
Tem as piscinas privativas e as jacuzzis!
O jardim e o verde nos trazem paz e reconfortam a alma!
Cafe da manha perfeito!!!",10,2024-07-06 16:46:39+00,1
Ótimo lugar para descansar com a família!,10,2024-07-06 18:58:21+00,1
Recreação show de bola!,10,2024-07-06 18:58:29+00,1
 Tout,10,2024-07-06 19:00:05+00,1
"O hotel é fantástico, os funcionários extremamentes educados, cortes. O serviço de piscina servido pelo Thales foi excelente. As comidas no restaurante foram espetaculares. Chamei o chefe Zaqueu para Parabenizar pela qualidade e pelo delicioso menu que nos serviram na semana. Os garçons foram educadíssimos, gentis e atenciosos. Uma equipe formidável. Parabéns",10,2024-07-06 20:36:17+00,1
" Todo , el buen gusto y las actividades para Ninos  Que le falta pileta de agua caliente o templada",9,2024-07-06 21:08:49+00,1
"La experiencia es única, el hotel muy distinto a todos,  las chicas de VIVA son lo más 😊 !! nos hicieron una sesión de fotos en la lluvia poniendo toda la onda, haciendo de la tarde un momento único!!! Súper recomendable 
………………………………………………..",10,2024-07-07 00:00:00+00,1
"A estadia no hotel sempre é muito boa, Mas agora foi sensacional porque tivemos à oportunidade de ter uma experiência diferente( fotos em família) foi muito legal, gostamos muito.obrigada  a empresa Viva!!!!!!!!!
………………………………………………..",10,2024-07-07 00:00:00+00,1
Noite sem dormir! Festa rave em local vizinho   são 7 da manhã e o som continua. Caso venha se hospedar solicite quartos afastado da festa.,6,2024-07-07 10:20:19+00,0
Very good hotel overall. Close to Ifuazu Falls and Foz Airport. Only downside is the buffet service which is well below the hotel category.,8,2024-07-07 23:16:09+00,1
 Nos gusta siempre viajar al wish! Nos encanta que sean villas y el hermoso entorno verde que tienen  Esta vez no tuvimos ninguna queja,10,2024-07-08 01:27:53+00,1
 Todo perfecto,10,2024-07-08 14:38:21+00,1
 Room was very comfortable staff was good. Breakfast was good too if we have to come again we will book this place.  Booking.com quoted different price in pounds and they charged more than that. It seems booking.com was not honest fair with is customers,8,2024-07-08 20:32:53+00,1
" PAISAGEM  BANHEIRO COM VAZAMENTO,ACHO QUE O BOX ESTA SEM VEDACAO, OU A DUCHA HIGIENICA",5,2024-07-08 21:44:33+00,0
" Hotel ótimo , limpo , super bem cuidado , confortável, bem localizado . A comida poderia ser um pouco melhor n a qualidade mas , tem fartura e muitas variedades . Pessoal prestativo e simpático . Ótimo custo benefício .Voltaria com certeza .",9,2024-07-09 00:32:08+00,1
Perfeito o hotel! Só se hospedem! Meia pensão vale dms! Recreação adulto e infantil! Todos solicitos! Acomodações excelentes! Voltarei com ctz!,10,2024-07-09 01:30:09+00,1
 Tudo que eu atendi fui atendida,8,2024-07-09 11:08:08+00,1
 D  Ótimo,10,2024-07-09 11:27:14+00,1
 Acomodações  Piscina gelada,9,2024-07-09 18:51:12+00,1
"Simplesmente incrível a hospedagem, o lugar é sensacional, o atendimento de primeira, café da manhã maravilhoso, as acomodação, quarto, cama, travesseiros, vista e as piscinas praticamente exclusivas com as jacuzzi…muito maravilhoso!! Estão de parabéns!! Sem contar nossa querida Quétlin que nos deu suporte e ao gerente comercial que nos apresentou mais o espaço!!",10,2024-07-10 00:00:00+00,1
" Quarto espaçoso 
Banheiro bom
Roupa de cama boa e cheirosa",10,2024-07-10 00:27:30+00,1
 Área do hotel  Equipe de checking e acomodação,7,2024-07-10 01:03:47+00,0
"Hotel maravilhoso! Quarto muito bom, camas King size, chuveiro bom. Os quartos ficam em casas, o que te dá uma sensação de liberdade tremenda. O hotel é todo rodeado por vegetação, e tudo muito bem cuidado. Os funcionários educados e muito simpáticos.  A comida é DIVINA! Fazia tempo q eu não ficava num hotel com as refeições tão boas! Uma sugestao: ter piscina aquecida e coberta. O pessoal da recreação é ótimo.  E dica: façam as fotos com a fotógrafa do hotel, ficam lindas.",10,2024-07-10 02:06:09+00,1
"Como reportado ao Concierge, muita decepção com os preços da alimentação e carta de vinhos. Uma região próximo aos maiores produtores de vinho do mundo, inclusive a melhor regiao produtora de vinhks brasileiros (Rio Grande do Sul), tem a obrigação de melhorar sua carta e vinhos e oferecer opções com preços acessíveis. Os preços do buffet (até R$ 160) não se justificam como opção única no hotel. Alternativamente, so pedindo um sandwich no quarto a R$80). Torna o hóspede refem de um único modelo e inviabiliza a estadia para quem está em mais de 2 pessoas. O mobliário do quarto deixa muito a desejar, em especial a cama. Em épocas frias é fundamental que mais de uma colcha seja deixada nos quartos, pois passamos frio na primeira noite nas dependencias. A pessoa que responde as avaliacoes pelo hotel deveria saber lidar melhor com criticas. Varios posts respondidos de forma inadequada.",4,2024-07-10 09:21:33+00,-1
"Segunda vez que me hospedo com o Wish Foz do Iguaçu, o atendimento é sempre muito bom. Desta vez senti que o cardápio do café da manhã se repetiu todos os dias nos quais estive lá! Foi muito bom rever alguns rostos familiares da equipe do hotel, uma moça responsável pela ilha de tapioca e omelete e o Tio Frango, ambos me marcaram positivamente durante minha estadia de 2019 no resort.
Recomendo que todos os futuros hóspedes fiquem atentos com a oferto o Exclusive Guest, associação no estilo clube de férias. Minha família foi induzida a assinar com todas as promessas e facilidades de se hospedar, no fim veio a pandemia e quase não usamos a pontuação por conta das restrições que são impostas pelo clube. Mas tirando essa situação com o clube de assinatura, a rede GJP tem ótimos resorts pelo Brasil e um serviço excelente!",10,2024-07-10 12:25:04+00,1
" The location was central and close to all attractions, The facility is breathtaking and peaceful with lots of amenities.  The breakfast selection was okay, wished there were more variety like fruits and meat selection. My room had issues with the air condition, and the shower drain was sluggish, needed to change room twice, before I decided to upgrade my room",8,2024-07-10 15:01:41+00,1
"A experiência foi ótima e super indico e voltaria para o hotel, porém, deixo dois pontos de atenção sobre as piscinas não serem aquecidas e ter poucas jacuzzis para desfrutar no tempo frio, além de sentir falta de roupão para utilizar na saída da sauna.",10,2024-07-10 16:15:05+00,1
" Cama, travesseiros e local  Sauna não funciona, uma sauna a temperatura ambiente, a sauna a vapor não tem vapor e fica por volta de 30 graus, a seca idem. Faltam opção de comida para crianças no buffet",8,2024-07-10 23:47:09+00,1
"Tudo perfeito, só tenho uma sugestão. deveriam ter uma área de convivência maior, com opção de TV, mesas para jogos, pois como estava frio, só tinha a área do bar para muitas pessoas, gerando uma lotação, por vezes não tinha nem lugar para sentar, como a área do hotel é imensa, poderiam pensar  nisso",10,2024-07-11 12:17:16+00,1
"Adoramos a localização, quartos, refeições (muita variedade e sabor), ambiente, decoração, serviço de transporte interno e atendimento.
O que precisa melhorar: É necessário instalar cabides nos banheiros das acomodações. Não existe lugar para pendurar as roupas que você irá utilizar após o banho. Poderiam disponibilizar varal de chão também para secar roupas. Também acho necessário iluminar melhor o caminho dos pedestres nas alamedas entre a recepção e os quartos, pois as escadas não ficam visíveis à noite, possibilitando acidentes. Na recepção, poderiam disponibilizar um bebedouro com água normal e não apenas gelada.",10,2024-07-11 19:24:11+00,1
" Comida excelente tanto no café da manhã, almoço e jantar. Funcionários muito prestativos e simpáticos.  Ficamos em um quarto próximo ao prédio principal, onde tem o restaurante e a recepção, mas tem apartamentos bem distantes, que acredito que seja um pouco ruim para as refeições.",9,2024-07-11 20:46:23+00,1
"Excelente hotel, atendimento muito bom! Tivemos uma experiência maravilhosa com a empresa  fotos Viva, pois realizaram um registro em família que estarão guardados com muito carinho, parabéns a empresa pelo acolhimento……………………………..",10,2024-07-12 00:00:00+00,1
"Referente a recreação, foi o primeiro resort que minha filha ficou sozinha sozinha com os monitores… o acolhimento da equipe fez toda diferença, ao ponto dela se sentir segura e participar das atividades.
A equipe está de parabéns!!!",8,2024-07-12 01:12:01+00,1
 cafe maravilhoso e muito proximo da argentina  do sistema de vendas de RCI,10,2024-07-12 11:42:46+00,1
Ótimo para hospedagem de férias!,10,2024-07-12 15:05:23+00,1
"O hotel foi todo preparado para o verão. A estrutura é muito boa, porém a hospedagem durante o inverno não foi uma boa experiência. Falta aquecimento no quarto e o deslocamento em dias de chuva até o restaurante não é bom. A academia estava com diversos aparelhos quebrados e o serviço de quarto não arrumou o quarto no dia em que saímos às 7 da manhã e retornamos as 19 e sempre deixava uma toalha, um tapete, algo faltando..",6,2024-07-12 16:04:35+00,0
"Foi incrível todo o trabalho do pessoal do viva no hotel wish. Fotos incríveis e muito profissional!! 

……………………:.::………………………………………..:.:..:..:……………………………………………………………………….,…………………………………………………………………………………..:………………………………….",10,2024-07-13 00:00:00+00,1
"Fizemos nossa festa de casamento no Hotel Wish e foi tudo maravilhoso. Iríamos fazer na área externa, porém uma semana antes tivemos que mudar tudo para o salão interno, devido as mudanças climáticas e mesmo assim foi tudo acima do que esperávamos. O ambiente, o atendimento dos garços, a climatização interna, o por do sol externo para fotos, foi tudo perfeito. Nós só temos que agradecer a toda a equipe do Wish, especialmente a Ana Moreno, por toda paciência e cuidado conosco e nossa festa. Realmente foi um sonho realizado e não poderia ter sido melhor.",10,2024-07-13 00:00:00+00,1
"Estamos hospedados em 3 quartos, o meu dei azar precisa de manutenção. Já solicitei e atenderam algumas mas tem coisas que não seria tão rápido, como desfiz a mala deixei. Café da manhã delicioso. Viemos comemorar o aniversário da minha mãe, até falei na reserva mas não fazem nada interessante quanto a isso.",8,2024-07-13 09:10:58+00,1
 Clean rooms good location.  Buffet was always cold even when going soon after it opened. I think its very poor to charge people for water at dinner when paying for half board. Lunch took an hour one afternoon for a sandwich which had clearly been forgotten about as everyone else got their meal and drinks quicker and no apology given. Would have provided this review on check out if I had been asked how my stay was but wasnt just took my payment. Was very disappointed considering the price.,5,2024-07-13 10:52:02+00,0
"Hotel familiar, opções de quartos para família, espaçosos e muito limpos. Café da manhã delicioso e com muitas opções, com tapiocas e omeletes feitos na hora. Jantar delicioso.  Atendimento prestativo. Ótima opção para viagem em família em Foz do Iguaçu!",10,2024-07-14 00:00:00+00,1
"Adoramos a recreação, pra nós e a melhor recreação de todos os Wishes. Sempre voltamos ao Wish por causa da recreação do hotel. Incríveis tios Paçoca, Jujuba, Formiga, Ravena, Frango, Jack, Pipoca e Cacau são formidáveis com as crianças. Parabéns Wish pela equipe de profissionais.",10,2024-07-14 01:27:43+00,1
" Quartos e café da manhã  Valor do almoço fora da realidade, devia ter comida por kg.

Os arredores do hotel é bem ruim, está tendo muito obras de benfeitorias por parte da prefeitura!",9,2024-07-14 01:32:05+00,1
" Localização, limpeza, variedades no café da manhã.  A todo momento o hotel diferencia o hóspede que não é membro do hotel, e cobram a mais pelos serviços.",6,2024-07-14 12:41:36+00,0
Excelente,10,2024-07-14 14:33:32+00,1
 otimo para quem quer jogar golf,9,2024-07-14 19:31:52+00,1
" Todo! La habitación...los parques...Kids zona...pileta
Comida riquísima. Contratamos media pensión...vale la pena y lo recomiendo!!!  La habitación de un hotel 5 estrellas deberían tener una cafetera con cápsulas y tazas para preparar un café.
De mi habitación desapareció una remera y si bien estoy segura que fue un error porque había cosas de más valor para llevarse, creo que se habrá ido mezclada con toallas o sábanas.....eso no me gustó....",10,2024-07-14 19:43:29+00,1
"O Hotel Wish fica bem perto do aeroporto e isso é uma maravilha. A localização também perto de vários pontos turísticos é uma grande vantagem! O hotel tem um atendimento muito bom, café da manhã super gostoso e um espaço externo muito bonito. Além do campo de golfe que é maravilhoso. Façam fotos com os fotógrafos que ficam no hotel. Amei tudo e voltarei com minha família ❤️❤️",10,2024-07-15 15:25:16+00,1
"Hotel muito bom, gostei muito pois se preocupou com as crianças! Lugar muito bom para ir com a família!",10,2024-07-15 18:04:08+00,1
"Excelente hotel. Equipe de recreação, restaurante e concierge excelentes. Quartos otimos e ambiente lindo. Achei ruim o curto horário de disponibilidade para as bicicletas e o fato de ter que pagar para utilizar em outro horário. Deveriam só estipular tempo. Necessário adquirir novas bikes também.
No mais, tudo perfeito!",10,2024-07-15 19:20:24+00,1
"Calma preste atenção -  pois irei começar por 03 pontos negativos:  Primeiro -fiquei na casa 20, e não tem no banheiro cabides, nem para a própria toalha que usei, não  tinha local  para colocar a roupa para me vestir após o banho, pois nem sempre os hospedes serão  íntimos, podem ser colegas de serviço e logico não vão ficar semi despidos andando pelo quarto. Segundo - a iluminação externa dos jardins e alamedas estão desfocadas, vem direto para nossos rostos, não iluminam suficientemente os caminhos e escadas, acredito nesse caso ser necessário  a avaliação de uma empresa especializada em iluminação,  a fim de acertar o foco das lâmpadas. Terceiro a gentileza de disponibilizar um bebedouro aonde eu possa pegar agua gelada ou temperatura ambiente, hoje em dia já se trata de pratica comum em vários hotéis e pousadas esse mimo, (certamente entra como despesa para o local porem cativa o hospede).  Agora pontos positivos:  tamanho do quarto muito bom, tudo funcionado perfeitamente, tv, frigobar, ar condicionado, armários suficientes roupas de cama e banho de qualidade, colchão perfeito, mimos de higiene, PH, ótimo no quarto em que estive conta com 02 pias do lado de fora do banheiro, desta forma se um esta no banho o/a  outro(a)  pode escovar os dentes, arrumar maquiagem.  Café da manha maravilhoso com muitas variedades que normalmente não se vê em outro lugares e tudo de primeira  qualidade,  o jantar  sensacional, muitas opções, saborosas e bem temperadas na medida certa, as opções das  sobremesas , dá agua na boca,  e  toda hora os colaboradores supervisionando os pratos para repor os mesmos, e a presença da nutricionista gera mais confiança. Toda área verde, e essa é enorme, mesmo, muito bem cuidada muito lindo, não da para descrever tudo, só quem se hospeda saberá o que é esse local fora de serie. Eu lamento que estive em dias frios e chuvosos,  Fui muito bem tratada pelos funcionários, só lembro o nome de 05 (que memorizei) são  - as senhoras Claudete, Fernanda e a chefe Gleiciele. E na nossa entrada os senhores da recepção Joelson e o senhor Rogerio. Porem todos os outros que tive contato direto não guardei  os nome, foram  muitos gentis e prestativos se empenham para agradar, porem toda "" regras tem sua exceção""  , no caso o senhor de meia idade que prepara os drinks, próximo a recepção considero  grosseiro. Com certeza voltarei a me hospedar no futuro.",10,2024-07-15 21:57:41+00,1
"O que eu mais gostei no hotel foi a massagem, é realmente excelente Fiquei super relaxada e o atendimento da Luana foi incrível, me senti tranquila e super feliz. Obrigada pela massagem maravilhosa e o atendimento 5 estrelas. Super recomendo.",10,2024-07-16 00:00:00+00,1
"Participamos de uma atividade mto legal com a Tia Formiga, tia Kitcat, tio Rio, tio Jack e o professor Marcelo. Wish sempre inovando para seus hóspedes. Gostamos bastante.",10,2024-07-16 00:47:56+00,1
"Participei da aula de drinks com o barman Marcelo, tia formiga, tia kit kat, tio rio e o tio jack!!!
Foi incrível e divertido, me senti em casa! Hahaha Parabéns hotel wish",10,2024-07-16 00:53:04+00,1
" Quarto amplo e confortável! Café da manhã muito bom. Equipe muito prestativa.  A propriedade fica um pouco mais distante do centro da cidade e, com as obras na rodovia, o trajeto fica bem mais lento. Achei o preço do jantar salgado e saímos para jantar todas as noites, mas estavamos de carro. Se fosse depender de táxi ou uber seria mais complicado.
A limpeza da área do box poderia ser melhor.",8,2024-07-16 01:57:34+00,1
" Do lugar que é maravilhoso ...não é um hotel num predio são casas separadas como se fosse um condominio americano e os quartos são nessas casas, cada grupo de casas tem uma piscina na frente (pena que tava frio ) no calor deve ser muito legal  da localização do restaurante no segundo andar da sede, poderiam usar outros restaurantes mais legais e bonitos do complexo do hotel, achava ele bem depressivo ....a comida era boa estou falando do lugar fisico, entrada por uma escada apertada ou elevador",9,2024-07-16 14:37:36+00,1
"Hotel é muito lindo, sem falar no atendimento prestado pelas pessoas desse lugar, o quarto e as comidas muito saborosas sem falar na diversidade de alimentos disponíveis. Tiveram 3 noites tipicas de comidas e estava muito gosto com direito a apresentação, e conhecemos a saladeira que é uma pessoa sensacional, humilde e carismática, só me esqueci o nome dela, mas coloquei uma foto com ela. Rede Wish essa moça merece uma promoção…",10,2024-07-16 14:48:19+00,1
Muito boa.,8,2024-07-16 18:36:20+00,1
"Adoramos a localização, a segurança, o espaço amplo, as comidas! O ponto alto vai para o atendimento dos concierges (especialmente o Guilherme) e dos tios da recreação tia Jujuba, Frango, Formiga, Estrela, Paçoca, Rio, Cacau e o  tio Forte com suas mágicas incríveis! Perfeito!",10,2024-07-17 00:00:00+00,1
"Tudo maravilhoso , 
Só falta mais luz no quarto , café top ,........:::: crianças adoraram , atividades para eles a todo momento ..... jantar maravilhosos sobremesas 🍨  música ao vivo, no jantar foi sensacional.  O chuveiro maravilhoso .. voltaria",10,2024-07-17 00:00:00+00,1
"Hotel muito bom, mas o mais especial foram as fotos tiradas pela Pamela da Viva. Foi incrível!! 
Obrigada 🌷 ................................................................................................................",10,2024-07-17 00:00:00+00,1
"Shows noturnos muito bons, tudo excelente! Tia Formiga sempre apoiando para que nossa estadia fosse perfeita!",10,2024-07-17 00:42:37+00,1
"Recreação para adultos bem satisfatória. A noite de música ao vivo foi ótima. Sugestão de recreação para família toda como quiz musical, gincanas.
Avaliação solicitada pela Tia formiga.😉",8,2024-07-17 00:45:49+00,1
"Adoramos a localização, o espaço, as comidas! O ponto alto vai para o atendimento dos concierges (especialmente o Guilherme) e dos tios da recreação tia Jujuba, Frango, Formiga, Estrela, Paçoca, Rio, Cacau e o  tio Forte com suas mágicas incríveis! Perfeito!",10,2024-07-17 12:50:21+00,1
" Muy buenas instalaciones recreativas.. buena cancha de golf, la cancha de fútbol 11, la sala de juegos..  Nos tocaron unos días muy fríos. Alrededor de 10 grados de promedio. No había calefacción en los espacios comunes del hotel, mucho frío en el lobby, en el bar y en los comedores. Solo se podía estar en las habitaciones, que eran acondicionadas.",7,2024-07-17 17:29:31+00,0
" Gostamos muito, apesar do tempo ter atrapalhado. Mas uma propriedade muito linda. A senhora paraguaia que faz omeletes super simpática e atenciosa (pena, esqueci o nome dela)  Tempo.",9,2024-07-17 22:19:17+00,1
"Foi uma Experiência incrível no Hotel Wish, acomodações e refeições maravilhosas. O ponto alto foram as fotos com a Viva, saímos com a uma linda lembrança em família. ————————————————————————————————————————————————————————————-",10,2024-07-18 00:00:00+00,1
 El parqu  La habitación la esperaba más amplia,10,2024-07-18 00:08:30+00,1
Tio forte o brabo das magica,10,2024-07-18 19:08:49+00,1
Hotel maravilhoso para levar a criançada!,10,2024-07-18 19:51:59+00,1
Amamos a sessão de fotos com a Viva Fotografias……………………………………………………………………………………. Amamos a sessão de fotos com a Viva Fotografias……………………………………………………………………………………. Amamos a sessão de fotos com a Viva Fotografias…………………………………………………………………………………….,10,2024-07-19 00:00:00+00,1
"Hotel muito bem localizado, pessoal da recepção extremamente educados, prestativos, mas infelizmente estou decepcionada com o wish, tive ótimas experiências no wish Natal mas no de Foz do Iguaçu deixou muito a desejar, sou exclusive guest aqui na linha wish, sempre fui muito bem recebida, com um folheto de boas vindas e pequenos agrados (alguns chocolates) coisa simples mas sabemos que para os hóspedes isso mostra o quão interessado o hotel está em agradar os seus hóspedes e fazer com que voltem mais vezes. Falando da parte da recreação, tem um ""horário"" falando as recreações que tem, muitas atividades tentei levar meu filho e quando chegava no Kids os funcionários da recreação foram muito rudes e falaram que não teria, na parte do Bingo, péssimo, organização zero, acontece com os mesmos funcionários da recreação que são zero receptivos, uma bagunça que não tem tamanho, os prêmios que são para maior de idade não são entregues para a família, mesmo que os pais recebam o prêmio, ao invés de darem outra opção de prêmio para a criança para agradar o cliente, eles simplesmente falam você ganhou mas o prêmio não pode ser seu, como explica isso para uma criança? Não tem como, e sejamos sinceros a criança nem liga para o prêmio em si mas sim por receber algo então poderia ser algo para os pais mesmo. Enfim, eu realmente recomendo o Wish Natal, mas o de Foz do Iguaçu infelizmente não, vim fazer uma viagem com minha família e saí dessepcionada. E finalizo minha estadia esse final de semana.",6,2024-07-19 00:00:00+00,0
" A localização é boa, fica na avenida das Cataratas, a poucos minutos de todas as atrações. O hotel fica integrado na natureza, é tranquilo e bem frequentado. Os jardins muito bem cuidados e as refeições razoáveis. Meia pensão (pequeno-almoço e jantar) é uma ótima  opção. Funcionários muito simpáticos e disponíveis. Muita animação e atividades para crianças pequenas.  Falta ao hotel uma piscina interior e um salão de jogos, para entretenimento nos dias frios e de chuva. Tivemos azar com o tempo e não conseguimos usufruir da piscina e espaços exteriores.",8,2024-07-19 10:23:43+00,1
O hotel é maravilhoso! Extremamente bem cuidado. O quarto é espaçoso e limpo. A equipe de todo hotel é muito educada e solicita. A turma da recreação é ótima. O mágico Tio Forte é uma figura. Recomendo o hotel fortemente.,10,2024-07-19 13:33:31+00,1
"Resort localizado em Foz do Iguaçu,Paraná, com ótima localização e estrutura excelente.
Perto das principais atrações turísticas, sendo as principais Cataratas do Iguaçu, Parque das Aves e Parque Nacional.
Local bem estruturado para família combinando natureza e a atenção de resort de alto nível.",10,2024-07-19 15:49:10+00,1
" Estrutura maravilhosa, quartos espaçosos, jardins cuidados, academia, piscina, campo de golfe. Uma pena a mata ser inacessível. A tal trilha na mata é quase ridícula. Roupa de cama e banho de ótima qualidade. Zero mofo.  A alimentação caríssima do almoço e jantar, em torno de 140, por refeição, por pessoa não paga a comida feita para batalhões, mal cuidada, com ares de chique mas de baixa qualidade, excessão para as saladas e frios (muito bons) e para o café da manhã, pouco mais que médio. Pães e bolos péssimos, massas brutas, muita farinha e açúcar e nenhum sabor. Sobremesas de padaria ruim. Raras excessões. Com poucas alternativas de restaurantes na área, ficamos encurralados no importantíssimo quesito alimentação. 
O sofá cama onde acomodaram minha neta não era digno de um ser humano. Ao abrir, fica todo desnivelado. Noites de tortura, com o corpo torto ou escorregando, uma vergonha para um resort daquele nível e preço.",7,2024-07-19 16:37:13+00,0
"Uma experiência incrível com várias quadras pra jogar, mesa de poker e os funcionários são muito queridos e acompanham e jogam jogos conosco",10,2024-07-19 18:52:30+00,1
"Recreação muito legal!
Com destaque ao Tio forte .. simpático e habilidoso demais nas mágicas! Incrível!",10,2024-07-20 13:22:33+00,1
"Muy recomendable.
Tiene todo para pasarlo bien en familia!!!
Excelente",10,2024-07-20 13:32:06+00,1
 Su naturaleza y las instalaciones de entretenimiento para niños/familia  Nada,9,2024-07-20 13:41:27+00,1
Gostei muito do hotel e serviços oferecidos..aponto apenas que os serviço de manutenção eram muito constantes e muitas vezes cedo fazendo muito barulho com corte de grama e VAP.,10,2024-07-20 15:09:00+00,1
Excelente hotel.,10,2024-07-20 21:48:36+00,1
" Tudo muito bem feito  O box com cortinas do quarto que me
Hospedei não ficou legal porque molhava todo banheiro não ficou prático, o chuveiro apresentou problema, esfriava e esquentava técnico não conseguiu resolver .",10,2024-07-21 00:25:30+00,1
"Gostei do tio chan , muito 🔝
Jack MT toppp",10,2024-07-21 01:09:04+00,1
" a propriedade é excepcional, muito verde e liberdade.  A alimentação nao surpreendeu como a hospedagem. O Café da Manhã tinha poucas opcoes de alimentacao e nesta estadia as frutas estavam foram de ponto.",9,2024-07-21 12:43:14+00,1
"Pessoal que trabalha no hotel em todos os aspectos muito educados e prestativos. Só achei que o quarto a cama poderia ser melhor arrumada... a porta do banheiro na parte inferior ja está danificada, algumas tomadas não tem encaixe, mas a limpeza é impecável. Parte gastronômica maravilhosa... muito seletiva. O único ponto negativo, é a água ser uma garrafa pequena de 300 ml ser 9 reais...comparado a uma latinha de 350 ml de refrigerante 10 reais.
No demais é um resort Fantástico. Muito entretenimento para as crianças, liberado para pet... enfim...um bom lugar para se ficar, porém se ajustar algumas coisas, fica perfeito.",8,2024-07-21 16:51:59+00,1
"Hotel maravilhoso, agradável, comida boa, funcionários muito atenciosos e prestativos, localização maravilhosa! Com certeza recomendo e voltaria a me hospedar novamente!",10,2024-07-21 22:33:57+00,1
"Passamos dias maravilhosos com a família. Jantares com comidas deliciosas e entretenimento para todos. Café da manhã muito saboroso com variedades todos os dias. Quarto muito confortável, boas instalações. Adoramos a experiência. Queremos voltar em breve!",10,2024-07-22 00:00:00+00,1
 A estrutura do hotel é maravilhosa. Locar perfeito para se hospedar com a família . Muitas atividades para as crianças!,10,2024-07-22 11:03:21+00,1
Sofrivel,2,2024-07-22 15:37:07+00,-1
" Quarto amplo, camas excelentes. Café da manhã com muita variedade, servido em local agradável.  Áreas verdes amplas e bem cuidadas. Funcionários atentos e gentis.",9,2024-07-22 16:15:34+00,1
"WISH Foz sem um ambiente com Piscina (nem falo de aguas termais) interna e aquecida em momentos de chuva ou frio limitam o hospede. Outras redes na mesma cidade possuem este diferencial e, como eu disse, isso e um diferencial enorme.",8,2024-07-22 17:07:47+00,1
"No geral, acredito que por ter passado tres ferias de final de ano no WISH NATAL, vim um pouco mal acostumado. Lá todos os serviços oferecidos aos hospedes são de excelencia. Infelizmente no WISH FOZ DO IGUAÇU, fica aquem do padrao vivenciado. Mas, apesar de todos os disabores, quero destacar aqui o Douglas da recepção, os garçons Eliseu e Felipe, e por ultimo, mas não menos importante a camareira que atendeu o nosso quarto. Nestes sim, observei empatia e comprometimento com os hospedes do Grupo WISH. No mais, deixou-me a sensação de que a area de Recreação precisa passar por um processo de reengenharia, pois observa-se que algumas peças estão comprometendo toda engrenagem.",8,2024-07-22 19:39:28+00,1
"El hotel es espectacular, increíble, la comida, los lugares, los jardines, la atención de todas las personas.
El servicio de ViVA es espectacular para llevarse un buen recuerdo. Nos encantó todo! Lo repetiría.........................",10,2024-07-23 00:00:00+00,1
"Participei do curso de mixologia de drinks com o Tio Chan e a Tia Formiga, foi uma experiência incrível! O curso foi super divertido e muito bem conduzido, ensinando técnicas de preparação e apresentação de drinks de uma maneira prática e envolvente. Além disso, o resort oferece atividades fantásticas tanto para adultos quanto para crianças, garantindo que todos se divirtam ao máximo. Enquanto aprendíamos sobre mixologia, as crianças estavam entretidas com jogos e brincadeiras apropriadas para a idade delas. Foi realmente uma experiência inesquecível para toda a família!",10,2024-07-23 00:57:25+00,1
Amei tio derrota(chan),10,2024-07-23 00:58:01+00,1
Excelente clase de drinks!!!! Muchas gracias!!! Tía Hormiga y tío chan!!!,10,2024-07-23 00:59:47+00,1
"Muy buena estadía, entretenimiento todo el día para niños y  grandes. Excelente servicio de comidas. Volveremos",10,2024-07-23 01:00:30+00,1
Excelente tiempo con Chan y Formiga. Muy divertido!! Y exquisitos tragos.,10,2024-07-23 01:02:01+00,1
"Participei da mixologia de drinks com a Tia Formiga e o Tio Chan.
Muito bom
Simpatia
Alegria e hospitalidade.

Participação especial @vindieseldagalera",10,2024-07-23 01:03:40+00,1
Participé de la clase de Mixologia. Me encantó,10,2024-07-23 01:04:05+00,1
"Participei da atividade com drinks com o tio Chan e a tia Formiga... ameeei!! O hotel é maravilhoso, as atividades para os adultos são excelentes!!! Surpreendeu demais!!! Só elogios a toda a equipe.",10,2024-07-23 01:06:02+00,1
"É a segunda vez que nos hospedamos aqui. Pelo porte do hotel deixa muito a desejar. A cafeteria no lobby bar tem um péssimo atendimento, demoram muito tempo pra trazer a comida e trazem o café/ chá antes da comida e esfria tudo. Colocam música muito alta no café da manhã, ainda se fosse música tranquila ok, mas são músicas de mau gosto que te irritam logo pela manhã que tu recém acordou. Fazem recreação infantil no horário da janta bem em frente ao restaurante The Grill, que escolhemos justamente por ser mais tranquilo… aí ficam gritando na porta, perturbador. O shampoo e condicionador do quarto tem um cheiro horrível que fica empregado no cabelo por 3 dias, mesmo vc lavando com outro shampoo depois.
A estrutura é boa, mas o atendimento é bem fraco, falta treinamento dos profissionais. A comida é bem simples",2,2024-07-23 09:33:19+00,-1
"O oferecimento do plano de férias da rede foi péssimo. Uma experiência lastimável que a rede Wish deveria se envergonhar. No mais, pelo valor e por ser 5 estrelas esperava mais. A propriedade é muito linda e os quartos são bons.",6,2024-07-23 16:21:44+00,0
"Muy buen hotel! Con espacio verde grande y muy bien cuidado. Muchas actividades para ir con chicos, cancha de fútbol, tenis y básquet. Minigolf, pared de escalada. Plaza blanda para bebes, playstation, juegos de madera para trepar para chicos. Mis hijos no participaron del kids club pero se veía muy bueno, actividades permanentes y los chicos copados. La pileta NO es climatizada, hay jacuzzies para usar (no son muchos). El desayuno es espectacular, gran variedad, con cocina que te hacen en el momento. Si eligen la opción de media pensión es bufette, con muchas opciones para servirte. Hay un espacio kids con pollo, caritas de papas, a veces milanesa, fideos siempre. Hay dos restaurantes más no incluidos en la media pensión. Las habitaciones no son grandes pero están muy buen cuidadas, ducha excelente. El servicio muy bueno, todos muy amables. Está bastante cerca del shopping Palladium y el parque de agua. Serán 15 minutos en auto. Super recomendado!",8,2024-07-23 18:41:00+00,1
Segunda vez que hospedo-me. Retornarei com certeza!,10,2024-07-24 02:12:16+00,1
 Todo  El único inconveniente fue que se tapó el baño de la 1402. Lo demás un lujo.,8,2024-07-24 13:31:46+00,1
wish hotel incrível maravilhosa de mais tio forte com mágicas maravilhosas,10,2024-07-24 14:17:58+00,1
Me encanta la magic del tio fuerte.,10,2024-07-24 14:49:39+00,1
"Excelente Hotel! Em especial os restaurantes, alimentos e bebidas.",10,2024-07-24 16:01:40+00,1
Voltarei outras vezes!!!!,10,2024-07-24 17:25:14+00,1
 Tudo é mais que perfeito no Wish Foz do Iguaçu.  Não tem do que não gostar no Wish Foz do Iguaçu.,10,2024-07-24 18:18:16+00,1
"Muito boa, ambiente muito tranquilo e agradável",10,2024-07-25 13:13:37+00,1
"HOTEL PROXIMO AS CATARATAS E DEMAIS PASSEIOS. QUARTOS MUITO BOM E LIMPOS.
A CHEGADA PREOCUPA-SE MAIS COM O PAGAMENTO DO QUE SABER COMO FOI A VIAGEM DO HOSPEDE. ( UM COMO FOI A VIAGEM JA MOSTRA MUITO PARA O HOSPEDE AO INVEZ DE PRECISA FAZER O PAGAMENTO DA HOSPEDAGEM).",8,2024-07-25 13:49:32+00,1
 Incredible stay! The breakfast is the best we have ever had! Each piece of fruit is perfectly ripe and the choices of items exceed what you could sample!,10,2024-07-25 15:59:27+00,1
" Las instalaciones, las comidas, desayuno y cena, buenisimos,y la zona de niños buenisima  Al momento del check in el recepcionista fue pesimo.  Llegue con la reserva de dos habitaciones familiares que claramente decian 2 adultos y 2 niños, yo habia hasta indicado las edades, y el insistia que en otra parte de la reserva decia 1 adulto con 2 niños.  Nos querian cobrar de mas y yo tenia todo impreso. Imposible de confundir y nos tuvo mas de 1 hora, en una discusion inutil porque despues nos dieron las habitaciones correspondientes.  El check in es muy importante para comenzar una buena estadia",10,2024-07-25 16:39:44+00,1
"Ótimas instalações, quarto amplo e agradável, serviço cordial.",10,2024-07-25 19:08:02+00,1
Resort com Golf cercado com razoável flora.,8,2024-07-25 22:02:50+00,1
Tia xuxu e tio Rio são incríveis  recrea e bingo super show s2s2s2s22s2s2s2s2s2s2s2s22s2s22s2s2s2s2s2s2s2s22s3s3s2s2s2 amei todo o espaço kids e as atividades com os tios ♡♡♡♡♡♡♡♡♡♡♡♡♡♡♡♡♡♡♡♡♡♡♡♡♡♡♡♡♡♡♡♡♡♡♡♡♡♡♡♡♡♡♡♡♡♡♡♡♡♡♡♡♡♡,10,2024-07-26 00:00:00+00,1
"Fomos muito bem recebidos no wish, café da manha exemplar... amamos o ensaio fotográfico da viva!!! Nosso álbum ficou lindo!!! Recomendamos o ensaio fotográfico ❤️❤️❤️❤️❤️❤️❤️❤️❤️❤️❤️❤️❤️❤️❤️❤️❤️❤️❤️❤️❤️❤️❤️❤️❤️❤️❤️❤️❤️❤️❤️❤️❤️❤️❤️❤️❤️❤️❤️❤️❤️❤️❤️❤️❤️❤️❤️❤️❤️❤️❤️❤️❤️❤️❤️❤️❤️❤️❤️❤️❤️❤️❤️❤️❤️❤️❤️❤️❤️❤️❤️",10,2024-07-26 00:00:00+00,1
Excelente atendimento e qualidade nos serviços.  Super recomendo! Obrigada pelo carinho e atenção com nossa família. Em breve iremos voltar e tirar muitas fotos novamente para recordar.  Hotel maravilhoso!!!.........................................,10,2024-07-26 00:00:00+00,1
"Ferias perfeitas!!!!! No WISH  Hotel  quartos muito bons, atendimento  excelente, comida muito boa!!!!!!  Atividades variadas para as crianças!!!!!!  Aproveitamos e curtimos tb as  fotos da Viva !!!!!!!!!!!!!!!!!!!!!!!!!!!!!!!!!!!!!",10,2024-07-26 00:00:00+00,1
"Experiência ótima!
Quartos, atendimentos, gastronomia excelentes!
Sessão de fotos no hotel foi show!
🧡🧡🧡🧡🧡🧡🧡🧡🧡🧡🧡💕💕💕💕💕💕💕💕💕💕💕👏👏👏👏👏👏👏👏👏👏👏👏👏👏👏👏👏👍👍👍👍👍👍👍👍👍👍👍👍👍👍👍👍👍👍",10,2024-07-26 00:00:00+00,1
"Hotel excelente em todos os aspectos, com destaque infraestrutura (quartos, parte infantil e atrativos) e alimentação.

Muito bacana o atendimento e qualidade das fotos feito pelila VIVA ART em fotografia, registrando os momentos ímpares.",10,2024-07-26 00:00:00+00,1
" A estrutura é excelente. A limpeza das áreas externas é algo impressionante. Não tem uma folha fora do lugar.
Os petiscos na piscina com preço justo e porção bem servida.
Café da manhã excelente.  Falta a piscina ser aquecida.",10,2024-07-26 02:26:24+00,1
"O hotel atendeu bem nossa estada, porém, está longe de ser um 5 estrelas, em nossa opinião.
O restaurante buffet tem pouca variedade e um valor extremamente alto. Se houvessem mais opções, a um custo acessível, não precisaríamos sair para jantar quase todos os dias. O The Grill era extremamente caro, tanto que durante a estada não vimos ninguém jantando lá.
A piscina é muito gelada e tem MUITO cloro. O boné de um de nós caiu e mudou de cor por conta do cloro.
No quarto não tem cobertor decente. Só uma mantinha, que não condiz com a temperatura nessa época do ano. Pedimos um cobertor melhor e nos entregaram edredons com cheiro muito forte de amaciante. Não conseguimos usar.
Entendo que os concierges tenham suas metas de vendas, mas ele ficam em cima dos hóspedes de forma um tanto agressiva, especialmente uma das mulheres, que me abordou TODAS as vezes que passei por ela.
Na recreação, as bicicletas estão péssimas, quebradas, a altura dos bancos não pode ser alterada e tem poucas opções, especialmente para crianças.
Ainda na recreação, meus filhos disseram que eram poucas atividades, que ficavam se repetindo.
Apesar dos pontos citados, tivemos dias excelentes em Foz do Iguaçu. Gostamos da disposição do hotel, parecendo um condomínio, da amabilidade do pessoal da recepção e da rapidez com que resolviam algumas de nossas questões.",8,2024-07-26 11:57:14+00,1
 Localisation  Clean,6,2024-07-26 12:08:20+00,0
" Das instalações do hotel dentro de uma natureza exuberante. Local lindo! Café da manhã excelente . Toalhas e lençóis de qualidade. Equipe de diversão top.  Acústica do quarto muito ruim. Escutava tudo do quarto ao lado e de quem passava em frente. Minha filha passou mal durante a madrugada , por ter ingerido algo que não lhe fez bem no jantar.  Informei à recepção o ocorrido e não houve nenhum retorno ou preocupação por parte do hotel com o ocorrido.  Por isso, pela falta de empatia ou por um atendimento humano,  tirou um pouco o charme do local .",8,2024-07-26 20:51:45+00,1
"Hotel bem cuidado, recreação excelente, espaço grande e muito bom principalmente para crianças maiores, além de praticar esportes, pode-se andar de bicicleta pelo hotel, que mais parece um parque. Achei bastante seguro! 
Ficamos no quarto 911, colchões e roupas de cama novos e bons!! Chuveiro excelente!!! E nota 1000 para o atendimento de quarto, pedimos coberta extra as 23h e chegou em menos de 10 minutos!! 
Almoço e jantar variados e comidas nobres. Excelente o cardápio. 
Recomendo muito para viagem em família!! 
Importante verificar como é o estilo dos quartos, que são tipo casa, bastante espalhado!! Eu gostei muito da configuração!! E demos sorte, pois fez muito sol durante toda a semana!! 
O único detalhe negativo do hotel é a piscina não ser aquecida!! 
Mas achei muito bom o custo benefício do hotel!",10,2024-07-27 00:00:00+00,1
"Hotel Maravilhoso!!! Atendimento excelente!! Amamos tudo!! Um elogio especial a funcionária do restaurante, Izaura, uma querida, sempre atendendo com uma simpatia sem igual, super solícita!! 
Nossa filha amou o pessoal da recreação, super queridos e atenciosos!! 
Tudo muito bem organizado!!",10,2024-07-27 00:00:00+00,1
Participei da Mixologia de Drinks com a Tia Formiga e o Tio Chan e a experiência foi maravilhosa. Uma noite de segunda de cores e sabores que todos adoramos!,10,2024-07-27 01:45:58+00,1
"Na mixologia dos drinks, cada coquetel é uma obra-prima que combina arte, tradição e inovação. O bartender, como um alquimista, transforma destilados e ingredientes em histórias sensoriais inesquecíveis. Desde o sofisticado Martini até a exótica Piña Colada, cada bebida evoca emoções e celebrações, criando pontes entre culturas e épocas. Brindemos à elegância da mixologia, onde cada gole é uma lenda em si mesmo. Parabéns Tia Formiga e Tio Chan !!

---",10,2024-07-27 01:48:01+00,1
"Hotel maravilhoso! Paisagismo e decoração impecável! Quartos com colchões e roupas de cama excelentes! E restaurante com almoço e jantar variado, com comidas nobres, muito bom. Ficamos uma semana e só temos elogios! Voltarei outras vezes com toda a família novamente (viagem foi de um casal e 2 crianças)",10,2024-07-27 18:19:06+00,1
" El lugar es enorme y muy seguro. Dentro del predio hay variadas actividades para chicos, gestionadas por personal que habla español y portugues. Hay jacuzzis y piletas por toda la propiedad, de uso libre.  La atencion en la recepcion no fue muy buena. El personal parecia tener pocos conocimientos de ingles y español. De todas formas las cosas que surgieron, pudieron solucionarse.",9,2024-07-28 00:04:44+00,1
Adoramos o hotel. Um lugar muito aprazível. Boa localizacao próximo aos pp pontos turísticos. Quarto espaçoso e confortável. Academia muito completa. Piscinas por todos os lados. Staff muito simpático. Restaurante com menu variado e gostoso. Nossa filha amou a recreação. Sugestões: melhorar a conservação dos vinhos e melhorar a disponibilidade do salão ( poucos dias e horários). No geral uma excelente experiência.,10,2024-07-28 13:00:31+00,1
"Ótimas férias, contato com a natureza. Equipe de recreação 10!",10,2024-07-29 11:25:29+00,1
"Adoramos tanto o hotel quanto os funcionários, sempre muitos atenciosos , em especial o pessoal da fotografia
A vista do hotel é maravilhosa, às refeições muitos boas, enfim indicaria com certeza para amigos e familiares

……………………………………………………………………………………",10,2024-07-30 00:00:00+00,1
Limpeza em Geral deixando a desejar,6,2024-07-30 00:00:02+00,0
"Participamos da micologia de drinks com o tio chan, tia kit, tia formiga e o barman Marcelo. Foi uma experiência super inclusiva para os adultos. Recomendo !!",10,2024-07-30 00:46:31+00,1
"Rooms are old and ground floor windows are not airtight. U can hear the noice of golf  cart and human traffic walking ur window. Hot water takes about 30 mins to warm up. Safety hinge on the door missing. Fridge make super loud songs at night.

Reception staff are super helpful and excellent service.

Breakfast need a bit more to work on.",4,2024-07-30 16:19:03+00,-1
"Excelente, funcionários muito gentil",10,2024-07-30 17:02:40+00,1
" A estadia superou as expectativas. Assim que chegamos com nossos 2 filhos pequenos, além de oferecerem um quarto espaçoso e muito confortável, nos ofereceram uma cabaninha extra para as crianças brincarem no quarto.
Restaurante com comida deliciosa, atendimento solícito, equipe de recreação muito boa... adorei!  O restaurante no almoço e jantar trabalha em sistema de buffet com preço fechado (valores entre R$ 120-150). Apesar da  comida ser muito boa, acredito que poderiam ter opções a la carte para quem não tem o desejo de comer/gastar tanto.",9,2024-07-30 18:43:17+00,1
"Bom hotel , limpeza exemplar. Bom café da manhã . Almoço e Jantar de qualidade duvidosa.

Bom lobby bar. Boa recreação. Quartos bem equipados. Excelente academia.
Boa equipe de garçons. Recreação adulta insuficiente.

Política pouco flexível. Mesmo sabendo que não poderíamos utilizar o último café da manhã não deixaram trocar por outra refeição, nem mesmo um jantar infantil.

É a segunda vez que nos hospedamos no Wish. Melhorias aconteceram, mas ainda pecam em fatos antigos.",6,2024-07-31 11:52:17+00,0
 Das Hotel liegt in einer sehr schönen und gepflegten Anlage. Sehr freundliches Personal. Leckeres Essen und gute Getränke. Wir fühlen uns hier sehr wohl und kommen gerne wieder.  Nichts,10,2024-07-31 18:20:22+00,1
"O hotel é fantástico foi nossa segunda vez aqui!
Amamos muito a experiência da sessão de fotografia da Viva,  foi maravilhosa e emocionante, impossível não ficar com as fotos, recomendamos muito!!
Vale muito a pena a cidade, o hotel e a experiência!",10,2024-08-01 00:00:00+00,1
Passei por uma experiência que não desejo a ninguém!,6,2024-08-01 14:06:04+00,0
" No geral muito bom, camas boas, quarto grande, somente a TV achamos bem pequena, no mais, muito bom!  A TV pequena",8,2024-08-01 16:40:05+00,1
Comfort Resort style hotel with 18 hole Golf Course,10,2024-08-02 07:01:26+00,1
"Local maravilhoso. O campo de golfe é o grande charme do Resort. Tivemos oportunidade de ficar na suíte Wish. Maravilhosa! Muito obrigado, Kenji e toda a equipe, pelo excelente atendimento,.",10,2024-08-02 20:53:49+00,1
" Great facilities, nice pool, room are comfortable. Bit strong smell of bleaching to start, needed to change rooms. 
Staff super friendly and it has a beautiful layout.
Nice and relaxing to enjoy mature.
Easy to get uber and ifood delivery.  Resort is quite far from everything. Buffet from dinner become very repetitive after a couple of nights. Ifood delivers food which was great to vary the menu.
Room overall very comfortable just the small fridge makes a lot of noise at night.
A kettle is a must that should be added in the room to make hot water.
A dunna wasn't available, needed to request extra blanket.
No water filter available, you will always need to buy water for R$9 a 300ml bottle.
Pool bathroom needs more frequently cleaning and the hotel staff hide in the bathroom for their breaks and charge phone.",9,2024-08-03 00:25:52+00,1
" Estrutura, localização !!!  Funcionários com cara fechada, pouco atenciosos!",8,2024-08-03 13:29:55+00,1
"Nossa, eu amei tudo e principalmente a empresa de fotografia VIVA! Eles são incríveis, extremamente atenciosos e agradáveis. Um carinho enorme por Heloísa que nos ajudou e por Willian, extremamente atencioso e divertido com as crianças.",10,2024-08-04 00:00:00+00,1
Maravilhosa,10,2024-08-04 01:43:40+00,1
 As camas  A falta de variedade nos cocktails,9,2024-08-04 02:43:07+00,1
"O hotel é bom, tem um ambiente gostoso, belo paisagismo, gastronomia era melhor, pois tivemos surpresas com a diminuição de variedades no jantar e café. As piscinas muito geladas, acabamos nem utilizando, que era o principal objetivo da viagem. A cama do quarto era horrível, péssima qualidade, solicitamos uma cama de casal mas colocaram 2 de solteiros juntas, saímos bem doloridos, dormimos mal, pois a cama ficava dividida com um buraco no meio, experiência péssima.
A limpeza é boa, porém os quartos tem tv ruim, não é smart o que dificulta e muito a utilização já que os canais são todos em inglês.
Já as áreas comuns como redario, poltronas, área verde são muito bons!",6,2024-08-04 12:43:56+00,0
"Amei o jogo de bingo, muita diversão com o Tio Chan, Tia Kitty, e Tio Rio, muitas risadas, animação, brincadeiras, ganhamos vários prêmios! Eu ameiiiiii",10,2024-08-04 13:56:11+00,1
"O resort é lindo e muito bem cuidado. Os quartos são amplos e confortáveis, com ar condicionado inverter, que é algo que todos hotéis deveriam ter. Arrumação e limpeza diária muito boa.Precisa melhorar o serviço da recepção, concierge e restaurantes, além de parar de oferecer o ""clube de férias"" que foi uma experiência horrível e de sentir vergonha alheia.",8,2024-08-05 00:00:00+00,1
"Good, family orientated and gigantic hotel. Plenty of activities for kids that I think are mostly in portugues but might be in other languages too. Our kid was able to do some activities like treasure hunting even though we do not speak the language. Wide variety of food at breakfast  and their two restaurants are also pretty good. Service is OK, since they solve issues but do not speak very good english.",10,2024-08-05 00:19:13+00,1
Ameeeiii. Muito divertido. Com Tio Chan,10,2024-08-05 01:25:13+00,1
" Excelente estrutura  Tivemos um episodio em que hospedes do quarto ao  lado passaram a noite fazendo barulho e consumindo bebidas alcoólicas em nossa varanda. Reclamamos duas vezes, mas eles voltaram a fazer apesar da recepção estar ciente. Alem disso, fomos cobrados por um consumo que não houve no frigobar. Depois da reclamação aceitaram nao cobrar. Um desastre para celebrar um aniversário de casamento.",1,2024-08-05 17:48:16+00,-1
" Las instalaciones y alrededores...  No había opciones sin tacc , tenias que preguntar todas las noches sobre las comidas elaboradas, seguramente contaminación cruzada...",9,2024-08-05 23:51:27+00,1
Ótimos! Tio Chan ótimo.,10,2024-08-06 01:10:19+00,1
"Ótimos tios! Tio Chan, Marcelo barman! Curso de micologia incrível!!!",10,2024-08-06 01:14:15+00,1
"Gostaria de elogiar a recreação infantil e as atividades voltadas para os adultos também, como a aula de mixologia com o bartender Marcelo e tio Chan!",10,2024-08-06 01:18:51+00,1
"Ótimos recepcionistas e professores, Marcelo e Chan!",10,2024-08-06 01:33:08+00,1
Participei de uma aula de Mixologia e gostaria de elogiar o bartender Marcelo e o tio Chan.,10,2024-08-06 01:46:08+00,1
" hotel é muito amplo.... as casas onde os quartos ficam, são muito bonitas... 
funcionarios muito solicitos! 
a limpeza é boa !  roupa de cama  simples, contava com uma cobertinha bem sem vergonha, não tinha ededron . 
não ter piscina aquecida ou quebra gelo em um hotel 5 estrelas é um erro grave !
não tinha secador de cabelo, fiz o pedido, chegou na mesma hora... mas nao funcionava... reclamei e fizeram a troca de imediato! 
o banheiro tinha um vazamento que ficava pingado a noite toda... 
quarto ja precisa ser repaginado ... 
café da manhã não tem nada de excepcional... inclusive o espaço era bem apertado para quantidade de hospedes !",5,2024-08-06 18:43:22+00,0
"En general fue una agradable estadía, con todo el personal muy atento y servicial dispuesto a colaborar en tu confort. En particular, especial felicitaciones para Carlos a cargo del restaurant The Grill como a también a Fernanda camarera del mismo. Creo que el bar y en especial el barman requiere de mayor experiencia en la preparación de los diferentes cocktail.",10,2024-08-06 19:10:36+00,1
Bel resort immerso nel verde con annesso campo di golf. L'ingresso delle cascate è a 15 minuti. Per pranzo e cena ervono un buffet di buona qualità.,10,2024-08-07 00:47:38+00,1
" almost everything!  cold pool, jacuzzis very small and always full! pillows very hard!",8,2024-08-08 00:02:54+00,1
" Limpieza  Me despertaron a las 1:30 abriendo la puerta de mi habitación, jamás me había pasado esto, pedí una manta por que hacía frío y aún estoy esperando por ella.",3,2024-08-08 00:18:10+00,-1
" Staff,comida excelente, bons quartos",9,2024-08-08 00:33:11+00,1
"Ótimo hotel, lugar muito bonito e bem cuidado,  gastronomia de altíssima qualidade, várias opções de lazer, atendimento Top e diferenciado; o que me dificulta que aproveite-o mais vezes e utilize os benefícios GJP é a distância que o hotel fica de Porto Alegre onde resido e tb devido aos meus compromissos profissionais.
Mas recomendaria sim, com certeza.",10,2024-08-08 01:01:28+00,1
 The location is great for the falls.  Everything was good,8,2024-08-08 13:56:01+00,1
" Ruime opzet van de gebouwen in het groen. Per blok zijn er 8 hotelkamers. Grote kamers met goede bedden. Ruime keuze voor het ontbijtbuffet maar wel allemaal erg massaal.  Bij onze accommodatie (1504) zat een jacuzzi achter die tot een uur of 22:00-23:00 aan staat. Deze maakt een behoorlijk lawaai! In de beschrijving staat dat je tot 21:00 uur van de jacuzzi gebruik kunt maken. Zou goed zijn als deze dan ook uit wordt gezet. 
De kamer had een connecting door met de buren welke zeer gehorig was. Zo konden we de ruzie van de buren in alle bewoordingen horen.",7,2024-08-09 01:10:13+00,0
" Café bom, mas muito cheio no horário de pico. Hotel bonito com bom atendimento e com uma pegada para resort, contudo a minha crítica está exatamente aí.  O conceito de resort para este hotel fica bastante prejudicado, pois todas as ""facilidades"" que um resort possui não foram presenciadas em nossa estadia no local. pPegamos uma semana de muita chuva e frio, assim com crianças 3 de idades 16, 10 e 3 anos não foi posssível fazer nada além de ficar nos quartos assistindo TV ou mesmo ir a locais fechados externamente ao hotel. O local nãol dispõe de ambiente propricio pra crianças (o parquinho fica externo na chuva e é pequeno), para a área de jogos as mesas bastante gastas, poucas bolas até de ping pong, e pouco espaço, não há piscina aquecida em todo o hotel! ou seja, foi uma semana frustrante num resort onde assistimos bastante tv e não tivemos comodidade alguma.",3,2024-08-09 17:54:07+00,-1
 Conforto e limpeza,10,2024-08-09 20:10:48+00,1
Maravilhosa,10,2024-08-09 23:10:03+00,1
"Maravilhoso, lugar impecável, limpo, contato com a natureza, aconchegante… melhor café da manhã da vida! Recomendo para todos que desejam dias mais off, tranquilos. Ambiente muito gostoso, vale a pena totalmente o investimento!!!!!!",10,2024-08-10 00:00:00+00,1
 La atención del personal  Poco espacio para el desayuno,10,2024-08-10 11:27:21+00,1
"Experiência incrível, lugar impecável, imenso, com comidas maravilhosas e um espaço Kids lindo que as crianças amaram ♡",10,2024-08-10 15:10:52+00,1
"Receptividade da equipe é excelente, a gastronomia impecável e diferenciada. Equipe de recreação dá show. Pontos a melhorar: o hotel precisa ter uma piscina aquecida e fornecer roupão aos hóspedes. Também considerar aumentar o número de suítes Wish adaptadas para receber famílias.",10,2024-08-11 00:00:00+00,1
" Quartos grandes, bastante opção de lazer  Checkin tumultuado, funcionários sem comunicação efetiva entre a equipe",9,2024-08-11 15:23:16+00,1
" Les repas variés (petit déjeuner et dîner), équipements sportifs nombreux, proximité des chutes d’Iguacu, tout-à-fait calme malgré la proximité avec l’aéroport, animations le soir.  Salles de bain un peu vétustes.",9,2024-08-11 22:30:14+00,1
"Os quartos precisam de uma luz mais forte; a parte onde tem a pia e o espelho precisam de uma luz que as mulheres possam se maquiar ; a luz é simplesmente péssima 😬Mas tirando isso, a experiência é maravilhosa! Recomendo muito ❤️",10,2024-08-11 23:33:09+00,1
"Experiência extraordinária, excelente atendimento, pessoal receptivo, quero falar um pouco da Viva ART fotografias que tem um excelente atendimento e com fotos de alta qualidade e ótimos profissionais.......................................",10,2024-08-12 00:00:00+00,1
"Viva, muy lindas las fotos, profesionales al 100% y la experiencia de la sesión de fotográfica fue espectacular y relajada, excelente el fotógrafo, muy amigable. Felicidades!!
Hotel excelente.................................................",10,2024-08-12 00:00:00+00,1
"Retornando depois de 10anos
Continua melhor ainda",10,2024-08-13 00:55:52+00,1
"O bingo é muito divertido. A equipe muito pra cima... Deixa a noite mais alegre. E ainda ganhamos um vinho e uma massagem. Noite muito legal. Tio Chan, tio Rio, tia Kitty, tia Estrela, tia Suco (que deu sorte no número) e tia Jujuba. Todos são animados.",10,2024-08-13 10:58:12+00,1
" Bom... Wish é sem dúvida alguma, meu hotel preferido!
Restaurante nota 10! 
local tranquilo, ideal para descansar!  Não tenho nada a reclamar!",9,2024-08-13 12:35:59+00,1
"Hotel maravilhoso, recreação top, atendimento excelente!",10,2024-08-13 14:40:41+00,1
" Privacidade, organização e assistência.  Banheiro deveria ter janela, coisa possível de fazer visto que são acomodações em forma de casa.",8,2024-08-13 15:05:34+00,1
" El espacio del desayuno sería bueno sea más grande. no había lugar para sentarse. 
El agua en la habitación salía fría, o apenas tibia.",9,2024-08-13 16:55:45+00,1
" Las instalaciones tienen una muy buena apariencia con diferentes opciones para realizar actividades en solitario  Hay vendedores en cada esquina, esperando hacer su trabajo, no son claros con lo que a Buffet significa, puesto que no incluye las bebidas (de ningún tipo)",7,2024-08-13 22:01:01+00,0
 el entorno  el sauna,9,2024-08-14 02:01:38+00,1
"Pontos Positivos

Espaço do Hotel bastante agradável, bem cuidado
Bastante arborizado, uma natureza incrível
Quarto espaçoso
Oferecem transporte para deslocamento dentro do hotel
Comida adequada
Funcionários atenciosos e serviço/atendimento bom no geral
A Emília da recepção nos atendeu muito bem!!

Pontos a melhorar

Água da piscina gelada. Poderia ao menos ser climatizada. Não pudemos aproveitar os dias quentes na piscina.
TV do quarto pequena
Colchão muito mole
Refeições com pouca variedade. Paes duros e sucos aguados
Restaurante pequeno
Mesas do restaurante muito próximas, pouco espaço para deslocamento
Houve um evento durante o período que estivemos hospedados, em que os participantes disputaram espaço com os hóspedes no restaurante e entretenimento (karaokê)",8,2024-08-14 04:04:01+00,1
Ótimo atendimento,10,2024-08-14 10:14:37+00,1
" Jantar incluso na diária, compensa muito e tem como remanejar para almoço se preciso.  Locomoção a céu aberto em dias de chuva para o restaurante, nada que desabone muito.",10,2024-08-14 10:16:51+00,1
"acima descrito

odor insuportável do esgoto do banheiro do quarto persistente diariamente .além da chegada check-in chegamos muito cansados após 6 hs de carro e 4 hs de voo após check-in é passado para aguardar orientação do concierg porém é uma venda  e oferecimento de gratificações se participar de evento de venda de cotas do clube, inadequado inapropriado e equipe de vendas invasivo ja nos deixou constrangidos no início da hospedagem além de querer vender bem quando chegamos e estávamos exausto ainda ter q lidar com uma equipe de venda hostil de cota de hotel bem quando queríamos descansar sem falar que a tal concierg não nos ofereceu serviço do hotel nenhum como transporte até as áreas do hotel se precisar e atrações do hotel, infelizmente isso precisa ser revisto inconveniente lamentavel
além disso durante a estadia outros concierg nos abordaram nas áreas do hotel oferecendo a tal cota muito invasivos e insuportável",6,2024-08-14 10:33:46+00,0
"Maravilho lugar, quarto aconchegante, comida de primeira qualidade.",10,2024-08-14 13:24:17+00,1
Хороший отель по меркам Бразилии. Завтрак разнообразный. Цены высокие. От парка и аэропорта близко. Такси до центра 15 мин и 20 реалов. Остановился бы ещё,8,2024-08-14 13:24:58+00,1
 Ótimo,10,2024-08-14 13:25:12+00,1
"Très beau et vaste resort dans un style un peu classique . Période hivernale . Félicitations au chef du restaurant le grill qui prépare des viandes succulentes . Et l équipe du bar pour d’excellents cocktails 
Dans un parc boisé  d’arbres et palmiers magnifiques",8,2024-08-15 00:00:00+00,1
" Las instalaciones son magníficas, la atención es excelente..  Los ruidos se escuchan bastante, en especial cuando la habitación esta en la planta baja. Nos toco que arriba se hospedaron unos huéspedes que se levantaban 5am y ya no nos dejaban dormir",8,2024-08-15 23:09:15+00,1
"Hotel muito bom, lugar lindo, ambiente agradável e bonito",10,2024-08-16 13:31:24+00,1
" Agréable avant de prendre l’avion  Le manque de professionnalisme du personnel du matin. Nous avions réservé un taxi pour l’aéroport la veille qui a été confirmé, quand nous sommes arrivés ils avaient oublié d’appeler l’agence. Aucune préoccupation du personnel qui en avait strictement rien à faire.",7,2024-08-16 20:08:22+00,0
Excelente! Tío chan manda muito bem!,10,2024-08-17 01:31:11+00,1
 Quarto aconchegante... Alimentação sensacional  Piscinas geladas no mês de agosto,9,2024-08-17 06:20:17+00,1
" Sem nenhuma dúvida, o melhor hotel em Foz. Voltarei muitas vezes. Conforto, comodidade, estrutura, café da manhã, nota 10 em tudo.  Não teve nenhuma situação que justificasse uma nota menor que 10.",10,2024-08-17 14:04:29+00,1
 Hôtel aux standards internationaux. Très confortable dans un environnement verdoyant. Petits déjeuners et dîners très variés et de qualité.  Rien.,10,2024-08-18 00:53:22+00,1
Ótimo tudo que hotel presisa e luxuoso preço um pouco acima mas perto das cataratas museu das aves e perto da Argentina,10,2024-08-18 01:51:41+00,1
 Die Lage und das Personal  Nur kaltes Wasser zum Duschen!,8,2024-08-18 12:03:54+00,1
" Great price for the amenities + breakfast and dinner included. I honestly cannot really fault this place. Everything was perfect, great service as well. The best value for money and also I am quite certain the best place to stay in Foz.  Nothing",10,2024-08-18 22:58:15+00,1
" Las instalaciones, la limpieza, el personal muy amable  La comida muy cara para lo que sirven. Nos sirvieron una hamburguesa que estaba literalmente cruda en el medio, lo cambiamos por una empanada que estaba igual de mala.",8,2024-08-19 00:37:42+00,1
Muito bom tio chan,10,2024-08-19 01:26:26+00,1
 Desayuno excepcional!,10,2024-08-19 16:00:13+00,1
"Excelente:: tio Chan, tio Jack, Tio Rio, Tia Kit, Tia Suco. A equipe muito animada, educados, prestativos e felizes.
O Marcelo do lob está de parabéns pela sua atenção e presteza, muito feliz e nos serviu muito bem.
Alexandro da piscina também muito educado, feliz e um atendimento ímpar.
Todos da equipe estão de parabéns",10,2024-08-20 00:48:38+00,1
" Resort accogliete in posizione strategica per la visita delle cascate e il raggiungimento dell’aeroporto. Buona la colazione e la cena, ottimi i servizi, camera spaziosa e letto comodo. Piacevole l’atmosfera.  La pulizia e la manutenzione della struttura sono migliorabili, seppure siano comunque decenti.",9,2024-08-20 04:33:47+00,1
Experiência maravilhosa...pretendo retornar.,10,2024-08-20 17:03:42+00,1
"As instalações e atendimento de toda a equipe, foi espetacular.... Nenhum comentário que desabone o Hotel",10,2024-08-20 22:03:48+00,1
"Quanto ao resort, tivemos alguns problemas mas todos foram solucionados rapidamente.

Quero elogiar a equipe de fotos Viva Foz do Iguaçu pelas lindas fotos e agradecer por eternizarem nosso momento em família com um olhar tão especial! As fotos traduziram nossa alegria!",10,2024-08-21 00:00:00+00,1
 El desayuno y la ubicación. El entorno del hotel.  Las habitaciones dejadas.  Limpieza baja.,5,2024-08-21 00:24:32+00,0
" Comfortable room, clean, spacious, good WiFi throughout resort, excellent buffet dinner and lunch and breakfast.  Hotel transfer from resort to airport is extortionate. Better to grab a licensed taxi or Uber.

Some reception staff seriously lack just a basic smile and should feel more interested in their guests, even when they check out.",8,2024-08-21 01:29:34+00,1
" La struttura è molto bello, con ampi spazi verdi e casette indipendenti",9,2024-08-21 03:41:07+00,1
 Excelentes instalaciones  Todo fue muy bueno,10,2024-08-22 02:53:18+00,1
" Localização, atrações para as crianças  Manutenção em geral, cadeiras quebradas nas piscinas 
Falta de aquecimento nas piscinas",8,2024-08-22 11:14:33+00,1
"O hotel é muito agradável, rodeado de verde, o lugar é perfeito para descansar longe do barulho e poluição. As suítes são confortáveis e atendem perfeitamente as necessidades. Diferente de outros hotéis parece um condomínio residencial, com gramados, piscinas e jacuzzis espalhadas pela propriedade. A piscina principal é bem agradável, com suas espreguiçadeiras, mesas e serviços de bar. Estava deliciosa  a porção de Camarão ao alho e óleo. Há opções de lazer como Arco e Flexa, quadras,espaço kids, Bikes, lago e o Golf claro. Os recreadores são muito simpáticos, há atividades para adultos e crianças, eu e meu marido participamos do Bingo e foi muito divertido. Gostaria de ter desfrutado mais do hotel, mas como Foz do Iguaçu tem muitos atrativos não houve tempo, mas  pretendemos voltar.
Só sentimos falta de um período maior para uso das bikes (podia ser liberado mais cedo) e parceria com Locadora de Veículos dentro do hotel, facilitaria bastante, assim como tem no Wish Salvador.
Enfim, nossa estadia foi ótima trouxemos boas lembranças. Parabéns a toda equipe do Wish Foz do Iguaçu.",10,2024-08-22 14:38:12+00,1
"Hotel aconchegante, limpo, equipe prestativa e comida agradável. A piscina deixou um pouco a desejar.",10,2024-08-22 17:35:41+00,1
" L’emplacement au milieu de la nature entre les chutes et la ville. Chambre très spacieuse et bonne literie  La partie restauration, personnel ne parlant que portugais, nourriture industrielle sans goût, grande salle très bruyante, difficile de trouver une table disponible et propre.",6,2024-08-22 18:50:08+00,0
" La variedad de opciones para el desayuno.
La calidad de los productos y la atención del personal.
El espacio amplio para la cantidad de pasajeros.  Estaba un poco lejos de la habitación.
En caso de lluvia no teníamos forma de llegar sin mojarnos.
El horario podría ser un poco mas amplio.",9,2024-08-22 19:05:45+00,1
 Desayuno y cena  Piletas frías,9,2024-08-24 14:20:25+00,1
" Proximité des chutes d'Iguazu côté brésilien. 
Qualité du buffet, coin piscine ,  Ras",9,2024-08-24 17:08:31+00,1
 O Hotel todo funciona. Está preparado para receber muito bem. Parabéns para toda a equipe.  A parte da patisserie nas sobremesas tinha uma aparência mais atraente que seu gosto. Achei que caberia uma melhoria na massa. Pesada para meu gosto. (Felizmente).,9,2024-08-24 20:41:40+00,1
"Uma experiência memorável com um excelente atendimento, o Douglas nos recebeu muito bem tornando uma das melhores hospedagem do nosso grupo. 

Voltaremos mais vezes para aproveitar cada momento de nossos dias no Wish. 

Por fim, recomendo a hospedagem e serviços.",10,2024-08-25 00:00:00+00,1
O que mais amamos é o café da manhã fenomenal!,10,2024-08-25 22:09:32+00,1
Uma experiência incrível,10,2024-08-26 12:23:39+00,1
 Das piscinas,6,2024-08-26 14:14:23+00,0
Uma visão linda da para compartilhar com os amigos 😊,10,2024-08-26 22:34:35+00,1
"Excelente hotel, café da manhã delicioso,  o jantar maravilhoso, muita variedades e comidas de ótima qualidade ! A pizza de fermentação natural,  dos deuses!Vale muito a pena!Amamos e com certeza voltaremos! Quarto aconchegante,pessoal muito atencioso e gentil, hotel vale muito a pena!",10,2024-08-27 00:00:00+00,1
 Gostamos de tudo! Café da manhã e jantar excelentes. Estrutura ótima. Tudo lindo e bem cuidado. Ótima recreação para as crianças. Equipe atenciosa. Voltaremos!,10,2024-08-27 10:55:02+00,1
" The room was big and comfortable for a family of 4. We had our dinners at the hotel and the food was good. Very decent variety and surprisingly good quality as well. Great for families. 

The hotel is only a short taxi drive from the entrance to the Brazilian side of the park which is a bonus as well.  Quite frankly, this place doesn't stack up as a five star resort. I don't think the facilities match a five star hotel but what really let the hotel down is the staff. They are not rude as such but it is very clear that they just don't care much about you as a customer. As a good example, one day we wanted to organise a golf car to take us down to the tennis court area. The person in reception asked us to wait in the lobby and basically ignored us for 10 minutes or so. After 10 minutes, when I came to ask what's going on he told me that the bell boy is helping with fixing a puncture on a car outside. When we went outside there were about 5 staff members huddled around a car with one member actually changing a tire. The rest were basically chatting and laughing. It was clear we were not going to get anywhere any time soon so we just walked. No one seemed to mind. 

This is just one example of the attitude we experienced in our 3 night stay time and time again. Not a horror show, but also not the service you'd expect from a 4 star hotel, let alone a 5 star one.",7,2024-08-27 20:28:04+00,0
"Maravilhoso, lugar aconchegante vale muito apena.",10,2024-08-28 00:40:47+00,1
" The breakfast was absolutely amazing!  The options were plentiful, and everything was delicious!  The room had no coffee machine - which really was frustrating, as we like to drink coffee when we wake up.",8,2024-08-28 12:26:09+00,1
" Hotel maravilhoso, com muita opção de lazer ao ar livre para as crianças.  Quarto limpo e muito confortável.  Café da manhã excelente.  Localização prática para visitar as cataratas, perto do aeroporto.  São poucas opções de alimentação para o almoço e jantar.  O bufê é caro para a qualidade que oferece. Há um serviço de concierges que te convidam a conhecer um programa de time-sharing do grupo Wish: fuja dessa roubada!  Te oferecem alguma cortesia em troca de conhecer o programa, mas vc perderá muito tempo nesse procedimento... uma chateação.  Diminuiu a ótima impressão que eu havia tido do hotel e do Grupo Wish.",9,2024-08-28 18:59:11+00,1
"Lugar maravilhoso, pessoas trabalham felizes. Amei. Recomendo!",10,2024-08-29 12:42:52+00,1
"Hotel é muito agradável, com acomodações muito confortáveis, uma ducha sensacional proporcionando um banho relaxante, ambiente muito prazeroso.
Alimentação muito saborosa e variada e os funcionários muito simpáticos e atenciosos.
Recomendo e recomendarei aos meus amigos, superou as expectativas que já eram grandes.
Especial agradecimento à todos que nos receberam e cuidaram para que nossa estadia fosse inesquecível.",10,2024-08-29 13:26:07+00,1
"Ponto forte, quarto e alguns funcionários...  Pontos fracos, almoço, jantar e café da manhã, deixam a desejar, o que salvou foram as pizzas... hotel lotado jantar era uma cena de guerra, fiquei 10 minutos esperando alguém limpar uma mesa para conseguir jantar com minha família, os garçons e garçonetes passavam por mim atarefados e parecia que eu era invisível, tive que cercar um para ser atendido, acho que o hotel deveria colocar mais funcionários quando esta lotado... hotel muito bonito, mas deixou a desejar...",4,2024-08-30 06:30:42+00,-1
"Realizamos fotos com a Viva no Wish, a fotografa Pamela com um ótimo trabalho e muito agradável, lugar muito, com um ótimo campo de Golf……………………………………………………………………………………………………………………………………………………………………………………………………………………………………..",10,2024-08-31 00:00:00+00,1
"Adoramos o hotel e principalmente as fotos realizadas pela equipe da VIVA arte em fotografia, fotos excelentes e equipe super carinhosa e atenciosa. ❤️🥰❤️🥰❤️🥰❤️❤️🥰❤️🥰❤️🥰❤️🥰❤️🥰❤️🥰❤️🥰❤️🥰❤️🥰❤️🥰❤️🥰❤️🥰❤️🥰❤️🥰❤️🥰❤️",10,2024-08-31 00:00:00+00,1
"Hotel ótimo, todos os atendentes e funcionários gentis e os tios são ótimos tio chan, tio Jack, tio Rio, tia Kit e tio paçoca 
Quarto, cama, travesseiro, banheiros excelentes 
Paisagem e comida maravilhosa 
Adoramos os passeios nas cataratas",10,2024-08-31 00:00:00+00,1
"Gostei muito do arraiá do Wish. Um agradecimento especial para tio Jack, tio Chan, tia Kit, tio Rio e tio Tashiro.",10,2024-08-31 01:33:17+00,1
"Bingo super divertido, equipe conseguiu animar bem durante todo o bingo e dar o suporte . Excelente",10,2024-08-31 01:33:40+00,1
"Gostaria de agradecer as pessoas que que nos recepcionou muito bem no hotel Wish, que participamos do bingo e ganhamos um prêmio.
Tia kit tio jack tio paçoca tia estrela tio chan tia jujuba tia lala tio rio",10,2024-08-31 01:33:56+00,1
"Adoramos tudo 🥰
Tia chan, tio Jack, tia kit e o tio Rio são maravilhosos",10,2024-08-31 01:44:28+00,1
"Hotel muito cativante pelo layout em forma de casas, rodeadas por jardins bem cuidados. Funcionários eficientes e atenciosos. Gastronomia em alto nível.",10,2024-08-31 21:43:23+00,1
"Muito importante para a estadia maravilhosa foi a qualidade dos recursos humanos. Prestativos, atenciosos, simpáticos. E o local do hotel, os gramados bem cuidados, as plantas bem cuidadas fazem toda a diferença",10,2024-08-31 22:45:19+00,1
"O resort é maravilhoso, bem cuidado na parte de jardinagem, os quartos sao amplos e confortaveis. A limpeza dos quartos sao muito boas e ficam bem agradaveis os cheiros. A recepcao um pouco aquem do esperado, chegamos cansados da longa viagem, pedimos uma xicara de cafe, onde deveria falar com concierge que nao existia do momento que no fim das contas ficamos sem, devendo melhorar bem este primeiro contato. Ainda na reserva, pedimos o servico de cinema no quarto para as criancas, quando hospedados foi nos dito que era so ligar no ramal 9 e marcar, quando ligamos e pedimos disseram que deveria ser reservado com antecedencia e nao poderiam ajudar, um servico extra que estariamos comprando o que na verdade parecia estar sendo feito um favor. Temos filhos e deste modo escolhemos hotel com recreacao, e, neste sentido, foi pessimo, apesar de alguns serem legais, dois rapazes em especifico, basicamente com recreadores foi uma experiencia horrivel, desorganizado, sem horario que estava estipulado, extremamente mal recebidas as criancas, quando tinha poucas criancas nao queriam fazer, quando tinha muitas os pais tinham que acompanhar, muitas informacoes desencontradas, a ma vontade impera no “setor kids”.",6,2024-09-02 00:00:00+00,0
"Fomos super bem atendidos, o hotel tem uma equipe incrível e muito preparada. Eu, particularmente, tive um imprevisto, e contei com a ajuda da recepcionista Ayala, que prontamente me atendeu e me ajudou com a questão. As instalações são perfeitas, aconchegantes, e com certeza nós nos instalaremos novamente com vocês. Parabéns e muito sucesso!!",10,2024-09-02 14:09:42+00,1
 Very good! The best !  The rooms are getting old and need some improvements! Based on the price!,9,2024-09-02 14:15:39+00,1
"Schöner Ort mit großer Anlage, die zum spazieren einlädt.
An unserem Wochenende dort, hat es leider sehr geregnet. Dennoch war das Hotelpersonal sehr bemüht und hat auch Regenschirme bereitgestellt.
Etwas fragwürdig finde ich die Öffnungszeiten des Pools und des Fitnessstudios. Diese Bereiche werden entweder nur oder in Begleitung von Erwachsenen verwendet. Aus diesem Grund verstehe ich nicht, warum diese so spät schließen müssen. Für die Nutzung dieser bezahle ich doch...?",8,2024-09-02 16:01:36+00,1
" Banheiro amplo e cordialidade dos colaboradores, um excelente atendimento do Douglas ma recepção",9,2024-09-02 17:50:24+00,1
Dentro do esperado,8,2024-09-02 19:16:39+00,1
"Excelente, atendimento e serviços maravilhosos.
Sugestão; aquecer a piscina principal",10,2024-09-02 20:02:22+00,1
"Maravilhoso hotel.
Voltarei a me hospedar, com certeza.",10,2024-09-02 21:12:55+00,1
" Segurança e do apartamento bastante confortável e cómodo.  Toalhas de piscina demasiado pequenas, o sumo de laranja ao peq.almoço não ser sumo natural. 
Não ter café expresso a altura do hotel.",8,2024-09-03 08:54:11+00,1
"Ficamos tremendamente satisfeitos com TUDO, perfeito, colaboradores sempre muito educados, dispostos, alegres, comida MARAVILHOSA, café da manhã é simplesmente MEMÓRAVEL, jamais esquecerei. PARABÉNS A TODOS....José e Rosa Prado.",10,2024-09-03 20:44:56+00,1
"Fue una experiencia muy linda, la pasamos muy bien y nos quedamos con ganas de volver al hotel.
Nos regalaron una sesión de fotos hermosa, William y Eloisa fueron muy amables e hicieron todo para que salga todo muy lindo y las nenas se divirtieran.",10,2024-09-04 00:00:00+00,1
"Toalhas de piscina muito pequenas. Pequeno-almoço a melhorar, especialmente o sumo de laranja",6,2024-09-04 17:01:13+00,0
"A empresa está muito bem estruturada. A equipe é nota 💯 me deixaram bem a vontade para as fotos. 
Parabéns pela equipe tão solicita, um trabalho muito bem executado.
Viva fotografia com um carinho especial para seus clientes. 
Uma experiência muito gratificante tanto pelas fotos quanto ao hotel.",10,2024-09-05 00:00:00+00,1
"É um hotel excepcional. Otimo para família.
De foz o único que briga de frente é o Recanto cataratas.",10,2024-09-05 13:50:34+00,1
" Amazing place! Very clean and comfortable room! All staff were completely very nice, helpful, professional and we loved to stay there, definitely we will return. The breakfast was the top one, a lot of foods, in special the tapioca!!! Congratulations for all organization!!!  Nothing, everything was perfect.",10,2024-09-06 00:49:47+00,1
" Cama e travesseiros super confortáveis, à vista do quarto me surpreendeu, para um lindo jardim. Café da manhã é incrível, tem muita variedade.  Não gostei do barulho que os que hóspede de cima faziam, parecia que estava pulando em cima das nossas cabeças. Éramos acordados bem cedo com os pulos e gritos de crianças.",10,2024-09-06 09:35:08+00,1
"O hotel é muito bonito, bem cuidado. Sentimos faltas de mais áreas de acessibilidade para carrinhos de crianças. Também ficamos preocupados com a velocidade com que os veículos elétricos transitam nas áreas comuns. A piscina sem aquecimento é sub-aproveitada. Os quartos família poderiam ser maiores, contando com sala de estar.",8,2024-09-06 14:05:25+00,1
" Excelente resort!!!
Uno de los mejores que conocí  para viaje familiar
Las instalaciones impecables
La atención de todo el personal 10 puntos
Nos ofrecieron late check out  porque nos re programaron el vuelo. Pudimos usar todas las instalaciones hasta la hora de irnos
Teníamos media pensión y la variedad en el desayuno y cena nos sorprendió
El kids club súper completo y divertido para niños y los padres también pudimos pasarla bien ahí
Sin dudas es un lugar súper recomendable  El bidet perdía agua y eso hacía que el piso del baño estuviera siempre mojado. Solo un comentario para que lo puedan solucionar. No opaco para nada nuestras vacaciones
El resort es tan excelente que por esto no deja de ser un 10",10,2024-09-07 00:55:10+00,1
"Na central do EG o atendimento deixa muito a desejar , mas o atendimento da Cris em Foz do Iguaçu foi 1000 ! Muito atenciosa !
O pessoal de  Natal  tbem é 1000 !
O atendimento do pessoal da recepção do hotel tbem deixou a desejar , e o atendimento no restaurante é maravilhoso assim como a comida !! Pena não ter mais a cueca virada !!
Tbem senti falta do cheirinho Wish no lobby do hotel !!! As toalhas melhoraram  ( pena não ser mais trussard), as dos hóspedes sem ser EG são ruins
Lençóis tbem gostosos !
O mimo de boas vinda precisa melhorar muitooooo !! Pacotinho ferreiro rocher não dá né?  Nada padrão Wish EG
A camareira do meu quarto muitooooo competente ! Limpeza impecável
Adoro este hotel. !! Gostaria muito que o padrão não caísse, tem que dar uma repaginada no lobby e voltar com o cheirinho delicioso !!
O Tio Forte ( mágico ) é muitoooo bacana !! Demos boas risadas com ele !!
Jardinagem impecável !!",10,2024-09-07 02:55:51+00,1
"Un lugar increíble con todos los servicios canchas de golf ⛳️ futgolf ,tenis ,basquet fútbol ,pesca,lugar de entretenimiento para niños, cine privado, etc la atención es muy cálida de todo el personal son muy atentos a todas las necesidades,frigobar y snaks a disposición en las habitaciones q por cierto es genial cada departamento tiene su pileta ,pero también está la pileta principal, y también cuenta con  un gimnasio las 24 hs . Es super recomendable volvería!!!",10,2024-09-07 13:13:45+00,1
Maravilhoso,10,2024-09-07 15:12:23+00,1
"A estrutura é fantástica. O café é o jantar são ótimos. Os funcionário são destaques em simpatia. 
No banheiro o problema é falta de box completo molhando o ambiente com a força da água. O nosso apresentava ainda um pequeno vazamento. 
Cama gigante e confortável. Quarto amplo. 
Destaco as piscinas entre os chalés, as crianças ficam “no jardim” de casa.",8,2024-09-08 00:00:00+00,1
"Quarto ótimo! Hotel lindo, muito bem cuidado, funcionários excepcionais, com destaque para Douglas na recepção e Anderson, no restaurante. Boas opções de pratos. Localização privilegiada. Sugiro mais opções de lazer para adultos à noite.",8,2024-09-08 00:00:00+00,1
Lugar excelente! Tranquilo confortável ótimo para viajar com a família ! Porém não levem muita restrição cobram diárias pelo Pet e não limpam os quartos enquanto vc estiver hospedado com seu Pet.,8,2024-09-08 14:40:29+00,1
" Super limpo e confortável café da manhã impecável excelente.  Atendimento dos funcionários ríspidos quando se respondia as perguntas! Me sentia seguida e vigiada o tempo todo em todo o hotel! Não levem
Pet porque é cobrado diárias sendo que pelo aplicativo não é informado ! Não fazem serviço de quarto enquanto o animal estiver no ambiente.",9,2024-09-08 14:44:04+00,1
 hotel limpo ...atendentes prontos simpaticos e educados...e restaurante excepcional,10,2024-09-09 11:07:06+00,1
 Hotel perfeito para viajar com crianças. A equipe de recreação era tão boa que era muito difícil sair do hotel para fazer os passeios.,9,2024-09-09 14:39:35+00,1
"O Hotel é muito bom, desde a gastronomia, localização, até o atendimento e limpeza, tudo excelente! Tem acessibilidade, é ótimo para pessoas com dificuldades de mobilidade, mães com bebês também. Quartos espaçosos e de fácil acesso. Adorei. Pretendo voltar!!!",10,2024-09-09 17:40:48+00,1
"O hotel é muito bom, café da manhã com muita variedade, toalhas e roupas de cama perfumadas.
A equipe do hotel sempre muito solícita e eficiente.
Lugar maravilhoso, vale muito a pena.
Pra quem tem crianças é um verdadeiro paraíso, elas se divertem muito.",10,2024-09-10 00:00:00+00,1
"Gostei muito da aula de Mixologia, do espaço e dos funcionarios envolvidos
Chan
Carlito
Kity",10,2024-09-10 01:31:47+00,1
"O hotel é excelente, com uma possibilidade de atividades enorme, fazendo com que a gente passeie por um cenário lindo. Nem pude aproveitar quase nada pelo tempo que fiquei e a trabalho. Mas fui por tudo e amei!
Comida maravilhosa nas três refeições, destaque para as pizzas. Serviço excelente e rápido, o que é importante num hotel que faz eventos.
Paisagens de cinema.
Só a água quente do quarto demora um pouco para esquentar. De resto, tudo ótimo.",10,2024-09-10 12:40:34+00,1
"Muito boa, voltaria",10,2024-09-10 12:53:20+00,1
 Todo en general. Está muy bien ubicado para ir a las cataratas. Las instalaciones son muy bonitas y el personal muy amable organizándote todas las excursiones para visitar las cataratas  Nada,10,2024-09-11 15:33:51+00,1
"Resort excelente, equipe preparada e muito gentil desde a recepção. Serviço de quarto, com camareiras amáveis que deixam flores e poesias no quarto! Lindo cenário e ótimos fotógrafos que registram momentos felizes e memoráveis! Ótima área de lazer e kids club com monitores que divertem a criançada! Restaurante com variedade e ótimo café da manhã!",10,2024-09-12 00:00:00+00,1
" Foi uma grata surpresa nossa estadia no Wish. Otima alimenta;'ao, quartos limpos, bons amenities, enxoval de cama e banho de qualidade, o chuveiro do quarto 1505 simplesmente maravilhooooso, digno de um otimo banho,local agradavel, equipe simpatica,atendimento nota 10.Seguranca 24hs por dia.As jacuzzis ao ar livre foi a sensacao do periodo que nos hospedamos. A piscina tbm estava otima.Tudo foi maravilhoso. Voltaremos com toda ctz.  Os valores das bebidas e petiscos do bar da piscina, um pouco caras. Bem como os valores dos procedimentos do spa.",10,2024-09-12 01:48:55+00,1
"Experiência boa, mas recomendo analisar se não vai ter evento nos dias que for ficar, no meu penúltimo e último dia começaram fechar alguns ambientes falando sobre montagem de um evento, no último falaram que não podia usar piscina grande devido evento, ainda bem que as crianças curtiam mais a jacuzzi, se não teríamos problemas, outro ponto falam de opção restaurante de comida Italiana ou Argentina, jantar buffet normal, mas pelo menos comida estava boa, só acho que o cara que estava cuidando da carne na grelha devia assar o corte na hora e não servir um meio frio, outro ponto dependendo horário próximo de algumas jacuzzi fica cheio de mosquito, mas vale a pena pelo local ser lindo.",10,2024-09-12 05:23:37+00,1
" Es como estar en una pequeña ciudad, desayuno buffet, mucha limpieza, servicio para traslados, somier comodisimos, almohadas de plumas, gimnasio , sauna.  Al ser argentinos, baños sin bidet. El valor de las comidas, algo elevado . Si van de Argentina lleven adaptador para los cargadores de celulares y otros. Sólo aceptan reales.",10,2024-09-12 09:56:35+00,1
"Muito bom o atendimento na recepçao,
Queixa maior seria na parte de alimentação, comida extremamente forte, e falta uma opção kids mais suave e também para pessoas com intolerância a lactose.",10,2024-09-12 13:30:37+00,1
"O hotel é lindo, a estrutura é uma das mais bonitas que já vi e os quartos são ótimos. 
• Quarto com 2 camas “kings” e ainda sobrava espaço de tão grande
• Área de lazer excelente: campo de golf, sinuca, ping pong, arco e flecha, escalada e trilha
• Café da manhã variado
• Funcionários simpáticos e prestativos 
• O espaço é lindíssimo 
Se for para ser bem criteriosa, eu diria que as piscinas poderiam ser aquecidas, pois quando eu fui elas estavam congelantes. Também poderia ter uma caixinha de lenço no quarto, sucos da própria fruta no cardápio, e não da poupa e melhor higiene dos talhares.",8,2024-09-13 00:00:00+00,1
"Muito boa a experiência, amei!!!! Os fotografos sao muito simpaticos, e essa experiência de cortesia é muito bom pra guardar as memórias da viagem nós amamooooos!!!!❤️❤️❤️❤️❤️❤️❤️❤️❤️❤️❤️❤️❤️❤️❤️❤️❤️❤️❤️❤️❤️❤️❤️❤️❤️❤️❤️❤️❤️❤️🤩🤩🤩🤩🤩🤩🤩🤩🤩🤩🤩🤩🤩💖💖💖💖💖💖💖💖💖💖💖💖💖💖💖💖💖💖",10,2024-09-13 00:00:00+00,1
" A comida é muito boa. Tanto no café da manhã, quanto no jantar. O atendimento nos restaurantes foi muito bom. O Hotel é lindo. A Acomodação é muito boa.  O atendimento fora dos restaurantes deixaram a desejar (recepção e governança). Solicitamos mais de uma vez a retirada de lixo que estava próximo do nosso quarto. E a abordagem para VENDA de um programa de time-sharing foi péssima. Perguntei se me venderiam algo e o Mateus mentiu dizendo que não. Disse que seriam somente 45 minutos e perdi 1h30 do meu tempo de férias pra ouvir sobre uma venda que nem tinha interesse. Eles falam que só vão fazer uma apresentação da rede Wish pra a gente conhecer e que ganharia cortesia. FUJAM. Uma abordagem desnecessária pra um hotel desse nível. Faz essa capitação em outro lugar.",8,2024-09-13 12:20:07+00,1
Muito atenciosos com as crianças Tio Chan e tia Kiti são muito legais,10,2024-09-14 01:04:31+00,1
"Muy buen servicio todo
Tío chan
Tía kit",10,2024-09-14 01:07:21+00,1
Agradable. Tranquilo. Recomiendo visitarlo.,8,2024-09-14 03:00:12+00,1
"A hospedagem foi simplesmente fantástica! Funcionários super educados, o quarto impecável e o restaurante com uma variedade incrível de pratos, além de um atendimento excelente. Fiquei encantada com a estrutura do resort, com suas casas em estilo americano rodeadas por uma imensa área verde. Tivemos a sorte de ver alguns animais passeando pelas calçadas, o que tornou a experiência ainda mais especial. Meus filhos adoraram, e com certeza voltaremos assim que possível!",10,2024-09-14 13:26:26+00,1
"Super recomendo.
Um hotel incrível, perfeito para sua família.
Café da manhã completo e lazer completo com piscina, jacuzzi, quadras e espaço kids com monitores para cuidar dos menores.
Quartos grandes e super confortáveis.
Todos os funcionários super atenciosos!",10,2024-09-14 16:26:04+00,1
Confortável acomodações e ótima gastronomia.,10,2024-09-15 02:14:57+00,1
"Todos os serviços prestados pelo hotel foram de excelente qualidade, e os profissionais demasiadamente atenciosos.
Recomendaremos e pretendemos voltar!

Gratidão
Luiz e Kelly",10,2024-09-15 12:26:22+00,1
"Maravilhoso , voltaria com certeza !!!",10,2024-09-15 14:20:37+00,1
"Nossa hospedagem foi excelente, o hotel é maravilhoso. Possui acessibilidade, tanto para cadeirantes, quanto para mães com carrinhos de bebê. Restaurantes amplos, café da manhã com muita variedade e também opções para intolerantes e alérgicos! Achei o hotel muito inclusivo! Eu amei muito.",10,2024-09-16 00:00:00+00,1
" De modo geral o hotel atendeu bem as expectativas, em termos de conforto e alimentação, porém em nível inferior ao que pude perceber nas vezes anteriores.  O hotel tava com capacidade de ocupação elevada, em razão de casamento, portanto, houve demora em alguns momentos no atendimento. Além disso, seria importante manter uma limpeza mais rígida dos quartos, especialmente nos cantos próximos as sacadas dos quartos superiores, teia de aranha e outros insentos podem ser vistos.",8,2024-09-16 00:08:02+00,1
"Ja,aber es müsste etwas man Interieur getan werden . Da es mit den Jahren ziemlich angeschlagen ist. Und für 5 Sterne sollte man etwas tun.",6,2024-09-16 13:30:59+00,0
" Sehr schöne, großräumige, gut gepflegte und grüne Anlage mit allem, was es braucht
Großes und gutes Frühstücks- und Abendbuffet
Schöner Ausblick vom Zimmer  Ausstattung und Zustand der Zimmer sowie des Restaurantinterieurs entsprechen bei weitem keinem 5-sterne Standard. An einigen Stellen wirkt das Hotel in die Jahre gekommen. Aufdringliche Kellner beim Abendessen, die zu nah an dem Tisch herantreten. Der Weg zu den Sportanlagen kann insbesondere für Menschen mit Beeinträchtigungen weit sein. Billardtisch würde sich im vorderen Lobby Bereich besser machen",7,2024-09-16 13:48:21+00,0
"A estrutura é maravilhosa, tudo muito limpo e com colaboradores muito simpáticos, o que é muito alto são os preços da alimentação sendo que a mesma não é nada de extraordinário,",8,2024-09-16 15:30:02+00,1
" Limpeza  Humor na recepção e nos carris, sempre mal humorados",8,2024-09-17 00:03:28+00,1
 Bom o café da manhã e jantar.  Do banheiro. O cheiro do vaso sanitário mesmo depois de limpo não era agradável e a porta do box também fez falta.,8,2024-09-17 03:00:40+00,1
" O hotel é muito bom, todo está muito bem cuidado, quartos muito bom, café de manhã maravilhoso, instalações excepcionais. Totalmente recomendável",10,2024-09-17 12:15:32+00,1
 Espaço do quarto e atendimento dos funcionários  Encontrar duas toalhas já usadas ao entrar pela primeira vez no quarto,9,2024-09-17 13:34:46+00,1
"o atendimento dos colaboradores, a estrutura do hotel , o café da manhã e a recreação são excelentes.",10,2024-09-17 16:12:09+00,1
"Fiz um dayuse inesquecível no Wish Resort Foz do Iguaçu, para me despedir de uma grande amiga que vai murar quatro meses na Austrália. O dia estava nublado, mas conseguindo aproveitar muito a estadia. Fizemos caminhadas, curtimos o redàrio sobre as plantas, aproveitamos a sauna e uma jacuse maravilhosa com água quentinha. Além de uma almoço impecável, com muitas opções para que come sem glúten e sem leite. Não posso deixar de mencionar o trato cordial de toda equipe, reserva recepção ao restaurante. Quer ter um dia memorável, eu super recomendo.",10,2024-09-18 00:00:00+00,1
Más que excelente,10,2024-09-19 00:46:55+00,1
A localização do hotel é próxima do aeroporto e a propriedade do hotel é maravilhosa pois tem até um campo de golfe e há muito Verde em volta das casas que compõem os quartos do hotel. A natureza em volta do hotel exuberante e você pode ouvir diariamente os cantos dos passarinhos.,8,2024-09-19 01:28:54+00,1
" O local é incrível! Café da manhã muito bom e funcionários extremamente atenciosos e educados. Voltarei com certeza!  O box do banheiro era de cortina, o que deixava o banheiro todo molhado e a luz do quarto é bem fraca, atrapalhando a maquiar e coisas do tipo.",9,2024-09-19 07:51:08+00,1
"O gordinho das magicas é o diferencial na manhã , energia surreal ...parabéns pelo trabalho",10,2024-09-19 17:14:26+00,1
"Ficamos no Wish para conhecer as cataratas. Hotel muito bem localizado, muito organizado, bonito, nem parece um hotel, parece mais um condomínio. Proposta bem interessante. O único ponto que poderia ser melhor seria algumas piscinas serem climatizadas. No mais, tudo muito bom!!",10,2024-09-20 02:24:12+00,1
" Desayuno variado y delicioso. Cena buffet excelente. Ambiente confortable, atención óptima.  El colchón era levemente incomodo.",10,2024-09-20 10:11:31+00,1
O Marcelo foi ótimo na explicação sobre drinks e muito atencioso e o Chan foram super divertidos,10,2024-09-24 01:01:13+00,1
"Excelente atividade de drinks com o Marcelo e Chan, muito atenciosos e prestativos.",10,2024-09-27 12:59:42+00,1
" Espaço amplo, contato com a natureza, estilo dos quartos em meio a natureza.  Limpeza, cortina do banheiro toda embolorada e com limbo (meu quarto era para mobilidade reduzida), espaço da piscina e jacuzzis faltando limpeza tbm, padrão da comida no café e almoço bem razoável em relação aos valores praticados.",8,2024-09-27 23:17:06+00,1
"Participamos do Bingo, super animado e bem divertido a equipe que estava na organização.",10,2024-09-28 01:20:44+00,1
" Calme  Le froid airco trop fort au restaurant 
Debarassage vaiselle trop bryuant",8,2024-09-28 16:59:46+00,1
"Excelente estrutura, boa localização, muito espaço, cozinha ótima. Poderia ser melhor a acústica das suítes, ademais foi uma estadia agradável.",8,2024-09-29 07:55:49+00,1
Everything great but the food,8,2024-09-30 14:43:57+00,1
Recomendado,10,2024-09-30 20:28:17+00,1
"A nossa aula de estreante com o Golfe através do instrutor Miguel, foi um sucesso. Ele soube transmitir as técnicas  fundamentais do Golfe que foi extremamente prazeroso. É um orgulho ter no nosso país um Resort completo e bonito com um Campo de Golfe  contendo 18 buracos. O campo e as instalações do Resort estão muito bem cuidados e a vegetação está exuberante. Parabéns aos administradores e ao instrutor Sr. Miguel. Só temos que agradecer pela aula e a estada nesse Resort.",10,2024-10-01 00:00:00+00,1
"O Wish é um ótimo local para descanso e para lazer com família e amigos. O resort é cheio de atividades, você consegue se ocupar o dia todo caso queira. O restaurante é uma delicia, desde o café da manhã até a janta. Tem várias opções e vale a pena o investimento na pensão completa. Já me hospedei 4 vezes no hotel e recomendo a todos.",10,2024-10-01 00:00:00+00,1
"Parabéns pelo hotel!! Excelentes funcionários, café da manhã maravilhoso e diversificado, o serviço de quarto é impecável, o hotel é lindo, a cidade é incrível, com certeza voltaremos!  considerações ao gerente Kenji, pela hospitalidade.",10,2024-10-01 00:00:00+00,1
"O Resort é perfeito pra quem busca relaxar com paz e tranquilidade. Gigantesco com várias opções de lazer e entretenimento. Recreação para as crianças. Dois restaurantes impecáveis. Campo de Golf, academia sauna enfim muitas opções de lazer. Café da manhã completíssimo alta qualidade em gastronomia. Travesseiros confortáveis chuveiro ótimo. Enfim um ótimo resort.",10,2024-10-01 00:00:00+00,1
"Excelente, maravilhoso, completo em diversão e entretenimento, descanso, culinária, higiene impecável,  encontro perfeito da natureza com o conforto da civilidade. Pessoas receptivas, prestativas e amabilissimas. Conforto e qualidade.",10,2024-10-01 00:00:00+00,1
"É sempre muito bom poder retornar ao wish de Foz do Iguaçu, o complexo é lindo nos trás um agradável contato com a natureza. A alta gastronomia é um ponto muito relevante do hotel! As acomodações sempre muito limpas e confortáveis. Visitamos o resort sempre que conseguimos pois é uma ótima escolha pra quem busca paz e relaxamento em Foz do Iguaçu.",10,2024-10-01 00:00:00+00,1
 Super limpo reservado e aconchegante  A propaganda deles é o campo de golfe e locomoção também porém não pode jogar Golf sem carteirinha e para jogar com instrutor além de pagar o aluguel dos equipamentos e carro tem q pagar o instrutor e no domingo ele não estava lá .,8,2024-10-01 11:04:57+00,1
"Excelente infraesturutra, com profissionais muito simpáticos e prestativos.
A limpeza e convservação dando das áreas comuns quanto do quarto estava impecável.
É o segundo ano que vou para ao hotel para participar de um evento mas  gostaria muito de voltar com a família completa para aproveitar a infraestrutura e os passeios com os filhos.",10,2024-10-01 14:59:47+00,1
"Acomodação impecável! Resort extremamente limpo, café da manhã ótimo, tudo muito fresco e saboroso. Os atendentes são extremamente educados e solícitos. Conhecemos o gerente do hotel Kenji, extremamente atencioso conosco. Enfim uma estadia perfeita!",10,2024-10-01 18:09:14+00,1
"Excelente experiencia.
Elegantes y cómodas instalaciones
Servicio del personal de muy buen trato",10,2024-10-01 21:08:05+00,1
" Adorei o jantar, muitas opções de comida.  A piscina não era minimamente aquecida, estava muito gelada.",7,2024-10-02 13:00:15+00,0
"Maravilhosa a minha estadia no Wish Foz.
O local é agradabilíssimo.
O ajardinamento é muito bonito.
O conceito da localização dos quartos nos trás a sensação de uma vila. Maravilhoso.",10,2024-10-02 18:10:57+00,1
" Frühstück war toll und Personal sehr freundlich. Das Zimmer war sehr gross. Wahrscheinlich aufgrund der Nebensaison waren die Pools bei den Villen nicht in Betrieb.  Die Anlage ist etwas in die Jahre gekommen. Also vor allem die Zimmer, deshalb fand ich das Preis-Leistungsverhältnis könnte besser sein.",7,2024-10-02 20:21:29+00,0
"Fizemos nossa convenção no Wish Foz e o atendimento foi maravilhoso, acolhimento da equipe, quartos e espaços de evento muito bem organizados, excelente alimentação. Suellen, Dieili, Carlos  pessoal da Recepção tudo maravilhoso. Com certeza voltaremos.",10,2024-10-03 00:00:00+00,1
"Muy conforme con el hotel, excelente la predisposicion de todo el personal, hermoso el paisaje y edificios.
La comida es excelente en el buffet, especialmente el desayuno, tambien la del bar de piscina.
Eramos una familia de 11 personas entre 8 y 70 años.
Todos disfrutaron la estadia.
Volveremos.",10,2024-10-03 17:17:17+00,1
"Local muito aprazível com toda a simpatia de seus funcionarios, todos muito simpaticos, educados e cuidando de nos como se fossemos de sua familia ! Muito bom !",10,2024-10-04 15:02:39+00,1
"Excelente estadia. Atendimento mil todos os funcionários maravilhosos.

!!!@@@@@@@@@

Excelente estadia. Atendimento mil todos os funcionários maravilhosos.

!!!@@@@@@@@@

Excelente estadia. Atendimento mil todos os funcionários maravilhosos.

!!!@@@@@@@@@

666666666
Excelente estadia. Atendimento mil todos os funcionários maravilhosos.

!!!@@@@@@@@@",10,2024-10-05 00:00:00+00,1
Excelente servicio! El hotel muy bueno y la atención también excelente. Muy buena la cena y el almuerzos. Queda cerca de las cataratas y también muy cerca del aeropuerto. Tienen servicio para los niños con recreación…………………………:::..:::.:,10,2024-10-05 00:00:00+00,1
"Ambiente muito agradável, de fácil acesso com automovel,  estilo campus americano aconchegante, funcionários prestativos e gentis. Espaço amplo com estacionamento próximo ao  apartamento, restaurante com muitas opções de saladas, e pratos.",10,2024-10-05 00:00:00+00,1
"Hotel atrativo, com conforto muito bom, com várias opções de atividades diferentes durante o dia e a noite, local  gostoso pra passar o final de semana pra quem precisa de poucos dias, pessoal bem atencioso, várias opções de planos e contratações..",10,2024-10-05 00:00:00+00,1
Tio chan é muito alegre e atencioso!,10,2024-10-05 01:27:14+00,1
 Un lugar muy lindo y Exelente atención  Nada,10,2024-10-06 11:39:33+00,1
Hotel excelente. Quartos confortáveis. Recreação divertida e amigável. Várias opções de lazer no hotel. Perto dos principais pontos turísticos da cidade,10,2024-10-06 15:54:03+00,1
"Adorei, foi tudo maravilhoso
Foi muito
Bem
Apresentado, a samira eh muito boa, apresentou uma bela apresentação……..
Muitoo obrigada por tudo tudo
A única coisa que alguns mobiliários precisam   Ser trocados. As bandejas o room service esta muito ruim",10,2024-10-07 00:00:00+00,1
"O Hotel Wish é incrível, desde a recepção, o atendimento , os quartos , TUDO.
Os quartos são grandes e o cuidado com cada detalhe é notável.
As piscinas, espaços para eventos, as áreas comuns tudo muito bem cuidado e impecável.
É uma estádia que vale extremamente a pena, uma experiência única em FOZ.",10,2024-10-07 00:00:00+00,1
Hotel muito bom excelente ótimo atendimento e um trabalho de marketing muito top. Piscinas quartos tudo muito lindo e perfeito………………………………………………………………………………………………………………………………………………………………………………../.././//……………………….:…………..,10,2024-10-07 00:00:00+00,1
"gostei muito da experiência! funcionários prestativos, e a melhor parte: a quantidade de lazer que o hotel oferece! isso sem mencionar a comida MARAVILHOSA da estadia!! uma dica: leve repelente!! A piscina do hotel me encantou, muito bom.",10,2024-10-07 00:00:00+00,1
" Las instalaciones del hotel son geniales, desde la pileta, el sector deportivo y el restaurant. El nivel de la comida esta por encima del promedio del resto de los hoteles de Brasil.  La cama y las almohadas, si bien no eran malas, no estan a la altura del hotel. Mejorando eso, la estadia fue perfecta.",9,2024-10-07 00:05:46+00,1
 Estar em um parque com jardim lindo e bem cuidado  Vazamento no banheiro da acomodação 1705,10,2024-10-07 23:49:51+00,1
"Visitei o resort Wish e adorei! As acomodações são super confortáveis e a vista é incrível. A variedade de atividades é ótima, desde piscinas até restaurantes. Um lugar perfeito para relaxar e se divertir! Super indico que procura momentos de muita interação com a natureza",10,2024-10-08 00:00:00+00,1
Excellent hotel for spending vacation with family,8,2024-10-08 12:37:50+00,1
"Gostamos sim da unidade de Foz. Fazendo uma comparação entre a equipe de Gramado e de Natal, minha nota é 7/10. Chegamos e não fomos informados do que poderíamos usufruir, Alguns funcionários com a cara fechada, os nomes de boas vindas no quarto, não era o nosso. Acredito que falta um pouco mais de treinamento. Porém  a estrutura do hotel é excelente.",8,2024-10-09 10:07:51+00,1
 Desayuno buenisimo,10,2024-10-09 11:59:54+00,1
" Resort excelente, café da manhã muito variado e gostoso. Recreação para crianças muito boa.  poderia ter mais carros elétricos para o transporte interno.",10,2024-10-09 13:05:15+00,1
"Cafe da manhã formidável , atendimento dos funcionários,  recepção tbem ágeis.",8,2024-10-09 14:13:26+00,1
"Minha estadia no resort Wish foi simplesmente perfeita! O quarto era extremamente confortável, espaçoso e uma linda vista para a natureza. A variedade de atividades de lazer oferecidas são excelentes desde as piscinas, as quadras até o kids club. A gastronomia do resort é boa e o atendimento impecável. Super indico para quem busca um lugar para se conectar com a natureza e desfrutar de momentos de diversão.",10,2024-10-09 17:21:57+00,1
"Exelente.
Está foi a segunda vez que hospedamos no Wish Iguaçu.
Só posso recomendar",10,2024-10-09 23:46:43+00,1
"Hotel muito bom, equipe muito atenciosa.

Café da manhã com bastante variedade e buffet legal. Bem próximo das cataratas e do aeroporto, uma otima localização. Quartos bons e limpos. 

Serviço de quarto muito bom também, muito prestativos. 

Voltaria com toda certeza!!",10,2024-10-10 00:00:00+00,1
"Fomos somente no jantar, e simplesmente maravilhoso! O restaurante é muito gostoso! O buffet estava muito bom! O atendimento dos funcionários estavam perfeitos! Não tenho dúvidas que foi um dos melhores restaurantes que eu já fui!  Pretendo passar as férias aqui nesse resort!",10,2024-10-10 00:00:00+00,1
"Atendimento maravilhoso na recepção até os garçons.
Apartamento maravilhoso, chuveiro excelente. Tudo perfeito.
Café da manhã bem completo. Acertamos na data estava muito calor. Receptivo de passeios que fica no hotel muito bom. Área de lazer ótimo.",10,2024-10-10 00:00:00+00,1
"Ótima experiência, trabalhadores educados (Thally, Eduarda e Shirley, cordiais e muito agradáveis. O hotel e todos os ambientes são fanáticos. Nos apresentaram os benefícios e vantagens em adquirir o plano, Nos deixando bastante motivados e interessados no pacote.",10,2024-10-10 00:00:00+00,1
"Excelente hotel ! Uma ótima infra estrutura com tudo que vc precisa para lazer e descanso ! Ótima comida ! Café da manhã maravilhoso ! Atendimento de todos perfeito ! Equipe simpática ! Uma experiência incrível ao lado das cataratas , com.certeza voltarei !!",10,2024-10-10 00:00:00+00,1
"Foi incrível!!! Amamos tudo, lugar que transmite paz, um sossego!!!
Atendimento muito bom, funcionários atenciosos!!!",10,2024-10-10 09:34:20+00,1
"Recomendo muito.
Pessoal muito treinado e limpeza .",10,2024-10-10 12:42:55+00,1
" Conforto, limpeza e atendimento.  Preço das refeições e consumo. Também senti falta de atividades.",8,2024-10-10 12:49:30+00,1
" Cordialidade, tranquilidade, café da manha  Faltou música na área da piscina…só tinham algumas poucas caixas de som",8,2024-10-10 18:03:33+00,1
Muito bom hotel ambiente agradável lugar muito tranquilo,10,2024-10-11 11:50:42+00,1
" Quartos,  café e jantar.  Do serviço do bar da piscina no domingo. 

Embora o quarto fosse para pessoas com mobilidade reduzida,  a cortina do box poderia ser 5 cm mais comprida para evitar de morar tanto o banheiro.",9,2024-10-11 15:26:23+00,1
"Amamos o Wish, atendimento excelente, todos os funcionários muito cordeais. 
Tudo perfeitamente limpo e organizado. 
A alimentação impecável, todas as refeições com variedade. 
Parabéns Wish Foz pelo atendimento excelente, principalmente o tio Forte e o Thales. 
Tudo maravilhoso, recomendo a todos.",10,2024-10-12 00:00:00+00,1
"Ótima apresentação  do Thalyellison e Shirlei , mais uma vez quero agradecer pelo atendimento e atenção de toda equipe de colaboradores da rede Wish. 
Parabéns , e com certeza iremos voltamos mais vezes para descansar nesse paraíso.
Obrigadooooooo",10,2024-10-12 00:00:00+00,1
"Hotel excelente. Completo. Serviço maravilhoso e estrutura impecável. Comida deliciosa e variada. O Staff é muito bom. A equipe de limpeza muito boa também. No mais, super indico a qualquer um que esteja viajando em família e com crianças.",10,2024-10-12 00:00:00+00,1
"Hotel muito bom, em família, com pessoas boas. Funcionários sempre prestativos, quartos limpos e organizados
Thales muito prestativo e informou sobre o funcionamento da rede de hotel
Shirley também nos ajudou sobre o funcionamento, tio forte um grande mágico também, recomendo o hotel e a rede",10,2024-10-12 00:00:00+00,1
"O hotel é maravilhoso, gostamos muito do atendimento e atenção dos funcionários. Comida impecável. Adoramos o estilo do hotel em que são várias casas espalhadas. O Thalyelisson é um profissional muito atencioso, nos explicou todos os detalhes do resort",10,2024-10-12 00:00:00+00,1
"Fomos muito bem recebidos pelo Thallyelison  e Shirley e o tio Forte. 
Equipe muito bem preparada e atenciosa, sem falar na comida que é muiro saborosa.
Parabens pra rede Wish pela incrível experiência que tivemos durante nossa estadia. 
Com certeza voltaremos mais vezes.",10,2024-10-12 00:00:00+00,1
"Hotel muito bom, viajamos em família, quarto organizados e limpos, camarareiras e funcionários muitos prestativos
O Thales nos explicou sobre o funcionamento da rede muito bem, a shirley também 
Adoramos as mágicas do tio forte também, muito bom a experiência, recomendo",10,2024-10-12 00:00:00+00,1
"Excelente em todos os sentidos. Desde o atendimento na recepção, camareiras, limpeza dos quartos, alimentação, conforto… E a cordialidade dos funcionários me surpreendeu muito. 
O resort the estrutura muito completa com piscinas , jacuzzi , quadras poliesportivas, campo e aula de golfe. 
Vale muito a pena!",10,2024-10-12 00:00:00+00,1
"O hotel é maravilhoso!!! Tivemos ótimos atendimento com a Shirlei, o Tali, o tio Forte.
Ficamos muito felizes com o nosso final de semana… a comida é maravilhosa, o hotel é lindo, tem estilo condomínio americano. Amamos tudo, e com certeza voltaremos…",10,2024-10-12 00:00:00+00,1
 O fato de os quartos serem divididos em,10,2024-10-13 12:22:14+00,1
"Muito bonito o lugar! Hospedagem em casas, super agradável. Espaço amplo (o que requer caminhadas ou uso de carrinhos). Equipe de recreação ótima. Super recomendo!",10,2024-10-13 12:52:50+00,1
 Tudo maravilhoso !! Hotel de primeira linha !  Foi tudo ótimo,10,2024-10-13 17:51:40+00,1
"Experiência sensacional.
Os restaurantes são excelentes. 
A cama é  espaçosa e bem macia.
Mesa  fundo do quarto achei legal.
As piscina individual achei o máximo.
Funcionários bem atenciosos. 
Samira e Shirley do EG muito atenciosas e cordiais amamos a experiência!!!!!!!!!!!!!!!!",10,2024-10-14 00:00:00+00,1
Hotel proporciona uma experiência maravilhosa. Levamos nosso Pet e foi incrível. Conseguimos aproveitar tudo. Com toda certeza voltaremos!! O hotel é muito melhor do que eu imaginava. Os quartos proporcionam um descanso sem igual. Amei ❤️❤️,10,2024-10-14 11:02:26+00,1
"O hotel é excelente, um dos melhores que já fiquei. Apenas alguns detalhes na variedade de equipamentos na academia e limpeza do quarto que poderiam melhorar. Mas no geral o hotel é muito bom e provavelmente voltarei a me hospedar no futuro.",8,2024-10-14 11:30:40+00,1
 Alles  Nichts zu beanstanden,10,2024-10-14 12:17:32+00,1
" Pegamos acomodação com café da manha e jantar inclusos, foi ótimo. A comida servida no buffet é uma delicia, tem inúmeras opções.
Adoramos as estadias em ""casas"", contam até com piscinas privativas... A acomodação superou todas as minhas expectativas, espero retornar em breve e ficar mais tempo.  A wifi nos quartos não funciona, apenas nas áreas comuns. Dependendo da operadora do seu celular, também não funciona.",10,2024-10-14 13:21:26+00,1
"Adoramos a estadia, com toda certeza voltaremos e ficaremos mais tempo.
A conexão de internet não funciona nos quartos, apenas em locais comuns.",10,2024-10-14 14:39:27+00,1
" El hotel en general es muy bonito, la cama grande y cómoda, la habitación muy espaciosa. Y los precios son muy accesibles  Les falta modernizar la televisión, de los 4 hoteles que me quede en Brasil, fue el único que no contaba con una smart tv. 
Algo que me parecio fatal es que en ningun lado hay agua de cortesia, toda se cobra y como el hotel esta en medio de la nada, no queda de otra mas que pagar sus precios elevados. Asi mismo no habia pañuelos en la recamara, ni cajero automatico en el hotel. 
Intentamos cambiar dlls a reales en recepcion, pero no contaban con el servicio que muchos hoteles si. 
Para ser un hotel de lujo creo les falta un poco mas de atencion a ciertos detalles.",7,2024-10-14 15:15:53+00,0
" O café da manhã é excelente. O buffet de jantar, embora repetitivo, é bem saboroso. As camas estavam confortáveis e os quartos, silenciosos. Os funcionários, à exceção do pizzaiolo do restaurante, são muito gentis e educados.  A forma como as instalações do hotel estão dispostas não fazem muito sentido. O Kids Club fica no final do hotel, muito longe da piscina e da recepção. A recreação era dispersa, não atuava para entreter as crianças. A programação não era lá muito mantida ao longo dos dias. Faltaram opções para dias de chuva. 

Embora tivesse ótimo tamanho, o quarto peca no quesito banheiro. O box era separado por uma cortina que não impede a água de molhar todo o chão.

O preço das refeições e bebidas é muito acima da média.  Uma lata de cerveja a R$18 ou uma água a R$8 e um hambúrguer a R$68 são bons exemplos. A distância também atrapalha quando você precisa de um Uber ou Táxi.",7,2024-10-14 19:52:58+00,0
"En arrivant l’hotel est superbe et l’accueil tres sympathique mais les chambres qui sont loin de l’hotel sont dans de petits bungalows et tres basiques : déco inexistante, pas de bouilloire dans la chambre, douche assez sale avec une fenetre qui ne ferme pas et une tablette en verre cassée. Pas de savon dans la douche.
Le petit dejeuner est copieux et peut etre pris au bord de la jolie piscine
Dommage qu’avec de belles parties communes les chambres soient tristes et basiques et la douche vetuste",6,2024-10-15 00:00:00+00,0
" O hotel é bem confortável e os quartos são excelentes, otima cama, chuveiro quente com bastante pressão, lençol cheiroso, cafe manhã bom, campo de golf  Piscina precisa de reforma, bar da piscina muito fraco, e o preço alto pelo que entrega.",9,2024-10-15 00:31:23+00,1
"Recomendamos muito!
Experiência unica com o Marcelo e Tio Chan !
Incríveis, solicitos e leves",10,2024-10-15 00:56:19+00,1
Excelente experiência com Marcelo e tio Chan na preparação de drinks.,10,2024-10-15 00:56:27+00,1
" As acomodaçoes, infraestrutura, atendimento são excelentes. Tudo bem organizado.  Piscinas maiores não são aquecidas, mas possuem algumas jacuzzis aquecidas, mas que não funciona bem para crianças.",8,2024-10-15 11:07:03+00,1
 Café da manhã excelente. Funcionários atenciosos.  Não tinha Netflix.,9,2024-10-15 13:51:04+00,1
"Elogio à Equipe do Hotel WISH - Foz do Iguaçu

Gostaria de expressar minha sincera gratidão e elogiar toda a equipe do Hotel WISH pela excelente estadia que tive entre os dias 02 e 06 de outubro de 2024.

Em especial, gostaria de destacar o trabalho impecável do setor de eventos, representado pela Quétlin, Dieily, Juliana e Mariana. A atenção, o cuidado e o profissionalismo de todas vocês tornaram a experiência memorável, deixando tudo sempre organizado e funcionando perfeitamente.

Também não posso deixar de elogiar o atendimento no restaurante, onde a Izaura e o Anderson fizeram a diferença com seu tratamento caloroso e atencioso, sempre prontos para ajudar e garantir uma refeição agradável para todos os hóspedes.

Por fim, gostaria de agradecer à funcionária do bar da piscina, que infelizmente não me recordo do nome, mas sei que mora na Vila C, em Foz do Iguaçu. Sua simpatia e serviço impecável tornaram os momentos na piscina ainda mais especiais.

Parabéns a todos vocês! O cuidado e a dedicação de cada um fizeram com que minha estadia fosse inesquecível. Espero voltar em breve!

Com gratidão,
João Miguel Turcatto
e Jozianne",10,2024-10-15 14:35:08+00,1
Excelente hotel! Nos gusto mucho! Ideal para familias! Nos hubiera gustado disponer de mas tiempo diario para disfrutar de las instalaciones.,10,2024-10-15 18:30:51+00,1
"Solicitei duas vezes que fosse corrigido um vazamento de água no banheiro, fui embora e não foi corrigido. Sobre a cama ela tinha uma abertura, pois nitidamente foi realizado a junção de dois colchões de solteiro, ao reclamar na recepção apenas escutei que era assim na categoria que escolhi, mas se tivessem me avisado anteriormente eu teria mudado minha categoria, pois dormi todas as noites muito mal com um buraco no meio da cama.",8,2024-10-16 13:19:49+00,1
"Excelente hotel e atendimento da Bia e Samira. Piscinas, quartos, restaurantes, comodidade, localização...tudo muito bom. Vale a pena conhecer e se hospedar. Estamos muito satisfeitos e pretendemos voltar. Academia e sauna muito boas",10,2024-10-18 00:00:00+00,1
 Café da manhã o salão é  pequeno para acolher todos.,10,2024-10-18 14:28:18+00,1
"Hotel com ótima estrutura, localização e muito confortável. Poderia melhorar apenas no atendimento na área da piscina, que algumas vezes foi lento. São poucos profissionais para atender todo o espaço. Mas, no geral, gostamos muito!",10,2024-10-18 14:28:46+00,1
"Hotel muito confortável, belíssimo e fomos muito bem atendidos pela Samira, Thales e os demais membros da equipe!

O café da manhã foi espetacular, toda a infraestrutura do hotel é muito bem cuidada e a piscina é incrível, contando também com 2 hidromassagens!",10,2024-10-19 00:00:00+00,1
"O hotel é bom e a comida variada apesar de não ter tido a opção a lá carte no período em que estivemos. Tivemos um problema com q descarga do nosso quarto que ficou pingando durante toda semana que estivemos lá e ninguém nem apareceu para verificar apesar das inúmeras reclamações que fizemos. Alguns monitores foram ótimos mas teve uma que claramente não gostaria de estar com as crianças. É um hotel bom para convenções, bem localizado mas que para uma viagem em família não recomendo. Não tenho interesse em voltar.",6,2024-10-19 00:00:00+00,0
"O hotel  é incrível, melhor café da manhã de todos, quarto super aconchegante, o ambiente incrível com muita área verde, toda a equipe muito solicita!! As piscinas são super grandes, bem organizado.. Thales da EG  foi super querido!!!! Voltaria sempre!",10,2024-10-19 00:00:00+00,1
"Recreação e ambientes incríveis, funcionários muito bem educados e treinados.
Recomendo demais!",10,2024-10-19 01:46:39+00,1
"Muito bom, tia Suco e tio Chan foram ótimos.",10,2024-10-19 01:46:47+00,1
" Sehr schöne, gefällige Hotelanlage eingebettet in in einen Park und Golfplatz. Wasserfälle und andere Attraktionen sehr gut mit Taxis zu erreichen. Sehr nettes Personal, teilweise englischsprachig. Trotz Golfhotel sehr angenehmes down-to-earth Publikum. Wichtig: man fühlt sich in Anlage sehr sicher.  ein Teil der Anlage könnte eine Renovierung vertragen (Betreiber waren bereits damit beschäftigt).",9,2024-10-19 08:37:01+00,1
" Quartos confortáveis, comida boa e buffet variado apesar de não possuírem opções a la carte durante a nossa estadia  Alguns serviços não funcionam. Tivemos um problema na descarga que não foi resolvido durante a semana toda em que estivemos lá. As piscinas espalhadas pelo hotel não são muito limpas e alguns monitores não estão muito a fim de brincar com as crianças, apesar de outros serem maravilhosos!",6,2024-10-20 01:41:19+00,0
"O resort é maravilhoso, Villas espalhadas ao redor de um campo de golfe, com cozinha, instalações e serviços espetaculares. Merece cada uma de suas 5 estrelas.",10,2024-10-20 18:10:00+00,1
"Quarto espaçosos, banheiro grande e agua forte, cama e travesseiros macios. Excelente café da manhã",10,2024-10-20 20:55:40+00,1
"O Wish Foz do Iguaçu Resort oferece uma experiência de hospedagem muito satisfatória, ideal para quem busca conforto e lazer. O atendimento da equipe foi excepcional, sempre prestativa e atenta às necessidades dos hóspedes. As instalações são modernas e bem cuidadas, com destaque para as áreas de lazer, como a piscina e o spa.

Os quartos são amplos, limpos e bem equipados, proporcionando uma estadia confortável. A localização é estratégica, próxima a atrações turísticas como as Cataratas do Iguaçu.

A oferta gastronômica é variada, com opções de qualidade que atendem a diferentes paladares. No geral, o hotel entrega um ótimo custo-benefício, sendo uma excelente escolha tanto para famílias quanto para viajantes a negócios.

Atendimento de qualidade
Estrutura moderna e limpa
Variedade de opções de lazer e alimentação
Localização conveniente",10,2024-10-21 00:00:00+00,1
" Cafe da manhã maravilhoso.. local super agradável, muita natureza em volta o que permite descanso, paz e tranquilidade..  Piscina não é aquecida, não conseguimos usar, estava muito gelada.",10,2024-10-21 00:05:31+00,1
"Hotel lindo, confortável e funcionários atenciosos e gentis. A equipe está de parabéns pena que não tive tempo para aproveitar as diversas opções de lazer.",10,2024-10-21 07:59:43+00,1
"Estive em um evento no hotel. Em razão do evento, acredito que a equipe do hotel estava hostil pelo trabalho.
Diversas vezes os participantes reclamaram do mal atendimento.",6,2024-10-21 11:58:22+00,0
"Ótimo hotel, o café da manhã é excelente.",10,2024-10-21 12:06:30+00,1
" Café da manhã;
Contato com a Natureza;
Local calmo e tranquilo.  Pouca estrutura de lazer;
Falta piscina coberta;
Valores para consumo no hotel são bem altos.",6,2024-10-21 12:40:13+00,0
"Area física e estrutura de lazer , recreação muito boa. Cardápio deixa bem a desejar quanto a qualidade, opções e preços. Porções e opções de comida infantil ruim. preços muito altos se comparado a outros resorts no Brasil.",8,2024-10-21 13:11:31+00,1
Excellent! Never miss this hotel when planning a trip to the Iguaçu falls!,10,2024-10-21 20:07:38+00,1
Esta sendo bom eu ainda estou aqui no hotel só vou embora quarta feira a noite,10,2024-10-21 21:06:46+00,1
"Hotel com uma excelente estrutura. Café da manhã delicioso. A recreação é simplesmente fantástica, meu filho não queria sair de lá. O ponto forte da nossa hospedagem, sem dúvidas, foi o atendimento do Chef de Cozinha Carlos que providenciou, de última hora, um super bolo para o aniversário do meu filho. Uma atenção e delicadeza que vamos lembrar sempre.",10,2024-10-22 00:00:00+00,1
" Ya conocía el hotel, siempre mantienen la calidad de servicio! Pero primera vez contratando la cena. Muy variado, ensaladas, carnes, pescado, buenos postres.",10,2024-10-22 17:07:22+00,1
"Café da manhã excelente, garçons atenciosos como o Anderson e a Izaura, extremamente prestativos
(Só achei o ar condicionado muito forte)...tem tapioca e omelete feitos na hora .ótimo! Quarto confortável, wi-fi, perto da dreams e cataratas. Tem atividades pras crianças. Gostei muito
Almoço não achei muita coisa pelo valor cobrado...",10,2024-10-22 19:59:39+00,1
 Shower booth was uncomfortable.,8,2024-10-22 23:11:20+00,1
"O resort possui um excelente espaço de eventos, funcionários cordiais e atendimento de qualidade.
Está localizado em via de fácil acesso a todos os atrativos de Foz e região.
Recomendo a todos que procuram por uma excelente estadia em IGU!",10,2024-10-23 00:00:00+00,1
Lugar bonito e tranquilo para se passear com família e amigos. Fizemos uma Visita técnica com a Unioeste pra conhecer o local e ver como funciona as instalações voltado pra eventos sociais e empresariais. Tudo com muito profissionalismo e comprometimento de entregar o melhor pra todo tipo de eventos que eles forem realizar nos espaços destinados do local.,10,2024-10-24 00:00:00+00,1
"Adorei o local . Acomodação confortável e organizada. Local ótimo para descansar e perto de pontos de compra que valem a pena. Não posso deixar de ressaltar três funcionários em particular, Anderson e Izaura que sempre nos recebia com gentileza e atenção todas as manhãs  o que tornava o nosso café da manhã maravilhoso  e o Diogo, professor da academia do período da noite. Sempre alegre e disposto a nos orientar. Espero voltar e sempre contar com   a presença deles.",10,2024-10-24 00:00:00+00,1
" Tudo muito bom, mas a área do café da manhã precisa ser ampliada, fica muito cheia entre 8:30 e 10:00h",10,2024-10-24 00:04:07+00,1
" Das Hotel an sich war sehr gut. Die Zimmer waren sauber. Das Essen war sehr gut (vor allem das Frühstück), das Personal mega aufmerksam. Die Einrichtung war super (Fitnessstudio, Sportanlagen). Zu der Lage muss man wissen, dass diese zwar nahe an den Wasserfällen ist, man aber für alles ein Taxi/Uber benötigt. Ein Uber zu bekommen dauert manchmal etwas länger. An dem Wochenende wurde es sehr voll im Hotel, die meisten Gäste sind dann tatsächlich mit dem eigenen Auto da. Das Frühstück war dann schon etwas rummelig, das Personal war aber immer auf Zack. Gut gefallen hat mir außerdem, dass das Hotel nicht abgehoben war. Trotz Golf-Resort gab es z.B. keine Kleidungsvorschriften zum Abendessen. Die Anlage selbst ist wirklich riesig. Zwar sind die einzelnen Einheiten mit wenigen Zimmern ausgestattet, was für die Ruhe sehr angenehm ist, die Wege sind dafür aber recht lang, je nachdem, welche Casa man bewohnt. Man kann sich aber mit einem Golf-Cart durch die Anlage fahren lassen. Das haben wir jedoch nicht genutzt.",9,2024-10-24 11:16:19+00,1
"Eu passei mal durante a estadia, precisei interromper e antecipar o check out por motivo de saúde. Fiquei pouco no hotel, mas do que pude ver é usufruir tudo foi maravilhoso, gastronomia, acomodação, piscina da casa. Com certeza, voltaria. Excelente!",10,2024-10-24 14:49:09+00,1
 Conforto e limpeza  Barulho de máquinas cortando grama logo cedo,8,2024-10-24 15:33:03+00,1
Excelente!,10,2024-10-24 16:47:08+00,1
"Muito boa,estive várias vezes neste hotel",10,2024-10-24 18:37:57+00,1
Very friendly staff. Douglas at the reception was very accommodating. Waiters in the dining room were great. Tio Forte was lots of fun and my boys loved his magic tricks,8,2024-10-26 00:41:46+00,1
" instalações bem organizadas e limpas. Atendimento padronizado.
No meio da estadia foi aniversário da minha esposa, enviaram um pequeno bolo na tarde, um mimo que agradou.  Apesar de estar junto a um clube de golf ninguém apresentou a instalação ou ofereceu um pacote para aulas ou jogo. O hotel também atende de forma corporativa, portanto espere dividir as instalações com grupos que não estão em família ou lazer, o que pode gerar algumas situações. A alimentação é farta mas com foco na quantidade, não surpreendeu.",8,2024-10-26 09:50:31+00,1
"A propriedade em geral é muito boa. Ótima localização, com ambientes super agradáveis. Adorei esse conceito de vila, com arborização, canto dos pássaros. Amei o conjunto da obra. Sensacional.",10,2024-10-26 14:23:28+00,1
Incrível,10,2024-10-26 16:58:28+00,1
Tio forte,10,2024-10-26 17:46:34+00,1
"Local limpo e estruturado mas falta treinamento aos funcionários. Fomos confrontados por um no restaurante na frente dos nossos filhos sobre o quarto informado no consumo de bebida,   quando o sistema próprio deles não mudou ainda nossos nomes e fomos tratados como se quiséssemos obter vantagens ou estivesse mentindo,  foi humilhante a forma que fomos cobrados injustamente,  tirando isso o local é bom mas não sei se voltaria novamente",8,2024-10-26 22:33:22+00,1
"Excelente atendimento! Principalmente a toda equipe de eventos! Cordialidade e muita boa vontade em atender, o pedido de casamento foi tudo como planejado o almoço com os convidados e alguns que foram decidiram se hospedar e com o atendimento bom assim no pedido de casamento aumentam muito as chances de realizar o casamento no Wish.",10,2024-10-28 00:00:00+00,1
"Realizamos evento onde bloqueamos todas as acomodações do hotel e tivemos uma experiência do inicio ao fim, sendo desde a  negociação a entrega. 
Colaboradores prestativos, alimentação impecável, quartos com ótima estrutura. 
Check inn com agilidade.
Não tivemos nada que abonasse nossa evento e todos nossos hospedes se sentiram únicos.",10,2024-10-28 00:00:00+00,1
 Excelente hotel,10,2024-10-28 14:41:59+00,1
"Ótimo Atendimento! Funcionários Alegres, contagiante !!!!",10,2024-10-28 15:20:50+00,1
"Péssima, serviço ruim e preço absurdo, copo de suco de caixinha 16 reais, caipirinha de pinga 40 reais",2,2024-10-28 16:09:11+00,-1
ATENDIMENTO ESPETACULAR E A GASTRONOMIA..HUUUUUUUUUUUUUUUUUUMMMMMMMMMMMMMMMM JA ESTOU COM SAUDADES DO WISH.,10,2024-10-28 16:09:24+00,1
"Recomendo levarem água, pois só vendem aquela pequena e no valor de R$ 9,00.
É um absurdo ter água só daquela pequena de 300ml.",8,2024-10-28 16:44:44+00,1
"Maravilhoso,lugar lindo",10,2024-10-28 17:56:17+00,1
 Los.jardines y la tranquilidad 😌 💕  La atención del personal,6,2024-10-29 00:26:59+00,0
Ótima,10,2024-10-29 01:20:38+00,1
 Hotel incrível. Quartos confortáveis. Boa academia e café da manhã.,9,2024-10-29 12:15:05+00,1
"PARABENS!
GOSTEI!!
LIMPEZA E RESPEITO AO VISITANTE",10,2024-10-29 16:41:48+00,1
" Impecable, inmensa…  Nada",10,2024-10-29 19:55:32+00,1
"Muito bom o entretenimento, lugar confortável, atendentes dispostos e educados. Com certeza voltarei!",10,2024-10-30 13:35:40+00,1
"Minha estadia foi incrível. Nada a reclamar. Apenas uma sugestão, na hora do check in,se puderem por gentileza nos avisar sobre os quartos que ficam no 2 piso,para que possamos ter a opção de troca, pois viagem com minha mãe +60 que quase não queria sair mto por conta das escadas. Se eu soubesse disso no momento da chegada, teria como solicitar a troca.
Tirando isso,o hotel é impecável em tudo.",10,2024-10-30 14:11:43+00,1
"Bom dia!
Atendimento impecável do check in ao check out, infraestrutura e gastronomia simplesmente impecáveis, a  segurança do hotel é um ponto importante a ser elencado, colaboradores sempre sorrindo e prestativos, fica aqui o meu destaque as colaboradoras Andressa Ayala e Emília, minha família e eu  nos sentimos acolhidos, muito em breve retornaremos.",10,2024-10-30 14:25:26+00,1
"Desde a recepção aos serviços gerais o Wish Foz nos surpreendeu. Café da Manhã e jantar impecáveis, funcionários e estrutura maravilhosa. Piscina, academia, jacuzzis com excelente manutenção. Localização próximas dos principais pontos turísticos.",10,2024-10-31 00:00:00+00,1
"Hotel muito acolhedor e as pessoas com muita simpatia e receptividade.
Parabéns !!!",10,2024-10-31 14:11:57+00,1
"Lugar maravilhoso, com meio ambiente preservado, quarto excelente com serviço muito bom, ótimo café da manhã e áreas comuns muito bem cuidadas.
Recomendo este hotel com certeza!",10,2024-10-31 15:34:48+00,1
"O Hotel é maravilhoso, com certeza me hospedaria novamente !!!",10,2024-10-31 16:50:47+00,1
"Limpeza excelente, funcionários super prestativos, comida deliciosa, camas super confortáveis, fácil acesso, piscina maravilhosa, quartos super limpos, programa super bem apresentado, a proposta foi com custo benefício maravolhoso",10,2024-11-02 00:00:00+00,1
Como sempre tudo ótimo! Recomendamos demais a experiência com a família.,10,2024-11-02 01:43:04+00,1
"Delicioso hotel, super agradável e muito bom.",10,2024-11-02 16:32:08+00,1
Muito bom resort.,10,2024-11-02 17:37:37+00,1
"Excelente estada! Ótima opção para famílias. O kids club é maravilhoso. Tia Suco, Tia Jujuba, Tia Xuxu, Tio Forte, Tio Frango e o Tio Careca são muito cuidadosos e as crianças amaram. Destaque para funcionaria Izaura, simpática e gentil. Tudo perfeito!",10,2024-11-03 00:00:00+00,1
"Lugar lindo, tudo maravilhoso 🤩",10,2024-11-03 01:17:09+00,1
 O café era maravilhoso e a equipe da recreação muito boa,10,2024-11-03 13:48:11+00,1
" CAFÉ DA MANHÃ EXCELENTE!!  ILUMINAÇÃO DO QUARTO PODERIA SER MELHOR.
A BANCADA DA PIA, PARA SE MAQUIAR, TEM UMA ILUMINAÇÃO PÉSSIMA!! TERIA QUE TER UMA LUZ FRONTAL.",9,2024-11-04 12:55:02+00,1
" A estrutura arquitetônica do local é muito bonita.  Apesar da beleza, o local é muito mal administrado. A limpeza das piscinas deixa muito a desejar. Os itens do café da manhã parecem ser do dia anterior, embora tenha bastante variedade, não são saborosos. Pedi dois drinks no bar, ambos foram muito mal feitos, totalmente amador para um valor bem alto. Em suma, o hotel não deveria ser considerado três estrelas e, para um Resort, tem a maior parte de suas atrações em manutenção, não há programação para um adulto, se a pessoa não gostar de golf.",6,2024-11-04 15:08:59+00,0
Local muito agradável.,10,2024-11-05 01:10:39+00,1
"Minha experiência no hotel foi maravilhosa. Todos os funcionários muito educados e solícitos. Destaque para a concierge Daiane (Guest Exclusive) que foi muito educada e prestativa e prestou todas as informações necessárias para que nossa estadia ocorresse de maneira mais satisfatória possível. A estrutura do hotel também é incrível. Espaçoso e muito bem cuidado. Como ponto de melhoria destacaria o buffet de almoço. Em que pese ter muitas opções as comidas não são tão saborosas. É visível que os ingredientes são de qualidade, mas os pratos são poucos temperados.",10,2024-11-05 11:30:02+00,1
" Lage, gepflegtes Areal  Badezimmer zu klein, Armaturen zu alt",9,2024-11-05 14:20:50+00,1
"Local é muito bom. Quartos são confortáveis.
Muito verde em volta e Café da manha ótimo.
Fica perto das Cataratas.",10,2024-11-05 23:59:16+00,1
" Regime de meia pensão excepcional, opção de escolha entre jantar e almoço ajuda muito na conciliação com os passeios.  Tudo ok.",10,2024-11-06 10:54:22+00,1
"Excelente acomodação, infra, espaço e atendimento dos funcionários muito educados e prestativos. 
Café da manhã maravilhoso e super recomendo
Tudo funcionando perfeitamente. Fizemos uma reclamação e foi atendida na hora. Parabéns!!!!",10,2024-11-07 00:00:00+00,1
"Gostaria de agradecer a atenção do Miler pelo atendimento a apresentação do seu produto, sem dúvidas retornaremos mais vezes ao resort pelo atendimento e acolhimento, o resort dispõe de muito lazer para toda sua família, um ótimo ambiente para aproveitar.",10,2024-11-08 00:00:00+00,1
"Atendimento excelente! Pessoas com atendimento capacitado e individualizado, indicados pelo Miller com sua perfeita explicação. Com certeza estamos curiosos em conhecer o os outros resort wish! …………………………………………………………………………………..",10,2024-11-08 00:00:00+00,1
" Quarto espaçoso, comida excelente, boa infraestrutura  Acho um excelente custo beneficio. Quando eu fui choveu, e dai, por ser um hotel aberto e grande, acaba tendo um contratempo (mas buscam no quarto com carro se precisar). E acho que é mais focado em crianças maiores (meu filho tem dois anos), pois não tem piscina aquecida ou atividade para crianças com menos de 5 anos",10,2024-11-08 11:31:27+00,1
Wagner e Shirley muito atenciosos no atendimento! Educados e solicitos. Adoramos o atendimento e explanação. Os hotéis da rede são maravilhosos e nos convidam a uma experiência ímpar. Estamos adorando nossa passagem aqui no Wish Foz do Iguaçu. Obrigada a todos os envolvidos.,10,2024-11-09 00:00:00+00,1
"Hotel muito calmo, um bom atendimento, ótimo quarto, cama e travesseiros muito bons, fomos muito bem atendidos pelo Wagner, liliane e Mateus. Foz é um ótimo passeio pra passar um final de semana com família e amigos, e ainda tem o Paraguai pra gastar o dinheiro.",10,2024-11-09 00:00:00+00,1
"a experiência com o hotel e com oa funcionários tem sido incrível, foi a minha primeira vez e pretendo voltar. Café da manhã muito bom, a atenção que os funcionários nos dão é excelente, não tenho do que reclamar. Espero poder voltar mais vezes!",10,2024-11-09 00:00:00+00,1
"Maravilhoso!!!Amo o grupo Wish 2 vez que venho Wish Resort em Foz de Iguaçu e ja fui em Natal Wish maravilhoso, serviços de excelência, hotel maravilhoso, em 2022 vim e comentei das opções nas refeições, agora em 2024 achei maravilhoso café da manhã ,almoço ou  jantar com um requinte ,deliciosas refeições e muitas  opções, mas achei o valor alto ,amei a recreação para as crianças e até adultos ,tudo impecável, todos monitores foram maravilhosos, participei do bingo e até ganhei rsrs ,massagem no spa foi muito bom!, Faço parte do exclusive Guest, e já renovei meu contrato e sempre recomendo para amigos e familiares!
Amooooo! Minhas férias sempre minha família ficam super  felizes e o acolhimento é maravilhoso para mim e minha família! Gratidão Wish Foz do Iguaçu com certeza voltarei com minha família,
Se permitirem só uma sugestão tuve um acidente no Resort, cai de bicicleta e machuquei o braço, poderia ter um médico para essas urgências ,tenho convênio médico mas não aceitam nos hospitais em Foz do Iguaçu, tive que correr na Upa mas não tinha ortopedista, eu mesma comorei uma tipoia e coloquei no braço, mas fui medicada .
Amo ir nas Cataratas do Iguaçu,lugar maravilhoso, que Natureza linda! Também gosto de fazer compras no Paraguai e passear na Argentina e o melhor se hospedar no Wish Resort Foz do Iguaçu, mas poderiam melhorar em questão de valores  que achei que subiu muito o valor 🙏🫶",10,2024-11-09 04:22:46+00,1
"Fazemos eventos neste Hotel a muitos anos , e a cada ano nos surpreendemos mais com o atendimento impecável de toda equipe Wish Foz.
A estrutura sempre muito bem cuidada.
Assim como o cuidado com os hospedes sempre muito atenciosos e gentis.",10,2024-11-11 00:00:00+00,1
"Eu escolhi passar o meu aniversário no Hotel Wish de Foz e foi a melhor escolha que eu poderia ter feito! A equipe do hotel é maravilhosa e muito educada, é nítido o empenho da gestão e o respaldo de uma equipe com bons gestores. Um grande abraço e destaque para o Kenjy, que além de indicar os melhores passeios e resolver todos as nossas necessidades; foi um exemplo de ser humano a todo o momento.",10,2024-11-11 00:00:00+00,1
"Tudo maravilhoso , atendimento excelente, local espetacular estamos amando . Local amplo com muita natureza. Quarto muito organizado e limpo . Atendimento do Muller e da Shirley com muito profissionalismo muito bem explicado e super receptivos",10,2024-11-11 00:00:00+00,1
"Adoramos a estadia, os funcionários educados, solícitos, a recreação nota 10, limpeza, ótima comida. Com certeza retornaremos, somente a acessibilidade em relação das casas ao restaurante e piscina deixou a desejar mais nada que não possa ser melhorado.",10,2024-11-11 11:00:26+00,1
" Hotel incrível, comida maravilhosa e funcionários atenciosos. Voltaremos mais vezes, com certeza!",10,2024-11-11 13:40:29+00,1
Decepcionante para estadia com eventos de sucesso. Fui ao show da banda Irã e Capital Inicial.  Mesmo cardápio (mediano) nos 3 dias. Me entregaram quarto sem limpeza. trocaram por outro mais distante. Nao estao preparados para capacidade total.,4,2024-11-11 15:21:08+00,-1
"Experiência incrível!
Quartos amplos e aconchegantes!",10,2024-11-11 16:23:18+00,1
Maravilhosa,10,2024-11-11 16:57:11+00,1
"A distância dos quartos para a recepção fica longe, dificuldade com Táxi e Uber, devido a localização do Hotel para o centro.",6,2024-11-11 17:25:34+00,0
" Café da manhã bem completo e variado. Cama confortável, chuveiro do quarto bom. Localização boa - apesar de ser no meio da estrada, fica próxima a shopping, e no meio do caminho tanto para o parque das cataratas quanto pro centro da cidade.  Roupa de cama manchada e furada, box vazava água e molhava o banheiro, garçons da piscina mal treinados (não sabiam responder a perguntas básicas sobre o cardápio), restaurante de especialidades com serviço ruim (fiquei 10 minutos sentado sem o garçom vir nem dar boa noite - detalhe: só havia uma mesa com 6 pessoas no momento), não contabilizaram os gastos do minibar no final - eu que tive que avisar o que havia consumido. Na sauna, as duchas estavam sem água fria funcionando. Havia ganhado um voucher de massagem no spa do hotel e quando fui utiliza-lo, a proprietária disse quase como se estivesse me fazendo um favor que ela iria honrar o voucher mas que ela estava acabando de assumir o estabelecimento. Isso é uma questão administrativa do atual proprietário com o antigo… eu que era hóspede jamais deveria ser envolvido nisso, sendo que o voucher foi comercializado pelo hotel. Enfim… não voltaria a me hospedar.",2,2024-11-12 00:15:06+00,-1
"A recepção não foi muito simpática, tudo muito automático! Quarto muito aconchegante, varanda com mesinha pra lado da matinha, muito gostoso! Achei as amenities meio fracas pela categoria do hotel. A limpeza e manutenção das ruas, gramado, tudo muito bem cuidado! A piscina uma delícia, mas achei as bordas da piscina com aspecto encardido, não sei se é a cor mesmo, e acho que podia ter uma iluminação na piscina pra quem gosta de nadar à noite, que é o meu caso, fica muito escuro! Funcionários muito atenciosos, café da manhã delicioso, bastante variado! E mesmo com ocupação grande tinha lugar pra todos, sem filas, muito bom! o caminho de entrada iluminado fica lindíssimo! No geral, foi muito bom!",10,2024-11-12 17:23:05+00,1
"O mobiliário e a iluminação do quarto está um pouco antiquado
O quarto fica no terreo e por isso a janela deveria estar mais protegida para não se ver para o seu interior",10,2024-11-12 17:38:16+00,1
 Las instalaciones generales del hotel y su ubicación son excelentes  No tengo nada malo para decir del hotel,10,2024-11-12 19:30:48+00,1
"Hotel amplo e tranquilo, ambiente familiar. Voltarei com família e amigos",10,2024-11-12 20:26:20+00,1
"Tuve una experiencia excepcional en el resort Wish de Foz de Iguazú. Desde mi llegada, el servicio fue impecable y los profesionales se destacaron en todos los ámbitos. La bienvenida fue cálida, la atención a la habitación fue excelente y recibí una orientación completa para conocer todas las instalaciones del resort.

Me encantó la diversidad de atractivos deportivos y la belleza natural que rodea el lugar. La sensación de paz que se respira es inimaginable, y los espacios para refrescarme son muy cómodos. Sin duda, recomiendo este resort a quienes buscan una escapada inolvidable.",10,2024-11-13 02:01:23+00,1
"Très joli hôtel, le petit déjeuner est varié, par contre repas du soir est très simple. En ce qui concerne la suite , chambre simple",8,2024-11-13 13:57:20+00,1
Lugar maravilindo tudo de bom super recomendo,10,2024-11-15 11:25:32+00,1
"excepcional, muito bom",8,2024-11-15 12:20:24+00,1
Ótima,10,2024-11-15 12:40:53+00,1
"Tive uma estadia excelente! O atendimento foi super cordial e eficiente desde o início. O quarto muito confortável, limpo e bem equipado, oferecendo tudo o que eu precisava para uma boa noite de descanso. O café da manhã é delicioso e variado. Um destaque especial para a piscina, que é maravilhosa – perfeita para relaxar 
Com certeza voltarei e recomendo a hospedagem!",10,2024-11-16 00:00:00+00,1
 Excelente!!!  Gostei de tudo,10,2024-11-16 20:09:33+00,1
"Adorei a aula de drinks com o Barman Marcelo. Drinks deliciosos, atenção, eficiência e simpatia. Nota 10.
Nota 10 também para o Chan da recreação,  uma simpatia, ontem no karaoke  e hoje na aula de Drinks.",10,2024-11-17 00:28:00+00,1
"Muy recomendable. La atención, servicios y la experiencia en general es 10 puntos. Nada en lo q mejorar .",10,2024-11-17 01:24:50+00,1
"El hotel es fantástico y la gente súper amable! La comida es deliciosa, el lugar es increíble, rodeado de selva, con instalaciones en perfecto estado y la animación, un 10!!",10,2024-11-17 01:43:29+00,1
"Tudo muito bem cuidado e limpo. Piscina muito boa.
Todo time de serviço e recreação muito atencioso e simpáticos.",10,2024-11-17 01:45:39+00,1
Un hotel bueno en general la gente de recepción muy amable y habitaciones con buen espacio si te vas a hospedar aquí te en cuenta que está retirado del centro pero muy cerca de las cataratas de lado brasileño y muy cerca del aeropuerto por ese lado es buena opción,10,2024-11-17 11:48:46+00,1
Tio Forti brabo!,10,2024-11-17 17:18:19+00,1
"Sempre que vamos à Foz, nos hospedamos no Wish. O hotel é completo, quartos limpos e confortáveis, espaço comum de altíssimo padrão e uma integração com a natureza que traz tranquilidade e paz. A equipe do hotel sempre cordial, restaurante com um ótimo café da manhã, almoço e jantar.",10,2024-11-18 00:00:00+00,1
" Gostamos de tudo, é tudo muitoooooo maravilhoso. 
Localização ótima, casa ótima, piscinas ótimas...",10,2024-11-18 00:36:40+00,1
"Las habitaciones carecen de aislamiento de sonido para la cálidad esperada y el precio.
Nos despertó cada persona que paso hablando, los handy de los vigiladores, las sillas de otros cuartos.
En la zona de la pileta de natación, la música impide conversar, o descansar.
Fallan detalles de limpieza en alrededores de la pileta.",6,2024-11-18 12:49:17+00,0
"Maravillosa experiencia, conocimos al mejor mago de Sudamérica Forte, muchas gracias por todo!",10,2024-11-18 17:34:09+00,1
 DA LOCALIZAÇÃO; DO ATENDIMENTO; DA LIMPEZA  O BOX DO BANHEIRO PRECISA SER FECHADO. MOLHA TODO O AMBIENTE,9,2024-11-18 18:57:42+00,1
"Péssimo atendimento 

Entrei na página do hotel e vi que havia atendimento por whatsapp, cliquei no link para efetuar uma cotação de hospedagem com sala de eventos. Ao interagir no WhatsApp pediram e informaram o telefone da Central de Atendimento, liguei na Central, que novamente informou outro número, para eu ligar diretamente no hotel. Ao ligar no hotel disseram que cotação é só por e-mail, ao explicar todo o caminho que eu havia percorrido, simplesmente ignoraram o que eu disse e mandaram enviar email novamente.
Se esse é o padrão de atendimento deles não imagino o restante",2,2024-11-19 00:00:00+00,-1
"Hotel muito bonito e bem estruturado. Tivemos um check-in muito bom, desde experiência do cliente no tratamento, como também check-in antecipado.
Serviço bom, exceção a experiência de apresentação de clube de férias. 
Quartos, limpos, ar condicionado funcionando bem, espaçosos, cama confortavel e chuveiro ótimo.
Área da piscina boa com toalhas limpas e cheirosas a disposição. 
Eu e meu esposo pegamos meia pensão, café da manhã e jantar. Serviços bons, a variedade de alimentos varia um pouco durante, ou seja, finais de semana o jantar e café da manhã são um pouco superiores que durante a semana comparado com o final de semana. 
De qualquer forma há bastante diversidade de alimentos e de boa qualidade. Comida realmente boa, se você não tem intenção de se deslocar todos os dias até o centro, é uma excelente opção. O pessoal do restaurante é muito educado e prestativo. 

Serviços de restaurante na piscina, também são super bons. Porções bem gostosas, recomendo!
A área de lazer e espaço para jogar nas quadras e caminhar também são ótimos. 
Tem espaço para crianças e também recreação, gostamos muito do pessoal da recreação que faz atividades interativas para crianças e adultos, exemplo bingo. 

Fizemos também uma sessão de fotos com a Viva, que fica dentro do hotel, quem conduziu o nosso ensaio foi o Douglas. O que foi ótimo, pois conseguiu gerar um ambiente descontraído e divertido, com excelentes fotos!
Experiência geral do hotel muito boa, recomendo e com certeza voltaremos em uma ocasião futura.",8,2024-11-19 00:00:00+00,1
Chan excelente atención!! Nos divertimos aula de trago...,10,2024-11-19 01:00:36+00,1
 Restaurante muito bom. Comida saborosa. Hotel calmo. Contato com a natureza.  Em.caso de chuva pode haver dificuldade de deslocamento p restaurante..,10,2024-11-19 01:23:06+00,1
Indico pois é maravilhoso,10,2024-11-19 14:36:54+00,1
Estou gostando. Um paraíso.,8,2024-11-19 18:11:26+00,1
Muito bom!!! Recomendo ..,8,2024-11-19 18:43:20+00,1
" La tranquilidad del lugar,las habitaciones y el servicio.  No tengo quejas.",10,2024-11-20 00:20:10+00,1
 Quarto confortável e um ótimo café da manhã  Piscina principal pequena,8,2024-11-20 00:38:18+00,1
"Excelente la atención y muy buena onda,Marcelo el máster Bartender.....y Chan con su alegría y coordinación......bárbaros",10,2024-11-20 11:49:52+00,1
"Hotel maravilhoso,desde, serviços , quartos, piscinas, staff, pequenos almoços.
Estou adorar este hotel , próximo (sempre de carro) cataratas de aguaçu , Paraguai e Argentina, recomendo.",10,2024-11-20 18:59:11+00,1
" Quarto triplo espaçoso. Cama ótima. Lençóis muito bons. Café da manhã delicioso. Equipe atenciosa.  Piscina muito suja… as bordas com muito limo e gordura. Preços das comidas e bebidas exorbitantes. Ficam te chamando no WhatsApp pra vender cotas e insistindo mesmo após dizer não, é chato. Toalhas de banho ásperas.",8,2024-11-21 09:46:35+00,1
Hotel tranquilo. Contato com a natureza. Comida muito boa.,10,2024-11-21 11:55:57+00,1
"Solo female traveller.  Clean, well laid out.  I was in house 10, which is made to 4 rooms, all en suite.  Mine was double room. Bed beautifully comfy. Linen and towels changed every day. Gymn well-equipped.

Downside  as I am in 60s I would have liked a welcome book in reception. Everything seems to be qr which I found difficult to navigate. Waiting staff friendly and helpful. My English electrics wouldn't work and seemed to be 2 different volt electric points in room.

Only 2 criticisms are lack of english-speaking TV ( only CNN and occasional movie)..but most of all no tea/coffee facilities in room, which most Europeans expect. Only here 3 nights so that is it remote was not really a ptoblrm. Altho i had no  vehicle , my guide was happy to take me out with his family (! Big up to Rodruigo and Rainbow tours).

No.evening music( personally I would've enjoyed something to do.in hotel.at night)

Wonderfully peaceful hotel..
Great place to wind down for onward bustle of Rio",8,2024-11-21 15:56:30+00,1
"Poderiam rever essa parte do concierge em ficar insistindo em oferecer pacotes, oferecer benefícios para uma apresentação de 45 min, onde estamos em um hotel para relaxar e não temos interesses nesses pacotes, mas sei que virou rotinas em todos os hotéis, mas poderiam rever isso. No mais o hotel é maravilhoso, a piscina como falei lajotas pontiagudas perigosa para crianças se machucarem.",10,2024-11-22 15:32:51+00,1
"Adoramos passar dias de nossas férias em família. Ótimo atendimento. Logo na chegada recebemos cortesia de ensaio fotográfico da Viva Arte em Fotografia com 2 fotos gratuitas. As fotos no resort ficaram excelentes, equipe super atenciosa e preparada, nosso pequeno amou! Obrigada!",10,2024-11-23 00:00:00+00,1
Incrível! Muito agradável,10,2024-11-23 10:56:31+00,1
"Buen Resort, pero al ser internacional tendrían que tener personal que hable otro idioma , no solo portugués. El español lo pasan de largo los recepcionistas y mozos.",6,2024-11-23 21:17:49+00,0
"Funcionários muito prestativos, quarto espaçoso, cama e travesseiros bons! Restaurante possui um buffet bem completo e saboroso com variedade todos os dias entre uma refeição e outra. 
Áreas de lazer bem completas e para todos os gostos (golfe, academia, quadras de tênis e poliesportiva, piscina, jacuzzi, spa e recreação para crianças). 
Foi uma ótima estadia!",10,2024-11-24 00:00:00+00,1
" Tudo excelente, desde comida até atendimento",10,2024-11-25 02:00:56+00,1
Bingo Wish show com tio Guga e tia Formiga!!! 👏🏻,10,2024-11-25 11:28:44+00,1
Muito boa! Recomendo tudo.,10,2024-11-25 12:42:18+00,1
"Fantástico, amamos a nossa estadia no Wish Foz.
Tudo perfeito e inesquecível.
Nosso filho adorou as atividades e os monitores.",10,2024-11-26 13:17:02+00,1
"In general, a very nice and pleasant stay in this hotel. Only reason this review is not a 5-star is because the facilities are sometimes a bit aged, but above all, the WiFi is terribly slow and intermittent. That made my life difficult while trying to work from here.",8,2024-11-26 13:34:16+00,1
 Todo. El hotel es increíble. la comida y las instalaciones un 10!,10,2024-11-27 10:37:30+00,1
" Espectacular. Volvería sin ningún tipo de duda. Realmente maravilloso y encima a un paso de las cataratas del iguazu del lado brasilero. 
El desayuno excelente, el personal agradable, el buffet en la noche extraordinario. Todo muy bien cuidado, impecable. Excelente",10,2024-11-27 12:18:10+00,1
"Quarto limpo, serviço do restaurante super eficiente . Gostei muito das piscinas e jacuzzis entre os quartos . Serviço de transporte com carrinho de golfe funciona super bem, o que facilita caso o quarto fique longe da recepção e restaurante . Recreação fraca e área Kids precisa de revitalização . O hotel é longe dos pontos turísticos.",8,2024-11-28 00:00:00+00,1
"Estive com meu pai no Wish Foz do Iguaçu em novembro e posso dizer que nossa experiência foi excelente! 
O resort é inspirado nas vilas americanas e tudo tem muita qualidade. A estrutura é enorme e conta com diversas piscinas, jacuzzis, lago para pesca.
Nossa suíte era super espaçosa , com 2 camas kings super confortáveis.
Destaque para a área de golfe que é sensacional. Fizemos uma aula com o Miguel que nos apresentou o esporte e nós adoramos. Foi minha primeira vez nesse esporte já quero começar a praticar mais vezes.
Recomendo!",10,2024-11-29 00:00:00+00,1
Nota 1.000,10,2024-11-29 17:36:09+00,1
 Todo! Es increíble...super recomendable!!! Vamos a volver!!!,10,2024-12-02 11:01:00+00,1
"lugar incrivelmente lindo,
muito paisagismo e contato com a natureza.
equipe bem treinada e educados,
adorei a hospedagem e certamente irei voltar.",10,2024-12-02 18:01:40+00,1
"La mayoría de la atención muy buena, menos un mozo medio rancio, a la noche sentis realmente estar en medio de la selva. A pesar de que no había mucha variedad en pescados la carne estaba muy rica.
Muy recomendable si queres privacidad, jugar al golf y conectar con la naturaleza",8,2024-12-02 21:00:09+00,1
Muchas gracias por la excelente atención de Tío Chan y Marcelo. Nos hermos divertido muchísimo 😁. Pasamos una noche increíble con la familia.,10,2024-12-03 01:10:14+00,1
"Excelente atención, muy amables todo el personal. Gracias Tío Chan y Marcelo por brindarnos la posibilidad de divertimos y pasar un momento agradable con la familia.",10,2024-12-03 01:15:55+00,1
 Excelente estrutura. Perto das cataratas e do parque das aves. Cafe da manhã excepcional.  Quartos limpos e confortáveis.  Funcionários prestativos  Nada,10,2024-12-03 01:31:05+00,1
Super!,10,2024-12-04 02:21:56+00,1
" Espaço amplo. Muito conforto.  Pia entupida, vazamento água do box.",9,2024-12-06 22:56:49+00,1
" la ubicacion y naturaleza es muy bonita. Las instalaciones estan bien, pero han decaido en comparacion con 5 años atras. Se nota que han recortado costos, y asi tambien se ve en las comidas.  faltan mas actividades  como arbolada, tirolesa, pesca. Todo esto, estaba años atras. Y ahora se ve como han recortado los costos, incluso en el kinder. Personal muy atento, pero podria ser mejor",7,2024-12-07 11:33:34+00,0
"Resort muy amplio y espacioso, con campo de golf, en forma de urbanización y con pistas  de tenis, pequeño lago, gran piscina.
El restaurante tipo buffet no es que sea muy acogedor, es un gran comedor con poca gracia, pero el buffet es bastante abundante. Tienen también un pequeño restaurante grill con muy buena carne en el que cenamos muy bien.
Las habitaciones se nota que tienen años. La familiar con 2 camas de matrimonio es muy amplia, en cambio la estándar con una cama nos pareció bastante pequeña para ser un resort. Pero en conjunto es un resort que está muy bien, con una gran sensación de amplitud, y está a apenas 15 minutos en coche de las cataratas (lado Brasil).
Y el servicio muy amable.
También recomendable el servicio de masaje, dentro de las instalaciones del hotel.",8,2024-12-09 00:00:00+00,1
 Privacidade e conforto  Apareceram algumas baratas devido proximidade com a natureza,10,2024-12-09 00:31:01+00,1
"Amo essa rede de hotéis e indico muito!
Parabéns toda equipe do resort, todos muito atenciosos e prontos para nos dar o melhor atendimento.",10,2024-12-09 12:39:01+00,1
 Las tres cosas alcanzan un muy buen standar,9,2024-12-09 12:50:11+00,1
"criamos uma expectativa com a hospedagem e ficamos frustrados, no checkin, fomos direcionados a casa aonde iamos nos hospedar sem qualquer apoio, abaixo de uma chuva torrencial, sem guarda chuvas, e bem distante do local em que estacionamos a camionete, além de não termos ajuda com a malas, e precisamo subir para o segundo piso, pegando chuva e com crianças, tendo que subir diversas vezes ás escadas, sem ajuda de ninguém. Ficamos um dia apenas, com duas crianças, e nesse dia choveu muito, e não havia atividades para fazer com chuva, não existe piscina térmica, cinema ou algo assim",4,2024-12-09 18:14:59+00,-1
" Tivemos problemas no check in, pedi um cafézinho e não recebi, dai reclamei, me disseram que eu poderia com facilidade tomar no quarto, porém, quando la cheguei nao tinha cafeteira, precisava pedir serviço de quarto. No dia que nos hospedamos, estava chovendo, não nos ajudaram com as malas, nem foi fornecido guarda chuvas, e ainda era no segundo andar, precisamos descarregar nossas malas abaixo de chuva, distante do local e subir escadas. Nossas filhas ficaram sem ter o que fazer, ao que parece as atividades propostas atrativas so podem ser aproveitadas com tempo bom, não há piscina térmica no local. No nosso banheiro tinha uma lagarticha, e faltava toalhas quando chegamos.  Poucos funcionarios, não tivemos ajuda com as malas, tempo de muita chuva e não tinhamos guarda-chuvas, estavamos em quatro e so tinha um guarda chuva no quarto. A cama era ruim.",4,2024-12-09 18:24:47+00,-1
"Hotel simplesmente espetacular em todos os quesitos ! Acomodações, culinária , cordialidade de todos os funcionários , serviço e limpeza dos quartos impecáveis e uma menção especial a turma da recreação. Tenho uma filha de 6 anos . o carinho e cuidado de todos monitores (sem exceção) é de se ressaltar como ponto alto. Recomendo a todos , principalmente aos que tem filhos e viajam em família.",10,2024-12-10 00:00:00+00,1
"Atendimento é um dos pontos mais alto do hotel. Quartos amplos  e confortáveis. Limpeza impecável. 
A comida é um capítulo a parte, o hotel supera todas as expectativas. 
As piscinas estão sempre limpas e tem as das casas que são maravilhosas.",10,2024-12-11 00:00:00+00,1
" Camas grandes e confortáveis . Tamanho do quarto .  Internet pessima , pouca tomada no quarto , funcionários não sabem passar informações precisas , pagamos um valor alto no Buffet para comer por 30 minutos e não avisaram o horário do encerramento . Um resort em plena férias encerrar um jantar às 22:00 hrs . Um absurdo . 

Perguntamos horário do café da manhã e passaram informação errada .",6,2024-12-11 00:00:27+00,0
Foi maravilhoso lugar incrível ambiente agradável,10,2024-12-11 00:25:34+00,1
 Las cena y desayuno fueron geniales !!  La habitación matrimonial tenías dos camas juntas que se iban separando quedando un espacio en el medio!! El personal muy desagradable,8,2024-12-12 01:20:40+00,1
"hotel aconchegante ,funcionários prestativos e educados. Restaurante limpo e organizado.Com certeza voltaríamos!!",10,2024-12-12 11:05:20+00,1
 El nivel de atención  Todo excelente,10,2024-12-14 12:10:09+00,1
"La atención exelente sobre todo de Julie que nos atendió de maravilla, muy agradable, y educada lo que hacía que buscaramos que mesas tenía asignadas cada noche para que ella nos atienda",10,2024-12-14 16:33:25+00,1
" O bar na recepção, além da demora por duas vezes no serviram um pastel horrível  De todo o restante",9,2024-12-15 15:26:47+00,1
"Eu amei conhecer o Wish! Lugar lindo, acolhedor, cheio de energia boa. O atendimento fez toda a diferença para nos sentirmos em casa e a vontade! Parabéns a todos pela excelência no atendimento e prestação de serviço. Espero voltar em breve para uma nova experiência com vocês.",10,2024-12-16 00:00:00+00,1
"Serviço excelente, atenção ímpar. Equipe maravilhosa. Foram super atenciosos do começo ao fim. Tivemos um dia incrível de confraternização, num lugar paradisíaco. Obrigada Kenji e Dieily por todo o cuidado e carinho em cada detalhe. Amamos.",10,2024-12-16 00:00:00+00,1
"Uma excelente opção para quem quer descansar pois o hotel é bem integrado com a natureza e com piscinas por blocos de apartamentos.
O por do sol é algo espetacular.
Café da manhã excelente e conta também com restaurantes de comida japonesa e um bistrô sensacional.",10,2024-12-16 00:00:00+00,1
"Fizemos um evento e desde o primeiro atendimento até a entrega, foi impecável! Toda a equipe muito simpática e a Diely sempre apostos para resolver tudo.
Um grande adendo aos garçons do dia também! Muito prestativos!     
Com certeza faremos muitos outros eventos e indicamos de olhos fechados.",10,2024-12-16 00:00:00+00,1
"O hotel é incrível! Estrutura fantástica! Mas, o destaque, com certeza, é a equipe! O atendimento do Wish Foz do Iguaçu se destaca pela gentileza e profissionalismo! É um local em que podemos ver o amor de cada funcionário pelo seu trabalho!",10,2024-12-16 00:00:00+00,1
"A equipe de eventos é sensacional, todos muito educados e solícitos, o espaço atende bem a diversos formatos de eventos e públicos. 

A estrutura do hotel também é ótima, bonito e bem cuidado, perfeito para quem quer contato com a natura e conforto.",10,2024-12-16 00:00:00+00,1
"O hotel é maravilhoso, um luxo, estive em uma confraternização, e o ambiente é ótimo, o atendimento maravilhoso da parte dos garçons, e recepcionistas, todos muito prestativos e atenciosos. A comida também estava maravilhosa, a parte de eventos do hotel é ótima, para quem deseja fazer algum evento vale super a pena conferir.",10,2024-12-16 00:00:00+00,1
"Setor de eventos top demais. 
Nós atenderam com muito amor e carinho. Sem dúvida palavras pra descrever essa equipe. Dieily, Ana e Suellen super atenciosas. Disponibilizaram uma equipe excelente para nos atender o buffet estava excelente  cheio de variedade Top demais.",10,2024-12-16 00:00:00+00,1
"Fui atendido em uma visita técnica pela Dieily, muito prestativa e atenciosa.

Estrutura de eventos fantástica, com salas moduláveis, resort tipo condomínio.

Ótimo para família e eventos com área kids muito grande.

De maneira geral atende muito bem todos os perfis.",10,2024-12-16 00:00:00+00,1
"Ambiente aconchegante, conectado com a natureza . Restaurante com opções deliciosas, para vários paladares. Academia completa para quem quer malhar. Piscina com parte rasa, para ficar com as crianças . Especial para confraternizações de fim de ano.",10,2024-12-16 00:00:00+00,1
"Local atende muito bem, comida boa, banheiros limpos, meninas do setor de eventos, super atenciosas, simpáticas, solícitas, o hotel como um todo, os funcionários atendem muito bem.
Não fiquei no hotel hospedada, mas das próximas, um caso a ser pensado.",10,2024-12-16 00:00:00+00,1
"Estivemos no Wish Foz do Iguaçu para realizar um café da manhã especial com nossos melhores clientes, e só temos elogios! Desde o início, fomos muito bem recebidos pela equipe, mas gostaríamos de destacar o atendimento impecável da Dieily, que fez toda a diferença. Ela foi extremamente atenciosa, solucionou rapidamente todos os detalhes e nos proporcionou uma experiência tranquila e muito organizada.

O ambiente do hotel é impecável, com uma atmosfera acolhedora e elegante, ideal para eventos. A comida estava deliciosa, com uma variedade incrível que agradou a todos os presentes. Além disso, toda a equipe demonstrou um atendimento de alto nível, sempre cordial e disposta a ajudar.

Recomendamos o Wish não só como uma excelente opção de hospedagem, mas também como um espaço incrível para eventos. Com certeza voltaremos! Obrigado, Dieily e equipe, por tornarem nosso evento tão especial.",10,2024-12-16 00:00:00+00,1
 Conforto e privacidade.  Sabonete e shampoo.,10,2024-12-16 00:53:16+00,1
" Excelente infraestrutura!  Atendimento pode melhorar bastante, principalmente no bar do lobby, e a opção de cardápio e bebidas no único bar fechado do hotel é muito limitada.",8,2024-12-16 18:15:01+00,1
"Gostamos muito da aula de drinks com a Tia Formiga, tio Rio, Tio Chan, tio baiano e Marcelo",10,2024-12-17 00:50:44+00,1
"Tia Formiga, tio Rio, tio Chan e tio Baiano, Barman Marcelo. Aula e degustação de drinks!",10,2024-12-17 00:54:41+00,1
"Tia Formiga, tio Rio, tio Chan, tio Baiano e o Marcelo apresentaram uns drinks de uma forma descontraída
Muito bom",10,2024-12-17 00:57:11+00,1
"Super incrível, com tia formiga e equipe muito divertidos, e o barmen Marcelo com ótimas aulas!",10,2024-12-17 00:58:34+00,1
 Facilities and Food,10,2024-12-17 01:24:44+00,1
Conheci o tio forte o mágico nota 1000.,10,2024-12-17 13:52:10+00,1
Sensacional,10,2024-12-17 14:35:21+00,1
"Hicimos una actividad de mixologia con el barman Marcelo, demostrativa y participativa muy buena! Y una mención especial para la buena onda de tia formiga 👏🏼👏🏼",10,2024-12-18 01:24:00+00,1
" Excelentes instalaciones y servicio.  Los funcionarios solo hablan portugues, considerando que es un hotel 5 * fronterizo con Argentina y Paraguay y que recibe turistas de ambos países deberían mínimo hablar también español, además de inglés",8,2024-12-18 01:32:41+00,1
"Limpo e confortável, atendimento ótimo",10,2024-12-18 19:02:56+00,1
"Ótimo atendimento, comida maravilhosa, especial no setor de eventos são muito atenciosas e prestativas, muito boa a estrutura garçons muito preparados.
Hotel muito lindo, estrutura diferenciada e atendimento de qualidade, recomendo foi uma ótima experiência",10,2024-12-19 00:00:00+00,1
"Estive em uma visita técnica, o hotel impressiona sobre com a sua estrutura, beleza, acomodações e atrativos. 
Além de colaboradores extremamente receptivos, atenciosos e competentes. Valeu muito a pena a visita. Quero voltar mais vezes! Eu adorei!!",10,2024-12-19 00:00:00+00,1
 comida pessima  alimentação pessima,8,2024-12-19 08:45:29+00,1
"Uma delícia de hotel, com uma comida excelente e atendimento idem. Super recomendo.",10,2024-12-19 17:11:53+00,1
"Resort com uma estrutura completa, serviço eficaz, funcionários dedicados, educados e com extrema gentileza.
Programa de recreação infantil e adulto de ótima qualidade, com várias atividades de lazer com profissionais dedicados a entregar uma ótima experiência.
Restaurante entrega diversidade de comida e sobremesas, todas muito saborosas. Amamos a experiência!",10,2024-12-19 20:34:15+00,1
"O hotel tem uma ótima estrutura, mas de início nos chateou com suas abordagens em tentativas de vendas de cotas e não sei mais o quê. Por mais que você diga que não quer, eles continuam insistentemente enviando mensagens e oferecendo coisas. Isso é muito chato; viemos para sair um pouco da pressão do trabalho e do dia a dia, e aqui temos mais pressão ainda. Digo não para um, e outro começa a me mandar mensagem. Achei legal quando a pessoa me chamou perguntando se estava tudo bem com a estadia, mas aí, no final, vem o golpe: oferecem mil coisas para você ver uma apresentação de 45 minutos. Se buscarem ouvir os hóspedes, verão que vários estão cheios disso. Sobre as piscinas, é muito descaso: sujas, e a mesma sujeira permanece lá por três dias. É muito nojento, tanta sujeira que parece um rato morto. Chegou a cair a proteção do ralo, além de a água estar fria. Nas jacuzzis, a água estava muito suja; a única que estava quente tinha água suja. Lamentável.",4,2024-12-20 15:18:41+00,-1
" The place was great. It had lots of activities for kids and the room was clean. We had dinner here everyday and it was a fab, choices of different cuisines, it was delicious too.  The location isn't really that central.",9,2024-12-20 22:46:46+00,1
"Gostamos muito do Wish
Muito limpo, quartos confortáveis e muito bonito .
Optamos pela opção meia pensão, café da manhã e jantar ótimos!
Só sentimos falta de ajuda para levar as malas, nosso quarto ficava no alto do sobrado, paramos o carro meio longe e tivemos que subir as escadas com as malas.
De resto tudo maravilhoso ! Va sem medo e aproveite !",10,2024-12-21 03:18:24+00,1
 Spacious rooms and a sense of space and calm around the resort  Not a lot around so it is very much a resort stay,9,2024-12-21 09:42:39+00,1
 todo,10,2024-12-21 11:35:50+00,1
"Fizemos reserva no Wish de Foz por já conhecer de alguns anos o wish de gramado mas nossa experiência está sendo decepcionante ! Acontece que, viemos passar nosso Natal neste hotel (entramos no dia 18 e ficaremos até o dia 27/12) e fomos informados que nossa mesa será compartilhada com outras famílias que nunca vimos antes ! Tirando isso,  faltou água no hotel ! Não venham pois o hotel deixa muito a desejar !

We made a reservation at Wish de Foz as we have known Wish de Grama for a few years, but our experience has been disappointing! It turns out that we came to spend our Christmas at this hotel (we checked in on the 18th and will stay until the 27/12) and we were informed that our table will be shared with other families that we have never seen before! Apart from that, there was no water in the hotel! Don't come because the hotel leaves a lot to be desired!",2,2024-12-22 00:00:00+00,-1
" A estrutura geral do hotel muito boa. Cafe da manhã muito bom e o jantar tambem.
As acomodações por ser em formato de ""casa"" também é agradavel, porque não fica a sensação daqueles hoteis grandes, fica mais aconchegante como se tivesse em um condominio. A area verde é incrivel!!  No quarto que ficamos (907) o banheiro não era bom, não tinha box e sim cortina na area do chuveiro e a cortina ficava longe no chão, como isso o banheiro molhava tudo. Com isso, quem ia tomando banho primeiro tinha que ir colocando a toalha no chão para barrar a agua.
Quanto a recreação, por exemplo, bike, arvorismo, era em horario que geralmente estavamos em passeio, oq ue não foi legal. O bacana seria ter alguma atividade como essa depois das 17hs",8,2024-12-22 14:23:03+00,1
"Being at Wish Resort in Foz do Iguaçú was an amazing experience. The food, the service, the attention received by the staff, the relaxing view of the Resort, you feel in contact with nature.",10,2024-12-22 15:13:10+00,1
"Esperava mais de um Resort 5 estrelas, especialmente do atendimento ao hóspede. O hotel não faz um bom acompanhamento durante a Jornada do Cliente, o que torna a experiência ruim e com chances menores de retorno ao hotel, além da não recomendação para pessoas próximas.",6,2024-12-23 00:07:10+00,0
" Las habitaciones y el entorno es muy bonito.  Hubo varias cosas que no me gustaron:
1. La primera noche había una pareja de huéspedes con sus hijos bebiendo, fumando shisha y con música alta en la mini piscina que da a la casa 1. Como nuestra habitación era la 101, era muy molesto. Tras comunicarlo en recepción y no hacer nada, nos comunicamos directamente con los huéspedes y se lo tomaron de malas maneras, cuando eran ellos los que estaban molestando. Es un hotel de 5 estrellas, no un camping.
El personal del hotel debería cuidar mucho más que se respete el descanso de todos.

2. La zona de la piscina estaba muy sucia con restos de comida de la gente que come en las tumbonas. En otros hoteles de esta categoría, todo está impoluto.

3. Muchos de los camareros y personal del hotel solo habla portugués. Qué mínimo que inglés o español también.

4. No hay apenas servicio de bar después de las 10pm, solo el de al lado de la recepción, que no tiene un ambiente apetecible para tomar algo.

En general, pienso que se queda muy lejos de ser un buen hotel de lujo.",6,2024-12-24 11:52:46+00,0
" Piscina,  brinquedoteca, jantares!  Faltou água por algumas horas",9,2024-12-24 20:09:57+00,1
"Area externa muito boa. Quartos e banheiros precisam de algumas reformas. Comida excelente e atendimento muito bom, ressaltando as funcionárias Izaura e Katia do restaurante. E Luciana (supervisora) qe Janete da limpeza, que foram muito atenciosas e prestativas conosco.",8,2024-12-25 00:00:00+00,1
"Estamos hospedados desde a semana do Natal. A ceia e festa foram espetaculares. Decoracao variedade qualidade equipe atenciosa música ao vivo chegada do papai noel, tudo preparado com tanto carinho. O hotel eh lindo , paisagismo incrível , com muito verde , fauna e flora , coisas que não vemos nas cidades grandes. Já eh a terceira vez que hospedo, quero voltar mais vezes. Obrigado equipe Wish e a gerência do Sr Kenji",10,2024-12-26 00:00:00+00,1
" Quarto incrível, primeira sensação veio através do aroma do quarto, do banheiro. Muito muito bom",10,2024-12-26 12:54:21+00,1
 Amei muito  Poderiam ter ampliado o horário do karaokê 😆,10,2024-12-27 15:42:40+00,1
" La comodidad, la naturaleza la comida todo excelente  Lo unció que se podría mejorar que en la cancha de deportes las raquetas y pelota eran muy viejas, si o si hay que llevar",10,2024-12-27 16:35:43+00,1
Muito top,10,2024-12-27 18:20:55+00,1
Incrível! Valor de ótimo custo benefícios,10,2024-12-27 18:41:48+00,1
"Fui a trabalho e me hospedei no Wish.
Café da manhã saboroso.
Piscina podia ser climatizada… embora eu tenha ido em uma época quente, o local é bem arborizado, o que torna a piscina um pouco gelada e dependendo do horário, não é viável entrar.
No mais, hospedagem e atendimento excelente!",8,2024-12-28 00:00:00+00,1
"Muito bom, recreadores super animados",10,2024-12-28 12:46:13+00,1
Adoramos a recreação e atendimento! Café da manhã maravilhoso.,10,2024-12-29 00:40:01+00,1
" Very spacious room, comfortable bed, a lot of amenities and activities, amazing staff who are very helpful and friendly",10,2024-12-29 01:12:26+00,1
" Café da manhã ótimo,sauna,academia e quartos muito bons também  Piscina principal poderia ser aquecida,valor do almoço ou jantar poderia ser mais justo",10,2024-12-29 09:55:54+00,1
" Cama boas  Barulho do avião aonde nosso quarto ficou, justo o nosso era aonde ficava mais o barulho do avião 
Ar condicionado não funcionava direito",7,2024-12-29 14:12:07+00,0
 La tranquilidad del Lugar y la buena ubicación,10,2024-12-30 06:17:17+00,1
 El área Kids y el desayuno  Nada,10,2024-12-30 16:32:48+00,1
"Piscina fica a desejar, pois permitem a marcação de cadeiras com itens e toalhas. Como não tem cadeira para todos as cadeiras ficam marcadas/ocupadas sem o hóspede estar nela. Ou você acorda às 6 hs ou fica sem acesso às cadeiras.
Tentei contato na recepção e até o momento sem retorno.",6,2024-12-31 00:00:00+00,0
" espaço nos quartos , piscinas  falta entretenimento para adultos . algo como um piano bar pós jantar …música ao vivo , bar de drinks , etc",8,2024-12-31 03:37:55+00,1
Wonderful breakfast.,10,2025-01-01 00:00:00+00,1
"Estive no hotel somente para jantar. Fui no restaurante de carnes. Gostei, mas o atendimento poderia ter sido melhor",8,2025-01-01 13:52:34+00,1
"Ótimo, tudo de bom.",10,2025-01-01 15:18:05+00,1
"Um hotel cinco estrelas, muito bom bem localizado e com profissionais muito bem treinados.",10,2025-01-02 15:48:15+00,1
" Comida excelente, quartos amplos e confortáveis, várias opções de lazer, hotel lindo e gostoso de caminhar…  O quarto que eu fiquei não batia muito sol então ficava um cheiro de umidade.",10,2025-01-02 21:41:02+00,1
"Tio Chan e Tio Perna Longa
Gente boa",10,2025-01-03 01:43:16+00,1
" Overall ok, spa was closed which we were not aware, booked a games package and requested at 5 but it didn’t arrive till we came back from dinner, 9.30 so was a waste didn’t use or touch any of the food  No communication, had to ask several people for th games package, no one knew about it although had already paid for it",6,2025-01-03 11:50:25+00,0
" Brilliant surprise as it’s a golf resort , with very good facilities . Awesome staff, great breakfasts and loads of facilities  All good",10,2025-01-03 17:17:37+00,1
"Estive com minha família neste feriado do dia 12 de outubro.Lugar maravilhoso,só não dei 5 estrelas,porque precisam melhorar em relação a demora no atendimento da cozinha,pouco funcionário para muita demanda .Os pedidos de lanche feitos tanto na piscina como no bar do hotel demoram muito para ser servidos,precisam rever este ponto.No demais gostei muito.",8,2025-01-04 11:22:03+00,1
 Los jardines .. habitaciones amplias el servicio  Cerca de mi habitación no contábamos con piscina como en otros sectores,10,2025-01-04 17:47:05+00,1
TOP,10,2025-01-04 21:13:43+00,1
" Very good location, good domain, very beautiful  Cockroach land! We had to change rooms 3 times in 4 nights. You had to find one staff who spoke english in a 5 star resort, and when you found one they were not very receptive. 
The food and all services did not match the price. Of all hotels we stayed in Brazil, this was the most disappointing and we also stayed in 3, 4 and 5 stars hotels that had better services and food. 
The worse thing was: we booked the hotel to see the fireworks for new year as it was advertised in april. We wanted to confirm this so we asked staff if this was definitely going to happen. They said the hotel would have fireworks for 15 minutes. We did not have a single firework. They said it was due to a municipal new law. However, we asked other people in town and taxi drivers and they were able to see fireworks in other hotels. Very disappointing in many ways! We did not recrive any prior information that they were not going to have fireworks. Many other guests that we got to know also left disappointed.
Overall the price is WAY TOO high for the services provided!",2,2025-01-05 12:52:31+00,-1
"Schön ruhig, aber auch abgelegen!",10,2025-01-06 00:00:00+00,1
"É um resort hotel bom, porém não é excelente. Quartos necessitam de manutenção - ficamos no 1401 e 1402 e ambos tinham vazamento na pia que pingava ou no chao ou molhava alguma outra area. Falta chuveirinho no quarto família para facilitar o banho com as crianças. Sofa do quarto estava bem velho e precisa de reforma. Quarto do chão não estava tao limpo quando chegamos.
O buffet de almoço é bem inferior ao jantar e claramente se percebe que são comidas ""requentadas"". O spaghetti integral estava seco e duro pois claramente foi requentado do jantar. Mesma coisa do filet de frango e carnes tudo muito seco no almoço. No jantar as opções e qualidade eram melhores.
Não sabiamos que os quartos eram tao longes entao achei um pouco ruim ter que ficar pedindo transporte toda hora que nem sempre chegava rapido e era impossivel andar ou no calor.
A area kids os brinquedos estavam bem velhos e mal cuidados. Tambem estavam sujos na sua maioria (os de bebês). A area externa tinha agua da chuva velha parada e claramente mal cuidado no dia a dia.
Conforme disse, no jantar a comida buffet era muito boa e as sobremesas deliciosas. No cafe da manha nem sempre há 2 estações de tapioca e omelete, criando-se muita fila. No geral ok, é um café bom, não incrîvel. A variedade de pães poderia melhorar e não há iogurte sem açucar natural.
Se forem abordados pelo Guest Experience oferencendo um voucher saiba que é para vender Time Share. Só fomos informados que seria uma ""apresentação de marketing"". No final ok pois vc ganha os vouchers de cortesia, porém saiba que vc irá perder mais de uma hora na conversa.",6,2025-01-07 00:46:23+00,0
"Tudo perfeito, desde o checkin até o check out . Paisagens magníficas.alimentação perfeita. E os funcionários sem exceção todos cordiais e solícitos. Voltarei sempre.",10,2025-01-07 20:09:48+00,1
" Hotel maravilhoso, atendimento dos funcionários, café da manhã e jantar maravilhosos",10,2025-01-07 23:34:24+00,1
" La pileta  La comida, el servicio en la pileta de camareros malo",7,2025-01-08 01:36:41+00,0
Uma experiência incrível e muito agradável. Tivemos o prazer de passar as festas do final do ano de 2024 e entrar 2025 com pessoas maravilhosas e muito amigas num lugar que tivemos todo um carinho e cuidado.,10,2025-01-08 11:13:11+00,1
"It’s okay for a 5 star property,
Was good and met expectations,
But nothing extraordinary for the price we paid.",8,2025-01-09 00:00:00+00,1
" Ambiente muito agradável, lugar diferente de todos em que já ficamos, transmite paz.  Algumas coisas precisam ser melhoradas: a limpeza das piscinas entre as casas e as abordagens para vendas de cotas logo no check-in.",7,2025-01-09 10:01:45+00,0
Muito legal tive várias experiências como o mágico tiú forte e as piscinas,10,2025-01-09 12:20:57+00,1
"Hotel com ótimas instalações, bem localizado e atendimento primoroso.",10,2025-01-09 21:49:38+00,1
"Amamos nossa estadia no Wish hotel perfeito maravilhoso, crianças amaram... única coisa que senti falta mais opções de pão e bolo no café da manhã achei fraco tinha uma ou duas opções... Restante tudo sensacional.",10,2025-01-10 02:17:06+00,1
"Ótima experiência no hotel, tranquilo, muitas atividades para se fazer, além da lindíssima piscina com um bar que atende muito bem. Funcionários atenciosos, café da manhã completo, viagem com muita paz para casal.",10,2025-01-10 20:57:54+00,1
Sensacional!!,10,2025-01-11 01:01:26+00,1
"Experiência magnífica, equipe maravilhosa. Tio Chan desde o arvorismo com muita energia até o bingo nos ajudou muito. Estão todos de parabéns.
Energia do tio Baiano e da Tati também são contagiantes 😂😂👏🏽👏🏽👏🏽👏🏽👏🏽👏🏽",10,2025-01-11 01:47:28+00,1
"Excelente resort, espaço enorme, ideal para relaxar, se divertir, praticar esportes e se conectar à natureza !! Além disso atendimento super eficiente !! Espero voltar ou então em algum outro da rede Wish no mesmo padrão do de Foz do Iguaçu",10,2025-01-12 00:00:00+00,1
" Limpeza, comida, cordialidade do atendimento.",10,2025-01-12 01:49:11+00,1
"Viagem em família, todos gostamos bastante, fomos muito bem atendidos, amamos o ambiente, gastronomia, e passeios pelo resort, e um agradecimento em especial ao funcionário Alex, que nos acompanhou no passeio da trilha.  Gostamos do show de rock. Enfim, o resort possui muitas áreas de lazer e opções de entretenimento, academia, etc.",10,2025-01-13 00:00:00+00,1
"A cama e o chuveiro são excelentes, tem várias jacuzzis e piscinas menores espalhadas pelo espaço do hotel  e o fato dos quartos serem em casas separadas, traz um clima muito bom e tranquilo, com muito verde, pitangas e outras arvores no terreno. O café da manhã é a melhor refeição, mas a comida é muito boa, no geral. O espaço de eventos é grande e versátil, só a proximidade com a piscina que não achei tão interessante.",8,2025-01-13 00:00:00+00,1
" Resort maravilhoso, com excelente infra e localizacao! Staff atencioso e solícito  Nada",10,2025-01-13 01:31:03+00,1
Tudo muito bem!,8,2025-01-13 02:10:38+00,1
 Acomodações e simpatia do pessoal.  Excesso de abordagem para participar de programas e preço cobrado pelas bebidas e comida fornecidas dentro do resort.,9,2025-01-13 12:22:57+00,1
" ubicacion.  Para el tipo de calidad del hospedaje, mas alla de que sea un lugar de descanso los dispositivos tecnologicos son realmente antiguos.",7,2025-01-13 16:11:50+00,0
"O melhor mixologista do mundo, tio Chan!! Adorei e estou formado",10,2025-01-14 01:14:03+00,1
"O Wish Resort me surpreendeu de algumas formas.
Sinceramente,  o local é mais ideal para levar crianças. A piscina principal (e única, na verdade) é aquecida e possui ""prainhas"", ideal para brincar com pequenos.

Não tem bar molhado, o que é meio desfavorável, já que quando muito cheia, o serviço de garçom não dá conta.

Tem uma área de passeio enorme. Essa parte eu adorei. Tem redario para descanso e a possibilidade de alugar carinho de Golf pra passear. Embora o passeio seja curto, pois só podemos ir em certas áreas. Essa parte gostei.

O quarto na verdade é um dormitório junto de uma ""casa"". A hospedagem consiste em várias casas com 4 ""apartamentos"" em cada casa. Possui banheiro individual mas é bem antiga a estrutura e pequena.
Os prós aqui ficam com cama muito boa e grande. Banheiro equipado com secador, shampoo e condicionador (maravilhosos) e ainda sabonete líquido e hidratante corporal. Essa parte nota 10.

A comida é nota mil. O Wish oferece o sistema meia pensão e a alimentação é vasta. Oferecem almoços e jantares temáticos, porém em apenas um local. Mas compensa muito. Sobremesas maravilhosas.

Recomendo!",8,2025-01-14 13:53:35+00,1
Servicio de primer nivel,10,2025-01-14 21:39:33+00,1
"Lugar maravilhoso,  lindo demais!!",10,2025-01-14 23:02:34+00,1
"A Recepção do hotel é incrível 😍😍
Me senti na globo com os carrinhos de golf rsrs
A jacuzzi de frente as chalés são um luxo ♥️

Piscina restaurante ambiente tudo maravilhoso
Comparado a outros resorts esse é entre os top 5 de fiz do Iguaçu com toda certeza!",10,2025-01-15 00:00:00+00,1
Hola! Nose a donde comunicarme. No atiende el teléfono. Me olvidé un libro y quiero mandar a buscarlo. Estuve alojada el fin de semana,2,2025-01-15 18:44:21+00,-1
old room with broken toilet n dirty  yellow towel. never recommend this 5star hotel.,2,2025-01-15 20:31:58+00,-1
"Hotel é magnifico, serviços de qualidade, equipe gentil, educada e prestativa.
Especial a equipe de governança que todas as noites gentilmente nos deixava uma mensagem de boa noite. Ainda temos o café da manhã com muitas opções de excelente variedade com qualidade, e há equipe prestativa.
Estar no Wish Foz é viver uma experiência e colecionar histórias !!!!",10,2025-01-16 00:00:00+00,1
" Nada  Chegamos somente no final da tarde de viagem que durou 8 horas, não mostraram local de banheiro, não disponibilizaram nada, recepcionistas trocaram de lugar pq ng queria atender, pessoal da recepção nos atendeu como se fosse uma obrigação, não explicaram nada, simplesmente queriam vender um jantar e éramos obrigados a comprar dois jantares. Depois a recepção nos passou para outra pessoa que queria vender um pacote da rede que custa 200 mil reais…drink do hotel é ruim, só tem uma piscina e ela é imunda, jacuzzi imunda tb, a brinquedoteca fica com uma péssima localização, já conheço vários resorts e hotéis e posso afirmar que esse é o pior hotel que já me hospedei.",1,2025-01-16 00:45:27+00,-1
 El desayuno  Las habitaciones necesitan renovación ya está viejo todo,8,2025-01-16 02:53:19+00,1
"Excelente padrão de acomodação, cama super confortável,  toalhas macias e equipe atenciosa. 
Cafe da manhã farto e diversificado.  Destacou a atenção da equipe da cozinha, em razão do atendimento especial a meu filho quenpossui restrição alimentar (alergia à proteína do leite de vaca).
Tivemos uns inconvenientes na chegada que foram contornados.
Opção de almoço e jantar por buffet, porém a valores altos.
Uma ótima qualidade de sono, mas poucas opções de entretenimento no hotel.
Localizado bem próximo ao shopping Catui e das principais atrações próximo ao Parque das Cataratas.",10,2025-01-17 00:00:00+00,1
"O hotel é maravilhoso, para mim e minha família faltou alegria no hotel, principalmente para as crianças. Meu filho de de 12 anos não gostou…. Faltou atividades para as crianças, a parte fica muito longe da piscina e restaurante.
A dois anos trás fomos  no Mabu, sabemos que é outra proposta, fomos novamente essa vez no parque aquático e meu filho perguntou por quê não tínhamos ficado nele novamente.
Faltou acolhimento.",6,2025-01-17 02:18:32+00,0
"Amamos a experiência!!! Os quartos são lindos, o hotel fica no paraíso, nossa vista era para um gramado gigante, lindo!!! A piscina é ótima, as garçonetes super atenciosas, alimentação incrível!!!! Amamos a experiência e voltaremos com certeza!",10,2025-01-18 00:00:00+00,1
"Excelente resort.  A distribuição em forma de casinhas ao longo do espaço garante privacidade e silêncio - a noite únicos barulhos são os da natureza.  Quarto espaçoso e confortável.  A piscina principal sempre tinha local de sombra e as menores espalhadas pelo resort tb davam um maior conforto para um mergulho à noite.  Restaurante principal muito bom, diversas opções, o mesmo para o bar da piscina e lobby bar (lanche rápido).  Experimentamos uma noite o The Grill e gostamos.  Perto das cataratas, parque aves e aeroporto",10,2025-01-18 00:00:00+00,1
"Excelente padrão de acomodação, cama super confortável,  toalhas macias e equipe atenciosa.
Cafe da manhã farto e diversificado.  Destacou a atenção da equipe da cozinha, em razão do atendimento especial a meu filho quenpossui restrição alimentar (alergia à proteína do leite de vaca).
Tivemos uns inconvenientes na chegada que foram contornados.
Opção de almoço e jantar por buffet, porém a valores altos.
Uma ótima qualidade de sono, mas poucas opções de entretenimento no hotel.
Localizado bem próximo ao shopping Catui e das principais atrações próximo ao Parque das Cataratas.",8,2025-01-18 03:47:37+00,1
"Conhecemos o tio forte aqui no hotel, extremamente educado e atencioso.
Fez várias brincadeiras conosco, fazendo mágicas incríveis.
Nota mil para ele e para o hotel poucos lugares que viajei que tinha esse tipo de interação com os hóspedes!
Estão de parabéns.",10,2025-01-18 14:47:13+00,1
" O resort é realmente bonito, o campo de golfe em especial brilha os olhos, mesmo pra quem não pratica o esporte. Há várias atividades para as crianças, pra quem viaja com filhos é ótimo. A equipe é muito boa, todos foram sempre muito solicitos, educados e rápidos. A localização do hotel é estratégica, apesar de Foz do Iguaçu ser uma cidade ""díficil"" de se locomover por conta da infraestrutura ruim (você vai depender de carro para absolutamente tudo) mas como o Wish está entre as cataratas e o centro, vc tem um pouco de facilidade para chegar a qq lugar com certa agilidade. Os petiscos da piscina eram ótimos e com preço justo, ocorreram shows e cinema durante a nossa estadia, além de arvorismo, atividades que achei todas muito boas.  Os quartos são bons, não excelentes, haviam avarias nas portas do banheiro e a TV é ridiculamente pequena. Outro ponto decepcionante foi o café da manhã, que apesar de bom, ficou abaixo da minha expectativa pelo valor da estadia e padrão do hotel em si.",8,2025-01-18 22:23:33+00,1
"Le voy a dar 4 estrellas porque las habitaciones no estaban muy limpias, más que nada la parte de la ducha. Se nota que el piso de la ducha necesita mantenimiento. Por otro lado la atención no es de 10 puntos ya que obvio solo te hablan portugués y no intentan hacerse entender. Si hablas español o inglés no te entienden y hasta se nota que les molesta. No tienen adaptadores para el celular, cepillo de dientes y pasta te dicen que tenes que comprar en una tienda que esta ahi en el hotel.
Por otro lado mi frigobar estaba todo comido, por lo que avise en recepción, si me podían cambiar las cosas y asumo que no entendieron nada y por eso no me mandaron nada. Deberían chequear luego de que cada huésped deje el hotel si esta todo en condiciones. En cuanto a las comidas, no estaban mal, pero tampoco son la gran cosa. Algo muy bueno que le destacó es el desayuno que es súper completo y rico.",8,2025-01-19 19:45:20+00,1
Uno de los hoteles más bellos de foz,10,2025-01-20 10:52:57+00,1
" Excelente localização em meio a natureza, ótimas opções de lazer durante a estadia, comida excelente com ampla variedade. Toalhas sempre limpas e cheirosas :)  Nada a declarar.",10,2025-01-20 11:16:10+00,1
Excellent hotel!!! Very polite and helpful staff!!! Food was very good!!! We’ll be back for sure!!!,10,2025-01-20 12:29:58+00,1
Hotel  com serviço excelente .. nossa estadia superou nossa expectativa,10,2025-01-20 17:08:29+00,1
 A comida é boa e a localização também  Achei muito caro para a piscina e quartos sujos e a recreação deixa muito a desejar,7,2025-01-21 15:32:38+00,0
 Las instalaciones  El agua de las piscinas muy calientes,10,2025-01-21 20:34:16+00,1
"Nos sorprendió gratamente el hotel, tanto sus instalaciones como los servicios y atracciones ofrecidos, pero lo que más destaco es la amabilidad y calidez del personal, nos sentimos realmente en casa en todo momento. La comodidad y limpieza tanto de las habitaciones como de todo el establecimiento es excelente, y la diversión y entretenimiento para los niños en el Club Kids fue superlativo, La variedad de alimentos excelente, con opciones veganas, vegetarianas y sin TACC es de destacar tambien. Volveremos sin dudas a hospedarnos allí y los recomendaremos sin dudas con todos nuestros familiares y amigos, hicieron que nuestra estadía sea 10/10, muchas gracias.",10,2025-01-22 02:20:38+00,1
"Ha sido una excelente experiencia la estadía en sus instalaciones, una infraestructura espectacular, el desayuno muy variado y la cálida atención por parte de los funcionarios del resort.",10,2025-01-22 11:09:46+00,1
"Peca no atendimento, principalmente na piscina! O local também é bem afastado e meio isolado de tudo! Preços salgados nos itens de bares e lanches!",6,2025-01-23 02:32:17+00,0
" La propuesta. El personal siempre atento. Hago una mención especial para personal de seguridad que se encontraba en el ingreso de la propiedad el 29/12/24 por la mañana, ha sido por demás atento y predispuesto para atender al cliente ya que tuve un inconveniente con mi vehículo y han puesto manos a la obra sin dudarlo para solucionar el inconveniente que tuve. Excelente trato de los mismos!",9,2025-01-23 13:34:26+00,1
"Só a pizza deles faz valer tudo!
Impressionante.
Estive nos dias 22 e 23 de janeiro de 2025, e registro aqui que é muitíssimo raro saborear uma pizza tão magnífica.
Fiquei observando o pizzaiolo fazendo a massa, na hora. Coisa bela. Parabéns.",10,2025-01-23 23:35:39+00,1
"Tivemos uma experiência razoável com o hotel. As piscinas são agradáveis, academia excelente, a comida deixa muito a desejar. O buffet com poucas opções proteínas, e os acompanhamentos mau expostos. Frutas no café da manhã, demoram reposição. Serviço de quarto é bom, camareiras prestativas e organizadas. O Gustavo da recepção nos atendeu super bem e os transfer para os quartos podem demorar, mas são bem gentis. O espaço kids não é recomendável para crianças abaixo de 6 anos.",6,2025-01-24 00:00:00+00,0
Habitaciones y baños básicos para un hotel 5 estrellas. Predio y entorno muy bonitos!!,8,2025-01-24 14:50:54+00,1
"Excelente, lugar Lindo!
Voltarei com certeza.",10,2025-01-25 15:45:00+00,1
Gastronomia muito boa gostei muito da mágica do tio forte.,10,2025-01-26 13:15:10+00,1
Esse lugar é bonito e os funcionários tratam os clientes bem👏🏻❤️,10,2025-01-26 19:29:04+00,1
 Las instalaciones  Nada,10,2025-01-27 11:51:25+00,1
Excelente! Tio Forte muito atencioso,10,2025-01-27 13:11:46+00,1
Maravilhoso,10,2025-01-27 16:49:33+00,1
"O hotel em si já é uma experiência incrível, estrutura, localização e o ambiente unindo natureza e conforto, somado a gastronomia impecável e o atendimento em todos os setores, tornam a estadia algo inesquecível. Parabéns!!! Show e muito obrigado!!!",10,2025-01-27 18:20:29+00,1
"Eu Amo me hospedar no Wish, por ser um Resort de Rede Europeia e por trazer um padrão elevado de atendimento e responsabilidade com seus clientes!
A Limpeza do Hotel é Excelente e as refeições são sempre variados e de muita excelência já me hospedei várias vezes e sempre sou muito bem atendida!",10,2025-01-27 18:25:22+00,1
Excelente Resort para usufruir de toda estrutura disponível e passar dias inesquecíveis.,10,2025-01-28 11:23:38+00,1
"Excelente hotel. Funcionários educados e prestativos, alimentação ótima. A tia Déia muito educada e atenciosa só faltou uma piscina coberta e aquecida para os dias frios.",10,2025-01-28 12:56:59+00,1
"A maior parte dos comentários tentei colocar nos itens acima mas pela restrição de qtd de caracteres vou colocar aqui.
Acredito que o quarto todo precisaria de uma reforma. As cortinas estavam rasgadas e dificeis de fechar, o piso do chuveiro parecia muito sujo e antigo; com o chuveiro aberto e como ele tem muita vazão, a água se acumulava no chão formando poça alta dentro do chuveiro; a tela da janelinha lateral à porta de saída, para fechá-la, precisei colocar um peso pois ela não prendia; o chuveirinho da privada não tem acionador e para utilizá-lo tínhamos que nos contorcer para não molhar o banheiro todo. Acredito que esses pontos e uma reforma básica principalmente no banheiro ajudariam demais a dar um ar melhor no quarto.
O horário de funcionamento da piscina é curto. No período da noite seria ideal que ela fosse fechada após das 22:00 para que pudessemos chegar dos passeios um pouco mais tarde e relaxar ou se refrescar na piscina. A piscina também em sua lateral tinham alguns pedaços caindo e faltando e a cor do fundo dela parecia bem turva em alguns dias.
A limpeza do quarto demorou demais em 3 dias na nossa estadia. Isso porque cheguei a ligar na recepção e informar que estava indo para a piscina, para limparem e fornecerem novas toalhas e infelizmente nesses dias não aconteceu. Teve um dia até que saimos para um passeio e retornamos as 15:00 e até esse momento o quarto estava sujo, sendo que todos os dias eu informava que estava saindo e que meu quarto poderia ser limpo. O quarto em si também acho que precisava de uma limpeza melhor principalmente no chão. Tinham muitos cabelos espalhados pelo quarto mesmo depois da limpeza.
Precisa de muito mais variedade no menu da piscina, o atendimento deixou a desejar pois quem estava do outro lado da piscina tinha que ir até o bar para poder ser atendido, os atendentes ficavam a todo momento só ali no bar ao invés de ficar rodando pela piscina ou também em outros lugares para facilitar fazer os pedidos.
Tive que pedir diversas vezes para arrumar meu quarto, pois não arrumaram no período da manhã ou até mesmo logo após o almoço. Além disso solicitei apoio quanto a travesseiros diferentes por diversas vezes e na quinta ou sexta vez que pedi só que conseguimos algum retorno. Infelizmente comparando com alguns outros resorts e hoteis que já ficamos por Foz, pois fomos até a cidade por mais de 10 a 15 vezes, realmente não atendeu as nossas expectativas. O hall do nosso apartamento, do lado de fora ali da porta, parece q nunca foi limpo e não sei se seria algum dia. Tinham bichos espalhados por todo canto e parede. Teve um besouro que estava no chão que depois de 2 dias eu tive que chutá-lo para o mato pois ninguém varre ou limpa aquele hall de fora ali dos quartos que ficam no primeiro andar das casas. Realmente pelo preço que pagamos foi um pouco decepcionante.",4,2025-01-28 14:10:25+00,-1
" O quarto família com acessibilidade não tem box no chuveiro, fazendo muita molhança pelo chão. Seria satisfatório se a cortina passasse um pouco do chão, com sobra, o que seguraria a água dentro do box.",9,2025-01-28 17:50:56+00,1
"Ótimo custo benefício, funcionários atenciosos e comida muito boa, o que é difícil em resorts. O local é bonito, os quartos são confortáveis..enfim, uma experiência muito prazerosa.",10,2025-01-29 01:41:08+00,1
 Bom espaço e bom chuveiro,10,2025-01-29 16:07:26+00,1
"Acho que um hotel desse porte deveria ter uma piscina aquecida coberta.
Também quartos com crianças pequenas não deveriam ter escadas. Restante tudo ok.
Gostei muito dos e-mails com informações antes mesmo de chegarmos. Do pré check in.
Restaurante ótimo.",10,2025-01-29 23:46:47+00,1
" Muito bom  A festa de reveillon deixou a desejar esse ano - é o quarto ano consecutivo que passo a virada no Wish, mas, noto que decaiu - cortaram o show de fogos sem avisar e não colocaram outra atração no lugar. Foi meio frustrante. No mais, os cuidados com o campo de golfe também decaem ano a ano, está ficando com cara de desleixo.",8,2025-01-30 16:57:48+00,1
"Excelente pessoa o recreador Tio Fort
Parabéns",10,2025-01-30 17:19:35+00,1
"Desde o primeiro momento em que chegamos ao hotel, até a saída, só tivemos boas experiências… muito bem atendidos na recepção e instalações muito boas, e o tempo ajudou! Melhor parte: restaurante, comida excelente, e o formato meia pensão realmente valeu a pena, pois além de permitir escolher entre almoço e jantar (previamente autorizado na recepção), nos deu liberdade para experimentar os bons restaurantes da região. Assim como em outros hotéis/resorts de rede, há a tentativa de venda do seu programa de vantagens/exclusividade e apesar de ter investido um tempo para escutar a proposta, e sim, houve insistência na proposta, não me senti acuado e nem coagido para fechar o contrato, quem me atendeu foi extremamente cortes e respeitoso.",10,2025-01-31 00:00:00+00,1
"Todos os serviços são excelentes. Gostei muito dos dias que passamos aqui. Deixo um agradecimento especial para o Rafael Gomes, Tiago do loby bar Simone chefe dos bares as camareiras ao garçon do restaurante Anderson.Obrigado a toda equipe em geral. Até a próxima
Atenciosamente Vanesia e Anderson.",10,2025-01-31 00:00:00+00,1
"100% hotel lindo e maravilhoso,
Todos os atendentes muito atenciosos , em especial ao tio Fortão da recreação 👏🏻👏🏻👏🏻",10,2025-01-31 14:23:26+00,1
"El hotel es hermoso, limpio, tiene todo lo que uno necesita para pasar unas hermosas vacaciones!
Lo único negativo es que el personal de entretenimiento no habla castellano y los chicos no entienden las consignas!",10,2025-02-01 01:53:01+00,1
"Excelente
Sugestão cadeiras para sentar na área externa.",10,2025-02-01 12:42:03+00,1
" The tour desk was great. All the staff were great.  Pool and hot tub were dirty. 
Need a non beef option at the steakhouse.",10,2025-02-01 16:06:14+00,1
"Dei a menor nota possível, pois tivemos muitos problemas durante a nossa estadia no Wish - Foz do Iguaçu.
Pegamos um quarto Familia. E o vaso sanitário não funcionava. Reclamei e vieram os funcionários da
Manutenção arrumar, porem isso se sucedeu por 4 x.  Nisso perdi um dia, pois o pessoal da manutenção vinham ao apartamento e tal. 
Tbm as jacuzzis estavam muito fortes, 2 vezes que tentamos usar, com um cheiro forte de urina e água amarelada. 
Quando relatamos os problemas a um funcionário da recepção. Ele foi bem rude e disse que como ele não estava presente no turno, não tem nada a ver com o problema. Acredito q uma equipe tenha o mesmo propósito de atender os clientes com excelência. 
Esperavamos muito mais .",2,2025-02-02 00:00:00+00,-1
"Experiência incrível, em família. Equipe bastante prestativa, ambiente super acolhedor e integrado com a natureza.",10,2025-02-02 00:00:00+00,1
Estuve en el 2017 y fue una experiencia maravillosa con pareja y amigos,10,2025-02-02 22:41:21+00,1
"Impecável
Tio Forte muito atencioso e carismático.",10,2025-02-03 13:41:35+00,1
Adoramos a experiência. Ambiente totalmente reconfortante e tranquilo. Voltaremos mais vezes.,10,2025-02-03 14:42:40+00,1
"Nossa experiencia foi incrível, tudo impecável, o resort é lindo e proporciona várias atividades. Sem dúvida nenhuma voltarei a me hospedar no Wish. Hospitalidade é o ponto que mais me agradou, a todo momento, tudo o que precisei recebi com muita solicitude, mandaram inclusive um bolo de aniversário para meu namorado, o qual nem havíamos comentado que era aniversário dele, essa atenção aos detalhes faz toda a diferença. No geral, a comida é maravilhosa, as piscinas ótimas, acomodações perfeitas, não tenho nada do que reclamar. Parabéns a todos os funcionários envolvidos na experiencia Wish!",10,2025-02-03 20:19:57+00,1
"Ótima estrutura, serviço e comida",10,2025-02-03 21:24:23+00,1
"A nossa primeira estadia em um hotel da rede Wish foi muito boa e estamos satisfeitos.

Vale a pena elogiar a equipe sempre pronta e simpática, especialmente o concierge William.

Nós voltaremos a nos hospedar ali.",8,2025-02-04 15:52:33+00,1
"Estive com minha filha no Wish do dia 25 a 31/01. O hotel é lindo , super charmoso . Área verde maravilhosa . Piscina com  temperatura da água bem confortável . Academia 24h . A sauna muito boa . O meu quarto era muito bem localizado , muito limpo .  Chuveiro maravilhoso. Roupa de cama limpa e cheirosa . Fomos muito bem atendidas todos os dias . Os funcionários são educados e receptivos . Em especial a Simone e o Gabriel do restaurante .
A recreação não posso comentar pq minha filha já não tem interesse em participar.
Tive uma experiência maravilhosa nesse hotel . Só tenho agradecimentos .",10,2025-02-04 23:58:21+00,1
Foi muito boa,8,2025-02-05 00:29:49+00,1
 Tiene mucho espacio y mucha naturaleza  No tiene piscina térmica,10,2025-02-05 13:30:00+00,1
"Excelente hotel con muy buenos servicios

Tendría que tener mayor descuento en el green fee para huéspedes del hotel.",8,2025-02-05 14:33:29+00,1
"Péssima comunicação, orientações inadequadas e discordantes entre os funcionários da recepção. Não se importam com o cliente e muito menos com as datas especiais que eles resolvem comemorar em seu espaço. E o mais importante: não sejam exclusive ghest não importa o quanto sejam adoráveis, depois que você vira um: nada muda e achei até que piorou o atendimento.",2,2025-02-05 16:26:27+00,-1
" De nada tudo tem pagar dentro do hotel até para jogar golf só faltam cobrar para entrar na piscina também 
A pesca esportiva é paga tudo é pago  Eles tentam empurrar a vc ser sócio logo nas primeiras horas da sua estadia vc perde tempo dando atenção ao vendedor que apresenta a rede de hotéis e se vc não aceita ele fecha a cara de um jeito que parece que passa fome ,eles oferecem um almoço gratis e acham somos obrigados a aceitar ser sócio de um hotel que nem usufruímos ainda me senti desconfortável com a minha esposa ,não volto mais 
Até costão do santinho em Florianópolis é mil vez melhor",1,2025-02-05 21:40:41+00,-1
"Tio Marreco
Tia Ravena
Tio Panqueca
Tio Hulk
Tio chan
Muito bom conhece-los foi uma grande onra,
algums ja conhecia e foi muito bom revelos, muito obrigado por tudo mais um ano.",10,2025-02-06 12:13:37+00,1
"Bien. Pero la cama matrimonial no es de una pieza, está dividida.
La piscina general es muy pequeña y tiene mucho cloro.
La bienvenida no dan nada para la habitación, lo que hay en frigobar se cobra, y bastanta caro.",10,2025-02-06 12:37:09+00,1
"Estrutura excelente, colaboradores necessitam de atenção.
Falta o encantamento para que a experiência se torne realmente marcante.",8,2025-02-06 17:22:17+00,1
" Es muy lindo el hotel. Prolijo, moderno, buena pileta.
A tener en cuenta que las habitaciones pueden quedar muy lejos de la pileta.
Y el kids club y juegos de adultos/canchas quedan lejos de la pileta/restaurante. Da fiaca ir.

Cena y desayuno muy buenos.

Recomendable.",9,2025-02-07 03:06:48+00,1
Espectacular,10,2025-02-07 16:29:11+00,1
"Atendimento perfeito por parte de todos os  funcionário. Destaco o atendimento do Sr. Anderson, que atende no restaurante, ele é muito atencioso, prestativo e educado. Esses sete dias que passamos aqui foram maravilhosos!",10,2025-02-07 19:56:14+00,1
 Conforto,10,2025-02-08 17:53:12+00,1
"Queria destacar el entretenimiento del mago Tío Forte, sus trucos geniales y muy divertidos. Los chicos felices! Gracias",10,2025-02-09 00:52:08+00,1
"Um lugar incrível, uma experiência ímpar. Fomos muito bem acolhidos, a alimentação é ótima e os serviços são amplos. Recomendo.",10,2025-02-10 16:19:38+00,1
"Excelente estadia! Tudo perfeito: desde a recepção ao atendimento nos restaurantes,  pessoal educado e prestativo. As refeições sempre variadas e de alto nível,  café da manhã com muitas e deliciosas opções.  Quartos amplos, limpeza muito boa. A área externa linda, paisagismo impecável. Diversas piscinas próximas às casas, além das duas grandes, o que evita a aglomeração e disputa de cadeiras como em outros hotéis. Diversas opções de lazer, incluindo campo de golfe. Passamos dias maravilhosos no hotel!",10,2025-02-12 00:00:00+00,1
 La Pileta  Ne gusto tofo,10,2025-02-12 00:45:08+00,1
 El sistema de casas.  La pileta hermosa pero no era profunda.,10,2025-02-12 10:46:02+00,1
Incrível!,10,2025-02-13 00:00:00+00,1
"Atendimento dos colaboradores excelente, a equipe de eventos ( coord/ auxiliares e a&b) todos muito atenciosos e pro ativos nas demandas...

Equipe recepção atendimento EXCELENTE!

Apartamentos aconchegante, bem higienizado!

A&b com muita fartura e muitas opções!!",10,2025-02-13 00:00:00+00,1
"O hotel é excelente, fácil localização, serviço de alimentação complet, comida super saborosa e serviço expecional, no almoço grelham sua picanha na hora. Além de oferecer uma estrutura completa de lazer, com piscinas, campo de golfe 3”e equipe de recreação. A equipe super atenciosa e hospitaleira, disposta a passar a melhor informação e ajuda aos hóspedes. Com certeza é 10/10",10,2025-02-13 00:00:00+00,1
" A comida é maravilhosa, assim como a area da piscina e quartos. O hotel entrega o que promete.  Há um campo de golfe imenso que ninguém usa. Achei a brinquedoteca muito afastada dos quartos. Mas as crianças gostaram assim mesmo.",9,2025-02-13 13:55:07+00,1
"Viajamos em um grupo grande em família, 4 quartos, pessoas de 4 a 90 anos.

A estrutura é muito boa, quartos amplos com boa manutenção e limpeza. A única coisa que precisa de limpeza mais frequente é a piscina, que só vi sendo limpa pela manhã, ao longo do dia muitos insetos e folhas caem e não teve limpeza.

O atendimento no restaurante deixou muito a desejar, também esperava mais das opções no buffet. Era uma variedade enorme, mas faltaram alimentos mais leves pro calor que faz em Foz, também esperava opções mais elaboradas pelo preço cobrado. 

Deixo aqui meu elogio para a Izaura que nós atendeu no café da manhã e foi muito simpática com meus avós e meu filho.

Também achei maravilhoso o atendimento com o transporte interno no hotel, meus avós tem questões de mobilidade e foi muito bom contar com esse conforto no calor intenso.

No geral esperava mais pelo valor pago.",6,2025-02-14 00:00:00+00,0
 El estilo americano de sus calles y habitaciones  El horario del cierre de la piscina,10,2025-02-15 00:04:06+00,1
" Nos gustó todo, atención, actividades, limpieza, instalaciones",10,2025-02-15 00:04:34+00,1
 El lugar y las instalaciones  El personal atendía sin ganas,10,2025-02-15 01:14:09+00,1
"Adoro o Wish Foz, é lindíssimo, o café maravilhoso e tem muita natureza!",10,2025-02-15 01:36:26+00,1
Excelente hotel!,10,2025-02-15 16:51:05+00,1
Muy bueno,10,2025-02-16 14:58:24+00,1
"A experiência no resort tinha tudo para ser impecável, mas foi severamente comprometida pela abordagem desgastante e ineficaz na tentativa de venda do clube de viagens. O que deveria ser uma apresentação objetiva e profissional se tornou um espetáculo de insistência e manipulação emocional, claramente desenhado para pressionar o hóspede a uma decisão impulsiva.

O processo começou com risadas forçadas e um excesso de simpatia artificial. Quando notaram minha falta de interesse, partiram para a insistência, reduzindo absurdamente os valores apresentados inicialmente – ou seja, se eu tivesse fechado na primeira oferta, teria pagado muito mais caro do que na última proposta. Essa estratégia não só gera desconfiança, como desvaloriza completamente o próprio produto.

O pior, no entanto, foi a perda de tempo. Ser arrastado de uma sala para outra por 45 minutos, ouvindo os mesmos discursos genéricos e vendo expressões de ""decepção"" dos vendedores, foi exaustivo e improdutivo. Para piorar, em duas ocasiões, o atendente se levantou e foi pessoalmente até a mesa do gerente, voltando com uma ""oferta especial"" que, supostamente, era exclusiva e irrepetível. A cena se repetiu como um roteiro ensaiado, tornando evidente que tudo não passava de uma estratégia calculada para forçar a adesão.

Esse tipo de abordagem não só desgasta o cliente, mas também é ineficaz do ponto de vista comercial. A insistência gera rejeição, o excesso de manipulação compromete a credibilidade e, no final, a experiência negativa sobrepõe qualquer benefício que o clube de viagens poderia oferecer.

Se realmente acreditam na qualidade do serviço que estão vendendo, sugiro que adotem uma abordagem mais inteligente e respeitosa. Uma comunicação clara e objetiva, com informações diretas e transparência nos valores, geraria muito mais credibilidade e engajamento. Em vez de prender o hóspede em uma armadilha de pressão psicológica, por que não oferecer uma apresentação concisa, de no máximo 10 minutos, seguida de um material informativo para que o cliente decida sem imposição? O que realmente convence não é insistência, e sim um produto bem estruturado, com vantagens evidentes e um atendimento que respeita a inteligência e o tempo do consumidor.

Infelizmente, a experiência que deveria ser de descanso e lazer terminou com a sensação de que participamos de uma reunião de Marketing Multinível (Esquema de Pirâmide).",8,2025-02-16 17:00:33+00,1
"Es un resort al no le falta ni espacio ni actividades, al que le molesta caminar ojo con la habitación que elige porque el buffet está en la entrada y hay habitaciones algo alejadas, si bien se puede pedir un carro eléctrico que te lleve o traiga. Voy a ir a mi observación para mejorar, en la cena suele haber una variedad interesante de opciones pero en lo que respecta a postres hay mucho elaborado y por lo tanto todo con abundante azúcar, no hay opciones de frutas simples y sencillas como una manzana por ejemplo, así que ojo los que tienen diabetes como es mi caso.",10,2025-02-16 18:57:37+00,1
"Excelente local, no meio da natureza,  todos os quartos tem saída direta para ao ar livre,  ótima piscina e atendimento.",10,2025-02-16 22:24:58+00,1
" Adoramos as instalações, toda a manutenção dos jardins e dos prédios estava impecável. Lindo o lugar!!  Achamos que a comida deixou um pouco a desejar. Tudo muito salgado, tanto no café da manhã quanto nos jantares. E pedimos picanha no The Grill na sexta que era para ser ao ponto mas veio muito bem passado. Sempre tinham muitas opções no cardápio, mas em geral, pela qualidade do resort, esperávamos comida um pouco mais sofisticada.",8,2025-02-17 11:49:53+00,1
"Hotel maravilhoso, super recomendo para todos, tudo perfeito desde a chegada até a saída. Refeições muito bem servidas e com muita variedade. Funcionários super dedicados e simpáticos. Especialmente a equipe de recepção e central de atendimento. Todos são impecáveis. ♡",10,2025-02-17 13:09:02+00,1
 La calidad de las instalaciones y calidad del personal.  Si bien contaban con algunas actividades para la entretenicion me parece que eran  escasas creo que contar con grupo de animadores qué difundan e incentiven al público haría un cambio. Esto sin exagerar para no molestar el descanso de los pasajeros.,8,2025-02-17 13:19:00+00,1
" La taille de la chambre et le parc  Pour un 5 étoiles, ne pas disposer de verres et de tasses dans la chambre est incompréhensible. 
Le buffet du soir est varié mais là cuisine n'est pas très élaborée. Beaucoup de plats sont tièdes.
Tourisme de masse style club.",7,2025-02-17 14:36:40+00,0
"Todo ok!!!
excepto por El tema que la animación para niños no habia quien lo haga en español, todo era en portugues... ninguno de los chicos que estaban le traducir para mi hijo, asi que no pudo disfrutar de los juegos y actividades para kids",10,2025-02-17 14:52:56+00,1
"In general it was a very nice experience, friendly staff and good infrastructure. Children have fun in a safe space. Location is very convenient, specially when heading to the airport.",10,2025-02-17 23:57:28+00,1
 Todo! Impecable hermosa estadía.  Nada que decir!,10,2025-02-18 00:11:14+00,1
"Ótima experiência 
Vale a pena",10,2025-02-19 00:00:00+00,1
Todo excelente,10,2025-02-19 22:45:32+00,1
"Experiência marcante em família.
Lindoooo lugar. ❤️",10,2025-02-20 03:34:33+00,1
" Ci è piaciuto tutto, dalla ampia colazione a buffet agli ampi spazi verdi della struttura, dalla hall molto scenica al personale molto attento e collaborativo.
Abbiamo più volte cenato al ristorante della struttura, a buffet, ed era anche lì tutto buonissimo.
Piscina meravigliosa.
In definitiva...consigliatissimo.  Nulla.",10,2025-02-20 08:56:17+00,1
" El hotel en general es espectacular y las actividades que tienen todos los días para los niños son excelentes  Ofrecen mostrar los hoteles que tienen dentro de la cadena en una charla que dicen dura 45 minutos. Esto es una mentira muy grande ya que no baja de un promedio de dos horas (todos los que fuimos a la charla los diferentes días nos pasó lo mismo). La charla no es solo para mostrar los hoteles y lo que se puede hacer; es para vender un plan de vacaciones a 15 años, el cual tratan de vender por absolutamente todos los medios para ser parte de lo que llaman exclusive guest. Al no haber aceptado todas las ofertas se ofuscaron. Como recomendación no acepten esta charla.",10,2025-02-20 16:38:04+00,1
"Tudo perfeito , principalmente as refeições.",10,2025-02-21 00:00:00+00,1
" If you are looking for a resort, this place ticks all the boxes. The accommodation is spacious and sound proof and there are swimming pools everywhere.  The main pool was quite crowded and the property felt rather overcrowded by a business get away taking place there. Also, the non-buffet restaurant was closed while we were there but no one thought to let us know in advance.",6,2025-02-21 00:27:37+00,0
"Amamos a estadia recepção cafe da manhã  jantar mas amamos  as gostosuras do lobby bar nossa favorita tilapia dore atendimento de toda equipe e maravilhoso mas o atendimento do tiago do lobby e um espetaculo que educação top .Claudete e Anderson garçons Simone chefe dos bares, cafe Neli ,dona Vera .enfim gratidão a todos.",10,2025-02-21 18:46:48+00,1
"Um dos meus resorts favoritas!
Dessa vez o tio forte passou pela gente com muita alegria e diversão. Fez muita mágica!! Ele está de parabéns",10,2025-02-22 16:51:40+00,1
" El estilo la comodidad de las habitaciones y la tranquilidad la pileta muy buena  El precio ofrecen en el
Hotel es muuuuucho
Más elevado del
Que se consigue en una app y hubieras estado bueno que el precio del
Hotel incluya una ronda de golf para golfistas",10,2025-02-23 15:35:56+00,1
" Bom espaço no quarto  Acomodação antiga!!!!
Cama era para ser de casal mas juntaram duas camas de solteiro",7,2025-02-23 22:44:19+00,0
" Estrutura , cuidado com área externa, refeições",10,2025-02-24 00:49:35+00,1
"El hotel es muy lindo, las habitaciones son cómodas y tienen buenos placards. Los empleados no son muy amables. Las habitaciones estan lejos de recepcion y el kids club mas lejos. La media pension no incluye bebidas. Las aguas que venden son tan chiquitas que son necesarias 2 para cenar. No es un hotel muy guest friendly, ni siquiera un agua de cortesia. Las actividades del hotel son poco atractivas.
Cerca de cataratas del lado de Brasil, lejos de las argentinas.",6,2025-02-24 11:09:45+00,0
" De toda estrutura do hotel, café da manha muito boa e bem servida, equipe no geral nos receberam muito bem, e são bem atenciosos.  O banheiro poderia ter um manutenção no box do chuveiro, a agua vazava p fora do mesmo.",9,2025-02-24 18:50:50+00,1
"Hotel é excelente, comida maravilhosa. Quarto é bom, porém é a segunda vez que me hospedo e não tem uma parte do box no banheiro.
Serviço dos mensageiros é rápido. 
Do ponto de vista de cliente e da negociação do evento, sugiro um atendimento mais acessível e gentil.",10,2025-02-25 00:00:00+00,1
"Pontos positivos:

O resort é muito bonito, com uma estrutura bem planejada e ambientes agradáveis. Os quartos são confortáveis e bem equipados. A qualidade da comida foi um destaque positivo.

Pontos de melhoria:

As piscinas precisam de mais cuidado e manutenção. Algumas áreas aparentavam falta de conservação.
O atendimento na recepção precisa melhorar significativamente. O processo de check-in e solicitações foram lentos e pouco eficientes.
O serviço nas piscinas externas, exceto na principal, foi inexistente. Não havia atendimento adequado para pedidos ou suporte aos hóspedes.
No restaurante The Grill, apesar da boa qualidade da comida, o atendimento deixou muito a desejar. Estávamos em um grupo grande e havia apenas um garçom atendendo, o que gerou um serviço confuso e extremamente demorado. Parte do grupo foi atendida primeiro, enquanto a outra metade, incluindo crianças, precisou esperar muito tempo para conseguir fazer seus pedidos.

A experiência no resort poderia ter sido excelente, mas os problemas no atendimento comprometeram a estadia. Espero que esses pontos sejam levados em consideração para aprimorar a qualidade do serviço e proporcionar uma experiência mais satisfatória aos hóspedes.",8,2025-02-25 01:11:16+00,1
 Food and surroundings were fabulous  We rang reception for a buggy to help with our luggage at check out but oneone came so we had to carry our cases up the stairs.,8,2025-02-25 15:16:29+00,1
"Hotel excelente, estrutura linda. Só melhorar em pontos específicos.",8,2025-02-25 19:48:22+00,1
"Excelente hotel! Melhor da cidade em conforto e hospitalidade.
O evento WISH MUSIC FEST foi fantástico 👏 Pude levar meus filhos e curtir os shows com todo o conforto enquanto eles ficaram na recreação. Final de semana especial com a família 😁",10,2025-02-26 00:00:00+00,1
"Lugar agradável, comida saborosa e funcionários educados e sorridentes. Muito solícitos.",10,2025-02-26 01:48:20+00,1
"La ubicación es perfecta, siempre y cuando se cuente con auto. Está en un punto intermedio entre fronteras, cataratas, parque acuático y centro de Foz.",10,2025-02-27 15:54:33+00,1
Lugar fantástico!!,10,2025-02-27 16:30:12+00,1
"Para hospede que deseja custo/beneficio o hotel é ideal.
observação - ""O cafezinho serviço nos restaurantes e bares é horrível. Mudem a marca ou qualidade para tipo arábico como Illy, Mokaroma, Café ++, e outras e assim acrescentarão um padrão equiparado com a gastronomia oferecida que é de boa qualidade. Um  UP GRADE desse tipo irá trazer mais qualidade ao hotel como também ao atendimento exemplar dos funcionários""",10,2025-02-27 20:01:41+00,1
"Lugar incrível e aconchegante, fiquei muito satisfeita com a minha estadia, não tive nenhum problema e consegui aproveitar muito bem. Os funcionários são educados e prestativos em tudo, gostaria de deixar um elogio pontual para o Geraldo dos serviços gerais, funcionário exemplar!!",10,2025-02-28 00:00:00+00,1
"Tudo de mais maravilhoso. Foi um dia inesquecível, minha família curtiu muito, piscina serviço e cardápio ótimo de alimentos e bebidas  , restaurante principal do almoço alacarte e jantar bufet com alta gastronomia em risoto, grelhados , pizzas, saladas e sobremesas em geral tudo maravilhoso e atendimento das equipes excelentes, obrigado a todos por fazer parte dessa alegria e satisfação que passamos junto a minha família amamos tudo,",10,2025-02-28 00:00:00+00,1
"Mi experiencia en el Hotel Wish fue realmente increíble y sin duda lo recomendaría. Uno de los aspectos que más destaco sin duda es la atención del personal. En todo momento estuvieron atentos a nuestras necesidades, especialmente en la zona de la piscina. 
Durante nuestro almuerzo, tuvimos la suerte de ser atendidos por Thiago, quien fue increíblemente amable y atento con nuestra familia, haciendo que la experiencia fuera aún más agradable. Además, la comida es exquisita, con una gran variedad de platos bien preparados y de buena calidad. Todo estuvo delicioso. 
En general, al Hotel Wish lo recomiendo al 100% para quienes buscan comodidad, buen servicio y un momento para relajarse.",10,2025-02-28 00:00:00+00,1
"Todos os colaboradores muito atenciosos, era meu aniversário e mesmo sem contar para ninguem fui surpreendido com um belo bolo no quarto, local muito charmoso com um belo campo de golfe, aonde fui atendido super bem pelo senhor Geraldo que me respondeu todas minhas dúvidas sobre o esporte golfe. Nota 100/10",10,2025-02-28 00:00:00+00,1
"Excelente gastronomía, muy variada, ideal para experimentar nuevos sabores de la cocina gourmet. Instalaciones de primer nivel, con piscina, gimnasio, jacuzzi, spa etc. para disfrutar en cualquier momento del día. Atención 5 estrellas por parte de los meseros y comensales que merodean atentamente por las instalaciones para brindar un servico rápido y cómodo sin necesidad de levantarse del asiento. Mención especial para el mago Tiago que brindó un gran espectáculo en las afueras de la piscina y dió a conocer este espacio para opinar y calificar la experiencia  en el hotel.",10,2025-02-28 00:00:00+00,1
 Es una experiencia increíble maravillosa la calidad humana la atención hermosa todo su personal y sobre todo la seguridad 👌,10,2025-02-28 00:05:36+00,1
 Todo,10,2025-02-28 12:56:17+00,1
Ainda não me hospedei mas já tenho reserva confirmada para 5 diárias. Estou preocupado e desanimado com as avaliações que estou vendo aqui. Me passa uma imagem de que o hotel não está bem cuidado e precisando de manutenção. Isso não é bom para o hotel e nem para os hóspedes.,4,2025-02-28 22:21:12+00,-1
" A truely magical place where you can experience luxury, all inclusive and the best service a resort has to offer. The food was amazing, every day the breakfast and dinner offer a wide variety of fresh product and meals. The staff was very attentive and did their very best to treat you like a king. The best ever I would say!",10,2025-03-01 02:14:04+00,1
Hermoso hotel . El desayuno y la cena son muy buenos. El personal súper atento,8,2025-03-01 09:17:38+00,1
"Serviço impecável, o melhor café da manhã que vi,  já estamos programando o retorno ao hotel sensacional.",10,2025-03-01 15:00:56+00,1
"Muy buena atención de todos los empleados del hotel, un hermoso espacio para compartir en familia amigos o solo un viaje para relajarse. Quedamos encantados con el hotel, es muy tranquilo y muy limpio, no llegamos a usar el gimnasio ni el bar de la piscina por eso no calificamos 5 estrellas ⭐️",10,2025-03-01 18:00:31+00,1
" Las habitaciones buenisimas  Mi esposa es celíaca, y consulto al chef qué comer, y le dio alternativas de que comer, y algo le indico mal y pase una muy mala situación al día siguiente le prepararon comida especial y no tuvimos ningún problema, quiero destacar la excelente atención de Lucas y Fatima que se esmeraron para atender a mi esposa",8,2025-03-01 23:02:30+00,1
 Las instalaciones hermosas. Con piscina privada y desayuno espetacular!!!  La cena es bouffet.. no creo que convenga el relación al precio sobre todo por los niños que no comen mucho.. y no te dan opción de cena a la carta salvo el lobby con opciones acotadas.,10,2025-03-02 16:48:06+00,1
 Room was small and looks very old,7,2025-03-02 17:18:20+00,0
"En general muy buena experiencia, solo podrian mejorar la tempratura y limpieza de las psicinas. El fin de semana se llena mucho y se hace muy pequeña la psicina y las areas de las reposeras",8,2025-03-03 14:53:35+00,1
"Estou tendo uma experiência bastante desconfortável no hotel. Sob um calor sufocante, os restaurantes, incluindo o restaurante principal, não oferecem opções em áreas ventiladas para hóspedes que não podem fazer as refeições no ambiente interno. Como estou com meu cachorro, não posso permanecer na parte interna (o que entendo perfeitamente), porém, ao solicitar um ventilador ou qualquer alternativa que tornasse o espaço mais tolerável, fui informada de que não havia o que ser feito.

Os guarda-sóis das piscinas, além de mal posicionados, são insuficientes para a quantidade de hóspedes. De modo geral, as áreas externas não estão preparadas para o calor extremo.

O ponto positivo do hotel é a cordialidade da equipe, sempre muito educada e atenciosa. No entanto, percebo que os funcionários não têm autonomia para atender a determinadas demandas, o que limita a possibilidade de resolver essas questões.

Detalhe: faço parte do programa Exclusive Guest e, até o momento, absolutamente nada na minha estadia justifica o valor exorbitante pago para isso.",2,2025-03-03 21:57:01+00,-1
 Quartos,10,2025-03-04 12:50:41+00,1
 Muy buena ubicacion y el desayuno fue mas de lo esperado,9,2025-03-04 22:40:52+00,1
Hotel maravilhoso. Funcionários muito atenciosos. Variedade de opções de alimentação,10,2025-03-05 00:00:00+00,1
"Quarto grande, cama, travesseiros e lençóis ótimos. Cafe da manhã muito bom. Os quartos são divididos em casas espalhadas pela propriedade, achei a ideia legal, mas poderiam avisar antes pra podermos ficar perto da família ou amigos. E talvez disponibilizar os carrinhos de golfe para transporte de quem fica mais distante",10,2025-03-05 00:00:00+00,1
" Grounds  Food small room with the bed for 2
Cramped bathroom",8,2025-03-05 11:59:36+00,1
" El hotel es muy lindo. La comida es excelente, mucho mejor que otros hoteles de la zona de la misma categoría. Es un hotel tranquilo, ideal para relajarse  Las habitaciones son chicas, pero igual está bien. La zona recreativa está un poco alejada, pero tiene que ver con el diseño del hotel, así que está muy bien.",10,2025-03-05 14:56:26+00,1
"Estivemos nesse feriado de carnaval pela segunda vez no Resort e novamente ele não decepcionou, desde o pessoal da recepção ao staff de atendimento e recreação, todos muito cordiais, atenciosos e muito prestativos. Quartos amplos e muito bem cuidados pela equipe do hotel. 
O café da manhã continua excelente, com bastante variedade e frescor. A nossa hospedagem incluía meia pensão e escolhemos o jantar para todos os dias e a variedade de opções nos impressionou, os pratos eram preparados com ingredientes frescos e de alta qualidade, ótimas opções de pratos quentes, massas, pizzas, saladas e carnes grelhadas, a gastronomia era para todos os gostos e preferências. Na mesa de sobremesas, os doces eram uma festa a parte para os olhos e o paladar. Excelente. 
No bar da piscina, o atendimento do grande Wilson foi sensacional, sempre muito prestativo e atencioso, não nos faltou nada. 
Também gostaria de deixar um agradecimento muito especial à Ayala da Recepção e ao Matheus pelo carinho e dedicação em nos proporcionar a excelente estadia que tivemos. 
Aproveito para agradecer também a camareira Nordelis Almeida que cuidou das nossas habitações com muito apreço e sempre muito prestativa em nos ajudar quando necessário. Não vemos a hora de retornar.",10,2025-03-06 00:00:00+00,1
"Realmente conocí otra forma de vacacionar en familia y encima me traje amigos a los cuales cuando ellos vengan a la Argentina pienso agasajar, un lujo el lugar, la perfección de la gente cuando le gusta lo que hace. Obviamente que voy a regresar y conocer toda la cadena Wish.",10,2025-03-06 00:00:00+00,1
"Foi boa mas poderia ter sido melhor. A Música alta na piscina, a falta de manutenção no Hotel e o restaurante atrapalharam bastante a experiência.",6,2025-03-06 00:35:45+00,0
Ao forem fiquem espertos a palestras que são convidados a participar pois tem alguns mal educados em especial a atendente Samira,8,2025-03-06 12:59:02+00,1
"Experiência única, cordialidade dos funcionários e atenção em resolver nossas solicitações, mesmo com o hotel super lotado . Parabéns.",10,2025-03-06 13:42:53+00,1
 Muy Completo,9,2025-03-06 17:26:18+00,1
" Excelente ubicación, habitación cómoda, tranquila y espaciosa. El personal es, en general, amable y dedicado. Además de la piscina principal, hay otras individuales que corresponden a algunas habitaciones y dan mayor privacidad. El predio abarca varias manzanas y tiene servicios adicionales, incluido un campo de golf.  La cena y el almuerzo en el restaurante (buffet) son de calidad media. La música en la pileta principal es demasiado estridente e invasiva. El agua de las piscinas está caliente, lo que no ayuda a refrescarse en días tórridos. A veces hay que hacer algunos minutos de cola para ser atendido en la recepción, aunque debe remarcarse que la atención del personal es, en general, muy buena.",8,2025-03-07 05:05:43+00,1
Hermoso,10,2025-03-07 16:45:41+00,1
 Everything. Buffet amazing and lots of choice for both breakfast and dinner. Staff very kind. Every great  Nothing,10,2025-03-08 13:10:35+00,1
"Eu realizei o check in online, mas demorou da mesma forma se eu não tivesse realizado. O hotel é bom, mas poderia rever os valores praticados nas bebidas, no restante todos muito atenciosos.",8,2025-03-09 00:00:00+00,1
"Achei o quarto família sujo, sem dedetização adequada, bancada cheia de formiga, barata debaixo da bancada do banheiro, camareiras só fazem a cama, não limpam nada, porta empenada, ducha higiênica com problema, sem manutenção adequada!",4,2025-03-09 00:00:00+00,-1
Excelente,10,2025-03-09 19:38:20+00,1
"A experiência como um todo foi muito boa. Contudo, como hóspede, sinto-me à vontade para fazer observações/críticas, de forma construtiva para melhorar a estada. Me hospedei no quarto 1409 com minha esposa::
- torneiras do box e pia, o chuveiro, a duchinha, o banheiro como um todo, está precisando de uma atualização. Estão antiquados. Na noite que chegamos o ralo do box estava entupido, quase inundando o banheiro no banho. Liguei na recepção (ramal 9) e rapidamente vieram ao quarto e resolveram;
- ainda no box, o vidro está encardido, precisando de um tratamento para retirar manchas;
- o mesmo box vaza água pela pedra do batente pro banheiro;
- apenas um copo no quarto. Normal que minimamente dois copos estejam disponíveis (casal);
- a tv é antiquada e não é smart, não permitindo assistir canais de streaming. Convenhamos, em 2025, e pelo preço da diária, já passou da hora de trocar essa tv, não acham?;
- na varanda, pedras de acabamento pela parte interna estão faltando. Parece que caíram em algum momento e não foram repostas.
Em suma, são essas as observações que tenho para melhorar a experiência.",8,2025-03-09 20:38:34+00,1
Muy bien hotel,8,2025-03-10 00:00:00+00,1
 La nature environnante. La piscine.  Le restaurant où toute la nourriture était industrielle et sortait du congélateur.,7,2025-03-10 13:23:59+00,0
"O Hotel e a equipe é incrível, acomodações, alimentação e limpeza perfeita",10,2025-03-10 14:48:03+00,1
" Sempre ficava hospedado neste hotel,é um lugar tranquilo  Limpeza dos banheiros,e disponibilidade de quartos para família",6,2025-03-10 15:28:17+00,0
Wish é um lugar incrível!!!,10,2025-03-10 19:56:26+00,1
 Quarto amplo e confortável. Com vista para a área de preservação.,10,2025-03-10 20:14:36+00,1
"Deixou muito a desejar, quartos antigos, enxoval surrado, encardido, banheiro que fiquei estava entupido e a ducha fica encostada na parede, não dava para virar a cabeça para trás para lavar, pq batia a cabeça na parede. Ar condicionado sem manutenção, não fizeram a reposição das amenities , nem copos limpos. Esqueci uma camisa no hotel, e entrei em contato, não foi em encontrada, sendo que a camisa ficou sobre a cama. Um verdadeiro descaso. Pelo valor da diária, não vale o investimento. Piscina razoável, e café da manhã faltando até yogurtes.
Não retornarei, e com certeza não indico para ninguém.",4,2025-03-10 21:10:17+00,-1
"Estivemos no wish para comemorar o aniversário do meu esposo no restaurante golf grill,uma experiência maravilhosa😍
Fomos super bem recebidos na entrada do restaurante pelo Fitipol,e no decorrer da noite todos foram muito atenciosos e solícitos conosco,em especial o garçom Darci ,ele foi muito prestativo e impecável em seu atendimento☺️o buffet estava magnífico
Obrigada a todos q contribuiram p tornar nossa noite agradável e com gostinho de quero mais",10,2025-03-11 00:00:00+00,1
"Realizar a limpeza dos corredores de acesso aos quartos.
Colocar brinquedos nas piscinas infantis.
Instalar quadra para beach tenis e vôlei de areia.",10,2025-03-11 00:17:34+00,1
"Depois de não aceitar o pacote de almoço oferecido pelo recepcionista, fui jogado no bloco 16. Fica no final do hotel e muito longe das áreas principais do hotel.  Além disso o banheiro estava cheio de vazamentos e manutenção por fazer.  Sumiram alguns itens da minha mala.  Infelizmente não tenho como provar, então assumi o prejuízo.  Como ponto positivo destaco o café da manhã. Mas não voltaria no hotel.",4,2025-03-11 03:51:21+00,-1
"Hotel incrível, atendimento impecável, refeições espetaculares, vale cada centavo investido. O Hotel tem uma área verde imensa, delicioso para uma caminhada, piquenique, pedal. Amei o hotel e foi inspirada nesse hotel
Que me filiei a rede exclusive Guest. 
Tudo impecável",10,2025-03-12 00:00:00+00,1
"O hotel, no geral, é bom.  Mas confesso que ficou muito aquém do que esperava. 

A jacuzzi  permanecia sempre com água fria, cheiro estranho, suja e sem hidromassagem.

A comida do restaurante, principalmente no jantar, estava bem ruim: fria, sem muitas opções, e com aspecto de reaproveitando (pouca coisa nova). Aliás, a adesão ao jantar não vale a pena de jeito nenhum.

O nosso quarto vivia cheio de formigas (grandes) pelo chão, principalmente no banheiro e próximo à porta da entrada.

Estavámos com um bebê de seis meses, usando carrinho, e nos colocaram em um quarto longe, com escadas e sem acessibilidade.

Em síntese: o hotel é caro pelo que oferece!",6,2025-03-12 00:00:00+00,0
"Fui c minha família comemorar meu aniversário no wish ,restaurante Golf grill,ao chegar na porta do restaurante fomos recepcionados pelo Fitipol ,q nos apresentou o restaurante e o buffet, em seguida o garçom Darci deu continuidade no atendimento, tenho q ressaltar a excelência do seu atendimento,todos o colaboradores foram gentis e atenciosos conosco,o buffet estava perfeito
Obrigado a todos por tornar nossa noite maravilhosa",10,2025-03-12 00:00:00+00,1
"O hotel é lindo, o quarto é super espaçoso e aconchegante. Os atendentes são simpáticos e prestativos. A recreação infantil é um show à parte, é muita brincadeira o dia todo. A recreação para adulto deixa um pouco a desejar poderia ter uma piscina mais animada talvez tenha sido a época que visitei. A comida é saborosa e sempre muito caprichada. A acessibilidade deixa um pouco a desejar pela distância principalmente para acessar a piscina. Os demais espaços são lindos e requintados.",10,2025-03-12 00:00:00+00,1
" The amenities were excellent the staff went up and above to help and make our stay one to remember for all the right reasons ,the buffet breakfast and evening meal were exceptional . The buffets had an excellent choice of foods and drinks available  Nothing not to like !",10,2025-03-12 00:11:34+00,1
"Un lugar muy grande y lindo, buen servicio y mucha comodidad, la piscina un lujo y el gym muy bueno",10,2025-03-12 00:54:09+00,1
 Entire hotel set up was excellent,10,2025-03-12 19:10:57+00,1
"Estrutura do hotel excepcional, o quarto com um ótimo espaço, as piscinas enormes, fora que tem várias piscinas pequenas perto das acomodações. Hotel tbm conta com um cronograma de atividades, voltaria mais vezes com toda certeza do mundo.",10,2025-03-13 00:00:00+00,1
"Un lugar hermoso, con todas las comodidades posibles. La comida es muy buena y el desayuno muy completo.
El personal es atento y siempre dispuesto.",10,2025-03-13 13:01:48+00,1
Problemas com ar condicionado nos dois quartos...,8,2025-03-14 00:00:00+00,1
"Incrível , aconchegante e ambiente muito familiar!",10,2025-03-14 17:28:30+00,1
Me encantó el lugar,10,2025-03-14 21:33:55+00,1
"Excelente área verde. Quarto muito amplo. Café da manhã delicioso. Além da piscina central, há várias piscinas menores e ""jaccuzis"" perto dos apartamentos/vilas.",10,2025-03-16 14:34:27+00,1
" Travesseiros  Pessima experiencia! As camas se movem, banheiro necessitando de reformas, cobertores gastos, puídos e o pessoal sem disponibilidade alguma! Tudo antigo e mal cuidado",1,2025-03-16 14:46:31+00,-1
" Comfortable and clean rooms.  Rooms and dinning room need urgent refurbishment.
Looks old.
Lousy food. Worse than in a military Barack!
This hotel definitely is overrated. It should be a 3 star, tops.",6,2025-03-16 18:02:23+00,0
" O hotel é lindo, comida excelente, atendimento muito bom!  A televisão poderia ser smart, nos dias de chuva ou antes de dormir gostaríamos de ver uma série…",9,2025-03-16 21:28:16+00,1
Alles top!,10,2025-03-17 00:00:00+00,1
" Da infraestrutura e instalações, atendimento , alimentação.  Só deixou a desejar o banheiro que não tem box e molha  toda o ambiente.
Piscina externa poderia ser aquecida
.
.",9,2025-03-17 00:19:40+00,1
 Great staff extremely friendly,10,2025-03-17 10:50:24+00,1
"Penso que o treinamento de novos garçons deveria ser realizado por meio de cursos e não através do atendimento direto ao hóspede, pois, não raro, envolve este último nas falhas próprias do período de aprendizado, notadamente das rotinas básicas do atendimento, demonstrando que o hotel (erroneamente) utiliza seus hóspedes para treinar seus funcionários. Nota-se também, pouco cuidado com o recolhimento de louças e talheres das mesas, sendo lançados sem nenhum cuidado um sobre os outros em um balcão atrás das mesas próximas das paredes, produzindo um forte barulho durante o café da manhã e também durante as principais refeições. Há de se demonstrar maior apreço ao trabalho.",8,2025-03-17 15:47:53+00,1
"Tivemos a oportunidade de participar do evento beneficente e ficamos profundamente impressionados com a dedicação e o compromisso do hotel com a causa. A organização foi impecável em todos os detalhes, demonstrando profissionalismo e sensibilidade. Desde a recepção até a execução do evento, cada aspecto foi cuidadosamente planejado, garantindo uma experiência inesquecível para todos os presentes. É inspirador ver um hotel tão engajado em apoiar ações solidárias com tanta excelência",10,2025-03-18 00:00:00+00,1
 Quartos espaçosos e muito limpos,10,2025-03-18 16:01:30+00,1
"Hotel muito bom na limpeza, nos colaboradores, na alimentação.  Área de lazer sempre limpa.",10,2025-03-19 12:56:59+00,1
" La structure
Le buffet du petit-déjeuner",10,2025-03-20 00:08:19+00,1
 . El lugar es muy agradable esta bien cuidado  el desayuno y la cena muy buenos!  Demasiado elevado el precio por lo que ofrece. Nos pareció increíble que en un hotel 5 estrellas las habitaciones no tengan tv smart. Viajamos con niños y ni preguntamos porque nos parecio  obvio. Te llegas a enfermar o te tocan feos dias y queres ver una película  y no podes. Por otro lado tampoco entiendo cómo un hotel 5 estrellas no tiene una piscina climatizada..  si te tocan dias de lluvia y estas con chicos tenes que orte del hotel a buscar otra actividad ya que para ir a desayunar o a cenar tenes que trasladarte de las habitaciones hasta el comedor a la intemperie. Al no haber tv Smart en la habitación y no tener piscina climatizada no hay mucho por hacer. Las actividades para los niños nunca las vi. El lugar es muy agradable esta bien cuidado pero esperaba mas.,6,2025-03-20 16:50:26+00,0
"Un lugar .... soñado!!, para compartir en familia o con amigos,
Mucho mas de lo imaginado",10,2025-03-20 18:06:03+00,1
"Atendimento maravilhoso!  Funcionários atenciosos!
Quero deixar um elogio especial pra  Izaura, lá no restaurante!",10,2025-03-20 21:45:16+00,1
A very mediocre experience. It feels like the hotel ownership has not put in sufficient funds to keep the place up properly. Most common areas are showing wear and are in need of refreshing. The food offerings are also quite disappointing in quality.,6,2025-03-21 00:00:00+00,0
"Hotel tem um bom custo benefício, ótima piscina e destaque para os funcionários muito atensiosos, gostaria de destacar o atendimento da Isaura, pessoa solícita, simpática, extremamente bem humorada e carinhosa com meus fihos de 10 anos.",8,2025-03-21 00:00:00+00,1
"A experiência foi maravilhosa, do começo ao fim. 
Começando pelas meninas do atendimento, que foram todas excepcionais! Ana Moreno, Dieily, Suellen, Gabi e o Alessandro, só tenho a agradecer por toda a equipe do Hotel. 
Os serviços ótimos, os clientes amaram o A/B, as salas e principalmente o Club House.
As casas são lindas, o espaço em si do Hotel é muuuuuito convidativo. Não da vontade de ir embora. 
Obrigada a todos os colaboradores do Hotel, que tornaram a nossa experiência única. Foi realmente uma semana muito prazerosa. Obrigada a todos os envolvidos",10,2025-03-21 00:00:00+00,1
Ótimo resort,10,2025-03-21 16:01:36+00,1
"Pésima atención.

1. Llegamos y las piezas del hotel estaban sucias y no preparadas. Después de tres llamadas nos mudaron. 

2. En la noche pedimos room service. 

A las 2pm llamamos para que retiren. Siguen sin retirar. 

3. No entraron a limpiar la pieza todavía. 

4. Ni un jacuzzi funciona bien.

5. Nadie asume responsabilidad y se disculpa.",2,2025-03-22 00:00:00+00,-1
"Estivemos hospedados em família, Minha esposa eu e as crianças. Foi muito legal. O resort está incrível, a alimentação está sensacional, a recreação pras crianças e adulto maravilhosa. Amamos muito. 
Equipe muito animada e gentil. Internet também muito boa. Trabalhei em alguns momentos e foi ótima para os Calls.",10,2025-03-22 00:00:00+00,1
" Absolutely stunning hotel. Staff are all friendly. Spotlessly clean. Beautiful grounds and pool. And a great location for the falls, and for getting to Argentina. 
Five stars!!",10,2025-03-22 10:43:30+00,1
Habrá sido lindo cuando era nuevo.  Pero no limpian no reciben bien.,2,2025-03-22 17:08:17+00,-1
"Hotel was a very good choice! very quiet, quite upscale, very good breakfast, big pool ... perfect place to relax. Though the place is not right next to the town and main road, it was easy to get an uber from there.",10,2025-03-23 00:00:00+00,1
"Be prepared to get very wet indeed, but a fantastic ride and a must do.
Be aware that decending to the boat and back up entails upwards of 300 steps! Some thing they don't tell you when booking, the 3 walks around the park are quite long but give different views of the falls 1 and 2 are very flat the 3rd walk is quite steep in places but all in all a very good trip",10,2025-03-23 00:00:00+00,1
" Buffets, location, great staff  No iron",9,2025-03-23 18:18:58+00,1
" la comodidas, las instalaciones  nada que decir",10,2025-03-24 12:46:17+00,1
"El hotel está ok. El personal no es muy bueno y no hace nada para que los huéspedes cumplan reglas mínimas de convivencia e higiene como no comer y tomar bebidas alcohólicas dentro de la piscina, ensuciándola. No se cumplen normas mínimas de higiene.",2,2025-03-24 16:38:56+00,-1
Perfeita.,10,2025-03-24 22:21:05+00,1
" Excelente desayuno y cena!!! Variado, de calidad, rico etc. Excelentes las instalaciones, hermoso hotel: habitacion, piscina, resto, loby, sum para juegos, servicios, personal, TODO. Super flexibles al check out, se dejan las maletas en un deposito y podes permanecer en el hotel, hacer uso de la piscina, toallas, servicio de resto etc. IMPECABLE.  No son cosas que no me gustaron, solo son mejorables. El hotel esta en las afueras de la ciudad ( a 8 minutos de las cataratas brasileras ) agregaria un servicio de transfer de cortesia diario hacia el centro de la ciudad. Por otra parte, el complejo es muy extenso. Para los adultos mayores o personas con dificultad para caminar, pueden tener que caminar hasta 300/400 mts. desde la habitacion al loby / piscina / desayunador y hay varias escaleras. Hay un carrito de golf pero es eventual, y si no debe alquilarse a U$S 150. Yo viaje con mi madre de 80 años y para ella era bastante distancia. Solo para tener en cuenta.",9,2025-03-25 20:14:11+00,1
"Lugar lindo e tranquilo com muito verde, Excelente para quem quer descansar. Todos funcionários super gentis e educados. A localização é ótima.",10,2025-03-26 11:15:31+00,1
 TODO MUY BIEN  ME GUSTO TODO,10,2025-03-26 21:49:28+00,1
"Visitei cerca de um mês atrás, a proposta do hotel é bem interessante, dando a impressão de que você está num condomínio de casas e não em um hotel, de tirar o chapéu. A localização também é bem bacana, pois fica próximo a todos os passeios. O hotel tem uma boa estrutura, porém em serviço deixa a desejar, café da manhã com reposição devagar, o que atrapalha o próprio fluxo dos hóspedes para se alimentar e deixar o salão. Serviço de quarto também não nos agradou, tínhamos a impressão de que não se fazia limpeza sobretudo do nosso banheiro. Achei um pouco invasivo um dos gerentes ficar mandando WhatsApp pra fazer programações sendo que já havia comentado com o mesmo que tínhamos programação. Fica aqui o feedback pra quem lê avaliações sinceras e honestas do Google, assim como também para o hotel.",8,2025-03-27 01:56:32+00,1
Muito bom. Vale o passeio,10,2025-03-27 10:13:47+00,1
"Ficamos num quarto familiar-acessibilidade porque no site constava ser maior (37m2, enquanto o padrão é 25m2). No hotel, afirmaram não ter diferença. Para PCD, o quarto era longe do restaurante e lobby. Assim, não recomendo para quem tem essa condição. Moveis mal conservados, piso quebrado, cheiro de mofo, torneira vazando. Pedimos para mudar e não nos atenderam (em 5 diárias). Saímos muito cedo e não pudemos tomar café da manhã (que é cobrado na diária). Pedimos, mas não concederam desconto. Tentaram cobrar coisas não consumidas. Não disponibilizam refil para água.",6,2025-03-28 00:00:00+00,0
"Es mi 2da estadia en el hotel; esta vez fuimos 2 familias a medidados de Febrero de 2025, exelente hotel y atencion de todo el personal.
A pesar de tener reservas separadas, nos consiguieron 2 habitaciones contiguas para estar las 2 familias juntas.
Las habitaciones son amplias y comodas, muy buenas camas, el baño compartimentado con una ducha exelente con buen caudal a cualquier hora ( no cambia aunque se abra otra canilla, que es muy comun siendo varios)
Tuvimos un inconveniente con un inodoro que se tapo, pero le servicio de mantenimiento lo resolvio de inmediato.
Algunos modulos estan lejos de la recepcion, pero se puede pedir transporte interno a recepcion, aunque es una linda y tranquila caminata para hacer.
Ademas de la piscina principal, hay piscinas mas chicas (y yacuzzi) distribuidos entre los modulos que pueden usarse libremente, y suelen ser mas tranquilos.
El desayuno es exelente, lo mismo que la cena buffet, mucha variedad al estilo de los buenos hoteles All Inclusive: hay carnes, pescados, fiambres, pastas, comidas elaboradas; y muy buena variedad de postres y frutas. Si se reserva la cena para toda la estadia tiene un descuento. En nuestro caso optamos por pagar por dia para conocer otros restaurantes y shopings por la noche.
La gente de recepcion siempre muy predispuesta (todos hablan castellano), nos solucionaron varios inconvenientes con objetos perdidos, muy buena atencion.
Muy buena la zona de juegos y deportes para chicos y adolescentes, queda un poco lejos del lobby pero todas son zonas seguras.
El servicio de Uber al hotel funciona bien, es economico, pero a veces con demora. Como alternativa se pueden pedir taxis que no son mucho mas caros. (los taxis pueden cruzar al Duty Free Argentino, o a C del Este, UBer no)
Unico detalle para corregir: la atencion de los mozos en la zona de la piscina principal es un poco lenta ya que no pasan seguido, quizas deberian colocar llamadores en cada mesa.
Sin dudas un lugar para regresar, lo recomendamos!
(Ah, como en muchos hoteles estan los vendedores de tiempo compartido intentado lograr una charla a cambio de un premio, no es mi preferencia, pero siempre fueron muy respetuosos al hablarnos)",10,2025-03-28 19:58:23+00,1
Simplesmente um hotel de sonho!,10,2025-03-28 20:29:13+00,1
"Excelente estadia , café da manhã variado e jantar com uma comida maravilhosa. Amamos o resort",10,2025-03-28 22:30:42+00,1
"Leia até o final. Resort com estrutura nova e elegante. Equipe bem treinada e atenciosa. Quarto limpo, moderno e espaçoso. Não se deixe enganar, a comida é uma porcaria. Paguei 180 reais pela pior feijoada da minha vida, uma vergonha alguém servir algo tão ruim. O café da manhã parece bom, mas os bolos são secos e o pão de queijo é duro e frio. No geral a aparência é boa, mas a qualidade não passa de média. Se fosse caro e bom, tudo bem, mas é muito caro e a qualidade da comida em geral é baixa.",6,2025-03-29 02:48:22+00,0
" No me gustó que permitían comer dentro de la pileta 
Baño habitación mal limpiado 
Faltaba secador de pelo en la habitación",7,2025-03-29 14:12:01+00,0
"Hotel excelente, tanto para casais, família, crianças e negócios. Muitas atrações, funcionários super atenciosos. O ponto negativo é ser longe do centro. Mas para quem vai descansar e curtir o hotel, fazer passeios básicos, super atende, como foi meu caso.",10,2025-03-30 00:00:00+00,1
"El lugar es hermoso. Muy cuidado. El buffet muy completo y rico.
Las habitaciones están full equipadas, la única observación es que la televisión es pequeña y no es smart.
La pileta hermosa, pero el jacuzzi dejó un poco que desear, estaba un poco sucio.
La atención de todos muy buena.
Muchas actividades para hacer durante el día.
Es ideal para familias",8,2025-03-30 12:54:52+00,1
" El servicio excelente, super atentos.  La habitacion familiar podía tener un baño un poco más grande pero en general me gustó todo",10,2025-03-30 14:18:23+00,1
Excelente,10,2025-03-30 21:58:13+00,1
"Fiz um evento e depois estendi minha estadia.
Só elogios, um hotel agradavel, os quartos passam um sensação especial, nem parecia que eu estava em um hotel.
Queria citar alguns nomes de pessoal que fizeram a diferença nos 8 dias que fiquei la.
Alan concierge, muito educado e solicito.
Carlos do restaurante, muito simpático e atencioso.
Fittpaldi me ajudou em vários momentos e super atencioso também.
Dieily, estava sempre pronta para nos ajudar em qualquer coisa do evento, atenciosa.
Ana, muito simpática e pronta para nos ajudar também.
Lucas, responsável pelas salas de eventos, me ajudou muito na festa e super solicito.

Obrigada a toda equipe Wish, fizeram toda diferença.",10,2025-03-31 12:16:19+00,1
"Foi agradável a nossa estada durante o fds em Foz do Iguaçu.  O resort Wish nos ofereceu uma maravilhosa recepção e acomodação. Só temos elogios ao serviço, estrutura e atendimento.  Já estamos com saudades!!!",10,2025-03-31 13:31:19+00,1
"Não achei um hotel 05 estrelas, está mais para 04 estrelas.
O hotel necessita de uma reforma no paisagismo da piscina, uma atenção a pintura do hotel e uma nova decoração nos aptos, o banheiro é antigo mas possui uma boa ducha.

O Spa é maravilhoso, ótimo antendimento e ótimos serviços.

A recreação ficou por conta do golf, uma experiência muuito legal comandada pelo Tio Forte que é muito atencioso.

Em geral, o atendimento do hotel é muito bom, a comida é excelente o que peca é na estruta que falta atenção.",8,2025-03-31 16:18:28+00,1
Las habitaciones están buenas pero no son algo de otro mundo. El desayuno y la cena genial. El personal administrativo y del comedor muy amable. Lo malo es en la entrada que no me ofrecieron un transporte y tuvimos que llevar el equipaje caminando desde seguridad hasta la recepción y era una distancia larga.,8,2025-03-31 17:28:19+00,1
"Tudo de excelente qualidade, colaboradores atencioso,local limpo ,comida maravilhosa",10,2025-03-31 18:26:49+00,1
" La majorité des clients font ce qu'ils veulent. Ils bougent les tables du restaurant et bloquent les accès aux autre clients. Ils boivent et jettent des boissons et de la nourriture dans la piscine. Ils utilisent la salle de sport sans t-shirt et sans serviette. Ils garent leurs voitures hors des parkings devant leurs  chambres en réveillant les voisins avec leurs radios et leurs cris et ils bloquent les passages pour les pompiers en cas d'incendie. Propreté piscines, jacuzzi et chambres à revoir. Chambres très mal insonorisées. Odeurs d'humidité et moisissures partout.  Bar de la piscine avec service nul  et qualité des boissons affreuse... 
Impossible de réserver des massages à l'avance, la réception refusant de le faire.

Seules choses positives: 
-Check out efficace avec transport des bagages depuis la chambre, 
-Nourriture bonne (sauf pour les viandes toujours très dures, 
-Angelo et le Maître D du restaurant qui font un travail formidable dans conditions très difficiles.",4,2025-03-31 21:33:16+00,-1
El hotel no le respetó el precio de la página.,10,2025-04-01 00:00:00+00,1
"Alles in allen sehr gutes Hotel, sehr gute Lage, sehr nettes und freundliches Personal, Sehr gepflegtes Hotel",10,2025-04-01 10:45:53+00,1
Maravilhoso,10,2025-04-01 12:21:25+00,1
Um hotel lindo e com bom serviço.  Os banheiros são um pouco antiguinhos mas nada q atrapalhe! O restaurante tem comida bem variadas e muito boa!,10,2025-04-01 18:52:10+00,1
"Péssimo atendimento, liguei várias vezes desde ontem para o hotel pedindo um retorno da cotação que eu solicitei no email de uma viagem empresarial e informando que estávamos com pressa para fechar, além das atendentes serem mal educadas, ainda por cima falaram que eu tinha que aguardar caso quisesse ser atendida. Claro que eu entendo que toda a empresa tem seu fluxo de demanda, porém achei um descaso, pedi que desconsiderassem a cotação, pois não tenho nenhum interesse em presentear os funcionários com uma estadia em um lugar cujo os primeiros atendimentos já foram ruins.",2,2025-04-02 17:47:55+00,-1
"Foi tudo ótimo!
Tivemos uma situação na recreação com a filha da minha amiga, fomos em família.
Esperamos o dia todo para a atividade da tirolesa com as crianças, ficou com medo de primeira via, depois viu as crianças descendo e quis, outros rapazes da recreação ia deixar  concordaram, só que esse tio Paçoca não deixou e ainda de maldade, tirou as roldanas, que era só enganchar e deixar e crianças descer, foi desagradável porque ele deu desculpa que ia atrasar a próxima atividade, só que não ia demorar 2 minutos deixar ela descer porque já estava praticamente no posto, e ele tirou roldanas, é claro que a criança chorou desapontada, eu e a mãe dela enganchamos sem roldana e deixamos ela descer. So ter mais empatia se tratando de crianças.
As atividades poderiam permanecer por mais tempo! E ainda o tio paçoca falou que na quarta teria ahahaha íamos embora no outro dia isso era sábado!",10,2025-04-02 18:57:28+00,1
"Resort maravilhoso , seria com certeza nota 5 mas nossa primeira impressão afetou nossa estadia no hotel , fiz a reserva com meia pensão e por um erro no sistema estava com somente café da manhã , argumentei com a recepção ( Ayala) que sem nenhum interesse nem não ao menos que me ouvir e ficava repetindo que nós não teríamos direito a meia pensão , liguei no call center ( sou membro exclusive Guest) os mesmos arrumaram a reserva de imediato , mesmo eu passando a atendente ela não arrumou no sistema ( estava na hora de ir embora não teria tempo de arrumar ) hotel com excelência , ótimas refeições , atendimento impecável de todos os outros funcionários , piscina excelente , acomodações tranquilas com individualidade ( ótimas noites de sonos ) sugiro uma reciclagem para a atendente afinal a recepção é o espelho do hotel , fora isso recomendo muito",8,2025-04-03 00:00:00+00,1
" Excelente servicio la cena y el desayuno impresionante, muy variado y mu rico todo!  Nada",10,2025-04-03 14:38:25+00,1
"No había secador de pelo en la habitación, después trajeron. El llamado a room service no ayudó nada. Dijo ver el código a lado de la cama y dijo que no traen comida del lobby bar. En el lobby bar dijeron que sí traen. Aparte de eso la estadía fue muy buena.",8,2025-04-04 20:16:43+00,1
"Hotel resort para golfistas. Alta calidad, Las habitaciones son como departamentos apartados de la recepción y lobby. Te llevan y/o traen en auto ante la necesidad o bien si vas cargado.
El personal muy ameno
El hotel es hermoso, moderno, fabuloso.
Desayuno 10 puntos y mas. Tambien. Variado, generoso, sabroso buena calidad, frescura y buen cuidado de los alimentos.",10,2025-04-05 00:00:00+00,1
"O hotel está muito bem localizado dentro de uma área de mata e com um lindo campo de golfe.. os quartos são espaçosos e espalhados pela propriedade.. a tv é muito pequena e a opção de canais muito restrita..o restaurante é pequeno , e quando chegam muitas pessoas, formam-se filas quilométricas.. as ilhas são separadas criando confusão.. a reposição é demorada.. a feijoada servida hoje no almoço precisa melhorar.. incompatível com a proposta do hotel! A carta de vinhos oferece poucas opções! O café é muito bom .. o checkin foi rápido e cortês",8,2025-04-05 00:00:00+00,1
Visita com 2 pessoas idosas,10,2025-04-05 01:57:57+00,1
Ótima atendimento,10,2025-04-05 02:11:14+00,1
" excellent breakfast, large room with private garden, great swimming pool, gardens very well maintained, near to airport  No USB port in room to charge mobile phone",9,2025-04-05 08:56:10+00,1
 Gostei de tudo.,9,2025-04-05 12:18:18+00,1
Um dos melhores hotéis que já fiquei realmente a limpeza e organização são um ponto a parte Parabéns!!!,10,2025-04-05 14:13:19+00,1
" Hotel resort para golfistas. Alta calidad, Las habitaciones son como departamentos apartados de la recepción y lobby. Te llevan y/o traen en auto ante la necesidad o bien si vas cargado.
El personal muy ameno
El hotel es hermoso, moderno, fabuloso.
Desayuno 10 puntos y mas. Tambien. Variado, generoso, sabroso buena calidad, frescura y buen cuidado de los alimentos.",10,2025-04-06 03:02:20+00,1
Lugar fantástico para reunião de negócios e laser.,10,2025-04-07 02:24:57+00,1
" Su naturaleza, y las instalaciones me gustaron. El telefonista del room service no era amable y con poca información. El personal del lobby bar fue excelente",9,2025-04-07 10:26:49+00,1
Boa experiência em Foz.,10,2025-04-07 12:13:45+00,1
"Lugar maravilhoso serviço excelente, porem houve uma convenção de grandes proporções e os hospedes “comuns” foram prejudicados!",6,2025-04-07 15:36:58+00,0
"Beleza e requinte.
Estrutura fantástica!",10,2025-04-07 23:53:44+00,1
Muy lindo !!!!!limpio bien ubicado grande y muy cómodo,10,2025-04-08 18:09:04+00,1
"Experiência maravilhosa, voltaria com certeza",10,2025-04-09 01:51:32+00,1
" Boa localização, café da manhã bom  Falta funcionar o restaurante a la carte.",8,2025-04-09 13:05:54+00,1
 Ótima localização assim como o apartamento do Hotel.,8,2025-04-09 13:14:50+00,1
Excelente hotel. Estrutura incrível e comida muito boa. Conceito de resort bem interessante. Quartos limpos e muito bem organizados. Adoramos a estadia.,10,2025-04-10 01:29:10+00,1
"O hotel é incrivel, a experiência é completa. Ótimo atendimento, equipe carismática e muito atenciosa durante toda a hospedagem.
Amei conhecer e voltarei com certeza",10,2025-04-10 15:19:13+00,1
"Conheço os hotéis do Grupo Wish e não é surpresa a qualidade do serviço, mas no Foz fiquei absurdamente encantada! O cuidado e atenção de cada funcionário, piscina, gov, academia, recreação, todos muito gentis e receptivos. Em três dias de viagem, dois inteiros fiquem no hotel, ele virou o destino!",10,2025-04-10 15:22:45+00,1
 Кайф,10,2025-04-10 18:00:12+00,1
" A estrutura do hotel, a cortesia dos funcionários , academia muito bem estruturada",9,2025-04-11 09:53:08+00,1
" Grand espace ! Buffet de grande qualité ! Le personnel est très agréable et à l'écoute.
Très bien située et au calme. Bien placé pour les chutes au Brésil.  Nécessite un petit coup de frais pour certaines chambres",10,2025-04-11 13:58:47+00,1
" Os quartos são confortáveis porém nossa unidade tinha danos no teto, ar condicionado desprendendo da parede e vazamentos de chuva na cobertura em frente a porta do quarto. Me pareceu falta de manutenção. Falta uma piscina aquecida.",10,2025-04-12 18:48:01+00,1
"Desde a chegada, no atendimento do pessoal da recepção de alto nível, até as acomodações são sensacionais! O restaurante entrega uma qualidade sem igual. Se fosse realmente descrever, seria um texto enorme! Mas deixamos então, registrado a enorme satisfação.",10,2025-04-13 00:00:00+00,1
"Hotel muito bom, as instalações são perfeitas e não falta nada dentro de todo o complexo. E as refeições são muito boas. Porém ha alguns pontos que poderiam melhorar:

1. O ralo do nosso quarto parecia entupido onde por duas vezes alagou o quarto, e avisamos da primeira vez, porém não foi feito nada aparentemente.
2. A piscina principal e perfeita porém as piscinas que há perto dos quartos não são tão cuidadas geralmente estão um pouco sujas, e as hidromassagem cheiravam um pouco mal.

No entanto, os funcionários são muito bons e atenciosos, cuidaram de nós com maestria. Recomendo a acomodação.",8,2025-04-13 00:00:00+00,1
"Hotel maravilhoso, quartos super aconchegantes e a comida então nem se fala, voltarei sempre",10,2025-04-13 02:45:49+00,1
" El lugar es hermoso, para disfrutar cada rincón con la familia, el que tengas la habitación separada al resto da esa privacidad que uno necesita, comida y desayuno abundante  Para ser un hotel al lado de la. Frontera Argentina el personal debería hablar español, incluso sólo canales en portugués. Lo mismo en  área de kids ya que cuesta crear una relación de confianza con los niños. 
Con respecto a la cena el menú es un poco repetitivo",8,2025-04-13 23:12:58+00,1
 Sempre uma boa estadia no Wish. Hotel confortável com uma natureza exuberante.,9,2025-04-14 01:42:16+00,1
 Agua da piscina muito fria,9,2025-04-14 12:43:23+00,1
"Estar hospedado no Wish foi uma experiência incrível. Destaco a enorme preparação da recepcionista que fez nosso check-in e check-out pela gentileza e vontade em ajudar (infelizmente não me recordo do nome), mas também toda a equipe foi nota mil, bem como a concierge Eduarda.
As acomodações são simplesmente incríveis e o contato com a natureza traz o toque especial na estadia. Infelizmente não encontramos tantas atividades recreativas no roteiro do hotel, mas de modo geral, tudo foi muito bom! Com certeza voltaremos.",10,2025-04-14 14:34:39+00,1
"Local bonito com muito verde, e proposta de acomodação diferente, saindo da estrutura de prédio único para blocos, dando sensação de estarmos em uma vila.
Café da manhã ótimos e o jantar com muitas opções de saladas e pratos quentes diferentes",10,2025-04-14 18:03:00+00,1
Foi ótima,10,2025-04-15 17:37:48+00,1
" Ist ein super auswahl in Iguassu, sehr schön, sauber, etc...
Hatte halbpension
Riesige buffet auswahl und sehr, sehr fein...",10,2025-04-16 19:25:42+00,1
 Hotel facilities.  None,10,2025-04-16 22:03:38+00,1
"Wish is an oasis in Foz, with beautifully well maintained grounds an",10,2025-04-17 00:00:00+00,1
 😻,10,2025-04-17 00:01:07+00,1
" Todo, hermoso! El personal del hotel es excepcional !",10,2025-04-17 11:34:41+00,1
"Tio forte e tia formiga nos atenderam , fizeram mágicas incríveis e deixaram as crianças impressionadas! Muito legal",10,2025-04-17 13:02:04+00,1
"Estar no Wish Golf Resort em Foz do Iguaçu foi uma experiência memorável. Logo na chegada, impressiona a arquitetura elegante do hotel, que se integra perfeitamente à natureza ao redor. Os espaços são amplos, bem planejados e revelam um cuidado especial com os detalhes, criando um ambiente acolhedor e sofisticado ao mesmo tempo.

As áreas verdes são um espetáculo à parte – bem cuidadas, com jardins floridos e caminhos arborizados que proporcionam paz e conexão com a natureza. É possível sentir o zelo diário da equipe em manter tudo impecável.

O atendimento foi outro ponto que merece destaque. Todos os colaboradores demonstraram simpatia, educação e disposição em ajudar, sempre com um sorriso no rosto. Em especial, quero agradecer ao Igor, que nos atendeu com otimismo e prontidão exemplar, transportando nossas malas até o quarto com gentileza e profissionalismo. É raro encontrar pessoas tão comprometidas em proporcionar uma boa experiência ao hóspede.

Sem dúvida, o Wish é um local onde tradição, natureza e hospitalidade se encontram em perfeita harmonia. Voltaremos com alegria!",10,2025-04-18 00:00:00+00,1
Hotel top tio forte e parca,10,2025-04-18 15:22:36+00,1
 La disposición de las habitaciones y el parque.,7,2025-04-18 16:56:21+00,0
Top de mais tio forte fez magicas,10,2025-04-18 19:21:50+00,1
"Topp atendimento , recreação café.",10,2025-04-18 19:26:40+00,1
" Jacuzzi , o restaurante muito bom .",10,2025-04-19 10:37:51+00,1
 La comodidad de las habitaciones  Variedad en la comida,9,2025-04-19 20:45:52+00,1
"Roupas de cama e banho extremamente simples, não condizentes com o perfil do hotel. O papel higiênico da área comum era melhor que o do quarto. Sinal de internet péssimo, hidro próxima ao quarto inoperante. Comida do hotel mediana, e simples para o preço cobrado.
Em geral, a experiência foi boa, mas para um hotel que busca ser de alto padrão, ela foi bem aquém do esperado. Ou seja, se tiver um preço bom, é uma opção interessante, caso contrário, procuraria outras opções.",8,2025-04-20 00:00:00+00,1
Tio Forte e tio Shan,10,2025-04-20 00:16:23+00,1
"Tio chan e tio forte foram muito gente boa, agradeço muito o trabalho deles!",10,2025-04-20 00:18:33+00,1
"Equipe muito divertida, educada e profissional!!
Obs* principalmente o tequileiro tio Chan e tio Forte",10,2025-04-20 00:22:54+00,1
Tio Chan e tio Forte são sensacionais,10,2025-04-20 00:25:11+00,1
"Todo muy lindo! Recomendable.
La habitación familiar muy amplia.",8,2025-04-20 11:03:26+00,1
"O hotel ocupa um espaço enorme, verde, arborizado, muito bonito. Os quartos estão localizados em grupos de casas, trazendo um ambiente mais acolhedor. As refeições tem boa variedade e qualidade, só os doces que são mais bonitos que gostosos. Possui uma boa área kids e de lazer, mas os monitores poderiam estar melhores treinados para conseguirem mais engajamento das crianças e dos adultos na realização das programações. A piscina principal é boa, grande. Senti falta de uma opção aquecida e coberta. Possui serviço de massagem, academia bem equipada, e bar. Foi uma ótima experiência e valeu o investimento!!!",8,2025-04-20 12:27:05+00,1
 La atención del personal  Que las bebidas no están incluidas en la cena y no está aclarado en ningún lugar al hacer la reserva,8,2025-04-21 00:18:31+00,1
"As refeições foram maravilhosas, todos os funcionários muito educados e solicitos. Foram dias tranquilos e felizes.",8,2025-04-21 02:00:51+00,1
Tio chan e tio forte são muito divertidos,10,2025-04-21 12:20:28+00,1
Très bon belle expérience la nourriture est bonne et varié ! L’animateur Top Forte est très divertissent,10,2025-04-21 13:14:24+00,1
" Localização excelente, perto das principais atrações turísticas de Foz de Iguaçu. Comida saborosa, boas opções de cardápio, quartos confortáveis.  N/A",10,2025-04-21 13:45:22+00,1
"Adoramos a experiência. Em especial a recreação foi uma surpresa maravilhosa. Meus filhos amaram. E o Tio Forte ganhou nosso coração! Tornou a experiência muito mais especial. ❤️
Escolhemos o hotel com base nos reviews que vimos on-line que indicavam a gastronomia como das melhores no local e se confirmou verdadeiro. Comida deliciosa e ótimos serviços.",10,2025-04-21 17:12:03+00,1
"We received amazing service from all staff. A special shout out for Izaura, one of the team members working at the breakfast buffet. The property is top notch and well kept. Lots of amenities and things to do. Only two days left us wanting more. I definitely recommend this hotel.",10,2025-04-22 00:00:00+00,1
"Muito bonito, tio forte é brabissimo!",10,2025-04-22 12:58:59+00,1
 estrutura maravilhosa e equipe perfeita e prestativa principalmente os carregadores de malas e motoristas dos carros de golf  wi fi infelizmente é pessimo no quarto,9,2025-04-22 13:18:11+00,1
 Espectacular el desayuno,9,2025-04-22 15:04:55+00,1
"Excelente hotel, muito agradável, próximo da fronteira da Argentina, aeroporto e parque das aves!!  Recomendo",10,2025-04-22 17:02:13+00,1
"Precisa melhorar a area KIDS urgentemente, esta defasada sem brinquedos e pouca atividade para as crianças.

Se nao houver mudanças nao iremos mais no hotel.

No geral tudo muito bom, equipe de trabalho Wish muito atenciosa e dedicado, ambientes limpos e boa comida.

Somente melhorar a area KIDS,",10,2025-04-23 00:00:00+00,1
"Muito boa a estada. Lamentei ter contratado para todos os dias passeios extra muros. Na próxima, curtirei mais o hotel.",10,2025-04-23 17:51:34+00,1
"Fomos muito bem atendidos desde que chegamos, todos os funcionários foram muito amáveis, estão de parabéns. Nos explicaram  atenciosamente o sistema,  No geral correu acima de nossas expectativas, a família ficou muito contente desde o inicio ate nossa saída.",10,2025-04-23 20:38:50+00,1
"Fantastic place to stay when visiting the falls! The staff was wonderful and very friendly. The breakfast buffet was a great way to start the day. We had dinner there twice during our stay and both times the food exceeded our expectations in quality, variety, and flavor! There were a couple of evening events while we were there including live music near the pool and a karaoke party.
We golfed one day and felt like we had the course all to ourselves. For the location, it was a really fun course to play. The rental clubs were a bit rough but we enjoyed just the same. Great home base for Foz do Iguazu!",10,2025-04-24 00:00:00+00,1
" Café da manhã e o espaço até que é bonito.  Funcionários: super barulhentos perto dos alojamentos. Galera bem sem noção. A galera da recepção é total sem vontade de trabalhar. Atendimento típico de um paranaense: ruim demais. O concierge Willian Moraes só te aborda pra oferecer serviços e na hora que a gente joga uma demanda a respeito do descontentamento com a limpeza do quarto, o cara some. 
Limpeza: o banheiro do quarto tava com o vidro de suporte do sabonete sujo, os recipientes que comportam shampoo e condicionador também estavam sujos. O piso do quarto era meio esquisito e sim, estava sujo também. Os lençóis da cama parecem que não são lavados. Parada meio sebosa.",4,2025-04-24 20:57:04+00,-1
" Privacidad y el restaurante  En anteultimo  dia, a la tarde, pedí en la pileta una caipiriña y me trajeron una margarita, y el pedido de unas papas fritas para mi nietos tardo 45 minutos.",9,2025-04-25 02:46:48+00,1
" Gostamos dos aconchego do quarto , o restaurante é maravilhoso  Estava chovendo e para se deslocar até o restaurante , não possui cobertura . Era aniversário do meu esposo fiz uma reserva de tábuas de frio e o espumante, porém o serviço não foi prestado.",9,2025-04-25 07:57:34+00,1
" Localização, conforto  Alimentação. Acho que pela estrutura do hotel e o numero dê hóspedes, comporta um numero maior de restaurantes com comida de qualidade. 
No cafe da manha os ovos mexidos gelados. O jantar comida de baixa qualidade e preço elevado. Comporta pizzaria com preço separado e não incluso no buffet geral.",8,2025-04-25 14:46:52+00,1
"Tivemos uma ótima estadia mesmo com o clima adverso, adoramos a culinária, o atendimento em geral, as equipes foram muito receptivas e simpáticas, destaques para o Chan(Diekson, recreação), Andressa, Wallid e Rose(recepção), as supervisoras de governança Viviane e a Sra carioca (da equipe da noite)infelizmente não soubemos o nome dela. A experiencia foi melhorada com vários detalhes como a poesia que recebemos e no segundo dia um carinho com chocolates de altíssima qualidade. Pessoal da recreação em geral muito atencioso, simpático e educados. Apartamento muito limpo e arejado. Recepção e room service atenderem as demandas prontamente. A tranquilidade que precisávamos esteve presente. A plataforma de informação online funciona perfeitamente e trouxe todas as informações necessárias com facilidade, muito intuitivos os menus.
Únicas ressalvas, uma bela cabeceira entra as duas camas está com um pouco de cheiro de mofo, e a moça que recepciona nos jantares deveria ser um pouco mais gentil ao informar as reservas que já são bem visíveis. A comida estava divina, mas achamos um pouco a desejar nas sobremesas(somente o pudim salvou), infelizmente não acompanhou a delicias das carnes, massas e saladas servidas. Mas claro que nada que impeça de novas experiencias. Parabéns a todos pelo ótimo trabalho.",10,2025-04-26 22:51:22+00,1
" O hotel é bastante amplo, num estilo de casas de condomínio. Você não se sente num hotel padrão. Os quartos são amplos, muito confortáveis e bem iluminados. A cama é deliciosa. Chuveiro ótimo. E limpeza excepcional. O tipo de quarto que reservamos ainda tinha um jardim externo com uma jacuzzi que as crianças amaram. Gostamos muito do restaurante também e da comida. Ampla variedade e tudo muito gostoso. As crianças também amaram a recreação. Foz tem muita atividade pra fazer, mas o hotel era tão bom que curtimos muito lá também. Foi um bom equilíbrio entre turismo e descanso.  Achamos os valores do buffet caro: pegamos a reserva com meia pensão. Mas acabamos almoçando vários dias no hotel também após voltar das atividades. Inclusive porque era muito bom para as crianças. Crianças abaixo de 5 anos não pagam o buffet. E o valor das crianças até 13 anos é bem razoável (65 reais). Mas para os adultos achamos salgado (variou de 130 a 175 por pessoa).",9,2025-04-27 15:30:38+00,1
"Atendimento excelente, desde a reserva, recepção e restaurante. A academia bem completa, com profissionais a disposição, limpeza impecável em todas as áreas, ótimo café da manhã e almoço. Espaço kids bem amplo, com área interna e externa.",10,2025-04-28 00:00:00+00,1
"Hotel excelente! Acomodação  confortável,  comida maravilhosa.  Colaboradores muito  prestativos.
Desde o atendimento  na recepção,  serviçosl de quarto,  garçons  , as moças que fazem tapioca  no café   enfim todos muito  educados,  sempre sorrindo.  
Apenas duas observações,  a TV poderia ser Smart, e o hotel tem uma abordagem  um pouco invasiva no restaurante  para vender um plano de pontos.",10,2025-04-28 00:00:00+00,1
Posto incantevole con animali che giravano nel parco al tuo fianco,10,2025-04-28 00:20:20+00,1
Keiner kann englisch.,6,2025-04-29 00:00:00+00,0
"O Hotel é muito bom, o serviço um pouco confuso. Me deram uma pulseira que não era a que contratei, todos me perguntavam sobre o evento, do qual não era participante, e depois fui a recepção para trocar.
As condições do quarto mereceriam manutenção, o chuveiro vazava mais por cima do que pelo bocal. E o lençol estava manchado e lá ficou até o final da estadia de 3 dias.",8,2025-04-29 12:52:46+00,1
" Tout était parfait !
La piscine, la salle de jeu pour les enfants, l’emplacement est idéal pour visiter les chutes du côté brésilien et Argentins  Rien",10,2025-04-29 13:58:52+00,1
lugar bonito e colaboradores muito atenciosos,10,2025-04-29 14:26:02+00,1
Excelente,10,2025-04-29 14:34:21+00,1
Perdeu cliente justamente pela falta de educação do segurança hoje dia 29 de abril na entrada. Eu e meu esposo viemos de SP para ficar nele e pela falta de empatia pois não sabíamos que era só com reserva. Ele foi super esnobe.,2,2025-04-29 14:38:11+00,-1
" Facilities were good, staff was friendly and breakfast had plenty of options. We could also tell that the coffee beans were of good quality.  The blackout curtains in our rooms were visibly old, in a poor condition and they were smaller than the rail.
Pillow options could be improved as none of them offered enough neck and shoulder support.
Suggestions: to offer shower gel in the shower area as there's only shampoo and conditioner (soap bar is available though). Similar hotels in other countries offer a complimentary bottle of water per person per day which would be a nice added to touch if added to the rooms.",9,2025-04-30 02:12:53+00,1
Muy bueno el hotel,10,2025-04-30 11:50:53+00,1
" Gorgeous resort, close to airport, close to access the waterfalls, around 15 mins from centre. 

Uber always available to go to centre for dinner - around £2/3. 

The breakfast here is outstanding. They also accommodated a breakfast box when we needed to check out at 3am which was very appreciated. 

Pool area big and clean, jacuzzis warm, good gym equipment and friendly staff. 

We didn’t do the half board and found it cheaper to eat from the menu of the pool bar and lobby bar instead as we are not a great lover of buffet food so prefer to pick from a menu ourselves. 

Clear breakdown for trips cost. I think a little more than from in town, but it was a private car and we could run on our own times! 

Overall, outstanding.  Mini bar in room is a little pricey but not too bad by European standards. Would be good to have a coffee machine in the room!",10,2025-04-30 13:08:43+00,1
" NO RESTAURANTE NAO HAVIA GUARDANAPOS A DISPOSIÇÃO, SE PRECISASSEMOS DE MAIS TINHAMOS QUE PEDIR",9,2025-04-30 19:57:09+00,1
" Eu amei o hotel, tudo maravilhoso, café e janta deliciosa.
Vocês estão de parabéns!  Os preços do almoço vindo no quarto, muito caro e pouco alimento.",10,2025-04-30 23:03:44+00,1
"Lindo hotel com equipe de atendimento educada e prestativa, destacando-se ainda mais os garçons e a equipe de recreação. Belíssimo campo de golfe anexo.",10,2025-05-01 22:03:32+00,1
" Toda las instalaciones hermosas, el paisajismo espectacular, el lobby y la cafetería del lobby muy lindos, también todas las áreas de deporte. El desayuno buenísimo y el personal del desayuno muy amable.  Las habitaciones pueden mejorar, mejorar la luz, renovar un poco, ventilar cuando van a recibir huéspedes, había mucho olor a humedad, el televisor viejo y muy chico, y deberían poner edredones.",8,2025-05-02 10:17:19+00,1
"Ótimo hotel, bem aconchegante, ótima comida, lugar tranquilo, bons funcionários
Ótima recreação, todos os tios muito atenciosos",10,2025-05-02 12:59:41+00,1
"Experiência única de hospedagem. 
Hotel com conceito de condomínio de luxo americano, imerso em uma natureza exuberante. 
Ponto alto, além das acomodações, é a qualidade do jantar. Tínhamos uma programação de jantar fora todos os dias e, diante da qualidade gastronômica oferecida pelo resort aliada ao ótimo serviço, jantamos quase todos os dias no buffet do hotel. Destaque para a pizza: uma das melhores que já comi na vida.",10,2025-05-03 00:00:00+00,1
 Nous avons passé un très bon sejour  Aucun élément de bienvenue offert,9,2025-05-03 00:06:41+00,1
Gostei muito da recreação principalmente do tio Chan.,10,2025-05-03 00:22:24+00,1
Tio chan mt top,10,2025-05-03 00:27:27+00,1
Tio chan é legal,10,2025-05-03 01:33:34+00,1
"Muito bom tio chan, e tia suco",10,2025-05-03 18:14:52+00,1
"“Exclusive Guests” (filiados à RCI, proprietária do empreendimento) não possuem acessos exclusivos (como em outros da rede) e o restaurante GRILL é uma enganação (sai caro e a picanha é, na verdade, mero coxão duro - por incrível que pareça). Mas os quartos são confortáveis (a piscina não é aquecida, exceto algumas jaccuzzis à volta da piscina).",8,2025-05-04 00:00:00+00,1
"Hotel molto carino, con grande e bella piscina con lettini e ombrelloni tutt'intorno. Un po piccole le stanze standard, ma confortevoli e con grande bagno attrezzato. Campi da golf circondano il resort. Molto valido il buffet, sia a colazione che a cena.",8,2025-05-04 00:00:00+00,1
war wunderbar,10,2025-05-04 00:00:00+00,1
" Quartos grandes, comida deliciosa e hotel perfeito para famílias  Tudo perfeito",10,2025-05-04 13:32:56+00,1
Excelente hotel. Muy tranquilo para descansar. Habitaciones muy cómodas y la comida es muy rica. Súper recomendable.,10,2025-05-04 22:38:04+00,1
"Estivemos hospedados no hotel nos últimos 4 ou 5 anos, sempre fomos muito bem recebidos na recepção e super bem atendidos nos restaurantes e bares da piscina e recepção do hotel.
Pessoal de atendimento do bar da piscina é especialmente atencioso nesse ano em especial uma senhora Venezuelana cujo nome não me lembro que foi especialmente gentil conosco. Os quartos sempre estão impecáveis e com tudo funcionando. Pessoal da recepção na chegada e na saída sempre prestativo. Em resumo, continuaremos indo para o hotel e continuaremos indicando.",10,2025-05-05 11:34:48+00,1
"Muito atencioso o Tio Pernalonga no golf!!
Simpatissíssimo!!",10,2025-05-05 13:05:46+00,1
 Hotel amplo com excelente quarto.  Eles tentam te vender um pacote de assinatura de hotéis da rede.,9,2025-05-05 20:15:57+00,1
" El hotel es muy lindo grande, limpio y cuidado, las comidas para un 5 estrellas me parecieron correctas pero no supero mis espectativas, pense que había opciones de restaurant me dijeron que había 3 y solo había un mismo Buffet dia y noche, desayuno siempre mismo lugar. La recepcion fue el unico lugar con caras de pocos amigos, el resto todos muy amables. La pileta helada no pudimos usarlo fue una pena, en si es un lindo hotel pero por l web se ve mejor de lo que fue mi experiencia, el personal es muy amable, el all inclusive muy completo.  pileta helada, mismo lugar para almorzar y cenar,",8,2025-05-05 20:51:32+00,1
Perfeita,10,2025-05-06 00:00:00+00,1
"Lugar encantador, espaço amplo, maravilhoso. Local ideal para passar momentos agradáveis com a família, amigos e eventos de empresa. Fiquei impresionado com a estrutura, bonito, natureza, quartos solos e uma paz de encantar.",10,2025-05-06 10:29:22+00,1
" O espaço físico é lindo, limpo e bem cuidado. As refeições são excelentes, restaurante espaçoso, sempre com mesas disponíveis e garçons atenciosos. Fácil de estacionar perto da acomodação e próximo dos principais pontos turísticos. Cama confortável, quarto amplo e super limpo.  Na pracinha infantil não tem iluminação de noite e não tem um banco ou cadeira para os pais ficarem sentados olhando os filhos brincarem. 
As piscinas externas poderiam ser aquecidas, afinal de contas, não é verão o ano inteiro e não tem piscina térmica. 
Áreas mal iluminadas de noite próximo as Jacuzzis e piscinas externas. 
Pessoal da recreação não permitiu acesso dos nossos filhos ao cinema sem estarmos junto com eles, alegando que estariam desacompanhados, sendo que estávamos jantando na varanda do restaurante em um local que enxergávamos as crianças.",8,2025-05-06 13:22:25+00,1
Fantastic!,10,2025-05-06 20:45:56+00,1
"Tivemos uma estadia em família muito tranquila.
As suítes muito aconchegantes, camas e chuveiros muito bons.
Muito espaço para explorar em meio a natureza.
Outro ponto positivo é o café da manhã, muita variedade e equipe impecável no serviço, destaque para a Isaura e Samuel que cuidavam do salão, e Isabela na chapa com deliciosas tapiocas, omeletes e ovos mexidos.
Ótimas e envolventes atividades para as crianças. Estivemos no período do Páscoa, e foi tudo muito divertido. Meu filho de 7 anos aproveitou muito.
Piscinas, apesar de não serem aquecidas, estão em boas condições e a temperatura    dos dias colaborou para que aproveitássemos, mesmo nos dias não tão quentes, já que Foz sempre tem boas temperaturas.
Ponto negativo, a quantidade de abordagens para participar da palestra de 45 minutos em que seria ofertado algo aos hóspedes.
Outro ponto que destacaria a ser organizado é em relação à manutenção das bicicletas.
Vale considerar que os ""pontos negativos"" aqui mencionados, não nos impediram de curtir muito os dias que passamos por esse lugar encantador.",10,2025-05-07 00:00:00+00,1
"Excelente experiencia! Hotel com clima agradável. Os quartos estão dispostos em grupos, formando casas. A conservação é muito boa e o atendimento muito solicito e atento as necessidades dos hóspedes. O cardápio muito variado e bem preparado (parabéns aos chefes). Recomendo o Wish Foz do Iguaçu.",10,2025-05-08 13:21:22+00,1
Excelente hotel… em especial a equipe de eventos. Respondem prontamente toda solicitação. Sempre procurar te entregar mais e melhor. Voltaremos a realizar eventos no hotel sempre. Quartos incríveis… ambiente perfeito. Valores apropriados e muito limpo.,10,2025-05-09 00:00:00+00,1
" Die Musiklautstärke der Hochzeitsgäste neben an mitten in der Nacht. Sollte vielleicht auch hier eine Ruhezeit um 22 oder 23h geben, in der das Musikvolumen massiv reduziert wird",9,2025-05-09 12:41:43+00,1
Tudo perfeito 👏,10,2025-05-09 12:54:31+00,1
 Tutto  Nulla,10,2025-05-10 00:45:34+00,1
"Quite bad experience, we were there for a sales conference and there were good things but major of them were bad
1. First day they said my room was going to be ready in 1 hour, I came back after 3 hours and they said it was not ready
2. Internet was SLOW, I mean doesn't matter where you are, good look trying to get more that 4 mb/s, I couldn't have any calls
3. Food was disappointing, they basically serve the same food for breakfast, lunch and dinner
4. Last day I came back from a day of work and I found my room infested with cockroaches, it was probably 10 of them!!!, I called room service and they said that they were going to send someone, after 2 hours no one came and I called one more time, when the lady came she was very kind and apologized for what happened and they changed me of room
5. We bought the everything included package, and Everything included is just the name, you have to pay for everything, they charged me 25 USD for some water and 2 candies I took from the room

Please save your money and stay somewhere else",4,2025-05-10 19:04:04+00,-1
"Hotel tem uma paz, funcionários muito educados. Jardins lindos, comida boa.
Uma noite só um hóspede muito mal educado, fazendo barulho a meia noite, aí não é problema do hotel e sim falta de educação do hóspede arrastando móveis",10,2025-05-10 23:21:33+00,1
"Excelente!
Agradecimento ao atendimento do Chan!",10,2025-05-11 00:02:56+00,1
"Péssimo atendimento. Estrutura boa, mas funcionários treinados para tratar mal os hóspedes.",4,2025-05-11 14:25:20+00,-1
"Ótimo hotel. Bom café da manhã e restaurante. A disposição dos quartos é diferente: em casas. O que se tornou um problema num dia de chuva, pois ao pedir o transporte para ir até a recepção o mesmo levou mais de 20min…sendo informado que para esse serviço dispunham, somente, de 1 carro e 1 carrinho de golf!",10,2025-05-12 00:00:00+00,1
"Absolutely fantastic hotel. Beautiful setting and very close to the airport. Incredible restaurant and fabulous breakfast. The room we had was lovely and very peaceful. The staff were all lovely and friendly too.
It’s a perfect location for visiting everything in the area. We used the hotel tour company (reviewed separately) Bliss Travel.",10,2025-05-12 00:00:00+00,1
 Espaço do apartamento,9,2025-05-12 11:33:25+00,1
Tio frango,10,2025-05-12 15:22:08+00,1
"Servicio excelente, muy bonito lugar para pasar en familia y amigos.",10,2025-05-12 23:44:05+00,1
"Hotel top nas acomodações, localização,  local excelente,  staff bem treinado e proativos.",10,2025-05-13 02:08:43+00,1
 It’s in a beautiful setting very close to the airport and visitor attractions.,10,2025-05-13 08:38:27+00,1
tudo de bom.,10,2025-05-13 12:18:45+00,1
Muito legal amei o hotel,10,2025-05-13 14:40:28+00,1
" Un personnel accueillant et les conseils de l'accueil nous ont permis de visiter les chutes côté argentin de manière optimale.
Le domaine est immense (avec un golf), sécurisé (poste de garde) avec des hébergements situés dans de petites maisons avec une petite piscine privée. Bien sûr, une très grande piscine vous attend au pied du restaurant.
Les petits déjeuners et les diners sont copieux et excellents.
Un lieu de villégiature merveilleux pour visiter les chutes d'Iguaçu.",10,2025-05-13 18:27:12+00,1
"Fizemos um almoço para convidadas no Giardino Restaurante - Wish Resort. Fomos atendidos por profissionais atenciosos e muito competentes.  O restaurante está localizado em um espaço reservado no Resort, é um excelente lugar para confraternização, ambiente sofisticado, agradavel e acolhedor.",10,2025-05-14 00:00:00+00,1
" Anlage als ganzes sehr schön. Freundliches, hilfsbereites Personal, sofern man sich Verständigen konnte  Ausstattung der Zimmer für mich max. 3 Sterne. Kaum ein Mitarbeiter spricht Englisch. Ohne Portugiesisch-Kenntnisse ist man fast auf geschmissen.",7,2025-05-16 00:42:09+00,0
" Somos 5 y fuimos con una familia amiga! El lugar es muuuy lindo, cuidado, limpio, lo recomiendo. Si bien hicimos muchas excursiones afuera, quedarse ahi todo el día tambien es plan. Hay clases de todo tipo, cosas para los chicos etc. La comida muy aceptable para ser buffet brasilero, hay variedad tambien. Un lugar para volver. lo único malo es la parte de la aduana si viajas en semana santa o temporada alta como nosotros!",10,2025-05-16 11:15:16+00,1
" We had a fantastic stay at Wish! The hotel is a beautiful property surrounded by lush greenery and a scenic golf course. Its location is ideal — perfectly situated between Foz do Iguaçu and the waterfalls, making it a great base to explore the area.

The breakfast was truly amazing with plenty of fresh and delicious options. The rooms were spacious, very clean, and the staff was always friendly and helpful. We also appreciated the option of buffet lunch and dinner, with a good variety of dishes and overall good quality. Excellent value for money — highly recommended!  A few small downsides: our room was adapted for guests with disabilities, so the shower was at floor level, which caused water to spread around the bathroom. Also, the electricity meter in the room made a noticeable noise. Finally, the hotel is a bit isolated, so going out for dinner elsewhere requires a car or taxi ride.",9,2025-05-16 14:46:32+00,1
"We had a fantastic stay at Wish! The hotel is a beautiful property surrounded by lush greenery and a scenic golf course. Its location is ideal — perfectly situated between Foz do Iguaçu and the waterfalls, making it a great base to explore the area.

The breakfast was truly amazing with plenty of fresh and delicious options. The rooms were spacious, very clean, and the staff was always friendly and helpful. We also appreciated the option of buffet lunch and dinner, with a good variety of dishes and overall great quality. Excellent value for money — highly recommended!

A few small downsides: our room was adapted for guests with disabilities, so the shower was at floor level, which caused water to spread around the bathroom. Also, the electricity meter in the room made a noticeable noise. Finally, the hotel is a bit isolated, so going out for dinner elsewhere requires a car or taxi ride.

Still, these were minor issues in what was an overall excellent experience. We’d definitely come back!",10,2025-05-16 14:50:29+00,1
"O Tio Fortão foi super divertido com suas mágicas no evento do dia das mães do Colégio CAESP no Wish Foz do Iguaçu Resort.
Divertindo adultos e crianças com seus truques, super leve, divertido e prendendo a atenção de todos. 
Recomendo conhecer.",10,2025-05-17 00:00:00+00,1
"Mágica com o tio fortão foi demais!!!! 
O cara manda muito bem!!!!!
Vou guardar a mágica na minha galeria!!!!
Piquenique em família com essa incrível animação. 
Educado, atencioso e gentil.
!!!!!!!!!!
Mágica com o tio fortão foi demais!!!! 
O cara manda muito bem!!!!!
Vou guardar a mágica na minha galeria!!!!
Piquenique em família com essa incrível animação. 
Educado, atencioso e gentil.
!!!!!!!!!!",10,2025-05-17 00:00:00+00,1
 A estrutura do hotel é ótima. Tem bastante entretenimento para crianças também.,9,2025-05-17 13:39:19+00,1
Muy lindo lugar.. hermosa naturaleza alrededor,10,2025-05-17 14:51:05+00,1
"Decepção na recreação: minha filha saiu chorando da atividade infantil

Infelizmente, tivemos uma experiência muito frustrante com a recreação infantil do hotel.

Fomos em família e minha filha de 4 anos passou o dia inteiro aguardando ansiosamente a atividade da tirolesa. No início, ela ficou com medo (algo totalmente comum nessa idade), mas depois que viu outras crianças descendo, criou coragem e quis participar.

Outros recreadores estavam dispostos a deixá-la ir, mas o responsável naquele momento, conhecido como “Tio Paçoca”, simplesmente não permitiu. E pior: retirou propositalmente as roldanas, impedindo que ela participasse, mesmo ela já estando pronta e praticamente no ponto de descida.

Ele alegou que isso atrasaria a próxima atividade, o que não faz o menor sentido. A tirolesa é extremamente rápida, cada criança só pode descer uma única vez!
Ela só iria descer na tirolesa que não iria levar nem 2 minutos.

Ou seja, não havia justificativa real para impedir a participação dela.

Foi uma atitude sem empatia, sem sensibilidade e com total despreparo para lidar com crianças pequenas. Resultado: minha filha saiu chorando, totalmente frustrada. Eu e minha amiga, tentando amenizar, acabamos permitindo que ela descesse sem a roldana, algo que claramente não deveria ter acontecido.

Como se não bastasse, o recreador ainda ironizou a situação, dizendo que ela poderia ir “na quarta-feira”. Esse ocorrido foi no sábado e iríamos embora no dia seguinte. Um comentário desnecessário e desrespeitoso com nosso tempo e, principalmente, com o sentimento da criança.

Relatamos o ocorrido à equipe do hotel. A única resposta foi que “iriam repassar para o responsável”, que entraria em contato conosco. Até hoje, não recebemos nenhum retorno.",4,2025-05-18 11:46:55+00,-1
 Beautiful property.  They didn’t clean our room.,7,2025-05-18 13:01:15+00,0
Rude staff,4,2025-05-19 00:00:00+00,-1
 Recreação  Não tem nenhuma piscina aquecida ! Absurdo para um hotel deste padrão. O os cara ficam tentando vender cotas multi locação !,7,2025-05-19 09:39:25+00,0
" El parque  Malo el servicio, nunca hicieron el
Cuarto",6,2025-05-19 12:32:01+00,0
" O café da manhã é ótimo, completíssimo com variedade de frutas, pães e balcão com preparo de ovos e tapioca ao gosto dos hóspedes. Serviço de garçons da piscina e atendimento da recepção do hotel tanto no check in quanto no check out ótimos.",10,2025-05-19 14:32:32+00,1
" Comida maravilhosa, espaços externos lindos e tranquilo.  Alguns quartos não possui box no banheiro, e sanitário fica junto com closet sem porta, por se tratar de acomodações para Família, achei ruim pela falta de privacidade. 
Mais pedimos para trocar e nos mudaram sem problemas",8,2025-05-19 17:22:03+00,1
"No site diz ter piscina aquecida mas tem somente dois spas com aquecimento, piscina sem aquecimento algum, não deu pra usar no período que fui.
No restante tem um atendimento muito bom.",8,2025-05-19 20:06:15+00,1
"Local excepcional! Se o desejo é descansar e ao mesmo tempo divertir-se, achou o hotel ideal. Amplo espaço, acomodações sensacionais, ótima equipe. Recomendo fortemente!",10,2025-05-20 13:23:39+00,1
"Foi boa com relação ao atendimento dos funcionários, mas com algumas ressalvas com relação ao quarto.",8,2025-05-20 22:45:10+00,1
Convenient to everything. Dining was very good. Some amenities available but had to ask.,8,2025-05-21 00:00:00+00,1
Excelência é o que define o Wish!,10,2025-05-21 13:14:45+00,1
" Cordialidade dos funcionários, ótimo café da manhã, academia e área da piscina.  Valor alto mas com bom custo benefício. Hotel é diferenciado.",10,2025-05-21 13:25:31+00,1
"extremamente confortável, um lugar excelente para descançar e relaxar.  Uma experiência impecável",10,2025-05-21 17:42:07+00,1
" Toalhas de banho super macias e cheirosas  Que no quarto tinha uma porta que levava a outro quarto, o que culminou com um isolamento acústico não tão adequado",9,2025-05-22 11:07:48+00,1
 Gardens and landscape  -,9,2025-05-23 01:15:09+00,1
" Прекрасный отель с большой территорией. Шикарные завтраки и ужины, есть детские стульчики. Удобная кровать. Чисто. Тихо и безопасно.  Рядом с отелем нет никаких магазинов, до них нужно ехать на такси. Не предоставляют детскую кроватку. В номере очень темно. На ужин все напитки платные. В номере вода тоже платная.",10,2025-05-23 20:55:55+00,1
I like everything that they did have to offer,10,2025-05-24 00:00:00+00,1
"Eu e meu esposo estivemos de férias nesta semana de 18 a 24/05, no Wish Resort Foz do Iguaçu. Fomos muito bem recebidos e atendidos em nossas necessidades. A Equipe toda  é muito solicita e dedicada, porém uma equipe se destacou que foi a Equipe do Restaurante liderada pelo Chef de Cozinha Guilherme, a Chef de Confeitaria Soledad e o Líder dos Garçons Carlos, pessoas especiais e líderes natos que mantem as equipes em sintonia e todos muito proativos. Equipes de sucesso e que fazem a diferença. Desejo a todos muito sucesso como profissionais que são e como pessoas desejo muita prosperidade e felicidade.
Parabenizo o Wish pela sábia escolha desses profissionais.
Sou grata a todos pela nossa semana de descanso.",10,2025-05-24 00:50:33+00,1
"Experiência muito ruim com o chamado all inclusive do hotel. Eles não deixam claro que quase nada do frigobar está incluso no pacote, não informam isso no chek-in. Entregam apenas um papel com especificações rasas, sem deixar claro o que está e o que não está incluso. Depois cobram até por água consumida do frigobar. Como pode um pacote all inclusive que vc precisa pagar água??? A atendente da recepção e bem mal humorada. Estrutura do hotel não é ideal para crianças",2,2025-05-25 00:11:01+00,-1
"The hotel facilities are generally nice, but the rooms are in serious need of maintenance and attention to detail.

EXCLUSIVE GUEST
The most disappointing part of our stay was the persistent and aggressive sales tactics. Throughout our five-day stay at Wish, we were approached EVERY SINGLE MORNING after breakfast by staff trying to sell us an “exclusive guest” package. It became so intrusive that we eventually agreed to attend the presentation just to put an end to the constant harassment. Despite us stating clearly that we weren’t interested, the presentation dragged on for over an hour.

The salesperson was pushy and even asked invasive questions about our personal finances in an attempt to tailor the offer. It felt incredibly uncomfortable and judgmental. When it became clear we wouldn’t make a purchase, their attitude turned hostile. Even when we complimented the sales pitch for being well-prepared, the response was, “If it was good, you would’ve bought it.” Unbelievably rude and unprofessional.

We paid around R$600 per day, which, according to the staff, was considered “very cheap” - they even mentioned that they had presented the same product to another guest that morning who paid around R$1,300 per day. I understand that hotel rates fluctuate, but were they seriously just admitting that so casually? It was almost comical hahaha

P.S. If you're considering purchasing the ""Exclusive Guest"" program, I strongly recommend reading more reviews and checking their ""Reclame Aqui"" page beforehand.

This was our first - and definitely last - stay at this hotel. You're paying five-star prices for two-star service and facilities. Not worth it.",2,2025-05-26 15:26:31+00,-1
"Hotel confortável, moderno , com tudo que você precisa para dias de descanso e lazer. Funcionários simpáticos e sempre disponíveis, refeições deliciosas e buffet variado. Recomendo muito !",10,2025-05-27 00:00:00+00,1
"Hotel excelente com área externa muito bonita. Acomodações e serviço com muita atenção e capricho.
Restaurante The Grill com pratos excelentes!",10,2025-05-28 04:50:45+00,1
"Lugar aconchegante com funcionários ótimos. Recreação maravilhosa, principalmente Tio forte muito top com suas mágicas.",10,2025-05-28 12:36:48+00,1
Ambiente super agradável e atendimento excelente.,10,2025-05-28 16:58:06+00,1
"mala predisposicion del conserge de la noche
deberian poner cafeteras en las habitaciones y pavas electricas
pedimos habitacionb accesible y nos dieron la ultima del predio lejos del estacionamiento del auto",8,2025-05-28 21:42:34+00,1
Excelente em tudo!!,10,2025-05-29 02:12:42+00,1
"Jamais esperava em um hotel com esse porte, encontrar marimbondo dentro do quarto.
Pela estrutura da casa dele, estava ali há algum tempo, denotando falta de manutenção.
Na porta do andar de cima também tinha uma colmeia imensa que demorou 2 ou 3 dias para ser removido.
Precisei aguardar do lado de fora, até a equipe chegar pra remover o inseto e realizar a limpeza da janela.
Tenho tudo filmado!
Esperava ao menos ser trocado de quarto mas isso não aconteceu.
Enviei mensagem pelo site, Instagram e até o momento não fui respondido, já estou até em casa.
Achei a resolução do problema bem demorada e insatisfatória.

Pra um resort, não tem programações de entretenimento, tentei arvorismos e não teve durante minha estadia. Karaokê foi no dia da minha saida.

Durante a reserva não me informaram que estava em obra e os principais restaurantes estavam fechados, se soubesse jamais teria me hospedado lá. Fiquei sem opções de alimentação.

Bebidas são extremamente caras e fora do padrão de qualquer outro hotel, 9 reais uma água de 300ml beira a extorsão, cerveja de 350ml 20. Precisam melhorar muitos aspectos, eu estou profundamente decepcionado.",6,2025-05-29 14:33:23+00,0
"Me gusto mucho este hotel contando com lá naturaleza,hice entrenamiento com el Personal Alex,hice caminata com el y jugue Golf estava todo Perfecto,El Gimnasio es Perfecto me gusto mucho todo lá comida y el atendimento,mi cuarto estava todo limpio y Perfecto !!!",10,2025-05-30 00:00:00+00,1
"We had a wonderful experience at this resort. The staff was friendly and attentive, making us feel very welcome throughout our stay. Our room was spotless and featured an amazing shower. Breakfast was included, and the selection was excellent — a great way to start each day.",10,2025-05-31 00:00:00+00,1
 Good location. Lovely setting and grounds.  The bed was only made up with a single sheet. We requested bedding twice and were advised that it would be delivered to us but it did not arrive. As it was 11pm we gave up and used a thin blanket . Weather was cold and the room was cold so very poor night sleep. Not at all what we we were expecting based on the price. Very disappointing.,2,2025-06-02 18:00:04+00,-1
Hotel muito bom. Voltaria e indico para amigos.,10,2025-06-03 00:04:27+00,1
" Tamanho grande, sem carpete. Extremamente espaçoso, com bastante lugar pra guardar minhas coisas.
Limpeza impecável, colchão confortável e box grande com chuveiro muito bom!",9,2025-06-03 13:02:44+00,1
"Um teatro de luxo com bastidores medíocres — minha estada no Wish Foz do Iguaçu

Fiquei sete dias no Wish Foz do Iguaçu, por insistência de um amigo que — veja só — faz parte desse tal de Exclusive Club, um programa de “benefícios” que mais parece um labirinto de promessas com saída apenas para os vendedores. Garantiram 50% de desconto na hospedagem e mais 30% nas refeições. Muito elegante na teoria. Na prática? Um embuste.

Fiz uma simulação direta no site, e surpresa: os valores são praticamente os mesmos, com ou sem o tal desconto. A suposta vantagem é um convite ao ridículo. Para obter algum benefício real, você precisa se submeter a conversas intermináveis com vendedores que, entre um café requentado e outro, tentam empurrar o “clube” como se fosse o último suspiro de sofisticação. Não é. É só cansativo.

O quarto… bom, chamar aquilo de “acomodação de luxo” é um exagero. A camareira passava, jogava um olhar e uma esticadinha na colcha, como se dissesse: “fiz o que pude”. Em um dos dias, uma barata — sim, uma barata — desfilou com toda tranquilidade sobre os copos ""disponíveis"" do quarto. Deixei lá, claro. Imagino que ainda esteja desfilando.

O banheiro? Escuro. Desnecessariamente escuro. O chuveiro fica sob uma escada (!), como se estivessem testando nossa capacidade de tomar banho no breu. A torneira da pia, quebrada. Um vazamento constante, tudo isso em nome da tal “sustentabilidade” que eles pregam com tanto orgulho. Francamente, chamar isso de ecológico é como chamar improviso de conceito.

Numa das noites, resolvi jantar no lobby. Que erro. O ambiente lembrava mais um boteco de quinta categoria do que o restaurante de um hotel cinco estrelas. Pessoas gritando, ambiente descontrolado, e após vinte minutos sem atendimento, retirei-me com a dignidade que me restava.

Houve também uma noite de karaokê. Começou às 20h30, cheguei às 21h e estava ótimo — animado, divertido, todos participando. Mas por total falta de estrutura e planejamento, às 22h já haviam encerrado. Uma atividade com potencial, mas completamente mal executada.

A piscina é outro capítulo: gelada como um tanque no inverno. Sem aquecimento, sem opção indoor. Impossível usar. Apenas a jacuzzi salva — uma ilha de conforto no oceano do descaso.

Ponto positivo: o café da manhã. No dia da Meia Maratona das Cataratas, abriram mais cedo para os participantes. Um gesto digno, louvável. Pena que foi a exceção, e não a regra.

Em suma: se um dia eu voltar a Foz do Iguaçu — o que é possível, porque gosto das Cataratas — com certeza procurarei outro hotel. O Wish tenta se passar por requintado, mas está mais para uma peça de teatro com cenário bonito e bastidores lamentáveis",6,2025-06-03 14:27:33+00,0
" Piscina gelada, area da recreacao muito longe",8,2025-06-03 23:06:38+00,1
Excelente !!!!,10,2025-06-04 02:29:10+00,1
" Da estrutura externa ao quarto  Do banheiro, que tinha vazamento. O atendimento foi péssimo.",2,2025-06-04 14:23:20+00,-1
" Beautiful grounds, lovely big clean room, huge powerful shower.  Lovely pool area too.  Only one restaurant was open during our stay - the main self service restaurant. It was lovely, but it would've been nice to have option to order from a menu in one of the other places.",8,2025-06-05 13:05:37+00,1
每次到Foz旅行的第一首選，ㄧ如繼往的美好,10,2025-06-06 00:00:00+00,1
"Foi tudo perfeito como sempre, e dessa vez ficamos em um quarto com vista pro mato e jacuzzi, muito lindo",10,2025-06-06 00:00:00+00,1
Todo excelente,10,2025-06-07 22:07:14+00,1
"Nem sei quantas vezes me hospedei nesse hotel, simplesmente amo, e sempre me encanto com a natureza ao redor e todo cuidado e capricho com os jardins, sempre impecável.",10,2025-06-08 01:06:47+00,1
La ubicación es buena y el hotel es lindo. Están en remodelación de la ruta de ingreso así que de noche hay que prestar atención. Buen nivel el desayuno pero algunos productos no estaban frescos. Buena variedad igualmente .Las piezas están alejadas de la recepción pero se llega en el auto y se estaciona ahí. Pero el auto queda afuera y sin techo. La recepción con lo justo  no muy amigables  pero tampoco fueron descorteses . Check-in rápido. La habitación bien  linda pero un poco pequeña. Buena calidad igual. La pileta no la use porque hacía frío. Gimnasio bueno. Si conseguis a buen precio (unos 100 dólares por ejemplo por noche) vale la pena. Sino hay mejores. Volvería .,10,2025-06-08 01:34:18+00,1
"Hotel sensacional, sem palavras para descrever tudo muito limpo e organizado, café da manhã e almoço nota mil. Sem contar o cheiro q este hotel tem as toalhas e roupas de cama tudo branquinho e muito cheiroso. Aérea da recepção sempre limpa e atendentes extremamente atenciosos.",10,2025-06-10 00:00:00+00,1
"Eu estive no hotel a convite da Azul Viagens para o Agente tá On na Estrada e a hospedagem escolhida foi no Wish. Excelente escolha. Hotel sempre atualizado, a gastronomia é o ponto alto (não deixem de provar o pudim) apto confortável, funcionários solicitos! Já indicava o hotel, agora que me hospedei, sem dúvida, ficará mais fácil a indicação. Fácil acesso ao Parque das Aves e as Cataratas. Vale a pena.",10,2025-06-10 00:00:00+00,1
"Estive de quinta a segunda-feira num evento corporativo no resort. Pude aproveitar um pouco do lazer do hotel mas no quesito conforto e alimentação, pude conhecer tudinho. 
Que delícia de apartamento, cama confortável, super silencioso, roupa de cama impecável! E a alimentação do resort é um capitulo a parte! Tudo delicioso! Até sobremesa diet tinha! 🤩 
E a equipe é sem sombra de dúvida o ponto alto (empatado com alimentação)! 
Katia, Graça, Graziela (tapioca no café), Carlos, Diely, todos! Sensacionais! Obrigada por tanto!",10,2025-06-10 00:00:00+00,1
"Lugar muito bonito, gastronomia ótima. Quarto com bom tamanho, chuveiro otimo. Academia completa.
Excelente atendimento da equipe.
O hotel parece uma vila, com bastante verde. Quando tiver uma piscina aquecida será ótimo. O pudim é maravilhoso!",8,2025-06-10 00:00:00+00,1
"Hotel excelente! Estrutura, comida e atendimento fantasticos! Pra quem gosta de uma estrutura de Lazer boa (tem ate campo de golfe e Lago para pesca) com localizaçao central para a Saida dos passeios é uma excelente opçao. Super recomendo!",10,2025-06-11 00:00:00+00,1
"Lugar excelente para quem quer descanso. Hotel longe do centro de Foz, bares e restaurantes mas tem um shopping que fica a menos de 10min de Uber. As acomodações são limpas, café da manha boa qualidade e aparência. Os profissionais do hotel são  educados e prestativos, destaque para o chefe que todos os dias no almoço  estava por ali nos informando sobre o menu do dia  e para a moça paraguaia que fica na tapioca, muito simpática educada e prestativa.",10,2025-06-11 00:00:00+00,1
"Hotel muito bom.... tive uma ótima experiência
Um Hotel com uma localização boa e acima das expectativas para quem está viajando em todas as categorias, lazer, trabalho ou para quem quer fugir um pouco para descansar.
Foi uma boa opção com uma alimentação excelente",10,2025-06-11 00:00:00+00,1
"Estrutura do resort é incrível, alimentação excelente, o formato dos apartamentos é muito diferenciado, da um charme especial para o hotel, lembrando um condomínio de Orlando, e os quartos muito confortáveis, camas enormes, parece que tá dormindo em nuvens!",10,2025-06-11 00:00:00+00,1
 منتجع راقي بكل المقاييس  لا يوجد,10,2025-06-11 12:04:58+00,1
" Do atendimento, lugar e limpeza.  Quarto (305) um pouco pequeno e vista para o mato.",8,2025-06-11 15:17:14+00,1
"Estava em um evento da azul viagens e foi maravilhosa nossa estada, mas como sou agente de viagens achei que o mobiliario do quarto poderia ser melhorado, a garrafa termica do quarto estava quebrada, para o nivel de Hotel acho que a decoração poderia melhorar e a iluminação do quarto também. Como sujestão poderia colocar uma cafeteira no quarto com capsulas. Grata!",8,2025-06-11 22:20:10+00,1
"Local perfeito para eventos de grande porte, e também para levar a família.
A equipe (sem exceção) é extremamente profissional e acolhedora. Um salve para a Juliana e Patricia do grupo Wish, e para a Daniela Heirich (eventos).
As acomodações são aconchegantes e o café da manhã e demais refeições, são deliciosos.
Excelente experiência!",10,2025-06-12 00:00:00+00,1
"O Wish não foi nossa primeira opção, já que fomos transferidos de um outro resort na região que acabou recebendo um grande evento corporativo e ""sugeriu"" a mudança ao Wish. A infraestrutura é lindíssima, de primeira e talvez por isso e pelo que tivemos na outra hospedagem, é que alguns pontos ficaram a desejar como não ter nenhuma piscina aquecida e não ter uma piscina infantil. Ter que ficar fugindo dos vendedores em pleno café da manhã, não é como quero começar meu dia nas férias.
A comida servida estava deliciosa e todos os profissionais foram muito simplaticos e solicitos. Minha filha de 11 anos adorou a recreação.",8,2025-06-13 00:00:00+00,1
"Hotel bacana, casss distantes umas das outra, boa estrutura e cafe da manha. Mas a sauna estava fria num dia, sem agua no outro, sem essencia",10,2025-06-14 00:00:00+00,1
Estruturas diferenciadas. Apartamentos espalhados pela propriedade em diferentes conjuntos de casa. Área verde espetacular!,10,2025-06-14 00:00:42+00,1
"Isabela, café da manhã , super simpática, atenciosa e educada com os hóspedes e principalmente comigo.
Peço que a tenham referência para os demais colaboradores.",10,2025-06-16 13:11:09+00,1
Muito confortável e aconchegante.,10,2025-06-17 12:04:02+00,1
"Don't get fooled by the pictures. It is definitely not a 5 start hotel! The first room was moldy and the faucet was clogged, the blackout was scratched. They moved us to another room, which was better, but it is not a 5 star room. We were right next door to the deposit and the employees were supper loud early in the morning on the weekends. We woke up because they were talking loud at 7 am. The towels are thin and harsh, the sheets are horrible, the blankets too (those thin brown ones that we give to our dogs). Nothing like a 5 start should be. In the bathroom just hand soap, body lotion, shampoo, and conditioner. No shower cap, no sewing kit, no nail file, nothing of the ""basic"" things that other 5 starts hotels offer. The pool looks good, so does the gym, but if you are looking for room comfort, run away. I guess they get the 5 starts just because of the pool and sauna. It should be an average 4 star,",4,2025-06-17 12:12:54+00,-1
" Great views and the pool looks nice, but it was cold so we did not had the opportunity to enjoy it.  Don't get fooled by the pictures. It is definitely not a 5 start hotel! The first room was moldy and the faucet was clogged, the blackout was scratched. They moved us to another room, which was better, but it is not a 5 star room. We were right next door to the deposit and the employees were supper loud early in the morning on the weekends. We woke up because they were talking loud at 7 am. The towels are thin and harsh, the sheets are horrible, the blankets too (those thin brown ones that we give to our dogs). Nothing like a 5 start should be. In the bathroom just hand soap, body lotion, shampoo, and conditioner. No shower cap, no sewing kit, no nail file, nothing of the ""basic"" things that other 5 starts hotels offer. The pool looks good, so does the gym, but if you are looking for room comfort, run away. I guess they get the 5 starts just because of the pool and sauna. It should be an average 4 star,",4,2025-06-17 12:16:37+00,-1
" Las habitaciones, hubiese estado bueno saber que el lobby y el restaurant principal está en remodelación. Ósea más del 50% del hotel está cercado. No es lindo a la vista y los espacios son pequeños, las habitaciones y el resto del hotel muy buenos! Se nota que es un muy buen hotel…  Que esté en remodelación",6,2025-06-17 23:32:49+00,0
"Muy satisfecha, desayuno increíble, y la atención grandiosa. Habitaciones amplias, y super cómodas.",6,2025-06-18 11:12:00+00,0
 Great location for exploring both sides of the falls. Staff was super helpful especially our concierge who helped us with some excursions and advice. The meals were good with lots of variety. It was convinient to be able to eat at the resort after long days of exploring.  We got out in a handicap accessible room and the shower leaked water into the bathroom as there was no lip on the shower floor. A little mold on wall by shower due to this. But rest of room very clean. Construction going on while there. Little loud as we tried to enjoy hot tub.,8,2025-06-18 15:26:27+00,1
"Zimmer und die gesamte Anlage sind für ein 5 Sterne Haus nicht angemessen, man zahlt ja auch dafür. Insgesamt in die Jahre gekommen. Service war gut und holfsbereit. Die Anlage wir gerade renoviert, kann also in der Zukunft anders sein.
Wir hatten HP, Angebot war aberchslungreich und qualitativ ok.
Vorteil, schöner Golfplatz und ohne es genutzt zu haben umfangreiches Angebot für Kinder",6,2025-06-18 21:20:35+00,0
Estava em reforma e muito barulho,10,2025-06-18 21:55:10+00,1
A estadia foi incrível! O hotel trás uma sensação de casa! Eu amei,10,2025-06-19 00:00:00+00,1
"Ken! Hoje muito se fala sobre a IA na hotelaria! Mas nem Ia e nem nada vai substituir a hospitalidade, a cordialidade de uma equipe! Trabalhei 7 anos na operação de um gigante como esse e sei bem como é apagar os incêndios dos bastidores e ao mesmo tempo sorrir sincero pra os hóspedes! A sua equipe é exemplar! 
A Rose uma querida! O pessoal da central adora ela! E a equipe dela todos muito queridos! A Di eu sou suspeita falar (vão dizer que to puxando o saco) mas foi amor a primeira vista e as meninas dela ontem amassei todas e agradeci toda paciência conosco da central! Toda parceria! 
O Charles mal chegou e já me procurou para se apresentar achei super profissional e querido para comigo! As meninas do restaurante Katia, Izaura e senhora da tapioca! Minha família parecia um bando de doidos abraçando todos! O senhor que nos levou as toalhas na jacuzzi que simpatia! As meninas da Gov!  Parabéns! São essas pequenas mas grandes coisas que deixam o coração quentinho e que todo mundo precisa quando resolve sair de suas casas e vir pra uma viagem cheia de expectativas! 
Minha família já quer voltar! Já tinha duas experiências aqui e sempre fui apaixonada mas a trabalho acabamos não aproveitando e dessa vez só reforcei a minha paixão! 
Obrigada todo time",10,2025-06-19 00:00:00+00,1
"Ken! Hoje muito se fala sobre a IA na hotelaria! Mas nem Ia e nem nada vai substituir a hospitalidade, a cordialidade de uma equipe! Trabalhei 7 anos na operação de um gigante como esse e sei bem como é apagar os incêndios dos bastidores e ao mesmo tempo sorrir sincero pra os hóspedes! A sua equipe é exemplar!
A Rose uma querida! O pessoal da central adora ela! E a equipe dela todos muito queridos! A Di eu sou suspeita falar (vão dizer que to puxando o saco) mas foi amor a primeira vista e as meninas dela ontem amassei todas e agradeci toda paciência conosco da central! Toda parceria!
O Charles mal chegou e já me procurou para se apresentar achei super profissional e querido para comigo! As meninas do restaurante Katia, Izaura e senhora da tapioca! Minha família parecia um bando de doidos abraçando todos! O senhor que nos levou as toalhas na jacuzzi que simpatia! As meninas da Gov!  Parabéns! São essas pequenas mas grandes coisas que deixam o coração quentinho e que todo mundo precisa quando resolve sair de suas casas e vir pra uma viagem cheia de expectativas!
Minha família já quer voltar! Já tinha duas experiências aqui e sempre fui apaixonada mas a trabalho acabamos não aproveitando e dessa vez só reforcei a minha paixão!
Estou dando meu melhor e a minha equipe também pra vendermos toda a rede (mas que fique entre nós) que o Wish Foz continue como nosso Number one de vendas!
Muito obrigada por tudo!",10,2025-06-19 15:59:08+00,1
 Das Zimmer war super.  Leider wurde gerade umgebaut - es wird sicher bald noch schöner.,9,2025-06-19 20:34:18+00,1
" Da estrutura da hospedagem.  As quadras de tênis são boas, porém uma é melhor que a outra em conservação. A melhor quadra estava ocupada e não há regras de uso para limitar o tempo.",10,2025-06-20 10:07:03+00,1
Excelente,10,2025-06-20 11:54:26+00,1
"Falta de receptividade pelos couriers na chega (3 pessoas conversando, sem prestar direcionamento. Somente 1 senhor mostrou onde era a entrada da recepção, a qual é MUITO mal sinalizada em função das obras).

Falta de receptividade e cordialidade no checkin. Não houve auxílio com malas, tão pouco direcionamento das atividades do hotel (chegada às 19:00. Moça atendendo na recepção).

Bebidas não estavam nem ao menos sequer próximas de estarem geladas durante o jantar. (Cerveja e refrigerante).

Ao acordarmos de manhã, achamos um piolho de cobra no meu travesseiro, conforme foto e vídeo em anexo. 

O quarto de casal tinha 4 travesseiros, os quais são finos e se deformam facilmente; além de somente um cobertor. Solicitamos no segundo dia da nossa estadia uma adição de travesseiros e mais um cobertor, mas sem sucesso. Esperamos 40 minutos desde a primeira tentativa. Ligamos novamente a recepção, mas nada foi feito.

O Wi-Fi do quarto tinha uma conexão extremamente instável (ficamos na casa 06). Todas as vezes caía e precisamos fazer o cadastro novamente. Temos a operadora Vivo, a qual não pega muito bem nas áreas do hotel, ou seja, ficamos com conexão restrita e instável

Chegamos a ficar em outro hotel em Foz, mas optamos por mudar para o Wish para testarmos a experiência, uma vez que as fotos mostram uma boa estrutura. De fato, o hotel é muito bonito, mas bixos na cama, atendimento sem cordialidade e falta de execução nas promessas nos fizeram reconsiderar a nossa decisão.",4,2025-06-21 00:00:00+00,-1
"Acomodações excelentes, bem como café da manhã e demais serviços. Colaboradores atenciosos e cordiais.
Altamente recomendável.",10,2025-06-21 00:00:00+00,1
"Falta de receptividade pelos couriers na chega (3 pessoas conversando, sem prestar direcionamento. Somente 1 senhor mostrou onde era a entrada da recepção, a qual é MUITO mal sinalizada em função das obras).

Falta de receptividade e cordialidade no checkin. Não houve auxílio com malas, tão pouco direcionamento das atividades do hotel (chegada às 19:00. Moça atendendo na recepção).

Bebidas não estavam nem ao menos sequer próximas de estarem geladas durante o jantar. (Cerveja e refrigerante).

Ao acordarmos de manhã, achamos um piolho de cobra no meu travesseiro, conforme foto e vídeo em anexo.

O quarto de casal tinha 4 travesseiros, os quais são finos e se deformam facilmente; além de somente um cobertor. Solicitamos no segundo dia da nossa estadia uma adição de travesseiros e mais um cobertor, mas sem sucesso. Esperamos 40 minutos desde a primeira tentativa. Ligamos novamente a recepção, mas nada foi feito.

O Wi-Fi do quarto tinha uma conexão extremamente instável (ficamos na casa 06). Todas as vezes caía e precisamos fazer o cadastro novamente. Temos a operadora Vivo, a qual não pega muito bem nas áreas do hotel, ou seja, ficamos com conexão restrita e instável

Chegamos a ficar em outro hotel em Foz, mas optamos por mudar para o Wish para testarmos a experiência, uma vez que as fotos mostram uma boa estrutura. De fato, o hotel é muito bonito, mas bixos na cama, atendimento sem cordialidade e falta de execução nas promessas nos fizeram reconsiderar a nossa decisão. Não voltaríamos.",4,2025-06-21 00:40:52+00,-1
"Excelente hotel, comida muito boa, proposta de apartamentos similar a um condomínio",10,2025-06-21 22:31:35+00,1
"Gostaria de expressar minha profunda gratidão pelo imenso carinho de toda a equipe do Wish Foz. Desde o início, fui acolhido por um time extremamente bem preparado, que demonstra amor genuíno pelo que faz.

O atendimento foi impecável em todas as áreas do hotel, e quero deixar um agradecimento especial às equipes da recepção, governança e restaurante.

Gostaria de destacar de forma nominal o Waid, da recepção, que nos orientou com muita atenção sobre os passeios da região; a Júlia, do Serviços Wish, que atendeu com extrema paciência todas as nossas dúvidas e solicitações, sempre com um sorriso na voz; e a Leiliane, responsável pela arrumação do nosso apartamento durante a estadia, que cuidou de tudo com carinho e atenção aos detalhes.

Parabéns à gestão do hotel e ao time de qualidade, pois é evidente o cuidado e a dedicação em cada detalhe da experiência oferecida.",10,2025-06-23 00:00:00+00,1
"Hotel é maravilhoso, pessoal da recreação é incrível, especialmente tio Chan, o tio Baiano e a tia Suco. O café da manhã é bem completo e o jantar também. O quarto familia tem um tamanho adequado e as camas sao grandes e confortáveis. Faltou um tapete absorvente na porta do quarto, o capacho disponível não enxugava os pés, então o chão ficava molhado perto da porta, onde deixávamos os sapatos ao entrar. Tivemos uma linda festa junina em uma das noites, muito bem organizada e decorada, mais uma vez a equipe de recreação fez toda a diferença, se dedicaram muito, estão de parabéns.",10,2025-06-23 00:00:00+00,1
"Hotel muito bom, comida boa e tio baiano e chan muito legais. Resort maravilhoso e bem localizado, em especial a recriação. Tio chan maravilhoso",10,2025-06-23 00:00:00+00,1
"O tio chan é legal, o tio baiano é legal, a tia cupcake é legal, tia suco é legal, a mumia é engraçada",10,2025-06-23 00:54:03+00,1
" Localização e simpatia dos funcionários  Quarto muito simples para o valor pago,banheiro sem armário embaixo da pia e sem amenities ,limpeza a desejar….misca morta atrás da cama que ficou 4 dias lá!",7,2025-06-23 02:43:29+00,0
Maravilhosa e aconchegante,10,2025-06-23 10:16:23+00,1
"EXCELENTE TODO, LAS PERSONAS QUE TRABAJAN ALLI MUY ATENTAS Y AMABLES.",10,2025-06-23 13:12:43+00,1
"No geral foi bom, mas para um hotel 5 estralas esperava um pouco mais",10,2025-06-23 13:38:37+00,1
"A minha estadia foi maravilhosa em todos os quesitos: recepção, gastronomia, serviços, lazer e atendimentos. Gostaria de ressaltar o bom atendimento da Sônia e Isabela (as quais faziam a tapioca e o omelete). Elas são maravilhosas, muito educadas e prestativas, além de fazerem uma tapioca deliciosa. Os garçons que retiravam as louças das mesas do café, também realizaram um ótimo trabalho. Parabéns ao hotel!",10,2025-06-23 20:56:42+00,1
"Gostaria de expressar minha profunda gratidão pelo imenso carinho de toda a equipe do Wish Foz. Desde o início, fui acolhido por um time extremamente bem preparado, que demonstra amor genuíno pelo que faz.

O atendimento foi impecável em todas as áreas do hotel, e quero deixar um agradecimento especial às equipes da recepção, governança e restaurante.

Gostaria de destacar de forma nominal o Waid, da recepção, que nos orientou com muita atenção sobre os passeios da região; a Júlia, do Serviços Wish, que atendeu com extrema paciência todas as nossas dúvidas e solicitações, sempre com um sorriso na voz; e a Leiliane, responsável pela arrumação do nosso apartamento durante a estadia, que cuidou de tudo com carinho e atenção aos detalhes.

Parabéns à gestão do hotel e ao time de qualidade, pois é evidente o cuidado e a dedicação em cada detalhe da experiência oferecida.",10,2025-06-23 22:22:00+00,1
"Profissionais muito solicitos e atenciosos;
Cafe da manhã excelente;
Decepcionado que nao pude comer no restaurante the grill pois estava fechado devido a obra (tentei pedir no quarto mas nem assim);
Isolamento acústico dos quartos é pessimo; 
Não voltaria a me hospedar na rede Wish.",6,2025-06-24 00:00:00+00,0
"Lo pasé  muy feliz en el hotel, todos muy amables y serviciales. Destacó la atención en el comedor de Aline entrenamiento. Excelente su atención y cordialidad.",10,2025-06-24 00:00:00+00,1
"Disfrutamos la estadía,  muy buena atención.  
Quiero destacar a Aline que está en entrenamiento del comedor, una niña muy amable y empatica con el pasajero.
Felicitaciones.",10,2025-06-24 00:00:00+00,1
"Lugar fantástico por sus servicios, amabilidad del personal, tranquilidad, seguridad. Emplazado compatiblemente en la misma naturaleza de la zona que permite el disfrute se todas las posibilidades del emplazamiento.",10,2025-06-24 03:32:14+00,1
"Let me start with the positives: 
- The staff are very courteous and polite
- The rooms we got are close to the lobby / breakfast area
- The breakfast and dinner buffets are good 

Let me then go on with what I think is fair feedback if you go with the expectation of a 5 star hotel (it’s labeled as such on google, Expedia, and booking): 
- I don’t think it’s fair to brand this as a 5 star hotel. At best it’s on the low end 4 or mid to high end 3 star
- We checked in at midnight and check in took almost an hour. Normal 5 star hotels would be super quick knowing the time. 
- The room has no free drinking bottled water, which is almost a standard with other 5 star hotels
- It was 5 degrees outside and the room was FREEZING and did not come with a duvet, just a fleece blanket. I think the room should have been pre-warmed knowing it was freezing outside and they had left all windows open. It took a long time to warm the room. 
- The bathroom came with bare min essentials, which is honestly fine for a 3 star hotel but not a 5 
- Room service takes more than an hour. I suggest having dinner at the buffet instead vs having it delivered 
- The entire hotel is FREEZING. Going to breakfast in the morning will be freezing if you do not have a puffer jacket 

None of the above are honestly egregiously bad — but just when you label yourself a 5 star hotel, it comes with certain expectations of levels of service. So I guess my review here is to ensure guests have a fair picture of what to expect. 

Then to the BIG NO-NOs: 
- The room has minor black mold above the headboard. Potential health risk if not dealt with or properly killed. See photos for proof",4,2025-06-25 00:00:00+00,-1
Muy lindo,10,2025-06-27 12:37:57+00,1
" Food, location, bed comfort, room size  Amenities missing every day, problem with bathroom took 2 days to be solved after 3 times calling the reception. Some rooms are located far away",5,2025-06-27 17:01:15+00,0
" Location, room size, food and breakfast  Way too many problems with missing amenities, soap, water etc. It took 2 days and 3 calls to fix a bathroom problem",5,2025-06-27 17:03:04+00,0
Muito bom mesmo,10,2025-06-27 18:30:35+00,1
"O quarto é excelente, muito confortável, pessoal educado e tudo mais, creio que falta Netflix nas tvs, pra ficar perfeito",10,2025-06-28 00:00:00+00,1
"Tio chan, tio baiano e tio pool foram ótimos!!! Animaram muito o bingo que teve e tive um momento incrível com minha família",10,2025-06-28 01:39:12+00,1
"Like the other lower starred reviews, I can attest that the rooms were mouldy and I’ve included the photos too. The room was musty and smelled like mould too. The lamps, curtains, walls and curtain rails all had mould.

I would also agree that while the hotel’s main argument for being labeled as a 5 star is that it has a lot of amenities, and yes it does, I don’t agree that this is truly 5 star. At best low 4 or high 3 star.

The hotel isn’t bad but calling it 5 star is unfair for the following points:

1. We checked in at midnight at 5C weather and the room was freezing. They left all windows open and it took so long to warm the room. A 5 star hotel would never let guests experience this.

2. The hotel has no free water in the rooms. You have to go to reception to get water or pay for the mini bar. If this were 3 star then that’s fine. But all the 5 stars I’ve been in always had free drinking water in rooms.

3. The room was musty and mouldy. This alone removes half the stars in the room

4. When the room was serviced, no towels were replaced. Again, a 2 or 3 star, fine they forgot. But a 5 star? This is a big no no

The label of a 5 star hotel comes with service levels and expectations, not just amenities. I think it would be fair to change the label on the booking sites.

On the good side:
- food was yummy
- staff were kind",4,2025-06-28 13:14:56+00,-1
"Gostaríamos de registrar aqui, a satisfação plena em nossa estadia no WISH Hotel Foz do Iguaçu. Lugar maravilhoso, grupo de funcionários interessados em nos dar o melhor possível durante o tempo que ficamos lá. Em especial queria parabenizar e agradecer a algumas das pessoas que deixaram em nós, lembranças que ficarão gravadas em nossa memória.
Ao Tyales Veiga, que nos mostrou, a forma do bem atender ao hospede.  Carlos Ramirez Sargadia, nosso Maitre, que não só gerencia e coordena, mas quando necessário, põe a  mão na massa, inspirando todos os funcionários.  Nosso Chef GUI, Guilherme Mota, que nos ofereceu um variado menu, ficando muito difícil escolher um, parabéns Chef Gui. O Alex Oliveira, que nos deu aula de como fazer o exercício na academia, ao Michael do Bar da Piscina, Caipirinha nota 1000, e também a Supervisora Luciana, Equipe de Governança. Tudo veio confirmar a nossa escolha certa para comemorarmos nossos 51 anos de casamento. Agradecer ao Tyales e Carlos, a homenagem nos dada com um jantar. Obrigado a todos da Família WISH.
José Antonio e Sandra.
28/06/2025.",10,2025-06-28 15:20:33+00,1
"Acabamos de nos hospedar neste hotel e precisamos mencionar o quanto o funcionário Alex da academia foi incrível! Desde o momento em que chegamos, ele nos recebeu com um sorriso e se dispôs a nos mostrar tudo no hotel. Nos ajudou com várias perguntas e deu dicas ótimas sobre o que fazer por aqui. A presença dele fez nossa estadia muito mais divertida e agradável. Agradecemos de coração pela ajuda e carinho, pois conseguimos aproveitar tudo graças a ele!!",10,2025-06-29 00:00:00+00,1
"Dedicação, atenção e carinho da Tia Suco e time de recreação transformaram a estadia em extraordinária. Minhas filhas não queriam mais sair do resort e só falam em voltar!

Destaco ainda as instalações, atendimento como um todo e restaurante.

Amamos! ✅🤍",10,2025-06-30 00:00:00+00,1
Beautiful property with many activities for the whole family. Breakfast is great.,10,2025-06-30 00:00:00+00,1
" A brinquedoteca e a energia dos funcionários em geral  , em
Especial, Tia suko da área kids e Guilherme do restaurante.",10,2025-06-30 01:14:09+00,1
"Maravilhosa! Nem o frio de 1o grau, que para o carioca é absurdo, atrapalhou a experiência de uma semana neste hotel. Acomodações limpas, aconchegantes e bem organizadas. Atendimento nota 1000 em todos os setores. Estrutura de lazer com ótima sala de musculação,  campos de esportes e de golfe bem estruturados.  A agência Bliss nos proporciona diversas opções de entretenimento.  E o fato de ser cliente Exclusive Guest viabiliza atendimento VIP para o restaurante principal. Indo embora com gostinho de quero mais!",10,2025-06-30 12:54:32+00,1
" A equipe muito atenciosa, não deixaram passar em branco o meu aniversário, qdo retornei ao hotel a noite tinham deixado um bolinho com vela no meu quarto.Acomodação confortável,estrutura do hotel muito bonita, casas no estilo americano, lindo jardim.  Senti falta de um endredom no quarto tinham apenas cobertores finos e fez muito frio no período da minha hospedagem a temperatura chegou a 1 grau.
O hotel fica próximo ao aeroporto, porém distante da área central da cidade.",10,2025-07-01 21:26:33+00,1
"Increíble el servicio y atención de todo el personal. Sobre todo el de Lucas, Julie y Zuko Vitamina. Siempre muy servicial sy dispuestos a ayudar en esta experiencia.",10,2025-07-02 00:00:00+00,1
Hotel excelente comida excelente pudim da sobremesa excelente quarto do hotel excelente espaço de lazer excelente academia muito boa.,10,2025-07-02 00:00:00+00,1
"Recomendo facilmente o Wish e voltarei!!! 

Os recreadores são ótimos, principalmente a “Tia Suco”.

As Refeições são excelentes!!! 

A estrutura física é maravilhosa! 

O único ponto negativo foi na qualidade da limpeza dos quartos. Sou alérgico a poeira e tive crise logo no primeiro dia.",8,2025-07-02 00:00:00+00,1
"La atención del personal excelente, algunas cosas no estaban disponible de la carta de lobby bar y restaurante ya que estaba en remodelación pero dentro de todo muy buena atención.",8,2025-07-03 00:00:00+00,1
otimo! com tudo que a familia precisa! o campo de golf é lindissimo mas com buracos difíceis. Café da manhã com tapioca fresca feita pela Isabella 10/10,10,2025-07-03 00:00:00+00,1
"Wish es un resort muy lindo, con amplias instalaciones y muchas actividades para realizar (piscina, jacuzzi, campo de golf, cancha de fútbol, juegos infantiles, casa de legos con ping Pong, billar, videojuegos). 
La habitación estuvo muy adecuada, con muy buena climatización para el clima que estaba haciendo (el día que llegamos estaba a 13 grados Foz de Iguazú).  En la habitación solo me faltaría para el nivel del hotel una cafeterita para hacer café. 
Disfrutamos mucho el jacuzzi que tenía agua calientita para estos días fríos, ojalá alguna de las piscinas tuviera climatización para haberlas podido disfrutar.
El desayuno muy variado y abundante, que disfrutamos mucho. 
Las camas súper cómodas. 
El staff del hotel muy amable, sobretodo en el área del restaurante. Los de recepción amables aunque menos cercanos que otros del personal. 
Si vas a Foz de Iguazú wish es unauy buena opción para disfrutar de la ciudad.
Todo en el hotel nos encantó",10,2025-07-03 00:00:00+00,1
"Ambiente acolhedor, equipe prestativa, descansei bastante. Não aproveitei mais devido ao clima. Faltou uma piscina coberta e aquecida para ser fantástico.",10,2025-07-03 22:34:12+00,1
"Ótima , café da manhã ótimo",10,2025-07-04 04:57:32+00,1
"Excelente resort.
Wish significa desejo.
Foi uma experiência maravilhosa em todos os sentidos.
Otimo atendimento,  instalações,  serviços e comida.
Todos os funcionários muito atenciosos, prestativos e educados.

Só cuidem qdo usarem o Google maps,  pq ele pode te indicar um atalho por bairros em obras e ruas esburacadas.
Façam o caminho do centro e av das cataratas que é muito melhor.",10,2025-07-06 11:50:36+00,1
Top,10,2025-07-06 18:32:58+00,1
"Atendimento acolhedor, profissionalismo incrível, tudo extremamente organizado e aconchegante! Recomendo a quem for fazer convenção de negócios!",10,2025-07-07 00:00:00+00,1
 Room service was quite delayed.,8,2025-07-07 11:26:12+00,1
"Un hotel muy bonito, con grandes espacios comunes, y bonita infraesteuctura.
Para lo bonito y grande del hotel las habitaciones son un poco pequeñas, el baño podria ser mas moderno y la television la considere un poco antigua.",10,2025-07-08 18:30:21+00,1
" o café da manhã é legal
O pessoal é atencioso  Precisa de reforma nos quartos... esta meio caído o hotel",8,2025-07-09 01:32:10+00,1
"El predio del lugar es hermoso. Solo pasamos una noche en el hotel, al principio pensamos que era para extender la estadía, ya que el personal era amable y la habitación se veía bien. Lamentablemente nuestra opinión cambió por completo en el día. Por la tarde decidimos ir al sauna y jacuzzi (este último el agua estaba mal tratada, no podemos sacar el mal olor en nuestras prendas. Un olor como podrido y el agua se veía muy turbia). Después nos fuimos a cenar a uno de los restaurantes yo pedí un sándwich de pollo y mi novia chicken fingers. El sándwich de pollo tenía trozos de cáscara de huevo por dentro) y los fingers estaban crudos. Por favor vean las fotos. Luego en la noche el aislamiento del sonido y no logramos dormir.",2,2025-07-09 21:01:27+00,-1
"Um lugar maravilhoso, com muita área verde excelente para caminhar, passear de bicicleta elétrica com os filhos. O Wish tem um atendimento especial com as crianças, sempre com atividades e área kids, com cuidadores realmente atenciosos e alegres. A estrutura do hotel é muito grande, disponibilzando tanto carro para levar e trazer a qualquer hora como os carrinhos de golf que nunca param, sempre a 1 minuto de quando chamamos. Pescaria no lago. Piscina na porta do quarto! Com mini golf e aulas de golf. Café da manhã e refeições são esmeradas e deliciosas. Ficamos pelo Exclusive Guest o que nos deu ainda mais esmero no atendimento. Recomendamos 100%, inclusive pela atenção especial às crianças. Localização também é boa, longe do centro mas, perto das melhores atrações.",10,2025-07-10 00:00:00+00,1
Os funcionários são muito cordiais e atenciosos.  Café da manhã e jantar com bastante variedades. As crianças adoraram. Hotel próximo as cataratas.,10,2025-07-10 00:00:00+00,1
"Excellent property. Short Uber drive to waterfalls, mall and airport. Staff very professional and courteous. Highly recommend. I would stay again!",10,2025-07-10 00:00:00+00,1
"Great hotel, nice staff, beautiful golf course",10,2025-07-10 00:14:26+00,1
"Gostamos da experiência, uma baita estrutura e atendimento excelente!",8,2025-07-10 14:24:41+00,1
Lugar maravilhoso. O serviço é muito bom. As refeições são de ótima qualidade e variadas.,10,2025-07-12 00:00:00+00,1
 Vende algo e não entregam,8,2025-07-12 11:45:26+00,1
 Estava em reforma,9,2025-07-12 11:52:18+00,1
" Sehr schöne, saubere und gepflegte Hotelanlage. Wir fühlen uns jedesmal sehr wohl. Sehr gutes Frühstück mit viel Obst. Generell alle Mahlzeiten sehr lecker. Angenehme Atmosphäre und freundliche s Personal. Kommen gerne wieder.  Alles gut.",10,2025-07-12 12:43:55+00,1
"muito boa fiz atividade com tio pernalonga, tia Xuxu, tia ravena, tia bibi e tio frango",10,2025-07-12 18:06:56+00,1
" Si faltaba algo en la habitación lo resolvieron rápidamente 
Instalaciones en general  No hay computadora en lobby para uso de huéspedes
No funcionaban ninguno de los  chorros de los yacuzzis.
Mucho ruido de noche entre carros de golf que pasaban; gente ; hacia ruido el  frigobar; entorno
Piscina principal con escalera con escalones resbalozossik. Sin. Cinta antideslizante 
Ni avisaron de cobro de taza de turista diaria",8,2025-07-12 18:27:38+00,1
"Experiência boa!
A localização é afastada dos pontos turísticos, se vai sem carro, tem Uber muito rápido.
No geral, muito bom.",10,2025-07-12 23:05:00+00,1
"Hotel 5 estrelas mas não oferece nenhuma piscina aquecida ou mesmo climatizada. Os quartos precisam e manutenção, principalmente banheiro, meu quarto tinha cheiro de mofo, além de ser muito próximo ao quarto ao lado, não tem isolamento então você escuta tudo.
O serviço de concierge é ruim pois ficam insistindo em querer mostrar a tal “apresentação” sobre a rede de hotéis. Atendimento no geral muito bom, café da manhã também é bem gostoso e variado.
O hotel está em reforma então algumas áreas comum estavam fechadas.
Fazem muita propaganda do Kids Club mas achei muito fraco, e a área também precisa de manutenção, grande quantidade de pernilongos dentro do espaço.",8,2025-07-13 00:32:40+00,1
Qualidade geral apenas satisfatória.,4,2025-07-13 01:55:54+00,-1
" Estrutura velha, sem manutencao, alimentacao basica",6,2025-07-13 17:46:19+00,0
"Lugar ruim longe de tudo, quartos sujos, com forte odor de mofo, cabelos espalhados pelo quiosque, não é um hotel 5 estrelas como divulgado, não passa de um resort meia boca com quiosque(mini casinhas com quarto fedorento) atendimento de toda equipe é péssimo, infraestruturas muito ruim, longe de tudo se tiver frio ou chuva não tem suporte nenhum! Horrível mesmo! Espero ajudar outras pessoas, em foz tem diversos hotéis e resorts que realmente são 5 estrelas! Mais esse não é.",2,2025-07-13 19:08:34+00,-1
Muy básica toda la experiencia de alojamiento. La habitación era muy oscura y pequeña.,6,2025-07-13 23:24:21+00,0
"Hermosa experiencia en la preparación de tragos!!! Lo mejor fue nuestros anfitriones tío poo, tío chan, y baiano los mejores!!! Los felicito!",10,2025-07-14 00:00:00+00,1
"Nos gustó mucho el trato y toda la predisposición de tío poo, tío shan y tío baiano, la experiencia de los tragos fue excelente",10,2025-07-14 00:00:00+00,1
" Do espaço,paisagem, disposição das acomodação  Improviso dos restaurantes ( estava em reforma)
Espaço kids muito distante ,pequeno as instalações já bem surradas, 
Não concordo com taxas p uso de bicicletas internamente.
Inclusive as bicicletas pequenas estão bem velhas.
E o bem crítico tbm é vá falta de piscina aquecida.",8,2025-07-14 14:08:56+00,1
"Experiência maravilhoso, tudo perfeito!! Em especial aos colaboradores: tio Chan, tia Kity e tio Pooh. Férias inesquecíveis com retorno certo",10,2025-07-15 00:00:00+00,1
"Esperávamos mais de um resort ""5 estrelas"".

Limpieza do quarto é ruim. Arrumam a cama rapidamente e nem limpam o chão. No terceiro dia de hospedagem nem limparam o quarto, tivemos que reclamar na recepção. Tivemos bastante dificuldade para dormir todas as noites, devido ao fraco isolamento acústico do quarto. Era mais de meia noite e os vizinhos falando alto ou gritando e dava para escutar tudo. Uma noite tive que sair e tocar a campainha do quarto vizinho e pedir por favor para eles diminuirem o barulho, pois já tinha pedido na recepção e eles não tomaram atitude alguma. Na noite seguinte mesma coisa. Na última noite os dava pra escutar os passos dos hóspedes do quarto que ficava acima ao nosso.

Pontos positivos:
- recreação que minhas filhas gostaram.
- comida é bem saborosa.
- funcionários simpáticos e atenciosos.
- lugar é amplo, arborizado e estrutura é boa.
- comida do restaurante é ótima, muito saborosa.

Pontos negativos:
- isolamento acústico do quarto.
- limpeza do quarto.
- faltam mais opções de carnes para o jantar, só tinha 1 carne vermelha por noite e geralmente não era bem feita (maminha, picanha ou contra-filé duros).

Só peço por favor que não me respondam de maneira automática ""ahh mas a grande maioria de nossos clientes se sentem bem aqui e saem satisfeitos."" pois são críticas sobre problemas reais que tivemos em nossa estadia e vocês podem levar em conta para melhorar o padrão que infelizmente não é de um hotel 5 estrelas.",6,2025-07-15 11:56:13+00,0
Muito bom,10,2025-07-15 15:31:11+00,1
"Excelente hotel para família!
Comida muito boa!
Recreação excelente!
Tio Pernalonga, Alex da academia, Ravena, Xuxu
Todos muito prestativos e animados!
Infra estrutura excelente!
Quadras , bike, golfe, arvorismo , arco e flecha e muito mais",10,2025-07-16 00:00:00+00,1
"Falta luz no quarto especialmente encima da bancada de apoio, TV muito pequena, porta do box muito pesada, bacia sanitária com vazamento.",8,2025-07-16 12:35:13+00,1
"Bom começar por onde neste hotel? Hotel simplesmente depredado, poderia ser um categoria 3,5 de bom tamanho. Quartos antigos, móveis antigos, televisões em pleno 2025 tamanho 32 polegadas sem ser smart. Serviço ruim da piscina, demorado.
Preço de hotel 5 estrelas ( propaganda enganosa ), não volto nunca mais.",2,2025-07-16 21:37:11+00,-1
"O espaço é maravilhoso, fiz atividades como o arco e flecha com o tio perna longa brinquei na recreação com as tias chuchu, tia ravena, formiga e o tio frango.",10,2025-07-17 00:00:00+00,1
"Excelente lugar para relajar y pasear por cataratas. Tienen todo preparado y gran elección el programa All You Wish. Todos los mozos super atentos y amables, especialmente Lucas. Saludos!",10,2025-07-17 00:00:00+00,1
 Todo  Nada,10,2025-07-17 02:43:59+00,1
"Great service and rooms are cleaned daily

The sports area is nice and has a nice running trail around it.

Breakfast is great",10,2025-07-17 15:59:03+00,1
"Excelente lugar y servicio!  Muy buen servicio del amigo Lucas! Muuuy atento y amable!!
Las instalaciones excelentes, ideal para venir en flia, lo súper recomiendo. Volveremos!",10,2025-07-18 00:00:00+00,1
"Excelente atención! Muy atentos a cada detalle y confort. La comida muy rica y variada. Excelente calidad
Súper recomendable",10,2025-07-18 00:00:00+00,1
"Nos alojamos por 2da vez, en familia.
Genial como siempre, todo estuvo ideal para descansar y pasarla muy bien con los niños.
Mención especial para la variedad en el Buffet, óptimo, productos y sabores de excelente calidad.
Anhelamos volver.",10,2025-07-18 00:00:00+00,1
Queremos destacar la amable atención en el comedor de Lucas y Aline; que estuvieron en todos los detalles recomendándonos platos típicos para nosotros y para las niñas. Estuvieron atentos para acercarnos la silla para que la bebé pudiera comer más cómoda y atentos a cada pedido que hicimos. Una atención destacada dentro del hotel que con niños hace la diferencia!,10,2025-07-18 00:00:00+00,1
"Tudo excelente. Restaurante e comidas ótimas.
Atendimento muito bom, principalmente do garçom Lucas, muito solícito e educado.",10,2025-07-18 00:00:00+00,1
"Excelente experiencia. Las habitaciones y servicios muy buenos.
Las propuestas del buffet son muy variadas y con temáticas diferentes todos los días.
El desayuno tremendo de rico.
Super conformes, grandes y chicos.",10,2025-07-18 17:27:33+00,1
"Ótimo atendimento, fomos muito bem atendidos pelo Carlos e pelo chef Gui, comida fantástica muito bom,  estão de parabéns.",10,2025-07-19 00:00:00+00,1
"Atendimento excelente. Fomos atendidos pelo Sérgio, muito gentil e atencioso. Só fiquei chateada pois queria trocar a batata por onion ring e não permitiu, eu disse que não me importaria de pagar a diferença, mas o chef não autorizou. Ainda assim o Sérgio tentou nos ajudar da melhor maneira. A refeição estava deliciosa, mesmo não podendo trocar.",8,2025-07-20 00:00:00+00,1
"El sitio es increíble, tiene unas instalaciones muy grandes y muchas cosas para probar. Destacable un camarero argentino, Lucas, muy amable y servicial",8,2025-07-20 00:00:00+00,1
"Todo estupendo, un lugar de descanso maravilloso. El buffet de cena y desayuno nos gustó mucho, lo único que las botellas de agua, que no están incluidas en el precio, son pequeñísimas, entiendo que la bebida no esté incluida pero el agua debería estarlo como mínimo. Destacar la amabilidad y profesionalidad de Lucas, un camarero argentino que nos atendió durante los buffet, una persona realmente encantadora y educada",10,2025-07-20 00:00:00+00,1
"Hemos pasado un par de días para visitar las cataratas y nos hemos quedado con ganas de disfrutar más del hotel, seguro que merece la pena viajar desde España para quedarse en el hotel disfrutando sin ir a ningún otro sitio. Muy amable el personal, en especial Lucas que nos atendió en el bufete con mucha amabilidad y simpatía, además de profesional. Volveremos sin duda",10,2025-07-20 00:00:00+00,1
" The villas !  The standards of cleaning , should be improved!",10,2025-07-20 12:31:09+00,1
"Quarto cheirava mofo quando voltava a tarde dos passeios e após a limpeza.
Chuveiro demorava muito para aquecer, cama desconfortável parecia ser 2 camas de solteiro juntas e falta de cobertas, tv não era smart e sem possibilidade de ligar smart box.",6,2025-07-20 23:36:29+00,0
"Destaque especial para a equipe e atendimento. Tio Chan e Tio Pooh sao sensacionais !!! Parabéns a todos !!
Fizemos a experiencia da mixologia de drinks e foi sensacional ! Equipe muito boa e simpática !!! Parabéns a todos !!

Eles sao muito bacanas !!! 

Minhas filhas amaram !!",10,2025-07-21 00:00:00+00,1
todo bien,10,2025-07-21 00:00:00+00,1
"Me hospedei no Wish Foz do Iguçu entre as datas dos dias 6 à 10 de junho, fui para participar de um evento da empresa.
O Wish é encantados, em cada pedacinho do Resort você encontra algo que te surpreende e te encanta ao mesmo tempo, quartos amplos, camas imensas, roupas de cama e banho limpa e trocadas todos os dias, quartos sempre limpos e organizados, café da amanhã, almoço e jantar espetacular, muita variedade, e não repetia as mesmas coisas todos os dias, as sobremesas são maravilhosas, no Resort encontra campo de golf, playground, espaço kids (com cozinha kids), em cada bloco tem 8 quartos, e todos com uma piscina e jacuzzi por bloco, o resort também dispõe de uma academia 24h com frutas e água a vontade, piscina principal e sauna.
O Wish é excelente para viagens em família, grupo de amigos, viagens a negócios, eventos e etc, com certeza me hospedarei no Wish novamente.
Obrigada a todos os funcionários que foram super educados e atenciosos.",10,2025-07-21 00:00:00+00,1
"Já esperávamos uma boa qualidade e atendimento mas a equipe conseguiu superar todas as expectativas. Além da gentileza e cordialidade, o espaço é bem cuidado e vale um destaque muito especial para o restaurante. Compramos um pacote com os jantares, mas até pensando na comodidade e foi um surpreendidos por um verdadeiro festival gastronômico.",10,2025-07-21 00:00:00+00,1
"Gostei muito da esperiencia no curso de miquisiologia de drinks 
Com tio Poh e tio Chan e Wilson 
Alimentação no jantar TMB foi muito boa",10,2025-07-21 00:00:00+00,1
Fiz a experiência da mixologia dos drinks com Wilson! Poh e chan da recreação também participaram e tornaram a experiência ainda melhor! Adorei aprender mais sobre drinks. Gosto muito de beber e não sabia como beber… Adorei ter vindo!,10,2025-07-21 00:00:00+00,1
"O Hotel é bom, mas pelo preço, existem opções na região iguais ou melhores. em tempos frios como o inverno, não se consegue usar a piscina. Não existem amenidades que se possa fazer em espaço coberto. O Hotel não oferece o chá da tarde com café, biscoitos e bolos, como alguns hotéis da região oferecem. No banheiro havia vazamento ao lado do vazo sanitário, provavelmente da ducha higiênica. A pessoa responsável pela limpeza diária devia ter chamado os encanadores para verificar, mas passadas 5 diárias, nada foi feito. Quartos não tem banheira, algo que pelo preço cobrado, deveria oferecer. Honestamente, não sei se voltarei a me hospedar em vosso hotel.",8,2025-07-21 15:40:02+00,1
"O complexo do hotel fica na Avenida das Cataratas, a uma curta viagem de Uber de atrações como as Cataratas, o passeio de helicóptero sobre elas e Parque das Aves.
As acomodações são divididas na estrutura de casas espaçadas pela enorme área do resort, o que pode ser um problema para pessoas com mobilidade reduzida ou em épocas de chuva. O interior das acomodações tem um tamanho adequado, funcionalidade em termos de iluminação e móveis, além de amenities de banho de boa qualidade.
A infraestrutura de lazer é ampla e completa: piscina, jacuzzis, academia 24h, kids club com monitores, playground, trilha, arvorismo, quadras poliesportivas e campo de golfe.
Optei pelo pacote All You Wish, a opção all inclusive do grupo hoteleiro, e o custo-benefício foi excelente, considerando a boa qualidade das refeições, dos petiscos e drinks.
O serviço em todo o complexo é bom, portanto, é uma opção a ser considerada principalmente por famílias com crianças, preferencialmente em épocas secas, como o mês de julho.",8,2025-07-22 00:00:00+00,1
" Hotel bonito e grande. Nosso quarto era ótimo, espaçoso e sempre bem limpo. Camas grandes e confortáveis. Área kids foi nota 10, em especial a Tia Suko.  As bicicletas precisam de manutenção.",10,2025-07-22 00:25:54+00,1
" Recomiendo muchísimo, un lujo todo.  Que la reserva se hiciera en dólares y solo aceptaran reales.",10,2025-07-22 03:26:51+00,1
" O hotel é excelente. Espaçoso, comida maravilhosa, funcionários atenciosos, recreação para as crianças e adultos e instalações ótimas. Quarto super espaçoso e confortável. Wi-fi no hotel inteiro. Dentro dele você já encontra uma agência (Bliss) que nos ajudou em todos os nossos passeios. Já saímos com os ingressos na mão, carro e guia para ir para a Argentina.  Nada a comentar.",10,2025-07-22 11:43:28+00,1
"Deveria chamar 0 estrelas, muito decepcionado",2,2025-07-22 18:40:59+00,-1
"Bom hotel, mas não vale o custo X beneficio.",8,2025-07-22 23:17:02+00,1
"Experiência maravilhosa . Hotel superou todas as minhas expectativas . O atendimento não tem igual . Meu agradecimento em especial ao pessoal do lobby bar que foram maravilhosos conosco, quando chegávamos dos passeios, em especial ao Marcelo e a Katia , fizeram toda a diferença .",10,2025-07-23 00:00:00+00,1
Já é a segunda vez que nos hospedamos aqui e adoramos. Nessa nossa última estada o atendimento da Izaura no café da manhã foi espetacular. Meu filho tem restrição alimentar e ela foi muito atenciosa nos auxiliando.,10,2025-07-23 00:00:00+00,1
"Estamos passando dias muito gostosos!! Estrutura incrível, ambiente familiar, funcionárias atenciosos, principalmente a Izaura que nos atendeu no café da manhã, muito solicita e agradável! Recomendo!",10,2025-07-23 00:00:00+00,1
"Lugar lindo; hotel muito bom, confortável, comida excelente.",8,2025-07-23 00:00:00+00,1
 The facility. Golf course. Great restaurant. Spacious  The pool wasn’t heated and it was winter,10,2025-07-23 19:41:32+00,1
" Todo es espectacular, hermoso, muy buen precio, desayuno mejor imposible y cena tb volveria todas las veces  La piscina de afuera helada",10,2025-07-23 22:40:14+00,1
"Atendimento sem igual, que gentileza dos colaboradores, comida sensacional.
Quartos impecáveis.
Tudo perfeito, muito obrigada mil vezes ❤️",10,2025-07-24 00:00:00+00,1
"Buen servicio, todo muy agradable. La comidas muy rica. El personal muy atento, en especial de Lucas, que siempre estuvo atento a nuestra mesa   😁",10,2025-07-24 00:00:00+00,1
"Muy buen servicio, el ambiente es bastante agradable, el personal es muy atento en especial Lucas. Además la comida es muy rica y variada",10,2025-07-24 00:00:00+00,1
"Comida excepcional, quarto limpo e confortável. 
Um elogio especial para a concierge Eduarda que nos atendeu muito bem e tornou a experiência ainda melhor.",10,2025-07-24 00:00:00+00,1
"Las habitaciones son chicas y la limpieza diaria no es buena. Tuvimos que reclamar para vuelvan a hacer. El hotel en general es muy lindo aunque todo el día te persiguen con charlas para vender más. La atención de Emilia de recepción fue muy mala, muy mala onda. Y el precio del servicio de laundru es desorbitado. No tienen piscinas interiores",6,2025-07-24 13:23:40+00,0
"Superou nossas expectativas.
Serviço, atendimento, acomodações, restaurantes, piscinas, academia.
Um destaque para a recreação e aula de ginástica (prof. Alex).
Dois pontos com espaço para melhora: 
1) não tem lugar no quarto, nem varanda para secar as roupas molhadas (de piscina ou capas dos passeios). O varal do box no banheiro não têm ventilação bem luz e portanto não seca. Tive que espalhar roupas por todos os cantos e ganchos do quarto.
2) fomos recebidos pela pessoa do marketing na hora do almoço, às vésperas ds fechar do restaurante (morrendo de fome com crianças).
A intenção dela era nos convidar para uma sessao de 45 min para ouvir a proposta de fidelidade no hoteis do grupo. E ela não teve tato de perguntar se tínhamos comido e se queríamos falar naquele momento - quase perdemos o horário para almoçar.",10,2025-07-25 00:00:00+00,1
Gostaria de elogiar todos os funcionários do resort. Todos que tive contato foram muito simpáticos e atenciosos. Queria agradecer e elogiar especialmente o garçom Ernandes. Ele nos atendeu durante alguns dos dias em que estivemos hospedados e tornou nossa experiencia ainda melhor! Muito atencioso e disposto a ajudar sempre que possível.,10,2025-07-25 00:00:00+00,1
"Gostei muito do resort em geral, principalmente da parte do jantar, onde todos os garçons são muito atenciosos, principalmente o senhor Ernandes",10,2025-07-25 00:00:00+00,1
"Olá! Quero deixar alguns pontos de melhoria. Eu amo o Wish, é a segunda vez que me hospedo aí, e sinceramente acho o hotel maravilhoso. 🌟

Como sugestão: no inverno, os jacuzzis ficam ao lado dos quartos superiores, e se não estiverem funcionando, a água da piscina externa fica congelante. Seria fantástico se as piscinas menores (rasas) fossem cobertas durante a noite. Eu faço isso na minha casa: coloco uma lona preta sobre elas com um pouco de água, e o sol durante o dia aquece naturalmente. Isso ajudaria a manter a temperatura sem a necessidade de aquecimento individual, que é mais complicado.

🌞 Como essas piscinas são rasas, o sol aquece fácil. Existem muitos sistemas simples de cobertura, e seria uma grande diferença competitiva para o Wish, porque quase nenhum hotel da região tem piscina externa realmente climatizada no inverno. Por exemplo:

O Interludium acho que tem algo assim, mas não tenho certeza

O Lois tem, mas a temperatura é baixa

O Recanto e o Mabu não conseguem manter a água quente no inverno

Sou uma hóspede frequente em Foz e conheço bem os hotéis da região, por isso compartilho essa sugestão com carinho.

Outra ideia seria considerar um espaço exclusivo para adultos na área das piscinas ou jacuzzis. Eles costumam ficar cheios de crianças gritando, e seria muito respeitoso ter uma área para quem quer relaxar em silêncio. Entendo que o hotel é familiar, mas com tantas piscinas, uma separação leve entre famílias e adultos que buscam paz seria maravilhosa.

💙 Fora isso, não tenho mais o que criticar:

O hotel é fantástico

A equipe é 10!

A comida é espetacular

Amei a tapioca!

Todos, todos são incríveis!

Só lamento que a água das piscinas pequenas ao lado dos quartos seja tão fria. Não seria difícil aquecê-las, pois têm pouca água. E cobri-las ajudaria também a economizar produtos (menos cloro, ácido, algicida), além de evitar que entre água da chuva.

Enfim, fica minha sugestão com muito carinho. Um beijo grande!

Maia 🌿",8,2025-07-25 00:38:54+00,1
" Todo es muy lindo, hay muchas alternativas de recreación para adultos y niños. El gimnasio essta muy bueno!!!",10,2025-07-25 00:57:59+00,1
Muy buena alternativa para vacaciones en familia!,8,2025-07-25 01:57:28+00,1
" Atendimento,equipe muito atenciosa,não deixaram passar em branco o meu aniversário,deixaram um bolinho com ela no meu quarto.
Café da manhã muito bom  Senti falta de um endredom mais grosso no quarto tinham apenas uma manta fina e no período que estive hospedada fez muito frio.",9,2025-07-25 10:52:40+00,1
" Near the airport and falls
Good breakfast  Our room was a 5 min walk from main hotel",5,2025-07-26 08:35:40+00,0
"Hotel perfeito, comida deliciosa, recreação para as crianças, muito válido. Com toda certeza voltarei.",10,2025-07-26 15:52:50+00,1
"Wish foz é a escolha ideal para você que busca hospedagem de altíssima qualidade em um ambiente de muita paz e tranquilidade! Os quartos são espaçosos e muito aconchegantes, a estrutura realmente impressiona pela sua grandiosidade. Se você ama estar em contato com a natureza este lugar vai te surpreender! O café da manhã é super completo, contendo mais de 80 itens possuindo uma variedade de opções, tem para todos os gostos! Eu e meu esposo amamos a experiência e já estamos planejando voltar novamente! Fica aqui a minha super indicação deste lugar que parece um paraíso!",10,2025-07-27 00:00:00+00,1
"Ambiente incrível, muito bem cuidado, muita natureza ao redor. Funcionários muito cuidadosos e gentis.",10,2025-07-27 02:01:29+00,1
"Excelente atendimento! Campo de golfe espetacular, todos os funcionários atenciosos e sorridentes. Como o restaurante está em obras o cardápio ficou restrito, não estávamos no all-inclusive.",10,2025-07-27 16:21:46+00,1
"Foi muito interessante, conhecer um resort de golfe… se pudesse sugerir alguma coisa, seria uma clínica de golfe… uma atividade recreativa com hóspedes iniciantes no golfe… foi o meu caso… eu não conhecia a atividade, conheci pelo meu cunhado… se tivesse uma atividade voltada para o Golfe durante a nossa estada, seria bem legal!",10,2025-07-27 20:25:04+00,1
"Nossa experiência no Wish foi otima. Ambiente agradavel, muito espaço verde. Jardins muito bem cuidados, Quartos muito aconchegantes, Cafe da manha e jantar otimos. Melhor croissant :) . Todos funcionários muito atenciosos. É a terceira vez que nos hospedamos nesse hotel e com certeza voltaremos. Pontos a melhorar: colocar mais cobertores nos quartos, piscina coberta faz falta no inverno e fazer um update nos computadores do espaco kids.",10,2025-07-27 20:28:54+00,1
"Foi ótimo, melhores funcionários ótima estádia, comida maravilhosa.
Incrível o pessoal da recreação.
O pessoal super atencioso e legal 
Nome de alguns que eu lembro 
Chama, paçoca, a chuchu, Jonas,anabideial ( não sei como escre)",10,2025-07-28 00:00:00+00,1
"Amei o astral dos meninos! Principalmente do Poh, chan e baiano!
Amei a atividade de mixologia, o local ficou muito atrativo!",10,2025-07-28 00:00:00+00,1
"Tio Cham, Tio Pooh, Tio Baiano, Barman William nos receberam muito bem e foram muito cordiais, solícitos e simpáticos, eles fizeram nossa estadia melhor com a aula de micologia!",10,2025-07-28 00:00:00+00,1
Tio Chan Tio Pooh e Tio Baiano animaram o curso de mixologia de drinks. Foi um evento dentro do hotel Whish. Batman Wilson foi muito didático.,10,2025-07-28 00:00:00+00,1
"Hemos tenido una excelente experiencia en nuestra estadía en el hotel. Destacamos la atención de Julie en el restaurante, siempre muy servicial y amable. También destacamos la atención del Sr Carlos de la recepción del restaurante . El servicio increíble, destacamos también la amplitud y cuidado del hotel.",10,2025-07-28 00:00:00+00,1
"Tio Chan, Tio Pooh e Tio Baiana e wilson… vocês são demais! Nós adoramos as atividades de mitologia! Foi tudo muito divertido, bem organizado e criativo. A equipe foi super animada e nos deixou super à vontade. Com certeza fez toda a diferença na nossa estadia. Parabéns e muito obrigado por essa experiência incrível!",10,2025-07-28 00:00:00+00,1
"Quartos mofados, serviço de atendimento terrível, limparam o quarto não retiraram restos da comida do serviço de quarto, não trocaram as toalhas do quarto, cafeteria sem opções como frutas ou omeletes, ótima estrutura apenas, comparado com os demais restaurantes 5 estrelas considero no máximo 3 estrelas para tudo os demais e 5 para estrutura. Frustrante.",6,2025-07-28 02:12:00+00,0
"¡Un paraíso con servicios limitados!
El check-in fue lento, tanto que, a pesar de llevar mucho equipaje, tuve que ir yo mismo a la habitación. Las habitaciones estaban organizadas, pero no realmente limpias, y pedir limpieza adicional no ayudó.
El entorno es perfecto para caminar, y el gimnasio está bastante bien. Si vas a hacer caminatas, no olvides sombrero y protector solar: el sol es intenso.
El desayuno fue excelente, especialmente la sección de frutas.
Solo pedí sopa una vez al restaurante con room service, y estuvo muy buena.
Ojalá las habitaciones estuvieran más a la altura de este paraíso.",6,2025-07-28 08:46:29+00,0
 Quartos amplos e confortáveis  O banheiro não tem muita privacidade,10,2025-07-29 00:12:40+00,1
"o hotel é bom. No café da manhã, não tinham muitas opções de pratos quentes vegetarianos. Nos alimentos, não vinham descritos o que continha e se tinha carne ou não. Bastava colocar uma placa indicando ser vegetariano ou que não contém carne. A porta do chuveiro do banheiro não esta fechando e estava fazendo barulho. O barulho foi consertado, Tinha uma lâmpada queimada no quarto, que foi trocada. Teve um dia que faltou toalhas de banho no quarto e tivemos que pedir, mas logo foi atendido.",10,2025-07-29 12:38:23+00,1
Muy buena la atención de Lucas en el restaurante durante el almuerzo!!!. Todo el tiempo estuvo atento a nuestras necesidades. Felicitaciones! ……………………………………………………………………………………………………………………………………………………..:..:………………………………………..,10,2025-07-30 00:00:00+00,1
"Razoável para bom . O hotel é charmoso por causa do campo de golfe . Porém os serviços oferecidos para um Resort dessa categoria fiquem abaixo do esperado . Comida mediana , restaurante com cadeiras balançando , comida ok mas nada demais .
Faltam opcoes para a noite , o bar é pequeno e super desanimado .",8,2025-07-30 00:00:00+00,1
"Atentos en cada momento y ofrecimientos ya sea de bebida, postre o café, nos atendió a mi y a mi mamá de muy buena manera Lucas",10,2025-07-30 00:00:00+00,1
"Los cuarto se ven viejos, un poco la propiedad",8,2025-07-31 00:00:00+00,1
"Os travesseiros são ótimos, comida deliciosa, recreadores maravilhosos em geral toda equipe perfeita!
Conforto sem igual, comida deliciosa",10,2025-07-31 00:00:00+00,1
"Todos os funcionários do hotel muito bem preparados para nos recepcionar. Quero colocar um elogio especial aos tios da recreação, Melequento, Pernalonga, Ravena, Cacaue tio Frango. Todos muito cuidadosos e simpáticos. E a funcionária do restaurante Izaura. Muito simpática e amorosa.",10,2025-07-31 00:00:00+00,1
"A experiência foi ótima, ainda não tinha me hospedado no grupo wish, vou com frequência a Gramado e sempre fico em outros hotéis, quem sabe em uma próxima oportunidade conheça o wish Serrano",10,2025-07-31 00:24:43+00,1
"Nos alojamos 5 días.
El personal es muy amable. Todos desde recepción , hasta la gente de los restaurantes.
Las instalaciones están bien. Todo muy limpio.y espacios súper agradables.
Solo sugeriría que el horario para cenar pueda extenderse un poco más.
Que en las habitaciones se disponga de una cafetera, además de la pava eléctrica y quizás un anafe o microondas, mas que nada porque que los restaurantes cierran a las 22 Hs.
Y el bar no tiene gran opción de menú.
Y por último sería bueno contar con una piscina climatizada cubierta.
Pero es un lugar muy lindo.",10,2025-07-31 00:30:27+00,1
" Sevicio de empleados  El confort del baño, no hay privacidad de puerta independiente.",8,2025-07-31 12:50:35+00,1
A estada foi muito boa. Todos no hotel foram atenciosos e nos atenderam prontamente. O hotel é fantástico.,10,2025-07-31 12:59:19+00,1
"O hotel NÃO é 5 estrelas.
Vou relatar aqui minha estada no Wish resort entre os dias 27 e 31 de julho de 2025 que me levam a argumentar que esse não é um hotel 5 estrelas.
Em primeiro lugar, tenho de deixar claro que o hotel é sim muito bom, mas é um hotel 4 estrelas, e caso eles deixassem isso claro, as expectativas dos hóspedes já seriam correspondentes ao que eles se propõe.
O ponto alto é definitivamente a estrutura externa do hotel, o espaço é muito amplo, com campos de golfe, quadras de tênis e piscina. A recreação para crianças também é nota 10. O hotel fica em uma boa localização, entre as cataratas e centro, porém ainda é um pouco longe do centro, o que não é um empecilho de forma que vale a pena adquiri o jantar na reserva também.
Os quartos são bons, e ficam em “casas” espalhadas pelo hotel, caso você fique em uma casa distante como eu, terá de caminhar uns 6/7min para acessar o prédio principal, ou ficar chamando o carrinho de golfe todas as vezes. Os quartos, porém, não são dignos de um “hotel 5 estrelas”, não são taaao novos, a parede estava manchada, e o box não era tão limpo assim.
O serviço em geral é muito bom, a equipe de recreação foi muito gentil, e os maleiros também, e a equipe é muito eficiente, foi aniversário do meu pai e levaram um bolinho de cortesia no quarto com uma vela (o que foi muito legal), porém a minha reclamação fica quanto ao concierge. O que ocorre com o concierge NÃO é culpa dos funcionários e sim do HOTEL. O hotel faz os funcionários ficarem de “chamando” para “conhecer a rede Wish” durante 45min (que não são 45min) e ganhar um brinde em troca. Alertado por uma avaliação aqui no Maps, fugi dessa furada, mas cada vez que o funcionário passava na minha frente queria me trazer para a sala. Isso ficou muito chato, desconfortável e irritante. É uma vergonha uma rede de hotéis fazer os próprios funcionários se submeterem a isso.
Não consegui usar a piscina porque estava muito frio, mas esse hotel não é um resort, é um hotel com piscina e algumas atividades recreativas, o bar da piscina é pequeno e os drinks não são tão bons assim para um hotel 5 estrelas.
As comidas são muito boas e caso o hotel se classificasse como 4 estrelas, eu não teria nada a reclamar, porém o serviço de comidas não é 5 estrelas, o que não significa que seja ruim, é muito bom, mas não 5 estrelas.
Eu recomendo que se hospedem no wish, principalmente se estiver viajando com crianças, mas acho que o hotel não é 5 estrelas, digo isso baseado em outras experiências minhas em hotéis 5 estrelas.",8,2025-07-31 15:08:45+00,1
"Inserido em amplo espaço, oferece a sensação de estar em uma vila familiar. As acomodações ficam em casas, o que consideramos um diferencial. O Restaurante principal oferece uma comida impecável, assim como o café da manhã, Jantamos 3 noites e achamos a variedade e qualidade da comida surpreendente. Colaboradores educados e prestativos, sempre bem humorados. O Hotel possui um balcão com agencia de viagem que facilita muito na hora de programar os passeios e transporte, serviço de ótima qualidade.",10,2025-07-31 17:54:34+00,1
"tivemos uma experiencia maravilhosa no hotel, todos os funcionarios muito bem educados e prestativos, posso citar como exemplo a concierge eduarda.",10,2025-08-01 00:00:00+00,1
"Gostamos muito do hotel. Estrutura maravilhosa. Equipe incrível. Daniele, Luiggi, Izaura, Cíntia e Katia são excelentes profissionais.",10,2025-08-02 00:00:00+00,1
"Excelente atención de la moza Julie y de Carlos, fueron muy atentos, cálidos, pendientes de cada detalle. En la recepción del lobby nos atendieron de maravilla, nos permitieron hacer un late check out y sin cobrarnos ni un peso.
Nos encantó la infraestructura del hotel",8,2025-08-02 19:56:10+00,1
"Como sempre, fomos muito bem atendidos durante nossa estadia no Wish Foz do Iguaçu. Observação especial ao Lucas, que atendeu com prontidão todos os nossos pedidos durante o almoço no resort.",10,2025-08-03 00:00:00+00,1
"Linda.Realizamos as atividades da nossa equipe aqui, o que proporcionou um ambiente ótimo para todos. O local é muito amplo e limpo, e o campo de golfe é muito bonito.",10,2025-08-03 01:32:55+00,1
"Bom resort com muitos espaços e atividades, porém pode melhorar em detalhes. A região é fria em muitos meses do ano e poderia ter um aquecimento de piscinas, todas geladas... Encontramos jacuzzi sem funcionar e muitas abordagens dos ""concierge"" para vender. De resto ótima comida e funcionários educados.",8,2025-08-03 17:20:57+00,1
"Eu achei o hotel muito bom! Foi uma surpresa muito agradável. O café é o jantar estavam sempre bons e mesmo quando estava cheio fluía muito bem. A recreação maravilhosa, meu filho não queria nem sair do hotel, todos os tios foram extremamente atenciosos. Era uma delícia passear pelo hotel e aproveitar os espaços entre um passeio e outro. Meus únicos pontos de observação são a falta de uma piscina aquecida e de uma TV smart., mas que pra mim não desabona em nada a hospedagem.",10,2025-08-03 21:47:33+00,1
"Jantar de aniversário de casamento tudo foi muito excelente!!  ótimo atendimento queremos agradecer especialmente ao maître Carlos ,chef d fila Max e a garçonete julian que tornaram nossa experiêncialllll muita mais agradável ainda",10,2025-08-04 00:00:00+00,1
"Poderia passar horas aqui, descrevendo da beleza desse lugar, da limpeza e organização das dependências, e da gentileza e do cuidado por parte dos funcionários.
Um dos melhores hotéis em que estive, ao redor do mundo, sem dúvida alguma! 
Gostaria, em especial, de deixar todo meu carinho à Izaura e à Kátia, responsáveis pela organização e cuidado com as refeições do restaurante. Tive um contratempo em relação à um pedido, e as mesmas, prontamente, reverteram toda a situação, de forma excepcional.
Volto em breve, só para ter o prazer de reencontrá-las, e agradecer, mais uma vez.",10,2025-08-04 00:00:00+00,1
"O hotel é bonito, e interessante, porém o lugar é mal conservado, o que faz a experiencia ser desagradável. A porta do nosso banheiro estava sem acabamento na parte do chão, o banheiro fazia barulho toda vez que ligávamos o chuveiro, e a tampa do vaso deveria ter um amortecedor para não fazer tanto barulho. A comida do jantar não vale a pena, insossa, sem gosto e sem variedade, a moça que nos atendeu no jantar parecia que estava lá por obrigação! Encontramos um cabelo no omelete no café da manhã.",6,2025-08-04 12:21:07+00,0
" Excelente atencion, excelente personal y las instalaciones muy prolijas.  Falto una pileta  climatizada.",9,2025-08-04 15:48:52+00,1
Excelente  lugar para disfrutar en familia. Muy recomendado.,10,2025-08-04 16:02:40+00,1
"Excelente resort.
Equipe atenciosa e dedicada.
Lugar aconchegante
Perfeito",10,2025-08-04 19:31:47+00,1
"Hotel completo! Comida boa, quartos confortáveis, cordialidade e atendimento impecáveis!",10,2025-08-05 13:10:50+00,1
" amamos. experiência incrível. funcionários excepcionais. Um elogio especial para a IZAURA. Um amor de pessoa, nos atendeu brilhantemente. Também aos profissionais da academia - Alex e Tio Bahia. Obrigada!!!!!!!!!  quarto 905- um pouco úmido, melhorar a ventilação.",9,2025-08-05 13:51:37+00,1
" Excelente hotel, comida maravilhosa e atendimento cordial de todos  Única questão é a sauna que parece desatualizada para um hotel desse nível, mas fora isso tudo excelente",10,2025-08-05 17:09:28+00,1
"Estivemos em um jantar no hotel dia 04/08/25 e fomos atendidos pelo SR Carlos, Darci e o Max.. Pensa em pessoas incríveis, chegou a me constranger com o excelente atendimento. Se vc procura um lugar para alguma comemoração específica ou até um momento de lazer recomendo o Wish Foz, todos estão preparados para vc ter uma experiência única e especial❤️🥰 Parabéns a Toda equipe.",10,2025-08-07 00:00:00+00,1
 Nette Anlage  Die Baustelle,7,2025-08-07 05:56:07+00,0
"O custo benefício é apenas razoável. Poderia ter mais opções de lazer para o inverno. Comida e bebidas com altos preços, bem além do razoável. Há opções em Foz com melhor custo benefício.",8,2025-08-07 15:07:07+00,1
Tudo perfeito,10,2025-08-07 15:45:28+00,1
"O hotel por si só é um espetáculo mas particularmente comemos uma massa muito boa no restaurante grill, sendo que o atendimento do Enoc foi excelente excepcional nos trouxe até decantar para o vinho. Muito bom mesmo!
Cozinheiro Brunão arregacou no macarrão, caso você goste de massa. Sugiro fortemente",10,2025-08-08 00:00:00+00,1
"Local agradável, com muita área verde, bom atendimento, boas acomodações. O ponto que poderia ser melhorado é mais opção de lazer para o período de inverno ou dias chuvosos. Outro aspecto que merece ser mencionado é quanto aos preços das comidas e bebidas. São bastante elevados, pratos simples com custo elevado, assim como um simples suco, água ou refrigerante, que poderiam ter um custo mais razoável, permitindo o consumo regular e diário pelo hóspede, sem que este tenha que sair do hotel para buscar produtos mais acessíveis.",8,2025-08-08 00:00:00+00,1
"Ótimo hotel local amplo, bom serviços de alimentação com uma grande variedade de pratos com qualidade, bom atendimento dos  funcionários e que torna uma ótima hospitalidade",8,2025-08-08 00:00:00+00,1
"Hotel muito bom.
Poderia ser melhor, as matas, a tela de televisão. 
Muito bom atendimento na questão alimentar, pratos diversificados de qualidade e alimentos de qualidade. 
Muito bem atendidos pelo chef Gui. Com suas comidas mravilhosas e atenção impecável. Atendimento muiyo bom pela: Aline pela manhã e Hernandes a noite.",8,2025-08-08 00:00:00+00,1
 Espaço muito agradável  Quarto 601 muito barulhento!,8,2025-08-08 12:27:59+00,1
" Ottima posizione, vicino all’aeroporto e alle cascate. Apprezzato il campo da golf  Buona colazione, ma dinner buffet migliorabile",7,2025-08-10 18:09:59+00,0
"Hotel molto bello, immerso nel verde. Ci sono più piscine, il golf, la pesca sportiva, la palestra, idromassaggi e sauna. Il buffet del pranzo è leggermente caro ma a noi è piaciuto molto. La colazione era anche molto buona. Volendo trovare un difetto, che poi non è un difetto, è che essendo in mezzo al verde, è a metà strada tra la città e l'ingresso del parco del lato brasiliano, è quindi ci sono a volte pochi taxi o bisogna aspettare un po' più del solito per trovare un Uber. Comunque è vicino all'aeroporto.",10,2025-08-11 13:40:25+00,1
" O hotel não é barato, mas vale o valor cobrado. Lembra um condomínio. As instalações são modernas e confortáveis. Fica localizado bem próximo ao Parque Nacional do Iguaçu. Todas as refeições foram excelentes e a equipe do hotel muito prestativa e agradável.  Não observei nada que precisasse ser melhorado.",10,2025-08-11 16:30:53+00,1
"Hotel eccezionale, immerso nel verde di un campo da golf. Colazione e cena al buffet, eccezionali (da italiana, un applauso allo chef Zaqueu e alla sua ciurma, che cucina dei piatti strepitosi, dalla carne, alla pasta passando per la pizza). Personale gentile ed accogliente,  camere immense e struttura impeccabile.",10,2025-08-12 00:00:00+00,1
"Maravilhoso!! 
Que hotel excelente, em tudo, a arquitetura, a natureza, a limpeza, os quartos são maravilhosos!! 
E o atendimento e carinho dos funcionários, impecável
No café da manhã eles ficam atentos para ver se os clientes estão bem servido. Fomos super bem atendidos pela funcionária Ângela, queridíssima",10,2025-08-12 00:00:00+00,1
"Melhor resort, com ótimos garçons principalmente o garçom Ernandes muito educado e engraçado tirou várias risadas minhas😄 Nota 10 para ele⭐.",10,2025-08-13 00:00:00+00,1
"Melhor resort, os garçons excelentes, principalmente o garçom Ernandes ❤️ fui muito bem recebida por ele todos os dias no jantar e almoço 5 estrelas para o garçom Ernandes ;)",10,2025-08-13 00:00:00+00,1
"Ótimas instalações, garçons prestativos e atenciosos, gostei muito do Hernandez, muito divertido. Comida excelente, senti falta de mais opções zero lactose e sucos. Os quartos são bastante confortáveis e com um ótimo serviço de quarto.",10,2025-08-13 00:00:00+00,1
Muy buen servicio y atención. Tuvimos un pequeño percance y nos lo solucionaron casi en el acto. Todo el personal muy cálido y atento,10,2025-08-13 00:00:00+00,1
"Estive no restaurante Golf Grill ( o restaurante mais reservado) e fomos atendidos com muito profissionalismo.
Como eu estava com o meu marido comia e conversava até que eu engasguei e para não atrapalhar aos outros fui para fora. Qial não foi a minha surpresa...O Enoque veio atrás de mim pois ficou preocupado e me distraiu e pediu que eu respirasse fundo e conversou comigo para que eu fosse acalmando...
Achei isso um gesto muito delicado e demonstrou muito seu caráter e dedicação ao cliente e a empresa que o contrata. Deixo aqui o meu elogio ao Enoque que, muito me ajudou quando precisei!
Sorte da empresa que tem funcionários assim!",10,2025-08-13 00:00:00+00,1
" El Hotel está muy cerca del aeropuerto de Foz do Iguaçu lo que era interesante para nosotros. Tiene piscina y otros servicios pero no los pudimos usar porque estuvimos poco tiempo allí.  El personal de recepción no es amable. Un hotel de este nivel debe ofrecer al menos un agua de cortesía al llegar. Algunos elementos de la habitación necesitaban reparación o limpieza exhaustiva. No había mantas ni colchas en las camas, sólo sábanas. Esperaba más de un hotel tan bien calificado.",7,2025-08-13 13:28:44+00,0
"Foi uma estadia maravilhosa com a família, pena não ter sido possível aproveitar o Resort em sua totalidade devido o foco nos atrativos da região que são também excepcionais.",10,2025-08-13 14:20:18+00,1
 Fab location and a really nice relaxed vibe around the resort. The staff were exceptional and keen to help. The buffet restaurant had great variety for breakfast and dinner and the food was tasty and well cooked.  The bathroom was showing a little wear and damp. The minibar fridge was noisy too.,9,2025-08-13 20:28:44+00,1
"A hospedagem foi muito boa. Comida é de boa qualidade e o quarto espetacular. Os recreadores sabem interagir muito bem com as crianças e prendem a atenção deles durante as programações. Único problema é a piscina não ser aquecida ou, pelo menos, ter um sistema que permita oa utilização sem ser tão gelada.",8,2025-08-14 00:00:00+00,1
muy lindo hotel,10,2025-08-14 00:16:53+00,1
" Obiekt bardzo ładny i przestronny. Personel dba o czystość. Idealny hotel dla fanów golfa.  Obsługa w restauracji nie rozmawia po angielsku, ale da się dogadać.",9,2025-08-14 22:06:55+00,1
"Excelente! excelente la atención , el espacio, el desayuno! Están en todos los detalles y el acceso es cómodo. Volveremos!",10,2025-08-15 00:00:00+00,1
"Pessoal da
Recreação infantil mto atenciosos………………………………………………………………..
Agradecimento em especial aos tios: Pernalonga, tia cupcake, tia Amora, tio Davi e a tia Múmia… e tb a tia da recepção Bibi",10,2025-08-15 00:00:00+00,1
Extremamente maravilhoso. Foi sensacional passar momentos de descanso e lazer no Wish Foz. Super recomendo,10,2025-08-15 12:15:09+00,1
 Do espaço verde. Do atendimento no restaurante  Sem trocador no banheiro do espaço kids. Sem bancos para os pais sentarem enquanto as brincavam no parquinho. Podiam colocar bancos nos espaços verdes. Esperava um espaço kids melhor. O tamanho do hotel não condiz com a estrutura.,5,2025-08-15 17:26:00+00,0
"Foi muito divertido, iria mais cem vezes, eu amei, os monitores são muito legais e atenciosos amei muito serio tudo isso",10,2025-08-16 00:00:00+00,1
"Arrivée à 2h du matin à une température extérieure de 7 degrés et fenêtre entrouverte pas de couverture et climatisation sur mode froid. Chambre supérieure petite et vieillissante. Bruit du générateur pendant la nuit. 
Porte automatique du restaurant en panne pendant 3 jours : petit déjeuner et dîner dans le froid…",6,2025-08-16 00:00:00+00,0
"O melhor restaurante dos hotéis da rede. Conhecemos todos os hotéis e esse sem dúvida apresenta a melhor qualidade no paladar de todos os alimentos, desde as saladas até a sobremesa. Parabéns especial ao Cheff Gui e ao maître Carlos e toda sua equipe!",10,2025-08-16 00:00:00+00,1
"Ótimos instrutores de arborismo ( Alex e Gustavo) recomendo muito, hotel ótimo, complexo completo, quartos ótimos e espaçosos, comida boa, localização ótima",10,2025-08-16 00:00:00+00,1
"Minha experiência no Wish foi ótima! 
Fiz o arvorismo com o instrutor Gustavo, Alex e tio Paçoca e foi sensacional! Paisagens lindas, adrenalina e os instrutores super simpáticos e atenciosos. 
Vale a pena vir curtir o arvorismo.",10,2025-08-16 00:00:00+00,1
 El lugar  No me.parecio tan buena la comida del Buffet,10,2025-08-16 13:29:29+00,1
Excelentes instalações e serviços. Muito satisfeito!!,10,2025-08-16 19:16:13+00,1
Super,10,2025-08-17 00:00:00+00,1
"Hotel é lindo. Café da manhã muito bom, porém a limpeza e manutenção dos quartos é ruim.",8,2025-08-17 00:00:00+00,1
"A nossa escolha de resort foi perfeita! Tudo está do jeitinho que a gente precisa. Ainda estamos no resort, mas já queremos deixar aqui o nosso MUITO obrigado à todos que estão fazendo das nossas férias dias incríveis. Em especial gostariamos de agradecer ao Chefe Guilherme que é maravilhoso e super atencioso e ao Carlos, que é muito dedicado e faz um excelente atendimento. Só Gratidão!",10,2025-08-17 00:00:00+00,1
"Clean room. Excellent staff and service. Delicious buffet for breakfast and dinner. Easy to get a taxi or uber, but not able to walk to sites easily.",10,2025-08-18 00:00:00+00,1
Como sempre Wish é excelente..,10,2025-08-18 00:00:00+00,1
"Incrivel, otimas acomodações, aconchegante, otima area de lazer",10,2025-08-18 00:00:00+00,1
Es un lugar grande y muy tranquilo,10,2025-08-18 00:00:00+00,1
 Estrutura  Encontrei duas aranhas caranguejeira no banheiro e quando fui reclamar falou que o hotel está rodeado de mato e que era normal,4,2025-08-18 11:54:39+00,-1
"Que lugar bacana e bonito para passar uns dias com a família. Adoramos tudo, mas vale um destaque para o café da manhã, sensacional. São muitos pontos positivos, que não vale a pena eu falar dos negativos, pois com certeza o staff sabe onde precisa melhorar. E falando no staff, todos muito simpáticos e atenciosos. Se você está pensando em ir para Foz do Iguaçu, Wish é uma excelente opção. Voltaremos com certeza.",10,2025-08-18 13:40:00+00,1
" Tanto el desayuno como la cena son excepcionales.  El precio es extremadamente alto, si bien las instalaciones son interesantes, no es un Hotel de lujo para la tarifa que ofrecen.  Los juegos, servicios para niños no me parecen tal la publicidad del hotel de acuerdo a mis expectativas de lo que genera.",7,2025-08-18 14:39:43+00,0
" O quarto era muito barulhento, seja pelos hóspedes circulando do lado de fora, seja pelos hóspedes no quarto de cima andando de salto alto no quarto, ou pelo pessoal da limpeza (tinha uma base da limpeza do lado do quarto!)l",5,2025-08-18 15:38:12+00,0
" Lugar maravilhoso, comida excepcional, atendimento maravilhoso, parabéns a equipe Wish",10,2025-08-18 16:07:55+00,1
"O resort em si é excelente. Apartamentos espaçosos, refeições muito completas e saborosas. Compensa pegar hospedagem com jantar incluso. O resort é um pouco afastado do centro, não sei se vale a pena alugar um carro para reduzir custos de transporte.
A cidade tem muito a oferecer! Dá pra ficar uns 5 dias conhecendo os diversos pontos turísticos da cidade.",10,2025-08-19 00:00:00+00,1
"Nossa experiência no Wish foi fantástica! Além da estrutura de lazer (piscinas, sauna, espaços para descanso, quadras esportivas, área de recreação...) e os espaços gastronômicos (restaurantes Golf Grill e The Grill), desfrutamos também da linda paisagem da área verde, que nos propiciou momentos de  bem estar, perfeito para quando se deseja descansar o corpo e a mente, nos desligamos totalmente da rotina do dia-a-dia. Mas a cereja do bolo está no atendimento de seus funcionários. O excelente atendimento iniciou pelo setor de reserva com a atendente Rose, passando pelo setor da recepção, tanto na chegada quanto na saída. Também no restaurante The Grill, destaco o atendimento do funcionário Enoque, muito atencioso e prestativo ao recomendar o delicioso prato do jantar. O café da manhã é um momento a parte, além da variedade de itens, observo o atendimento especial das funcionárias Izaura e Daniele. O atendimento na piscina foi bom, demonstram cuidado e atenção com o hospede. Com relação a limpeza do apartamento, estava tudo perfeito, e como não poderia ser diferente, as camareiras se colocavam a disposição com simpatia quando solicitadas. Parabéns equipe Wish por aplicar o conceito de hospitalidade com tanta maestria. Com certeza nos hospedaremos com vocês novamente.",10,2025-08-19 00:00:00+00,1
Experiência fantástica! Vale a Pena conhecer.,10,2025-08-19 22:16:12+00,1
Lugar excepcional,10,2025-08-19 23:28:30+00,1
"""One of the best buffets I've ever been to! The food quality was absolutely outstanding.""

""Great service from the staff members, especially Juan. He's very attentive and professional – definitely an asset to your company. Well done, Juan! Keep it up!""",10,2025-08-20 00:00:00+00,1
"Tivemos a realização de um evento da nossa empresa por dois dias. Foi tudo maravilhoso, quartos super confortáveis,lugar incrível, funcionários amáveis e a comida sensacional.
Já é a segunda vez que realizamos o evento nas dependências do hotel.
Sempre que podemos ficamos hospedados. Gostamos demais das pessoas e do Hotel.
Super indico",10,2025-08-20 00:00:00+00,1
"O Hotel é lindo, com localização  e instalação magníficos. Estes,  só têm vida e valor quando seus funcionários o representem à altura. Os motoristas dos carrinhos muito atenciosos e simpáticos. A atendente do restaurante D. Izaura, e a da tapioca (não lembro o nome), pareciam nos estar recebendo em suas casas! Passamos dias de descanso com memórias afetivas para sempre!",10,2025-08-20 00:00:00+00,1
"Durante minha estadia no Wish Foz do Iguaçu, fiquei encantada com toda a experiência. Os quartos são amplos, confortáveis e muito bem cuidados, proporcionando noites tranquilas. A recepção foi sempre atenciosa, ágil e acolhedora, fazendo com que me sentisse em casa desde a chegada. Mas o destaque vai para a recreação: os tios Paçoca, Baiano, Pooh, Múmia, Cup, Estrela, Kit e Rio foram simplesmente incríveis! Eles transmitem alegria, carinho e energia contagiante, tornando cada atividade especial para adultos e crianças. Sem dúvida, a dedicação e simpatia dessa equipe tornam a estadia inesquecível. Recomendo de coração o Wish Foz do Iguaçu!",10,2025-08-21 00:00:00+00,1
"Beautiful resort but small rooms. 
Buffet breakfast and dinner were excellent. 
At golf grill KATIA CINTIA is excellent , very friendly , warm hearted , personally asking re our needs. Would like to recognize her services without hesitation. 
Yes will hire her in our corporation",8,2025-08-21 00:00:00+00,1
" El desayuno, la cena, muy buenas
Bar de la piscina 
Las camas muy confortables 
El espacio verde
Wifi  No había peces para la pesca recreativa 
No funcionaba la lumínica del área de juegos",9,2025-08-22 02:03:03+00,1
Top demais,10,2025-08-22 02:33:00+00,1
Super indico,10,2025-08-22 13:44:57+00,1
Muito bom,10,2025-08-22 16:38:12+00,1
"Muito bom o hotel,ótimo atendimento.",10,2025-08-22 20:43:04+00,1
"Hospedagem extremamente confortável e acolhedora. A gastronomia foi um destaque à parte: pratos impecáveis, saborosos e preparados com todo cuidado. Todo o ambiente se mostrou limpo, perfumado e agradável, contribuindo para uma experiência ainda mais especial.

O atendimento merece todo o reconhecimento: recepção, room service e manutenção foram sempre ágeis, atenciosos e precisos em cada detalhe.

Meu agradecimento especial ao Kenji, Gerente Geral, que nos recebeu de maneira ímpar, abrindo as portas da casa e tornando nossa estadia memorável. Registro também minha gratidão a Tyales, Sheila, Cássio e Débora, que nos acompanharam com dedicação e proporcionaram momentos de aprendizado valiosos.",10,2025-08-25 00:00:00+00,1
"Fizemos nosso casamento no local, estrutura excelente e um atendimento impecável. Toda equipe wish muito atenta e ágil com todos os detalhes.",10,2025-08-25 00:00:00+00,1
" Local maravilhoso, tranquilo, um oásis para conviver com a família em meio a natureza, atendimento difenciado, instalações novas, limpas e bem cuidadas.  Não se aplica.",9,2025-08-25 00:05:36+00,1
 Boa  Tudo ok,8,2025-08-25 00:22:16+00,1
" No pudimos dormir bien porque muchos ruidos, faltan enchufes para cargar los celulares solo funciona 1 , pero bastante comoda la cama  MUCHO ruidos 
se escucha todo el moviento de arriba , abajo , son muy finas las paredes y parece que alguien esta saltando arriba",10,2025-08-25 14:45:31+00,1
"Lugar excelente, vale muito a pena",10,2025-08-25 19:14:19+00,1
Excelente,10,2025-08-25 22:18:38+00,1
"Experiência única, além de ser um excelente hotel, com uma natureza exuberante, destacamos o profissionalismo, simpatia e acolhimento de todos os funcionários,  em especial Angela, Kátia, Isabela, Claudete,Izaura, Cíntia,  Daniele, Alexandro, Juan, Lucas e a Camareira Dulce. Me emocionei com a  homenagem no meu aniversário.
Nosso muito obrigada.
Rosemar e José Batista.",10,2025-08-26 00:00:00+00,1
"The Wish Foz do Iguaçu Hotel is in an excellent location for visiting Iguaçu Falls on the Brazilian side. The breakfast and dinner were superb, offering plenty of variety and great quality. Reception staff were very helpful, especially Jefferson, who made our stay even more enjoyable. Overall, a wonderful experience – highly recommended!",10,2025-08-26 14:24:09+00,1
Lugar excelente otimo,10,2025-08-26 15:06:15+00,1
Ótima.,10,2025-08-26 15:49:34+00,1
" Las instalaciones  El check in fue malo. Decían q las reservas de booking no eran tales y después de mucho mostrarles las reservas entendieron que si.

La comida muy medio nivel. Solo el sábado fue buena. El resto era el reciclado del día anterior. Ejemplo, un día había salmón, al día siguiente, soufflé de salmón . En general mala.
En la habitación había cafetera, pero no dan ni taza ni café ni té. Ridículo.",8,2025-08-26 18:09:26+00,1
Ótimo,10,2025-08-26 19:38:22+00,1
"Incrível estadia. Funcionários educados e receptivos, treinados para fazerem você se sentir especial. Passei meu aniversário lá e o cuidado que tiverem conosco, as surpresas, foi realmente especial! Só melhoraria um pouco a qualidade do buffet do almoço, acaba não valendo tanto o preço.",10,2025-08-27 00:00:00+00,1
" I had a wonderful stay at this hotel. The breakfast and dinner were absolutely exceptional, offering a wide variety of delicious options each day. The hotel grounds were beautifully maintained, creating a relaxing and picturesque atmosphere throughout my stay. I also appreciated the convenient location, as it was just a short distance from the Iguaçu Falls on the Brazilian side, making it easy to visit one of the most breathtaking natural wonders in the world. Overall, an excellent experience that I would highly recommend.  While my stay was overall very enjoyable, there were a couple of things that could be improved. There were no cups or tea provided in the room, which would have been a nice touch. The hot water in the bathroom also took quite a while to warm up, meaning I had to let the shower or taps run before it became comfortable. Additionally, the kettle took a long time to boil—I’m not sure if this had to do with the electricity power, but it was a bit inconvenient.",9,2025-08-27 00:22:15+00,1
"Excelente hotel, um pouco longe do centro, mas superou minhas expectativas, recomendo para familia e casais",10,2025-08-27 10:17:56+00,1
"Fomos muito bem recebidas, atenção e hospitalidade de toda a equipe wish foi sensacional. Espero voltar em breve com toda a família. Obrigada ao Kenji e todos da equipe Wish.",10,2025-08-27 11:13:45+00,1
"Es un hotel hermoso pero esta solo preparado para temperatura de mucho calor. No esta pensado para dias de frio como los que pasamos. Deberian replantear ese tema ya que no existe niguna pileta climatizada que no sea un Jacuzzi al exterior. Algo demasiado atipico para un hotel de tanta categoria. He conocido hoteles de mucho menos rango, bastante mas economicos pero con una pileta climatizada que hace que pases casi todo el tiempo ahi si tenes dias frescos. De hecho en las habitaciones no habian frasadas gruesas para el frio. tuvimos que pedir.",6,2025-08-27 22:00:31+00,0
Le cadre est très beau.,10,2025-08-28 00:00:00+00,1
" El
Mejor hotel al que fui en toda mi vida. Realmente extraordinaria la atención, los detalles, la sonrisa del personal, la disponibilidad. Excelente  Nada",10,2025-08-28 17:29:43+00,1
" Las cataratas de Iguaçu son excepcionales, y alojarse en el hotel Wish acabó de redondear los días. Trato exquisito del personal, habitación perfecta, bufet abundante y riquísimo. Fue bellísimo.",10,2025-08-28 22:13:35+00,1
"Excelente localização, hotel lindo, atendimento ótimo",10,2025-08-28 23:28:56+00,1
"Estava tudo ótimo.
Destaques para o atendimento dos colaboradores.Boa localização.
Excelente café da manhã.
Até breve!",10,2025-08-29 00:00:00+00,1
"A estrutura, lugar, tudo lindo. As refeições foram maravilhosas, atendimento muito bom. Não deu tempo de usar piscina, academia, uma pena.
Única situação desagradável foi a cobrança de consumo no quarto, quando este não ocorreu, Mas eu disse que não tinha consumido e a pessoa desconsiderou o valor. Então, tudo certo.",8,2025-09-01 10:47:08+00,1
"O Resort é incrível, a estrutura é impecável, confortável e muito bem organizada, proporcionando uma estadia realmente agradável. parabenizo toda a equipe mas  gostaria de deixar um agradecimento especial ao funcionário Jeferson, que me atendeu prontamente em uma solicitação que fiz. Em breve estaremos de volta.",10,2025-09-02 00:00:00+00,1
muito boa a experiência e recomendaria sim a hospedagem,10,2025-09-02 11:12:34+00,1
"Lindo, comida e atendimento inigualável.
Um dos hotéis mais lindos que já me hospedei.",10,2025-09-02 23:07:18+00,1
"Estive no Wish para o show da minha banda Sunflower Jam no evento da 4Network. No camarim, recebemos os cuidados do Ronaldo. Estou vindo aqui elogiá-lo. Quanto profissionalismo e gentileza. Ele nos tratou como príncipes e princesas e fez a nossa experiência ser ainda mais memorável.",10,2025-09-03 00:00:00+00,1
"Foi uma excelente atividade a de Golf com a tia Ravena e o tio Alex, tanto a nível de aprendizagem como de lazer. Obrigado !",10,2025-09-03 14:47:47+00,1
"Viemos em Lua de Mel e a experiência foi muito boa, ambiente sensacional e colaboradores muito bons. Hotel como nunca antes visto, sensação de estar em um condomínio fechado com tudo à disposição. Destaque especial para Junior da academia/recreação pela disponibilidade e carisma durante nossas visitas à academia e nossa aula de golf e também os demais colaboradores da recreação Alex e Ravena + Sr. Geraldo das bolinhas pelo momento da aula de golf, sempre disponíveis e simpáticos. Pessoal do serviço de concierge+recepção também muito bons.",10,2025-09-03 15:51:49+00,1
"Amei demais, o atendimento de todos do hotel e de todo mundo do Foz do Iguaçu. Ronaldo do restaurante, um homem atencioso e simpático. Lugar reconfortante e agradável",10,2025-09-05 00:00:00+00,1
"Além de uma beleza exuberantes do risort , fomos muito bem recebidos por toda equipe do wish destacando o atendimento do the gril por Ronaldo Martinski",10,2025-09-05 00:00:00+00,1
"ótima estrutura, ótimos atendimentos, destacando o Ronaldo, ambiente verde, campo de golf, quartos aconchegantes.",10,2025-09-05 00:00:00+00,1
" O resort conta com campo de golfe, diversas atividades para adultos e para crianças. Possui uma academia razoável, um espaço de crianças excepcional e varias piscinas. Alguns quartos ficam mais distantes da sede social, mas o resort possui muito charme e está em constante cuidado e renovação.  A academia poderia ser melhor equipada.",9,2025-09-05 11:25:58+00,1
"El front desk deja mucho que desear, no solo no hablan español en un hotel de esa categoria es inadmisible, sino que no hacen ni el esfuerzo por hacerlo como tampoco entenderte ni hacerse entender. Tampoco tienen buena predisposicion para la atencion al turista.

Los demas servicios muy bien, los mozos del desayuno y cena, las chicas de limpieza y la gente del spa excelentes.",6,2025-09-05 13:56:54+00,0
"Una experiencia maravillosa. Nuestro agradecimiento a Michelly, Luana, Max, Fit, Theo, Luiggi, personas increíble, amables, simpáticos y sumamente eficienes. Volveremos pronto.!!!!!",10,2025-09-06 00:00:00+00,1
"Como sempre uma hospedagem incrível. E dessa vez a experiência melhorou com nossa camareira Dulce, ante ciosa e solicita, que deixou nosso quarto sempre muito limpo, organizado e confortável. Perfeito para uma hospedagem tranquila e dias de descanso em família.",10,2025-09-06 00:00:00+00,1
"We checked in late, the beds seems kind of disarranged! Tried calling the concierge,  no reply! Good that the sheet were clears. Same experience with my other group mates. Only one person and golf cart to carry our luggage, and I pity the person to go up to the 3rd floor!",4,2025-09-06 14:06:24+00,-1
" Instalaciones, servicios, actividades, calidad de comidas, un hotel divertido con una atención destacada!!  La insistencia en querer venderte una especie de tiempo compartido.",10,2025-09-06 14:06:39+00,1
"Simplesmente mágico,comprei o pacote pela decolar e este hotel é maravilhoso, cheiroso, confortável,comida fantástica e ótima localização, voltarei",10,2025-09-06 17:07:29+00,1
Excelene hospedagem,10,2025-09-06 23:22:23+00,1
"Ambiente excelente para passar alguns dias com amigos e familiares. Comida variada e muito gostosa. Quartos muito limpos e a equipe de limpeza sempre atenta aos mínimos detalhes. Um elogio extra para a Dulce e Lily, da equipe de limpeza, e para a Ágata e Carlos, da equipe do restaurante, que nos atenderam com muito carinho e atenção. Voltaremos sempre aqui!",10,2025-09-07 00:00:00+00,1
"Ótima estadia, Ótimo atendimento da equipe, restaurante (Carlos, Fit, Vinícius - em nome da equipe), organização,  e mais o pessoal da governança, em especial camareira Leiliane... sempre muito prestativa e caprichosa.",10,2025-09-07 00:00:00+00,1
"Já é a terceira vez que me hospedo no Wish, a segunda com a família. O espaço do hotel é ótimo, muito verde, lago e bastante área para caminhar, além das casas que são bem cuidadas. A comida continua boa, embora em hospedagens anteriores tenha me surpreendido um pouco mais.

O ponto que considero mais fraco é a área das piscinas: bonitas, mas sem aquecimento externo, o que faz com que quase ninguém aproveite. Sei que estão construindo uma piscina coberta, mas seria importante pensar também nas externas.

Outra questão é o espaço infantil. A brinquedoteca é pequena e a área externa, mesmo coberta por tendas, não protege da chuva. Como chove bastante em Foz, os brinquedos ficam molhados e inutilizáveis, o que limita bastante as opções para as crianças.

No geral, a experiência foi bem positiva,",10,2025-09-07 13:48:42+00,1
" La chambre pour 4 adultes, le buffet du soir",9,2025-09-07 16:39:44+00,1
"Estadia ótima! Local muito agradável com muita natureza. Somente duas pontuações ou críticas: vaso sanitário do quarto fazando água, e o iogurte do café da manhã não condiz com o padrão Wish (marcas Frimeza e Carolina). Grata!",10,2025-09-07 21:24:43+00,1
"Voltaria outras vezes o atendimento é excepcional, tudo com muita qualidade, muito lindo o hotel e uma excelente estrutura de lazer",10,2025-09-08 00:00:00+00,1
"A equipe foi exatamente atenciosa do início ao fim, sempre dispostos e dedicados a tornar nosso evento o melhor possível",10,2025-09-08 00:00:00+00,1
"Experiência maravilhosa com o wish resort, atendimento excelente da Michelly, Max e seu Hernandes e com certeza, toda a equipe 🥰.",10,2025-09-08 00:00:00+00,1
"Tudo estava muito bom. Verifiquem por favor vazamento de água do box para a área seca do banheiro. Depois do banho a parte seca fica molhada. Avaliem também o botão da descarga, que está mal regulado, tendo que ser pressionado com muita força para que funcione.",10,2025-09-08 12:49:59+00,1
"Lugar agradável, lindo, com excelentes colaboradores no atendimento e um café da manhã impecável.",10,2025-09-08 14:03:39+00,1
"Excelente atención!  Mi hija es celíaca y tuvieron un cuidado super especial y cuidadosso con su alimentación.  Hizo que nuestra estancia y estadía fuera especial!  Agradezco mucho al chef y a todo el personal de cocina y los mozos por el trato tan especial y cuidadoso. Eternamente agradecidos. Gracias totales.
Además destacamos la amabilidad y educación y cordialidad en cada oportunidad que nos atendieron. Excelente instalaciones, lugar, comida Excelente!  Gracias ♥️ 
Especial agradezco al chef, a Guillermo, a Luana y Fittipaul",10,2025-09-09 00:00:00+00,1
" El hotel está en un entorno hermoso. Es un complejo cerrado con muchos servicios. Tiene un restaurante de carnes y el bufete. Muy buen desayuno, completisimo.
Tiene una pileta principal y varias pequeñas piletas al lado de cada bloque de habitaciones. Es predio es muy grande.  Canchas de tenis, basket, salón con mesa de ping pong, pool, metemos. Sala de juego para chicos.  Estábamos en la habitación 504 que esta justo enfrente de un salón de fiestas, convenciones y el sábado hubo una fiesta y fue imposible dormir hasta las 5 am. Las música se escuchaba muy fuerte. Y que justo enfrente de ese bloque de habitaciones estan haciendo arreglos y el dia que llegamos estaban taladrando y el ruido también era insoportable.
Lo bueno de esas habitaciones es que estan directo al camino de la pileta, bufete, recepción lo malo es que si te toca fiesta no podes descansar. Para tenerlo muy en cuenta!",7,2025-09-09 10:45:10+00,0
"EN MI OPINION LO UNICO QUE PUEDO CRITICAR QUE EL TELEVISOR DE LA HABITACIÓN NO ES SMART Y NO PUDIMOS MIRAR ABSOLUTAMENTE NADA.
NO SE SI HABIA SERVICIO DE LAVANDERIA DE ROPA, SI NO LO HAY ESTARIA BUENO SUMARLO.
EL RESTO MUY BIEN Y DEBO FELICITARLOS.",10,2025-09-09 14:30:42+00,1
"No Check-in achei o recepcionista pouco receptivo. O quarto é amplo, as camas são confortáveis, porém, a televisão é minuscula para a distância que fica da cama, e a moldura da porta do banheiro estava quebrada/mofada, já que o box vazava água, que caia diretamente nela. O café da manhã possui itens de qualidade, porém, pelo preço, faltou algo a mais, já encontrei cafés melhores/mais variados em hoteis mais baratos, inclusive em Foz do Iguaçu. Fiquei muito decepcionado com a aula de golf, quando cheguei, questionei ao recepcionista sobre as aulas, ele somente apontou onde era e ordenou ""vai la amanhã para ver"", acho que ele deveria ter o contato do profissional responsável, saber disponibilidade de horários etc, pois no dia seguinte fui até o local e já não haviam mais vagas. Outro fato que não me alegrou foi a abordagem de um vendedor de cotas de hotel logo na porta do café da manhã.",6,2025-09-09 19:44:33+00,0
"HORRÍVEL!!!! NÃO PERCAM TEMPO COM O PLANO DE FÉRIAS WISH É TUDO MENTIRA! Nunca tem disponibilidade pra marcar datas MESMO com antecedência! MAIOR FURADA DA VIDA, EXCLUSIVE GUEST É UMA MENTIRA",2,2025-09-09 22:52:57+00,-1
"Estou hj no último dia de hospedagem,que reservei de 31/08 à 08/09 , é a terceira vez no Wish Foz,porém a última,inclusive na rede Wish.
Minha mãe e meu pai eram clientes assíduos do rede, com pelo menos 10 estadias no Wish Serrano, e eu pelo menos umas 5 vezes....porém essa experiência atual foi péssima...
Vamos lá
Primeiramente ,um baldinho de gelo que sempre foi cortesia ,me pediram 38 reais e a rolha para eu tomar meu vinho no restaurante 80 reais(sem o balde de gelo)
Acomodações antigas e sem manutenção...
Porém o que mais me incomodou ,foi o Exclusiv Guest ,que de exclusivo não tem nada....só constrangimento.
Fui convidado por uma atendente a participar de uma apresentação ,por alguns brindes ,que pra eram interessantes e estava curioso quanto aos valores .
Começa quando na ficha de cadastro ,perguntam seu carro (modelo e ano) e sua renda mensal...até chegar uma atendente aos gritos te chamando ,como se já fosse sua amiga há anos.
Aí começou o show de horrores...como eu havia participado em uma outra oportunidade ,ela já veio de cara me falando que estava mais caro que na vez anterior....e o que eu estava fazendo ali,tirando a oportunidade dela de atender outra pessoa interessada...
Disse que estava curioso quanto aos valores  e que os brindes (300 reais em consumação+ 4 diárias em qquer hotel da rede por 340 reais o casal/diária com café da manhã)
A atendente não contente ,peguntou se nosso tempo valia um brinde tão pequeno, e que como eu já sabia do que se tratava iria ter que esperar os 45 min sem apresentação qualquer...(Aí foi constrangedor demais)..
Minha mãe(80 anos) que sempre teve experiências positivas ,por décadas ,na rede Wish (e viúva há 3 anos)...ao chegar ao quarto chorou pelo constrangimento.
Iamos com tanta frequência para o Wish Serrano ,e tivemos o prazer de conhecer o Sr Carlos Marin que recebia a mim e minha família com enorme carinho e respeito.
E por final após isso tudo,tentei ligar para reservar a hospedagem que havia ganho(com validade de 6 meses)....
Dezembro (não poderia-alta)
Janeiro (não poderia-alta)
Fevereiro (datas meio de semana)
Novembro (só meio de semana)

Ou seja o brinde (que nem é tão brinde assim),que seria um desconto na diária e não uma hospedagem gratis.
seria para usar nas datas que o hotel escolhesse e não eu....
Constrangimento de todos os lados...

Não quero mais nem ir pro Serrano,nem pra Natal ,nem voltar aqui neste hotel em Foz....

O cliente aqui não vale nada",4,2025-09-10 01:56:11+00,-1
"Excelente serviço, muito gentil e atencioso com nossa pequena com celíaca, muito gentil com a família em geral e excelentes pratos",10,2025-09-11 00:00:00+00,1
"Um lugar lindo, super limpo e extremamente silencioso - ouvíamos somente o canto dos pássaros!
Atendimento padronizado na excelência, com todo mundo muito simpático, prestativos e surpreendentes na resolução de problemas. 
Tínhamos um ebulidor 220V e não havia tomadas neste valor. Eis que mandam a manutenção e em poucos minutos instalaram uma!
Minha mulher tem restrição a alho e cebola e o chef se propôs a fazer o que ela desejasse sem tais temperos. 
Restaurante impecável e café da manhã incrível. 
Destaque para a garçonete Laura que tornou nossa experiência ainda mais agradável. 
Enfim, só temos coisas boas a dizer e certamente voltaremos!",10,2025-09-11 00:00:00+00,1
"Hotel maravilhoso, desde o check in até a saída, o hóspede se sente em casa. Quartos limpos, excelente café da manhã e toda a atmosfera para você ter um descanso dos deuses. Vale salientar que este hotel não cria dificuldades para o hóspede e sim cria soluções para qualquer e eventual contratempo. Parabéns a toda a equipe, em especial ao funcionarias Sra. Leiliane ( camareira ) e a Sra. Daniela ( cafe da manhã), essas nos fizeram nos sentirmos em casa.",10,2025-09-11 00:00:00+00,1
"O Hotel é 5 estrelas e vale todas elas, des da recepção com ótimo atendimento ate as estruturas de quartos e aéreas de lazer, o café da manha é perfeito e o almoço e jantar tbm...tudo de muito bom gosto e muita qualidade e tem um ótimo custo beneficio, fica afastado do centro da cidade, porém fica perto das atrações principais como as cataratas e parque aves e próximo do aeroporto.",10,2025-09-11 01:01:08+00,1
"Prezado Sr. Kenji, boa noite! O hotel é excelente, serviço de atendimento e gentileza dos colaboradores impecável,porém o serviço oferecido para venda do Exclusive não gostei ,pois o vendedor quando eu recusei a proposta ( não houve desrespeito) ficou cristalino sua insatisfação e a cordialidade foi por água abaixo. A insistência para fechar o negócio e não dar tempo ao cliente pensar, é algo que deveria ser revisto pela Rede Wish! Não recomendaria alguém gastar 1h para ganhar um brinde, ingresso de parque ou jantar!
Desejo sucesso e parabenizo ao senhor sua administração.
Obs: mencionei o seu nome Sr.Kenji,pois nas postagens anteriores foi o senhor quem respondeu. At.te Rodrigo Guedes.",10,2025-09-11 02:21:57+00,1
" Difícil falar se gostei de algo, tudo o que é bom no hotel se espera pelo valor. Pelo valor pago, os itens bons como a qualidade dos ingredientes do café da manhã e o conforto da cama deveriam ser regra.  No Check-in achei o recepcionista pouco receptivo. A televisão é minuscula para a distância que fica da cama, e a moldura da porta do banheiro estava quebrada/mofada, já que o box vazava água, que caia diretamente nela. O café da manhã possui itens de qualidade, porém, pelo preço, faltou algo a mais, já encontrei cafés melhores/mais variados em hoteis mais baratos, inclusive em Foz do Iguaçu. Fiquei muito decepcionado com a aula de golf, quando cheguei, questionei ao recepcionista sobre as aulas, ele somente apontou onde era e ordenou ""vai la amanhã para ver"", acho que ele deveria ter o contato do profissional responsável, saber disponibilidade de horários etc, pois no dia seguinte fui até o local e já não haviam mais vagas. Outro fato que não me alegrou foi a abordagem de um vendedor de cotas de hotel logo na porta do café da manhã.",5,2025-09-11 12:12:21+00,0
Incrível! Lugar de muita paz e natureza. Lindas piscinas e atendimento excelente!,10,2025-09-11 14:21:21+00,1
" 청결도와 친절  조식의 다양화, gimnacio y sauna 시설의 신속한 공사 완료.",4,2025-09-12 01:15:03+00,-1
"Minha família e eu tivemos uma estadia maravilhosa no Wish. A comida é um grande destaque, sempre saborosa e com bastante variedade para todos os gostos.

O ponto mais alto, porém, foi o atendimento. Toda a equipe é extremamente educada, profissional e atenciosa, fazendo com que nos sentíssemos sempre bem acolhidos. Gostaria de destacar especialmente o Ronaldo, que nos atendeu tanto nos restaurantes quanto em outros momentos, sempre com simpatia, cuidado e dedicação.

Sem dúvida, um lugar que recomendo e para o qual voltarei em outras oportunidades.

O Campo de golfe é espetacular!",10,2025-09-13 00:00:00+00,1
Excelente hospedagem. Quarto muito confortável. Atendimento prestativo e muito atencioso. A experiência foi ótima. O restaurante The Grill foi maravilhoso. Não deixem de provar a picanha. Fomos muito bem atendidos pelo Ronaldo.,10,2025-09-13 00:00:00+00,1
" Wise range of food at breakfast and dinner.
Enjoyable lunch food at the bar - great Caesar salad.
Very friendly staff.
Wide range of facilities with the gym / tennis / football.
Useful access to local tour groups.
Laundry service was good and a lot more reasonably priced than others I had stayed in.

Thank you to Theo who was a lovely waiter!  For a location with a lot of rain, the room isn’t super comfortable to get “stuck in”. The bed is right by the window so unless curtains are drawn, privacy is limited. Additionally, the TV not being a smart TV makes options very limited when you do get stuck inside. Tiny thing really, not a big deal.",9,2025-09-13 00:36:41+00,1
"Hospedagens em casas, cada uma com 12 quartos individuais em um lugar muito amplo, com jardins, gramados, lago, trilha para caminhada, bicicleta e atividades como arvorismo, escalada e arco e flecha para mencionar atividades diferentes,  fora quadras de tênis e volei/futebol. Tem também um campo de golfe para os praticantes. Café da manhã excelente e farto. Equipe nota 10, destaque para os professores na academia!",10,2025-09-13 12:25:25+00,1
"Escolhemos o Wish para comemorar nosso aniversário de casamento. A experiência de se hospedar no resort superou nossas expectativas. Pois além da linda e bem cuidada área verde, da infraestrutura disponível aos hospedes, a equipe dos diversos setores (recepção, camareiras, garçons) foi a cereja do bolo, pois sempre foram atenciosos e educados conosco. Gostamos muito de ter ficado no Wish. Parabéns a toda equipe!",10,2025-09-13 16:14:20+00,1
"Ótimo lugar, muito verde, aconchegante, limpo e atendimento maravilhoso!",10,2025-09-13 20:14:06+00,1
"Ótima estrutura, quarto espaço, tem berço e banheira para bebês! Tivemos um estadia maravilhosa! Um ponto ponto que percebi é que as opções do café da manhã reduziram bastante em relação a última vez que estive no hotel em novembro de 2023, ainda assim tudo muito gostoso e de boa qualidade. Algo muito legal que aconteceu foi no café onde a profissional Bruna percebeu que minha bebê tinha restrições alimentares e veio gentilmente até a nossa mesa oferecer um omelete sem leite, achei de uma sensibilidade ímpar! Obrigada ao wish pela excelente experiência que nos proporcionou",8,2025-09-14 00:00:00+00,1
"Excelente Hotel, as experiências estão melhorando a cada vez que me hospedo no Wish Foz. 
Quero parabenizar o trabalho da cozinheira Bruna, que fez a diferença todos os dias no meu café da manhã com excelência no atendimento.",8,2025-09-14 00:00:00+00,1
"Já estive na acomodação no ano de 2024, amei a experiência, por este motivo voltei este ano, é tudo maravilhoso, principalmente a gastronomia do chefe Zaqueu, que é uma obra de arte. Parabéns a todos da equipe do wish.",10,2025-09-14 00:00:00+00,1
"Viagem Maravilhosa do atendimento   a gastronomia, tudo perfeito, me senti no paraíso por 6 dias e pretendo voltar o mais breve possível, sem palavras coisas boas nesse nível justificar demais até estraga.
Fui muito bem atendido pela Michelle Luana. 
Estive presente no ano anterior e tivemos lembranças desse período que passou mesmo após um bom tempo e a passagem de tantas pessoas achei muito legal o carinho e a presença! Agradeço a ela e a equipe wish, todo mundo muito cordial e educado, nem mentindo seria possível  reclamar",10,2025-09-14 00:00:00+00,1
"Bom dia. Sempre que viemos para Foz do Iguaçu nos hospedamos no Wish. Somos muito bem acolhidos. Gostaríamos de deixar um agradecimento aos funcionários do Hotel e em especial à Francisca (camareira), ao Junior ( estagiário da academia) e a Daniele do café da manhã, com omeletes gostosos. Gratidão. Até a próxima.  Paulo Roberto e Claudia.",10,2025-09-14 00:00:00+00,1
"Sempre vou à Foz e tive a infeliz ideia de trocar o resort pelo Wish. Resultado , no dia da limpeza sumiu um shorts meu . Liguei 4x pedindo que olhassem as roupas de cama pois podiam ter levado junto sem perceber . Além de não olharem, alguns dias depois avisam apenas que não acharam . O shorts sumiu! Ainda bem que não tinha ido pras compras ..... atendimento ruim é duvidoso .",2,2025-09-14 11:03:38+00,-1
I had a few minor issues - but the one issue that was totally galling was the checkout payment process.,2,2025-09-15 00:00:00+00,-1
"Ótimo hotel, quarto e alimentação maravilhosos.

Piscina e jacuzzis sempre limpas.

Atendimento muito bom, sobretudo da Izaura e Cintia no restaurante.",10,2025-09-15 00:00:00+00,1
"Fui jantar com amigos e gostamos muito, comida e atendimento  maravilhoso! Super recomendo a todos! 
Fomos atendidos pelo Ronaldo e pelo fitpol muito educados e prestativos.",10,2025-09-15 00:00:00+00,1
"이과수 폭포 여행 중 소개로 들른 Wish Fiz Do Iguaçu 뷔페. 예약 후 이용했는대 브라질 뷔페와 달리 아라빅, 이탈리안, 브라질스타일이 섞인 뷔페였어요. 5성급 호텔 뷔페가 2만원대 가성비 값이예요. 화덕에선 바로 구운 피자 야채 모두 신선하고 음식 데코 청결 만족했어요. 아 옆에서 친절히 써버해주신Ronaldo, Fitipaldi님 감사합니다!! 덕분에 멋진 추억 남기고 갑니다!!!",10,2025-09-15 00:00:00+00,1
"Lugar acolhedor! Atendimento maravilhoso! 
Parabéns ao chef pela comida cada sabor inexplicável! Não deixem de experimentar o pudim!!!!",10,2025-09-15 00:00:00+00,1
" A equipe foi muito atenciosa. Destaque para toda a equipe do restaurante (Ângela, Lucas e todos os garços e hostess). O ClubeKids é sensacional (a tia Suko em especial). Queremos muito voltar!  -",10,2025-09-15 01:27:19+00,1
 Estar en la selva  Pueden mejorar la carta de vinos,8,2025-09-15 20:55:08+00,1
"Hotel impecável! Pedimos uma caipirinha ao barman Alisson, e ele conseguiu acertar do jeito que gostamos de beber! Alem de ser super simpático!
Indico de olhos fechados o hotel!",10,2025-09-16 00:00:00+00,1
"Resort maravilhoso! Todas as pessoas que trabalham nesse resort são atenciosos, principalmente as camareiras em especial a Dulce que atendeu muito bem aos meus pedidos.",10,2025-09-16 00:00:00+00,1
"Hotel lindo! Amei o conceito de “casas”. Localização top! O quarto foi decepcionante, pequeno, pouco confortável…banheiro ok mas faltou um armário/prateleira para acomodar as coisas. Havia uma vazamento atrás da bacia que durante 1 semana ninguém foi arrumar. A internet é péssima ! Outra coisa que deixou bastante a desejar foi a acessibilidade: poucas rampas, muitas escadas para quem recebe muitas famílias com carrinhos de bebê e idosos, é preocupante. Havia cogitado voltar com meus pais mas por esse tema o hotel não é indicado. A escadinha da piscina é bem ruim para idosos.",8,2025-09-16 12:55:02+00,1
"Un excelente lugar para relajarte, disfrutar la naturaleza con comodidad. El desayuno perfecto con platos calientes y todos con una excelente atención. Pedimos servicio a la habitación y me dejó sorprendida que lo podías hacer mediante su servicio on line y fue bastante bueno y rápido.
Siempre muy atentos a tus necesidades.",10,2025-09-16 14:57:45+00,1
" El restaurante de muy buen nivel y stock, el personal muy amable y colaborador, todo muy limpio y con cada detalle.  Todo divino",9,2025-09-16 15:36:51+00,1
" O conforto do quarto, camas maravilhosas, banheiro grande, limpeza impecável, a camareira que está responsável pelo meu quarto, sempre gentil, dias de chuva não sai do quarto ela foi super atenciosa, trocando toalhas entre outros itens, nome dela Maria Aparecida.  Café da manhã , repetitivo. Apesar da atenção das pessoas que trabalham no café muito atenciosos, mas fiquei 6 dias e todos os dias o café da manhã tinha os mesmo alimentos.",10,2025-09-16 23:04:11+00,1
"Top demais, sensacional o Wish é  o melhor hotel que já vi, sem dúvidas se eu não morasse longe eu com certeza mudaria pra cá, gostaria de agradecer especialmente ao Chian que me atendeu muito bem, a comida e o lazer, tudo impecável, se vc quer ótimas férias venha ao Wish.",10,2025-09-16 23:36:33+00,1
"Muy linda experiencia,excelente atención,comida y lugar maravilloso 
Y en especial en el salón de comida nos atendió Angela, nuestra hija quedó encantada con ella ,le hizo un dibujo de regalo y ella le obsequio lápices y libro de dibujo",10,2025-09-17 00:00:00+00,1
Muy comodo. Habitaciones bien equipadas. Buen servicio. Muy amplio lugar con muchas actividades para hacer en familia o amigos,10,2025-09-17 02:32:00+00,1
"Ótimo hotel, sem defeitos!",10,2025-09-17 08:55:41+00,1
"Gostei!! O Wish Foz do Iguaçu Resort se destaca pela localização estratégica: fica a cerca de 9 minutos do aeroporto, o que facilita bastante para quem chega de viagem, e muito próximo ao Parque Nacional das Cataratas, uma das atrações mais famosas da região.  Essa proximidade permite explorar os principais pontos turísticos com mais conforto, evitando longos deslocamentos. Quanto ao atendimento e à infraestrutura, o resort impressiona pela simpatia, eficiência e atenção da equipe. As acomodações são confortáveis, bem cuidadas, com serviço de alto padrão, limpezas frequentes, quartos espaçosos e amenities diferenciados.  Além disso, há uma estrutura excelente de lazer: piscinas, sauna, academia, espaços para crianças, restaurantes bem variáveis e opções de relaxamento (jacuzzi, etc.) que garantem uma estadia agradável tanto para famílias quanto para quem viaja a trabalho ou em casal.",10,2025-09-17 13:07:42+00,1
"A estadia no hotel  foi muito boa! Estrutura e limpeza do hotel incríveis, café da manhã e jantar muito bons também.",10,2025-09-17 17:11:06+00,1
La verdad reservé sin conocer el lugar: pero supero mis expectativas. La comida es muy muy buena. Las habitaciones son casas hermosas. El lugar muy tranquilo. Tiene diferentes piletas: lo único malo jacuzzy al lado de la pileta central eran imposible conseguir. Porque había gente que ocupaba y estaban ahí por 5 horas sin salir. Pero lugar es muy bueno vale la pena ir.,10,2025-09-17 23:54:18+00,1
"Ficamos em 3 adultos no hotel ao final de agosto e foi uma experiência incrível, hotel com muita capacidade, comidas deliciosas apesar do preço e a equipe muito simpatica e solicita. Gostaria de elogiar especialmente os 2 Marcelos do lobby bar, Tio poo e tio baiano, o garçom Ronaldo The grill e a Tia kitty. Obrigada a todos pela ótimo tempo em Foz!

Para melhorias, o hotel se encontra com diversas obras na piscina principalmente, contudo nao atrapalharam muito na experiência já que estava frio e chuvoso para usá-la.",10,2025-09-18 00:00:00+00,1
" Muy amable el personal, hermosas las instalaciones, muy bueno el desayuno y la cena.  Los jacuzzis no funcionaban correctamente.",9,2025-09-18 13:43:28+00,1
" Desayuno, pileta, entorno, Kids Club, ubicación  Convendría que informen los precios del buffet",10,2025-09-18 22:52:45+00,1
"Para um hotel de 5 estrelas com campo de golf ficou muito a desejar, como TV muito pequeno e pouco canal aberto a TV nem tem a opcao para netflix e outros servicos, falta de alguns detalhes como iluminacao extra para barbear e especialmente pessima conexao de wifi, sinal fraco com mta osilacao e velocidade muito lento!
Opiniao positiva;  oferece um exelente cafe da manha, equipe muito atencioso e ambiente mais do que famuloso.",6,2025-09-19 14:41:50+00,0
"Ótima experiência, quartos bem grandes e roupas de cama e toalhas super limpas e cheirosas.
A estrela do hotel foi um garçom chamado Theo Phillip. Pessoa de destaque, imensamente solícito e sorridente. Encantador.
É preciso andar bastante, o hotel parece um condomínio, com várias piscinas entre as casas.",10,2025-09-20 00:00:00+00,1
"Hotel possui um espaço de natureza muito lindo . Quartos ótimos e serviço do restaurante excelente !
Sr Carlos só restaurante é muito atencioso!",10,2025-09-20 00:00:00+00,1
This is not a 5-star hotel. We had no internet or cell phone service during our stay,2,2025-09-20 00:00:00+00,-1
"Hotel muito limpo, muito agradável,  comida gostosa ótimo atendimento em especial chamou nossa atenção a alegria do funcionário Theo Phillip",10,2025-09-20 00:00:00+00,1
 Excelente  Não tem,10,2025-09-20 17:41:41+00,1
"Atendimento perfeito. Todos do hotel são muito educados e atenciosos. O quarto sempre limpo e confortável, com tudo funcionando. O serviço solicitado sempre rápido e eficiente.",10,2025-09-21 00:00:00+00,1
Todos os funcionários são MUITO simpáticos!! Nossa… recebemos muito carinho…  Tanta gentileza e atenção. Nota mil 👏👏👏👏 OBRIGADA,10,2025-09-21 00:00:00+00,1
"Maravilhosa,  pessoal super educado,  limpeza impecável,  quartos com camas super macias enormes, café  da manhã  super farto, variados,  coisas deliciosas, jantar variados, delicioso, farto, tudo muito frequento. Piscina deliciosa, recreação Maravilhosa, academia  excelente,  hotel lindo.",10,2025-09-21 00:31:14+00,1
"Nos frustramos com a insuficiência de jacuzzis, a quantidade é desproporcional comparada as acomodações.
A sauna estava desativada e não fomos avisados, isso nos deixou frustrados, pois contávamos com esse momento de bem estar.
O quarto merece portas de entrada e banheiro mais atuais. As cadeiras da varanda estão em péssimo estado, uma vez que precisamos forrá - Las para poder utilizar.
O Balde com gelo poderia ser cortesia.
E as bicicletas também.  Pois para um resort como o  Wish esses valores cobrados são insignificantes.

Pontos positivos: Funcionários cordiais e atenciosos principalmente restaurante, recepção, camareiras e Room service.

Ponto a melhorar: atendimento da equipe exclusive guest foi ótimo, mas a forma de pagamento muito abrupta, poderia ser mais flexível, pois ficamos muito interessados, mas para um outro momento e infelizmente não há uma negociação para fazermos uma aquisição posterior, pois o valor da diferença entre o agora e o depois é desproporcional.
E a funcionária nos falou que as vendas do Programa do Wish está satisfatório, não há porque da instituição ser flexível.
Uma pena.

Ponto negativo, atendimento do bar da piscina foi péssimo, nem parece o atendimento dos outros setores.",8,2025-09-21 14:23:14+00,1
"Deixo aqui minha avaliação 
Parabéns ao Chef Zaqueu, muito atencioso, educado e seu atendimento é maravilhoso!!!!!!!!!!!",10,2025-09-22 00:00:00+00,1
"El hotel es muy lindo estilo resort El entorno natural, el verde del golf más las palmeras y vegetación hacen que uno pueda sentirse fuera del ruido de la ciudad y descansar verdaderamente rodeado de tranquilida.
Estuvimos en una habitacion con cama matrimonial. La habitación nos pareció pequeña, y un tanto oscura. Tiene bastante espacio para acomodar ropa. La zona de la piscina y restarauntes muy bien atendidas.
La señal de wifi es inestable, y el roaming de PERSONAL  y de MOVISTAR tambien fueron inestables en su servicio.

Si van a Ciudad del Este a comprar, no compren en el local Primavera 90 ya que nos estafaron con la compra.",8,2025-09-22 00:00:00+00,1
" El lugar, sus jardines, sus cómodas habitaciones,  la atención de su personal!!! Todo increíble! El desayuno y la cena también!  No funcionaban correctamente los jacuzzis.",10,2025-09-22 14:18:55+00,1
"Excelente hotel, me encantaron las instalaciones, el desayuno, las actividades para los niños y adultos. Muy recomendable!",10,2025-09-22 18:04:13+00,1
"El hotel es muy lindo estilo resort El entorno natural, el verde del golf más las palmeras y vegetación hacen que uno pueda sentirse fuera del ruido de la ciudad y descansar verdaderamente rodeado de tranquilida.
Estuvimos en una habitacion con cama matrimonial. La habitación nos pareció pequeña, y un tanto oscura. Tiene bastante espacio para acomodar ropa. La zona de la piscina y restarauntes muy bien atendidas.
La señal de wifi es inestable, y el roaming de PERSONAL  y de MOVISTAR tambien fueron inestables en su servicio.

Si van a Ciudad del Este a comprar, no compren en el local Primavera 90 ya que nos estafaron con la compra.",10,2025-09-22 18:15:50+00,1
"Uma experiência muito boa! Espaço para eventos, hospedagem, alimentação, relax...",10,2025-09-23 12:49:16+00,1
"Excelente, apenas dois pontos de atenção a Grelhado (carne) disponbilizado no almoço estava muito duro todos, os dias em que estive ai... e o serviço de translado de ida e volta ao quarto não funcionou, isso é ficou muito a desejar...",8,2025-09-23 14:52:04+00,1
"Hotel espectacular, estilo barrio privado, inmerso en una naturaleza sub tropical 🌴 bellísima. Volveremos 🫶🏼
Excelente atención y amabilidad del Chef Gui y el camarero Theo 🫂",10,2025-09-24 00:00:00+00,1
"Fui muito bem atendida no bar perto da piscina, Thales, Ana e Vitor são bem simpáticos, atenciosos e divertidos e me atenderam super bem.",10,2025-09-24 00:00:00+00,1
"Hotel espectacular, estilo barrio privado, inmerso en una naturaleza sub tropical 🌴 bellísima. Volveremos 🫶🏼",10,2025-09-25 02:30:11+00,1
 Everything  Bugs at the the breakfast,10,2025-09-26 00:11:51+00,1
" Limpeza, roupas de cama limpas e cheirosas, assim como as toalhas. Cama muito confortável!  Wish é um lugar ímpar, com muito conforto, ambiente prazeiroso e relaxante, lugar transmite paz o tempo todo, os funcionários ajudam a transmitir isso, pois são cordiais e educados.  Tomadas dos quantos não estavam funcionando direito, uma das tomadas tive que consertar para que pudesse usar, nem as capas das tomadas o quarto possuía, ficando a fiação toda a mostra. O abajur estava com a luz queimada. Bebidas da piscina todas quentes, o que é uma pena, pois é um grande diferencial e é o que a gente espera de um lugar como o wish. Apenas quero salientar que é uma crítica construtiva, acho válido para uma evolução nesses pontos, pois já estive no hotel em vários outros momentos e com certeza voltaria de novo.",9,2025-09-26 01:09:25+00,1
" Excelente las instalaciones, mucho verde, muy cómodo y disfrutable. Hermosa la distribución en villas, mi hijo disfrutó mucho la zona de juegos jugando fútbol, básquet, Pool, mete gol etc. muy amable todo el personal  La cena buffet quizá no es muy variada. En la habitación faltan amenities de 5 estrellas, ya sea de baño, cómo te o café, ya que Si hay pava eléctrica pero no tenes ni siquiera tazas .",9,2025-09-26 10:51:39+00,1
 Limpeza  Abordagem para fazer plano de viagem,5,2025-09-26 14:46:31+00,0
" The location is good, the hotel is amazing and the amenities are really good  The staff in the pool is not really good",10,2025-09-26 22:20:51+00,1
Izaura que nos atendeu no café da manhã e almoço foi uma querida excelente profissional. Leilane responsável pela arrumação também encantadora.,10,2025-09-27 00:00:00+00,1
"Resort maravilhoso....Pra quem gosta de um resort exclusivo, esse é o indicado...Refeições maravilhosas, café da manhã divino, com muitos ítens, Pra quem gosta de exclusividade e um local intimista, esse é o resort..
Pessoal staff, excelentes, Sr. Carlos (Maitre), Katia , o Guilherme(Chef), o Tyales(Gerente de A&B), e principalmente o Kenji (Gerente Geral)  todos com nota 1000 no atendimento...
Refeições diferenciadas,  a cada dia, lugar maravilhoso cercado de verde,  e quando tem crianças tem sempre um pessoal da Recreação para atendê-los...
Indico muito WishResort Foz do Iguaçu.  
O apartamento  é lindo com 2 camas enormes, chuveiro maravilhoso,, e tem sempre um carrinho para levar o hóspede para todos os espaços do hotel.
Ideal para se próximo evento...O Resort tem espaços indicados para eventos grandes e pequenos.
Temos só a agradecer a todos que nos atenderam...Parabéns a todos.",10,2025-09-27 00:00:00+00,1
"Pasamos increíbles días en este hotel. Las habitaciones son grandes y muy confortables, rodeado de la naturaleza. Tiene zona para niños muy completa, las comidas deliciosas y variadas y el personal muy amable! 100% recomendable!",10,2025-09-27 11:29:16+00,1
"Excelente resort...Pra quem deseja um Resort com qualidade e serviço impecável, esse é o resort.
Top mil....em todos os serviços.",10,2025-09-27 14:51:34+00,1
"No geral, o local é  bem satisfatório. Falta a área pet cercada e com recreação.  Piscinas  aquecidas e uma quantidade  maior de Jacuzzi  é  o essencial para  melhorar o nível  de vocês, pois não  existe.",8,2025-09-27 16:32:13+00,1
Foi maravilho. Tudo perfeito. Camarera Dulce é perfeita muito educada e prestativa .amei,10,2025-09-27 17:48:20+00,1
"Instalação e localização ótimas, tudo muito bem cuidado,  equipes bem atenciosas, adorei a estadia, café da manhã com ótima qualidade a recepção da Cíntia sempre sorridente torna a  entrada ao local ainda melhor!",10,2025-09-28 00:00:00+00,1
"Experiência maravilhosa, desde a chegada até a partida! Não posso deixar de enaltecer a camareira que cuidou do nosso apartamento com tanto carinho e capricho, a Mari responsável e o atendimento impecável, com tanto amor e sorriso no rosto, dos garçons do restaurante: Theo e Sr. Carlos. Parabéns time Wish e ao GG Kenji.

Não vejo a hora de voltar!",10,2025-09-28 00:00:00+00,1
"Fomos muito bem atendidos na recepção pelo Jefferson, fez tanto o nosso check-in e nosso check-out. Na hora do check-out houve apenas um inconveniente de uma refeição que foi colocada em nossa conta, mas, informamos que não a fizemos e foi retirada da conta sem nenhum problema. Por ter bastante itens de madeira no mobiliário do quarto a hora que chegamos ao abrir o quarto da pra sentir um pouquinho de “cheiro de fechado”, nada que atrapalhe. Levei meu secador, mas, a tomada do quarto era pequena tive que pedir um adaptador na recepção, mas, fui prontamente atendida. A equipe é muito solícita e simpática.",10,2025-09-28 16:02:54+00,1
"Excelente restaurante, atendimento impecável, muitas variedades desde as saladas e pratos quentes.
Equipe A e B Ronaldo e Lucas",10,2025-09-29 00:00:00+00,1
"Chegamos para o check-in às 14h, como estava informado, mas só conseguimos receber o quarto depois de 1h30 de espera.
Como havia uma pessoa em cadeira de rodas em nosso grupo, esperávamos que o processo fosse mais rápido, mas infelizmente demorou bastante, o que não nos deixou com uma boa impressão.

Mais tarde percebemos que este hotel funciona como se fosse um condomínio, com casas independentes, e talvez por isso a limpeza e a organização levem mais tempo. Provavelmente esse foi o motivo da demora.

Recomendo este hotel para quem gosta de contato com a natureza, mas para aqueles que se incomodam com insetos ocasionais, talvez seja melhor escolher uma opção no centro da cidade.

Há um campo de golfe e toda a proposta é bem ecológica. No geral, foi uma boa estadia.",10,2025-09-29 00:00:00+00,1
"Ótima estadia, muito bem atendido, Pabenizar ao Colaborador Ronaldo, na recepção do restaurante se prontificou em atender o meu pedido além do solicitado.  Gratidão.",10,2025-09-29 00:00:00+00,1
"O wish foz é um resort amplo com muito contato com a natureza, quartos espalhados pelo complexo em aconchegantes casinhas e uma ótima culinária, ainda mais especial pela ótimo atendimento dos garçons e demais colaboradores, sempre muito educados, gentis e prestativos. A estadia no wish traz paz e relaxamento.",10,2025-09-29 00:00:00+00,1
"Equipe A e B de parabéns, Lucas e Ronaldo,   Hotel wish de parabéns, a 7 anos atras estava aqui e só melhorou, buffet de café da manhã e jantar perfeito, muita dedicação do hotel pelos hóspedes, equipe de recreação muito boa, vários eventos todos os dias, com premiação de passeios e coisas dentro do hotel, wish 11/10, n é atoa que é a segunda vez que me hospedo no wish",10,2025-09-29 00:00:00+00,1
 Alimentação.  Não conseguimos usar a jacuzzi.,7,2025-09-29 00:25:14+00,0
"Tirando as obras nas avenidas que são próximas ao hotel foi tudo perfeito. Comida excelente, quarto muito bom e limpo. Tinha um cachorrinho marrom circulando que eu acho que deveria ser adotado pelo hotel, pois ele diverte todos os hospedes. Se eu tivesse condições teria levado comigo, espero que cuidem bem dele. Abraços.",10,2025-09-29 14:28:30+00,1
 Todo espectacular,10,2025-09-29 17:43:24+00,1
"Super recomendable, la atención de todo el personal. Las instalaciones en perfecto estado y la comida excelente, destaco la atención y amabilidad del chef Gylherme y el camarero Theo, 5 estrellas para ambos! Sin dudas volveremos",10,2025-09-29 22:49:28+00,1
"O lugar é perfeito. Não somente pela estrutura de resort, com instalações aconchegantes e bem cuidadas, mas principalmente pelo acolhimento que sentimos em todos os lugares.  O cafe da manha é variado é diversificado e todos os itens fresquinhos e saborosos. Os atendendentes sorridentes e atenciosos. O quarto e as áreas limpas, dando a certeza que o lugar é muito bem cuidado. Voltaremos em breve!!! Parabéns ao gerente Kenji, não so por gerenciar tudo tão bem, mas por nos receber com a mesma atenção e carinho de toda a equipe!!!",10,2025-09-30 00:00:00+00,1
" Los personales son muy amables y dispuestos a ayudar, instalaciones bien cuidadas; desayuno y cena (que teniamos incluidos) fueron excelentes.  Tuve que reclamar los 2 dias que estuvimos la falta de toalla en nuestra habitacion, y el sabado por la noche solicite cargar mi vehiculo electrico y el Sr. de la recepcion me atendió de mala gana.",9,2025-09-30 10:57:21+00,1
"Ficamos uma semana no Hotel Wish e a experiência foi incrível! Aproveitamos quase todas as atrações de Foz do Iguaçu, incluindo as Cataratas e o Macuco Safari, que foram inesquecíveis. Também tivemos tempo para curtir a estrutura do hotel, que nos surpreendeu muito. Nosso filho, de quase seis anos, adorou a recreação, especialmente o Tio Pernalonga, que fez toda a diferença na estadia. Um lugar completo para famílias!",10,2025-10-01 00:00:00+00,1
"Ótimo hotel! Lindo, limpo e confortável",8,2025-10-01 09:13:32+00,1
 De toda a estrutura que o hotel fornece  O quarto por estar numa área de muito verde tinha cheiro de bolor,9,2025-10-01 10:42:48+00,1
" Le cadre, l'arrivée de nuit est juste wouah.
Les buffets, le personnel avenant et chaleureux, le service ,la réactivité  en cas de pb...  La robinetterie mais apparemment  c'est comme au Brésil",9,2025-10-01 11:16:15+00,1
"Agradezco que nos dejaron la habitación unas horas más a la salida para poder ducharnos ya que no había duchas en el exterior del hotel.
Muy buen mantenimiento del hotel y atención , deberían mejorar la ambientación de las habitaciones , muy oscuras , pierde agua para afuera al bañarse por la cortina de plástico y falta de algunos productos de toilette",10,2025-10-01 18:55:52+00,1
"Fue la segunda experiencia en el hotel Wish de Foz. Un lugar maravilloso, muy bien cuidado y mantenido. El hotel se encuentra ubicado en un entorno muy natural, alejado unos pocos kilometros del centro de la ciudad. El personal es muy amable comenzando por el front desk, y las personas que atienden en el resturante y el bar de la piscina! EL desayuno excelente y la cena  muy buena tambien (teniamos contratado media pension). Las habitaciones super comodas, eramos 2 adultos y dos niños en una amplia habitacion con balcon. El hotel es muy completo con cancha de futbol, tenis, kids club y para mejorarlo mas, estan construyendo una piscina cubierta climatizada. Ademas esta a 10 minutos del acceso a las cataratas y del Parque das Aves. Espero poder volver  a ir nuevamente!",10,2025-10-03 00:00:00+00,1
Atraso no check in de 2hs. Péssima experiência! Chegando no quarto o chuveiro quente não funcionava. Houve o reparo da torneira após solicitação.,4,2025-10-03 00:00:00+00,-1
Excelente Resort! Comida boa e boa seleção de bebidas.,10,2025-10-03 00:34:10+00,1
"O local é incrível, a hospitalidade nem se fala, o atendimento então perfeito",10,2025-10-04 16:25:49+00,1
"Nossa estadia no WISH Resort Foz do Iguaçu foi uma experiência completamente diferente de tudo que já vivemos — um verdadeiro luxo em meio à natureza! 💚 Desde o momento da chegada, o atendimento impecável e o cuidado com cada detalhe fizeram toda a diferença.

A suíte junior onde ficamos era enorme, super confortável e perfeita para duas pessoas, com tudo o que precisávamos para relaxar e aproveitar ao máximo. 🛏️✨

O resort é completo em lazer e conforto: tem bicicletas disponíveis, campo de golfe, quadras de futebol, tênis, área kids, sala de jogos e várias áreas de lazer para adultos e crianças. 🎾🚴‍♀️🎯

As piscinas são incríveis — há piscina principal com jacuzzi e piscinas menores próximas aos quartos, garantindo praticidade e privacidade. 💦💆‍♀️ Além disso, o resort oferece área de pesca e espaços perfeitos para quem quer apenas relaxar e curtir o dia.

🍽️ A gastronomia é um espetáculo à parte! O café da manhã é um dos melhores que já provamos, com bancadas variadas que atendem tanto quem é mais fitness quanto quem quer aproveitar sem culpa. 🥐🍓☕
O jantar também foi excelente, com buffet saboroso e muito bem servido.

Outro destaque é o serviço de transporte interno — caso sua acomodação fique mais distante, basta solicitar e um carro te busca e leva até onde precisar, garantindo ainda mais conforto. 🚗✨

Tudo no WISH é pensado com carinho: os ambientes são cheirosos, as toalhas são macias e perfumadas, e cada espaço transmite elegância, tranquilidade e bem-estar. 🌸

💯 O WISH Resort é 10 de 10!
Um lugar único, perfeito para relaxar, se desconectar da rotina e viver dias inesquecíveis em Foz do Iguaçu. 🌴☀️

📸 Todas as informações e experiências completas estão no nosso Instagram @visitviajando — acompanha por lá e confere tudo sobre esse paraíso! 🌍💙",10,2025-10-05 23:53:36+00,1
Muy buen servicio en general. Muy buena predisposición de la gente. Gran atención de Jorge en el desayuno. Nos encantó todo.,10,2025-10-06 00:00:00+00,1
Excelente cancha de golf,10,2025-10-06 00:44:59+00,1
"Fizemos um evento de 8 dias com o time do Wish, eles foram nosso suporte no A&B, limpeza e segurança. O time de eventos é muito solicito e prontos para nos ajudar, assim como o time do restaurante e demais departamentos, o que foi fundamental para que o nosso evento saísse como o esperado",10,2025-10-07 00:00:00+00,1
"Lejos lo mejor, quiero volver pronto",10,2025-10-07 13:52:41+00,1
"gerencia@wishfozdoiguacu.com ,ana exemplo de profissional agradeço a receptação feita pela mesma uma pessoa q faz com excelência seu trabalho ,Diely uma pessoa ímpar no qual agrega valores respeito e profissionalismo agradeço a recepção e o empenho sobre o trabalho ,Manuela uma pessoa de um respeito uma ótima profissional soube lidar com TDS e fez a diferença parabéns , Suellen excelente profissional tratou tudo com excelência e fez com q nosso evento fosse tratado com profissionais e com excelência muito obrigado ,tenha certeza q essa equipe faz a diferença Wish resort foz agradeço a TDS ter profissionais com emprenho com excelência para fazer juntos com a gente do BSOP um evento espetacular !!!!!",10,2025-10-08 00:00:00+00,1
"Funcionários atenciosos e prestativos, já estamos nos organizando pra retornar em uma outra oportunidade!
Tudo muito limpo",10,2025-10-08 00:00:00+00,1
"Ambiente perfeito, atendimento também, estão de parabéns. Super indico para amigos, ambiente bem familiar. Desde aos mensageiros a todos os funcionários, parabéns.",10,2025-10-08 00:00:00+00,1
"Excelente atendimento gastronomia maravilhosa em especial dos funcionários  que trabalho no evento do jogos de pock Michelly, Ronaldo e Fet poul.",10,2025-10-08 00:00:00+00,1
" Tudo muito bem organizado, limpo e funcionários bem educados, rápidos no atendimento. Propriedade enorme e com mtas opções de lazer pra família  Quando pedimos serviço de quarto, alguns pratos estavam fresco e quente e outros estavam totalmente frio, eu acredito que eles esperaram todos os 5 pratos estarem prontos pra trazer pro quarto, mas isso não foi bom. Pedirmos um frango a parmigiana ele estava frio, duro e o queijo duro. Não gostamos também da indução da Bliss Tour que fica no lobby. Eles pediram aR$ 800 pra buscar e levar a gnt pro aeroporto, porém quando eu disse que iria pedir cotação com outra empresa eles abaixaram o preço 2 vezes até chegar em R$500, então podemos perceber que eles estavam explorando o valor para turistas. Provavelmente pq sabiam que éramos turistas vindo de outro país.",9,2025-10-08 17:24:33+00,1
"Que paz esse lugar!! Extremamente aconchegante, apartamento espaçoso e confortável! O restaurante farto de variedades é extremamente saboroso!! O atendimento impecável dos atendentes!! Dona  Izaura, Dani,Esther e Youset… muito obrigada pelo ótimo atendimento e por cuidar tão bem da gente!! As Senhoras tbm da limpeza dos quartos muito gentis e cuidadosas!!",10,2025-10-09 00:00:00+00,1
"Minha experiência no hotel foi maravilhosa. Todos os profissionais são extremamente atenciosos, o hotel é muito bom para fazer evento, com todas as aéreas integradas e todos os profissionais muito atenciosos.",10,2025-10-09 00:00:00+00,1
"A equipe inteira do Wish Foz é sensacional. Tenho carinho e gratidão enormes, principalmente pelo time de eventos que, mais uma vez, nos recebeu muito bem e sempre foram muito solícitos e prestativos. Sem contar que o hotel é lindo.",10,2025-10-09 00:00:00+00,1
 Atendimento muito bom  Nada,9,2025-10-09 00:45:25+00,1
 La comida muy rica y variada. El hotel hermoso,8,2025-10-09 15:20:54+00,1
"Péssimo, pagamos uma diária neste resort que de resort não tem nada. Camas divididas, de solteiro, e extremamente sujo o quarto. Liguei para pedir se tinha como colocar nós em um quarto com cama inteira e o recepcionista foi arrogantemente e insinuou  que se eu quisesse cama inteira teria que ter pego um quarto mais caro! Aí falei que é um absurdo pois duas camas de solteiro não são uma cama de casal, ele continuou arrogante. Depois me ligaram falando que se eu quisesse teria upgrade gratuito, mas depois de muita arrogância. Pobre coitado, não sabe o que é um resort.
Sou uma pessoa que viajo muito e frequento resorts, e pago sempre esse valor, com qualidade muito mas muito superior.
Qualquer muquifo em foz seria melhor que isso aqui.
Extremamente velho, cheiro desagradável e muitas aranhas!
Péssimo! Com certeza quem está aqui ou não conhecia ou veio com aqueles cupons de desconto!",2,2025-10-10 20:01:39+00,-1
Espetaculae! Comida deliciosa! Atendimento do pessoal 10 puntos! Cheff Guilherme muito atensioso ! Uma delicia a comida! parabéns!,10,2025-10-11 00:00:00+00,1
"TIRANDO O OCORRIDO E SUSTO COM NOSSA FILHA DE 5 ANOS QUE SE PERDEU, AO SAIR DE PERTO DOS MONITORES ENQUANTO JATÁVAMOS E OS MESMOS NÃO SE DERAM CONTA!
NO INICIO REALMENTE A CRIANÇA NAO ESTAVA INSCRITA NA ATIVIDADE RECREATIVAS E JANTAVA COM NÓS DENTRO DO SALÃO. EM UM DADO MOMENTO PASSOU POR NOSSA MESA DE JANTAR UM MONITOR E A CRIANCA PEDIU PARA IR E O MONITOR ACEITOU LEVA-LA PARA JUNTO AS DEMAIS CRIANCAS PARA BRINCAR, PERGUNTEI E ELE DISSE QUE CUIDARIA DELA, FICAMOS TRANQUILOS, AO IR BUSCA JÁ TINHA SAIDO DE PERTO DO GRUPO
DEMAIS SERVIÇOS DE BOA QUALIDADE",8,2025-10-11 11:19:25+00,1
"Como sempre a experiência de ficar no wish é incrível! Todos os funcionários muito atenciosos, hotel com muita área verde um verdadeiro oásis de paz e aconchego.",10,2025-10-12 00:00:00+00,1
"Foi muito gostosa
Aconchegar é uma experiência única",10,2025-10-12 18:54:15+00,1
"Quartos espaçosos e maravilhosos,  bem completos. Serviços ótimos, camareira Francisca,  por exemplo excelente.  Pessoal da piscina super atenciosos. Adoramos a estadia. Lugar lindíssimo, perto do aeroporto. Otima localização. Comida boa. Ótimo lugar para descansar.",10,2025-10-13 00:00:00+00,1
"Fomos atendidos pelo Yousef e realmente ele fez valer a experiência
Super educado e atencioso
Quem dera todos fossem como ele",10,2025-10-13 00:00:00+00,1
"it was a beautiful property and very efficient staff , the spread for breakfast was amazing , being a vegetarian , i was very impressed with the spread at breakfast",10,2025-10-14 00:00:00+00,1
" Resort perfeito para descansar com as crianças, tudo muito limpo e com instalações de bom gosto  A água da piscina poderia ser aquecida",10,2025-10-14 00:26:57+00,1
"Essa foi a segunda vez que me hospedei no hotel. Coincidentemente as 2 vezes eu fiquei no mesmo quarto. Na primeira vez eu ja não tinha gostado do banheiro pois um hotel de tanta qualidade, restaurante impecável e areas de lazer espetacular tenha um banheiro sem box. Eu achei que todos os quartos eram assim mas como dessa vez fomos em um grupo eu soube que somente este quarto que eu estava (numero 907) não tinha box. Se a razão era por questão de PCD, não tenho em minha família ninguém que justifique essa hospedagem. No ultimo dia tinha uma barata no quarto. Como mencionado nas respostas acima eu adoro esse hotel e pretendo retornar, mas ficar em um quarto em que o banheiro fica alagado quando tomamos banho nunca mais quero viver a experiencia ainda mais pelo preço que não é nada acessivel.",8,2025-10-14 19:20:58+00,1
"Loved the place! Very clean, food was amazing, lots of choices and friendly staff.",10,2025-10-15 00:00:00+00,1
"Quartos precisando de uma reforma, academia extremamente pequena, não comportando os hóspedes e com esteiras quebradas, piscina em manutenção, preço elevado para aluguel de bicicleta
Falta melhor orientação das atividades no check in, só fiquei sabendo no final do dia pq fui perguntar sobre as bicicletas",6,2025-10-16 00:00:00+00,0
Amamos a equipe da recreação. Minha filha não queria ir embora. A natureza que envolve o hotel é maravilhosa.,10,2025-10-16 13:05:01+00,1
" La atención, el lugar es increíble para disfrutar en familia y amigos  Que le falta un poco más de actividades acuáticas deportivas y entretenimiento para que la personas se diviertan más. Es lindo pero muy tranquilo para ir con chicos preadolescente o con amigos",10,2025-10-16 17:52:38+00,1
"Restaurante maravilhoso, todas as refeições, almoço e jantar, muito bem preparados, saborosos, variados e especiais!!! Atendimento top, agradecimentos especiais à Cintia, à Izaura e ao Yousef, que nos atenderam muito bem!!!",10,2025-10-17 00:00:00+00,1
" Da alimentação.  De alguns funcionários não serem simpáticos. E o fato de o hotel não possuir o espumante moscatel. Não retorno mais. algo tão simples que deixou a desejar. Inclusive poderia ter no café da manhã, com em vários hoteis.",8,2025-10-17 00:18:49+00,1
 El lugar  La comida,7,2025-10-17 00:44:30+00,0
" Serviço da equipe, conforto, limpeza, organização. Bebidas geladas na piscina. Ótimo para descansar com a família.  Poderia ter um quebra gelo na piscina principal. Refeição do serviço de quarto poderia ter uma qualidade melhor.",10,2025-10-17 12:34:05+00,1
"Lugar com muito espaço,  ótimo para correr e caminhar ao ar livre. Extremamente tranquilo,  ideal para família! Comida muito boa!",10,2025-10-17 15:02:22+00,1
"A comida do restaurante e o café da manhã são muito bons. A equipe de recreação infantil é SENSACIONAL. A tia Suco foi muito atenciosa em TODOS os momentos, até quando nos via nos corredores. A equipe da manutenção que consertou o ar condicionado do quarto, além de educados, muito eficazes. As moças da limpeza atenciosas, nos forneceram bucha e detergente para lavar mamadeiras na copa baby. O hotel é lindissímo, no geral foi uma boa experiência. Infelizmente, os atendentes do restaurante e da recepção foram rudes em algumas oportunidades. Não fosse isso, a quantidade de mosquinhas no restaurante e o ar condicionado que pingou na minha cama, seria nota máxima. O restaurante deveria acender velas para afastar insetos. Solicitei e disseram que não tinham.",8,2025-10-17 15:22:01+00,1
"Gostei muito do hotel e das acomodações. Apenas sugiro que seja disponibilizado um rodo nos quartos adaptados para PCDs, pois, após o banho, a área do banheiro ficava bastante molhada, tornando desconfortável o uso do vaso sanitário.

De modo geral, o quarto estava limpo; contudo, observei que o piso da área das camas não era higienizado com o mesmo cuidado. Ao chegarmos, havia uma folha no chão, que permaneceu ali até o penúltimo dia da hospedagem, o que demonstra certa falha na limpeza dessa parte do quarto.

No mais, trata-se de um excelente hotel — o restaurante é sempre limpo e organizado, e a equipe da recepção é atenciosa e eficiente.",10,2025-10-17 17:16:42+00,1
"Sou baiana e a tapioca da Danielle não fica a dever NADA a nenhuma outra, sem fslar da gentileza e do sorriso com q ela atende.",10,2025-10-18 00:00:00+00,1
" Ótimo para crianças! Espaco kids, monitores, piscinas e restaurante.  O quarto é muito bom mas sem luxo. Poderia ter uma cafeteira no quarto.",9,2025-10-18 00:54:50+00,1
"Mala experiencia, al llegar por la noche a la habitación no hemos podido quedarnos por ruido muy intenso causada por alguna avería eléctrica. Tras varias llamadas a recepción nos han comunicado que no era posible cambiarnos de habitación por estar fullbooked. Finalmente después de más de una hora han accedido a darnos otra habitación. Pero llevamos 15min en la calle esperando y nadie ha venido a buscarnos aún. Lamentable servicio. Pese a unas instalaciones de pelicula deja muchísimo que desear y deben mejorar considerablemente.
(Ver el video con sonido)",2,2025-10-18 01:22:45+00,-1
 Acomodações confortáveis.  Fiquei hospedada em quarto PCD e não havia box. Ao tomar banho molhava toda a área do banheiro e depois ficava desconfortável utilizar a privado já que o chão ficava muito molhado. Sugiro deixar um rodo no banheiro nesse tipo de quarto.,10,2025-10-19 15:11:42+00,1
Espectacular! El predio es hermoso! Vale absolutamente la pena. El desayuno y la cena de excelente calidad. Super recomendable!,10,2025-10-20 00:00:00+00,1
"Destaco como pontos positivos a localização do hotel, ele é muito bonito, em meio a natureza, as jacuzzi funcionam perfeitamente e os funcionários são muito educados.
Como pontos a melhorar, destaco que a cama não está boa. Se observarem, a cabeceira está mais baixa que os pés. Parece ser um colchão velho e essa posição de dormir não é nenhum pouco confortável (cabeça em um nível inferior aos pés). Precisamos dormir ao contrário pra ter uma noite satisfatória.
Achei poucas opções de gastronomia, estando disponível apenas o restaurante The Grill. Esse nível de hotel deveria oferecer pelo menos mais um restaurante temático.
Nao sei se foi por causa da chuva, mas a recreação do hotel também deixou a desejar. Algumas coisas programadas não se concretizaram e foi difícil encontrar o pessoal da recreação.",8,2025-10-20 17:45:36+00,1
Espero voltar com a família,10,2025-10-20 18:06:07+00,1
 El parque es hermoso. Muy bueno el servicio de coche para el traslado desde y hasta las habitaciones que están más alejadas de las instalaciones comunes . Muy cómodo para huéspedes sin coche .,8,2025-10-21 01:04:34+00,1
 רזורט מדהים רחב ידיים  אהבנו הכל,10,2025-10-21 11:05:32+00,1
Tia Ravena e xuxu são muito legais,10,2025-10-21 17:34:54+00,1
"Ótima experiência. Evento da Resorts Brasil, com excelente recepção, instalações, serviços e instalações. 

Gostamos muito!",10,2025-10-22 00:00:00+00,1
"O resort Wish é muito bonito, confortável e a equipe atenciosa! 
Todo o suporte para o evento foi muito bom.
Agradeço o carinho e acolhimento.",10,2025-10-22 00:00:00+00,1
"Local lindo, traduzindo leveza e tranquilidade.
Colaboradores atenciosos.
Boa comida!
Parabéns Equipe Wish pelo excelente trabalho",10,2025-10-22 00:00:00+00,1
"Viemos para um evento de negócios e fomos super bem atendidos, acomodações amplas, gastronomia de alto padrão, hospitalidade de alto nível.",10,2025-10-22 00:00:00+00,1
"Hotel maravilhoso, cafe da manha e refeições com bastante opção.
Quarto espaçoso  e confortável, academia bem equipada.",10,2025-10-22 00:00:00+00,1
"Excelente Resort, super charmoso.
Alimentação e atendimento impecáveis.
A área verde é maravilhosa.
Acordava com o canto dos pássaros.",10,2025-10-22 00:00:00+00,1
"Hotel lindo com uma infraestrutura completa e serviço impecável. 
Comida excelente! Quadras para esportes e boa estrutura para eventos.
Hotel excelente para lazer e negócios.",10,2025-10-22 00:00:00+00,1
" Aspect extérieur joli . 
Kids club pour les enfants et aire de jeux . 
Buffet correct . 
Lit confortable . 
Pas trop loin des cascades .  Piscine sale . 
Kids club pas hyper propre non plus . 
Douche de la salle de bain pas adaptée, de l’eau partout après chaque douche et des joints moisis forcément . 
Insonorisation bof , on entendait les voisins énormément . Mais ça c’est dans tout le Brésil de toute façon . 
Rapport qualité prix trop cher .",7,2025-10-22 22:46:45+00,0
"Muito boa!  Hotel  maravilhoso no meio da Mata Atlântica. Lindo !
Camareira gentis, principalmente a Francisca, muito sorridente e ágil!",10,2025-10-23 16:09:41+00,1
 Las actividades y personal del kids club fueron muy divertidos y profesionales con los chicos.,9,2025-10-23 16:22:23+00,1
"Estadia Simplesmente magnífica. Lamento o acesso principal à avenida das cataratas estar bloqueado. Obras do governo , que nunca acabam. Brasil , infelizmente. No
Mais , recomendo ♥️",10,2025-10-23 18:55:13+00,1
"Personal alex: muito gente boa, bom profissional
Pernalonga: muito legal
Chan: recreador nota 10
Paçoca: muito gente boa tbm, legal",10,2025-10-24 00:00:00+00,1
"Fomos em um grupo de 40 pessoas, a equipe do local foi muito atenciosa!!
Comida boa e ambiente muito bem cuidado e bem limpo.",10,2025-10-25 00:00:00+00,1
"Muito proveitoso e agradável.
Como funcionário destaque, indicamos o Michael, do bar da piscina.",10,2025-10-25 11:19:12+00,1
" Los espacios comunes, la pileta es ideal para ir con niños. El espacio kids está muy completo para todas las edades, el gimnasio para adultos también y las canchas de tenis, futbol y básquet están excelentes.  El personal no fue tan servicial, en general los más amables no eran brasileños. No cuenta con puertos usb por lo que hay que llevar adaptador para cargar celulares. A las 10 pm terminan todos los eventos, cierra el buffet y no hay opción para comprar alguna bebida o trago y quedarse un rato más. El piso de la pileta se calienta mucho con el sol y no se puede caminar descalzo.",8,2025-10-25 13:34:47+00,1
"Em apenas duas palavras, maravilhada, incrível.
Café da manhã, ótimo, excelente.
Faltou a piscina aquecida e a sauna.",10,2025-10-26 00:00:00+00,1
" Понравилась только территория,  очень красивая, бассейн и еда. Прекрасный завтрак и отличный буфет на ужин.  Улучшать нужно практически все.
1. В номерах нет комплиментарной воды, только платно из мини бара. Причём, когда спрашиваешь на ресепшен, они говорят что нет, хотя слева от рсепшен есть бар, там не только можно попить воды с апельсином, там ещё и кулер есть. Однако почему-то ресепшен об.этом не сообщает.
2. Халатов нет, тапочек нет. Персонал на все вопросы отвечает- нет. Переходник просили, тоже нет.
3. Номер очень маленький и даже с открытым окном там душно, затхлый запах. Вода в душе стоит на полу и не уходит. 
4. За день до заезда они сообщили, что рядом ремонт дороги. Ремонт идёт уже больше месяца, мы уточнили. О таких вещах сообщают до того, как заказ стал не отменяемый. За такси пришлось платить втрое,  огромный объезд.  На этом потеряли очень много времени. Специально выбирали отель близко к парку водопадов, а в результате ехать было дольше, чем из города, да ещё Убер по 3 раза сбрасывал заказы, так как жуткая прока. Отель даже не извинился  не то что б предоставить гостям трансфер, раз уж так у них с ремонтом.",3,2025-10-26 02:10:54+00,-1
"Hotel excelente, desde a recepção até a saída, ambiente, culinária, piscinas, serviços, excelentes. Não tenho o q reclamar, ótima localização para os passeios, foi tudo perfeito, voltarei com certeza.",10,2025-10-26 15:29:41+00,1
eu ameeeeeeei!!!!!!!!!!!❤️❤️❤️❤️,10,2025-10-26 18:41:50+00,1
"Toda a hospedagem foi excelente e memorável, a alimentação era incrível, e a área de lazer muito boa e agradável.
A equipe de atendimento foi muito simpática e prestativa, em espacial a Dulce que nos ajudou com os quartos.
Voltaria com certeza",10,2025-10-27 00:00:00+00,1
"Ótimo hotel, com excelentes funcionários, todos muito simpáticos, educados, atenciosos e cuidadosos! Recomendo fortemente!!! Maravilhosas refeições, os quartos muito confortáveis e áreas de lazer incríveis! Vamos deixar um elogio especial ao garçom Yousef, muito simpático também e um querido!! Obrigada Hotel Wish pela experiência! Com certeza voltaremos!",10,2025-10-27 00:00:00+00,1
Hotel. 10. Gastronomía 10  atención 10 precio calidad acorde a lo que ofrecen volveremos muchas gracias Martin argentina,10,2025-10-27 00:00:00+00,1
"Excelente atendimento
Recomendo",10,2025-10-27 13:24:46+00,1
" Do anbiente ser todo com vegetação  Alem de estar com problema para chegar no hotel por causa da obra de igreja. 

Um hotel desse porte cobrar pelo GELO é um completo absurdo. 

Gelo e agua deveriam ser dados ainda mais em um hotel com diaria alta. Gelo é fabricado no proprio hotel qur cobrassem 1 real para manter a manutenção da maquina. Mas cobrar 38 reais? Mais caro que pedir gelo no ifood. 

O hotel tem sua especialidade em hospedagem ou venda de gelo?",5,2025-10-28 00:11:44+00,0
"Tudo perfeito. Acomodações, comida, lazer. Quem puder, venha que vale pena.",10,2025-10-28 00:37:34+00,1
Increíble lugar !!,10,2025-10-28 04:27:12+00,1
"Foi bom no geral
Porém, um hotel desta categoria não poderia nunca servir uma carne horrível, como uma fraldinha ao molho no almoço da sexta feira dia 17/10/2025. Estava muito dura e gordurosa. Simplesmente horrível.",8,2025-10-28 14:43:09+00,1
"Hotel muito bonito, confortável, ótimas instalações e funcionários super cordiais. Em especial, Sr. Carlos Roberto (Metre noite),  Sra. Katia ( café da manha), Isaura ( cafe da manha).",10,2025-10-29 00:00:00+00,1
"Um hotel amplo com boas atividades para crianças. Não achamos que tem atividades para adolescentes e adultos de forma variada, oferece atividade mas não muita opção . Tem uma piscina principal e outra menor mais afastada. O hotel como um todo eh bom, mas precisa de uma renovada. Tem um ar cansado . Bom café da manhã.",8,2025-10-29 00:00:00+00,1
"Equipe totalmente despreparada, péssimo atendimento em todos os setores",8,2025-10-29 00:00:00+00,1
"Lugar incrível e aconchegante,  vista privilegiada das suítes e espaços perfeitos para família e amigos , excelente localização do lado do aeroporto e perto das 3 fronteiras e cataratas do Iguaçu! Vale o investimento! Recomendo! Já estou planejando voltar !",10,2025-10-29 02:41:06+00,1
"o local é perfeito pra relaxar e desfrutar de tudo de bom, quartos confortaveis, piscina linda, bom atendimento, café da manha fantastico, enfim todo luxo e conforto necessário. Porém os preços la são bem salgados, se quiser tomar cerveja caipirinha, almoçar sem estar no seu pacote, fica bem salgado, tem que ter uma reserva, até garrafa dágua é um abusrdo.
Mas enfim, fui gostei, fme diverti e descansei.",10,2025-10-29 16:34:14+00,1
Ótimo atendimento,10,2025-10-29 23:27:32+00,1
"O garçom Yousef é um ótimo profissional, sendo muito educado, prestativo e simpático sempre. Adoramos a experiência!",10,2025-10-30 00:00:00+00,1
"Ótima experiência. Limpeza, estrutura e atendimento em especial Yousef no café da manhã e almoço, bem como toda a equipe Exclusive Guest com muita cordialidade e atenção.",10,2025-10-30 00:00:00+00,1
"Tive uma experiência incrível no Wish Resort! Os quartos são espaçosos, bem decorados, muito confortáveis e impecavelmente limpos… o espaço nos proporcionou lazer, entretenimento e também descanso com muito conforto. A natureza é um espetáculo à parte!!! O café da manhã é maravilhoso, com grande variedade de pães, frutas, sucos e opções quentes — tudo muito saboroso e bem apresentado. O jantar também merece destaque, com pratos bem preparados, ambiente agradável e ótimo atendimento. E não posso deixar de mencionar o pudim, simplesmente perfeito: textura leve, sabor marcante e equilibrado — um dos melhores que já provei! Sem dúvida, uma estadia que superou expectativas. Recomendo demais!",10,2025-10-30 00:00:00+00,1
"O hotel não é ruim, só acho que não se classifica com um 5 estrelas. A recepção do hotel é falha e não nos deu todas as informações necessárias. O quarto estava fedendo mofo e o banheiro tinha uma janela falsa. Torneira pingando, como o hotel estava lotado, não limparam o nosso quarto. Tivemos que pedir a limpeza já à noite…não havia edredom no quarto e depois levaram um  “forro de cama” para nós. O Hotel está em obras e tem barulho. Não volto mais.",4,2025-10-30 00:00:00+00,-1
"A primeira impressão do quarto foi ruim, pois tinha muito canto que faltou dar uma limpada mais pesada. O varal do banheiro estava todo embolorado. Os cantos do box não estava limpos. Enfim, deveria ser feita a cada mês ou dois meses uma limpeza mais detalhada com check list.
Em relação ao café da manhã a única decepção foi o café mesmo, pois todos os dias estava ruim, com gosto de queimado.

Ja na parte das sobremesas podiam fazer algo menos artificial. Todo dia os mousses eram muito artificiais, de gordura hidrogenada.

As saladas e o buffet quente estavam excelentes! A costela então não tem o que dizer. Muito bom!

Vale a pena pegar a meia pensão, pois assim não precisa sair do hotel para procurar restaurante em Foz. Aí aproveita-se mais o hotel.",8,2025-10-30 12:28:03+00,1
" CAFÉ COMPLETO.  Equipe de atendimento eficiente e gentis.
Reposição constante de todos os componentes.  Periodo de reforma da rodovia das Cataratas, causando desconforto e dificuldade no acesso e na saida.",10,2025-10-30 15:13:17+00,1
"Tudo muito organizado, limpo e a comida é uma delícia tanto café da manhã quanto almoço.

A Cíntia que faz a recepção no almoço  me atendeu de forma extremamente gentil e atenciosa.
Todos estão de parabéns!",10,2025-10-31 00:00:00+00,1
"Nos colocaram em um quarto que o banheiro estava sem box, fazia a maior molhadeira no banheiro, armário de roupas dentro do banheiro deixava as roupas úmidas, em um dos dias o lençol estava manchado de sangue",6,2025-11-01 00:00:00+00,0
"Hotel com excelente infraestrutura. 
Quarto grande (fiquei no AP. 2101), super silencioso e limpeza impecável feita pela Leiliane.
Utilizamos o campo de Golf e fomos super bem atendidos pelo Geovani, que é muito simpático, atencioso e disponível, o que proporcionou uma experiência incrível e superou as expectativas.",10,2025-11-01 00:00:00+00,1
" Location and setting, reception  Reception toilet - horrible smell, plastic curtains in the room, bad smell in the room, kids playground has dangerous sharp spots, kids club has nothing for 3-7 kids apart from video games, no shower before the airport option",6,2025-11-01 12:24:02+00,0
" Excelente ubicaci{on, facil acceso. Tanto desayuno como cena, es muy variado, para todos los gustos.  El personal deberia habalr un poco mas español.",10,2025-11-01 13:15:23+00,1
Hotel an sich und Restaurant sehr gut. Leider Nachlässigkeiten bei der Instandhaltung der Zimmer und Zimmerservice. Einfachste Dinge fehlen und werden erst nach vielfacher (!) Reklamation in Ordnung gebracht (z.B. solche Basics wie fehlendes Toilettenpapier),6,2025-11-02 00:00:00+00,0
"Apartamentos super confortáveis, pessoal da recepção, restaurante, recreação ( área Kids) muito  atenciosos, ainda mas ( Yousef )da área exclusive foi super atencioso, deixaram nossa estadia ainda melhor . E meus parabéns para todos da cozinha( restaurante  almoço e janta) em especial ao chef pelo variedade e temáticas do dia, até agora foi  o melhor dos restaurantes em foz todo .",10,2025-11-02 00:00:00+00,1
"Hermoso lugar, gente muy amable, excelente servicio y amabilidad por parte de Katia y Cintia en el restaurante, variedad en comidas, todo muy rico.",10,2025-11-02 00:00:00+00,1
 Fantastisches Frühstück !,9,2025-11-02 17:43:51+00,1
"Resort maravilhoso !!!! Funcionários muito atenciosos , a Dulce camareira muito solicita e atensiosa . Retornarei com amigos",10,2025-11-03 00:00:00+00,1
Lugar maravilhoso! Café da manhã uma delícia !,10,2025-11-03 00:23:21+00,1
"Uma excelente estadia, foi a primeira vez que me hospedei no Hotel, e realmente foi uma experiencia muito agradável e pretendo voltar a passei com a família.",10,2025-11-03 11:04:14+00,1
"Hotel perfeito, colaboradores gentis, educados, instalações ótimas, comida servida no almoço espetacular, café da manhã maravilhoso. Votarei com certeza.",10,2025-11-03 12:09:24+00,1
 Me gustó todo. Si me habría gustado que haya helado y mas opciones sin TACC dentro de los postres  No identifique algo que no me guste,9,2025-11-03 13:40:14+00,1
"Lugar maravilhoso, integrado com a natureza. Café da manhã excelente e completo.
Quartos ficam longe da recepção e do café porém a caminhada é gostosa. Tem opção de solicitar carrinho para transporte.",10,2025-11-03 16:16:12+00,1
"Excelente estadia. O hotel é lindo e possui diversas opções de recreação, uma pena não poder ter aproveitado tudo pois estava a trabalho. Único ponto negativo foi a piscina com água fria, mas fico feliz em saber que está sendo construída uma aquecida. Voltarei novamente com certeza!",10,2025-11-03 18:26:23+00,1
"Muy buen lugar, bien ubicado y el personal muy atento, lo recomiendo... La comida excelente",10,2025-11-03 19:52:02+00,1
"O Wish Foz do Iguaçu Resort é maravilhoso! Que experiência incrível! Principalmente a gastronomia! Nós comemos um hambúrguer na beira da piscina, perfeito! E todas as informações que precisamos sempre os funcionários foram muito atenciosos! Além disso, os quartos possuem camas grandes e ótimas para descansos! O restaurante principal tem muita opção de almoço e janta para todos os gostos, vale a pena demais! Buscamos o resort para os nossos 6 meses de casados e foi incrível! Não posso deixar de afirmar que tem muitas atividades para quem for com crianças!",10,2025-11-04 00:00:00+00,1
"Excelente!!
Café da manhã maravilhoso atendimento especial, Jorge muito atencioso competente e super simpático 👏🏻👏🏻🙏🏻",10,2025-11-04 00:00:00+00,1
"Gostei muito do campo de golfe , atendimento muito bom. A comida muito bem preparada e saborosa . Parabéns ao chef Alessandro e aos demais colaboradores do restaurante , Angela , Luan , Jorge.",10,2025-11-04 18:32:01+00,1
"Segunda vez que estamos neste belo Hotel. Se voltamos, foi porque gostamos! Todos os atendentes super simpáticos, só faltam adivinhar nossos desejos! No café da manhã eu destaco o Yossef, muito simpático e prestativo! As meninas da limpeza também são ótimas. Pessoal do bar, muito simpáticos, assim como o pessoal do Lobby. Não tenho nada para reclamar!",10,2025-11-05 00:00:00+00,1
" O Resort é muito limpo e organizado. Os funcionários são extremamente atenciosos.  A localização não é favorável para quem quer fazer passeios, mas em contrapartida é do lado do aeroporto",10,2025-11-05 01:02:56+00,1
"Excelente experiência em família no Wish Foz. Já vistamos todos os hotéis da rede e este, sem dúvida, foi o melhor. 
Sem falar no charme das acomodações que são em forma de casas. Atendimento impecável, limpeza, estrutura e comida. Elogio especial ao Zaqueu e Yousef, extremamente gentis e atenciosos. 
A única ressalva é sobre a piscina sem aquecedor. Em dias quentes é tolerável, mas em dias de temperaturas mais amena fica impossível usar as piscinas.",10,2025-11-06 00:00:00+00,1
"O Resort é lindo, muito confortável, o atendimento é nota 10, a comida deliciosa pelas mãos do chefe Guilherme Motta que além de tudo é uma simpatia, destaque tbm para o garçom Jorge muito atencioso. Eu amei o resort e super indico com certeza.
A única coisa que ficou um pouquinho a desejar já que fui com criança é um parque aquático com brinquedos mas tem a equipe de recreação que é muito boa tbm.",10,2025-11-06 00:00:00+00,1
"Gostei muito do resort. Da localização, instalações do quarto, das áreas de lazer, café da manhã e jantar (muita variedade) e do staff do hotel, que nos atenderam com muito profissionalismo e educação. Somente não gostei dos travesseiros. O que não desabona a qualidade da estadia.",10,2025-11-06 14:39:15+00,1
"Local maravilhoso.  Os profissionais de excelência,  sem deixar de citar o Yousef , profissional que nos atendia no café da manhã e no almoço.  Que pessoa gentil e colaboradora. Esperamos voltar em breve.",10,2025-11-07 00:00:00+00,1
Tudo excelente. Espero voltar logo.,10,2025-11-07 18:02:22+00,1
"A experiência com o hotel em si foi ótima, quando chegamos no quarto estava com um pouco de cheiro de mofo mas após abrir a janela já foi resolvido, os funcionários eram prestativos, a comida estava muito boa, tanto café da manhã quanto almoço/jantar, única coisa que eu acrescentaria seria um aquecedor nas piscinas, estava calor então estava suportável, mas em dias mais frescos acredito que não dê para aproveitar pois a água é bem gelada!

Outro ponto importante foi uma empresa de marketing anexo a recepção, dizem que fazem parte do grupo wish e “captam” as vítimas na saída do restaurante, achei de certa forma inconveniente, ficaram no nosso pé insistindo para assistir a tal palestra, queríamos aproveitar a programação do hotel, fomos no arvorismo e mal terminamos a programação já estavam com um carro nos esperando para assistir a tal palestra, no qual é uma verdadeira lavagem cerebral onde tentam te vender pontos para você utilizar vários hotéis da rede wish, não deixam você nem pensar, eles faz você responder tudo na pressão, depois fomos pesquisar e realmente é um golpe, ficamos decepcionados pois estávamos com grande expectativa do hotel, inclusive gravei tudo no meu Instagram e muitos seguidores vieram pedir indicações, só que depois desse episódio eu não consegui indicar o hotel! Então peço que reavaliem a posição dessa empresa “Exclusive Guest” que pegam vítimas que estão tranquilos em suas férias e fazem uma pressão, inclusive um dos vendedores foi bem grosseiro em um áudio quando disse que iríamos fazer o arvorismo e não daria tempo pra reunião, que eles tinham nos dado uma cortesia de um jantar na Argentina de 310,00 por pessoa e que não podíamos perder a oportunidade, sempre nos pressionando. Essa empresa está queimando a reputação de vocês e não indicarei o hotel por esse motivo, pois foi humilhante e decepcionante!",6,2025-11-07 23:33:51+00,0
"Lugar onde atua a Exclusive Guest, uma equipe intimidadora que passa insegurança para a sua família, onde fui acoado por uma suposta reunião com perguntas invasivas, tinha tudo para voltar mais por essa péssima experiência deixarei de indicar….",2,2025-11-07 23:40:41+00,-1
"Excelente! O funcionário Youself é espetacular, sabe realmente fazer um atendimento de qualidade! Comida maravilhosa do restaurante.",10,2025-11-08 00:00:00+00,1
"Minha experiência no Wish Resort foi excelente!
O hotel é impecável em todos os detalhes — desde o atendimento atencioso da equipe até a limpeza dos quartos, sempre muito bem cuidados. A gastronomia é um ponto alto: o café da manhã é completo e delicioso, os jantares contam com carnes nobres e o pudim é simplesmente inesquecível!
Gostei também do cuidado em pequenos gestos, como a cartinha deixada todas as noites no quarto, um toque de carinho que faz toda a diferença.
Sem dúvida, um lugar que recomendo e pretendo voltar!",10,2025-11-08 00:00:00+00,1
"Quero destacar o ótimo atendimento do Alison e da Ana no bar do hotel. 
Ambos muito atenciosos, prestativos e sempre com um sorriso no rosto. Tornaram minha estadia ainda mais agradável!",10,2025-11-08 00:00:00+00,1
" Atendimento dos funcionários excepcional. 
All inclusive muito bem servido e de excelente qualidade. 
Adoramos o café, almoço e jantar. 
O hotel é lindo, com muitos locais para fotos instagramaveis.  Faltam tomadas nos quartos, área do bar demora muito para preparar os drinks e petiscos, Internet péssima (primeiro dia sem funcionar e nos demais caindo muito).",10,2025-11-08 15:14:27+00,1
"Excelente estadia. Quero registrar meu agradecimento pelo excelente o ótimo atendimento do Yousef, ele foi extremamente atencioso, simpático e prestativo.",10,2025-11-09 00:00:00+00,1
"Excelente hotel e atendimento do Sr. Carlos é o grande diferencial no Restaurante. 

A equipe de animação sempre muito atenciosa também.",10,2025-11-09 00:00:00+00,1
"Ótimo atendimento e alimentação, principalmente do senhor Yousef! Ambiente familiar excelente e aconchegante, indico !",10,2025-11-09 00:00:00+00,1
"Из хорошего в отеле только красивая территория и еда. Завтрак разнообразный, и ужин-буфет прекрасный.
Номера маленькие, очень плохая вентиляция, в номере душно, затхлый запах, даже при открытом окне.
Вода только платная, из мини бара, комплиментарной воды нет даже в первый день.
Столики у бассейна грязные, с отпечатками стаканов
Сервис просто нулевой. Спросили переходник- его нет, может быть завтра кто-то из гостей выедет и сдаст. При этом не предложили никакого другого решения, зарядить телефон на ресепшен, предоставить переходник на несколько часов- ничего. И на другой день никто не перезвонил и не поинтересовался, решилась ли проблема. Это сервис отеля 5 звезд?
Спросили насчет воды- воды нет. При этом слева от ресепшен раположен бар, там не только наливают бесплатно воду с лимоном, там есть кулер, наполнить бутылку. Почему ресепшен об этом не знает?
Деньги поменять - нет, они этого не делают. В 5 звездах нет обмена? Серьезно? 
Вообще на любой вопрос они отвечают - нет, не можем.
Но самое главное- вокруг отеля все дороги разрыты. Это не вина отеля, однако отель обязан предупреждать о подобном. Предупреждение пришло за сутки до заезда, когда уже невозможно отменить заказ. Ни такси, ни убер не желают ехать в этот отель, мы чуть не опазадали в аэропорт из-за этого, три раза убер сбрасывал заказ. Дорога к парку водопадов, в аэропорт, в город- вместо 5-7 минут занимает полчаса, огромный объезд, пробки.  И стоит соотвественно в 3 раза дороже, чем обычно. Нормальные отели, в таких случаях организуют для гостей бесплатный трансфер, но не Виш. Они даже не извинились.
Очень не советую выбирать для проживания отель, в котором персоналу глубоко плевать на проблемы постояльцев, тем более что отель не из дешевых.",2,2025-11-09 00:00:00+00,-1
Tudo perfeito,10,2025-11-10 00:00:00+00,1
Foi uma experiência incrível! O lugar é lindo e aconchegante é tranquilo pra quem deseja descansar e ficar em paz. A comida é maravilhosa e tem muitas opções em todas as refeições. Com certeza voltarei,10,2025-11-10 00:00:00+00,1
"Amei o atendimento do Yousef! Excelente e extremamente simpatico, atento a necessidade dos hospedes. Local limpo e comida muito boa!",10,2025-11-10 00:00:00+00,1
" O Hotel tem um estilo bem legal, com casas espalhadas pelo terreno. São casas com 2 andares. Acredito que sejam aproximadamente 8 apartamentos por casa. Hotel amplo e espaçoso, mas a locomoção pelo mesmo é simples e rápida. Café da manhã bom. Adorei ter o campo de golfe. Fiquei hospedado por causa dele. Pude jogar 2 dias  Falta um pouco mais de cuidados. Estava no apartamento 1004. Torneiras do chuveiro precisando de manutenção. Espelhos dos interruptores sujos. Poderiam limpar ou trocar. O campo de golfe está mal cuidado. Precisa de manutenção. Cobram o café expresso, no café da manhã. Apesar de não ser culpa do hotel, domingo pela manhã, havia muito barulho de uma festa pelas proximidades. A musica alta ficou até as 8hs da manhã. Acredito que o hotel deveria acionar a polícia, para interferir no barulho da musica da festa.",7,2025-11-10 01:05:19+00,0
"O lugar é calmo e tranquilo. Entao se quiser muita área verde pra descansar e comer, é uma boa opção. Porém, as atividades extras são oferecidas somente em horários e são poucos, então nao vale a pena. O pessoal da recreação é bem esforçado. Alguns em especial são bem responsáveis e atendem muito bem. Mas, chamo atenção para uma atendente  mulher que estava  no espaço de recreação Kids no horário das 18:30 horas no sábado dia 08/11/25 e no domingo 09/11/25 que foi muito grossa, muito mal humorada e nos atendeu com extrema má vontade nos dois dias, beirando o desrespeito, sem nenhum motivo. Na minha opinião, a pessoa não precisa sorrir, mas respeito é bem e todo mundo gosta! Se nao gosta de trabalhar lá, ou não estava bem por qualquer outro motivo, não tínhamos culpa! Acho que o mínimo de capacidade de interagir com pessoas, é uma característica básica para alguém que trabalha em um espaço que fornece material para crianças e famílias em um resort de luxo.
Mais uma vez vou deixar anotado aqui: EXTREMAMENTE GROSSA, MUITÍSSIMA MA VONTADE SEM NENHUM MOTIVO, POIS NAO FIZEMOS NEM FALAMOS NADA OFENCIVO PARA ELA. PESSOA MAL HUMORADA E SEM CAPACIDADE PARA ESTAR NA FUNCAO QUE ESTAVA.",6,2025-11-10 06:44:57+00,0
" Gostamos de tudo. Ótima localização. 
Amamos a cordialidade dos funcionários. O café da manhã é super completo, o almoço e jantar com muitas variedades. Amei a compota de kiwi pena que não teve novamente.  Nada a declarar",10,2025-11-10 17:05:13+00,1
"O resort é lindo demais, perfeito para descansar e curtir com a família.
Os funcionários muito gentis e solícitos.

O formato em vilas estilo americana é charmoso, e o resort disponiliza condução para os quartos mais distantes.

Quanto à localização, fica bem próximo ao aeroporto. Fácil acesso às Cataratas e Parque das Aves.

A parte de alimentos do All Inclusive hiper bem servido. O que deixa a desejar um pouco são as bebidas, que demoram muito para preparar.

Fora isto, nada a reclamar.

Voltaríamos, com toda certeza.",10,2025-11-10 17:53:06+00,1
"Foi uma experiência excepcional não apenas pela estrutura e beleza do Wish, mas principalmente pelo serviço de atendimento! 
Em destaque para o sr. Youseff sempre disposto a nos atender prontamente! O Sr. Luigi também sempre gentil e cordial! O Chef Guilherme que nos recebia com um sorriso e disposto a nos apresentar o menu com maestria! 
A comida muito saborosa! Ótima academia e o serviço do bar da piscina também foi excelente!
Com certeza recomendaremos aos amigos e familiares!",10,2025-11-11 00:00:00+00,1
Hotel Maravilhoso. Gostaria se registrar também a qualidade do cuidado da camareira Leiliane que caprichou na arrumação do nosso quarto.,10,2025-11-11 10:47:39+00,1
Resort maravilhoso. Deixou saudades,10,2025-11-11 20:45:22+00,1
 Espaços  Tamanho do quarto e configuração,7,2025-11-11 21:04:56+00,0
"Uma hospedagem muito significativa nos quesitos de conforto e acolhimento. Minha nota é 10! Café da manhã sortido e sempre com bom e elegante atendimento da equipe. Meu carinho a todos que sorridentes desempenharam suas atividades sem preguiça, especial ao garçom Jorge que, todos os dias da minha estadia, desejou-me um excelente dia. É imprescindível, numa viagem de lazer ou negócio, encontrar pessoas que gostam do que fazem",10,2025-11-12 00:00:00+00,1
"Excelente, infraestrutura muito boa, funcionários educados. Nota 10 em tudo.

Acredito que devem pensar em inserir um sistema de exaustão no banheiro do quarto dos hóspedes",10,2025-11-12 00:00:00+00,1
Resort maravilhoso. Deixou saudades.,10,2025-11-12 15:43:08+00,1
"Ótimas instalações, buffet com variedades e muito saborosos, (destaque para os Chefes Gabriel e Vera).
Os quartos muito limpos, pessoal de limpeza super atencioso. Destaque para Dulce e Leiliane.",10,2025-11-13 00:00:00+00,1
"Excelente estadia. Café da manhã impecável. Estrutura e áreas externas (jardinagem, paisagismo e limpeza) incríveis.
Funcionários cordiais.
Hotel nota 10 como um todo.
Recomendo! Será minha primeira opção numa próxima hospedagem em Foz.",10,2025-11-13 10:46:34+00,1
"Excelente atención del personal, todos muy amables y respetuosos.
Como mejoras pondría a disposición, al realizar el check in el cronograma de las actividades disponibles tanto para adultos como club kids.",10,2025-11-13 17:21:49+00,1
"Gostaria de agradecer ao super atendimento do garçom yousef pelo carisma , dicas e atenção , super atencioso e muito educado",10,2025-11-14 00:00:00+00,1
 Café da manhã e almoço  A piscina coberta não estava funcionando.,10,2025-11-14 22:06:04+00,1
Uno de los mejores lugares que visite. La atencion y la predisposición de los empleados 10/10. La comida también muy rica y variada. De lo mejor.,10,2025-11-15 00:00:00+00,1
"Nos hospedamos na nossa lua de mel e foi A MELHOR ESCOLHA QUE TIVEMOS! O resort tem uma estrutura sensacional mas a diferença esta 100% atrelada ao atendimento e aqui um agradecimento especial a todos que cuidaram tão bem de nos nessa estadia especial! Simone supervisora do bar da piscina extremamente atenciosa e simpatica, o Maicon barman que alem de ser gente fina faz os melhores drinks que tomamos, Thales, a Marta guarda vidas, Marcelo, Juan Gardavidas, Alisson e especialmente o seu Edson cm uma energia maravilhosa com quem tivemos trocas sensacionais e extremamente prestativo. Todos com suas simpatias e cuidado nos cativaram.Dos restaurantes o youssef o danilo, ronaldo e no lounge principal o rodolfo! A concierge Eduarda que com maestria nos entregou sem nenhuma pretenção diferente um bônus de estadia e ao pessoal da recepção, cleiton mensageiro. Pessoal desejamos que sejam sempre esses profissionais cuidadosos e aos procurandos que lerem essa mensagem procurem essas pessoas que com certeza serao muito bem atendidos! Obrigado equipe wish.",10,2025-11-15 00:00:00+00,1
"estruta excelente, comida muito boa, limpeza impecável.
Mas o ponto alto sem dúvidas são as pessoas!
Funcionários solícitos e educados, sempre sorrindo e prontos para ajudar e atender.
Agradeço demais ao Yossef pela atenção com a nossa família, pela educação e pela disponibilidade. Nota 1000!!",10,2025-11-15 00:00:00+00,1
"Estrutura excelente. Muito verde e espaços amplos. Perfeito para descansar e estar em família! Mas o que realmente tornou a estadia especial foi o atendimento! Equipe atenciosa e prestativa, com destaque para os profissionais da academia e serviço de quarto,",10,2025-11-15 15:04:40+00,1
This is one of the nicest hotels I've stayed at this trip. If I'm ever back is this area I'll stay here again! Thank you to everyone that more my stay enjoyable,10,2025-11-16 00:00:00+00,1
"Recepção de chekin após as 18:00 foi rápida e cordial.
Quartos distantes da área comum e restaurante, com acesso por escadas sem elevador, banheiro com bom chuveiro porém manjas de mofo e sujeira entre os rejuntes, os amenities são de baixa qualidade.
Restaurante no modo buffet com várias opções mas básico.
Recepção no checkout rápida porém debochada quando solicitado retirada de itens não consumidos.
Válida experiência mas sem retorno futuro.",6,2025-11-16 00:00:00+00,0
"Amazing place, ideal for relax and families. Nice view, with gardens and delicious food.
Well located near to a shopping center.
The rooms are comfortable and the bed really good.
The clearing service is efficient, and the room is aways nice.",10,2025-11-16 15:13:36+00,1
Um dos melhores hotéis da região.,10,2025-11-17 18:39:42+00,1
"Hotel, atendimento, infraestrutura excelentes. Pena que só ficamos 4 dias. Voltaremos com certeza.",10,2025-11-18 12:29:35+00,1
"O Hotel tem uma ótima infraestrutura. Fiquei num quarto próximo ao hall de entrada e restaurantes, por causa da minha mãe que é idosa e tem dificuldade de locomoção. Os funcionários são todos muito solícitos, principalmente o Denilson que sempre nos dava carona de carrinho de golfe até a entrada do hotel.
O local do hotel deixou a desejar pelo fato de estar em obras na frente, na estrada e quem chamava uber estava com dificuldades, pois o mesmo não aceitava ir até o hotel pela dificuldade de entrar.
Os restaurantes são excelentes, mas o preço do buffet R$ 150,00 por pessoa não é razoável, muito caro.",8,2025-11-19 23:05:47+00,1
"Camareira Dulce
Muito atenciosa e muito Educada!
Sempre disponível e gentil!
Presta um serviço ótimo!
Cuidadosa e muito zelosa!",10,2025-11-21 00:00:00+00,1
"Atendimento de excelência com a camareira Dulce!
Nós atendeu com muito apreço e cuidado!
Hotel muito bem preparado para receber os hóspedes!",10,2025-11-21 00:00:00+00,1
" Gostei de tudo, cafe, quarto, localizacao, campo de golfe, atendimento do staff nota 10  Nada a declarar",10,2025-11-21 14:11:38+00,1
Wish Foz do Iguaçu Resort good Service,10,2025-11-21 17:39:40+00,1
"Excelente atendimento, especial para o Sr Jorge e a Cíntia. Que educação, difícil encontrar pessoas assim.
O quarto sempre limpo e organizado, estrutura muito bonita.",10,2025-11-22 00:00:00+00,1
"O Wish Foz DO Iguaçu é incrível! O melhor resort Family que já conhecemos. Experiência incrível, atendimento ímpar! 🥰👏👏
Gostaria de deixar registrado um elogio para o atendente Yousef (ele é maravilhoso, atencioso e muito prestativo. Os fios (as) da recreação são sensacionais. A gastronomia é impecável e a limpeza nota 10. Eu e minha família somos do Exclusive Guest e só temos que agradecer. 🩷",10,2025-11-22 00:00:00+00,1
Lugar muito lindo e tranquilo para muito descanso.,10,2025-11-22 15:23:19+00,1
 Estrutura fisica do complexo e tamanho do quarto  Serviço muito abaixo do esperado… Sem comodidades… Ausência de orientações e preparo para as dificuldades de acesso impostas pelas obras ao redor da unidade… Longe do que se espera de um “resort 5 estrelas”…,7,2025-11-22 20:01:20+00,0
"Passamos 5 dias no Wish Foz com regime all inclusive e foi uma experiência maravilhosa.

Lugar incrível, limpo, organizado, funcionários extremamente simpáticos e cordiais, atenciosos, prontos para auxiliar. Desde a recepção, até aos zeladores/governantas.

O quarto todos os dias é limpo como no check in.
A comida e bebidas são deliciosas! Variedade enorme e super bem feitas por chefes muito atenciosos.

Fomos à Foz pelo hotel e com certeza retornaremos um dia!

E elogios em especial à Ângela (restaurante) e Jefferson (recepção) pelo excelente atendimento!",10,2025-11-22 20:35:46+00,1
"Equipe em geral muito atenciosa e proativa. Quartos espaçosos e confortáveis. 
Atividades com esporte! 
Ambiente bom para ir com a família!",10,2025-11-23 00:00:00+00,1
"Estadia excelente no hotel !quero agradecer a camareira Dulce por toda simpatia e ajuda, sempre atenciosa e de bom humor!",10,2025-11-23 00:00:00+00,1
"Nossa estadia foi maravilhosa!
O hotel superou todas as nossas expectativas — o estilo das casas deixou tudo com um clima ainda mais acolhedor e familiar.
Fomos muito bem atendidos no bar da piscina, especialmente pelo Michael, que fez toda a diferença na nossa experiência.",10,2025-11-24 02:43:31+00,1
"Jantei no Golf Grill e a experiência foi espetacular.
Toda a equipe muito simpática e atenciosa e a CULINÁRIA DO CHEF GUILHERME FOI O PONTO MAIS ALTO DO NOSSO JANTAR A DOIS.",10,2025-11-26 00:00:00+00,1
"Resort maravilhoso!  O restaurante foi o que mais me surpreendeu, os funcionários gentis e atenciosos. Os pratos servidos são espetaculares e o Chef de Cozinha Guilherme é muito atencioso, simpático e com notório saber sobre culinária.  Voltarei, nem que seja apenas para jantar.",10,2025-11-26 00:00:00+00,1
"Foram reservados três quartos, para mim e minha família. Um dos quartos com goteira intermitente na patente do banheiro e problemas com o cofre, com demora para o atendimento para consertar. Somente  na segunda vez que pedi é que vieram atender. A goteira do banheiro continuou até o checkout. No outro quarto a janela não trancava. Durante dois dias qualquer pessoa poderia entrar naque ambiente.",8,2025-11-26 02:28:50+00,1
"Muito divertido é lindo fantástico, pessoal educado recriação para as criança, deixo a dica que o exclusive guest vale super a pena",10,2025-11-27 00:00:00+00,1
Risorte maravilhoso.,10,2025-11-27 09:33:55+00,1
"Cama precisa ser trocada. Está abaulada. Os travesseiros estão velhos. Os cantos do banheiro são esquecidos na limpeza. Foi preciso ir até o bar da piscina com muita frequência para conseguir ser atendido. Atendem bem, apenas circulam pouco. A verdade é que eu nunca vou voltar ai por uma razão especifica. O time que fica rondando os hospedes para apresentar uma palestrinha com o intuito de vender pacotes de hospedagens, são completamente inconvenientes. Querem arrancar o acordo mediante pressão. Nos sentimos completamente intimidados e desconfortáveis. A mulher  que estava ¨liderando¨ a venda foi desrespeitosa e não aceitava um simples ¨nao¨ como resposta.",6,2025-11-27 14:16:59+00,0
"De todas as vezes que ficamos no wish, nesta vez achamos que a gastronomia melhorou muito porém os quartos pioraram muito. 
O nosso ficou com problema na fechadura durante toda estadia, tendo que pedir pra alguém abrir o quarto, tomadas faltando no banheiro, parecia um quarto abandonado.",8,2025-11-28 00:00:00+00,1
Um hotel incrível! Com muitas opções de atividades. Café da manhã espetacular. Atendimento impecável. Elogios especiais para o garçom Youssef.,10,2025-11-29 00:00:00+00,1
"Tudo muito bom quarto impecável, café da manhã maravilhoso, atendimento perfeito, agilidade no atendimento tanto na entrada como na saída, recomendo para todos.",10,2025-11-29 00:00:00+00,1
"O hotel é ótimo, completo, com várias atividades e próximo às cataratas e Argentina. Café da manhã muito bom e o Yousef nos atendeu super bem todos os dias, sempre atencioso e prestativo.",10,2025-11-29 00:00:00+00,1
"Hotel com ótima infraestrutura e atendimento. Próximo às cataratas e ao aeroporto, possui ampla área verde, com diversas atividades. Destaque especial para o atendimento do Yousef no café da manhã, muito simpático e atencioso.",10,2025-11-29 00:00:00+00,1
"O hotel é incrível e o atendimento do Yousef no espaço destinado aos exclusivos guests transforma essa experiência em algo inesquecível, ele é gentil, atencioso, sempre muito solícito. Adoramos o atendimento e a nossa estadia no Wish Resorts.",10,2025-11-29 00:00:00+00,1
"Hotel maravilhoso, serviço impecável, profissionais excelentes e totalmente empenhados em agradar os hospedes. O Serviço do restaurante também é exemplar, qualidade e preparo dos pratos feito com muito capricho e cuidado. Passei o final de semana com a minha família e a experiência foi espetacular para todos.",10,2025-11-30 00:00:00+00,1
"Hotel maravilhoso, lindo, quartos limpos, espaçosos e confortáveis. Café da manhã servido no quarto simplesmente divino. 
Serviço impecável. Atendimento na piscina, equipe da Simone, garçom Maicon muito solicito e atencioso.",10,2025-11-30 00:00:00+00,1
"Excelente atendimento! A equipe foi muito eficiente e educada, tornando nossa experiência ainda melhor.
Em especial Kátia, Cintia, Ronaldo bar Youssef, Lucas Argentino.",10,2025-11-30 00:00:00+00,1
"Excelente experiência! 
Ótimas instalações dignas de um 5 estrelas. Café da manhã completo e me surpreendeu os benefícios por ser “EG” . local muito limpo porém o atendimento é o diferencial. 
Parabéns para o Yousef e Rodolfo (Barman). Nota 10 para ambos pela atenção e presteza. Atendem sorrindo!",10,2025-11-30 00:00:00+00,1
"Experiência incrível! 
Agua das piscinas agradável! 
Funcionários atenciosos! 
Quartos grandes e bem limpos! 
Café da manhã excelente, atendente Yousef muito prestativo, e sempre disposto, de bom humor e atencioso! 
Vale muito a pena se hospedar aqui!",10,2025-11-30 00:00:00+00,1
"Muito bem atendido pela equipe da piscina, desde o serviço de toalha ao atendimento nas mesas da equipe do amigo Ronaldo",8,2025-11-30 00:00:00+00,1
Hotel lindo!! Com excelentes acomodações e atendimento por todos os funcionários impecável!!! Comida muiiitooo boa também!!,10,2025-11-30 00:00:00+00,1
"Nossa experiência foi perfeita. Fazemos parte do Exclusive guest e sempre conseguimos hospedagem nas datas que desejamos e sempre muito bem atendidos em todos os hotéis da rede. Adoramos o sunset do dia 24/11/25 foi muito agradável. O hotel é perfeito não tivemos constrangimento com nada. Minha filha e meu enteado amaram. Foi tudo perfeito, voltaria mil vezes.",10,2025-11-30 15:29:11+00,1
Foi meravilhoso. As camareiras Dulce  e Leilane foram muito caprichosas e cuidaram muito bem nas nossas coisas e da nossa acomodação. Com certeza irei voltar,10,2025-11-30 18:02:10+00,1
"Excelente atendimento, como sempre. O serviço do restaurante é impecável e o Lucas, garçom, está sempre sorridente, atencioso e disponível para ajudar.",10,2025-12-01 00:00:00+00,1
El costo o fee para una mascota es mayor que para una persona,6,2025-12-01 00:00:00+00,0
"Pontos positivos: Lugar bonito e tranquilo, comida muito boa, piscinas bem construídas, as meninas que cuidam das crianças são muito carismáticas, a moça que acompanha os Guest Service (Brena) é muito atenciosa e nos tratou muito bem.
Pontos negativos: os quartos têm cheiro de mofo, talvez pelo fato do resort ser construído numa área de mata, os garçons da piscina ficam conversando entre si e não observam os clientes chamando, pra fazer pedidos tinha que ir até o bar, uma moça da recepção me tratou de forma grosseira parecendo estar de mal humor naquele dia, algo incompatível com a proposta do resort.
No geral, foi uma boa semana, apesar de ter ficado chateado com a forma como a moça da recepção me tratou.",8,2025-12-01 10:00:42+00,1
Excelente. Funcionários educados e  ótimo serviço prestado. A culinária estava ótima. Bons pratos é muito bem feitos. Nota 10.,10,2025-12-02 00:00:00+00,1
"Hotel com instalações muito boas !!! Mas o grande diferencial dele é a culinária ( muito saborosa) e qualidade de atendimento dos colaboradores do Hotel ( sempre gentis e prestativos).
Em síntese, a estadia foi perfeita e voltaria inúmeras outras vezes.",10,2025-12-02 00:00:00+00,1
"Local muito bonito, funcionários muito educados, atendimento excelente. A culinária estava ótima. Bons pratos e bem feitos.",10,2025-12-02 00:00:00+00,1
"Limpeza
Conforto
Atendimento
Organização
Gastronomia",10,2025-12-02 13:47:27+00,1
"Atendente Lucas muito gentil e educado 👏. Senhor Carlos também muito prestativo! Quanto ao menu, bem amplo e sofisticado, atendendo a todos os paladares.",10,2025-12-03 00:00:00+00,1
"Hotel maravilhoso, todos muito simpáticos e receptivos em especial o colega Lucas que nos atendeu muito bem … ficamos 5 dias e todos os dias foram ótimos",10,2025-12-03 00:00:00+00,1
" Comida impecável, colchão maravilhoso, chuveiro ótimo, espaço recreação para os filhos mto bom.  No quarto o banheiro era adaptado para cadeirante (não fomos avisados sobre isso), então como não existia um degrau a água escorria para o banheiro todo, o que causou transtorno.",9,2025-12-03 00:24:07+00,1
Comida sensacional !!! Funcionários do bar da piscina Maicon e Ronaldo atendem muito bem !!! Hotel superou nossas expectativas. Recomendamos para casais e famílias !!!!,10,2025-12-04 00:00:00+00,1
"Excelente hotel! A estrutura dele é magnífica, o time de eventos principalmente a Suelen são excepcionais!
Comida, atendimento e limpeza dos quartos impecáveis!
Recomendo para todos",10,2025-12-04 00:00:00+00,1
" The breakfast is fantastic. The pool area is very nice.  If you don't have a car, you have to use the hotel restaurant for dinner. It is good, but expensive. You could take a taxi to another restaurant, but at that point you might as well just eat in the hotel restaurant.",9,2025-12-04 08:41:05+00,1
Fomos muito bem atendidos pelo Ronaldo do bar da piscina. Um excelente profissional. Com certeza iremos voltar e indicar a amigos.,10,2025-12-05 00:00:00+00,1
 La distribución y las instalaciones  La atención del personal de servicio en la zona de la piscina es pésimo!,10,2025-12-05 00:02:53+00,1
"Uma experiência muito boa no geral, a camareira leiliane nos atendeu super bem em diversos momentos!",10,2025-12-05 13:23:55+00,1
"Sem sombra de dúvidas, o melhor Hotel em Foz do Iguaçu, próximo a grande maioria dos atrativos da cidade. Lugar muito tranquilo e interação direta com a natureza. Longe dos barulhos urbanos que tanto incomodam. Sobre as acomodações, quartos excelentes e de alto padrão, com camas maravilhosas e chuveiros espetaculares. Conta com uma grande variedade de comidas e bebidas, serviço 24h, além de diversas formas de entretenimento no local. Recomendo demais o Hotel Wish, já havia me hospedado no Wish Natal, e a experiência foi tão boa quanto em Foz do Iguaçu, e certamente retornarei.",10,2025-12-05 20:20:33+00,1
"Viemos com frequência ao Wish e novamente estava perfeito. Estrutura, natureza, sem excessos de som (ao contrário de outros hotéis/resorts brasileiros, em geral barulhentos e agitados). Excelentes serviços de todosc recreação, bar da piscina. Obrigado ao Yousef pelo atendimento 5 estrelas no café do EG.",10,2025-12-06 00:00:00+00,1
"Muito maravilhoso atendimento, de verdade que empresa top, sem contar o atendimento dos bar mens muito top mesmo parabéns",10,2025-12-06 00:00:00+00,1
"Excelente atendimento.
Quero destacar aqui o Atendimento e recepção do Yousef, quanta educação respeito e dedicação ao trabalho.
Parabéns obrigado e até breve.",10,2025-12-06 00:00:00+00,1
"Top demais, ótimo atendimento..........................................................................",10,2025-12-06 00:00:00+00,1
Tio chan muito bom adorei  a brincadeira,10,2025-12-06 01:34:01+00,1
Excelente!!! Animación muy buena y excelente lugar. Tío perna longa-tío scooby-tío potter-tio Bahiano y chan,10,2025-12-06 01:42:14+00,1
 الغرفة حلوة ومرتبة والمنتجع موقعه ممتاز وفيه نظام فلل مع احواض سباحة للعلم كل فنادق البرازيل فيها هوز تكرمون بالحمام 👏🏽  يحتاج تجديد بعض الأثاث,9,2025-12-06 16:41:58+00,1
Top esse resort eu recomendo dias incríveis que passei la esses dias vao fica na minha memória e se Deus permitir voltarei mais vezes,10,2025-12-07 00:00:00+00,1
"Todo bien,la tv muy pequeña",8,2025-12-07 00:00:00+00,1
"Muito bom a experiência, com agradecimento a toda equipe do Wish em especial a Simone Bares. Toda a minha equipe em geral estamos satisfeitos.",10,2025-12-07 00:00:00+00,1
"Ótimos atendimento além das dependências muito bem limpas.
Refeições muito bem preparadas e muita variedade, garçom bem prestativos!
Recomendo",10,2025-12-07 00:00:00+00,1
"Tive uma experiência muito boa, com destaque no atendimento Daniele no café da manhã e do Yousef no bar da piscina, ambos muito educados e prestativos.",8,2025-12-08 00:00:00+00,1
Great and good service. Food is tasty and there are lots of options to choose from. Workers are always available and willing to assist you.,10,2025-12-08 00:00:00+00,1
"Local maravilhoso, ambiente lindo , confortável, com atendimento de excelência, super seguro para todos ! Super indico para todos !",10,2025-12-08 00:00:00+00,1
"Lugar maravilhoso, excelente para recarregar às energias, instalações e qualidade de serviço impecável desde a recepção até o atendimento na piscina, comida maravilhosa, um elogio especial para o gerente Cássio, que além de simpático e muito educado , nos atendeu prontamente quando solicitamos.",10,2025-12-08 00:00:00+00,1
"Almoço incrivel, ambiente super limpo e gostoso
Day use perfeito c/ direito a DJ e banda !!
Amamos esperamos voltar logo!",10,2025-12-08 00:00:00+00,1
"Recepcionistas muito educados e receptivos, almoço maravilhoso, garçons muito atenciosos desde o restaurante até os da piscina.
O gerente de plantão foi bem receptivo e cordial, o sr Cássio. 
Foi um Day use maravilhoso com as amigas.",10,2025-12-08 00:00:00+00,1
 La atención amable de los trabajadores.  El baño se ha quedado antiguo,10,2025-12-08 10:23:59+00,1
"Ambiente tranquilo e staff super atencioso.
O espaço é enorme, mas é só ligar que há um transporte para levar os hóspedes a todas as dependências. Do nosso quarto ao restaurante são 8 minutos de caminhada, mas ligando, em menos de 1 minuto já estávamos lá.
O restaurante é excelente, tanto as comidas, quanto os funcionários. Serviço 5 estrelas.",10,2025-12-09 00:00:00+00,1
"O atendimento do hotel impecável, todas as aéreas muito limpas e organizadas, limparam o quarto sempre com muita agilidade, as comidas sempre com muita variedade",10,2025-12-09 00:00:00+00,1
"minha experiencia no hotel foi sencacional simplismente inesplicavel
sem polavras, tanto na comida, quanto nos funcionarios o gerente Kenji super atencioso em toda nossa estadia, Indocarei e indico muito o Wish foz, pra mim ate hoje foi o melhor hotel de todos!  sem contar a beleza do hotel que é extraordinaria",10,2025-12-09 00:00:00+00,1
"Hotel perfeito , amei cada detalhe 
Alimentação perfeita 
Colaboradores super educados , atenciosos 

O melhor hotel que já fui ❤️",10,2025-12-09 00:00:00+00,1
"Experiência incrível , lugar perfeito 
Funcionários muito educados ,Fomos muito bem atendido pelo Gerente Kenji ,muito atencioso e educado ,excelente profissional ,culinária espetacular , estão de parabéns 
Experiência incrível .",10,2025-12-09 00:00:00+00,1
"Ótimo hotel , recomendo",10,2025-12-09 10:45:40+00,1
 Sehr Gutes Frühstück und auch die anderen Mahlzeiten sehr lecker. Sehr gepflegte Hotelanlage. Freundliches Personal. Kommen gerne wieder.  Alles gut.,9,2025-12-09 11:44:51+00,1
" La cama, el cuarto en sí. La piscina",10,2025-12-09 15:02:01+00,1
Nossa estadia foi muito tranquila. Tivemos todo o suporte da equipe que nos direcionou. Esperamos retornar para poder aproveitar ainda mais do hotel.,10,2025-12-10 00:00:00+00,1
"Muito bom atendimento, muito bem servido, graçao que nos atendeu muito atencioso e o pessoal do EQ também nos atenderam super bem.",10,2025-12-10 00:00:00+00,1
"Somos hóspedes desse resort desde 2019, e agora viemos com toda família,  e sentimos as críticas dos filhos e netos quanto a falta de piscina aquecida, piscina coberta, academia e área infantil mais próxima, e como choveu quase dois dias, acabou confinando todos ...mas a parte gastronômica compensou, é ótima!!!!",8,2025-12-10 09:28:53+00,1
"hotel muito bom, recomendo, um final de semana inesquecivel, otimo atendimento, comida com muita variedades, quartos bem limpos, quero voltar novamente.",10,2025-12-10 12:00:30+00,1
 Piscinas ótimas  o valor fixo da refeição no restaurante principal poderia ser mais amigável para crianças.,10,2025-12-11 13:33:31+00,1
"Nossa estadia em viagem familiar foi excelente no hotel. Não utilizamos os serviços de recreacao para as crianças, mas ok pois tínhamos programado passeios durante o dia em Foz do Iguaçu. Para nossa familia o serviço de alimentação é sempre ponto principal pois temos uma questão de alergia grave e a tratativa foi com muita seriedade, gentileza e delicadeza para nos sentirmos seguros em todos os momentos.
Ainda poderiam ter mais um ou outro ponto de atenção, mas foi das melhores tratativas que tive em hoteis no Brasil e no exterior. Agradeço imensamente à equipe, aos chefs Guilherme e Eron, a nutricionista Debora, aos maitres e serviço de salão.

Tivemos uma abordagem bastante insistente para a venda do Programa de Ferias, que não foi muito legal.",8,2025-12-11 15:25:04+00,1
" O hotel é lindo. Quartos confortáveis. Personal. Com poucas pessoas. Quadra de tênis. Piscinas.
Bom restaurante.  Não tem piscina coberta. Dias de chuva sem opções. Queríamos fazer arborismo, mas só funcionava em alguns dias. As opções de lazer poderiam ser disponíveis todos os dias.",9,2025-12-12 13:35:58+00,1
"Sensacional… comida maravilhosa ..

A Melhor comida de todas que já comi .
Uma verdadeira experiência .
Chef. Gui vc está de parabéns, e muito obrigado pelo carinho de ter vindo pessoalmente, nos oferecer o pudim😋😋😋",10,2025-12-13 00:00:00+00,1
"Uma recepção ,maravilhosa ,uma maravilhosa comida mais que excelente ,que tive o privilégio de conhecer o cozinheiro de mãos abençoadoras , por nome de Guilherme 

Chefe Gui Parabéns pelo maravilhoso trabalho",10,2025-12-13 00:00:00+00,1
"O hotel é muito acolhedor. Todos os funcionários são extremamente prestativos e educados,  A gastronomia do hotel é encantadora, com pratos muito bem elaborados e com bastante diversificação.
O que poderia haver, na minha opinião, era uma atenção maior para o enxoval de toalhas nas casas. Pelo estilo e capricho do hotel, as toalhas poderiam ser de uma qualidade melhor. De resto, foram dias incríveis no hotel.",10,2025-12-13 09:29:53+00,1
"Bom custo benefício
Solução dos eventuais problemas não é tão rápido, mas a grande meioria dos colaboradores são muito bons",10,2025-12-13 15:53:08+00,1
"Muito bom, mas poderiam atualizar a estrutura",10,2025-12-13 20:15:20+00,1
"Primeira vez a experiência está sendo ótima, principalmente o funcionário Jorge, serviço que quarto e limpeza perfeitas.",8,2025-12-14 00:00:00+00,1
Excelente infra e servico. Ligar lindo. Minha familia ficou extremamente bem impressionada. Recomendo o hotel. Voltarei certamente no futuro,10,2025-12-14 00:00:00+00,1
"Alisson do bar é um excelente funcionário, além de realizar as melhores bebidas, atendimento top!! O cara além de ser muito simpático realiza as melhoras bebida do hotel",10,2025-12-14 00:00:00+00,1
"Incrível, voltaremos sempre🙏🏻❤️😎
O barman Alisson, que fica na parte de cima perto da recepção foi incrível. A caipirinha dele é SURREAL de maravilhosa ❤️😎",10,2025-12-14 00:00:00+00,1
"Alisson, equipe do lobby,  muito atencioso ! O hotel é excelente! Preços da alimentação um pouco acima da média . Os quartos merecem um pouco de reparos. Infraestrutura do hotel grandiosa!",10,2025-12-14 00:00:00+00,1
A infraestrutura do evento foi aconchegante e intimista. O buffet servido no restaurante foi estratégico e evitou barulhos desnecessários.,10,2025-12-14 00:00:00+00,1
 Struttura eccellente sotto ogni profilo. Vegetazione meravigliosa tenuta benissimo. A due passi dalle cascate e dall'aeroporto.,10,2025-12-14 00:22:48+00,1
Otimo Resort indico para todos que quiserem desfrutar de ótimos dias de descanso. Estão construindo piscina térmica que nao tem ainda .E a academia é longe .Vai melhorar quando trouxerem academia pra perto e acabarem a piscina térmica,10,2025-12-14 00:53:40+00,1
"Excelente atendimento, realizamos a nossa Confraternização do Ano da Descomplica Uniamerica, no salão Iguassu II, e foi tudo maravilhoso, a comida estava excelente. Todos os serviços prestados de alta qualidade. A nossa festa foi Maravilhosa!!!",10,2025-12-15 00:00:00+00,1
"Gostamos! Mas a pessoa tem q ter o perfil que gosta de ficar em resort na piscina com música alta e bebida. 
Achamos poucas atividades para crianças com 10 anos e mais. Atividades direcionadas para crianças pequenas e também misturadas com crianças pequenas. 
Várias atividades como escalada e arvorismo estavam fechadas no período. 
Na hora de reservar tem q verificar antes se as atividades que eles divulgam estarão disponíveis na data da estadia. Para não gerar muita frustração. A parte de piscinas é legal e as piscinas menores ao redor dos quartos são as melhores. Água mais fresca. 
Tem que se organizar e agendar para aproveitar as atividades, yoga sala de jogos e quadras.
Talvez para crianças menores seja mais adequado. As minhas tinham 10 e 12 gostaram mesmo dos passeios fora do hotel. 
A estrutura é muito boa, mas nem tudo é fácil de utilizar.",8,2025-12-15 00:00:00+00,1
"Gostaríamos de parabenizar e agradecer a toda a equipe do hotel pelo excelente trabalho. O atendimento foi impecável do início ao fim, sempre com muita atenção, cordialidade e profissionalismo.
A gastronomia superou as expectativas: pratos muito bem servidos, saborosos e de ótima apresentação, com destaque especial para a sobremesa, que foi simplesmente deliciosa.
O ambiente climatizado, confortável e bem organizado contribuiu para uma experiência ainda mais agradável para todos os convidados.",10,2025-12-15 00:00:00+00,1
"Foi excelente, atendimento, gastronomia, ambiente, todo de melhor, recomendo.",10,2025-12-15 13:37:18+00,1
" - Café da manhã com várias opções.
- Ambiente diferente.
- Área do hotel bem grande  - Atendimento da equipe
- Área comum afastada
- Temperatura da piscina muito fria",5,2025-12-15 13:47:48+00,0
"A comida maravilhosa, o atendimento impecável, profissionais educados, atenciosos e comprometidos. Experiência incrível. 
Parabéns!",10,2025-12-16 00:00:00+00,1
"O local parece um condomínio americano com casa lindas onde famílias podem hospedar se como se estivesse em sua casa, tudo isso próximo ao parque nacional do Iguaçu. Restaurantes com pratos requintado elaborados por chefes  bem treinados, com servico e atendimento impecável e as diárias com preços acessíveis e honestos, para os pais poderem relaxar, tem o serviço de SPA, academia e espaços ao ar livre  para as crianças brincarem com  munitores. O hotel fica próximo as principais atrações turísticas da cidade, como cataratas do Iguaçu, Aquário de Foz recém inaugurado, parque das aves e outros.
Recomendo o Hotel Wish, para quem quer ter momentos maravilhosos coma a família.",10,2025-12-16 09:31:57+00,1
" A estrutura do hotel é realmente muito boa, as piscinas espalhadas próximo aos quartos são muito interessantes para quem não quer ficar no meio da bagunça da piscina grande. Acredito que após o termino das reformas e criação da piscina aquecida, será melhor ainda para aproveitar nos dias que não tiverem um clima quente. A localização é excepcional, os principais pontos turísticos ficam há poucos minutos de carro (mesmo com a reforma das vias ocorrendo). A equipe é muito cordial e fornece dicas valiosas para o deslocamento dos turistas.",10,2025-12-16 13:22:38+00,1
" O hotel é muito bonito, com localização próxima do aeroporto e das cataratas.  Muito barulho no quarto, de outros hóspedes e de camareiras arrastando móveis no andar de cima.",7,2025-12-16 18:55:37+00,0
" Hotel com boa localização na Avenida das Cataratas, um lindo campo de golfe, buffet do restaurante com grande variedade de pratos frios e quentes (com destaque para as pizzas no jantar, feitas na hora e aceitando pedidos de sabores). Apesar de ser um resort para família, ainda assim é um local tranquilo. Grande área verde ao redor do hotel. Bom atendimento dos funcionários, bastante prestativos (exceto da recepção).  O restaurante à la carte poderia ser melhor e a (falta de) cordialidade dos atendentes da recepção não condiz com o que vimos de atendimento em outras áreas do hotel. Todos os atendentes da recepção, e não foram poucos (pois a hospedagem foi de uma semana) se esforçavam para não atender bem. 

Como não tem campo de sugestões, deixo aqui: poderiam tem brunch como parte do cardápio. Mas é só sugestão, não é uma reclamação.",8,2025-12-16 23:47:21+00,1
Lugar maravilhoso!,10,2025-12-17 14:30:32+00,1
"Pizzas impecáveis. O Chef Zaquel é o exemplo perfeito de que o verdadeiro talento caminha lado a lado com a humildade. Além de um pizzaiolo excepcional, sua generosidade e o cuidado com cada cliente fazem toda a diferença na experiência.",10,2025-12-18 00:00:00+00,1
"Hotel muito grande e lindo, tem recreação para as crianças, campo de golfe, comida e quartos excelentes, é um elogio especial ao Tio Potter que foi muito atencioso, esclareceu todas as nossas dúvidas e sempre com um sorriso no rosto. Voltaremos com certeza",10,2025-12-18 00:00:00+00,1
Amazing,10,2025-12-18 00:00:00+00,1
"Mais do que pratos impecáveis, encontramos aqui um ser humano admirável. O chefe de cozinha "" Zaquel"" demonstra um profissionalismo ímpar aliado a uma humildade rara e um coração enorme. A paixão pelo que faz transparece em cada detalhe, desde os sabores até o cuidado com os clientes. Uma experiência que vai além da gastronomia — é sobre acolhimento, respeito e excelência.",10,2025-12-18 00:00:00+00,1
"Gostamos bastante do hotel, espaço, comida, recreação, atendimento. Entretanto no checkout fomos atendidos de forma grosseira, rude e sem vontade nenhuma, dava a impressão que nós estávamos incomodando o funcionário cujo nome é Jorge Kieling.",10,2025-12-18 14:24:12+00,1
Quarto e atendimento dos funcionarios,8,2025-12-19 00:00:00+00,1
"Bem mais ou menos, esperava muito mais, a comida do hotel parece reste de onte! Sem sabor ! Sem graça, alguns pratos se salvam.
Oque vale no ""resort"" olhar o campo de golf porque jogar só pagando.
Piscina a maioria dos hotéis medianos em foz tem.
Pelo preço cobrado em tudo deveria ser muito melhor.
Tenho que dar parabéns a equipe que é extremamente ate atenciosa, de resto não vale o valor",6,2025-12-19 01:09:29+00,0
"Mais do que pratos impecáveis, encontramos aqui um ser humano admirável. O chefe de cozinha ""Zaquel""demonstra um profissionalismo ímpar aliado a uma humildade rara e um coração enorme. A paixão pelo que faz transparece em cada detalhe, desde os sabores até o cuidado com os clientes. Uma experiência que vai além da gastronomia — é sobre acolhimento, respeito e excelência.",10,2025-12-19 01:41:25+00,1
"Pizzas impecáveis. O Chef Zaquel é o exemplo perfeito de que o verdadeiro talento caminha lado a lado com a humildade. Além de um pizzaiolo excepcional, sua generosidade e o cuidado com cada cliente fazem toda a diferença na experiência.",10,2025-12-19 01:50:49+00,1
"Excelente jantar temático italiano, chef Guilherme e equipe (Garçom Fernando)  estão de parabéns, Tudo muito bom e atendimento cinco estrelas.",10,2025-12-20 00:00:00+00,1
"Estadia maravilhosa, lugar lindo, agradável e atendimento excelente principalmente de Izaura, Katia e Ernandez! Izaura e Katia ainda nos proporcionaram lindo almoço de comemoração aos 50 anos de casamento que comemoramos! Comida tb muito boa! 
Somente sugiro não colocar música na piscina.",10,2025-12-20 00:00:00+00,1
O novo chef de cozinha é talentoso e muito simpático. Seus pratos refletem sua alegria e amor pelas panelas. O cardápio variado e equilibrado agrada diferentes paladares.,10,2025-12-20 00:00:00+00,1
"Uma noite italiana maravilhosa. Chefe Gui ,maitre Fitbool, garçom Fernando e equipe. Obrigada por nós, proporcionar esses momentos.",10,2025-12-20 00:00:00+00,1
"Excelente atendimento, ambiente ótimo,comidas perfeitas e sem falar da noite italiana perfeita com o chefe Guilherme e sua equipe em geral e com o metre fitbool",10,2025-12-20 00:00:00+00,1
"Um dos melhores resorts que já ficamos, cuidaram super bem de todos nós, a comida é uma delícia começando do café da manhã até o jantar. Os servidores são super atenciosos e gentil principalmente a Ângela e a Izaura foram super atenciosas e sempre fazendo o melhor para nos agradar. Super recomendo o Wish in Foz do Iguaçu.",10,2025-12-20 12:57:07+00,1
"Ótima estrutura e quartos.

Café da manhã muito bom. Perto de tudo para fazer em foz.

Hotel precisa providenciar aquecimento da piscina.

Preços um pouco mais caros que o normal.",10,2025-12-21 00:00:00+00,1
"Tivemos uma experiência excelente nessa semana, um lugar lindo aconchegante perfeito para descansar e desfrutar de boas companhia.

Vou deixar meu sincero elogio ao Yousef, tivemos a alegria de tê-lo nos acompanhando em nossos cafés durante toda essa semana, sempre mt prestativo e com um sorriso amigável em seu rosto, iniciamos todos os nossos dias com esse bom astral de bem estar e alegria desse querido rapaz, retornamos assim que possível, será mt bom reencontra o Yousef, sabemos que independente de qual será sua função quando voltarmos, temos a certeza de que ele a fará com mestria e com o mesmo sorrisão amigável em seu rosto.

Obs: se puder deixar alguma sugestão de melhoria, a a anemia poderia ser bastante melhorada apenas com a troca de equipamentos usando o mesmo espaço, a academia do wish serrano e de longe a melhor do grupo, se puder chegar próximo ao que eles tem lá, esse resort ficará perfeito, em minha opinião pessoal é claro.

Em resumo, foi uma ótima escolha passar o aniversário de 13 anos de casado aqui, com certeza serão lembradas com mt carinho e alegria ao longo de nossas vidas.",10,2025-12-21 00:00:00+00,1
"eu amo esse hotel! O cafe da manha é maravilhoso! 
 Gostaria de deixar um elogio especial à nutricionista Débora. Tenho alergia alimentar e, infelizmente, em muitos hotéis esse assunto não recebe a devida atenção, apesar de ser algo muito sério 
A Débora foi extremamente atenciosa, solicita e profissional, se dispondo a organizar refeições separadas e adequadas às minhas restrições, sempre com cuidado e preocupação genuína. Esse tipo de atenção faz toda a diferença na experiência no resort e traz muita tranquilidade para quem convive com alergias alimentares.

Parabéns pelo excelente trabalho e pela sensibilidade com algo tão importante!",10,2025-12-22 00:00:00+00,1
"Funcionários prestativos, educados, comida boa e variada. Tudo excelente . Funcionario Jorge do restaurante muito prestativo e educado, fomos muito bem atendidos por ele. Na limpeza do quarto funcionária Dulce foi excepcional, perfeita!",10,2025-12-22 00:00:00+00,1
"Good hotel, clean rooms, lots of nice pools and beautiful gardens. The buffet breakfast was included and offered a really good spread. The dinner and lunch menu is expensive.

Ubers from the hotel range from 30-70R$",8,2025-12-22 18:03:09+00,1
" O hotel é bem cuidado na sua maioria, mais esperava muito mais de um ""Resort"" tem cara de um hotel 3.5 estrelas grande.  Bem mais ou menos, esperava muito mais, a comida do hotel parece reste de onte! Sem sabor ! Sem graça, alguns pratos se salvam.
Oque vale no ""resort"" olhar o campo de golf porque jogar só pagando.
Piscina a maioria dos hotéis medianos em foz tem.
Pelo preço cobrado em tudo deveria ser muito melhor",6,2025-12-22 19:55:18+00,0
"Ótimas experiências sempre,atendimentos impecáveis e atenciosos ,Yousef é um ótimo garçom e atendente,muito gentil e prestativo",10,2025-12-23 00:00:00+00,1
"Perfeito esse hotel! Café da manhã maravilhoso. 

Gostaria de deixar um elogio especial para a nutricionista Débora!
 Tenho alergia alimentar grave, e a Débora foi extremamente atenciosa e solicita. Se propôs a fazer refeições separadas para mim. Isso faz total diferença na minha segurança e conforto! Obrigada pela atenção e cuidado! Voltarei no hotel com toda certeza",10,2025-12-23 00:00:00+00,1
"Foram dias inesquecíveis cheios de paz, tranquilidade e nem estar. A Equipe completamente resolutiva gentil e atenciosa para propiciar a melhor estadia da vida. Quero destacar alguns dos nomes que gravei: Franciele e giovanna bliss,
Simone supervisão, Marcelo bar, Lucas café * sugerir migrar p Sala Vip, Ely governança,
Danielle tapiocas, Shirley Thiago e Anderson EG,
Diego e Ronaldo piscina
Marçal , Vinicius almoço e jantar,Joasef . Destaque para o Clayton que sensibilizado com as limitações físicas minhas e de meu esposo  fez um pequeno tour pelas encantadoras áreas do resort onde fiz belíssimas fotos para registro desse passeio memorável.  A culinária impecável. Piscina limpa. Toda orientação em relação a deslocamentos, sugestão de passeios e afins. Nota 1000!!!uma semana passou voando... Queremos voltar.",10,2025-12-23 00:00:00+00,1
"melhor hotel de foz!! melhor café da manha
Gostaria de deixar um elogio especial à nutricionista Débora. Tenho alergia alimentar e, infelizmente, em muitos hotéis esse assunto não recebe a devida atenção, apesar de ser algo muito sério

A Débora foi extremamente atenciosa, solicita e profissional, se dispondo a organizar refeições separadas e adequadas às minhas restrições. Esse tipo de atenção faz toda a diferença na experiência no resort e traz muita tranquilidade para quem convive com alergias alimentares.

Parabéns pelo excelente trabalho e pela sensibilidade com algo tão importante!",10,2025-12-23 03:12:40+00,1
"Foram dias inesquecíveis cheios de paz, tranquilidade e nem estar. A Equipe completamente resolutiva gentil e atenciosa para propiciar a melhor estadia da vida. Quero destacar alguns dos nomes que gravei: Franciele e giovanna bliss,
Simone supervisão, Marcelo bar, Lucas café * sugerir migrar p Sala Vip, Ely governança,
Danielle tapiocas, Shirley Thiago e Anderson EG,
Diego e Ronaldo piscina
Marçal , Vinicius almoço e jantar,Joasef . Destaque para o Clayton que sensibilizado com as limitações físicas minhas e de meu esposo fez um pequeno tour pelas encantadoras áreas do resort onde fiz belíssimas fotos para registro desse passeio memorável. A culinária impecável. Piscina limpa. Toda orientação em relação a deslocamentos, sugestão de passeios e afins. Nota 1000!!!uma semana passou voando... Queremos voltar.",10,2025-12-23 11:33:26+00,1
" Melhor all inclusive! Os pedidos são iguais aos dos hóspedes que não estão no regime allinclusive! Bebidas geladas, drinks excelentes, comida muito boa e variada!!!  As instalações são um pouco antigas, nosso black-out estava cheio de ""frestas"", os travesseiros são grandes, mas desconfortáveis! Poderiam incluir espumantes moscatel no all inclusive, visto que há bruet que é mais caro que o moscatel....",8,2025-12-23 15:58:07+00,1
" As instalações de resort , com campo de golf",10,2025-12-23 16:33:35+00,1
"O hotel chama atenção por si só e já causa uma ótima primeira impressão. Instalações amplas, bem conservadas, limpas e visualmente bonitas. A equipe toda é muito preparada, educada e prestativa. Quarto de bom tamanho, com ar condicionado potente, ótima mobília e banheiro com espaço grande de chuveiro. Refeições (no meu caso café da manhã e jantar ou meia pensão) com muita variedade de alimentos, tudo muito fresco e bem preparado.",10,2025-12-24 00:00:00+00,1
"Fomos muito bem atendidos principalmente pela Izaura no restaurante. Chegamos cansados e ela nos atendeu muito bem inclusive explicando melhor a meia pensão. Outra pessoa muito bem humorada e solicita foi a Francisca que cuidou muito bem da arrumação e limpeza de nossa habitação. Finalmente gostaria de ressaltar o serviço do (Delacosta, não é exatamente este nome. Parecia ser um nome alemão) que cuidou com muita presteza e rapidez de nossas malas no checkout. A equipe está toda de parabéns mas queríamos ressaltar o trabalho desses três funcionários",10,2025-12-24 01:27:10+00,1
"Muito confortável. É possível melhorar em alguns detalhes: música da piscina em volume mais baixo, orientação para as camareiras não tentarem entrar no quarto com os hóspedes ainda dormindo...",10,2025-12-24 07:21:07+00,1
Ótimo resort,10,2025-12-24 11:52:30+00,1
"Nossa hospedagem em Foz do Iguaçu, foi durante o período de Natal, foi simplesmente excelente! Estava viajando com minha esposa e amigos e nos sentimos muito bem acolhidos. O serviço de limpeza foi impecável, sempre tudo organizado e cheiroso, graças ao cuidado e atenção da Dulce, que mandou muito bem todos os dias em que ficamos hospedados. Também não posso deixar de elogiar o Igor, mensageiro super atencioso, sempre prestativo e com um atendimento nota 10, fazendo questão de ajudar e deixar a minha estadia ainda mais agradável. Quando o hotel conta com profissionais assim, a experiência fica completa. Com certeza voltaremos!",10,2025-12-24 11:54:55+00,1
Hotel excelente.  Restaurante e equipe espetacular.  Cuidado e atenção conosco. Parabéns a todos. Recomendo as famílias e aos casais. Parabenizarei a agência em nosso retorno à casa.,10,2025-12-25 00:00:00+00,1
"Hotel muito bonito, quarto confortável e serviço impecável. Vale o investimento na qualidade. Pegamos meia pensão, e além da flexibilidade de eventualmente trocar jantar pelo almoço, a comida do Chef Guilherme é maravilhosa. Variedade e sabor, produtos de qualidade. Ficamos muito satisfeitos.",10,2025-12-25 00:00:00+00,1
"Local muito bonito e amplo. Excelente café da manhã, almoço e jantar. Equipe muito competente e prestativa. Quarto espaçoso e confortável.",10,2025-12-25 00:00:00+00,1
"Atendimento do garçom Yosef é diferencial no café da manhã do Exclusive Guest. Muito atencioso nos detalhes, sempre sorridente e prestativo.",10,2025-12-26 00:00:00+00,1
"Foi uma experiência muito agradável , todos sempre solicitos mais em especial a dois funcionários Romário e a leiliane que não mediram esforços para deixar todos confortáveis e atender aos pedidos",10,2025-12-26 00:00:00+00,1
"Ótimos espaços.
A colaboradora Leiliane é mto simpática.  A alimentação é excelente e o atendimento geral é muito bom..",10,2025-12-26 00:00:00+00,1
"Resort muito bom para encontro de familiares e amigos, muitas piscinas , espaço e verde.. restaurante bom com muita variedade .. as crianças são bem cuidadas pela recreação..",10,2025-12-26 00:00:00+00,1
"Uma pessoa muito gentil e simpática, com um otimo serviço!! Se o mundo tivesse mais pessoas assim ele seria outro! Ela é super educada e competente!",10,2025-12-27 00:00:00+00,1
"Passamos a semana de 20 à 27 no Wish Foz do Iguaçu, ficamos próximos à piscina pequena,  no caminho do Kids Club, foi tudo muito bom e tranquilo.  A gastronomia daqui é um capítulo à parte, tudo cuidado para atender bem, funcionários bem treinados e educados facilitam o dia. No café da manhã um destaque é o colaborador Yussef cuja dedicação merece elogios.",10,2025-12-27 00:00:00+00,1
muito gostoso!! a Francisca é a melhor me ajudou muito e deixou tudo muitoo arrumadinho e bonito e cheiroso dla e maravilhosa!!!!!,10,2025-12-27 00:00:00+00,1
"Buffet de comidas muito bom, bem variado e não enjoa
Chef zaquel muito bom
Recepção muito atenciosa especialmente a emilia",8,2025-12-27 00:00:00+00,1
"Fiquei impressionada com a agilidade e qualidade do serviço de limpeza dos quartos
Queria agradecer a Leiliane que cuidou da limpeza do nosso quarto com tanta prontidao e carinho!
Obrigada!!!!",10,2025-12-27 13:13:49+00,1
"Tivemos uma ótima experiência: as instalações são muito limpas, bem organizadas e há atividades diárias para toda a família. Gostaríamos de agradecer especialmente ao Geovane R., do restaurante, pela agilidade e organização no atendimento, e ao Alex, da equipe de recreação, pela excelente condução das aulas e atividades. Certamente indicaremos o hotel.",10,2025-12-28 00:00:00+00,1
"Muito boa, a sra Emília da,recepção foi muita simpática e atenciosa, o garçom Jorge me atendeu super bem muito atencioso parabéns a todos",10,2025-12-28 00:00:00+00,1
"Atendimento excelente.
Principalmente pelo Garçom Jorge e pela recepcionista Emilia. Tornaram a experiência muito mais autentica e confortável",10,2025-12-28 00:00:00+00,1
" Staff was very helpful and supportive.  The room smelled of mold, there was water leaking in the toilet.
The hotel needs a net in the windows and doors. 
The restaurant had good food but I found mosquitos and flies over the food quite often.",7,2025-12-28 12:24:08+00,0
"Tudo ótimo,fui bem atendido na portaria checkin com tudo muito bem esclarecido.Quarto e hotel maravilhoso.Vale muito a pena",10,2025-12-29 00:00:00+00,1
"Ótimo atendimento,  enquanto estive hospedada com minha família e não posso esquecer de agradecer o Ronaldo   Do bar da piscina que  fez toda diferença no atendimento ..🙏 gratidão",10,2025-12-29 00:00:00+00,1
"MUITO BOM, COMIDA OTIMA, PESSOAL MUITO SOLÍCITO.",8,2025-12-29 11:25:47+00,1
" Wunderschöne, sehr große Anlage, sehr grün und schön gebaut, ruhige Lage, gute Ausstattung, viele Möglichkeiten (ua Pool, Tennis, Fitness, Räder)  Restaurant ungemütlich und ähnlich einer Bahnhofshalle, Zimmer nicht besonders schön, Pool zu warm und etwas trüb, für einen Espresso oder Mineralwasser in der Früh bezahlt man extra…etwas lieblos in Summe",8,2025-12-29 11:26:49+00,1
"Passamos o Natal no hotel e ficamos impressionados com o atendimento, a variedade e qualidade das comidas. Além dos dias após a festa em que tudo permaneceu impecável. Ficamos no sistema all inclusive e recomendo!",10,2025-12-29 21:03:55+00,1
"Gostaria de elogiar o tio marreco do hotel! Muito atencioso, animado e dedicado. Tornou nossa estadia ainda mais divertida e especial. Parabéns pelo excelente trabalho!",10,2025-12-29 23:01:09+00,1
"Pessima
Minha esposa foi picada por marinbondos, pedi ajuda, e me negaram
Tinha uma casa de marimbondos em cima do meu quarto",2,2025-12-29 23:15:37+00,-1
"Passamos dias incríveis no wish de foz do Iguaçu. Já perdi as contas quantas vezes viemos aqui, e certamente voltaremos. Um lugar incrível para descansar com a família, com várias piscinas, muitas atividades e comida. Um agradecimento especial para a equipe de limpeza, em especial para a Dulce, muito atenciosa com todos. Os quartos sempre impecáveis. Limpeza acontecia cedo e sempre atentos aos detalhes.",10,2025-12-30 00:00:00+00,1
"Excelente atendimento. Limpeza 100%, parabens a Dulce que cuidou do nosso quarto, deixou sempre tudo organizado e muito limpo. Instalações excelentes, buffet maravilhoso.",10,2025-12-30 00:00:00+00,1
"fiquei hospedada com minha familia. um lugar super tranquilo, com muito contato com a natureza. cafe da manha excelente. recreação para as criancas. super indico esse resort para familias.",10,2025-12-30 00:00:00+00,1
"Fomos passar um periodo de descanso neste resort que tem um excelente atendimento por parte de seus funcionarios , café da manha é muito bom.
Equipe de recreacao fez toda diferenca para nossos filhos.
Vale muito o custo beneficio deste hotel.",10,2025-12-30 00:00:00+00,1
"Despite the hotel’s nice facilities, my experience fell far below what a “5-star” property should deliver.

– I was served cold fries at the pool restaurant. When I pointed it out, the staff’s response was to blame me for not saying something sooner and to suggest that I might have already eaten some. This level of customer service is unacceptable in a luxury hotel, even Macdonald doesn't challenge the client about cold fries.

– We returned to our room on the 2nd day at 8 PM after a full day out, only to find it had never been cleaned, even though we left around 10 AM with the “make up room” sign clearly displayed.

– Housekeeping woke us up by knocking on our door at 8:30 AM to ask if they could clean on the 3rd day... Waking up guests on their holidays that's unseen

The only positive aspect was the complimentary late check-out until 3 PM, which was appreciated — but unfortunately not enough to offset the multiple service failures.

In short, nice infrastructure, very poor service. Definitely not the 5-star experience we expected.",4,2025-12-30 03:01:36+00,-1
"O hotel é estilo condomínio fechado, e os quartos são “casas”. Isso torna a experiência ainda melhor. Há natureza por toda a parte e a estrutura é impecável. Desde a organização e luxo das acomodações, até as áreas comuns, de lazer e de refeição.",10,2025-12-30 10:05:28+00,1
 Facilities,8,2025-12-30 12:59:22+00,1
"A piscina principal os azulejos estão soltos causando acidentes, minha filha de 12 anos cortou o pé deixando ela impossibilitada de usar piscina, brincar, etc  em pleno fim de ano. Sugiro fazer manutenção preventiva nas piscinas.",2,2025-12-30 14:45:09+00,-1
"Comida, ambientes, serviço, acomodações, tudo de primeira. Voltaremos na primeira oportunidade",10,2025-12-30 15:36:01+00,1
Muito obrigada para a equipe de limpeza do nosso quarto - Dulce e Rosa. E também para o querido garçom Ernandez!,10,2025-12-30 15:59:47+00,1
"Francisca da limpeza muito atenciosa  simpática limpinha tudo de bom
Café da manhã tem excelente muito bom
Motorista dos carros tb excelentes",8,2025-12-31 00:00:00+00,1
A equipe do Ronaldo na piscina foi impecável. O pessoal é muito cuidadoso e atencioso. Recomendo a quem venha e voltarei com certeza.,10,2025-12-31 00:00:00+00,1
"Em especial a Leiliane da organização dos quartos, que capricho até a Jacuzzi limpou top muito obrigado, volto em breve",10,2025-12-31 00:00:00+00,1
"Hotel maravilhoso!! Ótima recreação e espaço verde. É uma avaliação especial para a limpeza dos quartos, que é impecável. Um agradecimento para a Dulce, muito atenciosa e prestativa.",10,2025-12-31 00:00:00+00,1
"Resort 5 estrelas em Foz do Iguaçu, localizado na av das cataratas, atendimento da equipe do café da manhã excelente , a camareira Dulce que me atendeu nos dias que ficamos hospedados foi simplesmente super querida e educada.
Parabéns a toda equipe do hotel.",10,2025-12-31 00:00:00+00,1
A Dulce foi ótima na organização e limpeza do quarto. A experiência exclusive guest e all inclusive é única.,10,2025-12-31 14:39:18+00,1
"Excelente ambiente e atendimento impecável. Todos os funcionários são super treinados. Destaco a atenção que recebemos do senhor Kenji, Gerente. O Chef Guilherme também sempre atencioso e profissional. Experiente em culinária.",10,2026-01-01 00:00:00+00,1
"Adoramos, hotel família, fomos muito bem recebidos com nossa filha e pet, elogios especiais as camareiras Dulce e Leiliane que foram muito solicitas e gentis.",10,2026-01-01 00:00:00+00,1
"Já havia estado no Hotel e sempre é uma realização estar com pessoas e atendimento tão especial.
Os funcionários são especiais, pois tem educação e sabem orientar muito bem os clientes quando solicitados. O gerente, Kenji, atencioso e facilitador das experiencias dentro do hotel. O chef Gui esteve na nossa mesa e foi atencioso. Falou com propriedade dos pratos e culinária local",10,2026-01-01 00:00:00+00,1
 El complejo amplio y ordenado.,9,2026-01-01 00:11:18+00,1
 Palvelu,10,2026-01-01 02:27:38+00,1
"Um destaque especial para o atendente Diego, muito prestativo e eficiente, sempre educado e simpático em todos os dias que ficamos hospedados.",10,2026-01-02 00:00:00+00,1
"Resort maravilhoso para quem quiser descansar e não se preocupar com nada! Recomendo!
A festa da virada foi magnífica, caprichada e com pratos requintados. Foto no comentário. 
Parabéns aos garçons Eder, Fernando e Romario, e à auxiliar de limpeza Leiliane!",10,2026-01-02 00:00:00+00,1
"Nossa segunda vez no hotel e sempre uma delícia. Todo o time é muito prestativo e atencioso. Mesmo numa semana de alta lotação como o réveillon foi tudo muito tranquilo. Voltaremos mais vezes. 
Se tiver a sorte de ser atendido pelo garçom Diego no bar da piscina terá um dia mais especial ainda.",10,2026-01-02 00:00:00+00,1
"Nosso garçom Diego foi muito atencioso e prestativo com nós.. um querido, passamos uma semana hospedado nesse local agradável",10,2026-01-02 00:00:00+00,1
"Garçom Diego muito atencioso, prestativo e educado com nossa família.  ……………………………………………………………………………………………………….",10,2026-01-02 00:00:00+00,1
"Mais apropriado para quem viaja de carro, quartos longe do restaurante e da saida, muito cheio, nem agua inclusa na refeição",6,2026-01-02 11:42:39+00,0
"saque una suite  muy linda en este hotel 5 estrellas.
La noche que llegue se largo a llover ( como es habitual en la region ) me cayo una catarata a mi cama me mojo toda ,  llame a la concerjeria tardaron un monton en venir , me pasaron a otra suite . hable con el manager y pedi que me devolvieran el dinero de esa noche no lo hiciero , me compensaron con unas bebidas.  muy mala ATENCION.
Las instaciones estan muy buens la piscina me encanto.
una pena que la atencion sea tan mala

Otra cosa es queda muy lejos de las cataratas del lado argentino y del aeropuerto de Argentina cada vez que cruzas hay que hacer aduanas y la cola es larguisima
Me gustaria que me contactaran para devolverme el valor de por lo menos una noche",2,2026-01-02 11:52:20+00,-1
Tudo excelente. Quartos muito confortáveis cama e serviço de quarto excelentes. A comida do hotel é perfeita e o atendimento é ótimo!,10,2026-01-03 00:00:00+00,1
"Tivemos uma experiência excelente no hotel! O atendimento foj simplesmente excepcional com profissionais muito bem preparados. A Leiliane foi muito atenciosa com a limpeza e também fomos muito bem atendidos pelo Fernando, Eder e Romario no restaurante e bar.
A localização também é ótima, em um espaço bem tranquilo pra quem quer relaxar e também bem próximo do aeroporto e das principais atrações, incluindo o parque nacional.",10,2026-01-03 00:00:00+00,1
"Adorei a estadia principalmente o atendimento da querida Francisca camareira, que nos trouxe acolhimento e carinho, fazendo com que nos sentíssemos em casa!",10,2026-01-03 00:00:00+00,1
Adorei a estadia e principalmente a atenção e carinho da camareira Francisca que nos tratou com muito acolhimento e simpatia!,10,2026-01-03 00:00:00+00,1
"De modo geral, o wish é uma excelente rede de hotéis. Ótimo atendimento e infraestrutura, funcionários sempre cordiais e educados. As opções de recreação para as crianças são ótimas e os recreadores são incríveis. Vou deixar aqui um especial agradecimento para o tio caubói, nossa filha gostou muito dele e da atenção que ele deu para ela e as demais crianças. Ahh gostaria de parabeniza-lós por  terem colocado aquecimento nas piscinas!! Ficou muito top!!",10,2026-01-03 01:51:11+00,1
 A nice hotel with standard services corresponding to 4*.  Close to the Airport and Iguazu falls. Good place for an active holiday.  It is difficult to communicate in English with the waiters.,7,2026-01-03 12:08:33+00,0
"Estrutura muito boa. Tive uma experiência agradável. Comida bastante saborosa. Fomos bem atendidos na piscina, especialmente pelo garçom Diego. O ar-condicionado do quarto apresentou certa intermitência no funcionamento. A limpeza dos quartos foi muito bem realizada, só esqueceram de repor as águas no frigobar no último pernoite.",10,2026-01-03 15:45:21+00,1
"The resort was phenomenal - beautiful, big and interesting. The suite was spacious and very comfortable. We took breakfast and dinner and they were good. the staff was friendly and ready to help at any moment",10,2026-01-04 00:00:00+00,1
"Ótima estadia,comida muito boa, atendimento do bar da piscina com o Ronaldo excelente, super atencioso. Atividades da recepção como mixilogia com ""tio cowboy "" e ""tio harry"" incrível.",10,2026-01-04 00:00:00+00,1
"Todos super felizes em passar férias e o natal nesse hotel: equipes extremamente gentis, recepção eficiente e com autonomia; excelente e diversificada oferta no restaurante MAP. A ceia de natal um capítulo à parte : maravilhosa ! Sentimo-nos em casa e saímos impressionados com a qualidade e constancia dos serviços.",10,2026-01-05 00:06:55+00,1
"Recomendo ótima experiência
Um abraço ao tio Cowboy gente boa demais",10,2026-01-05 01:11:52+00,1
"Equipe prestativa, animada",10,2026-01-05 01:20:33+00,1
"Parece estar em um condomínio residencial americano, astral incrível, muita energia da natureza, funcionários atenciosos e educados, os passeios podem ser fechados no próprio hotel.
Vc não irá se arrepender, vale muito conhecer, pretendo voltar.",10,2026-01-05 10:23:52+00,1
"Incrível pra viagem em família, muitos respeitosos com restrições alimentares. Solicitos em providenciar opções de lanche. Equipe da recreação maravilhosa! Maravilhosos lugar pra se estar em família!",10,2026-01-05 13:46:25+00,1
"Experiência muito positiva no geral. Destaque para a cordialidade e atenção de toda a equipe, sempre simpática e prestativa. O hotel é bem conservado e o quarto muito confortável, com excelente colchão e almofadas, garantindo ótimo descanso. Como pontos negativos: a festa de Réveillon sem fogos de artifício, academia pequena e com pouca variedade de equipamentos, e a retirada do sauna e do banho de vapor, que fariam diferença na experiência.",10,2026-01-05 16:06:16+00,1
"Otimo hotel, os atendentes todos muito prestativos e educados em especial a camareira Lucileide. Como é bom ser tratado com sorriso no rosto e a Lucileide nao economiza nesse quesito.

Dois pontos de melhoria: o bar da piscina é muito feio, necessita de uma reforma urgente. O entorno da piscina tambem é outro problema. Pegamos dias em que chovia e parava de chover varias vezes ao dia e nao tem como se proteger. A cobertura é inutil, nao protege do sol, nao protege da chuva … precisariam dar um jeito.

De resto, tudo muito bom.",8,2026-01-06 00:00:00+00,1
"Excelente atendimento, local incrível, principalmente no restaurante, onde o colaborador Ronaldo nos encantou com sua presteza e gentileza.",10,2026-01-06 00:00:00+00,1
"“Minha gratidão a toda a equipe do Wish pela cordialidade e excelência no atendimento. Gostaria de registrar um agradecimento especial à camareira Ana e ao auxiliar geral Marcelo, que prontamente me auxiliaram em uma questão com o meu carro. Atitudes como a deles fazem toda a diferença na experiência do hóspede!""",10,2026-01-06 00:00:00+00,1
"Gostei muito do atendimento , o
Meu quarto deu problema e logo o hotel trocou de quarto , a banda ótima , o ceia de natal foi super organizada , tudo bem limpo , serviço de quarto rápido , restaurante com
Boas comidas ....",10,2026-01-06 00:46:40+00,1
" The property is gorgeous and definitely a place to visit with family and friends. So many activities to do here.  Maybe the rooms could be renovated a bit, specially the bathrooms.",9,2026-01-06 13:06:41+00,1
Ronaldo excellent care. I am solicit and very polite. It is very worthwhile to stay. Voltaria fácil mais um ano.... muito obrigado pelo atendimento.,10,2026-01-07 00:00:00+00,1
"Resort maravilhoso, café da manhã espetacular, funcionários educados, não temos nada a reclamar, valeu muito apena, com certeza voltaremos, vcs estão de parabéns",10,2026-01-07 00:00:00+00,1
El servicio y la atención de todo el personal del hotel fue maravillosa. La comida muy rica y variada. Felicidades!!,10,2026-01-07 00:00:00+00,1
Ficamos hospedado no wish tudo muito maravilhoso mas meu elogio maior é pra Simone do bar da piscina atendimento nota 10 muito atenciosa e prestativa que tornou nossos dias espetacular 😍😍,10,2026-01-07 00:00:00+00,1
"Excelente atendimento, comida e acomodação!  Atendente Jefferson da recepção muito atencioso e prestativo! Tudo  muito bom!",10,2026-01-08 00:00:00+00,1
"Atendimento muito bom , especialmente do Ronaldo , garçom super atencioso. Toda equipe do hotel, a equipe de limpeza ótima.",10,2026-01-08 00:00:00+00,1
"Passamos quatro noites no hotel e tivemos uma experiência excepcional. Nos divertimos na piscina, na sala de jogos, na tirolesa e nos passeios que reservamos com o hotel. O quarto era incrível, super confortável, e também fomos super bem recepcionados e tratados pelo staff. Em especial, gostaríamos de agradecer ao Yousef que nos atendeu tão bem! Conversou em inglês com o meu namorado que não falava português e ele se sentiu super acolhido.
Ótima experiência, com certeza voltaríamos!",10,2026-01-08 00:00:00+00,1
A camareira Dulce e maravilhosa quarto o tempo todo limpinho cheiroso.comida maravilhosa. Tudo perfeito recomendo.,10,2026-01-09 00:00:00+00,1
"Adorei o atendimento. A camareira Francisca é excelente, organizada, simpática e muito agradável, nota 10000.
Indico para todos.",10,2026-01-09 00:00:00+00,1
"Excelente instalação, comidas de muita qualidade, piscina super agradável e um serviço de quarto impecável prestado pela funcionária Francisca. Experiência diferenciada e marcante. Voltaria sempre a cada nova oportunidade.",10,2026-01-09 00:00:00+00,1
"Atendimento excelente de todos os funcionários, comida excelente, zero defeitos de todos os pratos que provamos, quarto e limpeza nota 10.",10,2026-01-09 00:00:00+00,1
"Francisca da limpeza dos quartos uma profissional querida, competente e atenciosa 
Os funcionários são muitos atenciosas",10,2026-01-09 00:00:00+00,1
Fiquei 5 dias hospedado neste Hotel maravilhoso!!!Maravilhosas pizzas da Luana e o impecável atendimento da Fabiana!!!!,10,2026-01-09 00:00:00+00,1
Comida de excelência e funcionários atenciosos e prestativos.,10,2026-01-09 00:00:00+00,1
"Experiência maravilhosa nem parece que estamos em um hotel,  casas lindas e confortáveis,  local lindo e aprazível,  os funcionários nos recebem como se estivéssemos em suas próprias casas, destaques a camareira Elis e ao Renê do bar da piscina,  e todos do restaurante que são muito gentis e agradáveis . A festa de réveillon foi preparada com carinho e bom gosto,  sem contar os maravilhosos pratos. Pra não dizer que não vi defeitos pra nós a piscina estava um pouco quente levando em conta o calor do clima,  mas nada que a ducha não resolvesse, voltaria várias vezes.",10,2026-01-09 01:55:45+00,1
"Muito bem recebido por todos os funcionários do hotel, sempre atenciosos, além da excelente hospedagem, com quarto maravilhoso, todas as refeição deliciosas e por estar com uma bebê de 1 ano a piscina da casa foi uma excelente opção.
Muito obrigada por esses dias inesquecíveis!",10,2026-01-09 17:12:59+00,1
"Todo buffet do café ao jantar foram maravilhosos, espaço descontraído, atendimento excelente. Super recomendo para todos terem essa experiência",10,2026-01-10 00:00:00+00,1
Excelente serviço prestado pela colaboradora Francisca. Muito solicita e simpática!! Sempre atendendo prontamente.,10,2026-01-10 00:00:00+00,1
"Foi incrível, além de toda programação e suporte excelente, a Dona Francisca foi a maior responsável por deixar as coisas mais ágeis, porque como estamos a trabalho, o quarto sempre estava impecável e isso fez toda diferença. Nota mil!",10,2026-01-10 00:00:00+00,1
"A estrutura do hotel é belíssima, com muito verde e recantos aconchegantes.
Excelente café da manhã e, de forma geral, excelente atendimento em todos os setores. 
Bar da piscina com opções variadas de petiscos e drinks.
A piscina externa é muito agradável (a interna aparentemente estava em reforma), mas as bordas - de pedra - precisam ser limpas com mais frequência, tendo deixado os trajes de banho verdes/manchados por conta do óleo acumulado de protetores, não aparente (diante da cor escura da pedra na borda).",10,2026-01-10 00:00:00+00,1
"Amei tudo, todos simpáticos, comida maravilhosa, lugar especial e atencioso. O chef Gui está de parabéns pela culinária diversificada",10,2026-01-10 00:00:00+00,1
"Parabéns pela a a competência da camareira Francisca, muito solicita e proativa, o hotel nos recebe muito bem, nos sentimos em casa",10,2026-01-10 00:00:00+00,1
"O resort é maravilhoso e a alimentação é perfeita! Limpeza sensacional, conheci a faxineira Francisca, super simpática e prestativa na limpeza do quarto, um amor.
Um adendo apenas ao atendimento da recepção, que foi decepcionante, uma mal educação de 2 indivíduos altos que me atendeu no início da tarde. De resto, maravilhoso",8,2026-01-10 00:00:00+00,1
"todos os serviços são espetaculares, desde a recepção até os recreadores!
nosso atendimento no restaurante foi espetacular por todos, Yousef, Ronaldo!!!
muito obrigado pelo atendimento",10,2026-01-10 00:00:00+00,1
"Equipe do hotel muito atenciosa e sempre disponível para auxiliar.
Sempre buscando o maior e melhor conforto para os hóspedes.",10,2026-01-11 00:00:00+00,1
"Carne muito boa e macia.
Atendimento do Bruno e Éder são o diferencial do local!
Comemos um new york stake, estava no ponto correto!
Vale experimentar!",10,2026-01-11 00:00:00+00,1
"Um experiência que incrível. Foram 5 dias de hospedagem e toda a equipe foi impecável de início ao fim. Desde os cuidados com os hóspedes, com a limpeza dos quartos e o buffet espetacular! Só tenho elogios.",10,2026-01-11 00:00:00+00,1
"Banheiro com muito mofo que dá a impressão de estar sujo sempre! Mal cheiro no vazo o tempo todo como se estivesse entupido ou retornando. Mobília estragada. De resto, muito bom.",8,2026-01-11 08:10:07+00,1
Quarto Incrível!,10,2026-01-12 00:00:00+00,1
Atendimento impecável do Diego no bar da piscina! Fez toda a diferença no estabelecimento. Hotel maravilhoso para passar as férias em família,10,2026-01-12 00:00:00+00,1
SENSACIONAL,10,2026-01-12 11:46:10+00,1
"Não é um hotel confiável, meu ferro de passar sumiu e simplesmente não deram satisfação, voltei pra casa sem uma posição..
sumiu tbm um pertence de cabelo da minha colega de quarto.",6,2026-01-12 21:24:20+00,0
"tudo ótimo, em especial a camareira ANA que nos atender excelentemente bem.",10,2026-01-13 12:42:23+00,1
"No meu quarto faltaram alguns itens, mas após solicitado entregaram. Recreação mudava a programação dos teens sem avisar, isso quando tinha. Alimentos e bebidas muito bons! Atendimento na recepção e restaurante ótimos.",8,2026-01-15 04:20:29+00,1
" La habitación, falta modernizar.",5,2026-01-15 13:54:53+00,0
"Experiência incrível nesse hotel.
Bom atendimento, pessoal cordial, lugar deslumbrante, ótima comida e piscinas, recreação infantil, carrinhos de golf para ajudar no transporte e acessibilidade para cadeirantes. Próximo as cataratas e Argentina e ótima saída para a BR sentido Cascavel. O café da manhã é muito completo, o restaurante é lindo. Os quartos um pouco antigos mas limpos. Roupa de cama limpa e cheirosa. Derrubei e quebrei um copo com água e prontamente fui auxiliada pelos funcionários. O resort é gigante, tem até lago dentro onde é possível pescar. Bom custo benefício para quem procura algo Premium. Indico à todos que se hóspedes pelo menos uma noite para conhecer",10,2026-01-15 17:11:23+00,1
"Hotel sensacional, conforto, lazer ,bem localizado e atendimento ótimo
Destaco o restaurante, café da manha perfeito.
Tive a oportunidade de almoçar e jantar, grande variedade, excelente atendimento.
Loja com recordações de Foz com bastante variedade.",10,2026-01-16 00:00:00+00,1
"A área do Resort é imensa e maravilhosa, quartos são ótimos!",10,2026-01-16 00:00:00+00,1
"Muito bom o hotel, comida maravilhosa. Atendimento e estrutura impecável.",10,2026-01-16 12:58:46+00,1
"Hotel maravilhoso. Colaboradores atenciosos, educados e prestativos, em especial a Rozane que cuidou do nosso quarto e nos auxiliou com muita simpatia e carinho.",10,2026-01-17 00:00:00+00,1
Experiência maravilhosa aqui no Resort. Deixo um agradecimento especial para a camareira Francisca. Muito gentil e cuidadosa na arrumação do meu quarto! Muito obrigada!,10,2026-01-17 00:00:00+00,1
Equipe e qualidade do restaurante,10,2026-01-17 00:00:00+00,1
"Lugar aconchegante, funcionários educados e prestativos, serviços completos, perfeito para relaxar e descansar, experiência maravilhosa mais uma vez.",10,2026-01-17 18:43:26+00,1
"Boa localizacao, quartos limpos e confortaveis, valor adequado para o servico prestado. A piscina é bacana . O serviço prestado pelos atendentes foram excelente, o atendente Diego foi muito atencioso e prestativo. Cafe da manha, almoço  e jantar excelentes.",10,2026-01-18 00:00:00+00,1
"O hotel no geral é bom, com uma estrutura diferente da comum (os quartos são em casas, como um condomínio fechado). Entrega muita qualidade nas refeições e na programação dentro do hotel.

O problema é que a indicação de 5 estrelas não condiz com a realidade. O padrão divulgado gera uma expectativa que não foi entregue.

O banheiro do quarto precisava de uma limpeza pesada. Os cantos estavam sujos, com sujeira acumulada. Existia um “varal” dentro do boxe que estava mofado, nem tive coragem de deixar as roupas de banho penduradas. O vidro do boxe estava completamente manchado, fosco, de tanto acúmulo de sujeira.

No quarto, o ar-condicionado só chegava perto de gelar com uma função “turbo” que precisava ser acionada de tempo em tempo. Não havia edredom disponível, somente mantas finas. Precisei solicitar na recepção e foi disponibilizada uma colcha, não um edredom.

Na área da piscina, o atendente Diego nos deixou uma experiência péssima. Atendimento arrogante, debochado. Vimos ele virando o olho e sorrindo com sarcasmo sobre perguntas normais quanto aos serviços do hotel, isso para nós e também para outros hóspedes.

Na hora do check-out existiam vários lançamentos errados. Ex: Ficamos hospedados eu e meu marido, jantamos uma noite no hotel e haviam 8 jantares lançados. Se não tivéssemos cuidado, teríamos pagado uma conta totalmente indevida.",6,2026-01-19 00:47:24+00,0
"Un lugar maravilloso, con detalles de excelencia, con empleados super amables y pendientes de cada detalle, impecable en cada rincon. Areas divinas y un servicio de calidad.",10,2026-01-19 13:08:55+00,1
"Atendimento dos funcionários nota DEZ.
Destaque para o Eduardo da recepção, a Izaura do café da manhã, todos os garçons do jantar e da piscina.
Limpeza e organização excelentes.
Restaurante muito bom.
Piscina precisa de pequenas reformas, como limpeza das bordas internas e pisos faltando.
Animadores muito bons e procuraram atender à todas as idades.
Só tenho uma reclamação: cobrança de uma taxa de 30 reais por pessoa para trocar o jantar pelo almoço.
Ficamos no quarto 205 e senti falta de janela ou exaustor no banheiro.
A localização é excelente, academia muito boa, instalações muito bem cuidadas e decoradas.
Enfim, voltarei e recomendarei com certeza.",10,2026-01-20 00:00:00+00,1
"Quero agradecer toda equipe do resort wish.
Todos são muito educado e carinhoso com seus cliente.
O senhor Veiga muito cordial e educado.
Camareira Dulce sempre cuidando dos quartos com carinho e organização.
Toda equipe, do restaurante, são muitos educados e sorridente.
Tive um contato maior com Eder, Marcelo , Fábio e Ernandes.
Realmente o que eu buscava, eu achei, tranquilidade e um bom atendimento.
Mas uma quero agradecer todos....da faxina até o gerente.
Parabéns a todos.",10,2026-01-21 00:00:00+00,1
"Hotel : muito bom , atendimento no geral , foi muito satisfatório,  restaurante excelente, com variedades e qualidades. , quarto confortável, ambiente agradável.

O único senão  , é o atendimento no exclusive guest.
Quando você entra , dizem querer um sim  ou não  , porém o não transforma a pessoa que está te atendendo , como não sei se isso é regra do hotel , prefiro não julgar a pessoa em si , mas foram , digamos , bem agressivos quando dissemos o NÃO.
Lembrando que o convite a ouvir a proposta partiu do hotel , e não de nossa parte.
Mas no geral , voltaríamos a nos hospedar , sem dúvida.
Att. Emerson Carlos .",8,2026-01-21 16:12:52+00,1
"Excelente hospedagem, destaque especial para a camareira Sumária, muito profissional e atendeu com prontidão e simpatia nossas demandas.",10,2026-01-21 19:41:17+00,1
A estadia foi muito tranquila e agradável. Os funcionários são super atenciosos e cordiais. A comida é deliciosa e a estrutura do hotel é completa. Quarto confortável e bem limpo. Perfeito para descansar!,10,2026-01-22 00:00:00+00,1
"Experiência em família foi ótima. Gostamos bastante, especialmente da equipe do hotel. Uma menção especial ao colaborador Fernando Rocha do restaurante que foi sensacional com nossa família.",10,2026-01-22 00:00:00+00,1
"Gostamos das instalações, comida e serviços. No nosso quarto sentimos falta de um espaço para lounge/comida. Algum móvel na varavda talvez. Do servoço o único senão foi o atendimento na segunda feira, que aparentemente estava com menos pessoal.",8,2026-01-22 00:00:00+00,1
" The place is really big and has some really nice facilities, the pool was very nice. The satff was friendly and welcoming. The breakfast and the dinner were really nice with a big buffet.  It is a bit far from the center of Foz but it is an amazing place to stay. It was a little bit expensive so reserve it with time.",9,2026-01-22 01:35:17+00,1
"Ambiente muito agradável e limpo,funcionários bastante atenciosos, comida saborosa, serviço de arrumação dos quartos impecável.  Uma reforma que está ocorrendo próximo a piscina principal incomodou um pouquinho devido ao barulho em alguns momentos.",8,2026-01-23 00:00:00+00,1
"Bom quarto e excelente atendimento 

Diego é um instrutor de golf muito fera

Francisca arrumou o quarto com capricho e rapidez

Muito bem atendidos por todos no restaurante, chef Guilherme, Luigi, Jonas e todos que nos serviram

Há uma certa pressão do pessoal do EG, mas nada que incomode, são educados 

A estrutura do hotel é ótima e tem muitas atividades, pena que a maior parte delas seja das 9 às 18h, competindo com os passeios",10,2026-01-23 00:00:00+00,1
"Quartos excelentes, espaçosos. Ficamos no bloco 14. Destaque para a camareira Francisca, quarto sempre limpo, cheiroso e bem arrumado. 
Comida excelente no comando do chefe Guilherme. Tiveram muita paciência e carinho com meu filho e minha família nos jantares.
Especial abraço para o Diego, instrutor de Golf. Voltaremos em breve.",10,2026-01-23 00:00:00+00,1
Comida excelente e atendimento 100%,10,2026-01-24 00:00:00+00,1
"Um hotel que se propõe ser de luxo tinha que ter um serviço muito melhor, uma piscina maior com mais áreas de sombra e opções de atividades em caso de chuva... Funcionários até dedicados mas muito mal orientados.",6,2026-01-24 10:10:47+00,0
Excelente Resort muito acima das expectativas em todos aspectos. Recomendo!!,10,2026-01-24 15:20:22+00,1
Maravilhosa,10,2026-01-24 15:39:12+00,1
"Nossa primeira experiência no Hotel e adoramos tudo!!
Todos os colaboradores super receptivos atentos e cuidadosos… Um detalhe em especial foi os bilhetinhos que recebi das governança todos os dias no quarto com uma florzinha e um poema….
Expecional!!
Super recomendo a estadia no Hotel!",10,2026-01-24 18:34:31+00,1
"Gostaria de registrar um elogio especial ao Ronaldo, colaborador do Hotel Wish Foz do Iguaçu. Desde o primeiro contato, ele nos atendeu com muita educação, simpatia e profissionalismo. Foi extremamente atencioso, sempre disposto a ajudar, esclarecendo dúvidas com paciência e agilidade, além de demonstrar um cuidado genuíno para que nossa experiência fosse a melhor possível. Sua postura cordial, proatividade e atenção aos detalhes fizeram toda a diferença na nossa estadia, transmitindo acolhimento e confiança. Funcionários como o Ronaldo elevam o padrão do hotel e certamente contribuem para que os hóspedes queiram retornar. Atendimento impecável, merece reconhecimento!",10,2026-01-25 00:00:00+00,1
"Minha família e eu fizemos passamos um dia maravilhoso no hotel Wish Foz do Iguaçu, nossas crianças se divertiram sobremaneira. Um resort lindo, tranquilo e completo. O café da manhã é disposto em ilhas, numa formatação de muito bom gosto, itens de qualidade e muito frescos, essas ilhas dão um charme adicional num restaurante aconchegante e já charmoso por natureza. Queremos muito ver a finalização da ampliação das novas piscinas. Devo destacar aqui o atendimento primoroso de Douglas, Emília, Jeferson e, por último, mas não menos importante a Gerente de Recepção Rosimar. Essa equipe realmente faz a diferença num atendimento de alto padrão. Natanael da área externa, muito simpático e nos auxiliou com nossas fotos, mostrando que a equipe pensa realmente na experiência do hóspede.",10,2026-01-25 00:00:00+00,1
"Minha família e eu fizemos passamos um dia maravilhoso no hotel Wish Foz do Iguaçu, nossas crianças se divertiram sobremaneira. Um resort lindo, tranquilo e completo. O café da manhã é disposto em ilhas, numa formatação de muito bom gosto, itens de qualidade e muito frescos, essas ilhas dão um charme adicional num restaurante aconchegante e já charmoso por natureza. Queremos muito ver a finalização da ampliação das novas piscinas. Devo destacar aqui o atendimento primoroso de Douglas, Emília, Jeferson e, por último, mas não menos importante a Gerente de Recepção Rosimar. Essa equipe realmente faz a diferença num atendimento de alto padrão. Natanael da área externa, muito simpático e nos auxiliou com nossas fotos, mostrando que a equipe pensa realmente na experiência do hóspede.",10,2026-01-25 12:43:55+00,1
" Um hotel muito confortável em meio a natureza, quarto espaçoso, várias piscinas, várias atividades, academia muito boa, café da manhã delicioso. Amei minha estadia!",10,2026-01-26 20:51:40+00,1
La alberca excelente. Falta variedad en desayuno,10,2026-01-27 00:00:00+00,1
"Minha estadia no Wish Foz do Iguaçu foi simplesmente maravilhosa. Estive no resort para celebrar meu aniversário e encontrei muito mais do que conforto: vivi dias de cuidado, beleza e descanso em meio à natureza.

A estrutura é impecável ! Quartos amplos, extremamente confortáveis, silenciosos e com varanda, perfeitos para relaxar depois de dias intensos. As áreas verdes e comuns são lindas e bem cuidadas, trazendo uma sensação constante de tranquilidade.

O café da manhã é um destaque à parte: variado, farto e de excelente qualidade, com opções para todos os gostos. Também aproveitamos outros espaços do resort, como as áreas de lazer e convivência, sempre com atendimento atencioso e cordial.

A localização é excelente para quem visita Foz do Iguaçu, permitindo fácil acesso às principais atrações da cidade, sem abrir mão da sensação de estar em um refúgio.

Foi uma experiência especial, acolhedora e memorável. Saio renovada e com vontade de voltar. Recomendo muito!",10,2026-01-27 00:00:00+00,1
"Hôtel excelente, boa localização, staff educado e profissionais. 

Ponto especial para a Francisca, a limpeza do quarto estava impecável. Parabéns!",10,2026-01-27 00:00:00+00,1
"O Hotel Wish Foz do Iguaçu foi uma grata surpresa. A infraestrutura é excelente, com opções de lazer para todas as idades. Mesmo com alta ocupação, o hotel se mantém confortável e bem organizado, sem sensação de lotação.

O café da manhã é um grande destaque: muito variado, farto e delicioso — saímos de lá com alguns quilinhos a mais, mas valeu cada mordida 😄.

Outro ponto forte é a equipe. Todos os funcionários são extremamente simpáticos, atenciosos e sempre preocupados em deixar o hóspede o mais confortável possível. Um destaque especial para a nossa camareira, Leilane, que manteve o quarto sempre impecável, muito organizado e limpo. Além disso, sua simpatia fez toda a diferença ao tirar uma foto com meu filho Enzo, ajudando-o a cumprir mais uma etapa das missões da recreação do hotel. Um gesto simples, mas que marcou nossa experiência.

Sem dúvida, um hotel que recomendamos e ao qual pretendemos voltar.",10,2026-01-27 00:00:00+00,1
"Bom serviço, qualidade na comida, funcionarios super solicitos , recreação p todas as idade, lugar agradável e aceita ifood",10,2026-01-27 00:00:00+00,1
"Base perfeita para quem visita Foz do Iguaçu e quer descansar com conforto. O Wish Foz do Iguaçu reúne gastronomia, piscinas, jacuzzis, áreas verdes e uma estrutura completa para relaxar entre os passeios. Tudo isso a poucos minutos das Cataratas. Os funcionários são muito atenciosos. Amamos.",10,2026-01-28 11:15:27+00,1
"Gostei de tudo, comida, atendimento! E tive um atendimento especial da limpeza feita pela Leiliane durante a minha estadia",10,2026-01-30 00:00:00+00,1
"Enormemente agradecido con la Amabilidad de varios colaboradores que trabajan en el hotel , mención especial a JackyCeli & Edison !!!! , que nos hicieron sentir muy a gusto con su enorme calidad de atención , amabilidad , profesionalismo y sobre todo siempre con una sonrisa permanente.",6,2026-01-30 00:00:00+00,0
"O que nos agradou, como nas outras vezes, é a cordialidade e a boa vontade de todos os funcionários. Além da infraestrutura impecável do hotel! Voltaremos certamente!",10,2026-01-30 14:18:02+00,1
Excelente... Los colaboradores del resort soy muy amables... La gastronomía excelente.... La limpieza impecable y la Sra. Francisca qué limpia la habitación muy amable y guapa,10,2026-01-31 00:00:00+00,1
"É nossa segunda hospedagem, e foi igualmente prazerosa.  O hotel continua lindo, muito bem cuidado, boa manutenção, boa comida. Passamos momentos maravilhosos, e há que se ressaltar a extrema cordialidade de todo staff, desde a recepção ( Ronaldo), garçons como o Sr. Ernandes, Lucas. Muito obrigado a todos!!",10,2026-01-31 00:00:00+00,1
"Hotel maravilhoso! Quartos limpos, comida farta, bem apresentada e saborosa! Organização impecável! Funcionários extremamente educados e prestativos…sensação de conexão intensa com a natureza!",10,2026-02-01 00:00:00+00,1
" Las piletas eran agradables y comodas para chicos  Todo queda lejos. El servicio de transfer es lento. No tienen casi rampas para el cochecito de bebes con lo cual te limita bastante. El kids club esta como a 8 cuadras.
La habitación que nos dieron tenia la ducha rota, y tardaron 4 horas en darnos una nueva.",3,2026-02-01 00:47:36+00,-1
"Avaliaçao sincera, estive a uma semana com meu esposo em uma breve estadia (duas noites) a localizacao é boa para quem vai ao Parque Nacional, os funcionarios nos atenderam bem checkin e checkout rapidos, o quarto nao é tao bom, cama boa, instalacao um pouco antiga (nas fotos aparenta ser melhor) o blindex do nosso banheiro estava faltando a outra metade, entao o banho jogada agua pra fora, sacada um pouco suja, a porta principal do quarto estava bem emperrada tinha q fazer força pra empurrar, chafariz desligados tirando um pouco do glamour do ambiente, os detalhes importam e as pessoas gostam deles, fazem diferença no todo, cafe da manha OK, nada de excepcional, jantamos la e pedimos porções e servico de quarto e a nota seria um 7, razoavel, tudo que vc consome la é cobrado 10% de taxa em cima, achei estranho pois em outros resorts não aconteceu isso, o valor da hospedagem do wish e um pouco alto pelo servico oferecido, os passeios fora do hotel me distrairam muito oque fez a viagem valer a pena, mas se fosse so pra ficar no resort teria me aborrecido, tem estrutura mais precisa de mais atençao nos cuidados externos e das instalaçoes.",6,2026-02-01 16:05:01+00,0
Tudo otimo,10,2026-02-02 00:00:00+00,1
"maravilhoso, cafe da manha espetacular. estruturas otimas, limpeza impecavel",10,2026-02-02 11:25:12+00,1
"Passamos o final de semana no local para descansar e fugir do stress do dia a dia. O que encontramos é um hotel normal, nada de extraordinário em estrutura, com um péssimo atendimento na área de piscina, onde os garçons não faziam questão de atender, pedi um guarda sol e se eu mesmo não fosse atras de um, estaria até agora aguardando. Não posso ser injusto, pois pessoal da recepção muito bem preparados, mensageiro e o rapaz do translado idem. Não posso deixar de comentar que fomos encaminhados para um quarto onde o cheiro de mofo estava muito forte, inclusive atacando a alergia da minha filha mais nova, porem de prontidão nos atenderam e nos realocaram para um quarto sem mofo. Experiência na área de pesca também não foi legal, pois não existe estrutura decente para uma pesca, a isca fornecida estava completamente mal feita. Conclusão: achei que deveria ter mudado das outras opções de hoteis e resorts de outras redes que eu costumo frequentar, porem foi um erro. Melhor ficar nos que eu já conheço para não ter erro. Não retorno e não recomendo para amigos.",4,2026-02-02 12:34:34+00,-1
"Excelente lugar, hermoso dentro de la naturaleza, las casas muy bien cuidadas y mantenidas. Mejoraría el tema de la pileta (No tiene escalones de acceso, solo desniveles, al ingresar es muy resbalosa y peligrosa, hay que incorporarse con el cuerpo para salir) Tiene solo una escalerilla de metal en TODA la pileta, también recomendaría mejorar la limpieza de la misma.
El servicio de desayuno EXCELENTE, nada que decir.
El servicio de cena, mejoraría la calidad, no es de la mejor. Entre fiambres, ensaladas y pizzas, se logra una buena variedad; pero la comida elaborada: Pastas, arroces y demás preparaciones mejoraría la calidad de la misma, generalmente las carnes en gral. (res, pollo y pescado) son secas y sobrecocidas, los Arroces apelmazados; hechos un mazacote. Pastas bastante bien….
El resto todo de 10!, el personal es SUPER amable, atentos, siempre bien predispuestos para todo. Desde el personal de mantenimiento, mozos, administración, entretenimiento y demás, TODOS EXCELENTES.
Fue una linda estadía y experiencia, lo mejor fue estar en medio de la naturaleza conviviendo con el entorno natural, animales y plantas…. la repetiré",8,2026-02-02 13:58:34+00,1
" Quarto limpo e arrumado.  Posso dizer que não foi o meu dinheiro mais bem gasto, fui passar final de semana confortável em um “resort” com a minha esposa, chegando lá o primeiro desconforto, a atendente disse que não tava pago, sendo que estava pago já no Booking, queria me cobrar novamente e disse que depois estornava, porém provei que estava pago e tudo bem, o sábado ocorreu tudo bem, no domingo que era o único dia inteiro pra passar com conforto e fazer as coisas com calma, pra minha desagradável surpresa, o SPA não abria aos domingos, em nenhum lugar dizia que o spa não abria aos domingos, pensei que eu estava em um resort, em qual resort o spa não abre aos domingos? Pois bem, logo em seguida fui fazer arvorismo e tirolesa e pra minha surpresa arvorismo e tirolesa tbm não abriam aos domingos 🤡 e pra ajudar mais ainda a piscina interna aquecida estava em manutenção, fechada, resumindo, as atrações mais faladas no site não poderiam ser utilizada no maior dia de lazer da semana que é domingo! Jantar com Buffet mt fraco, café da manhã muito fraco tb! Não volto e não recomendo.",4,2026-02-03 00:19:51+00,-1
"Lugar lindo, repousante com toda a simpatia e profissionalismo de todos os funcionários.",10,2026-02-03 00:59:24+00,1
Perfeição define esse local.,10,2026-02-03 13:00:19+00,1
"Fue una estancia agradable como experiencia en un lugar donde uno interactúa directamente con la naturaleza. Dos puntos débiles que recomendaría mejorar al Hotel, es tema piletas (Seguridad y mejor limpieza) y servicio de Cena (mejorar la calidad)",8,2026-02-04 00:00:00+00,1
"A viagem era de um grupo internacional  de turistas, ávidos pelo melhor e o que se encontrou foi um Resort  sinônimo de bom atendimento, resultado de uma equipe empenhada, profissionais de verdade, facilitadores, dispostos a ajudar. O Resort está mergulhado no verde , brindado com o som de inúmeros pássaros, num clima perfeito para o bem-estar físico e mental, mas o grande destaque são os profissionais  que lá trabalham, não poupam esforços pela nossa satisfação. Agradecimentos especiais ao Guilherme Motta, ao Zaqueu, ao Max, ao Lucas e à Kátia. Tyales, que supervisiona estes profissionais, parabéns por contar com estas pessoas do bem!",10,2026-02-04 00:00:00+00,1
 La amabilidad de los personales y la limpieza.. El olor de las habitaciones ame 😍  Sus tragos..,10,2026-02-04 12:24:08+00,1
Mycket trevligt hotell och konferensanläggning. Bra poolområde och trevlig personal speciellt Lucas i restaurangen.,10,2026-02-05 00:00:00+00,1
"O hotel é excelente,com uma equipe atenciosa e quartos impecáveis.O garçom Fernando Rocha foi excepcional com gentileza e prestatividade.",10,2026-02-05 00:00:00+00,1
" Tudo  muito bom, café ótimo  gostei de tudo",10,2026-02-05 13:30:47+00,1
"Local maravilhoso para estar em família, com uma gastronomia de excelência. Atendimento sempre impecável, vale a pena a estadia.",10,2026-02-06 00:00:00+00,1
"Experiência excelente em todos os aspectos. A estadia foi muito confortável, com ambiente agradável e bem organizado. O atendimento foi impecável do início ao fim. A comida estava ótima, com pratos muito bem preparados",10,2026-02-06 00:00:00+00,1
"Fui ao Wish para ter a experiência de um jantar com a minha família. Atendimento impecável, pratos sensacionais proporcionando um contato com a cultura brasileira. Chefe de cozinha Guilherme um profissional de altíssimo nível. Sem dúvida, uma das melhores cozinhas de Foz do Iguaçu.",10,2026-02-06 00:00:00+00,1
Tia Cupcake Super divertida e engraçada e Tio Chan me ensinou a pescar adorei demais!! Recreação super legal também e todos os recreadores super atenciosos,10,2026-02-07 00:00:00+00,1
"Lugar muito bom para descanso coma família, atendimento muito bom na piscina pelo Édson e o Diego, mas no geral atendimento muito bom. Recomendo",10,2026-02-07 00:00:00+00,1
"Atendimento impecável da Simone na área da Piscina, estrutura excelente. Café da manhã com muitas opções. Almoço e Janta também com muitas opções",10,2026-02-07 00:00:00+00,1
"Hotel muito bom muito bonito como sempre só restaurante gostoso atendimento do restaurante feito pelo ernandez foi espetacular a mulher que faz a piza também foi muito gente boa 
Sobre a recreação a tia xuxu e ravena são muito gentis com as crianças",10,2026-02-07 00:00:00+00,1
"Overall, I cannot give this facility a five star rating because the Resort or at least the rooms, haven’t really undergone any renovation in several years, I had a few experiences with the level of service that would not reach that mark, if even the mark that I gave it and location wise, this rating seems reasonable, given that there are other options that are worthy of a five star rating, albeit at a higher price, like the Hotel Belmond, which is the best place to stay if you want to be literally at the Brazilian side of the waterfalls in Foz do Iguaçu  the National Park and have five star experience.

I did not research the Argentinian side of Foz do Iguaçu, but that is definitely something I would recommend you check out, before you make your final decisions.

Also keep in mind that you can get to Foz do Iguaçu, by going to the Argentinian airport, IGR, which, from America by Buenos Aires, is generally a shorter, more economic flight from LAX, then going through Rio de Janeiro to IGU, which is the Brazilian side airport. So if you’re not intending to visit Rio de Janeiro, consider this, or looking at USA flight connections through São Paulo, Brazil airport code GRU.",8,2026-02-07 11:23:19+00,1
" Piscinas, café da manhã e jantar excelentes.  Rádio Wish: música alta e sem bom gosto.                                                        Preço e limitação de pratos na piscina e room service.",8,2026-02-07 15:07:32+00,1
Top,10,2026-02-07 15:22:52+00,1
"Melhor resort de Foz do Iguaçu, gerência comprometida com tudo para ficar impecável, tudo feito nos mínimos detalhes, gastronomia excepcional,",10,2026-02-08 00:00:00+00,1
"Tive uma experiência maravilhosa no Wish Foz do Iguaçu Resort. O resort é impecável: estrutura linda, áreas comuns muito bem cuidadas, café da manhã farto e uma atmosfera acolhedora.

Mas o grande destaque da minha estadia foi, sem dúvida, o atendimento humano — em especial o trabalho da camareira Dulce. Ela é uma pessoa excepcional: sempre educada, atenciosa, sorridente e muito dedicada. O quarto estava todos os dias extremamente limpo, organizado e preparado com muito carinho, algo que faz toda a diferença na experiência do hóspede.

A Dulce não cuida apenas do quarto, ela cuida das pessoas. Dá pra perceber que ela ama o que faz e se preocupa genuinamente com o bem-estar dos hóspedes. Funcionários assim elevam o nível do hotel e merecem todo o reconhecimento.

Parabéns ao Wish Foz do Iguaçu por contar com profissionais tão humanos e competentes. Com certeza voltarei — e espero ser novamente recebido com o carinho da Dulce!",10,2026-02-08 00:00:00+00,1
"Manutenção pessima, mta coisa quebrada . Serviço de reposição frigobar ineficiente . Esqueceram de repor e qd pedi a recepção informou que era somente até as 15:00, sendo que o erro foi da equipe e não meu.",6,2026-02-08 00:00:00+00,0
"hotel muito bom, imerso na natureza, excelente para desligar da correria do dia a dia. tudo muito limpo. cafe da manhã muito bom.",10,2026-02-08 00:00:00+00,1
"Hotel lindo, funcionários nota 10, com destaque para a Sheila, que me deu muitas dicas sobre o Paraguai, e  Adriano da recepção.  Academia maravilhosa, área verde fabulosa.
Cafe da manhã espetacular! Serviço so café da manhã nota 1000",10,2026-02-08 01:47:19+00,1
 Me gustó mucho como está distribuido todo y mucho parque  Sólo que algunas cosas quedaron un poco viejas y se nota,10,2026-02-08 04:04:07+00,1
"Ótimo atendimento, em todas as esferas, a governança mandou muito bem com  as mensagens,fez toda a diferença.Sensacional",10,2026-02-09 00:00:00+00,1
"Excelente, hotel limpo e bem organizado, garçons e funcionários atenciosos. Foi uma hospedagem maravilhosa!",10,2026-02-09 00:00:00+00,1
"Tudo excelente, o local, a acomodação, limpeza nos quartos, comida deliciosa, funcionários atenciosos e pró ativos. Gostei muito e indico. Dica: não perca a oportunidade de desfrutar do redário suspenso entre flores e plantas e sob a sombra das árvores.",10,2026-02-09 00:00:00+00,1
"Hospedagem sensacional, atendimento de primeira dos garçons, recepcionistas, camareiras.",10,2026-02-09 00:00:00+00,1
Fomos muito bem recebidos e atendidos!!! O lugar é lindo! A comida maravilhosa! O quarto super confortável!!! Foi tudo maravilhoso!!!!,10,2026-02-09 00:00:00+00,1
 Grands espaces collectifs bien entretenus (golf). Chambre très correcte... mais insonorisation très mauvaise avec les voisins particulièrement bruyant... Dommage !  Insonorisation,8,2026-02-09 00:06:07+00,1
"Hotel muito bom, orimo atendimento, pessoal super 10.",10,2026-02-09 01:10:23+00,1
"Experiência insatisfatória. Café da manhã fraco para o padrão de resort. Limpeza inadequada das piscinas. Limpeza ineficiente do banheiro e da  roupa de cama.
Baratas no quarto e no hall de acesso à escada. Fomos acordados na madrugada com uma barata em cima da minha filha. Qnd arrastamos a cama encontramos insetos mortos. Parque muito fraco, parte dos brinquedos interditados. Brinquedos da área coberta totalmente molhados. Check in demorado, fila grande e poucos atendentes. Copa baby sem abastecimento frequente, precisando solicitar itens no restaurante. Data de validade não informada nos itens da copa baby, qnd disponível. Ar condicionado do quarto não funcionava adequadamente.",6,2026-02-09 12:14:04+00,0
Excelente como sempre . Nossa primeira escolha quando vamos à Foz,10,2026-02-09 14:10:10+00,1
"Foi uma experiência muito agradável.
A localizaçao do hotel numa area de muito verde.",10,2026-02-09 19:51:32+00,1
"O que falar desse lugar? Saí com saudades e vontade de retornar. O ambiente é incrível,  me arrependo por ter estado apenas 6 dias e me programado para passear o tempo todo. Preciso retornar para curtir as atividades do hotel. Um café da manhã maravilhoso, atendimento nota mil. Sra Isaura, do café da manhã, uma maravilhosa, atendia nossa mesa sempre com muito carinho e sorriso no rosto. Nossa camareira, do 207 e 205, outra linda e querida. Enfim, não tenho palavras para agradecer toda a gentileza nesses 6 dias de estadia. Sobre as refeições,  sem comentários,  comida deliciosa, vale cada centavo. Funcionário do bar da piscina, outro querido. Enfim, fomos cercados de pessoas maravilhosas e muita gentileza. Impossível pensar em foz e não retornar neste hotel. Gratidão wish por fazer das nossas férias mais especial.",10,2026-02-09 22:03:20+00,1
Ótima,8,2026-02-10 00:00:00+00,1
"Excelente hotel, se não for o melhor com certeza é um dos melhores da região. Boa localização, com todas as características de um resort de verdade. Amplo, o hotel tem uma divisão diferente do padrão em casas do tipo americanas com vários quartos em cada uma delas. Oferecem deslocamento interno com motoristas do hotel. Os quartos também amplos com camas king muito confortáveis, todos possuem ar condicionado, armários espaçosos e com cofre, banheiro também espaçoso e com todos os requisitos de um bom banheiro (possui até varal para roupas de banho dentro do box!) Com varias piscinas e ofuros distribuidos em vários pontos do hotel, possui uma grande piscina central com um bar e garçons para servir aos hóspedes. Oferecem muitas opções de lazer seja para crianças, jovens e adultos. Possuem uma área ""kids"" coberta e com play ground externo, salão de jogos, campo de futebol, quadras de tênis, futsal e basquete. Fazem e divulgam programações diárias divididas para crianças e adultos e algumas diferentes do padrão como exemplo prática arco e flecha, escalada e arborismo (horários específicos acompanhados por equipe). Possuem até mesmo um lago de pesca (gratuito) e campo de golf (utilização paga a parte exceto em eventos realizados pelos monitores com os hóspedes ). Ofertam serviços de ""spa"" e empréstimo de bicicletas (pagos a parte) e alguns outros diferenciais. Estão construindo uma piscina coberta aquecida que acrescentará mais uma comodidade aos hóspedes (as atuais são descobertas e tem aquecimento de água mas para dias frios que são raros na cidade acabam ficando sem utilização). Possui um ótimo restaurante que serve desde o café da manhã, almoço e janta, refeições e pratos variados para todos os tipos de gostos, restrições e exigências de hóspedes. Equipe de colaboradores muito educados e atenciosos, percebe-se um esforço coletivo em oferecer o melhor estar aos hóspedes. Fica aqui um elogio a parte a conscierge do hotel Janielly e a vendedora Zahe e seu supervisor Willian que nos apresentaram o programa exclusive guest (EG) que muitos hóspedes evitam se informar por imagens ""negativas"" que ""circulam"" em redes sociais mas que recomendo aos hóspedes pelo menos ouvi-los e se informar corretamente pois os benefícios do programa são muito vantajosos.
Hotel simplesmente sensacional! Parabéns a administração e toda a equipe que o faz ser o quê é! Recomendo e com certeza voltando a Foz não pensamos em ficar em outro hotel.",10,2026-02-11 00:00:00+00,1
O atendente Édson  maravilhoso muito simpático uma energia muito boa recepção maravilhosa muito bom atendimento nota 10,10,2026-02-11 00:00:00+00,1
 This property is amazing from the amenities to the food at the restaurant. Close to the airport and falls. Great location.  A little overpriced but you get what you pay for. Priceless experience.,10,2026-02-11 12:39:34+00,1
" Mega tolles Resort, sehr gepflegte Anlage, gutes Essen, phantastisches Frühstück  ---",10,2026-02-11 14:39:14+00,1
"Excelente hotel, se não for o melhor com certeza é um dos melhores da região. Boa localização, com todas as características de um resort de verdade. Amplo, o hotel tem uma divisão diferente do padrão em casas do tipo americanas com vários quartos em cada uma delas. Oferecem deslocamento interno com motoristas do hotel. Os quartos também amplos com camas king muito confortáveis, todos possuem ar condicionado, armários espaçosos e com cofre, banheiro também espaçoso e com todos os requisitos de um bom banheiro (possui até varal para roupas de banho dentro do box!) Com varias piscinas e ofuros distribuidos em vários pontos do hotel, possui uma grande piscina central com um bar e garçons para servir aos hóspedes. Oferecem muitas opções de lazer seja para crianças, jovens e adultos. Possuem uma área ""kids"" coberta e com play ground externo, salão de jogos, campo de futebol, quadras de tênis, futsal e basquete. Fazem e divulgam programações diárias divididas para crianças e adultos e algumas diferentes do padrão como exemplo prática arco e flecha, escalada e arborismo (horários específicos acompanhados por equipe). Possuem até mesmo um lago de pesca (gratuito) e campo de golf (utilização paga a parte exceto em eventos realizados pelos monitores com os hóspedes ). Ofertam serviços de ""spa"" e empréstimo de bicicletas (pagos a parte) e alguns outros diferenciais. Estão construindo uma piscina coberta aquecida que acrescentará mais uma comodidade aos hóspedes (as atuais são descobertas e tem aquecimento de água mas para dias frios que são raros na cidade acabam ficando sem utilização). Possui um ótimo restaurante que serve desde o café da manhã, almoço e janta, refeições e pratos variados para todos os tipos de gostos, restrições e exigências de hóspedes. Equipe de colaboradores muito educados e atenciosos, percebe-se um esforço coletivo em oferecer o melhor estar aos hóspedes. Fica aqui um elogio a parte a conscierge do hotel Janielly e a vendedora Zahe e seu supervisor Willian que nos apresentaram o programa exclusive guest (EG) que muitos hóspedes evitam se informar por imagens ""negativas"" que ""circulam"" em redes sociais mas que recomendo aos hóspedes pelo menos ouvi-los e se informar corretamente pois os benefícios do programa são muito vantajosos.
Hotel simplesmente sensacional! Parabéns a administração e toda a equipe que o faz ser o quê é! Recomendo e com certeza voltando a Foz não pensamos em ficar em outro hotel.",10,2026-02-11 18:41:31+00,1
Staff was amazing. Room was excellent. Amenities were excellent. Very close to all the attractions on the Brazilian side. Loved my stay here and would most definitely come back.,10,2026-02-12 00:00:00+00,1
"Excelente Hatel para ir em família! Leiliane, muito querida,  deixou nosso quarto impecável!",10,2026-02-12 00:00:00+00,1
Lindo Resort com todav a estrutura para uma estadia confortável! Gostamos muito!,10,2026-02-12 01:22:13+00,1
"Incrível, o atendimento da Izaura foi excelente, comidas em geral incrível, drinks deliciosos e feitos tudo na hora. Experiência nota 1000",10,2026-02-12 03:51:22+00,1
 Lugar lindo.,10,2026-02-12 06:06:41+00,1
"Bom atendimento, custo benefício ótimo.",10,2026-02-12 08:29:43+00,1
" Absolutely incredible with everything. Location to the falls. The food for breakfast, lunch, and dinner. The staff is very friendly and helpful. I will definitely return.  I think the Jacuzzi room was a little overpriced but in life you get what you pay for and it's up there in value.",10,2026-02-12 16:56:19+00,1
"O hotel é espaçoso e confortável, tem quartos grandes com boa estrutura. Tem uma piscina grande e algumas menores espalhadas pelo hotel. O café da manhã é muito bom, com boas opções de frutas, faz omelete e tapioca na hora e tem várias opções de pães, bolos, iogurtes, etc.

Para quem paga o All Inclusive deles é ok ficar no hotel durante o dia aproveitando a piscina e as refeições. Para quem pega só café da manhã os preços são salgados, principalmente das refeições (R$185/pessoa em Fev 2026). Os funcionários são solícitos e educados, bem treinados.",8,2026-02-12 21:03:48+00,1
"Todo maravilloso lugar para descansar,  todos muy amables en especial dn Edison muy gentil y a solucionar cualquier problema, siempre está preguntando lo que necesitas para agradarte",10,2026-02-13 00:00:00+00,1
"Muito bom! Funcionários educados, limpeza impecável, comida boa!",10,2026-02-13 00:00:00+00,1
"Hotel maravilhoso, superou as expectativas, tranquilidade, tudo muito limpo e organizado, gostaria de elogiar em especial Rosane (limpeza dos quartos) Jefferson (recepção) Izaura e Lucas( restaurante) funcionários super atenciosos e prestativos, ahh e também Sr Edson (cuida das toalhas da piscina)",10,2026-02-13 00:00:00+00,1
"Hotel maravilhoso, experiência incrível e o atendimento da Francisca foi ótimo!!!!",10,2026-02-14 00:00:00+00,1
"Top
O atendimento do Ronaldo 
Gentil 
Melhor atendimento de todos",10,2026-02-14 00:00:00+00,1
"Estrutura do hotel excelente. Restaurante com cardápio excepcional e diferenciado. Serviços do restaurante de qualidade, com colaboradores cordiais, atenciosos, com postura impecável. Recomendo apenas que a recepção oriente os hóspedes com mais detalhes sobre o que o resort oferece - tivemos de descobrir facilidades conversando com outros hóspedes ou explorando o hotel.",10,2026-02-14 00:00:00+00,1
"Estou no hotel desde ontem, viemos passar o carnaval em família! A recreação infantil é extremamente desorganizada, não cumpre a agenda nem o horário! Não promovem interação entre as crianças, ficam brincando em silos e brincadeiras sem nenhuma animação! Entendo que há adaptações devido a chuva, mas está muito distante do valor cobrado pelo hotel e principalmente pelo nível do hotel!",4,2026-02-14 00:00:00+00,-1
The staff were all very friendly and helpful,10,2026-02-14 00:00:00+00,1
" tolle und grosse, weitläufige Hotelanlage mit Golfplatz. Die Zimmer sind auf einzelne Häuser verteilt, die jeweils mehrere Zimmer haben. Unser Zimmer war schön, nicht gross, aber ausreichend, es gibt viel Grün um die Häuser. Leckeres Buffett mit guter und vielfältiger Auswahl für Abendessen und auch Frühstück, leckere frische Obstauswahl! Vom Hotel aus kann man mit Taxi oder Uber zum Vogelpark und den Wasserfällen fahren, Buchung des Ausflugs mit Reiseveranstalter ist nicht zwingend notwendig.  Der Speisesaal wirkt etwas ungemütlich, leider keine Möglichkeit, draussen zu essen.  Sonst gibt es nichts zu beanstanden.",9,2026-02-14 17:41:41+00,1
"Buen servicio, lugar limpio y amplio, áreas verdes, juegos canchas, transporte interior, actividades y mas",10,2026-02-14 22:31:56+00,1
"Estavamos em um grupo de 12 pessoas em família  e oa funcionários nos atenderam na piscina Maicon Vitor, Diego, Rene, Simone e o funcionário Ronaldo do restaurante, foram um diferencial para que nossa estadia fosse perfeita!!
Agradeço a eles os dias que passamos aqui. 

Obrigado!",10,2026-02-16 00:00:00+00,1
"Atendimento excelente
Conforto
Qualidade nos produtos, bebidas e alimentos oferecidos",10,2026-02-16 00:00:00+00,1
"Muy buenas todas las instalaciones,  la piscina tenía algunas baldosas faltando pero nada que sea peligroso creo yo.",10,2026-02-16 11:27:43+00,1
"Este fin de semana fuimos y no pudimos hacer algunas de las actividades que decían que habría en el día, como por ejemplo: Driving Range Golf (Encontro Club House), en el lobby dijeron que  habría que consultar en el Club House, y en el Club House dijeron que deberíamos consultar en el lobby. No tuvimos respuesta de ningún lado. Tampoco habilitaron la actividad de Arborismo y el sendero para hacer la caminata guiada.",8,2026-02-17 16:57:47+00,1
"Hotel muito gostoso, com várias opções de lazer e ótimo atendimento. Destaque para a garçonete Izaura e o garçom Eder que não me pediram esforços para a experiência ainda melhor",10,2026-02-18 00:00:00+00,1
"Gostaria de agradecer ao colaborador Marcelo / Serviços gerais. Viemos de moto de Sp, passamos na Serra do Rio do Rastro em Urubuci. Uma viagem muito cansativa, o Marcelo, gentilmente lavou minha moto, toda cheia de barro, para que possamos usar aqui na região, não sujado nossas roupas. Devido ao barro da serra. O Marcelo foi muito cordial, prestativo, receptivo! De modo geral, os funcionários são gentis, mas ele foi além! Muito obrigado Marcelo, continue assim ! Seu atendimento foi um diferencial !!!

Att

Thiago Moraes",10,2026-02-18 00:00:00+00,1
"Excelentes instalações, tudo bonito e organizado, café da manhã de primeira, bem diversificado. Agradecimento especial para a camareira Dulce que foi muito atenciosa.",8,2026-02-18 00:00:00+00,1
" El desayuno  El olor del cuarto, tenía bastante humedad y olor a cerrado
El jacuzzi lo mismo un mal olor del agua 
La segunda reserva el guardia no nos dejo entrar",2,2026-02-18 01:20:24+00,-1
"Péssima experiência com a rede Wish. Fui convidado pelo clube de férias (EG) para conhecer as dependências do hotel mediante uma apresentação. Mesmo com minha esposa e nossa filha de 2 anos, cumprimos o horário, mas fomos recebidos com total falta de profissionalismo. Ao ser transparente e dizer que meu interesse inicial era conhecer a estrutura, o representante foi rude, questionando o que eu estava fazendo lá se não iria comprar nada. O hotel, por sua vez, nem sequer se prontificou a nos mostrar as instalações após o ocorrido. Saímos desapontados: o que deveria ser um convite para conhecer a marca virou um atendimento agressivo e mercenário. Não recomendo.",2,2026-02-18 17:20:12+00,-1
"Quero deixar registrado o excelente atendimento no restaurante do resort da rede Wish.Eu e minha família fomos super bem recebidos e o grande destaque foi o Fernando: atencioso, simpático e fez a gente se sentir realmente à vontade. Atendimento impecável que faz toda a diferença na experiência. 👏🏻",10,2026-02-19 00:00:00+00,1
"Ótimo atendimento , fui muito bem recepcionado principalmente pelo garçom Fernando , nos tratou super bem e muito atencioso",10,2026-02-19 00:00:00+00,1
"O tio Sansão é incrível!<br>Foi muito divertido e leve conosco!<br>A comida é muito boa, tudo limpo e extremamente novo.  Amamos e recomendamos!",10,2026-02-19 15:28:41+00,1
Adoramos tudo! Voltaremos em breve,10,2026-02-19 15:32:18+00,1
"Maravilloso hotel, Hospitalidad de Lujo.<br>La cama un placer en la comodidad, perfume en todos los ambientes, la piscina y atención magníficos",10,2026-02-19 16:05:05+00,1
"Adorei o Wish! Os quartos são limpíssimos, cama confortável, frigobar cheio, banheira e chuveiros perfeitos. Um lugar super arborizado, muitos pássaros, vimos macacos lindinhos. Amei! Me hospedaria novamente no mesmo hotel.",10,2026-02-19 20:51:08+00,1
" Paisagem, formato do hotel  Banheiro sem box, cadeiras na sacada, por ser um hotel que cobra uma diária de alto valor e quarto poderia ter mais conforto",8,2026-02-19 21:45:40+00,1
"Quarto ótimo, café da manhã com variadas opções todas de qualidade e gostosas. Natureza linda. Adoramos",10,2026-02-20 00:00:00+00,1
"Estrutura linda , gastronomia maravilhosa , equipe atenciosa. Amamos e voltaremos!🥰🥰👏🏼👏🏼",8,2026-02-20 01:10:13+00,1
" La cama de la habitación muy buena igual que el aire acondicionado. Vital en este lugar de tanto calor.

El desayuno y la cena, incluidos en la media pensión, muy buenos.

En el Bar de la piscina, muy buena atención también. 

La atención del personal, muy buena siempre.  El baño no estaba muy limpio en la habitación, el servicio de limpieza también fue muy impuntual.

El televisor de la habitación principal era muy pequeño (24 o 27 pulgadas) y en la sala donde está el sofá cama, no hay televisor, me parece que eso deben revisar. Una habitación de este nivel y con este precio debería tener por lo menos un televisor de 65 pulgadas.

Él chopp se sirve en vaso muy pequeño debe ser con ese precio y calidad por lo menos de 500 cc",8,2026-02-20 12:46:37+00,1
 Todo  Nada,10,2026-02-21 14:30:30+00,1
"Já faz alguns anos que vamos a Foz do Iguaçu e ficamos no Wish. A experiência é sempre maravilhosa, com um serviço impecável, excelentes acomodações e uma tranquilidade que é muito difícil obter em outros hotéis da região, mesmo em época de temporada.
Desta vez, fomos surpreendidos positivamente com a Dulce, da equipe da governança. Ela nos atendeu durante toda a semana que estivemos no Wish, sempre com muita disponibilidade, dedicação e gentileza, fazendo mais do se espera.
Como sempre o Sr. Carlos, que trabalha no restaurante, muito preocupado com nossa satisfação e nos atendendo com excelência.
Até a próxima!",10,2026-02-22 00:00:00+00,1
"Nossa experiência foi incrível. Os funcionários são muitos atenciosos, principalmente o Sr. Edson, a Michelly e a Ashley",10,2026-02-22 00:00:00+00,1
Lugar lindo! Muito aconchegante e com um atendimento excelente,10,2026-02-22 00:00:00+00,1
"Resort de alto padrão,  quartos amplos,  comida saborosa e variada. 
O diferencial é o atendimento dos funcionários,  em especial Janiely, Dall'Cort (recepção)e Scarlet (restaurante), sensacionais.",10,2026-02-22 00:00:00+00,1
"Infelizmente viemos para jogar golfe mas estava impraticável com muito mato e sem manutenção 
Mas no restante ficamos satisfeitos 
Quero elogiar a serviço de camareira todas muito prestativas e a limpeza impecável do quarto em especial a Dulce que cuidou nos três dias consecutivos do meu quarto com muito carinho",6,2026-02-22 00:00:00+00,0
" Organização, ambiente, estrutura e limpeza",10,2026-02-22 22:43:19+00,1
"Vale cada momento! Suíte impecável na limpeza, piscina também! Buffet impecável em
Sabor e apresentação e muitas atividades para aproveitar cada espaço oferecido!",10,2026-02-23 00:00:00+00,1
"O ar condicionado do quarto estava funcionando bem, a camas são bem confortáveis, as madeiras da porta e do rodapé do banheiro estavam bem gastas e apodrecendo. O cuidado externo do hotel não estava muito bom, calcadas sujas e laterais da piscina sujas também.
O que mais decepcionou foi o cafe da manhã, os pães servidos estava duros, sem gosto, nenhum deles parecia ser feito de uma forma caseira, pareciam muito industrializados. Eu esperava mais do hotel pelo preço pago e as avaliações feitas por outros clientes.",6,2026-02-23 00:00:00+00,0
Estadia maravilhosa!Iremos voltar !,10,2026-02-23 10:53:54+00,1
" Recreação, restaurante (especialmente café da manhã)  Conforto da cama poderia ser melhor.",8,2026-02-23 12:29:52+00,1
Hermoso lugar,10,2026-02-23 15:16:41+00,1
"Hotel maravilhoso, ótimo atendimento, lugar perfeito e funcionários maravilhosos",10,2026-02-23 16:59:42+00,1
" Amamos a estádia, quarto super confortável e limpo, espaço externo amplo e super agradável! Várias opções de lazer e descanço.  Nossa concierge Janielly foi super atenciosa e simpática.",10,2026-02-23 18:47:46+00,1
"Sou cliente Exclusive Guest da rede Wish e após 2 anos retorno ao local Wish Foz do Iguaçu e novamente o encantamento acontece.<br><br>Recebemos diariamente mensagens em nosso quarto com mensagens de carinho, temos lugar exclusivo como cliente Exclusive Guest e o resort em Foz é de alta qualidade em serviços, alimentação, recreação e quartos.<br><br>Meu agradecimento especial ao Kenji (gerente do hotel) e ao Wagner (gerente do Exclusive Guest) que proporcionaram para minha família uma excelente férias.<br><br>Estamos felizes e encantados com tanta atenção e mimos que recebemos no hotel e nos sentimos exclusivos e diferenciados.<br><br>Eu super indico o resort Wish Foz do Iguaçu pelo excelente serviço e alto padrão.",10,2026-02-23 19:05:34+00,1
"Tio Sansão e tia Rubi, estãode parabéns.",10,2026-02-23 20:18:18+00,1
Razoável,6,2026-02-23 22:27:58+00,0
"Excellent service. Super recommended and attentive. ❤️ 
Attended by Shirley and Lucimara",10,2026-02-24 00:00:00+00,1
"Excellent experience at the Resort, congratulations to the attendant Clayton and Jefferson of the Reception, in the recreation Uncle Samson and Aunt Rubi, for the attention to the care. Excellent professionals. Note 10.",10,2026-02-24 00:00:00+00,1
"Excellent attention from shirley and lucimara, a very clear and understandable explanation",10,2026-02-24 00:00:00+00,1
Perfeito!,10,2026-02-24 11:57:48+00,1
"Espaço e envolvenyte, muito agradáveis e muito bem tratados. Dispersão dos alojamentos a proporcionar alguma privacidade. Muito bom serviço de entrega e recolha de malas. Buggy's sempre disponíveis, Pormenor: Guarda-Chuvas em grande quantidade, proporcionando conforto adicional aos hóspedes.<br>Negativo: tendo reclamado a reparação do autoclismo (pingava permanentemente, reparação não efectuada.",10,2026-02-24 12:20:27+00,1
"O hotel é sensacional! O atendimento é impecável, são todos muito atenciosos e solícitos. A comida é ótima a concierge é um amor. Os equipamentos da academia são ótimos, a infraestrutura do lugar é maravilhosa. Super recomendo.",10,2026-02-24 14:06:41+00,1
"Muito bem atendidos pelo garçom Fernando, do período da noite. Parabéns!",10,2026-02-25 00:00:00+00,1
"Hotel muy comodo y bien cuidado.
Atención del restaurant 10/10, sobre todo del Sr Ernandez junto a varias chicas y chicos más, que no supe los nombres. Siempre estuvieron dispuestos a ayudar sobre todo a mi papá. 
La habitacion es comoda y tiene de todo (jabón, shampoo,balsamo y toallas).
El hotel es amplio y puede que te toque habitaciones lejanas al lobby.
Destaco la atención ofrecida, ya que hemos estado en otros paises, en hoteles de renombre y la atención siempre fue mala.
La comida excelente 10/10.
Buen ambiente para venir en familia.
Cuiden a los gatos trillizos rubios 🐱 ❤️.",10,2026-02-25 00:00:00+00,1
"Foi a melhor experiência em Foz do Iguaçu.
Que hotel incrível!!! Amamos tudo!
Dos espaços, ao quarto, comida, funcionários, os meninos da recreação são demais!!! Sanção, Alex e toda a equipe, todos  maravilhosos. Deus os abençoe muit!
O atendimento do garçom Jeferson, a equipe do restaurante de modo geral é muito prestativa. Um dos melhores cafés de hotel 5*.
Tudo muito gostoso!!!! O Mingauzinho de aveia que amo, lembrou o que como à noite em minha casa.
Gratidão a todos!",10,2026-02-25 00:00:00+00,1
"Muy buen hotel, servicio y apto para la familia",8,2026-02-25 17:46:46+00,1
Disappointed given 4.7 star rating on Google and apparently a 5 star hotel. Very basic and agree with other reviews is more like a 3 star hotel. The breakfast was nice but the room was very basic and shower covered in soap scum. I will stay elsewhere next time,6,2026-02-25 21:07:27+00,0
"Maior diferencial: equipe excelente! No restaurante destaco o atendimento da Dona Isaura,  Sr. Fernando, Michelly e o risoto da Dona Vera! A comida é maravilhosa e a estrutura de lazer muito boa!",10,2026-02-26 00:00:00+00,1
Tivemos problemas com a água quente por 3 dias seguidos. A internet não funcionava. Fomos específicos que utilizaríamos as redes por motivos de negócio. Não fomos atendidos. Precisamos sair do quarto e só nos realocar. quando ameacei buscar outro hotel. Experiência deplorável.,4,2026-02-26 00:00:00+00,-1
Hotel excelente acomodações maravilhosas super limpo funcionários educados e atenciosos tive o privilégio de conhecer o chef Gui  responsável pela gastronomia do restaurante comida maravilhosa sabor indescritível um café da manhã maravilhoso super recomendo . Podem ser hospedar vao adorar !!!,10,2026-02-26 00:00:00+00,1
Excelente!,10,2026-02-26 01:37:40+00,1
"Tudo maravilhoso!!! Durmida, comida, música ao vivo, interações dos tios com os hospedes!!!! Tudo impecável 🥰🤩✨",10,2026-02-26 01:39:05+00,1
Special highlight to the restaurant The Grill. Eder super attentive and Bruno a barbecue master!,8,2026-02-27 00:00:00+00,1
Foi uma experiência incrível! Scarlat e Fernando deram um show no atendimento.  Espero voltar logo logo ao Wish Foz,10,2026-02-27 00:00:00+00,1
"This was our sixth stay at Wish Foz. We felt very well received. On February 23, two heated pools were inaugurated, which complement the availability of the excellent outdoor pool. We already know many employees by name, who treat us with a lot of attention and affection. The Gulf restaurant has improved a lot in recent years. In addition to the buffet, grilled meats and pizza are offered on time. At breakfast we can enjoy omelettes and tapiocas, also prepared on time. A detail to improve is the supply of well-cut knives, since the supplied usually do not cut even the breads. In the restaurant we highlighted the work of the employees Izaura, Simone, Daniele, and Sônia. At the coffee bar and the pool bar we highlight the service of the staff Talles, Alison, Maycon, Marcelo do coffe bar, Marcelo do bar da piscina, Diego and René, always well-humored and helpful, even under the fierce heat. On the governance sector, we highlight the cleaning and cleaning service of the outdoor pool area, led by tireless Edson, always attentive with all guests. 
We are already missing the hotel, and will definitely return in 2027.",10,2026-02-27 00:00:00+00,1
Melhor lugar,10,2026-02-27 20:40:34+00,1
Ótimo local,10,2026-02-27 21:31:11+00,1
Excelente hotel super indico  adorei o serviço deles,10,2026-02-27 21:36:40+00,1
"Uma ótima hospedagem em Foz do Iguaçu!
Ficamos em um quarto bem afastado e escuro, mesmo durante o dia. A cama era boa e o chuveiro excelente.
A academia, apesar de compacta, é realmente completa.
Optamos pela meia pensão, com café da manhã e jantar. Tudo era excelente, saboroso e bem feito. Com destaque para a pizza do jantar, seguramente uma das melhores que já comemos no mundo.
Os funcionários foram sempre muito educados e prestativos.",8,2026-02-27 23:53:56+00,1
"Atendimento da Piscina excelente, parabéns ao Diego, ao Vitor, Rene, Marcelo e a toda equipe de garçons e bar man!",10,2026-02-28 00:00:00+00,1
"Pessoal do bar da piscina fora do sério!! 
Diego muito atencioso e extremamente profissional !!
Os drinks do Vitor muito bons",10,2026-02-28 00:00:00+00,1
O Diego nos deu um ótimo atendimento! Com certeza a agilidade e excelência no atendimento dele contou para eu querer voltar mais vezes.,10,2026-02-28 00:00:00+00,1
Diego. Rene. Vitor e Marcelo.Quarteto Fantástico do bar!,10,2026-02-28 00:00:00+00,1
"Excelente localização,. conforto e acomodação.",10,2026-02-28 14:31:59+00,1
"Gostei muito da equipe de recreação! Tio Marreto, Pato, Frango, Tia Lala e toda a turma são super animados e atenciosos. Fizeram a experiência ainda mais divertida. Todos muito receptivos!! 👏🎉",10,2026-02-28 14:37:23+00,1
Excelente hotel,10,2026-02-28 15:24:48+00,1
Otimo,10,2026-02-28 15:27:29+00,1
Fui muito bem hospedado!!,10,2026-02-28 17:49:15+00,1
Ótimo lugar,10,2026-02-28 18:35:54+00,1
"Foi nossa segunda estadia no Wish em um ano. Adoramos a liberdade de fumar nas áreas permitidas. Apartamento ""family room"" muito adequado, silencioso. Atendimento especial no restaurante ""the grill"". Agradecemos à Isaura e ao Lucas. A turma da piscina nos atendeu super bem. Agradecimentos esperiais ao Erich, Abediel (Trainee) e Thales. O Churrasco de costela de chão estava ótimo. Na recepção agradecemos à Emília, uma profissional diferenciada, que nos atendeu como reis.",10,2026-02-28 20:46:14+00,1
"Posso afirmar que comi o melhor vatapá de camarão da minha vida! Poderia ter isso todos os dias, simplesmente perfeito! Parabéns ao chef!",10,2026-03-01 00:00:00+00,1
"Visitei o Wish Resort Foz com minha família (esposa e filha de 11 meses) e foi perfeito! As acomodações são muito confortáveis, as comidas excelentes e o espaço de lazer é espetacular! Com certeza retornaremos!",10,2026-03-01 00:00:00+00,1
Un lugar unico en Foz con formato de villas. Excelente servicio en general y en especial el desayuno. Recomendado para familias!,10,2026-03-01 12:20:46+00,1
"Gostei de tudo, hotel muito top",10,2026-03-01 15:30:39+00,1
⭐⭐⭐⭐⭐,10,2026-03-01 17:41:17+00,1
"Visitei o Wish Resort Foz com minha família (esposa e filha de 11 meses) e foi perfeito! As acomodações são muito confortáveis, as comidas excelentes e o espaço de lazer é espetacular! Com certeza retornaremos!",10,2026-03-02 12:45:07+00,1
Hotel ótimo não deixou nada a desejar amei,10,2026-03-02 14:54:47+00,1
"Uma experiência maravilhosa. Quarto maravilhoso, hotel perfeito!",10,2026-03-02 15:31:18+00,1
"atendimento geral ruim, funcionários depreparados e com pouca vontade de atender. instalações do quarto ruim (cheirando a mofo) com ar vazando.
quartos longe das áreas de lazer e recepção e há somente um carro para o hotel todo para transporte tem ocasiões de esperar 30 minutos para locomoção.",4,2026-03-02 15:37:01+00,-1
Ótimo,10,2026-03-02 16:38:49+00,1
Muito bom gostei mesmo é o atendimento é perfeito e vou voltar outra vez,10,2026-03-02 17:27:43+00,1
Ótimo,10,2026-03-02 17:50:45+00,1
Excelente.,10,2026-03-02 19:16:10+00,1
"O resort é muito confortável, bem localizado e com uma infraestrutura excelente. O café da manhã acompanhado pelo Jorge é uma atração à parte. Tremendamente cordial e eficiente.",10,2026-03-03 00:00:00+00,1
"A Dani (da tapioca) e a Cíntia são uns amores. Simpáticas, prestativas e muito educadas. Fora que as tapiocas ficaram perfeitas 🥰🥰. Estão de parabéns 👏🏻👏🏻",10,2026-03-03 00:00:00+00,1
"Ótimo atendimento, camas super confortáveis, ambiente perfeito para famílias com entretenimento completo.
A carne achei um pouco dura, mas achei isso em todos os lugares de Foz que comi até agora, talvez seja característica daqui 💁🏼‍♀️",10,2026-03-03 01:36:11+00,1
Hotel 🏩 lindo muito bom. Excelente em atendimento,8,2026-03-03 15:06:52+00,1
Melhor experiência,10,2026-03-03 16:16:05+00,1
"muito bom, experiência única 🤩",10,2026-03-03 16:31:48+00,1
"Um bom lugar para se hospedar, serviços de qualidade, recomendo.",10,2026-03-03 16:35:30+00,1
Ótimo,10,2026-03-03 21:25:54+00,1
"Tudo ótimo, café da manhã muito bom,, toda a equipe de profissionais qualificada principalmente a profissional de limpeza, dona ELI é excelente, gratidão por tudo",10,2026-03-04 00:00:00+00,1
"Experiência incrível
Local encantador",10,2026-03-04 14:47:23+00,1
Maravilhosa,10,2026-03-04 15:51:59+00,1
"Tive uma experiência simplesmente impecável! O hotel superou todas as minhas expectativas, desde a recepção até o check-out. O atendimento foi extremamente atencioso, com uma equipe educada, prestativa e sempre pronta para ajudar.

O quarto era amplo, confortável e muito bem organizado, com uma limpeza impecável e uma vista maravilhosa. A cama super confortável garantiu noites de descanso perfeitas.

As áreas comuns são sofisticadas e bem cuidadas, transmitindo luxo e aconchego ao mesmo tempo. O café da manhã foi espetacular, com grande variedade e tudo muito saboroso e fresco.

Sem dúvidas, é um lugar que entrega uma experiência 5 estrelas em todos os detalhes. Voltarei mais vezes e recomendo de olhos fechados!",10,2026-03-04 16:11:41+00,1
"Ótimo hotel, excelente lugar para se divertir",10,2026-03-04 16:37:10+00,1
Ótimo!,10,2026-03-04 16:58:20+00,1
Ótima hotel em ótima localização,10,2026-03-04 19:18:52+00,1
Tudo 100%maravilhoso,10,2026-03-04 20:02:40+00,1
Maravilhosa,10,2026-03-04 20:40:12+00,1
"Hotel lindo muito bom
Excelente atendimento",10,2026-03-04 20:46:18+00,1
Hotel simplesmente maravilhoso as pessoas sao muito carismáticas e acolhedoras! Eu voltaria mil vezes de desse.,10,2026-03-05 00:00:00+00,1
"Amei todas as tratativas que o hotel vem me ofertando, pessoal da recepção, restaurante, piscina e limpeza, todos muito receptivos e principalmente a colaboradora Leiliane, muito simpática e prestativa.",10,2026-03-05 00:00:00+00,1
"Hotel com paisagismo lindo . 
Quartos mais antigos , bem espaçoso.  
Café da manhã sortido . 
Quarto deixa a desejar um pouco mas hotel em si muito bonito . Atividades na piscina ..",8,2026-03-05 00:00:00+00,1
Primeira vez e gostamos muito do local e como também dos seus profissionais. Só utilizamos restaurante para café da manhã que tem diversas opções.,10,2026-03-05 09:59:52+00,1
"Experiência simplesmente impecável! O hotel é maravilhoso, muito bem localizado, estrutura linda e extremamente bem cuidada. Os quartos são amplos, confortáveis e muito limpos. Atendimento cordial do início ao fim, equipe sempre atenciosa e prestativa.

O café da manhã é farto e delicioso, com muitas opções. Área de lazer excelente, perfeita para relaxar e aproveitar cada momento.

Com certeza voltaria e recomendo de olhos fechados! 💛✨",10,2026-03-05 11:18:32+00,1
Muito bom gostei,10,2026-03-05 12:57:22+00,1
" o local é lindo, o atendimento é ótimo, piscina boa, café da manhã farto e comida boa  algumas luzes do quarto deixaram de funcionar, mas não chegou a atrapalhar",9,2026-03-05 14:27:51+00,1
"excelente localidade, muito acomchegante",10,2026-03-05 15:49:37+00,1
Maravilhoso top 👏,10,2026-03-05 19:37:58+00,1
"Minha experiência foi excelente! O quarto era espaçoso e aconchegante, o hotel é lindíssimo e o atendimento de alta qualidade. Com certeza voltarei mais vezes.",10,2026-03-05 19:45:52+00,1
"Super recomendo, maravilhoso hotel!!",10,2026-03-05 20:35:22+00,1
Otimo,10,2026-03-05 21:43:53+00,1
"Leiliane muito solicita a nossos pedidos, e atenciosa",10,2026-03-06 00:00:00+00,1
"Adoramos a experiência, o jantar foi muito bom , principalmente pelo atendimento do garçom Fernando Rocha que foi sensacional!!!!",10,2026-03-06 00:00:00+00,1
"Foi show de bola, com entretenimento diário da Tio Sansão. Sensacional!",10,2026-03-06 00:00:00+00,1
"Very good resort. All very helpful and polite staff. Diego of the pool was very nice with us, very helpful and friendly.",10,2026-03-06 00:00:00+00,1
The staff Diego who takes care of the pool service provides an excellent service! Note 1000 for him!!,10,2026-03-06 00:00:00+00,1
Diego did a wonderful service,10,2026-03-06 00:00:00+00,1
Ok,8,2026-03-06 00:00:00+00,1
Super recomendo 🫶🏻,10,2026-03-06 14:28:19+00,1
Ótimo,10,2026-03-06 15:15:44+00,1
"Que lugar incrível, ameiii🩷🩷",10,2026-03-06 15:28:15+00,1
Massa,10,2026-03-06 15:28:53+00,1
Muito boa.,10,2026-03-06 15:43:32+00,1
Legal o hotel,10,2026-03-06 15:49:18+00,1
"O atendimento foi excelente, principalmente do Garçom Fernando Rocha, espetacular!",10,2026-03-06 16:03:28+00,1
Ótimo lugar ótimo atendimento gostei muito!,10,2026-03-06 17:18:22+00,1
Top,10,2026-03-06 18:16:01+00,1
Quartos e serviços maravilhosos. Eu recomendo!,10,2026-03-06 20:24:21+00,1
"Professor Alex foi o melhor!!, Circuito Funcional nota 1000!!!!!!",10,2026-03-07 13:38:19+00,1
"O que falar desse lugar? Saí com saudades e vontade de retornar. O ambiente é incrível,  me arrependo por ter estado apenas 6 dias e me programado para passear o tempo todo.",10,2026-03-07 14:47:37+00,1
Gostei bastante do serviço. Super indico,10,2026-03-07 15:02:24+00,1
Otima,10,2026-03-07 15:03:50+00,1
Muito ótimo um lugar incrível de conhecer,10,2026-03-07 16:35:42+00,1
Muito bom recomendo,10,2026-03-07 17:22:32+00,1
Bom muito bom,10,2026-03-07 17:50:15+00,1
Ótimo serviço,10,2026-03-07 18:37:34+00,1
Maravilhoso,10,2026-03-07 20:49:54+00,1
Um dos melhores que já fui,10,2026-03-07 21:29:01+00,1
Excelente,10,2026-03-07 21:38:12+00,1
"Recomendado bastante, muito bonito e agradável!",10,2026-03-07 21:41:06+00,1
"Só por ver achei muito lindo, é um lugar bem aconchegante com uma vista implacável, já vou me preparar para conhecer mais de perto. ❤️✨️",10,2026-03-08 14:01:44+00,1
Local maravilhoso para ficar com a família,10,2026-03-08 14:12:28+00,1
Excelente servicio r,10,2026-03-08 15:10:15+00,1
"hotel muito bom, maravilhoso",10,2026-03-08 15:22:41+00,1
Muito bom,10,2026-03-08 15:46:47+00,1
Gostei,10,2026-03-08 16:42:19+00,1
Muito bom,10,2026-03-08 17:27:11+00,1
Ótimo lugar para se hospedar gostei muito da minha estadia,10,2026-03-08 18:03:31+00,1
Muito lindo ambiente muito agradável,10,2026-03-08 19:06:23+00,1
"Dessa vez tive uma mal experiência.
Chegamos no hotel e não fomos bem atendidos, como  outras vezes que fui.
Fiz 2 reservas e foi muito demorado a entrega das chaves do AP.
Daí quando porfim entregaram não  falaram qual quarto é para cada flia
Agente entrou no AP errado
Só depois no check-out foi uma bagunça pois eu já tinha pago e o outro quarto não..
Só que na recepção queria novamente cobrar..
Não tava organizado a recepção.
Meu pagamento não ficou registrado tive que mostrar o extrato do meu cartão pra acreditarem que paguei.
Frustração.
Sem falar que caiu energia do meu AP passando calor calor
Queria trocar as tolhas :
O Sr. Que fica no gym me disse cade seu cartão toalha? Falei que  A recepção não entregou..
Agora a limpeza nota 10!
E os pessoal do café todos eles muito organizado.  Nota 10!",10,2026-03-08 19:08:51+00,1
"Foi tudo excelente.  O quarto muito bom, o serviço também. O cardápio da piscina podia melhorar e o sabor das porções também.  Os drinks na piscina também nao são bons, mas eu dei 5 para tudo porque isto é fácil para ajustar. O local é muito bonito e bem cuidado.",10,2026-03-08 21:15:48+00,1
"Fomos muito bem atendidos , principalmente pelo  Ronaldo que todos os dias nos atendeu com muita cordialidade . Estadia maravilhosa , comida deliciosa.",10,2026-03-09 00:00:00+00,1
It was a nice hotel not to far from airport and easy to get into town and the tourist sites. Breakfast had a good selection. Rooms were dated but as we were there for only 2 nights it didn’t change the experience. As a resort it offered everything from pool to gym.,10,2026-03-09 00:00:00+00,1
" Tout était parfait le cadre, la propreté des lieux, les repas nous avons adoré.  Rien",10,2026-03-09 10:24:54+00,1
"Segunda vez me hospedando na rede Wish e não tenho do que reclamar. Hotel excelente, funcionários educados e prestativos. Comida excepcional!!! Piscina sempre limpa. Perto das Cataratas e Parque das Aves. Super recomendo e com ctz voltarei logo.",10,2026-03-09 11:28:58+00,1
Top,10,2026-03-09 11:52:11+00,1
Excelente,10,2026-03-09 12:13:15+00,1
Muito bom,10,2026-03-09 15:11:07+00,1
Excelente,10,2026-03-09 15:12:41+00,1
"Ótimo lugar, incrível",10,2026-03-09 15:30:00+00,1
Show de bola,10,2026-03-09 15:37:06+00,1
Experiência legal gostei bastante super iria de novo,6,2026-03-09 19:26:39+00,0
"Minha experiência neste hotel foi excelente. O atendimento da equipe foi muito cordial e sempre disposto a ajudar. O quarto estava limpo, organizado e bastante confortável, proporcionando uma ótima noite de descanso. As áreas comuns são bem cuidadas e o ambiente é tranquilo. O café da manhã também foi muito bom, com várias opções saborosas. Sem dúvida é um lugar que eu recomendaria para quem procura conforto e bom atendimento. Pretendo voltar em outra oportunidade.",10,2026-03-09 19:28:44+00,1
Excelente!,10,2026-03-09 20:37:27+00,1
Perfeito,10,2026-03-09 21:28:49+00,1
Muito bom gostei muito,10,2026-03-10 11:46:28+00,1
"Primeiro lugar , não existe um funcionário para ajudar carregar as malas até recepção, tive que tomar banho de chuva , pq nem tinha esposa abaixo da cobertura , referente ao café da manhã , pensei que seria incrível , mas já fiquei em hotel bem melhores , vejo o Wist valor diária alta , mas não oferece tudo que pagamos , precisa melhora muito alguns intens referente a estrutura também , lamento pagar valor alto e não ter o retorno , não retorno ......",6,2026-03-11 09:10:42+00,0
 Sejour parfait  Sejour parfait,7,2026-03-11 14:56:25+00,0
" Struttura molto di impatto,ma con molti difetti gestionali. Ad esempio nessuno ha aiutato a scaricare il taxi, il giardino con idromassaggio era pieno di foglie,pulite solo l'ultimo giorno.  C'era un bollitore vecchiotto senza presa nelle vicinanze e mancanza di caffè o te ( dovrebbe essere 5 stelle!). La colazione era buona ma non eccezionale.  
Tante mancanze per un 5 stelle.  Vedi sopra",7,2026-03-12 00:58:29+00,0
"O lugar é lindíssimo,  as piscinas são maravilhosas, o café da manhã e jantar são incríveis.... os funcionários do hotel são muito educados e prestativos",10,2026-03-12 15:26:47+00,1
Muito bom,10,2026-03-12 16:06:24+00,1
"Muito bom, recomendo demais!!!",10,2026-03-12 17:52:37+00,1
" Quarto muito bom, comida e café da manhã também,  Cobrança pelo uso do carregador do carro elétrico que em nenhum momento foi avisado antes do uso; a sauna úmida do hotel muito ruim, bem como as banheiras de hidromassagens externas estavam sem condições de uso!",8,2026-03-12 18:15:12+00,1
Ótima experiência,10,2026-03-12 20:54:22+00,1
Amei o lugar experiência única,10,2026-03-12 21:37:02+00,1
"Sensacional...
Gostaria de deixar meu agradecimento especial ao Ronaldo,  pelo excelente atendimento durante toda essa semana.

Atendimento de alto nível, sempre com atenção, educação e muita dedicação em bem receber. Isso faz toda a diferença na experiência dos hóspedes.

Muito obrigado, Ronaldo",10,2026-03-13 00:00:00+00,1
"Muito bom, voltarei com certeza",10,2026-03-13 18:31:44+00,1
Lugar INCRIVEELLL,10,2026-03-13 20:57:16+00,1
"Muito bom, vou voltar mais vezes",10,2026-03-13 21:32:22+00,1
"O resort é bem completo , com bastante área verde , quartos grandes , arejados e confortáveis , comida do restaurante e café da manhã espetacular.
Uma observação para os colaboradores, todos muito simpáticos e prestativos.
Quero deixar registrado meu agradecimento à camareira Francisca pelo excelente trabalho. O quarto sempre esteve impecavelmente limpo, organizado e muito bem cuidado. Dá para perceber o carinho e a dedicação em cada detalhe. Além disso foi muito simpática , prestativa e agradável . Fica aqui meu agradecimento",10,2026-03-14 00:00:00+00,1
"Experiência maravilhosa!!! Que estrutura incrível, funcionários muito cordiais. Em especial o garçom Ronaldo, muito atencioso, prestou excelente atendimento, muito solicito e educado. Wish está de parabéns, com certeza retornarei.",10,2026-03-14 00:00:00+00,1
"Foi a melhor, lugar incrível e instagramavel.",10,2026-03-14 14:53:16+00,1
"Local Lindo, Instagramavel, Tranquilo e muito Familiar!

Atendimento excepcional de todos os profissionais, em especial o Diego do Bar da Piscina, os recreadores Tio Sansão e Flik, e o atendente Bismarck.

Agradeço por toda a atenção e cuidado conosco, cada detalhe foi extremamente especial para termos certeza de voltarmos em breve, e, possivelmente com toda a Família!",10,2026-03-14 15:04:04+00,1
"Um lugar encantador, nota mil",10,2026-03-14 15:04:44+00,1
"Ótimo lugar pra se morar eu indico,muito co fortavel",10,2026-03-14 15:11:39+00,1
Local maravilhoso,10,2026-03-14 15:42:18+00,1
Muito bom super recomendo ótimo lugar,10,2026-03-14 19:38:02+00,1
Excelente! Recomendo para todo mundo.✅,10,2026-03-15 12:12:30+00,1
Gostei muito do serviço,10,2026-03-15 16:14:29+00,1
Bom,10,2026-03-15 17:42:48+00,1
Maravilhosa 😍,10,2026-03-15 18:59:13+00,1
Ótimo atendimento,10,2026-03-15 19:20:44+00,1
Otima,10,2026-03-15 19:31:40+00,1
"Hotel muito bom, melhor que já fui, muito bem organizado, tem um ótimo espaço, confortável e aconchegante, recomendo muito este hotel, com certeza irei voltar",10,2026-03-15 19:50:10+00,1
Nossa muito bom e muito em conta valeu cada minuto 😁,10,2026-03-15 23:30:13+00,1
Excellent site and helfpul staff.  Was on business and will surely return for leisure,10,2026-03-16 00:00:00+00,1
 Gosto muito do ambiente arborizado  Achei que tem alguns pontos que precisam de manutenção e também melhorar as toalhas de banho.,9,2026-03-16 15:34:35+00,1
 Das acomodações e a disponibilidade dos funcionários. Tudo bem cuidado.  Abordagem para venda.,9,2026-03-16 15:44:20+00,1
Lugar maravilhoso recomendo. 🏖,10,2026-03-16 17:56:07+00,1
Maravilhoso lugar,10,2026-03-16 18:52:41+00,1
"“Experiência muito agradável. Lugar confortável, acolhedor e com um atendimento que faz a diferença. Me senti muito bem durante a estadia.”",10,2026-03-16 20:12:54+00,1
"Experiência muito boa, interessante, diversificada.",10,2026-03-17 00:00:00+00,1
"Adoramos a recreação, todos os tios estão de parabéns, Tio Potter, Tio Chan, Tio Bahiano, Tio Cowboy, Rubi, Ravena e toda a equipe, parabéns a todos",10,2026-03-17 00:00:00+00,1
"O Resort Wish Foz do Iguaçu é espetacular. O espaço é amplo em todos os ambientes, os quartos são confortáveis e aconchegantes. O atendimento é maravilhoso. Gostaria de elogiar duas funcionárias em especial : Francisca (limpeza) Izaura (restaurante), elas se destacam na gentileza e proatividade. Estou muito feliz e satisfeita por ter essa experiência tão agradável!",10,2026-03-17 00:00:00+00,1
Beautiful property  and Staff was wonderful,10,2026-03-17 00:00:00+00,1
Muy bonito,10,2026-03-17 00:46:56+00,1
Hotel maravilhoso em especial a equipe de recreação. Chan e o tio pantera da recreação e o marcelo do lobby gente boa demais e o profissional excelente.,10,2026-03-17 00:51:29+00,1
"Excelente o tio pantera e  tio chan, e Marcelo  são muitos a atenciosamente,  parabéns",10,2026-03-17 01:00:39+00,1
Muito bom 😃,10,2026-03-17 12:10:07+00,1
" Schöne weitläufige Anlage mit mehreren kleinen Pools und Sitzmöglichkeiten zwischen den kleinen Häusern. Grosse bequeme Betten, leise Klimaanlage, riesiges Frühstücks- und Abendbuffet, kurze Wege zum Flughafen und den Wasserfällen, alles gut mit Uber erreichbar",10,2026-03-17 14:28:19+00,1
Muito bom,10,2026-03-17 14:29:23+00,1
"Minha estadia foi excelente! O hotel é muito bem localizado, ambiente limpo e organizado, com uma equipe extremamente atenciosa e educada. O quarto estava confortável e tudo funcionava perfeitamente. Café da manhã muito bom, com bastante variedade. Com certeza voltarei e recomendo!”",10,2026-03-17 18:30:01+00,1
"Muito boa estrutura, excelente atendimento principalmente da Scarlett, café da manhã ótimo, jantar razoável, as toalhas podem melhorar",10,2026-03-18 00:00:00+00,1
"O hotel está situado numa propriedade muito linda. A equipe é o ponto forte, muito educada, atenta às nossas necessidades e muito profissionais.  Um destaque para a Scarlet que nos serviu no buffet da janta e para o Edson sempre atento no setor das piscinas. O buffet de café da manhã também merece destaque",10,2026-03-18 00:00:00+00,1
"​Minha recente estada no Wish Foz do Iguaçu apresentou pontos positivos e oportunidades de melhoria que julgo pertinentes compartilhar.
​Check-in e Abordagem Comercial:
Fomos recebidos com cordialidade e a equipe foi solícita ao permitir o early check-in. No entanto, logo após o registro, fomos conduzidos a uma sala de ""concierge"" cujo objetivo claro era a venda de programas de fidelidade/clube de férias. Considero essa prática invasiva e inoportuna, especialmente no momento em que o hóspede deseja apenas acomodar-se em seu quarto. Embora tenha mantido a polidez, precisei ser enfático para declinar a oferta.
​Serviço de Quarto e Governança:
Apesar de os funcionários serem, em sua maioria, prestativos, houve uma falha na manutenção da nossa acomodação. Mesmo sinalizando a liberação do quarto para limpeza logo cedo, o serviço só foi realizado após uma reclamação formal, já no período da tarde/noite.
​Experiência Gastronômica e Atendimento no Café da Manhã:
O café da manhã é adequado, porém não se destaca para o padrão do estabelecimento. O ponto crítico ocorreu quando minha esposa encontrou um fio de cabelo em seu omelete, percebido apenas na última garfada. Ao relatar o fato, a funcionária limitou-se a eximir-se de culpa alegando o uso de touca, o que denota falta de preparo para lidar com intercorrências de higiene.
​Considerações Finais:
Devido ao horário restrito para o nosso voo de retorno, levamos a queixa à recepção no momento do check-out. Infelizmente, a resposta dos recepcionistas foi burocrática, informando que o ocorrido deveria ter sido tratado exclusivamente com o Maître no momento do fato e que nada poderiam fazer. Tal postura demonstra uma falha na comunicação interna e na resolução de problemas voltada à satisfação do cliente.
​O hotel possui uma estrutura física fantástica, mas carece de ajustes em processos internos e na abordagem ao hóspede para garantir uma experiência verdadeiramente memorável.",6,2026-03-18 00:00:00+00,0
"Mais uma vez uma Experiência Incrível, tudo funciona por música, colaboradores super solícitos.A cereja fo bolo foi sem dúvida a culinária, tendo chef Guilherme como destaque ,não só na comida mas também com sua simpática e conhecimento. 
Super Recomendo!",10,2026-03-18 00:00:00+00,1
Lugar incrível 😍,10,2026-03-18 11:52:49+00,1
Perfeito,10,2026-03-18 12:06:42+00,1
Ótimo localização,10,2026-03-18 12:39:49+00,1
" The pool, gardens and areas are nice, the gym is good. Staff is the best, they worry about your needs and are helpful. Food is ok. Location is really good, near the falls and the airport so its great. If you play golf its also a good choice.  I stayed in the hotel before it became what it is today, this was over 23 years ago and then de built what it is now. The issue is I don’t think they have made any upgrades in those 20 years, rooms are really run down and not comfortable.",4,2026-03-18 14:06:55+00,-1
Muito bom!,10,2026-03-18 15:12:50+00,1
Tive uma experiência muito boa lugar maravilhoso,10,2026-03-18 16:34:49+00,1
"Maravilhoso hospedagem maravilhosa
Funcionários super educados",10,2026-03-18 18:01:50+00,1
"Ótimo lugar,ameiii",10,2026-03-18 18:09:38+00,1
Fui uma experiente surreal quero ir de novo e de novo,10,2026-03-18 18:17:58+00,1
Local muito bom recomendo muito,10,2026-03-18 18:19:32+00,1
"Tive uma experiência incrível, vou voltar mais vezes, adorei 😍😍😍😍",10,2026-03-18 19:05:24+00,1
Lugar excelente,10,2026-03-18 19:10:12+00,1
Ótimo,10,2026-03-18 20:42:58+00,1
"Muito bom,fui e gostei,recomendo",10,2026-03-18 21:06:45+00,1
"O hotel conta com uma equipe muito boa, simpatia , compete. Tudo muito lindo. Espaço muito bom.",10,2026-03-19 00:00:00+00,1
Si lindo todo,10,2026-03-19 00:00:00+00,1
"Me chamo Rosângela e a minha estadia de 6 dias foi maravilhosa conheci os melhores funcionários de alguns eu lembrei do nome o Ronaldo do restaurante e o Seu Carlos muitos gente boa, te a Michele, Fernando, Marian, Cintia, Rebeca, Zaqueu, Guilherme o Filipaul e a Angela e todos os outros funcionários do hotel em Geral estão de Parabéns e retornaremos em breve!!  Amei a tapioca de Daniele do café da manhã e parabéns pela equipe e pelo Hotel maravilhoso.",10,2026-03-19 00:00:00+00,1
"Para não ser injusto, não vou citar nomes. Em todas as áreas, é uma equipe extraordinária. Fomos muito bem atendidos por todos.",10,2026-03-19 00:00:00+00,1
"Muito boa mesmo, super indico, muita variedade de comida e de café  da manhã tb, quartos super limpos e aconchegantes e muita área verde super bem conservada.",10,2026-03-19 11:03:27+00,1
"Die Anlage ist riesig und wirklich schön aufgebaut, der Garten ist ebenfalls wirklich süß. Die Zimmer sind leider nicht im guten Zustand, hier fehlt wirklich die Instandhaltung vor allem in den Bädern. Die Küche de angeboten ist weit von 5 Sterne entfernt und die „Bar“ lädt überhaupt nicht für drinks ein, abgesehen war Sie nur bis 23 Uhr auf? Am Ende des Tages sehe ich es eher als ein 3/4 Sterne haus aber auch nur wegen der Anlage, würde ich weiterempfehlen? Glaube nicht.",6,2026-03-19 11:39:49+00,0
"Visitei o local e gostei muito, tudo muito bom.",10,2026-03-19 12:59:35+00,1
"O resort é maravilhoso, um clima indescritível de tao perfeito, profissionalismo de todos, são todos animados e educados, café da manhã excelente!! Tem várias atividades recreativas maravilhosas. Fiz a recreação com os Tios Sansao e Flik, ótimos profissionais!! Uns amores, super educados e prestativos! Recomendo demais!",10,2026-03-19 13:33:32+00,1
Estava tudo impecável uma experiência inesquecível. Voltarei mais vezes,10,2026-03-19 19:10:10+00,1
"Eu ameiii , em breve voltarei",10,2026-03-19 21:16:15+00,1
"A piscina é ótima, os funcionários são prestativos, mas o hotel carece em alguns lugares de restauração. Alguns quartos são melhores que os outros, já me hospedei várias vezes, sempre em quartos variados, essa última vez senti que o quarto foi bem inferior, embora confortável.",8,2026-03-20 00:00:00+00,1
" Hotel impecável, tudo muito limpo, roupas de cama excelentes, equipe muito atenciosa. 
Café da manhã com muitas opções, tudo que comemos estava bom. Destaque para garçom Éder do restaurante a la carte atendimento nota 10.
Voltaremos com certeza.  Funcionário da reserva/telefone disse que não havia vaga sendo que estávamos com a página do Booking com disponibilidade, hotel bem vazio inclusive. Também deixaram 2 sacos enormes de toalhas sujas em frente ao nosso quarto durante toda estadia, fomos embora e permaneceu lá.",10,2026-03-20 00:19:07+00,1
Tudo la é bom.,10,2026-03-20 00:44:23+00,1
"Me encantó el resort. Es excelente
Muy buen desayuno",10,2026-03-20 07:15:29+00,1
"Foi complicado, mas no mais foi otimo",10,2026-03-20 11:43:03+00,1
Hotel muito bom gostei bastante,10,2026-03-20 15:40:40+00,1
Excelente lugar,10,2026-03-20 15:54:54+00,1
"Tudo maravilhoso, ameiii",10,2026-03-20 16:54:22+00,1
"Un lugar genial..todo lo q necesitas sin salir del hotel. Muchas actividades, las piletas y yaccuzzi por todo el hotel ...es para relajarse y disfrutar.
El desayuno y cenas de alto nivel",10,2026-03-20 22:35:02+00,1
 El desayuno es sin duda una de las mejores de la zona hotelera de Foz de iguazu. Los personales muy amables. No pude aprovechar el campo de golf ni el sendero pero es ideal venir en familia.,9,2026-03-21 12:03:55+00,1
"Equipe  beirando  a Perfeição , todos fazendo com que a estadia fique ainda mais agradável.
Com certeza irei retornar.
Agradeço  o cuidado com que fomos recebidas.",10,2026-03-22 15:18:09+00,1
Ótimo lugar recomendo,10,2026-03-22 17:14:11+00,1
Ótimo atendimento e ambiente agradável,10,2026-03-22 18:19:49+00,1
Ótimo em todos os aspectos,10,2026-03-22 19:48:04+00,1
Melhor hotel que já vi,10,2026-03-23 01:18:30+00,1
"O hotel muito bom. porem cuidado na abordagem dos vendedores de diarias partilhadas. oferecem almocos , passeio a argentina etc. No fim fechem um pacote com pagamento de 6 meses para experimentar , e assinei o contrato. Qual foi a minha surpresa que havia mais 30 parcelas a serem pagas. Como estava de lazer nao me preocupei na leitura do contrato e assinei na confiança. erro meu. agora o cancelamento sai em 3900 reais e o que paguei 4000 reais foi para o espaço. so aconselho a cuidados com estes vendedores especialmente a um paraguaio Willlian Ramser Ramires e sua parceira Lucimara Alves Prado",10,2026-03-23 12:31:29+00,1
" Me gustó la limpieza , las sábanas, la comodidad excelente  Nada que discutir",10,2026-03-23 14:36:27+00,1
