text,rating,date,class
"Amamos tudo! O hotel entrega o que promete!! Ótima localização e ótimo custo benefício. Fui com minha filha e amamos!!!

Um agradecimento especial a Simone da recepcão, Vitor (mensageiro), e ao Everton (gerente do restaurante) que sempre nos atenderam muito bem, com muito respeito e cordialidade.",10,2024-01-02 00:00:00+00,1
 O hotel fica bem localizado e tem um valor muito atrativo  Tivemos problemas com a manutenção do ar condicionado e vazamento do banheiro. Além disso o café da manhã era bem fraco,7,2024-01-02 11:39:51+00,0
Gostamos muito.,10,2024-01-04 20:02:25+00,1
"Hotel apparentemente carino. In realtà si è rivelato un disservizio continuo. Per iniziare al check in non ci hanno dato le informazioni di base ( in particolare che le pulizie nelle camere sarebbero state effettuate dalle 8 alle 16). Tornati da una mattinata alle cascate e desiderosi di una doccia abbiamo chiesto come mai non fosse stata fatta la camera. Ci hanno risposto con arroganza che avremmo dovuto chiederlo ma nessuno ce lo aveva detto al check in. 
Ci hanno dato una soffocante camera per disabili ( e non lo siamo se dio vuole). Personale arrogante e per nulla accogliente ( dalla reception al bar) piscina sovraffollata e sporca. Famigliole brasiliane a dir poco chiassose ovunque. Colazione mediocre. Pessima esperienza. Peccato perché Iguacu e le sue cascate sono bellissime",2,2024-01-05 00:00:00+00,-1
"Abbiamo soggiornato in questo hotel, apparentemente carino; in realtà si è rivelato pessimo. Asciugamani con capelli e peli altrui, servizio arrogante e lento. E per finire ci hanno messo in una camera soffocante per disabili (per fortuna non lo siamo). Infine, la maggior parte della clientela non è internazionale ma famiglie di brasiliani chiassosi e male educati. Piscina sovraffollata e sporca. Cocketail al bar di scarsa qualità e colazione mediocre. Peccato perché ci ha rovinato l’esperienza ad iguacu.",2,2024-01-05 18:18:47+00,-1
" Atendimento  Hotel já mais velho, necessitando melhorias, área de lazer muito abaixo , com som altíssimo e pouco espaço.",4,2024-01-07 08:15:45+00,-1
" Piscina aquecida  Falta de opção para lanches saudáveis
Frutas de boa qualidade",9,2024-01-08 01:20:59+00,1
" Zimmer waren total in Ordnung. Klein aber sauber. Das Frühstück war sehr gut. Es gab eine große Auswahl.  Das Internet war unterirdisch, was problematisch ist, wenn Mensch darauf angewiesen ist. Das Reisebüro vor Ort verlangt völlig übertriebene Preise und die Tipps waren generell wenig hilfreich. So wurde uns z.B. der Trip auf die argentinische Seite der Iguazúwasserfälle als wahnsinnig kompliziert verkauft. Es hieß wir müssten mit einem Reiseführer reisen und könnten dort nur mit argentinischen Pesos zahlen. All das entspricht  de facto nicht der Realität. Das Wasser im Pool ist viel zu warm und nicht erfrischend, zudem war es sehr trüb und wirkte nicht gerade sauber. Wir konnten erst nach der eigentlichen Check-In Zeit einchecken, was ärgerlich war, da wir sehr früh vor Ort waren und extra darum gebeten haben, so früh wie möglich auf die Zimmer zu dürfen. Darauf wurde jedoch kein Wert gelegt und das wir dann sogar noch nicht mal pünktlich auf die Zimmer konnten, empfinde ich als schlechten Service.",6,2024-01-10 01:05:42+00,0
"Confortável, bom atendimento, garagem segura",10,2024-01-11 12:00:58+00,1
 La pileta hermosa la limpieza comodidad rápidez el personal muy amable atentos estuvieron en todos los detalles desde que llegamos hasta que nos fuimos. El desayuno espectacular y realmente todo lindo. Lo super recomiendo  Que no tienen excursiones grupales y esta alejado del parque foz iguazu. Fue lo único que me quedo incómodo,10,2024-01-11 22:22:16+00,1
"Foi muito bom!Serviço de café da manhã excelente!Recepção um pouco fria, mais uma infraestrutura perfeita!",10,2024-01-12 12:07:27+00,1
Ótimas acomodações e atendimento. Recomendo reserva antecipada para alta temporada.,10,2024-01-12 23:46:55+00,1
"Bem localizado, próximo ao shopping e restaurante, atendimento maravilhoso, ele são bem atencioso psina higienizada restaurante dentro da faixa com pratos incríveis. Super recomendo. Ficamos lá por seis dias e a cada dia o café da manhã era ainda mais surpreendente.",10,2024-01-14 15:20:28+00,1
Bem localizado,10,2024-01-14 19:50:36+00,1
 Servicios y calidad  Nada,9,2024-01-14 23:08:41+00,1
"Nossa experiência foi maravilhosa, dias incríveis, o hotel atendeu todas as nossas expectativas   tanto na localização como no atendimento. O café da manhã delicioso e o espaço das piscinas nos refrescou nos dias quentes que pegamos em Foz. Amamos a experiência!",10,2024-01-16 12:26:09+00,1
"Ótimo hotel, quartos amplos, café da manhã delicioso. Funcionários atenciosos. Restaurante muito bom. Só tirei um pontinho porque deixaram a desejar na limpeza do quarto por 2 dias.",8,2024-01-16 13:54:36+00,1
 òtimo e farto. Havia opção glutem free e lac free  Gostei de tudo.,9,2024-01-17 10:54:39+00,1
" Acomodação,equipe limpeza  Na piscina poderia ter um local com sombra na água,bar deixou a desejar chopp quente e drinks também quentes.O atendimento foi bom.",10,2024-01-17 14:28:33+00,1
"Estadia maravilhosa!Estivemos em viagem de férias no período de 11/01 a 18/01 e fomos muito bem atendidos por todos os colaboradores do hotel.
Tive uma grata surpresa no dia do meu aniversário,16/01 que foi enviado para o nosso quarto um bolo e uma tábua de frios deliciosa.
Adoramos tudooooo!
Até a próxima viagem para Fóz😍",10,2024-01-20 00:00:00+00,1
" O café da manhã é muito completo e o restaurante é grande. As camas possuem roupa de cama muito confortáveis e staff muito solícita, com um bom serviço de quarto  Não tem muita coisas nos arredores e achei os facilities do hotel menor do que nas fotos. Fomos fora de temporada e achei os preços muito salgados pro que oferecia.",8,2024-01-20 16:20:10+00,1
" Estrutura nuito boa, café da manhã completo, atendimento excelente, funcionários atenciosos,  área de lazer maravilhosa. Recomendo.",10,2024-01-21 17:35:27+00,1
"Excelente localizaçăo,hotel limpo e com colaboradores cordiais e educados🌷",10,2024-01-23 09:02:20+00,1
" Muito boa a localização. Gostei da piscina e do atendimento em geral. Exelente cafe da manhã|
Ar condicionado eficiente em todos os locais,  O serviço de arrumação dos apartamentos muito ruim, Horario inadequado e descuido total. Também o tamanho do quarto muito apertado. Não condiz com as fotos.",7,2024-01-24 20:26:56+00,0
 The location and facilities were great. Staff were very friendly and helpfull  Nothing,10,2024-01-24 21:31:05+00,1
Fiquei 3 dias no hotel e gostei muito do serviço.  Me hospedaria novamente.,10,2024-01-25 16:34:21+00,1
Muito bom ... Aconchegante com serviço espetacular...,10,2024-01-25 19:18:06+00,1
As bebidas são bem CARAS!,10,2024-01-26 11:58:21+00,1
"Albergo che ci è stato proposto all' interno del pacchetto turistico di viaggio in Brasile che abbiamo acquistato con la MILLEVIAGENS.

Stanze molto comode, piscina con bar che serve buoni cocktails e stuzzichini, personale molto gentile e posizione comoda per poter andare a cena nella zona centrale di Foz do Iguaçu.

Sicuramente un hotel confortevole e in linea con la categoria e le recensioni precedenti.",10,2024-01-30 00:00:00+00,1
" Beautiful room with plenty of space. About to unpack bag and enjoy the room.
Shower was great and bed was comfortable.
The staff were very friendly and nice. They also were present and attentive to guests like calling a lift before you got there.
Food was very good.  Breakfast is very busy early in the morning so avoid if possible, after 0830 was calmer and easier to eat.
Power points were in odd locations in middle of bed.",9,2024-01-30 00:34:32+00,1
" Pessoal super prestativo, limpeza e localização",10,2024-01-30 15:10:36+00,1
"Tive uma boa experiência e não tenho do que reclamar da minha estadia. Os funcionários foram muito prestativos, quartos bons, piscina, e achei a localização do hotel muito boa. Voltaria a me hospedar no neste hotel.",10,2024-01-31 17:03:58+00,1
" Piscina maravilhosa!
Café da manhã bom  Cardápio com poucas opções de bebidas e comidas para servir no quarto após as 21 hrs.",8,2024-02-01 20:03:35+00,1
"Eu e a minha família adoramos o hotel! A começar pela recepção, atendimento sempre muito prestativo.
Ficamos num quarto não muito grande, mas suficiente pra minha família. A vista não era das melhores, ficou voltada pra rua. O quarto estava bem limpo e com as instalações com aparência de novas.
A piscina tem tamanho bom, nos divertimos muito lá, mas achei que o sistema de filtragem não estava 100% pois a água ficava um pouco turva. Tinha cadeiras e espreguiçadeiras em bom número. Tem duas hidros que estavam com água bem quente, ótimo pra quem gosta. Os atendentes do bar sempre muito cordiais (a nossa turma estava em 14 pessoas, imagina a bagunça que eles aguentaram rsrsrs).
O café da manhã foi um dos melhores que já comi, destacando a salsicha no molho. Que delícia de molho! Gostei tbm da variedade.
No geral, o hotel tem decoração moderna, instalações novas e bem cuidadas.
Mas, de fato, o que fez a estadia ser muito boa foi o atendimento!
Parabéns a equipe Nadai!",10,2024-02-02 03:27:06+00,1
"O local do hotel é ótimo, perto do centro, perto de várias coisas, mas infelizmente os quartos são básicos e o serviço de limpeza pelo preço que se paga é péssimo . O serviço de limpeza dos quartos nos primeiros dias foi bem ruim e demorado. Não colocaram os sabonetes e a limpeza demorou demais pra acontecer. Chegamos do passeio e da piscina e até por volta das 15:00 os quartos ainda não tinham sido limpos. Infelizmente pelo preço que se paga o serviço e os quartos não são adequados. A piscina tem aparência de suja. Poucas cadeiras na sombra quando está cheio. Os atendentes do térreo são atenciosos.",4,2024-02-04 13:01:37+00,-1
" Piscina y solárium amplio y  agradable y con musica
Baño y ducha
Cama amplia
Aire acondicionado funcionando perfectamente 
Atención del personal cordial y amigable",10,2024-02-06 11:47:18+00,1
" O café da manhã é muito bom, o hotel é muito limpo e bem organizado, o quarto é muito bem equipado e bem decorado.  As vezes o sinal de Wifi no quarto era ruim",10,2024-02-10 10:27:38+00,1
"Minha estadia neste hotel foi incrível! Amei tudo, mas o destaque vai para os funcionários extremamente atenciosos, que tornaram minha experiência ainda mais especial. Recomendo a todos que buscam um serviço excepcional e uma estadia memorável!",10,2024-02-10 22:45:59+00,1
"Отличный отель, отзывчивый и внимательный персонал. Вкусный завтрак и уютный номер, по крайней мере мой был таким.",10,2024-02-13 11:25:37+00,1
"ótimo atendimento, pessoal é bem carismatico",10,2024-02-16 14:04:15+00,1
" Localização, SPA ( fiz minha unha e tbm massagem + ofurô) + café da manhã com opção de pão sem gluten (meu marido eh celiaco), a água saborizada cortesia perto dos elevadores.  Nada específico.",9,2024-02-17 02:58:03+00,1
Experiência nada agradável. O mais interessante é que responderam a minha agente de viagem que nenhuma das minhas reclamações eram verídicas.,2,2024-02-17 12:11:41+00,-1
" Největší předností tohoto hotelu byl hotelový personál, hlavně recepce tam naštěstí s ničím nebyl problém což je fajn. Snídaně v pohodě jako všude v Brazílii úplně stejná. 700 m od je autobusové nádraží a 700 m na druhou stranu je OC.  Hotel na mě na první pohled působil jako staveniště, velmi špinavý koberec na chodbách, nevím proč tam je, výtah vydává divné zvuky a bazén velmi malý a taky nebyl nejčistší. Málo úložného prostoru na pokoji. Po dlouhé době co fotografie na bookingu působily o hodně hezčeji než realita",7,2024-02-17 13:05:05+00,0
"O hotel é muito bom. Os quartos são bons, o atendimento é bom e a área de lazer é boa.  Na relação custo-benefício é uma ótima escolha.
O ponto negativo fica para a culinária: jantar de carnaval a cento e vinte reais por pessoa, sem bebida, e com comita de má qualidade. O risoto era feito com arroz convencional, e não arbóreo; o barreado não era barreado, apenas uma carne cozida desfiada; a moqueca mal tinha camarão e as sobremesas era igualmente ruins. Portanto, é necessário rever a culinária do hotel, para que o nível possa melhorar ainda mais.",8,2024-02-18 00:00:00+00,1
Cuenta con todo lo esencial.,10,2024-02-18 00:00:00+00,1
"Hotel muito confortável. Serviço muito.bom. peça na culinaria: a carne parece CARNE DE BOI VELHO DE TAO DURA!!!!!
Incompatível com preços exercidos!!",8,2024-02-18 23:02:45+00,1
"Hotel com boa estrutura,de fácil acesso,quarto limpo com cama confortável e ótima piscina.Recomendo!",10,2024-02-19 00:00:00+00,1
" Estrutura e equipe ótimos.  O café da manhã não é muito bom, apesar de bastante variedade, as coisas não são de qualidade muito boa. Principalmente os doces, que têm aparência boa, mas sabor bem decepcionante.
Se ouve bastante os barulhos no corredor e da piscina. 
A cortina e persiana não são suficientes para bloquear bem a luz do sol. O quarto fica muito claro de manhã.",8,2024-02-19 14:37:36+00,1
Staff were extremely attentive and helpful.  Breakfast was delicious.,10,2024-02-20 00:00:00+00,1
"Très bel hôtel , propre et personnel très gentil et très professionnel . Chambres et lits confortables . Piscine extérieure avec bar, musique et  jacuzzi. Il y a aussi un spa que nous n avons pas testé .
Le dîner au restaurant était très bon . Le petit déjeuner varié et bon aussi. Nous avons rien à redire . Cet hôtel est un très bon rapport qualité prix .",10,2024-02-20 00:00:00+00,1
"Très bel hôtel , propre et personnel très gentil et très professionnel . Chambres et lits confortables . Piscine extérieure avec bar, musique et  jacuzzi. Il y a aussi un spa que nous n avons pas testé .
Le dîner au restaurant était très bon . Le petit déjeuner varié et bon aussi. Nous avons rien à redire . Cet hôtel est un très bon rapport qualité prix .",10,2024-02-21 03:06:52+00,1
Great hotel,10,2024-02-22 00:00:00+00,1
"Estadia maravilhosa, com muito conforto, tranquilidade, ótimas acomodações, chuveiro maravilhoso, funcionários super simpáticos e solícitos, café da manhã com fartas opções. Piscina e ofuros funcionando até às 22:30 horas, o que possibilita um relax após os passeios; opção de massagens (pagas à parte) no próprio hotel. Localização ótima, próxima de vários restaurantes e shopping. Passamos uma ótima semana!",10,2024-02-22 00:00:00+00,1
" A compact but comfortable room with a large bed
A nice pool & gym
Great buffet breakfast
We were able to check-in early  No drinking water in the room",9,2024-02-23 12:33:06+00,1
"Hotel muito bem estruturado, ótimo café da manha.
Área da piscina um pouco apertado para números de hospedes mas nada que atrapalhe.
Camas e banheiro novos.
Muito bom para família.
Bem localizado com facil acesso ao Paraguai e Argentina e outros pontos turísticos.",10,2024-02-24 00:00:00+00,1
" El hotel es hermoso, super completo. La pileta tiene el agua que se va calentando a medida que avanza el día, así que a la noche está ideal para disfrutarla. Los precios del bar y del restaurante son accesibles,  nosotros lo contratamos con media pensión, la comida es muy rica. Tienen opción de menú Kids. La atención del personal es excelente 👌.",10,2024-02-24 23:47:06+00,1
" Una atención de primera, el respeto de los empleados en la recepción y en el restaurante de primera línea, desayuno excelente,  ubicación genial, todo genial.  Nada todo ok.",9,2024-02-25 00:06:23+00,1
" Todos os funcionários são muito educados.
Tem um bom café da manhã.  Custo do jantar",10,2024-02-25 17:04:22+00,1
"Hotel muito bom, já nos hospedamos com nossa cachorrinha e fomos muito bem atendidas 😃",10,2024-02-25 22:59:00+00,1
" Superbe hôtel, belles chambres, excellent petit déjeuner. Très bon rapport qualité prix. Je recommande sans réserve  Les produits de salle de bains ne sont pas en quantité suffisante.",10,2024-02-27 00:44:37+00,1
" Localização e atendimento do staff.  Horário do checkout é às 11h e não meio dia como na maioria dos hotéis.
Ar condicionado com problemas no ajuste de temperatura e vazava água  (tive que colocar a lixeira para não molhar todo o quarto)
O lençol não é compatível com o tamanho da cama, não tem elástico para prender e acaba expondo o colchão.",6,2024-02-27 20:46:17+00,0
"Tolles Hotel schöner Poolbereich super Gym, Service einfach perfect also in Foz immer wieder gern dort. Aber ich würde denke ich eher in Argentinien bleiben da in der Stadt selber nichts los ist. Aber das Hotel ist super",10,2024-02-28 22:34:21+00,1
"Voltaria com certeza, muito bem recebido, os quartos são limpos e bem cuidados, o café da manhã com muitas opções e a localização excelente.",10,2024-03-01 19:12:02+00,1
"Ótimo hotel, muito bem localizado. Preço justo.",8,2024-03-02 18:12:58+00,1
"Hôtel pratique et confortable dans le centre ville pour un court séjour à Iguazu pour visiter les chutes. 
Le cadre de l’hôtel n’est pas très agréable et sans charme. 
 A la piscine on peut trouver un bar où l’on boit de très Bonnes Caipirinhas réalisés par un Barman sympathique. 
Le personnel de la réception n’est pas très souriant mais à l’écoute de nos besoins. 
Il y un tour opérateur pour les excursions à l’intérieur de l’hôtel nous n’avons pas été déçu.",6,2024-03-04 00:00:00+00,0
 Ótima localização e café da manhã com bastante variedades.,10,2024-03-05 11:31:12+00,1
" Área de lazer , piscinas .  Ubicación del quarto",7,2024-03-05 16:58:19+00,0
"Ainda estamos hospedados no hotel e infelizmente, no geral, não estamos satisfeitos. Em apenas 2 dias aqui já tivemos vários pequenos problemas que decepcionam. O hotel é moderno e muito limpo, com boa localização. O café da manhã é farto, com muita variedade e opções para dietas restritivas. O que precisa melhorar urgentemente é o serviço e o atendimento. 

Já no check-in fomos recebidos por uma funcionária bastante lacônica e pouco cordial. Após preencher nossas fichas e coletar nossos dados, nos entregou os cartões de acesso ao quarto e… that’s it! Zero informação sobre Wi-Fi, horário de café da manhã, horário da piscina, academia. Sabe aquele protocolo básico de check-in? Então, nada mesmo. Meu marido que teve que começar a fazer um monte de perguntas para obter nada mais do que o básico na chegada a um hotel. 

Não espere por amenidades ou os pequenos detalhes que fazem a diferença. O hotel não dispõe de um bebedouro sequer, nem na academia, te obrigando a comprar por cada água que for beber. Na recepção, na chegada, pela manhã, havia uma jarra de água saborizada com frutas e só. Mas hoje à noite já não estava mais lá. Perguntamos por ela e ouvimos que “só fica disponível durante o dia.” Ou seja, você só pode sentir sede de dia 😆
 Não há sequer um cafezinho de boas vindas, uma garrafa de chá ou café coado na recepção. Mas há uma máquina de café ao lado da tal jarra de água que desaparece à noite, onde você é cobrado em 5 reais para beber um mísero café. Não pelo valor, mas impressiona a avareza com coisas pequenas demais.

No primeiro pernoite (e ainda temos 3 pelas frente), ao voltarmos para o quarto depois de passar o dia inteiro fora, encontramos todas as toalhas usadas do mesmo jeito que deixamos: molhadas e emboladas embaixo da pia do banheiro. Além de não terem sido recolhidas, foram repostas apenas 2 de banho (estamos em 4 pessoas) e NENHUMA de rosto. Sabonetes, shampoo e condicionador também não haviam sido repostos, o que nos leva a crer que é para forçar o hóspede a ligar e pedir (a tal cultura da avareza que se reflete até na água que (não) disponibilizam). Tivemos que ligar para a recepção e pedir o básico: fazer o serviço de camareira, trocar toalhas, repor sabonetes etc. Às 23h acabou o papel higiênico, fomos procurar e não havia um rolo que fosse disponível no banheiro para reposição. Novamente tivemos que ligar, dessa vez já tarde da noite, para pedir reposição de…papel higiênico!  O quarto luxo quádruplo é minúsculo, mais parece um quarto single adaptado para 4 pessoas. Faltam coisas básicas como um simples ferro de passar roupas, ganchos para pendurar toalhas no banheiro, mais tomadas. Só há uma única mesa de cabeceira entre as 2 camas de casal, impossibilitando a leitura à noite para 2 das 4 pessoas que estiverem no quarto ou mesmo para o mero apoio de objetos. E só há luz em um dos lados do quarto.
O staff não parece feliz, o que geralmente é reflexo da gestão. Alguns poucos funcionários tentam se esforçar para parecer simpáticos mas nota-se uma aura de insatisfação. Faltam sorrisos e gentilezas, O clima não é ameno e faltam coisas básicas que tornam a estadia problemática. 
A piscina é ok e parece ser o melhor local do hotel. Enfim, boas instalações no geral, mas com péssima gestão e serviço. Não voltaríamos.",4,2024-03-07 00:00:00+00,-1
Muy bueno,10,2024-03-07 02:04:00+00,1
Só não leva 05 estrelas pelos preços elevados nas bebidas e porcoes que o hotel oferece. No entanto um bom local para se hospedar com estacionamento amplo e seguro. Recomendo muito esse local.,8,2024-03-07 16:15:30+00,1
" Le personnel de l'hôtel était très sympa et la restauration très bon rapport qualité prix.
Piscine très agréable avec bar.
Génial  Les alentours de l'hôtel ne sont pas terribles",8,2024-03-09 11:04:38+00,1
"Hotel perfeito para quem quer tranquilidade é um ótimo local para desacelerar e aproveitar o dia, ficamos encantado com tudo, recepção excelente, funcionários muito prestativos tratam com muita educação e sempre estão felizes, amei o lugar, a comida então é perfeito, podem ir de olho fechado, desde o metri e todos os funcionários foram perfeitos, indicarei muito este hotel e com certeza retornaremos. Obrigado por tudo.",10,2024-03-09 18:44:08+00,1
"Bem localizado,  foi reformado, quartos confortáveis,  serviço muito bom, recomendo.",8,2024-03-09 23:56:57+00,1
" Gostamos de todas as instalações: recepção, quarto, piscina e spa. Fica perto do shopping e Av. Brasil, fizemos tudo a pé. Café da manhã muito bom.  O box do banheiro estava vazando um pouco, o que molhava o banheiro, mas nada que atrapalhasse. Todos os dias eles colocavam tapetes limpos/secos.",10,2024-03-10 13:46:23+00,1
" Do atendimento dos funcionários, sempre prestativos. Café da manhã.",10,2024-03-10 22:17:27+00,1
"In reality it’s more like 3.5 stars.  The hotel has many positives like a safe location, great pool area and excellent breakfast.  The rooms are very dated though and are in need of renovation.  If they were to renovate that would easily increase the rating of the hotel.",6,2024-03-12 00:00:00+00,0
"Foi o melhor hotel que ficamos hospedados, nota 10 super simpáticos, perto de tudo!
Parabéns 🙏",10,2024-03-12 23:32:40+00,1
"O Hotel é bom, funcionários atenciosos, desde a recepção até o restaurante. Lojinha com preços bons e muitas opções. Os quartos bons, porém não gosto de barulho e prefiro quartos que possa abrir alguma janela, mas tinha um equipamento na área da piscina, muito barulhento.",8,2024-03-13 00:00:00+00,1
" Funcionários muito educados e prontos para auxiliar os hóspedes. Permitiram deixar as malas quando chegamos pela manhã até o quarto estar liberado e no check out ficamos na piscina e almoçamos por lá, já que nosso vôo era só a noite.",9,2024-03-13 15:32:40+00,1
"Hotel bem localizado , tranquilo , os quartos são grandes bem arejados, as roupas de cama e toalhas maravilhosas,    possui uma excelente cozinha onde o cardápio é variado e não muito caro. Os funcionários são muito  atenciosos. A limpeza muito boa. O Hotel possui piscinas , brinquedoteca .",10,2024-03-14 00:00:00+00,1
" Limpeza , organização, utensílios extras na suite",10,2024-03-14 11:33:18+00,1
" A piscina e a jacuzzi disponível
Até tarde!
O serviço de bar!!  Na suíte com banheira somente uma cadeira de apoio pode ser usada pq a outra estava quebrada!",8,2024-03-14 16:13:43+00,1
"Muito lindo hotel. Área extensa com grande aproveitamento de excelente gosto. Férias, viagem a negócios. Convidativo.",10,2024-03-15 03:37:34+00,1
" Bem localizado 
Café da manhã bom  Limpeza",2,2024-03-15 13:24:02+00,-1
Excelente.,10,2024-03-15 22:34:24+00,1
Friendly staff,10,2024-03-17 00:00:00+00,1
" Funcionários atenciosos , ótima localização , bom chuveiro , café da manhã delicioso.  Nosso quarto estava com o ar condicionado com muito mofo , decorrente da falta de manutenção . Após solicitação fomos transferidos de quarto e no novo estava tudo certo .

Na parte virada da piscina , tem barulho de um exaustor que roda 24 hrs por dia , sendo um barulho encômodo.",8,2024-03-17 00:35:35+00,1
"Přednosti: Největší předností tohoto hotelu byl hotelový personál, hlavně recepce tam naštěstí s ničím nebyl problém což je fajn. Snídaně v pohodě jako všude v Brazílii úplně stejná. 700 m od je autobusové nádraží a 700 m na druhou stranu je OC.

Negativa: Hotel na mě na první pohled působil jako staveniště, velmi špinavý koberec na chodbách, nevím proč tam je, výtah vydává divné zvuky a bazén velmi malý a taky nebyl nejčistší. Málo úložného prostoru na pokoji. Po dlouhé době co fotografie na bookingu působily o hodně hezčeji než realita.

Ale pokud to bude na 2-3 noci tak šikovný personál to vyváží",8,2024-03-17 09:16:15+00,1
Hotel maravilhoso!,10,2024-03-19 00:00:00+00,1
"Muito bem atendido e recebidos, pacenciosos, muito lindo o lugar tbm",10,2024-03-19 23:59:37+00,1
m,10,2024-03-22 00:00:00+00,1
"Bom hotel, bom quarto e bom serviço. Só lamentei nao ter recebido as cortesias ofefecidas na reserva (1 bebida gratis para 2 por duaria)",8,2024-03-25 00:00:00+00,1
"Unser Zimmer war recht zweckmäßig eingerichtet, jedoch war das Frühstück sehr vielseitig und der Frühstücksbereich ansprechend.",6,2024-03-25 00:00:00+00,0
"Melhor hotel de Foz do Iguaçu.
Funcionários cordiais.
Instalações eficientes.
Piscina maravilhosa.
Café da manhã sensacional",10,2024-03-26 09:41:14+00,1
Bom,6,2024-03-26 17:34:57+00,0
" Piscina, cama confortável  Muito barulho, café da manhã",1,2024-03-27 12:34:07+00,-1
"Es un hotel bonito, limpio, la zona del restaurante bufett estaba bien.  Les costó ser flexibles en un cambio  de día a la hora de desayunar,  el past check out lo debes pagar si o sí.
La zona de la piscina,no dio tiempo a probarla ,pues desde la mñn a la tarde estábamos de excursión,solo íbamos a dormir a ese hotel.
Las habitacion estaba cómoda, aunque éramos 3 amigas, y no hubo forma de que nos dieran 3 camas individuales, 2 tuvieron que dormir juntas.",8,2024-03-27 14:32:42+00,1
"Hermoso lugar, con salas de juego, de hacer gimnasia, peluquería, piscina y bar al lado de la mismas.",10,2024-03-28 08:44:24+00,1
"O hotel está bem localizado, os atendententes são muito atenciosos, Sugiro apenas um treinamento  melhor da equipe de limpeza  nos quartos e uma melhoria no cardápio do almoço do restaurante.  Apesar disso, a estadia  foi muito agradável. Ape as uma correção; a.comida do restaurante  é  ótima. Apenas com pouca variedade",8,2024-03-28 23:57:10+00,1
"Desde qué llegas y té hospedas hasta él día que te retiras es cómo si estuvieras en tú casa.
Además el desayunó excelente podés desayunar en el salón o afuera.",10,2024-03-29 21:37:47+00,1
"Não recomendo. Fiquei duas noites e o jantar estava azedo. Reclamei, os funcionários da cozinha confirmaram que estava azedo, tanto é que retiraram a comida do local. Repassei a situação a recepção, porém não obtive nenhuma resposta do hotel no sentido de estorno parcial do valor que paguei. Pretendo acionalo-los judicialmente.

Piscina com água turva/suja. Chegamos no quarto bem no final do dia e não tinha nem uma toalha.",4,2024-03-31 09:16:50+00,-1
" Die Lage des Hotels hat uns gut gefallen, Geschäfte und Restaurants sind zu Fuß zu erreichen. Das Personal war sehr aufmerksam und jederzeit hilfsbereit. Besonders zu empfehlen war das Restaurant mit sehr guten Speisen von hoher Qualität. Auch das Frühstücksbuffet war lobenswert! Wir werden das Hotel weiter empfehlen.",8,2024-04-02 01:58:53+00,1
" Le confort de la chambre  Le restaurant était très bruyant le service mauvais et le personnel indifférent 
Le repas pris le soir était très moyen il y avait une odeur de fumée omniprésente",6,2024-04-03 00:10:09+00,0
 Ok  Nada,10,2024-04-03 14:57:22+00,1
 Esparcimiento  Cena,8,2024-04-05 00:47:02+00,1
" Localização, pessoal educado e prestativo.  Piscina estava um pouco turva, olhando de cima.
Quarto diferente da foto do site.",9,2024-04-08 23:26:37+00,1
"O hotel oferece piscina aquecida ( no máximo ela é climatizada) . Oferece sauna( esta por sua vez não existe) . Oferecem excelência em atendimento e prestação de serviços,  porém o serviço de limpeza é quando você está no quarto (215) e isso após às 15 horas , sendo que o quarto estava vago até às 14 horas.
Ar condicionado do quarto é fraco e o quarto tem cheiro de mofo.
Estadia de 3 dias deixou a desejar.",6,2024-04-10 18:03:22+00,0
"Quarto pequeno, com cheiro de mofo, serviço de limpeza*camareira"" deixou muito a desejar o serviço no primeiro dia foi feito após às 14:30 depois de solicitar mos ao serviço de recepção, hoje dia 10/04 já passam das 15 horas e nada, saímos cedo e ao chegar cansados temos que ficar na recepção para que o serviço seja executado fala sério, estou acostumada ficar em hoteis que a arrumação é feita cedo, lugar onde as atrações são cansativas o mínimo e chegar e ter um quarto limpo para descansamos 😡.
No anúncio fala de piscina aquecida, não usei a piscina porque a mesma é climatizada.",6,2024-04-10 18:05:40+00,0
"Foi ótimo, atendimento, café da manhã, recepção maravilhoso!",10,2024-04-17 16:20:01+00,1
" The hotel is really lovely, has a luxury feel and the facilities are excellent. The pool area is amazing and the drinks from the pool bar are lovely. We stayed in one of the suites which was a real treat - would really recommend it! The breakfast was great. The location was good to walk to restaurants and 20 minute drive from the falls.  Everything was good - nothing to complain about at all! Everything was perfect!",10,2024-04-21 19:05:38+00,1
" tudo muito limpo e novo
cafe da manha super completo
localização otima
cama excelente
ar condicionado novinho dual inverter, deixando tudo muito confortável
atendimento da equipe da recepção foi excelente
piscina aquecida na temperatura perfeita
o preco dos itens do frigobar são justos
recomendo muito e voltarei :)  Nada que não faria eu não voltar, mas algumas sugestões para deixar melhor ainda a estadia para quando eu voltar:

A porta do quarto deveria ter uma vedação melhor, se escutava tudo o que acontecia no corredor. Em alguns dias algumas familias barulhentas atrapalharam um pouco a tranquilidade que foi nossa estadia.
Atendimento do SPA deixou a desejar, massagista com pouca receptividade o que desencorajou aproveitar a massagem.
A arrumação do quarto algumas vezes esqueceu ou de deixar toalha de rosto, ou de deixar o roupão, ou de repor as amenidades como sais, shampoos etc.
Lençol de baixo deveria ser de elástico, quando acordava, a cama estar praticamente sem lençol de baixo.
Poderia ter alem do chá gratuito na recepção, café tb.",10,2024-04-21 20:31:16+00,1
 quarto amplo e belo café da manhã  cama bem ruim e começaram a cobrar estacionamento,9,2024-04-22 00:59:05+00,1
"Muito bacana, recomendavel",10,2024-04-23 06:42:15+00,1
 Excelente hotel. Tem estacionamento e não cobraram.,9,2024-04-24 09:37:49+00,1
" O café da manhã era bem diverso com muitos itens gostosos, entretanto os bolos deixam a desejar, parecem industrializados, sempre um pouco secos demais. Mas de maneira geral o café da manhã era bom.
Os funcionários eram sempre muito gentis.
A piscina é muito boa, com água aquecida na temperatura ideal.  Nada a estrutura do hotel é excelente. Tudo funcionando.",10,2024-04-25 11:36:52+00,1
"Maravilhoso. Localização do hotel, café da manhã, recepção, funcionários, quarto confortável, piscina, bar piscina e brinquedoteca excelentes.",10,2024-04-26 02:02:20+00,1
"Ótimo hotel. Durante os 5 dias que fiquei no hotel, fui muito bem recebido por todos os funcionários. O serviço de limpeza de quarto estava ótimo, bem como o café da manhã. Estão de parabéns! Retornarei com certeza!",10,2024-04-27 03:06:49+00,1
" Номер маленький, но уютный. Тихий кондиционер.
Хороший завтрак.
Уютная зона бассейна.
Отель расположен в 10 минутах пешком от автовокзала",8,2024-04-27 14:03:03+00,1
Exelente por dónde lo mires!!!!,10,2024-04-27 15:23:11+00,1
"Hotel igual as fotos (isso é importante, pq alguns locais as imagens não condizem com a realidade). Estrutura boa, bem localizado.
Café da manhã completo e delicioso.
Segunda vez que nos hospedamos aqui.",10,2024-04-27 20:12:33+00,1
"Bom custo benefício e localização muito boa. O quarto em si é bem simples, mas o atendimento é simpático, a estrutura externa do hotel é muito boa, com uma piscina gostosa, climatizada e área kids boa. O café da manhã é bem servido e tem bastante opções e a comida do hotel é muito gostosa, o que acho muito raro, inclusive nos melhores hotéis.",8,2024-04-30 00:00:00+00,1
" Espaço de laser bom, funcionarios educados  café da manhã muito bom por sermos um casal de homens foram bem discretos com a gente e respeitosos não nos sentimos acanhados em nenhum ponto.  ficamos em um quarto muito barulhento, tive até que ligar na recepção pois era muito barulho, tanto das crianças como dos pais.",8,2024-05-02 12:26:56+00,1
"A good base for the falls. Amenities include a pool area with bar, nail bar, and gym. I had trimmed my nails just before the holiday so only utilised the bar and pool. 
Standard Brazilian hotel breakfast served as a good start for the falls and bird park. Unfortunately it rained and nothing prepared me for the thorough drenching that I received but a soak in the jacuzzi afterwards helped raise my core temperature back up to normothermia. Poncho strongly recommended.",8,2024-05-03 00:00:00+00,1
" Atendimento muito bom da equipe, ótima localização e ótimo café da manhã!",8,2024-05-03 13:00:47+00,1
" Café da manhã completo e com muitas opções. A localização do hotel é bem estratégica, perto de tudo e com um shopping a poucos metros também.  O wi-fi em nosso quarto era sofrido, por muitas vezes preferi usar meu 4g. O quarto era muito confortável mas tinha muito cheiro de mofo, o que nos incomodou um pouco.",7,2024-05-03 21:58:50+00,0
Muito bom atendimento com atenção e cortesia ímpares. Todos os colaboradores extremamente atenciosos e dedicados a atender nossas demandas. Café da manhã muito bom!,10,2024-05-04 00:00:00+00,1
"En general las áreas comunes son muy buenas, las habitaciones, al menos en la 322 que estuve siento que aún no llega la renovación. Vi una diferencia notable entre mi habitación y las otras. Especialmente en lo estético. Mi habitación estaba al final del pasillo y hubo mucho ruido por los otros huéspedes todos tiraban puertas. La habitación tenía un olor a humedad y las ventanas no se podía abrir, xq afuera había una máquina demasiado ruidosa",8,2024-05-04 22:58:17+00,1
" El servicio es muy bueno, las instalaciones en general: recepción, piscina, restaurante están bien y el desayuno es variado y abundante  A veces me queda la duda si a los que reservamos en booking nos dan habitaciones desactualizadas o viejas Últimamente he visto que los hoteles dan las habitaciones viejitas a los de booking y no entiendo porque. Mi habitación era de buen tamaño pero no se veía como la foto con la que la reservé, tenía olor a humedad y un ruido fuerte, como de una máquina por fuera entonces abrir la ventana era escuchar ese aparato sonando",8,2024-05-04 23:10:28+00,1
"Razoável. Valor da estadia elevado e não oferece nada de mais, além da taxa extra de R$20 para carro e R$120 para pet que é um ABSURDO. Café da manhã mediano. Acomodações limpas, serviço de quarto todos os dias com trocas de toalhas. Localização de fácil acesso e próximo a bares e restaurantes. Uber para as principais atrações entre 20-40 reais",10,2024-05-06 00:00:00+00,1
"O Nadai Confort SPAz sempre nos surpreendendo.
Limpeza, cordialidade do Staff e principalmente qualidade",10,2024-05-06 00:00:00+00,1
"Mediano pelo valor cobrado. O hotel não tem nada a mais que justifique o valor. Café da manhã mediano, com opção de doces apenas uns bolos secos e o bolo de chocolate com gosto estranho, tipo congelado. Os quartos são limpos, serviço de quarto com trocas de toalhas regulares, o mínimo que se espera. O preço da diária não justifica, além do mais cobram taxa de serviço, taxa de turismo, R$20 pelo estacionamento e R$120 por pet!! Um verdadeiro ABSURDO cobrar 120 reais para um cachorro que faz menos bagunça e barulho que uma criança! Jamais voltaria a ficar nesse hotel.",2,2024-05-06 13:13:01+00,-1
"Serviços muito bem prestado.
Um ótimo hotel em ótima localização. Equipe sempre empenhada em ofertar a melhor experiência do atendimento.
Limpeza excepcional.
Agradecimento total a todos do restaurante, refeições e apresentações perfeitas.",10,2024-05-06 13:42:19+00,1
"Excelente atendimento de todo o time. Muito prestativos e simpáticos. Café da manhã surpreendente.
Único ponto negativo é o eco dos corredores. Qualquer um que passa faz barulho. Ainda assim é uma opção de hotel muito boa.",10,2024-05-06 14:21:19+00,1
" Espaço de lazer  Os quartos não foram limpos de um dia a outro 
Com isto as toalhas não foram trocadas",8,2024-05-08 01:31:19+00,1
 Funcionários simpáticos e atenciosos. Áreas comuns agradáveis. Espaço da piscina ótimo.  O lençol era pequeno para a cama. Não tinha elástico e ficava saindo a noite toda. Acordávamos em cima do colchão.,8,2024-05-11 12:52:30+00,1
" Piscine très bien avec un bar ouvert toute la journée, pratique pour un petit encas, ou un rafraichissement.
Salle de sport fonctionnelle. Personnel très à l'écoute et sympathique.",9,2024-05-11 17:40:58+00,1
 Belles prestations  . chambres confortables. piscine grande  propre et agréable . Service de qualité.  Petit déjeuner très varié et bon!!  L'emplacement un peu en retrait du centre,8,2024-05-14 03:32:44+00,1
 A localização é boa. Custo benefício ok.  O atendimento na hora do check in foi muito rude e sem atenção. Falha.,8,2024-05-14 13:01:37+00,1
Excelente,10,2024-05-15 01:25:53+00,1
"Destaque para opção de café da manhã para quem tem restrições a glúten e lactose e buffet normal bem variado.
Obs. Os doces e bolos não são bons. O restante é bom.
Excelente opção de hospedagem. Bem localizado. Perto do terminal. Dá para ir de ônibus tanto pro Paraguai, quanto para Puerto Iguazú.",10,2024-05-15 02:33:03+00,1
"Hermosa experiencia. Personal MUY amable.
Desayuno buffet excelente.",10,2024-05-16 18:34:07+00,1
" Hotel atende em conforto, limpeza e localização e tem um bom custo benefício .
Café da manhã com frutas frescas, ovos, e ótima qualidade. 
Limpeza ok, toalhas boas, cama confortável. Piscinas são aquecidas mas não são cobertas, então no frio só para corajosos. 
Não fomos na piscina mas parece ser  boa. 

Tem um funcionário sempre educado e disposto a pegar malas e abrir o elevador. 

Não usamos o restaurante do hotel para refeições pois nos pareceu caro . 

Localização é ótima ! 

Na av Brasil(duas quadras a esquerda) tem uma padaria ótima que serve refeições chamada Maria Marias . O shopping está a duas quadras a direita. 
Passando o muro verde(literalmente um muro verde que fica na frente do hotel) tem a rodoviária que dá pra pegar ônibus para vários deslocamentos inclusive Argentina e Paraguai.  Destinos no Brasil da pra ir tranquilamente de Uber. 

Ah dica bônus : o restaurante na frente (lateral) do hotel não é bom, serve carne com gosto de amaciante de carne e fala que é picanha .  Ar condicionado muito próximo da cama, pra quem não gosta não tem um meio termo. 
Restaurante poderia ter um custo melhor para refeições, mas os comentários dele são muito bons.",9,2024-05-17 18:04:40+00,1
"Fiquei uma semana em Foz nas férias. Bom serviço, espaço, quarto e piscina limpos. Recomendo",10,2024-05-17 23:57:38+00,1
"Cortinas sujas e em baixo da cama não era limpo.. Amenities do hotel foram dispostos somente 1 vez (sendo que fiquei 4 diárias), tive que reclamar na recepção e dispuseram só alguns itens (faltou o da banheira) foi bem decepcionante.. No café da manhã senti falta do bacon (ovos sem bacon, não dá né), dps que comentei com a garçom e no outro dia apareceu no buffet (infelizmente era o meu último café ali).. Fora essas reclamações hotel realmente é nivel 4 estrelas 👍",8,2024-05-18 00:00:00+00,1
"Cortinas sujas e em baixo da cama não era limpo.. Amenities do hotel foram dispostos somente 1 vez (sendo que fiquei 4 diárias), tive que reclamar na recepção e dispuseram só alguns itens (faltou o da banheira) foi bem decepcionante.. No café da manhã senti falta do bacon (ovos sem bacon, não dá né), dps que comentei com a garçom e no outro dia apareceu no buffet (infelizmente era o meu último café ali).. Fora essas reclamações hotel é ok.",8,2024-05-20 01:31:50+00,1
"Local agradável serviço impecável
Quartos limpos , ar condicionado novo,piscina e SPA ótimos
Café da manhã Bom
Atendimento dos funcionários muitos Educados
TV com vários canais
Restaurante muito diversidade,  otimo",10,2024-05-22 11:29:07+00,1
"Excepcional hotel!!! Limpeza, atenção, café da manhã excelente!!! Restaurante Venetto vale um jantar.",10,2024-05-26 23:25:03+00,1
"O hotel atendeu bem as expectativas, mas a experiência com a equipe é péssima. Estávamos em um grupo grande e por descuido nosso 2 quartos pagaram o estacionamento para o mesmo carro. Explicamos o caso na recepção e um funcionário disse que deixaria o valor duplicado em aberto para consumo. No check out, com outro funcionário, nada desse acordo estava registrado e houve uma grande dificuldade em entender nossa situação. Time completamente despreparado e com postura de duvidar do que estávamos mostrando nos comprovantes; depois de muito tempo discutindo, como iríamos perder um voo por causa disso, paguei um valor a mais e indevido para poder ir embora. Após a saída, o time me procura por WhatsApp e passa 5 dias tentando explicar a confusão que fizeram. No fim, lançaram valores errados arbitrários entre os 7 quartos que estávamos, de forma que alguns apartamentos pagaram a mais e outros a menos do que deveriam. Em nenhum momento admitiram que cometeram um erro ou pediram desculpas. Realmente não indicamos.",2,2024-05-28 19:06:20+00,-1
" Breakfast was nice, good location.  Shower was hot and strong.  The restaurant service was exrremely slow and staff were not very helpful and the food was not good. 

We booked the suite but it was just 2 adjacent rooms. Good for family with young kids but not really a suite as there was no common space",6,2024-05-28 22:46:27+00,0
" Funcionários atenciosos, estacionamento coberto e academia bem equipada.  Um pouco longe das atividades turísticas e quarto pequeno para a nossa necessidade (casal com 2 crianças).",9,2024-05-29 00:00:04+00,1
Muy lindo hotel,10,2024-05-30 00:00:00+00,1
"Hotel muito bom, cama e travesseiro bem confortável, banheiro com um espaço bom e chuveiro maravilhoso;
No primeiro dia deixaram cotonete no banheiro, o secador de cabelo é da marca ""gama"", que funcionou muito bem;
Café da manhã ok, bem variado e saboroso;
A piscina aquecida estava um pouco fria (mas acredito que é devido aos dias muito frio que fez em Foz);
Funcionários simpáticos e atenciosos.",8,2024-05-31 00:00:00+00,1
" O café da manhã e o atendimento são formidáveis, os funcionários muito educados, a infraestrutura muito boa.",10,2024-05-31 22:45:05+00,1
" Hotel muito bem estruturado, bons quartos, bom restaurante, bom espaço de lazer, boa localização. Já fui em Foz algumas vzs e o Nadai é sempre a minha primeira opção  Única coisa que me incomoda é a vazão de água da pia, sempre a água demora a descer, então vai criando um piscina na pia e junto com essa piscina junta sujeira da espuma da pasta de dente por exemplo, se vc estiver escovando o dente, com outras coisas",10,2024-06-01 14:07:23+00,1
"Chegando no quarto me deparei com uma pequena barata no chão e uma aranha no teto.
Ar condicionado precisa de manutenção, limpar seus filtros, pois ao ligar saiu até poeira, dormir com ele e acordei doente, tenho rinite, não pude ligar mais, sorte que fazia frio.
Após o primeiro dia esqueceram de fazer o serviço de quarto, tive que pedir para ao menos trocarem as toalhas.
Isolamento da janela não é dos melhores, sorte que a noite é bem silenciosa.",4,2024-06-02 00:00:00+00,-1
"Chegando no quarto família tinha uma barata, pedimos para trocar de quarto mas não tinha outro disponível, nem se dispuseram a oferecer outros quartos de casal.
Ar condicionado quando liguei soltou partículas grande de poeira.
Não fizeram serviço de quarto no segundo dia.
Ficamos presos no elevador, que voltou a funcionar do nada.
Chuveiro podia ser monocomando.",2,2024-06-02 00:00:00+00,-1
"Chegando no quarto me deparei com uma pequena barata no chão e uma aranha no teto.
Ar condicionado precisa de manutenção, limpar seus filtros, pois ao ligar saiu até poeira, dormir com ele e acordei doente, tenho rinite, não pude ligar mais, sorte que fazia frio.
Após o primeiro dia esqueceram de fazer o serviço de quarto, tive que pedir para ao menos trocarem as toalhas.
Isolamento da janela não é dos melhores, sorte que a noite é bem silenciosa.
Elevador precisa de manutenção, ficamos presos uma vez.",4,2024-06-04 00:00:00+00,-1
"No geral o hotel é bem estruturado, decorado e bem localizado para quem opta pela região central de Foz. O quarto luxo já é muito bom, mas fiz um up grade para uma suíte espetacular, por uma diferença razoável de preço. O café da manhã é excelente, mas o restaurante para jantar não entrega o que divulga. Pedi um risoto de tomates secos com rúcula acompanhado de carne ao molho roti, divulgados como sugestão do chef. Veio um arroz comum (e não arbóreo, por exemplo), muito cozido, misturado aos demais ingredientes. A carne com um molho aparentemente industrializado. Pedi um brownie com calda de frutas vermelhas de sobremesa, veio um bolo simples, de chocolate, o mesmo servido no café. O marketing é de comida gastronômica, que na prática não é. Por isto só jantei um dia. Os funcionários são educados e solícitos. Apenas tive problemas no último dia, pedi duas vezes para arrumarem o quarto e não foi arrumado. Cheguei à noite da Argentina e não insisti porque estava tarde e sairia no dia seguinte. Liguei para a recepção solicitando registro da reclamação e no check out informaram não estar no sistema.  Apesar destes contratempos achei o hotel muito bom, com muito mais pontos positivos que negativos.",8,2024-06-06 00:00:00+00,1
"Dit is een echt 4 sterren hotel. Mooie entree en ontbijtrestaurant. Zeer uitgebreid ontbijtbuffet. Mooie kamers, die wel wat klein zijn maar prima voor een paar nachten. Leuk zwembad (warm water) met bar. Vriendelijk personeel. Dankjewel voor de verrassing op onze kamer voor onze honeymoon.",8,2024-06-07 00:00:00+00,1
Prima hotel. Vlakbij diverse restaurants. Leuke pool om nog even van te genieten na bezoek van de falls,10,2024-06-07 00:00:00+00,1
"O espaço, conforto e serviços oferidos são de excelente qualidade. O café da manhã é muito bem diversificado, os funcionários atenciosos e educados.",10,2024-06-08 01:42:36+00,1
"Todo fue genial, excelentes habitaciones con agua caliente y aire acondicionado perfectos, no hay ruido ya que cuenta con ventanas especiales y generalmente es muy tranquilo, desayuno variado y delicioso, áreas comunes insuperables son elegantes y amplias, servicio amables y servicioles. Buena ubicación podrás encontrar un centro comercial a 10 min caminando entre otras cosas.
Lo recomiendo mucho.",10,2024-06-10 01:01:32+00,1
"Hotel maravilhoso, confortável e toda a equipe, da reserva (em especial a Fabiana), recepção, limpeza, restaurante, etc., simplesmente maravilhosos, funcionários que gostam do que fazem e atenciosos sempre com um belo sorriso. Café da manha muito bom.",10,2024-06-11 00:00:00+00,1
"Os quartos são confortáveis, cama de casal tamanho king praticamente, porém, precisa melhorar URGENTE o sinal de Internet, hoje o mundo está conectado. O café da manhã é maravilhoso.",10,2024-06-11 13:55:07+00,1
"O hotel foi muito bom, atendimento cordial tudo muito limpo e espaçoso. O café da manhã possuia uma boa variedade e o ambiente para as refeições é perfeito.

A piscina possui uma temperatura ótima, infelizmente não conseguimos ficar tanto tempo para aproveitar como queríamos. 

Tive o prazer de ir em meu aniversário.

Em geral, foi uma ótima experiência e essa com certeza será nossa opção fixa de hospedagem em Foz!",10,2024-06-13 00:00:00+00,1
Tudo maravilhoso ❣️,10,2024-06-15 08:43:07+00,1
 Higiene e qualidade/valiedade do café da manhã  Nada a reclamar,10,2024-06-17 01:25:27+00,1
 cobrança do estacionamento.......que não era cobrando antes,10,2024-06-18 12:13:11+00,1
" Hotel bonito, limpo, novo, bem conservado. Funcionários atenciosos. Bem localizado perto de mercado, restaurantes, shoppings. Atrações turísticas em media em 15 min de carro.  Vários itens de padaria do café da manhã não estavam frescos. Alguns bolos e pães secos. Brinquedoteca para crianças era mediana.",8,2024-06-19 00:57:59+00,1
"Stayed 4 nights, very pleased with  the Nadai. Location is fairly good, room was good size & very clean, room service every day. Huge options at the buffet breakfast, all the staff were helpful and friendly, special mention for Edouard at the pool bar, very friendly lad who makes great cocktails. There's a great pool with hot tub and jacuzzi close by, also small gym. My wife had a massage at the spa and really enjoyed it, prices are reasonable for everything at the Hotel. Tip if you like seafood try the Terramer restaurant about a minutes walk around the corner from the Nadai. There is also a market about 5 minutes walk away for cheap tee shirts gifts ect.",10,2024-06-20 00:00:00+00,1
 Het ontbijt was uitgebreid en de kamer was prima  Aan de receptie was de dame niet echt vriendelijk de heren wel,7,2024-06-21 02:35:04+00,0
"Excelente hotel, próximo de tudo.",10,2024-06-23 14:52:27+00,1
" Gostei da estrutura do lobby e do quarto. 
Colchões confortáveis.
Ótimo chuveiro!
Bom café da manhã e bom restaurante!  O Wi-fi não pegava bem no quarto.
A TV não pegava direito, só no fim da noite vieram arrumar.
A piscina e hidro é totalmente descoberta, impossibilitando de usar em dias frios.
O lençol de cama não era preso, o que fez com que saísse da cama a cada movimento durante a noite.
Pelo valor esperava que não tivesse esses problemas.",7,2024-06-25 23:57:53+00,0
"O quarto é bem limpo e confortável, fomos com nossa filha de 8 anos e ela dormiu em uma cama de casal só para ela. Chuveiro muito bom! Recepção atenciosa e simpática, acolhimento de todos os funcionários, com atenção especial para os da portaria. Café da manhã ok. Piscina climatizada (um pouco mais fria, não é aquecida) e ofurô mais quentinho. Localização boa, de 20 a 30 minutos das Cataratas de carro. Estacionamento pago, R$20 a diária. Minha única ressalva são os itens que pedi no restaurante, não gostei de nada que comi...no mais, atendeu 100% nossas expectativas.",8,2024-06-27 18:50:34+00,1
" Hotel com qualidade razoável, custo/benefício ruim.  Apesar de ter feito a reserva pelo Booking e pago com o cartão de crédito, o staff do hotel tentou - DUAS VEZES - cobrar novamente as diárias que haviam sido pagas no momento da reserva.",1,2024-07-02 00:03:49+00,-1
"Apartamentos bem estruturados, café da manhã bem servido, com muita opções. E, serviço excelente.",10,2024-07-02 14:50:07+00,1
Café maravilhoso e quarto bastante. Aconchegante e funcionários super atenciosos tbm e educados,10,2024-07-02 16:02:50+00,1
"L’hotel si trova a 3 isolati dalla via principale di Foz che è una città piuttosto anonima e che di sera ( dopo le 18:00) si svuota completamente. La struttura è datata : la stanza standard che io occupo è piuttosto piccola . Il letto matrimoniale è grande ma personalmente mi snerva che le lenzuola siano più corte del materasso e si raggrinziscano ad ogni movimento per cui , ad un certo punto della notte, ti ritrovi a dormire sul materasso.
La colazione è varia ed abbondante ma non tutto di qualità. Il personale è sollecito e gentilissimo. 
Il ristorante all’interno ,che ha un nome italiano , di italiano non ha nulla. La carne non era tenera ( e in Brasile è tutto dire) e il servizio lento. Non lo consiglio",4,2024-07-03 00:00:00+00,-1
 Propre. Grandeur des chambres. Piscine chauffée  Un peu loin à pied du centre ville,9,2024-07-03 07:22:58+00,1
"Minha experiência de estadia no hotel superou as expectativas, a equipe MUITO prestativa, todos atenciosos! As instalações muito confortáveis, a recepção é linda e conta com quatro salas de espera e possui local com mesas que ajuda quem precisa trabalhar durante a viagem.
Eu mesma precisei trabalhar e utilizei o espaço, além disso a internet estava muito boa comparada a outros hotéis que já fiquei hospedada, o que realmente faz a diferença.
O quarto é bem aconchegante, restaurante muito bom e café da manhã bem diversificado!",10,2024-07-03 13:45:01+00,1
Otimo hotel,10,2024-07-04 21:24:38+00,1
"Hotel excelente, acomodações confortáveis e limpas, café saboroso e variado com iguarias locais, funcionários gentis e solícitos. Excelente localização, com restaurantes e comércio bem próximos. Fácil acesso ao transporte público e por aplicativos.. Possui pscinas aquecidas, sala de  jogos e bar. Tudo limpo e bem cuidado.",10,2024-07-06 00:00:00+00,1
O hotel é perfeito. O melhor hotel que fiquei em Foz! O café da manhã é um banquete! Maravilhoso. Os funcionários são sempre solícitos e educados.,10,2024-07-07 00:00:00+00,1
" O hotel tem ótima estrutura, boas piscinas inclusive aquecidas. Também dispõe de academia em bom estado de conservação e área para crianças e bebês. O atendimento do bar da piscina é ótimo, assim como dos demais funcionários do hotel. O teto do banheiro do quarto em que fiquei estava descascando e durante a estadia eles foram super rápidos em arrumar e retocar a pintura.",10,2024-07-08 22:09:21+00,1
" the staff
location
restaurant  the hotel too old",8,2024-07-09 04:53:45+00,1
"Muito bom! O atendimento é excelente, todos muito educados e prestativos.",10,2024-07-09 10:55:54+00,1
"Las habitaciones un poco ruidosas. No dan agua de cortesía. Me gustaría poder dar mis datos fiscales a mi llegada, para que a la salida sea más ágil la expedición de mi factura fiscal.",8,2024-07-10 00:00:00+00,1
"É minha segunda ida em foz e a primeira com minha esposa. É um hotel muito bem localizado na cidade, em frente a um quartel do exército (passa muita segurança), é próximo do centro de Foz, farmácias, banco 24h, lojinhas de lembranças e etc. O buffet de manhã é bem servido e tem bastante variedade. Não há muita variação dos itens, mas dão uma mudada entre cada dia nas frutas e salgados dispostos. Dá pra comer bem todos os dias e montar seu café de várias formas com as opções dadas, inclusive há duas máquinas automáticas da três que fazem cappuccino, expresso e etc livres para os hóspedes usarem em seu café. Os quartos são bons, a tv que tínhamos era nova, com Roku e todos os streamings nativos (inclusive o povo loga na TV e esquece lá haha). A piscina é aquecida inclusive a noite, a academia é muito completa e os funcionários são muito atenciosos. Fazer menção aos funcionários Euler que foi muito cortês ao nos pedir pra retirar a mesa no café e a Jamila que grávida estava, mas foi resolver nossa questão, solicitamos um prato e era um momento de alta demanda no restaurante. O preço do hotel é justo pelo que oferece.

Questões de sugestão ao hotel: informem mais claramente aos hóspedes sobre as regras do hotel, principalmente a questão da limpeza e remoção de material e lixo, alguns hóspedes não sabem as regras e puseram lixo e pratos usados no corredor, é bom evitar. O pessoal do hotel Nos explicou e pediram desculpas pela cena.",10,2024-07-12 00:00:00+00,1
"Estadia muito agradável, funcionários simpáticos e prestativos, recomendo.",10,2024-07-12 00:00:00+00,1
" Funcionários atenciosos, quarto e instalações limpinhos, comida maravilhosa.",10,2024-07-12 12:12:58+00,1
LOCALIZAÇÃO DEZ,10,2024-07-15 21:16:50+00,1
 me gusto que tenia restaurante con muy buena atención . la piscina y el jacuzzi de agua caliente al exterior. Volvería,10,2024-07-16 23:44:12+00,1
" Cordialidade e disponibilidade em ajudar dos funcionários em geral, recepção, restaurante, bar piscina e limpeza, todos simpáticos e muito prestativos.
Ótimas instalações, adequadas para tempo frio ou de calor. 
Área da piscina e restaurante muito bons! Café da manhã e jantar com opções completas, gostosas e variadas.  Nada",10,2024-07-19 23:40:05+00,1
 desayuno excelente,9,2024-07-20 01:04:40+00,1
"É minha segunda vez neste hotel, é uma ótima opção para viagens rápidas. A área do café, assim como o café da manhã em si são excelentes. As toalhas de rosto e banho não estavam macias, isto poderia melhorar.",10,2024-07-21 00:00:00+00,1
"Muito bom.
Café da manhã muito bom. Piscina aquecida, academia e spa complementam os serviços.
Recomendo",10,2024-07-21 15:32:03+00,1
"Excelente. Limpieza, media pensión con variedad de comidas. Buena atención. Ubicación estratégica. Cerca de la terminal y del shopping JL. Muy recomendable para conocer las cataratas y descansar también.si vas en temporada alta es recomendable salir con tiempo del hotel porque hay largar filas en la aduana argentina.",10,2024-07-22 00:00:00+00,1
"Ficamos 6 dias no hotel e tudo foi perfeito! Desde o atendimento, quartos até a alimentação. Valeu cada centavo!",10,2024-07-22 00:00:00+00,1
" Café da manhã excelente, quarto limpo e confortável, chuveiro ótimo, funcionários educados. Ficaria hospedada novamente.",10,2024-07-22 00:18:19+00,1
" Gostei de tudo,  mas o café da manhã é o jantar estavam ótimos.  Gostei de tudo",10,2024-07-22 10:33:14+00,1
"Hotel excelente, com acomodações confortáveis. Café da manhã saboroso e variado! Funcionários gentis e solícitos! Excelente localização, com restaurantes e comércio bem próximos! Tudo limpo e bem cuidado! Parabéns!",10,2024-07-22 17:05:15+00,1
"Excelente 👌 lo recomiendo 👍 muy limpio, muy buen servicio, desayuno con muchas variedades, el mejor café ☕️",10,2024-07-22 22:31:11+00,1
 El desayuno y la cena espectaculares  Nada,10,2024-07-23 00:40:07+00,1
 Muito bom,10,2024-07-26 10:00:57+00,1
" Excelente café da manhã. Piscina com temperatura agradável, quentinha. Funcionários simpáticos e prestativos. Colchão confortável e vários travesseiros. Shampoo e Condicionador de boa qualidade  O trinco externo  estava com um probleminha e a descarga mas nada que atrapalhou.",10,2024-07-27 17:27:50+00,1
" Localização central, perto de todas as comodidades. Área de lazer e piscinas completa e bem atendida, café da manhã farto, funcionários atenciosos, estacionamento bom.  O quarto apesar de confortável e bem acabado, era bastante pequeno e o banheiro também pequeno.",9,2024-07-29 14:09:55+00,1
"Ambiente é muito agradável, o buffer do almoço é muito bom, a comida é gostosa e tem bastante variedade. Os funcionários são extremamente educados, vale muito a pena a experiência.",10,2024-07-30 12:36:45+00,1
"O hotel é bom, fiquei em quarto quádruplo, achei pequeno. Os serviços são bons.",10,2024-07-30 15:19:29+00,1
Super mega recomendo!!!,10,2024-07-30 22:39:24+00,1
courteous staff.,4,2024-08-01 00:00:00+00,-1
"Exelente hotel, atención del personal, restaurante muy bueno, ambiente tranquilo",10,2024-08-01 03:19:46+00,1
Hotel bem legal com quarto bom e estrutura geral bem legal,10,2024-08-01 20:55:47+00,1
"Hotel muito limpo e organizado, a suíte é simplesmente maravilhosa, de bom tamanho, bem planejada e romântica. Boa área externa com piscina aquecida e com duas hidromassagens. Ótimo atendimento dos funcionários, café da manhã delicioso e a comida do restaurante para almoço e jantar estava delicioso. A massagem com pedras quentes no SPA do hotel também foi uma experiência maravilhosa e super relaxante.",10,2024-08-02 00:00:00+00,1
Ótima,10,2024-08-03 15:57:39+00,1
"Los servicios son Excelentes. Muy amables, estan atentos a todos los detalles. Buen desayuno. La habitacion es un poco chica",10,2024-08-05 00:00:00+00,1
"Ótima estadia, bem localização, funcionários muito educados, bem apresentados, recomendo .",10,2024-08-08 02:36:05+00,1
 Limpeza dos quartos,8,2024-08-09 01:42:15+00,1
"Simplesmente sem ter o que desabonar, tudo maravilhoso e cuidadosamente organizado, o jantar romântico vale muito a pena pra quem for em casal, o café da manhã é excelente, os quartos e serviços de quarto excelentes. Quando voltar a foz com certeza será uma opção a reviver",10,2024-08-10 15:23:07+00,1
" Le personnel est très attentionné et disponible. Chambre propre, spacieuse et confortable 
Petit déjeuner copieux avec un large choix de sucre/ salé et boisson
Espace piscine très sympa avec bar",10,2024-08-10 21:50:52+00,1
 muito satisfeito.pessoal atencioso cafe manha excelente,9,2024-08-12 01:46:44+00,1
" La gentillesse et le professionnalisme de l’ensemble de l’équipe (réception, restaurant, barmaid, femmes de ménage, spa, « homme à tout faire »…) tout le monde fut très accueillant et à notre écoute.
D’autant plus que certains parlent anglais, pratique pour nous, qui ne parlons pas portugais.

Les équipements : la baignoire dans la chambre, un délice! Les jacuzzi et la piscine chauffée, un régal ! Le spa à côté de la piscine avec un grand nombre de soins proposés est un atout non négligeable.

Nous avions pris l’option demi-pension et nous n’avons pas été déçus. Les petits déjeuners sont très copieux et variés (buffet) et les dîners sont à la carte ou au menu, bien servis et préparés avec soin.

Les caïpirinhas dans le jacuzzi vont nous manquer 😢 

Nous avons passé un superbe séjour au sein de l’hôtel, merci encore à toute l’équipe.  Tout était parfait.",10,2024-08-13 13:08:58+00,1
"O hotel tem uma localização estratégica, quarto confortável, a limpeza é nota 10, tudo muito agradável. Parabéns para a equipe gentil e que café da manhã delicioso, ainda bem que foi só o fim de semana caso contrário eu iria ganhar uns bons quilinhos. Mas confesso que já estou com vontade desse café.",10,2024-08-13 20:10:32+00,1
"Bem localizado. Ótimo café da manhã,  mas o quarto deixa a desejar. Lençol menor que o colchão e o quarto virado para piscina tem um barulho enorme.donexaustor do restaurante. Apesar do atendente ter dito que as 22h desligam, não é bem assim, noite toda ligado e por sorte estava frio, com os vidros fechados o barulho diminuiu,  mês.onassim incomoda. O estacionamento apesar de ser do próprio hotel é cobrado 20 reais por dia, mais taxa de turista.",6,2024-08-15 19:42:40+00,0
 L’emplacement  Rien,8,2024-08-16 19:06:00+00,1
 Bon rapport qualité prix  Un peu éloigné du centre,9,2024-08-16 20:08:53+00,1
" Buoni servizi: piscina, agenzia viaggi
Staff disponibile e cortese.
Colazione buona",9,2024-08-18 02:08:55+00,1
 Localização e atendimento  Limpeza do banheiro,10,2024-08-18 15:43:01+00,1
" Confort de la chambre, équipements  Bruit de la piscine, piscine les uns sur les autres",7,2024-08-19 01:12:32+00,0
"Hotel Nadai tem uma localização ótima, central e fácil acesso para shopping e demais áreas de comércio de Foz do Iguaçu! Quantos confortáveis e aconchegante! Espaço kids, academia, piscina com Bar! Café da manhã delicioso e almoço e jantar, ambiente do restaurante agradável com vista para área central! Recomendo muito",10,2024-08-20 14:13:10+00,1
" Localização  O fato de se anunciar como um SPA e na verdade a estrutura de SPA é bastante pequena e cobrada a parte!
A sauna é muito pequena e não tem nem uma área de descanso!",8,2024-08-20 17:34:45+00,1
" Limpeza, café da manhã, piscina aquecida.  O atendimento na piscina pode ser melhorado.",9,2024-08-20 18:05:37+00,1
" Recomendo, lugar ótimo  Tudo",10,2024-08-21 15:38:47+00,1
"Excelente local, hotel moderno e bom preço.",10,2024-08-24 03:12:34+00,1
" Localização boa, bem no centro, próximo de tudo. Atendimento dos funcionários, excelente. 
Comida (salgada) do restaurante boa.
Tamanho do quarto bom. 
Tem Frigobar a disposição dos hóspedes, TV com apps (ROKU), ar condicionado.
Não utilizei, mas disponibilizam estacionamento coberto (R$20 a diária);  Definitivamente as opções de doces do café da manhã e almoço precisam melhorar!! Tem bastante variedade mas não são boas.
Chuveiro demora para esquentar;
Algumas tomadas precisam de ajuste pois tem hora que não encaixam bem;
E uma coisa bem desagradável é a acústica dos quartos: 7h da manhã  já se escutava moveis sendo arrastados no quarto de cima ... Isso incomodou um pouco, pois mesmo você querendo descansar, não era possível.",8,2024-08-27 01:02:05+00,1
Hotel bien propre ideal pour un court sejour a iguacu,8,2024-08-28 09:39:02+00,1
"Hotel maravilhoso em Foz do Iguaçu! O café da manhã foi um destaque, com várias opções para quem tem intolerância à lactose, como eu. A piscina climatizada é perfeita para relaxar, e a academia é completa, ideal para manter a rotina de exercícios. Além disso, a localização é excelente, facilitando o acesso às principais atrações da cidade. Recomendo para quem busca conforto e qualidade!",10,2024-08-31 00:00:00+00,1
"Um dos melhores hotéis que já me hospedei considerando custo e benefício. Ele está super bem localizado, no centro, próximo a restaurantes, farmácias e shopping. Além disso, de fácil acesso as atrações turísticas da cidade. Os quartos são amplos, bem ventilados e com boa iluminação. Tudo estava em perfeito estado e os funcionários são super atenciosos. A academia é excelente e a piscina é climatizada. A parte que mais gostei foi do café da manhã que tem muuuuuita variedade e do ofurô que estava quentinho. Usei mesmo no inverno! 😍😍😍",10,2024-08-31 00:00:00+00,1
" Bien situé
Piscine chaude  Il faisait très froid lors de notre séjour et la fenêtre de la chambre fermait mal. Forte condensation dans la chambre menant à des flaques d’eau sous les fenêtres quand on se réveillait le matin.

Les draps sont juste posés sur le matelas donc on se réveillait le matin en étant à même le matelas…",7,2024-08-31 19:17:31+00,0
"Estive nesse hotel semana passada, recomendo pra quem estiver interessado, janelas anti ruido, piscina aquecida, 2 jacuzzi com água aquecida, funcionários extremamente bem educados, fácil acesso aos passeios,café da manhã muito bom, voltaria de novo com certeza ...",10,2024-09-01 19:15:58+00,1
" Café da manhã é bom 
Muito a vontade  Poderia ter uma tapioca 
Suco natural",10,2024-09-05 11:25:38+00,1
"Lugar incrível, bom atendimento, excelente quarto e bem localizado na cidade ! Com certeza irei voltar !",10,2024-09-09 20:43:33+00,1
"Boa localização com restaurantes perto e próximo do centro (3 quarteirões mais ou menos). Excelente atendimento dos funcionários em todos os serviços prestados pelo hotel. Café da manhã de boa qualidade e também gostei da limpeza dos quartos. Piscina aquecida e jacuzzi também, mesmo em dias de não tanto calor é possível utilizar os dois.",10,2024-09-12 21:15:18+00,1
"PARFAIT !
Un hôtel top confort à TAILLE HUMAINE avec un staff accueil souriant,(merci Milena 😉 ) à l’écoute des clients et de très bons conseils !!!
-Les chambres spacieuses et confortables , très propres, climatisées.
-Petits  déjeuner super garni, Bravo à Malene pour son efficacité à veiller que rien ne manque
-On peut déjeuner le midi au menu avec buffet ou bien dîner « à la carte «  le soir : les plats sont cuisinés à la minute donc être patient mais c’est hyper bon 😋 et merci à Jamilla pour son sourire et son efficacité en salle (et nous lui souhaitons un beau bebe en décembre )
Seul bémol :(j’ai mis que 4 * car  la piscine est en restructuration mais tout est fait pour avoir le moins de gêne possible .. et ce sera encore plus beau après ..😊
BRAVO à tous et milles merci 🤩",10,2024-09-12 21:25:20+00,1
Excepcional,10,2024-09-12 23:34:44+00,1
 foi tudo ótimo.recomendo,10,2024-09-14 12:00:21+00,1
"Hotel bem localizado.
Café da manhã razoável.
Atendentes na recepção simpáticos e receptivos, fora a Ana Paula. Cara muito fechada e mal responde ao que perguntamos.
Destaque para a camareira Joseane, muito caprichosa, prestativa e educada.
Wifi não funciona nos quartos.",8,2024-09-16 23:17:42+00,1
" Piscine sympa 
Chambre agréables même si un peu vieillissantes",10,2024-09-21 12:21:57+00,1
" El desayuno muy completo.
La muy buena atención de su personal.
La Piscina, pese a estar en remodelación su entorno, funciona muy bien, con agua calefaccionada.
Las camas muy cómodas
Buena ubicación, cerca de locales comerciales.
Toallas en la piscina  El ruido de los vehículos se escucha de la habitación, quizás podrían instalar ventanas termo panel.",9,2024-09-23 11:41:20+00,1
Las habitaciones son pequeñas igual el baño. No tiene bidet.,6,2024-09-27 11:33:41+00,0
" Café da manhã, localização, estacionamento (embora seja pago), piscina aquecida e atendimento muito eficiente.  Internet muito, muito lenta. A piscina estava em uma reforma que não acabava, aliás ficou em reforma do inicio ao final da estadia, e embora pudessemos usá-la, havia o desconforto do cheio de tinta da grade que estava eternamente sendo pintada.",8,2024-09-28 13:39:10+00,1
" excelentes instalaciones.  el tamaño de la habitación, el que no disponga de bidet. para ser PET friendly , las posibilidades son infimas, no puede estar en casi ningún sitio del hotel y en la habitación no más de una hora solo. Tampoco en los espacios abiertos (piscina o terraza) además de un cargo de 120 reales por día que encuentro difícil de justificar, es exactamente lo contrario a amigable.",7,2024-09-29 01:34:52+00,0
"O hotel conta com boas acomodações. O quarto de casal nao é muito grande mas tem uma cama king confortável e tudo funcionando ok (frigobar, ar, tv, secador etc).

Paguei uma taxa única de R$ 20 para todos os dias de estacionamento, que fica na rua lateral e possui a maior parte coberta.

Localização excelente, bem próximo ao shopping cataratas, mercado Muffato e de diversos restaurantes.

O Restaurante Venetto fica anexo ao hotel e é onde é servido o bom café da manhã aos hóspedes. O restaurante tem buffet no almoço e pratos a la carte, alem de serviço de quarto.

Ponto negativo é para o wifi. Da pra quebrar um galho mas muitas vezes compensou usar o 5g do celular.",10,2024-09-29 03:33:31+00,1
" La ubicación es excelente, esta próximo al Shopping del centro y de la zona comercial.
Él desayuno en general estuvo muy bueno, muy rico y con variedad de opciones entre dulce salado y frutas.-
La pileta climatizada esta genial.-  No hay quejas atribuibles al Hotel.-",9,2024-10-01 12:32:49+00,1
"Hotel que se classifica como quatro estrelas mas facilmente poderia ser 5 estrelas!

O atendimento é excepcional! Em todos os turnos! Mesmo chegando a noite/madrugada, além do recepcionista, há sempre algum funcionário prontamente disposto em auxiliar, seja com as malas, segurar o elevador etc. São detalhes ""pequenos"" que mostra a excelente gerência do hotel!!

O café da manhã é muito bom! Com muitas opções e mesas disponíveis, não há qualquer perrengue, tampouco qualquer necessidade de ficar esperando lugar para sentar, mesmo em horário de ""pico"".
A única coisa que senti falta no buffet foi um café expresso rsrs. Porém, há a opção de tomar na recepção (não me recordo o valor, mas o preço é super justo).

Os quartos são muito bons, camas extremamente confortáveis, tudo funcionando! Além dos canais abertos, a TV é smart e atual. Wi-fi também é bom.

A localização também é excelente! E outra comodidade é o estacionamento, salvo engano pagamos R$20,00 a diária, mas é super prático e com vagas cobertas e espaçosas. Tem até vaga para carros elétricos, o que é um diferencial.",10,2024-10-01 13:33:55+00,1
" Atendimento dos funcionários, localização, excelente café da manhã e boas opções no buffet do almoço. Estacionamento coberto muito bom.  Valor do jantar muito elevado. Carta de vinhos muito pobre com preços proibitivos (Estão na fronteira). Estacionamento pago prá motociclistas?",8,2024-10-01 19:13:47+00,1
 El personal es muy amable y el lugar es muy bien ubicado.  El horario del spa con masajes y tratamientos se podría ampliar todavía.,9,2024-10-01 20:01:01+00,1
 Desayuno espectacular..hay lo que busques.. ubicación muy céntrica..perfecta..mejor imposible  El hotel perfecto..no tengo nada malo que decir del hotel..tiene de todo a muy buen precio..sin dudas volvería al mismo lugar..lo único malo que me pasó pero que el hotel no tiene nada que ver es que los vecinos que tenía eran muy ruidosos estaban todo el día arrastrando cosas..golpeando contra la pared..fue lo único negativo..pero es ajeno al hotel..el personal perfecto,10,2024-10-03 02:09:42+00,1
" Tudo certo limpo refeição boa  A falta de compreensão . Tivemos que voltar um dia antes e nem vcs booking e nem o hotel se responsabilizaram pelo reembolso de um estadia, a última no caso . Um empurrou para o outro e não resolveu o problema",7,2024-10-03 14:03:24+00,0
" Café da manhã, estacionamento  Cama",8,2024-10-06 09:43:26+00,1
Ótimo nota 10,10,2024-10-07 17:27:47+00,1
 Café da manhã sensacional. Equipe muito prestativa e agradável. Quarto e cama super confortáveis. Localização ótima!  Nada.,10,2024-10-07 17:54:46+00,1
"Perfeito , incrível e maravilhoso!!!
Comida ótima,  serviço impecavel e o pessoal do Nadai são uns amores!!",10,2024-10-07 19:03:30+00,1
"Quartos simples, limpo, porém ar condicionado necessitando de manutenção. Localização boa, próximo ao shopping Cataratas JL",8,2024-10-08 01:41:06+00,1
" Da atenção da equipe. no atendimento de todas as pessoas. Equipe bem treinada e muito solicita. Adoramos.  TEve uma pequena questão de que não colocaram as toalhas, depois de arrumar o quarto. Liguei na recepção e fui prontamente atendido",9,2024-10-08 15:05:24+00,1
"とてもキレイ。部屋のバスタブは広くて大きかった。プールは温水でジャグジーも気持ち良かった。プールサイドのバーの接客も満足。
全体的に過ごしやすく良いホテルだった。",10,2024-10-09 00:00:00+00,1
 The Staff was extremely helpful and friendly!  There was some ongoing construction work going on.,10,2024-10-09 00:22:35+00,1
 sehr gutes Frühstück,9,2024-10-12 17:44:55+00,1
"A experiência nesse hotel é sempre excelente!
Bom atendimento, agilidade no check-in, serviço de qualidade, refeições agradáveis e quarto bem confortável! Organização impecável 👏🏼",10,2024-10-12 18:25:15+00,1
" da atenção e disponibilidade dos funcionários da recepção, café da manhã bom porém repetitivo. Boa localização. Confortável, bons ambientes comuns.  Quarto minúsculo, camas precisam ser renovadas assim como as roupas de cama e toalhas de banho (ásperas). Dificuldade para assistir tv, quase sem canais abertos e nada de tv a cabo. Restaurante pretensioso que não corresponde aos preços praticados, quando nos perguntaram se havíamos gostado do prato respondemos que a carne estava dura o comportamento dos atendentes mudou radicalmente mostrando que não aceitaram a crítica. Cardápio enganoso, com sabor de rede de fast food de shopping.",7,2024-10-13 15:16:45+00,0
"Tirei fotos inscríveis para meu perfil profissional. A recepção é linda, limpa e aconchegante. Não utilizei quartos e refeições, ainda. A fotógrsfa Amanda me surpreendeu pela escolha do local/cenário das fotos e pelo resultado. Só gratidão.",10,2024-10-13 23:25:07+00,1
"Hotel muito bom quarto limpo, roupa cama  muito limpas . Pessoal que nos atendeu desde o pessoal da recepção as camareiras os garçons todos muito atenciosos! Café da manhã gostoso bem variado . Com estacionamento é pago a parte mas tem acessibilidade.",10,2024-10-14 00:00:00+00,1
" muy limpio y muy bien ubicado, el desayuno muy completo y rico",10,2024-10-14 00:05:13+00,1
 Pool area  Rooms too small,9,2024-10-15 12:21:07+00,1
"Quarto faltou limpeza, diária, e arrumação das camas diárias, na qual não teve!",6,2024-10-19 01:18:42+00,0
Top,10,2024-10-20 19:32:39+00,1
"Friendly english speaking staff, great pool and gym, great value for money",10,2024-10-21 00:00:00+00,1
Muito bom hotel funcionários muitos prestativo e atencioso nota 10 eu recomendo,10,2024-10-21 09:00:25+00,1
"hotel jah foi bom, mas ultimamente vem pecando muito... desde manutenções simples como maçaneta da porta do quarto e banheiro estragados, assento da privada solto, ar condicionado com barulho bem ruim.....cama do quarto se vc ficar muito na beirada quase cai..pois esta torta...

e para piorar reclamações absurdas, minha filha foi encher uma garrafinha com agua no café da manha foi chamada a atenção que nao podia, foi comer um biscoito de polvilho na área da piscina, chamaram atenção que nao podia....fui beber um vinho com minha esposa nas unicas mesas disponíveis no hall do hotel nao podia tinha que pagar rolha... acolhimento zero....empatia zero.... isso que ja aou cliente desse hotel a anos.....porem agora nao volto mais..perderam um cliente por gana de ganhar em tudo...ridiculo...

uma agua 8 reais, uma cerveja lata 15 reais e te forcam a consumir tudo no hotel para ganhar tudo que podem... pedi 2 sucos 13 reais cada, horrivel.....pura agua...e sem gosto...e sem contar que agora tem estacionamento 20 reais por dia..enfim..que pena que foram por esse caminho....",2,2024-10-23 01:14:07+00,-1
 Café,10,2024-10-26 20:36:41+00,1
"Me hospedei no período de 22 a 27 de outubro de 2024 e, se pudesse, daria nota 1000. Foi realmente uma experiência diferenciada. Os funcionários são extremamente educados, o quarto é confortável, e o ambiente é sempre limpo e perfumado. A localização é excelente, próxima de tudo, e o preço é justo.

Estava comemorando 10 anos de casamento e fomos surpreendidos com um cartão e bombons, o que tornou o momento ainda mais especial.

O café da manhã é variado, e as refeições servidas são de altíssima qualidade. Nota-se o cuidado e a paixão dos chefs, que entregam sabores maravilhosos e únicos.

Gostaria de destacar uma situação atípica: meu sobrinho precisou ser atendido no pronto-socorro, e ao solicitar ajuda na recepção, uma colaboradora em treinamento (uma pena não lembrar o nome) nos deu carona até lá. Ela foi extremamente educada e prestativa, demonstrando um cuidado e atenção que realmente fizeram a diferença em um momento de necessidade.

Muito mais sucesso a vocês!!! Voltarei com certeza.",10,2024-10-28 23:30:16+00,1
"Hôtel bien situé, au centre-ville de Foz do Iguazu et à 30 minutes de l'aéroport. Location parfaite pour aller visiter les chutes d'Iguazu. Déjeuner inclus et très bon. Le matelat du lit était vraiment mou, donc inconfortable. La climatisation fonctionnait, mais était très faible. Le plancher de la salle de bain était sale. Nous avons apprécié la piscine et le service des employés qui a été impeccable tout au long de notre séjour !",10,2024-10-29 00:00:00+00,1
"Ótimo hotele em boas condições. Funcionários solícitos.
Amplo estacionamento. Não fica localizado perto da ""muvuca"". Nada que me atrapalhasse pois eu estava de veículo próprio.
Na reserva constava que havia uma bebida grátis por pessoa para 2 (uma vez por estadia). Ficaram me devendo. Considero uma falha grave no atendimento. Ponto negativo.",6,2024-10-30 00:00:00+00,0
" Atendimento muito ruim, principalmente nas áreas de lazer. Na piscina não havia ninguém para nos atender, ou servir uma simples água, mesmo tendo funcionários na área.",6,2024-10-30 19:26:42+00,0
"Lamentável um lugar desse porte, com 4 estrelas, não incluir o estacionamento. O que deixa mais indignado é o fato de já ter a estrutura do estacione em si, não é como se eles tivessem que alugar o estacionamento. Mas claro, para explorar turista ou gente de fora, é cobrado um valor absurso pela diária do estacionamento. Observação adicional: a  cancela do estacionamento não funciona bem - ou demora, ou simplesmente não funciona e tem que ir na recepção reativar.",6,2024-10-31 14:27:59+00,0
Incrível,10,2024-11-02 00:00:00+00,1
Bom atendimento e bom ambiente. Estadia foi aconchegante e foram super solícitos.,10,2024-11-02 00:00:00+00,1
" The swimming pool was a great (and unexpected) bonus at the end of our exhausting days at the Iguacu falls!  it's open until late (after 10pm), and has a nice poolside bar with drinks, snacks, and even full dinner options. The staff was helpful in arranging transportation to the Argentinian side of the falls.  The room was not as nice as expected from the pictures, but still fit our needs.",9,2024-11-05 13:46:05+00,1
"Adoramos nos hospedar no Nadai, atendimento cordial e respeitoso, restaurante com café da manhã bem variado, almoço (a parte) delicioso, piscina aquecida, hidro, academia e salão spa ( a parte).

O quarto é amplo e muito limpo, banheiro bem espaçoso.

Localidade boa.

Pretendemos voltar.",10,2024-11-05 13:59:08+00,1
"Café da manhã excelente,  cama confortável, piscina com temperatura agradável.Funcionários prestativos e simpáticos.",10,2024-11-08 00:00:00+00,1
" Achei o atendimento em geral ótimo, e a cama bem confortável, com ar condicionado bom. Restaurante bom também.  A limpeza do quarto e banheiro precisam melhorar, assim como a música na piscina, seria melhor não tocar nada para ser um ambiente mais agradável. Valores do restaurante poderiam ser menores para serviço de quarto.",7,2024-11-09 01:24:23+00,0
Everything was perfect. The only thing was their free breakfast the food was not great. That was a lot of it but not great.,10,2024-11-10 00:00:00+00,1
"Infelizmente nao recebi o beneficio de bebida grstis por diaria. Questionei a recepcao que nao soube resolver e ficou de dar um retorno, o que nao ocorreu. Me senti vitima de propaganda enganosa.",6,2024-11-11 00:00:00+00,0
"Hotel mediano. Não se trata de 4 estrelas. A acomodação (suíte júnior) é bem pequena. 
Uma das pias estava parcialmente entupida e o ar condicionado, no primeiro dia, não estava funcionando bem.
O menu diário do restaurante é muito fraco e o café da manhã sem variações. Opções de doces nada saborosos, todos os bolos muito ressecados. 
No caso do restaurante, somente o menu a la carte é honesto e gostoso. 
O menu ""buffet"" é um verdadeira fiasco. 
Atenção especial foi conferida pelo funcionário Marcelo (recepção noturna), pois conseguiu uma solução para o ar condicionado no dia seguinte ao de nossa reclamação.
É um hotel voltado para eventos e viagens comerciais.
O atendimento da recepção é muito frio. Não voltarei.",6,2024-11-13 00:00:00+00,0
"Nadai é um dos melhores hotéis que já fiquei no Brasil. Super atenciosos, educados e ainda me deram um bolinho de aniversário, pois a viagem foi para comemorar essa data.
Não tenho nenhum ponto de melhoria, o café da manhã é ótimo, a piscina também, o quarto super confortável, minha estadia foi perfeita, recomendo 100%.",10,2024-11-13 11:23:41+00,1
"É um hotel excelente
Super recomendo",10,2024-11-15 22:09:31+00,1
 Excelente piscina e café da manhã.,9,2024-11-16 18:08:02+00,1
Ótimo café da manhã e jantar. Piscina aquecida e ambiente agradável.,10,2024-11-17 15:31:54+00,1
" Globalement confortable  L'espace piscine , familial, occupé en majorité par les enfants et une musique permanente ne permettaient aucun repos!",9,2024-11-18 13:05:17+00,1
" Fica a 15min a pé do shopping.
Chuveiro forte. Cama confortável. Café da manhã muito bom. Funcionários gentis.
Tv com netflix. Áreas comuns muito bonitas.  Quarto pequeno e com certo barulho por ser de frente para avenida movimentada. O ar condicionado está mal posicionado: venta em cima da cabeceira da cama",8,2024-11-18 20:45:15+00,1
" Quarto de casal no 4o andar de fundos sem barulho da rua. Cama grande bem confortável. TV com netflix. Chuveiro bom. Café da manhã excelente. Funcionários gentis.
Piscina aquecida maravilhosa.  Ar condicionado mal posicionado: venta na cabeceira da cama.",9,2024-11-18 20:51:17+00,1
Central spot. Great local dining options. Very friendly staff.,10,2024-11-20 00:00:00+00,1
"Excelente lugar. Boa comida, quartos de qualidade. Super recomendo.",10,2024-11-20 02:15:27+00,1
" This hotel is fantastic. We really enjoyed our stay. The pool is even better than on the pictures and the atmosphere is really great. We would also like to especially thank a young man who served drinks in the pool bar in the evenings, he was always very smiling and helpful which made us feel very welcome. I would recommend this hotel to anyone travelling to Foz de Iguazu!  Nothing:)",10,2024-11-20 12:14:10+00,1
 Todo,9,2024-11-20 13:15:55+00,1
 Breakfast is very nice.,8,2024-11-21 20:41:51+00,1
 Ana muy amorosa,8,2024-11-22 16:55:25+00,1
"Tudo ok com relação a estadia , conforto, limpeza , cortesia 
A desejar restaurante - comida ruim e cara 
Café da manhã regular",8,2024-11-25 00:00:00+00,1
"Razoável, nosso vaso sanitário apresentou vazamento já no primeiro dia de hospedagem, pedimos manutenção, porém a solução achada por eles foi um piso de banho para conter a água que escorria pela base do vaso, o quarto em si, bem limpinho, colchões em ótimo estado, café da manhã fantástico, a única crítica fica por conta do vazamento, sim eu voltaria a me hospedar tranquilamente, desde que o vaso não vaze, fica a dica, se não desse para arrumar o vazamento, deveriam ter nos trocado de quarto, em fim, na próxima espero não ter mais esse tipo de problemas.",8,2024-11-25 00:00:00+00,1
"Hotel excelente, um dos melhores que já me hospedei no Brasil.
Quarto com banheira, super amplo, enxoval novo e confortável... Café da manhã com diversas opções e um buffet impecável, funcionários super receptivos, educados e que falam até 3 idiomas.
Dentro do hotel tem o restaurante Veneto de excelente gastronomia e uma confeitaria impecável.
Tem fraldário, academia, SPA e brinquedoteca.
Parabéns!!! Com certeza voltarei e indico.",10,2024-11-25 15:42:13+00,1
" Nice personal, very nice room, location.  nothing to comment",8,2024-11-27 19:07:30+00,1
Muito bom...,10,2024-12-04 18:07:29+00,1
" El desayuno muy completo y variado, excelente también la cena. Muy linda la zona de piscinas y jacuzzi y la habitación cómoda  Faltaría algo más de entretenimiento para los niños",10,2024-12-07 00:52:24+00,1
 Nice common area. Very nice lunch buffet  Room was very small and the linen a bit worn.  Towels was fine.  Our room was also right next to the hotel laundry which was very noisy from early in the morning,8,2024-12-12 18:41:15+00,1
Unico inconveniente é que a porta do banheiro está empenada impossibilitando o fechamento,10,2024-12-13 00:00:00+00,1
" El sector de piscina muy agradable. El estacionamiento comodísimo.  Las alfombras tipo caminero de los pasillos, están deterioradas y manchadas, le da mal aspecto",10,2024-12-17 13:21:48+00,1
"A estadia foi muito boa! É um excelente custo benefício para a estadia em Foz. Hotel bonito, bem decorado, com excelente área de lazer, café da manhã e restaurante bons. Bem localizado. Contudo, tenho pequenas ressalvas quanto a estadia, mas nada que tenha impactado ou que seja motivo para não voltar, pois voltaria com certeza a me hospedar. A limpeza do quarto fica um pouco a desejar, principalmente com relação ao banheiro. O colchão da cama estava levemente cedido em ambos os lados e os travesseiros precisam ser trocados. O lençol da cama estava pequeno para o tamanho da cama, saindo a todo instante. A toalhas estão gastas. Houve um atendente da recepção bastante seco e sem muita cortesia. Servem chá na recepção, mas não servem café, poderia ser uma boa opção de cortesia. No check-out não oferecem sequer uma água de cortesia. Enfim, são os detalhes que tornam a experiência única, inesquecível e que nos fazem indicar aos amigos e familiares. Acredito que estes pontos, podem melhorar a experiência no hotel, que já é muito bom!",8,2024-12-19 00:00:00+00,1
" De maneira geral gostei. Hotel bonito, bem localizado. O café da manhã pode ser mais expressivo nos sabores. Ter alimentos mais inclusivos.",8,2024-12-19 03:28:26+00,1
 La habitación familiar es muy linda y muy cómoda. La pileta hermosa  nada,10,2024-12-20 11:37:21+00,1
"Hotel razoável, bonzinho, apesar de pecar em coisas simples e que dariam melhor satisfação do cliente!",6,2024-12-20 16:48:16+00,0
"Ótimo Hotel , me arrependi de não ter ficado mais tempo no hotel, Foz tem muitas atrações, voltaremos.",10,2024-12-21 02:23:10+00,1
Excelente! Quarto confortável.  Café da manhã maravilhoso. Equipe mt atenciosa e bem treinada.Tenho apenas a me queixar do barulho que vem do corredor e que poderia ser facilmente resolvido com uma porta antirruído.,10,2024-12-23 00:00:00+00,1
" PISCINA MUY BUENA CON DOS YAKUSI, DESAYUNO TOP,  TODO OK",9,2024-12-23 11:02:34+00,1
" Ventilação natural no banheiro.  Secador potente, ducha grande e forte, água quente também no lavatório. 

Espelho grande no quarto que, apesar de útil, sabemos que foi colocado para dar sensação de amplitude do cômodo, que é pequeno para hotel 4 estrelas. 

Bom isolamento acústico na janela e paredes (só vaza som pela porta).

Garagem muito boa, vagas espaçosas e totalmente coberta (cabem aproximadamente 30 carros), com ótimo acesso para o interior do hotel. Cobraram os 20 reais previstos por dia, acrescidos de uma taxa de 18 reais sem aviso prévio, o que não gostei, mas era incontestável. Alegaram que há informação sobre cobranças adicionais, ou seja, precisamos concordar com toda e qualquer cobrança.  O jantar incluso é a sugestão do dia. Pensei que seria buffet. Esta condição deveria estar descrita já nas informações que lemos antes de reservarmos, porque se eu soubesse, não teria selecionado diária com meia pensão.  O sabor de tudo estava bom.  Só que vinha um pedação de carne, frango ou peixe e apenas um acompanhamento (além da salada). Para quem não quer muita carne ou nada de carne e aprecia pratos com verduras e legumes, fica insatisfeito, como nós.  Até permitiram substituir, porém, senti que fiquei no prejuízo, pois troquei por espaguete com purê de batatas (não podia escolher à vontade).  Sobremesas eram doces demais, pedi para trocar por frutas.

Minha estadia foi de domingo a sexta. Na quinta anunciaram almoço buffet, mas, estávamos no passeio. Fiquei animada, pensando que no jantar também seria. Que nada...  foi a mesma pratada de comida que não queríamos.

O café da manhã deixou a desejar, por ser um hotel que se classifica com 4 estrelas. Há vários itens, porém, não havia estação de preparo de omelete ou tapioca na hora.

Não tem barra de apoio no banheiro (acessório de baixíssimo custo!).  Deve haver em quarto para PCD, porém, dentro do box essa barra é importante para qualquer idade e condição física.

Percebi que as colchas não estavam bem higienizadas. E um dia foi disponibilizada toalha de banho toda detonada (veja foto).  Jamais isso deveria ocorrer em hotel 4 estrelas (aliás, em nenhum hotel).

Não sei se é orientação do gerente, mas ficam regulando os amenities. Xampú e condicionador de boa qualidade porém, na base de miséria.  Certa vez, os sabonetes já estavam no osso e precisei implorar por reposição na recepção.  Quem trouxe foi um mensageiro, porque a camareira não atendeu.  Aliás, resolveu atender depois de eu reclamar, porém, veio incomodar em hora que já estávamos descansando.

Falando em camareira, não gostei do serviço delas.  Péssima arrumação de cama: enfiam lençol de cima e lençol de baixo, tudo junto para debaixo do colchão.",5,2024-12-26 14:41:58+00,0
"Perfeito nossos dias de descanso e Natal em família.  Hotel bem localizado, muito limpo, banheiros novos, chuveiro perfeito, piscina quentinha, gastronomia impecável, colaboradores muito prestativos e educados. QUERO VOLTAR!",10,2024-12-27 03:48:07+00,1
" Room was amazing, staff was very friendly and food was great.  Breakfast would be better if was available from 6am not 6.30am as can be rushed for tour pick ups.",10,2024-12-27 15:43:53+00,1
" Funcionários atenciosos, quarto confortável, café da manhã ótimo, boa localização e piscina excelente.  Vazou bastante água do ar condicionado a noite. Fui prontamente atendido pela recepção, mas disseram que não tinha muito a fazer. Felizmente foi um evento que não se repetiu pelos outros dias de hospedagem.",9,2024-12-27 23:25:23+00,1
" The location was quite good for getting around the area and no issues being picked up for a tour of the falls. The pool area was quite well laid out as well.  We unfortunately found ourselves with one of the rooms facing the road which can be quite noisy (even with windows closed), along with the small room size being a bit of a detraction, however we were there to tour the area which is why the location is the main feature of the hotel.",8,2024-12-30 17:34:51+00,1
 We enjoyed the pool. All staffs in Nadai were super friendly and helpful. Nice variety of breakfast menu is also great!  Nothing to complain about.,8,2024-12-30 22:52:24+00,1
" Chambre propre et confortable 
Wifi impeccable 
Piscine très agréable 
Personne aux petits soins 
Large choix au petit-déjeuner buffet 
Possibilité d’effectuer des soins au SPA 
La localisation pas très loin des chutes d’Iguazu",10,2024-12-31 11:51:04+00,1
" Tudo! Hotel novinho, limpo e organizado. A área de lazer é muito boa e o bar na piscina oferece ótimas opções.",10,2024-12-31 13:43:03+00,1
"A experiência de estar hospedada no Nadai foi muito positiva, o local é privilegiado pela localização, hotel com estrutura muito sensacional, atendimento impecável. Deixo aqui um agradecimento especial aos funcionários, cada um deles, eu pude perceber o quanto cuidam do Nadai e de nós hóspedes em cada detalhe. Obrigada por tudo!",10,2025-01-02 01:41:05+00,1
"No quarto a cama estava horrível. Apesar do bom tamanho era muito velha e mole, o lado de cada um do casal era um buraco com a parte central mais dura e alta. Durante todos os dias que ficamos precisamos usar nossos dados móveis pois a internet não funcionava no quarto.

O café da manhã do hotel estava péssimo todos os dias. Nos deparamos com um buffet variado, porém com produtos de qualidade mais baixa principalmente na parte de pães e bolos. Haviam produtos secos (possivelmente reaproveitados) e a grande maioria não era algo saboroso. A sanduicheira estava pedindo socorro, funcionava mas estava quebrada, dificultando o uso.

A piscina apesar de aquecida estava sendo pouco aquecida na parte da noite. Eu e minha esposa gostamos de ir à noite, porém com a água um pouco fria nos desanimou e não utilizamos muito. O estacionamento é parcialmente coberto e enche fácil, além disso não está incluso na diária, o que sinto não ser muito justo pelo valor que foi pago.

Por fim, senti que não foi uma boa estadia pelo valor que paguei. Cama, banho e café da manhã bons são o mínimo para um hotel com valor acima de R$ 800,00 a diária. Por ser super alta temporada (entre Natal e ano novo) me pareceu que foi aproveitado para aumentar o preço devido a demanda porém sem entregar a qualidade condizente. Gosto muito de Foz do Iguaçu e esperava me hospedar mais vezes no Nadai, mas infelizmente precisarei buscar outros lugares nas próximas vezes.",6,2025-01-03 00:00:00+00,0
"Excelente escolha. Ótimo atendimento de toda a equipe, muito bonito, materiais dos quartos de primeira linha, piscina brandamente aquecida que atende a todos, serviços de bar completos e decoração de bom gosto. Estacionamento coberto parcialmente com painéis de captação de energia solar, etc. Recomendo Mutio, voltarei se possível. E claro, Foz de Iguaçu além de bela é o mais próximo que encontrei no país com estrutura turística de 1o mundo.",10,2025-01-03 00:00:00+00,1
Good lication,10,2025-01-03 00:00:00+00,1
 EXCELENTE LOCALIZAÇÃO E CAFÉ DA MANHÃ COM MUITAS OPÇÕES.,10,2025-01-03 14:36:07+00,1
 Limpeza organização,10,2025-01-03 19:07:18+00,1
Bom custo benefício! Muito boa a comida... O quarto apenas que é meio pequeno.,10,2025-01-05 02:38:44+00,1
 The only thing that I like the bed was comfortable.  The property is poorly maintained and managed. The wifi connection was very slow. I couldn't really call or stream .. there is a lot of noise from the main road.,7,2025-01-07 00:16:53+00,0
Muito bom,10,2025-01-07 22:17:50+00,1
"Hotel excelente, com boa localização, café muito bem servido e estrutura impecável!
O recepcionista Marcelo super prestativo e educado, parabéns!",10,2025-01-08 00:00:00+00,1
Recomendo!!,8,2025-01-08 02:53:56+00,1
" Tudo muito gostoso, estava excelente  De nada",10,2025-01-09 00:24:04+00,1
"Quartos condizentes com o preço, área comum de lazer bem pequena para o número de hóspedes.

Tentamos utilizar o serviço de quarto 3 dias seguidos (que teoricamente funciona 24/7) e toda vez fui informado de que não estava funcionando naquele dia.

O restaurante tem um bom custo benefício para almoço. O café da manhã tem bastante variedade, mas algumas coisas pareciam amanhecidas.

A localização é boa, mas não nos sentimos muito seguros na região, principalmente a noite.",6,2025-01-09 15:47:58+00,0
" Ótima localização, bom café da manhã, equipe atenciosa.  Os banheiros precisam de um pouco de atenção quanto a manutenção.",9,2025-01-10 18:27:59+00,1
"Quando siamo venuti a forza, abbiamo soggiornato in questo hotel che è un quattro stelle. È una struttura confortevole con camere abbastanza grandi e nuove. È dotato di palestra, piscine climatizzata, sala colazione con preparazioni che soddisfano tutti i palati.  è un’ ottima soluzione se si viene ad editare il parco nazionale di Iguacu.",10,2025-01-11 11:35:13+00,1
 La atencion del Personal  Las paredes del jaccuzi estaban un poco sucias. El agua del mismo  preciado que tenia olor .,9,2025-01-12 00:30:43+00,1
"O hotel é bom, atendimento com cortezia, quartos limpos e aconchegantes, piscina gostosa e bonita. O que deixa à desejar é o restaurante. Nota 2/5. Café da manhã: OK. Café expresso: frio. Buffet: caro e ruim. Carnes duras, arroz duro, macarrão duro... pedi um beirute, veio mucho e todo colado... Tirando a cozinha, todo o restante do hotel é 4/5. Não comam no hotel. Saiam para comer, pois a gastronomia local é maravilhosa. Alta gastronomia em comida japonesa, italiana, árabe, etc.",8,2025-01-13 00:00:00+00,1
"Quarto bom, cama boa, limpeza mais ou menos (marca de sujeira na bancada do banheiro e na banheira e café da mnhã ok",8,2025-01-14 00:00:00+00,1
" La.ubicacion y  las instalaciones muy limpio todo , el personal muy amables y atentos  La.verdad todo me.gusto",10,2025-01-14 13:51:58+00,1
" Chaque etape, c était excellent. Le petit dejeuner etait super, un grand choix.
Le buffet du dejeuner, parfait. 
Le personnel, au petit soin et agréable. Aide tres utile pour acheter des billets d entrée sans faire la queue aux chutes. Ainsi que le taxi pour passer en Argentine. 
Vraiment un très bon endroit.  Nuit calme de 23h a 6h. Avant 23 h les clients sont bruyants. Des 6h c est le personnel qui se manifeste.
Entre les meubles qui sont trainé au sol plutôt que soulevé et les portes qui claquent.",10,2025-01-15 00:13:38+00,1
 A localização é excelente,10,2025-01-15 00:58:22+00,1
"Hotel muito tranquilo, uma decoração impecável. Deixou a desejar na limpeza dos quartos, encontramos muito cabelo e pacotes de camisinha abertos.
A localização é um ponto forte, próximo ao Paraguai, shopping e restaurantes.",6,2025-01-15 14:19:09+00,0
Muito boa !!!,10,2025-01-16 00:00:00+00,1
"O hotel é  bom
Os funcionários  simpáticos
A estrutura  toda bonita
Exceto o quarto que deveria ser melhor , mas mesmo assim recomendo",8,2025-01-16 09:40:31+00,1
"J ai apprécié ce joli hotel. L accueil,  les petits déjeuner",10,2025-01-16 10:56:10+00,1
"Quartos confortáveis, elevadores com muito barulho, área de café e refeições muito agradáveis, café da manhã excelente, bom estacionamento, piscina adequada (poderia ser maior), pessoal de serviço muito educado, excelente localização.",8,2025-01-16 14:24:25+00,1
"Hotel excelente custo benefício. Muito confortável, bonito, aconchegante. Localização estratégica, perto de tudo : restaurantes, lojas, ponte da amizade, farmácias, mercado mufatto e super dia, shopping JL Cataratas. A piscina uma delícia, com duas jacuzzis… Café da manhã completo e muito gostoso. Atendimento excelente de todos os funcionários!! Muito simpáticos! Dentro do hotel tem uma agência que vende todos os passeios- muito prático porque vc já chega com o ingresso na mão e não precisa pegar filas nos passeios. O preço é o mesmo praticado nos pontos turísticos e ainda parcela em três vezes. O quarto é um pouco pequeno, mas o suficiente, ficamos em 4 pessoas, cama confortável, blackout total nas janelas e  chuveiro muito bom. Tem uma pequena academia com o necessário para manter a rotina de exercícios. Preço das porções e bebidas servidas na piscina dentro do rezoavel pela comodidade. Enfim, recomendo muito esse hotel! Eu e minha família adoramos!",10,2025-01-17 00:00:00+00,1
" Hotel maravilhoso, bem aconchegante, funcionários super educados e prestativos, bem localizado no centro da cidade , café da manhã bem servido. Não tenho o que reclamar do ambiente,só o Wi-Fi que não pega muito bem no quarto, fora isso foi tudo ótimo. Super recomendo e com certeza voltarei.👍🏽",10,2025-01-17 20:18:51+00,1
"A experiência no hotel foi inesquecível! Viajei em janeiro de 2025 e o atendimento foi impecável desde a recepção, com a Ana Paula, que foi extremamente simpática. O Herick, que trabalha no bistrô, também merece destaque: foi muito atencioso, guardando um pedaço de bolo e salgados da nossa preferência e preparando um café delicioso.
Gostaria de ressaltar o excelente atendimento e a eficácia do Rafael, recepcionista da noite. Cheguei com minha amiga de um passeio pela Argentina, carregadas de compras, e ele prontamente nos ajudou a levar as sacolas até o quarto, sempre simpático e atencioso.
Vocês estão de parabéns! Com certeza voltarei em breve.",10,2025-01-17 20:32:57+00,1
"Compreendo o período do ano , mas tivemos algumas decepções. A primeira foi o banheiro sujo, com cabelos de outras pessoas. o Ar Condicionado estava apresentando alguns defeitos do tipo F4, embora tenha cumprido seu papel. Durante o almoço encontramos uma pequena pedra na salada que veio a machucar a gengiva da minha esposa (fizemos a comunicação no momento). Por último, o café da manha estava com problemas na reposição. Aguardamos mais de 20 min para a reposição do ovo mexido e a mesma não ocorreu. Para o custo do quarto ficou distante de outros hóteis em Foz. Sempre estamos nos hospedando na cidade para passeios ou negócios.",6,2025-01-20 00:00:00+00,0
"Middelgroot hotel waar we laat aankwamen en ook weer in de ochtend vertrokken naar de Braziliaanse zijde van de Iguazu watervallen. Heel veel kunnen we niet vertellen, maar het personeel was uiterst vriendelijk. Onze kamer (240) was meer dan prima. Beide koffers konden open liggen en de badkamer was echt zeer ruim met een apart deel voor wastafels en bad, en toilet en douche. Het ontbijt was uitgebreid. Alles was voldoende aanwezig. Bijna jammer dat we hier maar een kort nachtje verbleven. We kunnen Nadia van harte aanbevelen. 80 punten.",8,2025-01-21 00:00:00+00,1
" Pool, staff, common areas very spacious and clean.  N/A",9,2025-01-24 18:11:11+00,1
 La atención del personal  La temperatura de la pileta . Muy caliente para esta época del año,9,2025-01-24 22:59:18+00,1
"Não é um 4 estrelas. Os quartos não parecem um 3 no máximo, o serviço é muito ruim no geral. A única coisa aceitável é a localização",2,2025-01-26 08:40:25+00,-1
 Zona de pileta y restaurante. Estacionamiento techado  Nada para reprochar,8,2025-01-26 15:52:56+00,1
 Restaurante y zona de pileta. Estacionamiento techado  Solo pasé una noche pero nada para reprochar,9,2025-01-26 15:58:33+00,1
"Hotel excelente, boas instalações. Tudo muito bonito. Dei azar em estar chovendo e não pude acessar a piscina. Mas tem banheira com água quente na suíte júnior, então fiquei satisfeito.
Café da manhã muito variado. Estacionamento com acesso pela rua lateral cobrado separadamente.
Tive o azar de me hospedar ao lado de alguém muito barulhento, o quarto não tinha nenhum isolamento acústico.
Voltaria a me hospedar no Nadai!",10,2025-01-27 00:00:00+00,1
"Quarto aconchegante, suíte Júnior com banheira, estacionamento coberto com entrada pela rua lateral por R$ 20,00. Café da manhã variado, muito bom.
Não dou 5 estrelas pois o barulho no corredor era quase que o tempo todo, parece que não tem isolamento acústico. Talvez dei azar ao pegar um vizinho barulhento.",8,2025-01-27 10:02:46+00,1
 El personal sobre todo muy amable,10,2025-01-29 17:50:39+00,1
"A nossa estadia foi maravilhosa!
Café da manhã variado e sempre reposto.
Atendimento espetacular.
Tivemos um probleminha com o nosso quarto e no mesmo instante que telefonei para a recepção já foram nos mostrar outras opções de acomodações disponíveis (Marcelo fez questão de nos mostrar 5 para escolhermos qual nos agradava mais e depois voltou para nos ajudar com as malas).
Atendimento dos meninos do bar da piscina também foi fantástico.",10,2025-01-30 11:58:32+00,1
" Ótima localização  O quarto que reservei não era como a foto, banheiro com crosta de sujeira velha.",7,2025-01-30 18:52:20+00,0
"Lugar extremamente organizado, com muitas opções de lazer , experiência incrível , sem palavras!!! ⭐",10,2025-02-01 21:00:35+00,1
" Gostamos muito da piscina climatizada, da atenção dos funcionários e o café da manhã é excelente com muita variedade.  A cama do quarto que estava um pouco funda mas fora isso, estava tudo perfeito.",9,2025-02-02 00:20:44+00,1
 El desayuno y la atención del personal  La habitación un poco pequeña y el armario muy reducido,9,2025-02-02 00:34:03+00,1
Fazem propaganda enganosa! Acabo de ser barrado pela atendente Priscila informando que o café da manhã do estabelecimento não aceitaria o Prime Gourmet e que informação teria vindo de um tal gerente que sequer estaria presente na unidade! Completa falta de respeito com cliente! Vergonhoso!,2,2025-02-02 10:58:50+00,-1
" Funcionários simpáticos! Comida boa, café da manhã excelente.",8,2025-02-02 21:39:58+00,1
Everything is average. 34degree Celsius outside and the Air con in my room wasn’t cold enough and they said at least it’s working.,6,2025-02-03 00:00:00+00,0
"Muito boa a estadia. Conforto, localização, shopping, igreja próximos. Quarto muito bom com smartv (youtube, primevideo, netflix etc). Desjejum e restaurante muito bons (recomendo).O que deixou um pouco a desejar foi a reposição de amenidades para o banheiro.",10,2025-02-03 00:00:00+00,1
Check in was easy. R bathroom wasn’t cleaned as desired. Hotel staff was friendly.,8,2025-02-03 00:00:00+00,1
" La amabilidad del personal. Tuvimos un inconveniente con las tarjetas de crédito de la reserva, nos comunicamos con el Hotel y nos mantuvieron el precio y la reserva hasta nuestra llegada (era con pago por adelantado).  Internet en las habitaciones podría ser mejor, no era buena.",9,2025-02-03 00:37:16+00,1
 Tudo muito limpo e organizado.  Valor um pouco salgado.,10,2025-02-03 12:28:26+00,1
 Atención del personal,10,2025-02-03 13:04:11+00,1
" Excelente hotel, la cordialidad de los empleados, la comida muy variada, las camas super cómodas. Todo genial  Me gustó todo",10,2025-02-05 12:16:24+00,1
"Desde a chegada somos bem recebidos, o ambiente é limpo, cheiroso e acolhedor! Todos colaboradores atenciosos! Lugar excelente para ficar com a família. E o café da manhã então, sem palavras 😅❤️",10,2025-02-05 17:58:18+00,1
"Hotel velho, com aspecto de desgastado pelo
uso. Quartos sem isolamento acústico, barulho de música vinda do piscina. Hotel não tem uma política de barulho/silencio. Não recomendo, não indico.
Fuja, procure outro hotel, nem que seja mais caro. Valerá a pena.",2,2025-02-06 00:00:00+00,-1
 Excelente. No les pregunte el nombre pero el muchacho de la barra que también estaba en el comedor y la chica de recepción (una chica rubia muy simpatica) hicieron de mi estadía un placer magnífico.  La habitación tenía algo de olor a humedad,9,2025-02-06 00:38:18+00,1
"地球の裏側の日本から海外一人旅で、ブラジルとアルゼンチンのイグアスの滝公園に行くためにフォス・ド・イグアスにあるこちらのナダイコンフォートホテルに2泊しました。

パラグアイやアルゼンチン、そして、ブラジル側のイグアスの滝公園や空港行きのバスが出ているバスターミナルから徒歩10分くらいのところにあります。同じくショッピングモールにも徒歩10分くらいです。昼間は暑いので歩くのしんどいですが、朝晩なら比較的楽に歩けます。

どのプランを選んでも朝食付きだったので無料朝食だと思うのですが、サンパウロのホテルと同じくパンの種類は豊富、フルーツやホット系の食事があって、何故かサラダはないという構成でした。

ホテルスタッフはフロントからベルボーイ、バーのスタッフまで皆フレンドリーです。英語も話せます。バーでの飲食もそれほど高額ではありませんでした。

パラグアイにもアルゼンチンにもブラジルにも行きたい人はこのホテルが一番良いのではないでしょうか！",10,2025-02-07 08:02:01+00,1
"Quarto sujo, cobertores sujos roupa de cama encardida quartos cheiros fortes, piscina  suja.",2,2025-02-08 12:52:11+00,-1
" El personal es extremadamente amable y servicial, muy atentos y siempre bien dispuestos, la limpieza incuestionable y los servicios excelentes. La comida muy buena, el desayuno completísimo. La pileta con la temperatura ideal  Estuvimos 5 días, el wifi solo funcionó el primer día y luego nunca más. Hice reclamos pero no lo solucionaron.  La pileta podría ser más grande",8,2025-02-09 12:20:40+00,1
" Desayuno espectacular  Cena media floja, muy repetitivo el menú",9,2025-02-09 16:42:21+00,1
" Todo en general, personal amables, buenas habitaciones, buena comida, y piscina muy linda  Nada malo que decir",8,2025-02-10 02:05:50+00,1
" Bom dia, acomodação muito boa os funcionários sempre prestativos, muito atenciosos. Um ótimo lugar para passar os dias com a família. Não tivemos nenhum problema com acomodação ou funcionários. 
Café da manhã atendeu as expectativas.  talvez um pouco mais de estacionamento",10,2025-02-10 10:55:49+00,1
"Muy lindo hotel.
Las habitaciones para 4 un poco chicas, pero lindas.
El personal muy amable y atento.
Desayuno y cena de lujo!!",10,2025-02-10 11:19:17+00,1
"Hotel não é tudo aquilo que aparenta.
O atendimento dos funcionários muito bom, atenciosos , café também bem variado, mas a estrutura do hotel não é muito boa , piscina suja , os quartos também cortinas bem sujas de poeira.",6,2025-02-10 15:52:56+00,0
" Hermoso hotel, muy abundante el desayuno, limpieza y confort excelente.",10,2025-02-10 16:50:23+00,1
"Todo es excelente en el Nadai, las habitaciones, el personal, el desayuno, la cena buffet y la maravillosa piscina climatizada. Una experiencia inolvidable!",10,2025-02-10 20:23:44+00,1
" Localização e piscina  Funcionário da recepção, limpeza do quarto, café da manhã, cama, cama muito ruim, tem um buraco na cama. Reservei o quarto com vista jardim ou vista piscina e tudo que eu tive foi vista da marquise do prédio, muito barulho, tanto dos corredores quanto da rua, manchas de mãos sujas na parede de todo o quarto, manchas de rejunte nas postas e no banheiro. Funcionário muito mal educado da recepção, mentiu que não tinha mais quarto e tinha, não falou sobre nenhuma orientação e quando perguntado foi curto e antipatico, fornecendo informação errada ainda sobre horário de café da manhã.",1,2025-02-11 00:30:46+00,-1
 Me gusto mucho solo q me parecio chiquita la habitacion para 5 pax  El tamaño de la pieza .,8,2025-02-11 18:11:53+00,1
 Tudo bem limpo,10,2025-02-12 17:22:48+00,1
"Ótima localização, como estrutura boa de piscina de hidromassagem. A Sauna é terceirizada, paga uso, poderiam rever por ser um hotel spa. 
Café variado. Restaurante bom. 
Limpeza e lençóis deixam a desejar. 
No geral recomendo.",8,2025-02-13 00:00:00+00,1
"Excelente recepção, café da manhã muito bom, quartos confortáveis e bem limpos.",10,2025-02-15 00:00:00+00,1
 La hall  Il personale disponibile,8,2025-02-15 04:17:22+00,1
"Experiência maravilhosa !!!

Hotel lindo , funcionários educados e simpáticos , quartos limpos , café da manhã delicioso ! Recomendo com toda certeza ! O hotel é muito aconchegante! ❤️",10,2025-02-15 15:50:56+00,1
Perfect,10,2025-02-16 00:00:00+00,1
" El desayuno, la limpieza y la ubicación.",10,2025-02-16 11:34:50+00,1
"We were impressed by the service at every hour of the day. Even before check-in time, we could store our baggage and already enjoy the swimming pool and other areas of the hotel.
The breakfast offers many different local and international dishes / options which makes it rich. The hours are very comfortable for both early birds and night owls. 
The area is safe. There is a shopping mall nearby, and restaurants of various cuisine.

Unfortunately, there were some ants in the bathroom and next to the bed. Also, there was mold around the window of the bathroom.
The bed was giant, but there was not much possibility to organize personal stuff, e.g. no wardrobe our kind of double room.

But all in all: It is worth a visit - vale a pena!",8,2025-02-17 00:00:00+00,1
"Excelente el servicio del hotel, personal amable y predispuesto siempre. El servicio de bar de la pileta y servicio al cuarto muy bueno. El servicio de desayuno y cena (incluido en el regimen de media pension) muy bueno, variado y completo.",10,2025-02-17 00:00:00+00,1
" Funcionários atenciososo, piscina aquecida, café razoável. Cama confortável.  Alguns alimentos no café não pareciam frescos, café e leite frios. Funcionária do café não gostou de reclamarmos da sujeira da cadeira. Poucos funcionáriis para check in e para atendimento na área de lazer. Toalhas manchadas. Elevador sem ar condicionado. Spa poderia ser higienizado ao longo do dia, pois a jacuzzi estava com as bordas sujas. Piscina parecia maior nas fotos.",8,2025-02-17 01:45:26+00,1
" UMA UNICA OBSERVAÇÃO SÃO OS PAES QUE ERAM DUROS E VELHOS NO CAFÉ DA MANHÃ E OS LANCHES QUE PEDIMOS NO BISTRO PERTO DA RECEPCÃO AO LADO DO RESTAURANTE TB NAO ERAM BONS  , MUITO GROSSO O PAO DE FORMA !",6,2025-02-17 13:33:13+00,0
 Excelente Lugar. Ideal para estar en familia. Tremenda Pileta y excelente desayuno. Cenamos todas noches a un muy buen precio y además de tener gran variedad era tenedor libre. Otra cosa importante es que tiene una agencia de turismo y nos brindaron un muy buen servicio.. Preguntar por Carolina y Celio el guia de turismo.  muy conforme con el servicio.,10,2025-02-18 20:22:11+00,1
" Servicios, atencion del personal, ubicacion, limpieza....  No tengo comentarios, todo excelente....",10,2025-02-19 12:34:53+00,1
 Piscina  Wi Fi irregular,10,2025-02-20 00:32:25+00,1
"Muy lindo hotel, desayuno completo tal cual los brasileros ,nosotros optamos por media pensión, cena bufet le faltaría más variedad,  pero a la carta excepciona l!!!!,  increíble recetas gourmet. Muy amables todos y ricas caipiras .Destacable la atencion de Edibaldo...esta en todos los detalles y siempre dispuestos. Volveremos gracias por todo. Saludos desde Córdoba Argentina.-",10,2025-02-20 17:53:32+00,1
Não gostamos da atenção da pessoa nem da comida. O gerente do turno da noite é muito arrogante e trata mal os hóspedes.,2,2025-02-21 16:59:38+00,-1
Buen desayuno hermosas habitaciones con cochera y excelente ubicación precio razonable,8,2025-02-22 16:44:49+00,1
 Clean comfortable rooms with wonderful service  Nothing. Wonderful visit,10,2025-02-24 11:30:56+00,1
 Das toalhas.,8,2025-02-24 13:39:54+00,1
"No quarto está escrito que o serviço de quarto é 24h, cheguei tarde no hotel e fui ligar para recepção para fazer um pedido e me informaram que não é 24h, informei que no papel está escrito e nem sequer deram atenção para arrumar a informação, simplesmente o recepcionista disse que não sabia e pronto. Já o café da manhã é muito ruim, frutas verdes, comida com gosto de plástico, qualidade do café pior ainda,fazia tempo que eu não tomava um café tão ruim na minha vida, super torrado/queimado.",4,2025-02-25 11:36:47+00,-1
"Experiência incrível, desde o chek-in fomos muito bem recebidos, funcionários muito educados e prestativos, limpeza impecável, café da manhã então, ficamos surpreendidos com a qualidade e variedade, até no dia em que chegamos no final, eles estavam repondo com produtos frescos, sem contar a decoração do hotel que é linda com várias salas de estar no hol de entrada, cada uma com um estilo e delicadeza, as camas confortáveis, e ainda fica bem no centro, fomos a shopping, restaurantes que não são muito caros, como Água na Boca e principalmente o Santo Cupim, (viramos fregueses) meu DEUS, que tempero!!!",10,2025-02-26 20:39:35+00,1
" O jantar à la carte foi OK.  O hotel é muito movimentado. Café da manhã com filas, pessoas falando alto nos corredores e os quartos são longes do elevador (meu quarto era um dos últimos do corredor. Sofri com minhas sacolas). A roupa de cama é encardida e a descarga do meu banheiro travava um pouco (era preciso força excessiva para apertar e dar certo). O ar condicionado é super barulhento. E, como as portas são próximas uma das outras, quando o vizinho dava aquele tranco para fechar a porta, a minha balançava e parecia que iria até abrir.",3,2025-02-27 13:16:01+00,-1
"Atendimento excelente!
Alimentação muito boa!
Café da manhã nada de especial mas bom!
Almoçamos no hotel e a comida também era muito boa!
Mas tem muitas outras áreas que deixam a desejar.
Como a limpeza piscinas e jacuzzis, banheiros .",6,2025-03-01 00:00:00+00,0
 Gostamos de tudo. Já é a quarta vez aque ficamos no Nadai e certamente voltaremos.,10,2025-03-01 12:31:29+00,1
nice hotel but very bad wi-fi,6,2025-03-01 22:45:08+00,0
 Having a pool and the bar at the pool  Dinner at the hotel restaurant,8,2025-03-01 22:47:26+00,1
 Die Kellner bei der Abend Bedienung waren sehr unfreundlich.,3,2025-03-02 16:13:03+00,-1
"O hotel fica em uma região central de Foz, a menos de 1 km de um supermercado de rede grande e de um shopping center, além de restaurantes. 
O quarto do hotel é confortável, mas não é muito grande, tem espaço ok, falta melhor iluminação no quarto, caso queira deixar o blackout fechado. 
Cama boa, ar condicionado funcionou bem, apesar da demora para começar funcionar. 
Tem cofre, frigobar e cabideiro. 
O banheiro tem espaço muito bom, mas no box fica de frente pro sol à tarde, então usar o chuveiro a tarde será com sol.
A piscina estava muito lotada, então não deu para usar. Tem um bar na piscina.
A academia fica de frente para a piscina.
O café da manhã foi o destaque, muito bom! Ótima variedade de frutas, 2 tipos de sucos naturais, pães, salgados, doces, bolos, frios, ovos e mais uma proteína que muda diariamente (mudou nos 3 dias que estivemos), e estava tudo bem bom. 
Wi-Fi oscilou, mas no geral funcionou bem. 
Tem uma lojinha de roupas, e acessórios, agência de viagens, e onde funciona m café da manhã tem um restaurante.
Preço razoável para o que oferece.",6,2025-03-03 00:00:00+00,0
Hotel muito bom com atendentes atenciosos e prestativos. A piscina uma delícia após um dia de sol intenso. Muito bom!,10,2025-03-03 00:00:00+00,1
" El buffet genial, la habitación de lujo, la atención del personal del hotel, exquisita ,los cócteles riquisimos, la piscina muy bien cuidada, las estancias del lobby muy acogedoras....Volveremos. Fue una semana muy placentera.",10,2025-03-03 10:20:09+00,1
" La verdad que el hotel divino , limpio , todo impecable ...el personal muy amable y servicial . Volveria sin dudarlo
La ubicacion excelente..",10,2025-03-03 15:40:02+00,1
" Me encantó y súper recomiendo este hotel, desayuno variado, instalaciones limpias, habitación cómoda. Buena ubicación. Excelente todo, pasamos super bien con mi familia.",10,2025-03-04 12:46:06+00,1
 Espaço e conforto  Cama pequena e colchão um pouco desconfortável,8,2025-03-04 15:20:26+00,1
"Excelente ambiente com muito conforto, beleza e limpeza.
Colaboradores atenciosos e preocupados com o bem estar do hóspede.Café da manhã com muita variedade…
Nossa experiência superou a expectativa 
Recomendamos o hotel para amigos e familiares!",10,2025-03-06 00:00:00+00,1
 La piscina,10,2025-03-06 11:48:59+00,1
"A la vuelta del hotel tenes todo lo principal del centro varios locales comerciales. En el hotel tenes desayuno libre, almuerzo libre y cena libre. Me encantó, hay spa, muchas comodidades.",10,2025-03-06 22:22:59+00,1
"Hotel muito bom e confortável. Cama ótima, funcionários simpáticos e muito prestativos. Piscina aquecida maravilhosa, com ambiente bonito e agradável. Cafe da manhã bem completo. Observar que o estacionamento fechado é pago, 25 reais por dia, mas se quiser parar na rua tem muito espaço, a sua conta e risco... Sempre procuramos ficar no Nadai em nossas viagens para Foz e sempre recomendamos pra todos.",10,2025-03-07 00:00:00+00,1
" Piscina bem gostosa e aquecida na medida, quarto limpo e espaçoso e o atendimento excelente! O recepcionista principal do dia diante o carnaval foi bastante ágil, resolutivo e atencioso! O mensageiro do hotel da manhã também era bastante solícito e simpático. Havia também um barista muito atencioso que fazia cafés sensacionais melhores que muitas cafeterias  Não gostamos do atendimento da equipe da recepção QUE TRABALHAVA A NOITE, a equipe do dia era super educada e atenciosa. Mas os funcionários da noite não eram NADA simpáticos e pacientes, especialmente uma atendente de cabelos pretos, magra e com tatuagem, super grosseira e o mensageiro do turno da noite que também era grosseiro",9,2025-03-08 12:45:28+00,1
 Musica pileta almuerzo  Nada en particular,9,2025-03-10 11:04:58+00,1
 El desayuno muy completo y exquisito. LA piscina demasiado templada para los dias calurosos. Excelente la atencion del personal. Instalaciones limpias y agradables.  Al llegar no pudimos comer en el restaurant del hotel ya que cerraba temprano,9,2025-03-12 13:43:18+00,1
"Eu estive  à  mais de dez anos e  voltei agora, mudou muita  coisa  para melhor.",10,2025-03-12 17:37:49+00,1
Excelente hotel 🏨 muy Buena atención ☺️,10,2025-03-13 21:58:09+00,1
"Séjour avec quasiment aucun bémol. 

Hôtel avec un joli diagnostic et hyper bien équipé, présence d’une boutique de souvenir, d’un espace massage bien être, deux jacuzzi une piscine de deux bain pour petit et grand. Un espace extérieur avec de la musique et un bar. Parfait pour les moments de détente entre amis ou en famille. 
Espace de jeux pour les enfants, espace de fitness pour les plus grands ( pas immense mais le nécessaire pour faire sont petit entraînement quotidien). 

Le restaurant a un cadre très agréable, la nourriture est bonne. Les buffets sont somme tout classique, cependant les repas du chef sont très bons. 

Pour le petit déjeuner, un classique brésilien, une grande variété de choix. 

Les chambres sont spacieuses, propre et bien aménagée. Seul bémol, le bruit côté intérieur avec la musique, la fenêtre n’étant pas du double vitrage la musique est entendu jusqu’à la fermeture soit 22h. 

Le personnel est au petit soin et l’hôtel est très réactif en cas de problème. 

Je conseil cet hôtel, très content du séjour.",8,2025-03-14 00:00:00+00,1
 Funcionários simpáticos. Localização ótima e hotel bom.  No quarto só tinha uma tomada . Eu e meu marido tínhamos de trabalhar com computador precisando ser carregado e não conseguíamos ficar os dois no quarto pois só tinha uma tomada e duas USB.,8,2025-03-16 13:08:11+00,1
 Todos los servicios disponibles  Nada,10,2025-03-16 13:28:50+00,1
El único problema es su wifi que no funciona correctamente,8,2025-03-17 10:14:18+00,1
 Toda infraestrutura e funcionários  Gostei de tudo,10,2025-03-17 15:30:45+00,1
"Amei a experiência no Hotel Nadai. Devo lembrar que fui em abril/2024 (antes da reforma), mas só tenho lembranças positivas. Um dos pontos fortes certamente foi o café da manhã, farto e com bastante opções, constantemente reabastecido e bem agradável ao meu paladar.

O quarto também eu só tenho a tecer elogios. A única ressalva que eu faço é na quantidade de sabonete disponibilizada e papel higiênico pra quantidade de dias de estadia (quase uma semana). Eu achei de uma economia desnecessária.

A piscina também era agradável, mas como tinha muitos insetos próximos eu optei por ficar na jacuzzi que essa sim, 0 defeitos.

A localização do hotel é ótima, até facilita quem vai na intenção de também visitar o Paraguai e a Argentina, já que fica bem no centro de Foz. Recomendo muito!!",10,2025-03-20 13:34:25+00,1
"Eu e a minha esposa,passamos ótimos três dias ,pessoal atenciosos e educados,bom café da manhã boa comida,um bar na piscina muito bom!",10,2025-03-21 00:00:00+00,1
" Personnel au petit soin, parfait ! 
Nous recommandons cet établissement",10,2025-03-22 11:55:21+00,1
"Agradecimento ao hotel Nadai pela estadia incrível!! Desde a entrada a recepção foi maravilhoso, o quarto super aconchegante e muito equipado, super refrigerado ótimo para o verão tbm, a parte externa com piscina aquecida e jacuzzi com ofurô nem se fala, ficamos até o fim da noite e aproveitamos cada segundo. Por fim o café da manhã foi um dos melhores que já provei, valeu a pena e fez nosso fim de semana ser inesquecível 🩷♥️",10,2025-03-24 00:00:00+00,1
" El servicio diario. La gente muy atenta en el bar, restaurant, recepción.",10,2025-03-24 01:00:31+00,1
" Piscine 
Emplacement 
Qualité/prix  Chambre vieillissante
Équipement de base",9,2025-03-25 00:55:44+00,1
"Desayuno, sector de piscina espectacular.
Excelente atención de todo el personal del hotel",10,2025-03-25 03:11:59+00,1
" Muito confortável e limpo. Quarto e banheiro.
Recepção e demais instalações muito boas também. Assim como o café da manhã.  Ambiente moderno, com conforto, bom atendimento, limpeza, etc.",10,2025-03-25 16:35:28+00,1
" L’hôtel  est très bien, son personnel également, chambre très propre, très bon séjour.  La restauration est vraiment en dessous, petit déjeuner et dîner composé essentiellement de nourriture industrielle, il faut faire un gros effort quitte à augmenter un peu le tarif.",8,2025-03-25 20:01:28+00,1
 La comodidad  Nada,10,2025-03-25 20:03:18+00,1
"Hotel excelente, com ampla gama de lazer. Café da manhã farto , saboroso, com bastante opções. Quarto espaçoso, tv , ar e wi-fi funcionam bem, porém a a iluminação do quarto é péssima. Luz muito fraca. Poderiam melhorar nesse quesito. Estacionamento pago. Diária 25,00",10,2025-03-26 00:00:00+00,1
"Hotel excelente, com ampla gama de lazer. Café da manhã farto , saboroso, com bastante opções. Quarto espaçoso, tv , ar e wi-fi funcionam bem, porém a a iluminação do quarto é péssima. Luz muito fraca. Poderiam melhorar nesse quesito. Estacionamento pago. Diária 25,00",10,2025-03-26 23:44:42+00,1
"Apesar de ter atendido nossa necessidade, deixou a desejar em alguns aspectos.
Check in 15:00h e não há qualquer esforço para flexibilizar e muito pouco para agilizar, conseguimos fazer as 14:00h, após passear no Shopping e fazer hora no saguão. Tendi em vista que chegamos 11:00h.
Eu e minha esposa fomos direcionados para um quarto (220) com camas, disseram que iam juntar as camas e solucionar, só retornar à noite (22:00h) apesar de ter sido informado na recepção que haviam solucionado, aí cegar no quarto, o quadro era o mesmo (nós havíamos juntando as camas).
A recepcionista (iluminada) retornou a chamada que havia tentado fazer e ao tomar conhecimento de que não havia sido solucionado o problema, com ajuda do gerente (supervisor) nos ofereceu outro quarto (103), o que aceitamos prontamente.
Apesar de o cofre não funcionar, a tábua do vaso estar quebrada (trocada no penúltimo dia) e a maçaneta do banheiro estar solta, tinha cama de casal, o ar condicionado estava melhor e deu para sobreviver.
O café da manhã é bom, bastante diversificado.
A estrutura geral do hotel também não deixa a desejar.
Além da recepcionista e do gerente mencionados acima, o mensageiro que nos ajudou na chegada também se demonstrou muito prestativo.",8,2025-03-27 21:05:39+00,1
EXELENTE,10,2025-03-28 11:53:21+00,1
"Estão de parabéns!
Que lugar incrível, refeições maravilhosas e funcionários queridos .
Só elogios, minha estadia não poderia ser melhor.  Com certeza retornaremos.
Uma experiência nota 1000. 👏 👏",10,2025-03-28 17:26:40+00,1
" צוות נחמד מאוד, חדר מרווח ונקי. 20 דק נסיעה מהמפלים. לא רחוק ממרכז העיירה. ממליצה על המלון.
ארוחת בוקר טובה ומגוונת, אפשר לבקש שיכינו ביצים כבקשתך. הדבר היחיד שחסר זה ירקות.",10,2025-03-29 12:38:35+00,1
"Excelente opção de hospedagem em Foz do Iguaçu, localização privilegiada, quartos limpos e bem estruturados, café da manhã excelente, atendimento muito bom de toda equipe!",10,2025-03-29 13:39:57+00,1
" O hotel fica em uma região central de Foz, a menos de 1 km de um supermercado de rede grande e de um shopping center, além de restaurantes. 
O quarto do hotel é confortável, mas não é muito grande, tem espaço ok, falta melhor iluminação no quarto, caso queira deixar o blackout fechado. 
Cama boa, ar condicionado funcionou bem, apesar da demora para começar funcionar. 
Tem cofre, frigobar e cabideiro. 
O banheiro tem espaço muito bom, mas no box fica de frente pro sol à tarde, então usar o chuveiro a tarde será com sol.
A piscina estava muito lotada, então não deu para usar. Tem um bar na piscina.
A academia fica de frente para a piscina.
O café da manhã foi o destaque, muito bom! Ótima variedade de frutas, 2 tipos de sucos naturais, pães, salgados, doces, bolos, frios, ovos e mais uma proteína que muda diariamente (mudou nos 3 dias que estivemos), e estava tudo bem bom. 
Wi-Fi oscilou, mas no geral funcionou bem. 
Tem uma lojinha de roupas, e acessórios, agência de viagens, e onde funciona m café da manhã tem um restaurante.
Preço razoável para o que oferece.",7,2025-03-30 22:01:16+00,0
"Estivemos hospedados eu e meu esposo e nossos dois filhos de 8 e 14 anos de 30/01 a 6/02 , só temos elogios para o hotel tudo excelente o atendimento no restaurante a atendente (Eliane) nos ajudou muito com a alimentação do meu filho menor ,o atendimento na piscina a localização .Lugar familiar com certeza voltaremos e indicaremos para outras pessoas.",10,2025-03-31 13:25:46+00,1
"O hotel é realmente muito bonito e bem localizado. Sempre muito limpo e organizado. Os quartos são limpos, cheiroso e aconchegante, porém a cama parece que foi juntado duas de solteiro, tinha um desnível no meio.
Os funcionários sempre muito prestativos e educados.
Pegamos um dia de chuva e o estacionamento chove inteiro, fizeram um telhado com placas solares, nas emendas chove muito, mas um funcionário nos buscou até a porta do carro com o guarda-chuva.
Café da manhã sempre as mesmas coisas (ficamos de sexta a segunda), tem bastante variedade mas nem tudo é tão saboroso, principalmente os doces.
Wi-Fi as vezes pegava e muitas vezes não.
A piscina é muito boa.
No checkout eles cobram uma taxa de turismo, que não é obrigatória pagar, nós não pagamos.",8,2025-03-31 20:17:30+00,1
"Tivemos uma experiência maravilhosa no Hotel Nadai! A estrutura é excelente, os quartos são confortáveis e bem limpos, e o café da manhã é super completo, com muitas opções deliciosas. A área da piscina é perfeita para relaxar, e o atendimento foi impecável — toda a equipe muito atenciosa e prestativa. Localização ótima, perto de tudo em Foz do Iguaçu. Com certeza voltaremos e recomendamos para quem busca conforto, boa localização e um atendimento acolhedor!",10,2025-03-31 22:52:07+00,1
" Instalações novas, quarto família excelente e camas confortáveis. 
Melhoraria a ducha do chuveiro e o café da manhã que destoam.",9,2025-04-02 01:44:43+00,1
"Hotel extremamente luxuoso e confortável. Eu e minha família tivemos uma ótima experiência. Os quartos são amplos, com cama e enxovais premium. O café da manhã possui mais de 80 variedades, tudo fresquinho, saboroso e feito no capricho. As áreas de lazer melhores ainda, piscina aquecida, espaço kids, spa, sala de massagens e beleza, ponto de carregamento para carro elétrico e muito mais. Quem deseja uma hospedagem memóravel em Foz do Iguaçu, esse é o hotel ideal. Muito luxo em um local só. Amamos.",10,2025-04-02 21:41:21+00,1
"Eu, minha esposa e sobrinhos ficamos neste maravilhoso hotel em Foz do Iguaçu. Ficamos surpreendidos com tanto conforto e coisas para fazer dentro do hotel, que na verdade é um resort. Comida maravilhosa, café da manhã muito variado e com muitas delícias, spa com massagens, copa baby, jacuzzi, piscina grande e aquecida, bar com bons preços, loja de suvenirs e agência de turismo dentro do hotel e tem muitas outras opções de lazer. Nem precisa de sair do hotel para fazer nada, pois nele você já encontra de tudo. Eu realmente adorei e pretendo ficar nele novamente quando for outra vez em Foz do Iguaçu.",10,2025-04-02 21:51:43+00,1
"Minha tia me levou para conhecer Foz do Iguaçu, ela escolheu muito bem o hotel, pois o Nadai é muito gostoso, tem muita atração para as crianças e adultos. O que mais gostei foi da área kids, piscina e hidromassagem. Mas, o café da manhã também foi incrível, só de lembrar dá água na boa. Foi muito bom, recomendo o hotel.",10,2025-04-02 22:02:29+00,1
"Melhor hotel de Foz do Iguaçu, estrutura grande, com muitas atrações, tudo muito limpo e organizado. Não dá nem vontade de ir embora de tanto conforto e coisa legal para fazer. Refeições maravilhosas, super recomendo!",10,2025-04-02 22:08:36+00,1
" Swimming pool was amazing and havig two jacuzzis increases the chance you'll have one for yourself.
Breakfast buffet is generous.
Shower is spacious.
We were very grateful for the AC.
We felt safe walking around the hotel.  Shampoo and soap are packaged in individual one-time-usage portions and don't have a particularly pleasant smell. 
We went to the restaurant for dinner and wouldn't recommend it. The only option is the buffet and most options weren't to our taste.
On another evening, we ordered the pizza from room service and were taken back by the 'special dough'.
TV wasn't working in the room.",8,2025-04-03 20:02:52+00,1
"Os funcionários são muito educados e prestativos. O café da manhã é sempre as mesmas coisas. Nada muito saboroso, principalmente os doces. O estacionamento chove inteiro.",8,2025-04-04 00:00:00+00,1
 Hospedagem ok.  Wi-Fi simplesmente não funciona e o local não pega sinal 4/5G da Vivo.,8,2025-04-04 00:09:00+00,1
Viagem de ferias em Hotel Nadai,10,2025-04-04 13:48:37+00,1
"Tivemos uma experiência maravilhosa. Super recomendo. Voltarei, com certeza.",10,2025-04-06 01:04:06+00,1
" Gostei de tudo, muito bom, nota 10, e o Spa  também maravilhoso. Recomendo e irei voltar em breve.👍  O que eu menos gostei foi o restaurante, a comida deixou a desejar.",10,2025-04-06 11:57:39+00,1
" Clean, comfortable, all the basics for a short stay in Foz.",9,2025-04-07 00:10:59+00,1
"O hotel é bem pequeno e não é a melhor opção para quem tem criança já que o único atrativo é uma brinquedoteca bem pequena.

A café da manhã é delicioso.

O Jantar para quem fecha meia pensão é a la carte e com pouquíssimas opções (2 opções de proteina e 2 de sobremesa) com um preço que na minha opinião não condiz com o que oferecem. Os pratos são simples mas sempre bem preparados.
Em dias normais demora 30 minutos pra chegar. Hoje demorou 1:30h e com ponto errado da carne.

Em geral o atendimento é muito bom. Os atendentes são todos muito preocupados e muito simpáticos. É um ponto forte do hotel.

Recomendo o hotel de for a trabalho ou se você vai se hospedar apenas dormir no hotel e passar o dia fora nos passeios da região. Se vai se hospedar para descansar, não há ambientes além da piscina que quando frio se torna inviável de forma que você se vê obrigado a ficar no quarto.

Localização muito boa: próximo ao centro e a comércios locais e shopping JL.",6,2025-04-07 01:02:08+00,0
 café da manhã excelente e de fácil acesso. Atendimento gentil e eficaz  o colchão deixou muito a desejar. Já passou do tempo de ser trocado.,9,2025-04-09 02:06:46+00,1
" Hotel bem localizado, confortável. Bom restaurante. Funcionários muito educados e prestativos. Adoramos.",9,2025-04-09 23:32:36+00,1
"I stayed at this hotel for 2 nights while visiting the Iguazu falls. I chose to stay at this hotel because I wanted to stay in Foz city for the amenities, rather than be in a self-contained resort. This ended up backfiring a bit as there's not much around the hotel area, I had to walk further south in the city to find a good selection (a good 15 minutes if not more).

The check-in process was smooth. My room was extremely small, not much floor space as the bed took most of it up (which in fairness was very comfortable). The bathroom was very dated compared to the rest of the room. The air conditioning worked but it shone brightly which was disturbing during the night. On the bed there was only a thin sheet. With the air conditioning on it was too cold (even with a relatively high temperature set), with it off it was too hot. The night was a cycle of switching it off and on again when I woke up from being either too hot or cold. There was a duvet folded away, but I shouldn't have to use a duvet just to turn the air conditioning on.

I cannot stress how painfully slow the wifi was in my room. Mobile data was also pretty bad, so I don't know whether it was just due to my room's location or whether it's bed throughout the hotel. The wifi in the reception area was an acceptable speed.

The breakfast buffet was decent, typical for what you'd expect from Brazil. There were some fruits, but overall very carb heavy.

I would not recommend this hotel, it did not feel 4 star. If you don't want to stay at a resort, I'd recommend staying further south in Foz city (around where the Ibis is).",6,2025-04-10 00:00:00+00,0
"If I were entitled to a VIP treatment, noone in reception mentioned anything. 
The buffet lunch wasn’t very good, a bit bland and with few options. 
Breakfast, on the other hand, was quite good and with lots of options.",8,2025-04-10 00:00:00+00,1
"Ótimo hotel,
Diárias com Ótima relação custo benefício.
Insumos como bebidas alcoólicas custo alto.",8,2025-04-10 14:39:52+00,1
" Destaco la atención del personal, estado de las habitaciones y el restaurante del hotel.",10,2025-04-13 00:42:41+00,1
 Tudo excelente,10,2025-04-13 15:25:38+00,1
"Atendimento impecável desde a recepção, capricho nos quartos, bar café, mensageiros, garçons, todos muito educados. Dias maravilhosos neste hotel.",10,2025-04-13 16:20:29+00,1
" Hotel muito bom, excelente localização, ótimas instalações e café da manhã muito bom, fica a sugestão de informar no site que o estacionamento é pago a parte.  Estacionamento pago à parte, informação não disponível no site.",8,2025-04-14 01:16:26+00,1
" Viajei  com meu marido a Foz do Iguaçú pela 1° vez e desde a nossa chegada ao  hotel, já ficamos    deslumbrados com tanto capricho e bom gosto na decoração. Os funcionários,sempre  atenciosos, colaboraram para que nossa estadia fosse perfeita.Fomos atendidos prontamente em tudo que solicitávamos. A localização é excelente, 
café da manhã delicioso e sortido. Optamos por regime de meia pensão e os cardápios eram bem variados, leves e muito saborosos. Lazer completo com academia,piscina aquecida, jacuzzi bem quente! mesmo em dias nublados e chuvosos aproveitamos muito o hotel.Enfim ficamos muito satisfeitos e com certeza retornaremos em breve.  Aprovadíssimo!!!  Nada a reclamar, só elogios!",10,2025-04-15 10:55:10+00,1
" O hotel é muito bom! O café da manhã e limpeza excelentes! O chuveiro, diferente da maioria dos aqui de foz também é bom! 
A maioria dos funcionários muito simpáticos e solícitos, mas alguns da recepção principal são um pouco grosseiros, creio que deveria haver um treinamento para atender ao publico, eles não sabem passar informações certas e quando questionados agem com grosseria, a garagem também não é coberta, é fechada por placas solares, o que num dia de chuva a gente se molha de qualquer maneira, no demais tudo muito bom!",8,2025-04-15 11:01:39+00,1
"Hotel de excelente e completa estrutura com ótima  localização.
Funcionários educados, prestativos e sempre atenciosos.
Amei a estadia e super recomendo.",10,2025-04-15 19:28:37+00,1
" Hermoso el lugar, muy completo todo.  En las cercanías del hotel, había pocos lugares donde comer (solo teníamos con desayuno) en la última mañana de la estadía nos despertó un ruido de casi 30 minutos como si estarían rompiendo la pared a las 8 de mañana!! El personal de admisión no tenía ni idea de lo sucedido porque las habitaciones de al lado estaban ocupadas. Nos pareció súper irrespetuoso! Solo por eso no pongo las 5 estrellas",8,2025-04-16 00:17:41+00,1
"Excelente hotel, funcionários todos educados, limpeza nota dez. Só, acho que deveriam deixar uma g.arrafa de café para os hóspedes",10,2025-04-16 06:16:28+00,1
Excelente opção de hospedagem. Tudo o que estava no site foi entregue. Atendimento cortês e eficiente. Café da manhã de boa qualidade e variedade.,10,2025-04-16 11:34:51+00,1
"Excelente hotel, ótima localização, café da manhã excelente, qualidade de sono superou as expectativas, funcionários simpáticos e atenciosos e atendendo todas as solicitações com eficiência. 
Muito limpo e bem conservado, chuveiro ótimo!
Não posso esquecer de mencionar a eficiência do setor de reservas que respondem com muita rapidez e cordialidade!
Em minha próxima visita a cidade pretendo me hospedar lá novamente!",10,2025-04-18 00:00:00+00,1
"Lo bueno:
Servicio excelente desde que entras.
La piscina es climatizada exterior y tiene dos yacuzis.
El desayuno es rico, variado y abundante, y el café es bueno.

Lo malo:
Cobran tasa de turismo sobre el precio del hotel.!!!! R$
Te mandan directo al parking y después resulta que tiene costo extra.. R$ 35
Muy ruidoso el pasillo de las habitaciones. Me desperté con golpes y ruidos desde las 6am y luego fue constante y molesto.
Habitación chica
El desayuno hay mucha gente y mucho bullicio.
El ruido de la calle es molesto con las ventanas abiertas. Pero al cerrarlas no se escucha nada.",6,2025-04-18 13:34:17+00,0
"Gracias a todo el staff de Nadai Hotel, super amables, siempre atentos a las necesidades y/ o requerimientos del pasajero.Desayuno excelente, con variedad y siempre completo ya que desayune en varios horarios y nunca falto nada. El menú de la cena elaborado, variado y muy rico.Solo a modo de observación la habitación para cuatro algo reducida de espacio. Sin dudas para recomendar gracias Carina y flia.de Rosario",10,2025-04-18 15:25:48+00,1
"Excelente servicio de todo el personal. Instalaciones impecables. Trato excepcional. A mejorar, la habitacion cuadruple, es muy pequena, duplex acondicionada para 4. Altamente recomendable el hotel",10,2025-04-18 15:32:39+00,1
"Sempre que vamos a Foz do Iguaçu (grupo) ficamos no hotel Nadai. Estrutura, atendimento, alimentação tudo nota dez. Voltaremos em breve!!!",10,2025-04-18 19:13:29+00,1
" La amabilidad del personal,  el desayuno excepcional y muy variado , la piscina climatizada que permite usarla en esta fecha y la buena ubicación cercana a un shoping que te permitia acceder tanto a un  supermercado como para hacer compras  Nada",10,2025-04-19 18:52:33+00,1
"Hotel maravilhoso, com uma infraestrutura completa de total conforto aos seus hóspedes.
Pessoal do hotel extremamente prestativos, gentis e muito simpáticos.
Café da manhã excepcional com uma vasta variedade de opções.
Área de lazer impecável, piscina térmica,  muito segura e também extremamente confortável e linda.

Amamos demais nossa estadia",10,2025-04-19 23:39:28+00,1
Espectacular el hotel. Lo recomiendo 100 %. La piscina divina . Tienen 2 Yacussi.. el restaurante impecable . La atención divina...,10,2025-04-20 10:25:14+00,1
" El hotel es muy bello y las personas que lo atienden súper amables. El desayuno delicioso  Todo me gustó. Tal vez no está tan cerca del aeropuerto y las cataratas y el centro tiene poco atractivo, pero es fácil desplazarse.",10,2025-04-20 17:14:08+00,1
"Escolhemos este hotel após avaliar localização e custo-benefício, considerando um hotel 4 estrelas no centro de Foz .
O hotel está longe de um 4 estrelas e carece de cuidados de manutenção e limpeza , bem como supervisão de staff .
Meu primeiro apartamento teve ar condicionado sem funcionar e um mofo de vazamento de cor preta no teto do banheiro, além de vazamento no box denotando falta de manutenção . Fui trocada de apartamento e o novo não tinha tomadas funcionando e a caixa d’água do vaso sanitário com vazamento continuo . Estes problemas foram corrigidos no dia seguinte após a noite com o barulho do vazamento .  A internet da TV não conectava e a recepção não tinha ciência de como resolver . 
Os banheiros tem rejuntes pretos e no geral a limpeza é ruim , cabelos e sujidades no chão.  Lençóis com manchas.
O corredor tem piso frio e péssima acústica se reflete no interior dos apartamento : ouve todo o barulho de fora e do apartamentos de cima .
Por fim carece de melhores controles e processos : na última noite após a estadia sofrível estava dormindo quando fui acordada  as 23:00 horas por um serviço de quarto de outro apartamento . 
Não é um hotel barato e se coloca como 4 estrelas mas não tem esse padrão .",2,2025-04-21 00:00:00+00,-1
"Muy lindo el hotel, el servicio excelente, están en todos los detalles, el desayuno riquísimo y super completo.
Muy recomendable.",10,2025-04-21 18:35:58+00,1
"Estive no nadai no feriado de páscoa. Antes de qualquer coisa os funcionários foram todos sem excessão de nenhum extremamente simpáticos e prestativos o tempo todo. A estrutura do hotel é boa a localização também. Não tive problemas de barulho no meu quarto, talvez por ser no final do corredor. O quarto esteve sempre limpo com enxoval ok e reposição dos itens sempre que quero era limpo. Maaaaad, nem tudo são flores. Fui em um época de feriado, entendo perfeitamente a liberdade de exploração da oportunidade. Porém a diária estava 3x mais do que o hotel usualmente cobra. Para isso é necessário mencionar, que para cobrar este valor você deve se portar como um hotel deste valor. E isto estava longe de ser. O estacionamento por exemplo deveria ser ""gratuito"" entende. Quem sabe um manobrista nestas datas. Não há problema em elevar o preço, mas é necessário agregar valor ao serviço para que o cliente sinta que está consumindo o que que está pagando.. de qualquer maneira o feriado foi ótimo.",8,2025-04-22 14:42:22+00,1
"Gostaria de registrar minha ótima experiência no Nadai Confort. Toda a equipe foi extremamente atenciosa e profissional, cuidando de cada detalhe da nossa estadia. Em especial, quero agradecer ao Marcelo, que nos atendeu com simpatia e eficiência desde o check‑in até o check‑out. Parabéns a todos pelo excelente trabalho!",10,2025-04-22 17:16:51+00,1
"Excelente serviço prestado. Quarto confortável, em bom tamanho, com camas confortáveis e roupa de cama e banho se excelente qualidade. O serviço de limpeza é arrumação do quarto foi pontual e extreamante eficiente.
Os recepcionistas foram atenciosos e prestativos.
O café da manhã era diversificado com alimentos deliciosos.
A área de lazer era limpa e agradável
Voltaria diversar vezes
Recomendo demais",10,2025-04-22 22:32:04+00,1
"Estadia excelente com atendimento impecável

Nos hospedamos no hotel e tivemos uma experiência muito positiva. A localização é ótima e o atendimento de toda a equipe foi excepcional — todos os colaboradores foram extremamente educados, cordiais e gentis.

Um grande diferencial é que o hotel é Pet Friendly e fomos super bem recebidos com nosso pet, o que fez toda a diferença na nossa estadia.

Solicitamos o café da manhã no quarto, e foi simplesmente sensacional, com ótima apresentação e qualidade.

Ficamos hospedados no quarto 320, no terceiro andar, e o sinal de internet era muito fraco, praticamente inexistente. Para quem precisa trabalhar durante a estadia, isso pode ser um ponto de atenção. Apesar disso, a equipe do hotel foi muito solícita e prontamente nos ofereceu uma sala adequada para que eu pudesse trabalhar com tranquilidade.

Recomendo fortemente o hotel e voltaria com certeza. Apenas sugeriria uma melhoria no sinal de internet nos andares superiores para que a experiência seja ainda melhor.",10,2025-04-23 01:12:57+00,1
 Friendly and helpful staff. Nice bed. Well lit bathroom. Good shower. Great breakfast. Covered parking.  All good,10,2025-04-24 00:22:17+00,1
" É um hotel padrão, nada excepcional. O quarto é espaçoso e foi tranquilo para o período que ficamos, mas não achamos excepcional, ou inesquecível. O café da manhã era bastante bom e variado.  Achamos o valor do hotel caro, para o que é.",7,2025-04-24 10:54:19+00,0
"Localização muito boa, fácil acesso pra muita coisa, o cafe da manhã é excelente,  com muita coisa de qualidade e gostosa, todos os funcionários muito educados e atenciosos, ambiente da piscina muito gostoso, a piscina é aquecida, quarto bem confortável e limpo.",10,2025-04-27 00:00:00+00,1
"Localização privilegiada, hotel muito bom, camas confortáveis e banheiros limpos, piscina aquecida e ótimo café da manhã. Recomendo 100%",10,2025-04-27 11:21:59+00,1
"Adoramos ficar no hotel, tudo muito bom !!!",10,2025-04-27 11:28:05+00,1
Buen hotel. Bien ubicado,10,2025-04-27 17:40:22+00,1
"Optamos pelo o jantar romântico. Mesa ornamentada  com pétalas de rosas e velas,música ambiente deixando o clima mais agradável .Uma experiência maravilhosa! Desde o atendimento  até a comida. As entradas ,prato principal e  sobremesa tudo muito bem feito e bem servido. Qualidade define esse lugar!!   Bom atendimento e comida de primeira. Parabenizo a  esquipe, e  em especial o Sr Edivaldo  que nos deu todo o suporte, atendimento de excelência... Que noite especial!  Recomendo o local!!",10,2025-04-28 00:00:00+00,1
" Gutes Frühstück mit allem was man sich wünscht. Sauberes Hotel und Zimmer, schöne Hotelanlage und sicherer Parkplatz. Kinderfreundliches Hotel mit Spielzimmer und freundliche Mitarbeiter die Englisch sprechen.  Laute Umgebung, die Ausstattung im Bad ist etwas älter und gehört erneuert, der Kühlschrank war sehr laut in der Nacht.",8,2025-04-29 01:37:28+00,1
Colaboradores atenciosos. Serviços impecáveis. Instalações limpas e organizadas. Jantar incrível. O sr Edivaldo é muito gentil e um legítimo profissional. . Voltaremos em breve.,10,2025-04-29 11:53:10+00,1
"Ótimo custo benefício,  hotel com quartos confortáveis,  staff atencioso, ótimo café da manhã e muito bem localizado. Recomendo e voltaria, com certeza.",10,2025-04-29 12:08:26+00,1
"Tivemos excelente estadia, hotel superou nossas expectativas. O quarto era confortável, limpo e bem equipado. A equipe foi extremamente atenciosa e prestativa. O café da manhã estava delicioso e com bastante variedade. A localização também foi um ponto positivo, com fácil acesso a tudo que eu precisava. Com certeza voltaria e recomendo!",10,2025-04-30 00:00:00+00,1
"Estadia excelente! O hotel superou minhas expectativas. Decoração, café da manhã e área de lazer. Quarto limpo e confortável, equipe muito atenciosa e educada. O café da manhã com muitas opções e diariamente era servido algo novo. A localização também é ótima, perto de tudo que eu precisava. Com certeza voltaria e recomendo!",10,2025-04-30 18:06:53+00,1
Ótimo lugar,10,2025-05-02 18:49:08+00,1
"O atendimento e a localização são excelentes, mas o menu do chef servido no jantar é beeeem fraco, tendo em vista o valor de R$100 por pessoa. No dia que jantei com meu marido, o menu era alcatra com risoto de alho poro, quando o prato chegou, estava super gelado. Pedimos então, para “esquentar” e foi o que fizeram, colocaram no microondas e é isso aí! Mas quando fomos comer a carne, estava super dura e sem sal nenhum. Com certeza foi a carne mais dura e mais cara que já pagamos na vida! Não vale o valor!",6,2025-05-02 20:21:16+00,0
"Funcionários muito educados e atenciosos.
Parabéns.👏👏👏",10,2025-05-02 22:27:31+00,1
" excelentes e impecables instalaciones , todo lo necesario en el hotel para no tener que salir de alli,  el personal muy amable.
desayuno bien completo. nos gustó mucho el hotel  nada",10,2025-05-03 13:02:54+00,1
"hotel muy lindo, bien ubicado,  el personal super amable",10,2025-05-03 17:07:30+00,1
"Como sempre, ótima e todos os aspectos.",10,2025-05-03 21:59:50+00,1
Recepção e todos os demais funcionários extremamente educados. Hotel confortável e muito limpo. Excepcional experiência em Foz do Iguaçu.,10,2025-05-04 15:30:03+00,1
 Acomodações e café da manhã  Não tem o que não gostei,10,2025-05-05 16:38:37+00,1
"Hotel muito bom. Localização, conforto, atendimento, café da manhã, piscina tudo funcionando como deve. A internet seria o único ponto que notei alguma oscilação, mas creio que se deve ao fato de que era feriado e o hotel estava lotado.",10,2025-05-05 17:05:22+00,1
"Tudo impecável. Ótimo atendimento, comida excelente! Super recomendo.",10,2025-05-05 17:07:06+00,1
Fiquei no 421. Ouvia frequentemente os barulhos das portas dos outros quartos sendo fechadas. Acordava no meio da noite. E no sábado tive que ligar para a recepção pois o quarto vizinho estava ouvindo um pagode nas alturas as 21:00h.,8,2025-05-05 17:11:46+00,1
"Banheiro com mofo no teto, elevador lento, secador não funcionava. Funcionários educados, atendiam bem, mas alguns bem lentos. Ex: pedi para colocar copo onde estava a água saboreada, fiquei esperando 10 mins e desisti, minha esposa esperou mais e quando o rapaz trouxe os copos tirou a água",6,2025-05-05 17:29:21+00,0
"Experiência no hotel foi boa, mas precisa urgentemente rever a questão da Internet, nós que somos de outro estado, telefone da VIVO quase não existe sinal, a Internet do Hotel só funciona abaixo de reza, muito fraca!
Única questão que precisa ser resolvida urgentemente é essa questão da Internet",8,2025-05-05 18:13:58+00,1
"Excelente atendimento e limpeza, comida deliciosa",10,2025-05-05 18:21:23+00,1
Ótimo lugar pra passar as férias.,10,2025-05-06 11:23:00+00,1
Muito bom pra relaxar,10,2025-05-06 16:15:56+00,1
"Excelente hotel! Super bem localizado. Equipe maravilhosa, atenciosa e educada. Ótima estrutura de quartos, piscina e hall de entrada. Café da manhã farto e delicioso.",10,2025-05-06 17:03:57+00,1
O hotel é muito gradável e acolhedor.,10,2025-05-06 18:53:16+00,1
"Estive no Nadai durante o feriado de Corpus Christi e tive uma experiência muito positiva. O ambiente é limpo, a equipe é atenciosa e educada, e o café da manhã, excelente. A localização também é ótima, próximos a bares e restaurantes. Se você está indo para Foz do Iguaçu, o Nadai é, sem dúvida, uma excelente  opção.",10,2025-05-06 23:59:07+00,1
 Bueno  Nada negativo,8,2025-05-07 12:44:35+00,1
Ótimo hotel!!,10,2025-05-07 17:32:25+00,1
"Excelente localização e relação custo benefício!
Recomendado!!",10,2025-05-07 18:37:30+00,1
"Hotel maravilhoso! Atendimento maravilhoso, todos funcionarios sao simapaticos e prestativos. Quartos super limpos Fechamos meia pensao, e deu tudo certo. Cafe da manha bem servido com muitas opcoes e a janta deliciosa todos os dias.",10,2025-05-08 00:12:13+00,1
"Tudo excelente, exceto o sinal tanto de wifi quanto de celular que é horrível, talvez se ajustassem isso principalmente na wifi seria ótimo!",8,2025-05-08 17:21:30+00,1
"Tudo incrível, ótimos funcionários, todos muito gentis. Café da manhã impecável, quarto excelente e nada a reclamar.",10,2025-05-09 17:03:20+00,1
"Excelente servicio. El personal del Hotel es super amable  !

La habitación no es tan amplia ( dos camas dobles en nuestro caso) pero está muy bien. Muy limpia , moderna y luminosa

La piscina climatizada es ideal para relajarse después de un dia de paseo.  Se puede disfrutar de tragos y buena música. (tranquila y a un volumen apropiado)",10,2025-05-09 17:25:58+00,1
Ótimo,10,2025-05-09 21:29:54+00,1
Inside the room the wifi didnt work neither in the hallways,4,2025-05-10 00:00:00+00,-1
Excelente estabelecimento,10,2025-05-10 14:03:25+00,1
"Excelente lugar, pasamos excelente nuestra Luna de miel con mi esposa.",10,2025-05-10 17:24:04+00,1
"Melhor hospedagem que já fiquei! O Hotel Nadai oferece uma experiência completa e impecável.
O quarto é maravilhoso, a cama super confortável e tudo muito limpo e bem cuidado.
As piscinas aquecidas são perfeitas para relaxar, com toalhas à disposição logo na entrada, bar com drinks e porções deliciosas, ofurô, hidromassagem e até uma área para crianças com chafarizes e cascata. A estrutura é linda, com espreguiçadeiras, espaço para compras e banheiro próximo à área das piscinas, o que facilita muito.
O SPA da Clara Costa é um verdadeiro refúgio - fiz uma massagem maravilhosa e saí completamente renovada. E o restaurante
Veneto, que fica dentro do hotel, surpreende com pratos lindos, saborosos e um atendimento excelente.
Tudo foi incrível, do check-in ao check-out. Com certeza vamos voltar!",10,2025-05-10 17:44:39+00,1
"Ótima experiência em Foz do Iguaçu, boa localização e instalações, hotel bonito! O café da manhã é bom, vale a pena ficar nele!!!",10,2025-05-11 00:46:45+00,1
"Boa localização. Quartos bem limpos e confortáveis, funcionários muito educados e prestativos. Café da manhã delicioso.",10,2025-05-11 11:56:52+00,1
"O isolamento acústico não é bom, barulho da rua incomodou muito.",8,2025-05-12 00:00:00+00,1
" Conveniently located. Well equipped room. Friendly and helpful staff. Breakfast was lovely. Easy check in and check out.  The key card for our room door was faulty and we had trouble getting into our room a couple times during our stay, but the staff were super helpful with it.",9,2025-05-12 01:10:30+00,1
" Limpeza, organização, piscina aquecida.  Check in às 15h e check out às 11h ,reduz sobremaneira a sensação de se usufruir uma diária de hotel, poderia ser tranquilamente às 12h e 11h, respectivamente. Ainda mais considerando o valor cobrado.",7,2025-05-12 01:22:40+00,0
" Quartos confortáveis, limpos, funcionários muito prestativos e educados, piscina com água aquecida e localização muito boa, no centro e próximo do terminal de ônibus que leva aos principais passeios de Foz!  Pequenos pontos que poderiam melhorar ainda mais a experiência seria:
- Disponibilizar um filtro de água compartilhado para os hóspedes.
- O Wi-Fi no quarto que ficamos não estava com sinal muito bom, então poderia melhorar.",9,2025-05-12 16:53:10+00,1
Muchas gracias por la excelente atención. Disfrutamos mucho la estadía. Todo genial principalmente la atención del personal muy destacada !,10,2025-05-12 17:23:02+00,1
" A localização central, atendimento e cordialidade dos funcionários, café da manhã de boa qualidade.  No check out quiseram cobrar itens não consumidos na nossa estadia. Lançamentos errados são sempre muito chatos. 
Além disso, são cobradas taxas de turismo que não fazem sentido.",9,2025-05-12 20:59:00+00,1
"Quarto super limpo e organizado, café da manhã com muitas opções, piscina super bem cuidada e atendimento cordial. Toda a equipe do Nadai está de parabéns!
Localização muito boa, com shopping a poucos metros do hotel.
E pra quem ama massagem o hotel tem SPA",10,2025-05-13 00:00:00+00,1
"Lamentavelmente não tem como dar 0 estrelas .
Sempre ficamos no hotel mais dessa vez superaram as expectativas negativas, os quartos não estavam limpos, colocaram meu sogro em um quarto que já tinha hóspedes, banheiro com cheiro de urina inclusive a patente havia manchas, deram um edredon com manchas de sangue sabe lá Deus de onde era, quarto do meu cunhado não tinha toalha, reclamamos de como estava e para nossa surpresa não tivemos ao menos um bate papo com a gerência, no primeiro dia mandaram umas frutas como pedido de desculpa e dali pra frente foi só ladeira abaixo, infelizmente o hotel caiu caiu lamentavelmente de qualidade … não adianta ficar falando também essa foi a última vez que ficamos lá não voltaremos mais !!!
Sem contar que agora subiram a diária para 180 reais para PET !!! Um cachorro que não dá trabalho e não gera custo nenhum para o hotel com uma diária de humano !!!!",2,2025-05-13 17:35:49+00,-1
"Hotel muito bem localizado no centro de Foz. Para quem planeja ir aos principais passeios, fica próximo do terminal de ônibus onde tem a linha 120 que passa por todos eles.
Bem limpo, piscina aquecida e funcionários atenciosos e educados. Recomendo!",10,2025-05-13 18:02:24+00,1
Ótimo custo benefício. Atendimento ótimo.. Recomendo,10,2025-05-13 18:47:31+00,1
" La ubicación, la pileta climatizada, buen desayuno  Todo ok",10,2025-05-13 19:57:32+00,1
" Atendimento, simpatia, limpeza, restaurante, café....",9,2025-05-13 21:06:00+00,1
Experiência perfeita!,10,2025-05-14 09:16:05+00,1
"Ótimo !excelente atendimento, sem contar o conforto em cada canto.  Todos anos visito",10,2025-05-14 15:04:48+00,1
"Tudo perfeito, café da manhã maravilhoso, almoço sem defeito, atendimento nota 1.000.00",10,2025-05-15 17:06:56+00,1
"Hotel muito bom, toda a estrutura para quem vai a trabalho ou a passeio.",10,2025-05-15 22:48:14+00,1
" Gostei do charme do hotel e gostei muito também do café da manhã, além de funcionários muito gentis  Achei o quarto pequeno",10,2025-05-16 01:52:12+00,1
Ótima,10,2025-05-16 17:34:10+00,1
" El desayuno es correcto, la ubicación es muy buena, sobre una avenida, cerca de la terminal de buses locales para poder trasladarte a todos lados, tiene un shopping cerca.  El desayuno para un 4 estrellas esperaba un poquito mas. Pero cumple muy bien el servicio en gral",8,2025-05-16 21:15:23+00,1
"Ficamos hospedados no Hotel Nadai por quinze dias. A experiência foi muito agradável. Atendimento e receptividade da Eliane (restaurante), João e Edivaldo foram fora de série. Fomos tratados como amigos próximos desde o primeiro dia. Certamente voltaremos.",10,2025-05-16 23:21:25+00,1
"Só não foi perfeito pq a musica alta na piscina tira o sossego  para quem vai para descansar.e busca tranquilidade.
Música alta o dia todo até quase dez da noite, falei com recepção mas não adiantou, só na foi pior pq não fiquei dia TD no hotel.
Saímos para passear e volta ao hotel com objetivo de repousar porém o barulho irritava.
Fiquei várias vezes no hotel e nas havia som alto as outras vezes
Penso q pode espantar pessoas a retornar como recomendar o hotel q sempre fiz.
Faça. Um teste para fazer a comprovação, impossível abrir janela ainda q esteja calor.
Nos demais estão de parabéns...
Poderiam TB melhor os canais de recepção da tv, não primordial mas seria um bônus a mais",10,2025-05-18 19:03:50+00,1
Adorei todos funcionários muito prestativos de uma educação gentileza,10,2025-05-18 22:49:45+00,1
"Excelente o hotel! Recomendo.

Fizemos uma viagem com o grupo de idosos da Igreja.",10,2025-05-19 17:30:51+00,1
Hospedagem ótima!,10,2025-05-20 01:18:23+00,1
" Way too many pillows on the bed - 8 pillows for two people. It was difficult to figure out were to put them in the room when we used the bed. Room was noisy by the busy street, especially with bathroom window open",8,2025-05-20 10:26:24+00,1
"Não é a primeira vez que estivemos no hotel mas sempre temos uma surpresa agradável de como eles se superam no atendimento.

Os funcionários são incríveis, super atenciosos e queridos, eu poderia citar muitos nomes mas não gostaria de ser injusta e esquecer de alguém.

O espaço é muito confortável e gostoso. Área da piscina, restaurante, academia, lounge, louças próprias personalizada que trazem um ar de casa… tudo incrível.",10,2025-05-20 13:39:31+00,1
Foi muito boa.,10,2025-05-21 17:57:15+00,1
Excelente. Só tenho a agradecer e parabenizar. Mantenham esse padrão,10,2025-05-21 19:12:24+00,1
 Do atendimento de algumas pessoas na recepção.  Como os hóspedes sai tratados no café da manhã,9,2025-05-22 00:03:32+00,1
 Hotel nota 10 desde a recepção até o check out  Tudo perfeito,10,2025-05-22 13:39:55+00,1
A avaliação do quarto é por só ter uma tomada e também por passar o dia escutando o som da piscina. No mais tudo ok.,10,2025-05-22 17:05:26+00,1
 Localisation  Chambre donnant côté boulevard donc bruyante vu la circulation,9,2025-05-23 10:54:43+00,1
" Das Hotel ist modern eingerichtet und gut gepflegt. Der Pool ist schön, auch wenn wir ihn aus zeitlichen Gründen leider nicht genutzt haben. Das Frühstücksbuffet ist reichhaltig und abwechslungsreich und auch das Abendessen im hoteleigenen Restaurant ist empfehlenswert (Menü und A la Carte). Das Personal ist freundlich und uns wurde ein toller Fahrer empfohlen, der uns zu den Nationalparks gebracht hat.  Nichts",9,2025-05-23 13:19:35+00,1
"Nadai excelente opção para boa estadia , recomendo.",10,2025-05-23 18:17:27+00,1
"Referência em atendimento e hospedagem, o Hotel Nadai oferece conforto, desde os quartos até os ambientes comuns, pra que vc se sinta bem!",10,2025-05-23 19:11:35+00,1
" Habitación muy chica, poco espacio",9,2025-05-24 12:31:52+00,1
 Muy cómodo el hotel. Lindas instalaciones. Aproveché el gym y el spa. Buen desayuno.,10,2025-05-24 12:39:14+00,1
"Hotel maravilhoso! Ótimo atendimento, tudo muito limpo e organizado e comida maravilhosa!",10,2025-05-24 17:06:07+00,1
" Estado, limpeza e conforto.  Falta de local para pendurar toalha molhada.",10,2025-05-24 22:06:39+00,1
" Piscina, café da manhã",10,2025-05-25 13:28:43+00,1
Muito boa,10,2025-05-25 16:50:15+00,1
"Boa localização!Chuveiro e cama excelentes, atendimento muito bom, são muito atenciosos e café da manhã variado e gostoso.",8,2025-05-25 17:37:42+00,1
Muito bom,10,2025-05-26 18:16:44+00,1
"Hotel muito bom, bem localizado e com serviço muito bom. Café da manhã completo e com muita diversidade (positiva). Piscina muito agradável e também com posibilidade do spa.
Em contrapartida, o quarto poderia estar mais moderno.. a cama estava muito ruim, especialmente o colchão estava afundado demais.",8,2025-05-26 18:26:59+00,1
 All  Rien,10,2025-05-27 15:14:51+00,1
"Cafe da manha faltou salda tomate pepino
Sinal Wifi muito fraco no quarto
Localizacao - falta de opcoes de restaurantes bons na redondezas",8,2025-05-27 17:36:50+00,1
"Excelente localização no centro de Foz. Próximo a farmácia, shopping e lanchonete. Chegamos um pouco mais cedo que o horario do checkin e autorizaram nossa entrada sem problema. Todos os funcionários bastante simpáticos. Recepção 24h. Piscina grande e aquecida. Café da manhã com bastante opção. Super recomendo.",10,2025-05-27 17:43:43+00,1
"Muito boa, excelente acomodações, excelentes profissionais, muito solicitos, educados, só tenho agradecer!",10,2025-05-27 19:06:01+00,1
Muito bom,10,2025-05-27 19:22:01+00,1
"Foi tudo muito bom, quartos limpos e aconchegantes, café maravilhoso e atendimento excelente.",10,2025-05-27 22:00:43+00,1
"Estadia maravilhosa! Sai do hotel já pensando quando poderei voltar. Atendimento, cuidado, hospitalidade, tudo maravilhoso.
Voltarei com toda certeza.",10,2025-05-28 13:19:20+00,1
"Foi muito bom pode comemorar nossos 40 anos de casados, pela terceira vez hospedados no Nadai",10,2025-05-28 13:42:11+00,1
Excelente todo.,10,2025-05-28 17:05:44+00,1
Otima,10,2025-05-29 11:25:19+00,1
Excelente,10,2025-05-29 12:38:35+00,1
"Espaço bom, limpo, bonito e organizado, internet achei lenta pra quem trabalha no quarto, mas foram prestativos e me arrumaram uma internet fisica no quarto",10,2025-05-29 14:40:25+00,1
"Superou as minhas expectativas, quero voltar mais vezes.
Ótimo custo benefício.",8,2025-05-29 18:55:56+00,1
"Quarto muito pequeno, mas bonzinho.",8,2025-05-30 21:18:48+00,1
"Nossa experiência foi maravilhosa, o hotel é muito confortável, funcionários atenciosos e educados e o café da manhã uma delícia. Super recomendo ☺️☺️☺️",10,2025-05-31 16:22:40+00,1
"Uma das coisas que amo quando viajo é ser surpreendida positivamente . Esse hotel foi além das minhas expectativas , que já eram altas . Parabéns a todos os envolvidos",10,2025-05-31 20:31:32+00,1
Foi simplesmente maravilhosa a hospedagem... hotel lindo e aconchegante... piscina e jacuzi maravilhosas... café da manhã farto e funcionários carinhosos e educadíssimos...,10,2025-05-31 22:59:05+00,1
" Our room was lovely and big and cleaned every day. There were fresh towels for us every day which was nice. Breakfast was great too. We spent some time in the jacuzzi too which was nice! They minded our bags the next day which was great. Staff spoke little to no English but were still extremely friendly.  One jacuzzi wasn’t very warm, but they had another one. The hotel was a little far from the falls. It cost us 85€ round trip by taxi to get to the Argentinian side. The hotel arranged this which was great as we didn’t have to wait long at customs. Area around the hotel was very quiet. A few restaurants near by and mall by Uber which had great food.",10,2025-06-01 03:02:20+00,1
Muito bom,10,2025-06-01 13:10:53+00,1
" Nice Bar and Breakfast 
Swimming pool is nice  Twice problems with Door keys cards.",8,2025-06-01 15:42:22+00,1
"Com pouquíssimas questões a sugerir, o Hotel é Maravilhoso e apresenta um atendimento Acolhedor e Sensacional.",10,2025-06-02 13:03:39+00,1
 Muy amable la atención de los empleados y atentos a las necesidades de los huéspedes. El desayuno muy rico y con mucha variedad  nada,10,2025-06-02 14:09:17+00,1
"Superou nossas expectativas.  Maravilhoso o Hotel, serviços e localização. A atenção da profissional que gerência o estabelecimento, Karin Pan, nos recebeu de uma forma que fez sentirmos únicos.",10,2025-06-02 19:43:17+00,1
"Excelente servicio, todas las personas que trabajan en el hotel fueron muy amables y atentas, el hotel hermoso!",8,2025-06-02 22:03:39+00,1
Lugar maravilhoso,10,2025-06-03 13:47:22+00,1
"Experiência sensacional, vim para o almoço executivo. Miqueias fez um serviço maravilhoso e nos fez sentir acolhidos",10,2025-06-03 15:48:19+00,1
"Maravilhoso, obrigado.",10,2025-06-03 17:12:48+00,1
Excelente,10,2025-06-03 18:12:20+00,1
"ambiente muito confortável e acolhedor, café da manhã muito saboroso e com muitas opções, e todos os funcionários muito simpáticos e receptivos. agradeço a estadia, e indico muito o nadai confort hotel :)",10,2025-06-03 20:42:52+00,1
O melhor 4 estrelas,10,2025-06-03 21:52:00+00,1
"Es tal cual las fotos.

Habitación: La cama es enorme y cómoda, todas las instalaciones funcionaban perfecto. Aire acondicionado, ducha, wifi.

Restaurante: El desayuno es variado, cuenta con una isla de fiambres, cereales, otra con cosas dulces y otra con salados. Todo lo que probé estaba muy rico. Cenamos en el hotel también, el menú del chef con entrada (ensalada), un plato principal (a elegir entre 2 opciones) y un postre (tambíen 2 opciones) sin bebida estaba 300 reales. Muy rico y abundante. Sino, a la carta un poco más elevado el precio.

Personal: Todos fueron super amables. Limpiaron todos los días. La noche anterior al check out, consultamos por un taxi al aeropuerto. Nos pasaron el valor, que fue respetado por el chofer. Cuando bajamos al otro día ni se los tuvimos que solicitar, ya estaba en camino. Excelente.

Pileta: Lo mejor sin dudas fueron los jacuzzis, íbamos cuando volvíamos de las cataratas a relajar.

Ubicación: a 4 cuadras de la terminal de colectivos, era muy cómoda. Sin embargo el uber tiene un precio muy bueno, más si son varios. Uber al puente de la amistad 18 reales. El colectivo a las cataratas nos salió 5 reales por persona, pagamos con tarjeta de crédito.

Malo: Del hotel nada, volvería sin dudas. Pero Foz de noche es una ciudad grande y puede ser insegura, nosotros tratamos de evitar salir de noche. De día caminamos por toda la zona y no tuvimos ningún inconveniente.",10,2025-06-04 14:38:22+00,1
"Localização ótima, no centro de Foz, com muito comércio próximo. Café da manhã ok, com muitas opções. O quarto era grande, com bastante espaço e o banheiro também era confortável e limpo. Só estava com um problema que vazava água do box, porém não afetou nossa estadia. As cortinas eram com blackout e a academia tinha aparelhos suficientes.",8,2025-06-04 18:20:02+00,1
Ótimo lugar pra tirar e ser feliz,10,2025-06-04 20:17:21+00,1
 Muy bonitas instalaciones y muy cómodo  Todo excelente,10,2025-06-05 13:18:06+00,1
Excelente atención...,10,2025-06-05 17:19:00+00,1
Equipe maravilhosa.,10,2025-06-05 17:28:33+00,1
"Hotel confortável, atendentes simpáticos.",10,2025-06-05 18:07:45+00,1
Excelente atención.  Sigan así,10,2025-06-06 17:35:13+00,1
" Tout, le personnel a l’écoute, la piscine, le restaurant, tout était très bien.  Rien",10,2025-06-07 05:08:09+00,1
" Le personnel sympathique, ils gardent les valises pour quelques jours si on part en excursion , le coin piscine  Rien",10,2025-06-07 05:21:54+00,1
"Fiquei 5 dias no Nadai confort simplesmente uma experiência incrível, o hotel oferece conforto, um ambiente acolhedor com funcionários atenciosos e extremamente educados. Café da manhã maravilhoso e o bistrô de caldos fantástico. Simplesmente amei tudo obrigada a todas equipe do hotel. Quarto super confortável sempre muito limpo arrumado top demais",10,2025-06-08 13:29:15+00,1
Hotel maravilhoso . Vale muito,10,2025-06-09 10:08:08+00,1
Atendimento sensacional!,10,2025-06-09 17:02:25+00,1
"Hotel bem localizado, acesso fácil aos principais pontos turísticos de Foz e rodeado de bons restaurantes variados (apesar de possuírem restaurante muito bom com opções diárias do Chef e também a La Carte) e conveniências também. Possui um agradável Lounge com vários ambientes aconchegantes, percebe-se a boa zeladoria e a limpeza em dia....os colaboradores são muito simpáticos e solícitos, destaque ainda pro ambiente externo de bar/piscina muito agradável, nada barulhento e com opções de drinks e uma bela chopeira pra quem gosta....possui também espaço de relaxamento/massagem/SPA, na minha estadia marquei com pouco tempo de antecedência porém fui muito bem atendido...possui ótimo café da manhã,a única ressalva e crítica construtiva que faço seria com relação a parte de panificação, alguns tipos de pães e bolos na minha estadia estavam duros e meio borrachudos, até vieram alguns frescos depois porém sem padrão, acho que um simples ajuste de processo deve resolver isso. Recomendo 👍👍👍",8,2025-06-09 17:13:01+00,1
"Solicitei com antecedência o quarto decorado para nossa viagem de dia dos namorados e não foi decorado o quarto. O vaso do banheiro estava muito sujo, bem como a pia do banheiro também. Horário de chekout é péssimo. Podia entrar no quarto às 15h, mas tinha que sair às 11h, isso não dá nem 24h. Nesse caso, não é diária, é pernoite! 👍🏼",4,2025-06-09 17:20:24+00,-1
Estive no Nadai com a minha família. Foi uma experiência muito agradável. Super recomendo,10,2025-06-09 19:37:18+00,1
"Nossa estadia foi muito agradável, a equipe nos recebeu com muito eficiência, sempre gentil e atenciosa.",10,2025-06-10 18:32:11+00,1
Maravilhoso o local,10,2025-06-10 19:05:34+00,1
Boa,8,2025-06-10 23:09:41+00,1
 Espaço e limpeza.,9,2025-06-11 03:08:50+00,1
"Cada vez melhor. Hotel cheio de novidades para nosso maior conforto.
Sempre com mais luxo, mais conforto e mais acolhimento.
Parabéns.",10,2025-06-11 15:39:33+00,1
Bom demais,10,2025-06-11 17:04:47+00,1
"Maravilhoso!! Ótimo ambiente, muito aconchegante e atendimento muito bom !!",10,2025-06-11 17:49:40+00,1
"Noite dos caldos está maravilhosa, fui com minha família em 9 pessoas estava divino chegamos quase no encerramento dos caldos mas mesmo assim não faltava nada , todos os funcionários muito educados , preço justo , mas o destaque é o chef Thiago Q nos mandou um mimo pra a nossa filha e ele responsável pelas sopas parabéns chef com certeza voltaremos",10,2025-06-12 00:00:00+00,1
"Me habían dicho que podía entrar al desayuno el dia  q llegue y no me dijeron que tenía costo y al check out me lo cobraron
Tengan cuidado!
Pero lo demás muy bueno",2,2025-06-12 02:32:27+00,-1
Otima,10,2025-06-13 12:33:31+00,1
"Never in my more than 10 years traveling the world had I had such a terrible experience with an accommodation as the one I had with this hotel. They treated us in a despicable way. We paid for half board (I contacted the same day of the reservation to let us know that we were vegetarians and they told us that they had dishes that we were calm) in which on the first day they gave us rice and in the second noodles, (treating us as if we were asking for alms, with mediocre attention. The third they wanted to give us the same thing and we asked them for something different with vegetables or proteins such as soy, lentils, chickpeas, ricotta, spinach, etc. and everything we named it they told us that they didn’t have. Being that those products were on the menu and we saw how these same foods were taken to other tables. Any named vegetable they said “we don’t have” we asked them for salads with palms and when they bring it they were only a few lettuce leaves and some cherry tomatoes, my mom they don’t get covered so I had to ask for what she piles them next to very reluctantly, they didn’t give us anything to drink or asked us if we wanted something, we agreed at all times with the empty glasses ) I have photos) to which we had to go for such a lack of respect in which it showed that she wanted us to leave and they didn’t want to attend to us. Around us on those nights we were the only foreigners and the rest were local and the attention was excellent for them and they ignored us at several times, being a trip that we had planned with a long time with a lot of effort to have the best time possible, day by day their intention was for us to leave. The second night my mom calls the reception to find out if they had an adapter for the plug to be able to charge their cell phone and the person told the phone that I went down to look for it. When she arrived, the receptionist who was in a derogatory way, told her that no, that the other receptionist didn’t go anything to her. My mom without saying anything goes up totally hurt by the situation that she goes to cry. She is an older woman, vulnerable to see a man exercising his power over her treating her with total contempt for no reason. At all times they made us feel bad and uncomfortable, making us foolishly notice that we were leaving. The last night after the salad that was what they left us and they left without returning for a long time (being that we had three dishes paid for every day) we decided to go and eat on our own to such constant contempt. Unfortunately, we had several situations like that in this hotel. Of all the countries I stayed in, in none, I had never been treated like this, I demand from the establishment an economic compensation not only for the half board but for the mistreatment and how they ruined the few days of vacation we had. We didn’t even use the pools they had, which was one of the points for which we also booked or any other service since we wanted to be as little as possible so that they didn’t make us worse every day. It’s the worst hotel I’ve ever been to. The treatment of people towards foreign tourists, xenophobes is regrettable!!",2,2025-06-13 18:42:03+00,-1
"Una experiencia tan espantosa y horrible, el personal del hotel día a día  nos arruinó nuestras vacaciones . Nos trataron de una manera despreciable. Pagomos la media pensión (me comuniqué el mismo día de l reserva para avisar que éramos vegetarianas y nos dijeron que tenían platos que nos quedáramos tranquilas) en la cual el primer día nos dieron arroz y en el segundo fideos, (tratándonos como si estuviéramos pidiendo limosna, con una atención mediocre. al tercero querían darnos lo mismo y les pedimos algo distinto con verduras o proteínas como soja, lenteja, garbanzos, ricota, espinaca, etc y todo lo que le nombramos nos decían que no tenían. Siendo que en la carta estaban esos productos y veíamos como le llevaban a otras mesas estos mismos alimentos. Cualquier verdura nombrada decían “no tenemos” les pedimos ensaladas con palmitos y cuando la traen solo eran unas pocas hojas de lechuga y algunos tomates cherrys, a mi mamá no le dan cubiertos por lo que le tuve que pedir a lo que se los amontona al lado de muy mala gana, no nos dieron nada de tomar ni nos preguntaron si queríamos algo, quedamos en todo momento con las copas vacías )tengo fotos) a lo que nos tuvimos que ir por tales falta de respeto en la cual evidenciaba que quería que nos vayamos y no querían atendernos. A nuestro alrededor en esas noches éramos las únicas extranjeras y el resto eran locales y la atención era excelente para ellos y a nosotros nos ignoraban en varios momentos, siendo un viaje que teníamos planeado con mucho tiempo con mucho esfuerzo por pasarlo lo mejor posible, día a día su intención fue que nos vayámos. La segunda noche mi mamá llama a la recepción para saber si tenían un adaptador para el enchufe para poder cargar su celular y le dijo la persona al teléfono que bajé a buscarlo. Cuando ella llegó el recepcionista que estaba de manera despectiva le dice que no, que el otro recepcionista a ella no le de nada. Mi mamá sin decir nada sube totalmente dolida por la situación qie se largo a llorar. Es una mujer mayor, vulnerable al ver un hombre  ejerciendo su poder sobre ella tratándola con total desprecio sin ninguna razón. En todo momento nos hicieron sentir mal e incómodas, haciéndonos notar alevosamente que nos fuéramos. La última noche después de la ensalada que fue lo que nos dejaron y se fueron sin volver por mucho tiempo  (siendo que teníamos tres platos pagados cada día) decidimos irmos y comer por nuestra cuenta a tal desprecio constante. Situaciones como esas en este hotel  tuvimos varias lamentablemente. De todos los países que me hospedé, en ninguno, jamás me habían tratado así, exijo del establecimiento un resarcimiento económico no solo por la media pensión sino por el maltrato y como nos arruinaron los pocos días de vacaciones que tuvimos. Ni siquiera usamos las piscinas que tenían, que fue uno de los puntos por los cuales también reservamos ni ningún otro servicio ya que queríamos estar lo menos posible para que no nos hicieran peor cada día. El personal del restaurante es de lo peor, maleducados, son unos simples empleados y tratan como basura, deberían despedirlos a todos! Pienso que también nos trataron mal por ser extranjeras, ya que a los brasileños los trataban bien. Vergüenza este lugar!! No vayan!!",2,2025-06-13 18:45:55+00,-1
"Bem localizado, serviço de quarto bom, café da manhã bom, precisam melhorar o sistema de exaustão, pois fica com muito cheiro.",8,2025-06-14 22:24:51+00,1
" Café da manhã ótimo. Quarto muito bom.  A piscina não eh aquecida, diferente da descrição. Ela eh muito levemente aquecida. Minhas crianças saíram após 20min batendo os queixos.",7,2025-06-14 23:45:21+00,0
"Cheguei, no dia da minha estadia, e infelizmente comi no hotel em dois dias, e no segundo dia pedi um prato menu do chef e eis que estava escrito risoto , e eis que quando chegou era um arroz cremoso e nem arroz de risoto era.
Outro fato, que fui encher minha garrafinha de água na café da manhã e fui abordado mal educadamente por uma funcionária que nem soube falar, ela gritou, senhor essa água é pra consumo no restaurante, não é para encher garrafa de água. Eu estava com amigos e fiquei mega constrangido pois não existia placa nenhuma dizendo que eu não poderia encher minha garrafa de água.

Tirando isso a equipe de reservas, an Anna que me atendeu uma menina de luz. E todos os demais maravilhosos. Lembrando que conheci um garçom que não me lembro o nome que foi a cereja do bolo. Que pessoa incrível e educado.

Anexei a foto para vcs verem que não é arroz de risoto.",8,2025-06-15 19:31:45+00,1
"Fomos conhecer o café da manhã,tudo excelentes, gostosos, fresquinhos .
Diversidade boa, alimentos sem glúten para quem opta.
Atendimento excelente.
Recomendo",10,2025-06-16 14:05:25+00,1
"Muito boa, com um incômodo apenas com o restaurante.",8,2025-06-16 20:11:05+00,1
"Chambre magnifique, petit dejeuner au top, personnel accueillant. Seul le secteur est un peu triste",10,2025-06-17 00:00:00+00,1
"Excesivo el precio que cobrar por estacionamiento, siendo que otros hoteles no cobran",8,2025-06-17 17:08:01+00,1
"Minha estadia foi perfeita, atendimento, quarto, limpeza e organização,  comida, proximidade de restaurantes e shoppings e principalmente a acessibilidade e cuidados com minha mãe idosa.",10,2025-06-18 01:57:46+00,1
"Quarto confortavel e impecavelmente limpo.
Funcionários muito atenciosos e educados.
Restaurante de boa qualidade e com preços compativeis com a categoria do hotel.
Bem localizado e seguro.",10,2025-06-18 17:23:02+00,1
"Foi uma experiência incrível todo o atendimento foi excepcional.
A limpeza dos quartos impecável;
Atendimento do colaborador Moisés na piscina foi excelente.
Recomendo o hotel e voltaria com certeza.",10,2025-06-18 18:39:30+00,1
Foi muito legal.,10,2025-06-18 22:48:07+00,1
"Hotel maravilhoso, atendimento, café, tudo perfeito! Bem no centro, fácil acesso, adoramos!",10,2025-06-20 15:15:45+00,1
"Do check-in ao Check-out, tudo maravilhoso!",10,2025-06-21 10:31:39+00,1
"Great rooms, the pool service is really good.
Lunch and dinner delicious.
Great start in the breakfast, well served",10,2025-06-21 17:58:32+00,1
"Hotel confortável. Boas instalações mas quarto pequeno. Café da manhã bem servido. Quanto as refeições, seria melhor oferecer serviço de buffet. Embora o restaurante possa oferecer refeições diferenciadas, nas redondezas existem excelentes opções de restaurantes no mesmo patamar de preços.",8,2025-06-23 00:00:00+00,1
Top demais,10,2025-06-23 12:53:53+00,1
"Hotel , muito aconchegante e limpo .
Funcionários prestativos e atenciosos.
Café da manhã Divino 😋",10,2025-06-23 17:16:22+00,1
"Bem recebida com carta e bolo simbólico para minha filha.
Camareira que cuidou o 3º piso no período da estadia (infelizmente não sei o nome) era muito cuidadosa com os detalhes (ela colocava laços em cada detalhe), arruma as camas da maneira que percebeu que gostávamos, organizava tudo. É notável o carinho com que foi feito.
Café da manhã pode melhorar a qualidade. Os pães e bolos estavam secos, suco de melancia aguado, pães com identificação erradas.
No restaurante haviam formigas na mesa perto da parede.",8,2025-06-23 18:21:39+00,1
Bello,10,2025-06-23 18:33:50+00,1
"O hotel é muito bonito, aconchegante, novo e bem localizado. A estrutura é excelente e a limpeza dos quartos é boa.

Porém, alguns pontos poderiam ser melhorados:
•	O valor do estacionamento é bem alto por diária.
•	Os itens de higiene (como sabonete, shampoo etc.) não são repostos diariamente.
•	O vaso sanitário do banheiro estava com vazamento.
•	Não há no quarto uma lista com os ramais, o que dificultou a comunicação. Precisei ligar do meu celular para a recepção para conseguir o número do serviço de quarto, nem mesmo  o número do ramal da recepção tinha.
No geral, gostei da hospedagem, mas esses detalhes fazem diferença na experiência.",10,2025-06-23 18:45:24+00,1
"É a segunda vez que nos hospedamos no ND e os serviços, o atendimento, e as acomodações foram excelentes. Com certeza voltaremos. Abs.",10,2025-06-24 17:04:51+00,1
"Lugar incrível.
Funcionários maravilhosos e muito atenciosos.
Limpo, organizado, tudo funcionando perfeitamente.
A equipe administrativa, funcionários da cozinha, da limpeza, estão todos de parabéns.
Sem contar que o café da manhã é muito completo e diversificado.
Enfim, voltarei, com toda certeza.",10,2025-06-24 19:52:35+00,1
Recepção impecável! Localização excelente!,10,2025-06-24 21:25:29+00,1
Experiência maravilhosa! Com certeza um local para ter conforto!,10,2025-06-24 22:46:20+00,1
"O hotel tem ótimas estruturas e disponibiliza copa do bebê, porém, sem utensílios para poder ferver água por exemplo, e poderia ter uma chaleira elétrica o que facilita muito para quem usa esse espaço.",8,2025-06-25 13:35:28+00,1
"Os quartos são bonitos mas não são espaçosos. Nitidamente nosso quarto era para duas camas de solteiro e adaptaram para colocar uma cama de casal pois as tomadas que deveriam ser próximo a mesa de cabeceira eram no MEIO da cama. Mas o banheiro foi o que mais incomodou pois a pia sempre enchia a ponto de quase transbordar como se estivesse entupida de sempre que tomávamos banho, apesar de ter box com blindex o banheiro ficava encharcado provavelmente alguma vedação ruim. Reclamamos é o que fizeram foi colocar uma toalha atrás do vaso sanitário pra conter o vazamento. Alguns dias chegamos no quarto após as 17h e não tinha sido arrumado.",6,2025-06-25 20:09:03+00,0
"Fiquei hospedada durante 6 dias no hotel e fiquei muito feliz com a escolha.
Os funcionários são muito educados, cordiais e solícitos. (O melhor atendimento que já tive em hotéis)
Os quartos são confortáveis e estavam bem limpos. Todos os dias as toalhas eram trocadas, o banheiro limpo.
O café da manhã muito bem servido, repleto de opções, com opções sem glúten e sem lactose, e tinha até Whey Protein.
O hotel tem estacionamento e é cobrada uma diária de 25 reais.
Estava frio e então não usei a piscina.
O único ponto de melhoria que gostaria de sugerir, é a limpeza dos rejuntes dentro do box, que estavam com um pouco de bolor.
Em resumo, muito bom o hotel e voltaria outras vezes.",10,2025-06-26 00:41:13+00,1
"Nos hospedamos neste último feriado no Nadai e o hotel superou nossas expectativas. Ótimas instalações internas e externas, limpeza de roupas de cama e toalhas excelentes,  estacionamento coberto e de fácil acesso,  piscinas maravilhosas e principalmente um atendimento qualificado de seus funcionários. O café da manhã pode melhorar um pouco com relação a qualidade de pães e bolos. Localização também é maravilhosa.",10,2025-06-26 16:38:37+00,1
Buenísimo el restaurant,10,2025-06-26 23:59:59+00,1
Excelente!!!!!,10,2025-06-27 09:20:00+00,1
Fomos atendidos muito bem em tudo o que o hotel nos forneceu. Tenho certeza que todos terão uma excelente experiência lá,10,2025-06-27 13:25:30+00,1
"O Hotel Nadai tem uma tradição de serviços onde sempre saio com a sensação de uma hospedagem prazerosa. Pontos extra para o atendimento. Todos muito educados e prestativos, em especial o Hélio e a Renata.",10,2025-06-27 16:17:26+00,1
"Otimo hotel, bom custo benefício, café da manha excelente. Sempre fico neste hotel. O único ponto negativo, foi infelizmente, em um domingo frio e chuvoso ser despertado pelas camareiras com conversas e risadas em tom elevadíssimo no corredor em frente ao quarto.",10,2025-06-29 00:00:00+00,1
Hotel excelente com ótima localização. Funcionários muito atenciosos. Limpeza impecável.,10,2025-06-29 10:40:03+00,1
MARAVILHOSO OTIMO LUGAR E RECOMENDO A TODOS,10,2025-06-29 21:25:07+00,1
"Resolvemos tomar café neste hotel. Como não estávamos hospedados pagamos pelo café. Porém chegamos às 10h e quando foi 10:30h  , retiraram todos os produtos da mesa, nem sequer nos avisaram. Ao questionar sobre os produtos só responderam já são 10:30h. Realmente achei um absurdo pois não nos avisaram antes . Depois de  reclamamos e pedirmos o que tinham um rapaz trouxe uns salgados, dizendo só tem isto. Nós respondemos ok pode deixar aqui. Porém ele não deve ter entendido e levou embora.
Reclamamos com a recepção,  pois pagamos e não usufruímos. Acredito ser importante preparar melhor o time.",4,2025-06-29 22:10:09+00,-1
 Tudo maravilhoso !,10,2025-06-30 13:41:14+00,1
Hotel maravilhoso ! Infra estrutura top ! Pertinho das principais atrações !,10,2025-06-30 17:17:41+00,1
Estadia rápida com foco em compras no Paraguai,10,2025-06-30 17:36:00+00,1
Ótima estadia,10,2025-06-30 17:56:39+00,1
"Hotel tem pontos positivos e negativos:

Positivos:
-fica bem no centro, então é possível fazer muitas coisas a pé
-O pessoal é solícito (pessoas que ajudam a carregar a mala, recepção educada...)
-Cama e travesseiros confortáveis
- TV boa
-Máquina de café Três Corações no café da manhã

Negativos:
- Tivemos problemas com entupimento de pia, a descarga era bem fraca e parou de funcionar duas vezes em dias seguidos...o chuveiro algumas vezes não estava aquecendo muito bem também...e eram dias frios de inverno
- O café da manhã tem muita variedade, mas pouquíssimas coisas gostosas...até o pão de queijo já saia da cozinha frio
-A acústica não é muito boa...possível ouvir muito no corredor e quarto ao lado

No geral dou 3 estrelas devido aos pontos negativos...já estive em Foz outras vezes e fiquei em hotel com melhor experiência",6,2025-06-30 18:11:04+00,0
"O hotel é lindo, café da manhã bem completo, surreal o atendimento ao cliente! Estou impressionado.",10,2025-06-30 20:13:26+00,1
Excelente estadia,10,2025-07-01 09:37:59+00,1
"Foi fantástico estar com vcs, impecável ao chegar até sair… nem irei pontuar nome de algum funcionário pois todos de excelência… Que cafe, que acolhimento, não falo de soberba falo de trabalhar muito para ter um momento de descanso com conforto e atenção!!!",10,2025-07-01 17:05:43+00,1
"Lugar super agradável,  limpo, café da manhã maravilhoso, muito bem localizado e os funcionários super prestativos e educados. Nota 1000.",10,2025-07-01 17:39:54+00,1
"Incrível! Amei tudo, café da manhã excelente, funcionários muito gentis, muito atenciosos! Voltarei com certeza!",10,2025-07-02 17:14:04+00,1
" Gostei de tudo!! Atendimento, instalações, quarto ótimo!! Recomendo c certeza",10,2025-07-02 20:07:27+00,1
 It's close to the bus terminal and there are many restaurants in the alleys nearby.,9,2025-07-03 01:28:07+00,1
" A limpeza do banheiro estava péssima. Continha vários pontos de mofo na janela e box. Solicitei a limpeza quando cheguei, mas nada adiantou. A roupa de cama continha manchas e as toalhas encardidas.",3,2025-07-03 12:38:04+00,-1
"Localização excelente e ótimas acomodações, quarto limpo e café da manhã bom!
O café poderia ser melhor, pq teve dias que os pães estão amanhecidos!",10,2025-07-03 17:08:45+00,1
Too,10,2025-07-03 17:10:04+00,1
Muito boa,10,2025-07-03 17:40:36+00,1
"Hotel nota 10!

Começando pela recepção, pessoal muito atencioso e disposto a ajudar!

Pessoal que fica ajudando com as malas, elevadores, pessoal do restaurante e no bar, todo o staff de parabéns pela simpatia e atenção com o hóspede",10,2025-07-04 22:11:07+00,1
"Amei me hospedar no Nadai Confort! Ambiente muito aconchegante e excelente atendimento.
Vale a pena conferir!",10,2025-07-05 17:06:37+00,1
A internet tem que melhorar,10,2025-07-05 21:45:52+00,1
"Que hotel INCRÍVEL! Nos sentimos em casa o tempo todo! Equipe extremamente alegre, educados e sempre cordiais! O café da manhã muuuitas opções pra todos os gostos! A área de lazer muito gostosa! Os quartos então, nem se fale.. um conforto, extremamente limpo, confortável.. Realmente foi um dos melhores hotéis brasileiros que ficamos! Parabéns a todos!",10,2025-07-06 00:00:00+00,1
"Maravilhosa, o café da manhã delicioso, o almoço, os meus filhos amaram o prato kids Chico bento. Todos super atenciosos.",10,2025-07-06 17:24:32+00,1
"Foi maravilhosa nossa hospedagem, gostaria de agradecer a todos os funcionários a atenção que cada um nos deu. Todos sempre com um sorriso.",10,2025-07-06 22:12:04+00,1
 Muy buena las instalaciones de piscina y zonas húmedas,8,2025-07-07 13:57:56+00,1
"Estive com minha família (4 pessoas) por uma semana no Hotel, e não tenho o que reclamar.
Localização é muito boa. Ótimo custo benefício.",10,2025-07-07 16:00:20+00,1
"Simplesmente perfeito!
O café da manhã é muito completo, com variedade e qualidade. A estrutura do hotel é moderna, confortável e muito bem cuidada. Atendimento impecável, com uma equipe atenciosa e prestativa.

Destaque também para o restaurante Veneto, ambiente agradável, pratos deliciosos e ótimo atendimento.

Sou gerente comercial de uma filial CVC, e no que depender de mim, o Nadai será sempre uma recomendação segura para nossos clientes.
Parabéns a todos pelo excelente serviço!",10,2025-07-07 20:59:41+00,1
" A localização do hotel é muito boa, fica numa região central, com muitos restaurantes, shopping, farmácia, e uma igreja nas proximidades. A equipe é atenciosa, cordial e educada. O hotel é novo, limpo, confortável, bem completo. Área da piscina aquecida é muito boa, com bom serviço de bar. O restaurante do hotel é de boa qualidade. Há um bar no lobby com ótimo atendimento, bons drinks e excelente café. O quarto que ficamos era amplo, correspondia bem às fotos, as camas eram confortáveis e o banheiro era adequado. Foi fornecido berço. Há área para bebê próxima à recepção, com uma mini cozinha, microondas, utensílios para lavagem de mamadeira e até uma área para dar banho e trocar o bebê. Em resumo, tivemos uma ótima estadia e recomendamos.  O hotel é excelente, mas o único ponto que não gostamos foi do isolamento acústico entre os quartos vizinhos, corredor e janelas. Fica numa avenida movimentada, então tem bastante fluxo de carros que também geram barulho.",9,2025-07-08 13:16:12+00,1
"Hospedagem muito boa, com café da manhã excelente e ótima localização no Centro de Foz. Porém, é preciso levantar alguns pontos. A internet do hotel é muito ruim, estava instável o tempo todo ao ponto de não conseguirmos finalizar alguns procedimentos como compra de ingressos ou pagamento de contas on-line. Foi preciso repetir os procedimentos várias vezes para conseguir finalizar as operações. Esperava uma conexão melhor por ser um hotel 4 estrelas. No quarto, havia uma quantidade grande de formigas pelo chão, principalmente no banheiro. Após a limpeza diária, continuamos a encontrar formigas pelo chão. Outro detalhe, mas irrelevante, é que no quarto poderia ser disponibilizado pelo menos 2 copos para uso.",8,2025-07-08 17:20:02+00,1
Boa,10,2025-07-08 18:09:51+00,1
"Hotel top!!!
Café da manhã excelente , buffet com várias opções.
Serviço de atendimento perfeito , todos os colaboradores .
Localização ótima.
Piscina e ofurô com aquecimento , quarto aconchegante!!!!",10,2025-07-08 18:10:32+00,1
Excelente com funcionários prestativos e atenciosos.,10,2025-07-08 23:30:29+00,1
"Ottimo hotel in senso generale .Noi abbiamo provato per due giorni  una  eccellente colazione ed altrettanto valida cena.Hotel a due minuti a piedi da un centro commerciale e da diversi locali dove mangiare la sera.Eccellente anche il personale dimostratosi molto professionale.Stanza confortevole e pulita.Hotel raccomandato.
Dispone anche di piscina e sala fitness",10,2025-07-09 00:00:00+00,1
"O hotel é limpo, organizado, com excelente corpo funcional.

Só há dois pontos a melhorar, o primeiro é o Wi-Fi  que é bem deficitário, e, o segundo é a realização de eventos no restaurante,  no horário do jantar. No dia 07.07 estava havendo um evento no restaurante,  com palestrantes falando no microfone,  luzes apagando para uso do retro projetor que dificultava inclusive identificar os alimentos. Assim, se o hotel não dispõe de centro de Convenções, sugiro que referidos eventos sejam realizados fora dos horários de refeições estipulados aos hóspedes.",8,2025-07-09 17:02:34+00,1
"Excelente estadia com pessoas muito bem treinadas.
Ótimo café da manhã.
Atendimento impecável na área da piscina.",10,2025-07-09 17:06:07+00,1
Lo Amo ❤️ Me Encanta Cada vez que nos vamos a Foz de Iguazú Nos Hospedamos aquí con Mi Familia y nos dan un Buen Servicio,10,2025-07-09 23:06:09+00,1
La mejor estancia personal altamente calificado y comodidad al maximo,10,2025-07-10 00:00:00+00,1
Otima estadia. Indico com a certeza de que agradará.,10,2025-07-10 00:00:00+00,1
 Las instalaciones de la piscina son excelentes al igual que los desayunos y el restaurante  Estuvimos en una habitación cuádruple un poco chica,10,2025-07-10 13:26:06+00,1
Gostamos muito e recomendamos! O que nos marcou: gentileza e atenção aos hóspedes.,10,2025-07-10 17:49:23+00,1
"Hotel cumpre o papel de ter 4 estrelas. Ao meu ver, não fez nada além da sua categoria.
Ótimo café da manhã, boas instalações, apesar da internet no quarto ter dado uma oscilada, piscina aquecida, funcionários atenciosos.
Cardápio acima do preço de mercado.
A reclamação fica por conta do som alto na piscina à noite. Me incomodou mesmo estando hospedado no 4o andar.",10,2025-07-11 02:08:20+00,1
"Sempre muito bom, com equipes muito bem organizado e treinandos, parabéns",10,2025-07-11 16:00:02+00,1
"Adorei o hotel, funcionários e café da manhã.",10,2025-07-11 17:03:34+00,1
"Hotel muito bom, excelentes funcionários, boa localização, restaurante ótimo, café da manhã maravilhoso, só os preços das bebidas estavam muito caros, poderia ser um valor mais baixo.",10,2025-07-11 17:08:02+00,1
"Excelente hospedagem. Local agradável, muito bem cuidado e bem localizado. Certamente voltaremos a nos hospedar no Nadai.",10,2025-07-11 17:15:32+00,1
Muito bom,10,2025-07-11 19:08:30+00,1
"Ser recebidos por todos sempre com um sorriso e com gentileza, não tem preço.
Hotel bem localizado, limpo, com serviços exemplares merece ser indicado.",10,2025-07-13 17:34:14+00,1
"El hotel es muy lindo. Muy bien ubicado. Fuimos a una habitación triple. Nos tocó justo un poco chica y con algo de olor a humedad. El resto, espectacular. Super recomendado.",8,2025-07-13 20:59:26+00,1
" Do conforto, limpeza e atendimento  Tudo satisfatorio",10,2025-07-14 01:14:12+00,1
" Quarto grande, bem iluminado e confortável. Excelente café da manhã. Funcionários cordiais!  Preço exagerado dos produtos no frigobar. 7 reais numa garrafa pequena de água não se justifica.",10,2025-07-15 13:37:56+00,1
" Só é bom pelo café da manhã.  O hotel não informa o valor da taxa do pet pela booking, e quando já haviamos feito o check in (por volta de 16h), nos foi informado que a taxa teria o valor absurdo de 280 reais por dia! Somente por esse valor exorbitante, já seria motivo de ir embora... mas além disso, o mesmo atendente nos passou informações extremamente restritivas a respeito do pet, de uma forma que seria quase impossível me hospedar de uma forma tranquila. Quando estava quase desistindo da hospedagem, conversei com outra atendente que me tranquilizou, me explicou exatamente como funcionava a limpeza do quarto e a hospedagem de pets, e então resolvi continuar no hotel. 
Além desse mal entendido em relação ao meu pet, a academia é muito pequena (não havia nenhum aparelho para pernas, só tinha 2 esteiras e uma estava estragada) e o horário de abertura é muito tarde (6e30h, junto com o horário do café da manhã). 
O quarto é pequeno e fica muito apertado para 3 pessoas, com 3 malas. O sistema de entrada e saída do estacionamento é falho e tive problemas de não reconhecer o meu carro, de forma que tinha que ir no balcão refazer o cartão de acesso várias vezes.  No período que eu fui estava chovendo e a garagem nem parece que estava coberta pq chove nela inteira, cobertura péssima para um estacionamento que ainda é cobrado do hóspede por dia.
Enfim, é um hotel caro e não compensa pelos inconvenientes que passei.",7,2025-07-15 13:45:46+00,0
"Excelente hotel! Equipe muito educada e prestativa, quartos modernos e bem equipados! Uma área de lazer integrada com bar temático, piscina aquecida com cascata, banheira de hidromassagem tamanho família e um ofurô para completar o ambiente. No mesmo espaço integrado está a academia equipada com esteira, bicicleta e equipamentos para musculação. Ainda no mesmo espaço você tem acesso ao SPA com diversos serviços para contratação. O hotel também oferece loja de presentes, área de reuniões, bar e restaurante. O café da manhã é excepcional! O restaurante serve almoço e jantar com pratos diferenciados.",10,2025-07-15 19:10:34+00,1
"Hotel excelente, ajudou a nossa visita a Foz ser mais tranquila e confortável, vivemos momentos inesquecíveis.
Uma única observação, não sei se é geral ou se foi pontual, mas o chuveiro demorava muito para esquentar, e as vezes nem esquentava direito.",10,2025-07-16 14:39:24+00,1
"Me hospedei de 11 a 15 de julho de 2017, hotel maravilhoso, bem localizado, excelente café da manhã, funcionarios gentis e atenciosos, exceto um sujeito que trabalha no bar, onde fui totalmente desreipeitado no dia 13.07 a noite por um funcionário mediocre que me tratou mal desde a hora que fiz o pedido e, por fim, ao pedir outra dose de whisk o sujeito veio com um resto que estava no final da garrafa e, quando reclamei, esse tal elemento me disse que ali tinha uma uma dose, sendo que nao tinha nem 20ml de whisk, quando disse que nao ia pagar, sendo necessário chamar o metre que resolveu a situação a contento, mas, sendo eu gerente do hotel aconselho acompanhar o tratamento desse sujeito junto aos demais hospedes.",8,2025-07-16 23:44:38+00,1
"Todo divino!!! Solange nos dejo la habitación perfecta y hermosa! Obrigada,  volvemos seguro!",10,2025-07-17 11:10:30+00,1
"Excelente experiência! A primeira vez que fomos para Foz do Iguaçu, eu e minha esposa ficamos hospedados no NADAI, desss vez fui com meu filho de 13 anos para ele conhecer as carararas e a hidrelétrica. Eu e ele adoramos. Comida 10, atendimento 10, quartos 10, higiene 10, tudo nota 10. Obrigado. Cordialmente Carlos Marques @carlosmarquesadv",10,2025-07-17 17:08:46+00,1
"Com certeza em breve estarei com minha família de volta a me hospedar com vcs.
Obrigado",10,2025-07-17 17:31:11+00,1
Viaje increible y hotel comodo y centrico,10,2025-07-18 00:00:00+00,1
Bom,10,2025-07-18 05:29:52+00,1
"Muito bem localizado.

Cama grande, mas muito mole, talvez pelo longo tempo de uso.
O atendimento do bar deixou a desejar, por mais de 1 vez fiquei esperando o rapaz aparecer depois de uns 15 ou 20 minutos.

A área da piscina é muito boa, bem limpa e cuidada.

Senti falta de uma geléia no café da manhã, mas é muito bom, tem boa variedade...

Fiquei hospedado 4 dias e por duas vezes meu cartão do quarto ficou bloqueado e tive que voltar na recepção para revalidar, um inconveniente desnecessário que certamente poderia ter sido evitado.

Por fim, o hotel é muito bom, mas precisa melhorar em alguns aspectos. Pelo valor que paguei esperava um pouco mais.",6,2025-07-18 17:18:10+00,0
"Um ponto a melhorar, seria na reposição de sabonetes. Não são repostos diariamente e é necessário fazer solicitação se preciso. A limpeza do banheiro também pode ser melhorada. Internet nos quartos é bem ruim. No mais, ótimo hotel e voltaria.",8,2025-07-18 19:54:48+00,1
Excelente todo!! Pasamos unos días hermosos!!,10,2025-07-18 20:23:37+00,1
Atendimento maravilhoso,10,2025-07-19 16:40:16+00,1
Ótima!!,10,2025-07-19 17:48:56+00,1
"No me gusto que al llegar la habitación no estaba lista, luego de un largo vuelo nos informaron que la habitación no estaba lista sino hasta2 horas después,  es decir a las 3pm; al regresar a las 3pm, la habitación no estaba lista y tuvimos que esperar otro tanto. El último día de nuestra estadía, mientras estábamos de paseo nos informaron que no volveríamos a tener acceso a la habitación porque el check out era a las 11am.",6,2025-07-19 18:48:24+00,0
Would return,8,2025-07-19 21:58:30+00,1
" Ótima localização. Quarto muito silencioso, camas confortáveis, roupa de cama e de banho de qualidade.  Por ter sido um quarto para quatro pessoas, podia haver mais espaço para acomodar mais malas, como uma bancada.",9,2025-07-20 00:27:23+00,1
 Quarto amplo e confortável.  Gostei de tudo.,10,2025-07-20 13:16:21+00,1
 Confortável.,9,2025-07-20 16:02:20+00,1
"Muito agradável, em geral gostei muito.
Entrega o que um hotel de 4 estrelas propõe.
A Internet oscila sempre que há mudanças de ambientes.",8,2025-07-20 17:14:41+00,1
Ótima hospedagem.,10,2025-07-20 18:05:01+00,1
"Hotel super aconchegante, quartos amplos, roupas de cama e banho limpas e suaves. Atendimento muito bom com profissionais bem educados e solicitos
Localização excelente
Café da manhã excelente",10,2025-07-21 17:06:33+00,1
" Amamos as instalações, o ambiente é lindo a área da piscina, restaurante, as áreas comuns. O quarto é bem amplo e aconchegante. Os funcionários atenciosos.  Vimos alguns pontos de mofo no banheiro e num dos quartos que nos fez mal. E em um dos dias o restaurante demorou muito com os pedidos de jantar e ainda enviou os pedidos todos errados, depois de reclamarmos. Mas prontamente não nos cobraram os pedidos errados, mesmo que os comemos, por estar já tarde pela demora.",7,2025-07-22 14:59:36+00,0
"Foi a melhor experiência até o momento com hotéis em Foz do Iguaçu. Desde a recepção até o serviço de quarto. Gostei que havia pessoas para ajudar a carregar as malas. Voltaria novamente, sem dúvidas. O café da manhã também é muito bom.",10,2025-07-22 17:24:34+00,1
"Excelente hotel! Ótima localização, atendimento nota 10.",10,2025-07-22 18:45:26+00,1
Hotel com boa localização com quartos confortáveis e comida muito boa. Excelente custo benefício.  E o destaque vai pra atenção de todos os atendentes.,10,2025-07-23 17:39:42+00,1
"Hotel excelente, mas peca no serviço de SPA. Muita enrolação com horários.",8,2025-07-24 17:42:42+00,1
Excelente experiencia!,10,2025-07-27 17:37:08+00,1
"Excelente localização para tudo , café muito bom, muita cordialidade dos funcionários, local tranquilo, única observação  que o estacionamento é pago e poderia estar incluído na diária",10,2025-07-27 18:21:02+00,1
"Persolnal súper profesional, hotel, habitación y limpieza perfecto , muy recomendable… volveremos sin dudarlo . Muchas gracias por hacer perfecta nuestras vacaciones",10,2025-07-27 18:34:05+00,1
" Cama, café da manhã e bem localizado  Nada",10,2025-07-28 00:01:28+00,1
"Atendimento dos funcionários excepcional todos muito prestativos, de bom humor, café da manhã excelente. Estava limpo, mas percebemos que podia ser melhor em relação a limpeza. Do mais sem comentários, tudo ótimo!",10,2025-07-28 18:27:42+00,1
"Nossa primeira habilitação tinha uma grade infiltração para a janela. Fomos trocados de habitação. Somos gratos por isso.

Entregando, o novo quarto tinha pequenos detalhes. Por exemplo, o conector USB da parede não funcionava. A cama era, em realidade, duas camas unidas e dava pra sentir o buraco no meio da cama. As toalhas eram velhas, secas, e duras. Os travesseiros muito finos. Parece que colocaram mais para compensar. Os elevadores pareciam pouco confiáveis. Inclusive ficamos preso num dos elevadores um dia e o outro ficou bloqueado umas duas vezes quando chamamos. Estranho que os elevadores não tenham o mesmo sistema de controle.

O sistema de estacionamento também era confuso. Primeiro nos disseram validar tickets todos os dias. Depois liberaram para entrada/saída até o final da estadia mas o portão de saída demorava muito tempo (cinco minutos?) em abrir. Além do mais, a reserva do booking mencionava que o hotel tinha estacionamento. Foi uma surpresa desagradável ver que o preço não estava incluído na reserva.

Fora isso, todo o pessoal do hotel foi bastante amável e os quartos bastante limpos.",8,2025-07-31 17:12:29+00,1
 El hotel es lindo y confortable. La atención del personal es excelente son todos muy amables y está muy limpio y muy bien mantenido.  La verdad que me gustó todo,9,2025-08-01 00:18:26+00,1
No jantar o buffet de sopas estava salgado.,10,2025-08-01 17:20:40+00,1
"De modo geral todos os serviços oferecidos e a estrutura atendem a expectativa, a pergunta é em um pequeno detalhe porém também onde se tem uma expectativa , o sabonete que é disponibilizado no banheiro, a apresentação é ótima porém eu nunca vi um pior, parece sabão, não tem cheiro nenhum, de pé saiam qualidade , lembrem se que pequenos detalhes podem destruir todos os valores gerados obrigado",8,2025-08-02 09:18:30+00,1
"Excelente hotel, atendimento perfeito, ótima localização, tudo limpo, arrumado, café da manhã completo, com certeza voltarei a me hospedar.",10,2025-08-02 17:28:48+00,1
Quero registrar um elogio para a Srta. Milena que foi muito prestativa em nos ajudar a cadastrar um passeio para a Itaipu-Binacional.,10,2025-08-02 21:26:12+00,1
"Estou hospedada com minha família no hotel, quarto bom, café da manhã farto e gostoso, atendimento excelente. O maior porém é não ter a característica de “SPA” já que a música na piscina é altíssima e muita agitada, impossível relaxar. Dos quartos de uma ala (onde as janelas podem abrir), a música da piscina incomoda o dia inteiro, da outra ala, temos um barulho intenso da avenida, que é muito amenizado pelas janelas acústicas, que no entanto exigem o ar condicionado ligado 100% do tempo, o que pra nós não é legal, meu marido é super alérgico. Por esse motivo conseguimos mudança de quarto com muita cortesia e atenção, mas o barulho da música chega no quarto direto e é bem desagradável. A cidade é tão arborizada e limpa, relaxar combina com o local, mas a música do hotel tá mais pra Porto Seguro da Bahia, embora o lounge bar seja delicioso com um jazz baixinho, mas a área aberta infelizmente contrapõe muito ao conceito de hotel SPA… fora isso (que é importante viu..) , tudo ótimo!",8,2025-08-03 16:25:04+00,1
 De familiekamer (4 personen) had 1 badkamer met daarin ook de wc.,8,2025-08-04 13:40:50+00,1
Funcionários simpáticos e prestativos. Ambiente saudável e “cheiroso. Me hospedo novamente com certeza!!!,10,2025-08-04 17:04:57+00,1
"Ottimo hotel, camere pulite, piscina accessibile fino alle 22,30. Colazione meravigliosa.
Grazie.",10,2025-08-05 18:36:37+00,1
"Minha experiência neste hotel foi maravilhosa. Não havia conhecido um hotel até conhecer o Nadai!
Todos os colaboradores do hotel são atenciosos, simpáticos e muito dedicados. Café da manhã e demais refeições são ricas em diversidade e sabor, uma experiência ímpar. Por final, o quarto em que me hospedei é perfeito, excelente espaço, muito bem planejado e organizado. Os serviços de limpeza ocorrem todos os dias e são impecáveis.
Valeu 100% do investimento. Recomendo!",10,2025-08-05 23:01:09+00,1
"Hotel is clean.

Tv and room WiFi did not work, but room service person fixed soon.",8,2025-08-06 00:00:00+00,1
"Foi uma ótima experiência. Hotel confortável , tranquilo e funcionários educados e gentis .",10,2025-08-06 02:43:16+00,1
" Location accogliente e curata, esteticamente di design  Stanze piccole (2 adulti e 2 bambini) e con pochi spazi per appoggiare le cose",7,2025-08-06 08:56:20+00,0
"Ótima experiência, tudo perfeito.",10,2025-08-06 16:28:42+00,1
"Me hospede en el hotel para pasar mi cumpleaños y todo fue perfecto desde mi llegada! Me recibieron con torta y bombones :)
Habitaciones cómodas, limpias. desayuno variado y delicioso todos los dias. La piscina templada, el servicio del bar y el restaurante excelentes. Ubicación inmejorable.

Cabe resaltar el trato ameno de todo el personal. Sin duda volvería a ir!",10,2025-08-07 00:10:18+00,1
"Fomos pela CVC , hotel organizado e bem localizado, com bom atendimento os quartos para família 4 pessoas é um pouco pequeno, no nosso quarto tinha um pouco de barulho de rua, mas o chuveiro é ótimo assim como o café da manhã",10,2025-08-07 23:35:06+00,1
"Funcionários prestativos e educado, recomendo de olho fechado",10,2025-08-08 17:37:54+00,1
Top,10,2025-08-08 20:34:14+00,1
"Muito bom, gostei muito",10,2025-08-08 20:47:41+00,1
Profissionais educados e prestativos!,10,2025-08-08 22:08:41+00,1
"Hotel ótimo, no centro… Quartos otimos e recepção maravilhosa!",10,2025-08-09 03:21:36+00,1
 El cuarto de baño. El desayuno magnífico  Pocas amenities,10,2025-08-09 10:07:05+00,1
"Hotel maravilhoso, atendimento perfeito.
Com certeza voltaremos. Muito obrigado pela atenção de vcs.",10,2025-08-09 14:22:34+00,1
"Tudo muito bom! Desde dos quartos, ao atendimento. E café da manhã de excelência",10,2025-08-09 17:02:23+00,1
"Hotel muito bom, só acho que a internet é limpeza poderiam ser melhor.
Internet não funcionou bem nenhum dia e ficamos 5 noites no hotel.
Café da manhã maravilhoso.",8,2025-08-09 17:18:07+00,1
"Hotel muito bom, quartos aconchegantes, recepção incrível. Muito atenciosos. Café da manhã incrível.",10,2025-08-10 22:42:33+00,1
"Estive no hotel em agosto/2025. Muito bom, limpo, organizado, ótimos funcionários. Eu e minha esposa chegamos adiantados no checkin e eles nos liberaram um quarto antes da hora prevista. Café da manhã excelente. E chuveiro maravilhoso. Parabéns a todos. Adoramos a estadia.",10,2025-08-11 17:04:06+00,1
Todo exelente,10,2025-08-11 17:48:05+00,1
" Very nice hotel, tasty and various breakfast.  It can be noisy in the room due to the road..",9,2025-08-11 19:49:43+00,1
 Limpeza e atendimento funcionários  No quarto se ouvia bastante barulho tanto da rua quanto do corredor,10,2025-08-11 22:12:56+00,1
" La piscine, le jacuzzi sont très agréables après une journée à crapahuter 
La literie est confortable
Le service de laundry est efficace (très cher, comme dans tous les hôtels que nous avons visités au Brésil)
Le personnel est aux petits soins  Notre chambre donnait sur la piscine : très bruyant, notamment la musique le soir

Le buffet de l’hôtel est très correct, mais ne varie pas beaucoup, et le dimanche soir il est réduit sans vraiment de choix- on a un peu l’impression de manger les restes",8,2025-08-12 00:37:14+00,1
"Ruim demais, lugar péssimo... Os lençóis estavam manchados com alguma coisa dúvidosa, café da manhã FRIO! Vc pede assistência a algum funcionário, na maior parte das vezes figem q n te escutam. OBS: SE ALGUÉM DO TELEGRAM PEDIREM PRA VC AVALIAR PROMETENDO UMA VAGA DE EMPREGO, É GOLPE.",2,2025-08-12 13:48:04+00,-1
Muito bom,10,2025-08-12 14:09:19+00,1
"Hotel excelente, café da manhã maravilhoso.  Almoçarmos um dia no hotel e minha família gostou muito.  É bem localizado e todos os funcionários são excelentes.  Ficamos 4 noites, fez muito frio(período de 7 a 11 de agosto de 2025) e não pude aproveitar a piscina.",10,2025-08-12 18:00:25+00,1
"Incredible property, the staff is amazing and clean and tidy",10,2025-08-13 00:00:00+00,1
Otimo,10,2025-08-13 11:48:59+00,1
Ótimo lugar e com ótimos funcionários. Amei,10,2025-08-13 18:57:03+00,1
" Cama muy comoda. La piscina y spa. El desayuno muy bueno. Personal muy amable.  El baño un poco viejo, la cisterna hacia mucho ruido. Las ventanas aíslan poco.",10,2025-08-14 12:00:36+00,1
Top,10,2025-08-14 13:57:44+00,1
"Hermoso hotel y encantador trato , siempre atentos , el desayuno es muy completo , la zona de pileta muy cómoda . La pasamos genial",10,2025-08-14 14:06:19+00,1
"En general todo muy bien, desde las personas de recepción, los chicos que te ayudan con el equipaje y las señoras qué limpian, realmente todos muy amable y lindo hotel",8,2025-08-14 17:14:37+00,1
"Único ponto negativo  ,o uso da Jacuzzi deveria ser agendado ,explico ,pois hóspedes usavam como se fosse particular ,sem limites.",10,2025-08-14 19:40:35+00,1
Foi mais uma vez uma ótima estada !!,10,2025-08-14 19:58:39+00,1
"Foi perfeito, local aconchegante, muito capricho, limpeza impecável, atendimento excelente, funcionários muito educados, atenciosos, e muito simpáticos (todos)
Com toda certeza, quando voltar a Foz do Iguaçu,quero me hospedar no Nadai 🙏",10,2025-08-14 20:55:23+00,1
"Esse hotel é extremamente confortável! Os funcionários são gentis e objetivos, o que facilita a estadia! O café da manhã é maravilhoso, com muuuuuitas opções! Cama super confortável e limpa, tudo muito bem arrumado! Adorei",10,2025-08-14 22:46:32+00,1
Un buen hotel si vas a visitar las cataratas de Iguazú,10,2025-08-15 20:18:29+00,1
" Hôtel moderne très confortable.
Salle de bain très agréable.
Petit déjeuner très varié.  Rien",9,2025-08-16 07:54:53+00,1
" Suite spacieuse, propre et lit très confortable.
Piscine et jacuzzis chauffés
Petit déjeuner copieux 
Parfait pour nous permettre de visiter les chutes  On entend un peu le bruit de la rue adjacente",10,2025-08-16 10:03:16+00,1
Café de manhã muito bom e pela primeira vez vejo um hotel disponibilizar lactase aos hóspedes que possuem intolerância à lactose. Parabéns!!!,10,2025-08-16 15:22:49+00,1
 Colazione vista,8,2025-08-16 15:35:04+00,1
"First look from the outside looks dated but upon entering the premises,  you will be surprised . It was great/ splendid with a luxurious feeling of the hotel.",10,2025-08-17 00:00:00+00,1
Lugar incrível,10,2025-08-17 10:04:04+00,1
ótimo,10,2025-08-17 13:24:43+00,1
"Nossa experiência foi maravilhosa foi alem da nossa expectativa .
Foi nosso aniversário de casamento
30 anos , queríamos comemorar com excelência.
E o Nadai e toda equipe nos proporcionaram uma excelente experiência de acolhimento e hospedagem
Agrademos toda equipe 😇🙏",10,2025-08-17 17:27:50+00,1
Um lugar incrível e confortável!!! Poderia passar o resto da vida la!,10,2025-08-17 22:05:17+00,1
 Ubicación y desayuno  Qué se paga el estacionamiento aparte de la diaria siendo un hotel 4 estrellas tenía que estar incluido en el precio,8,2025-08-18 11:22:07+00,1
"Minha experiência no hotel foi muito boa, os funcionários são muito educados, gentis, as dependências do hotel são excelentes, recepção, salas de estar, área da piscina bonita e agradável.",8,2025-08-18 11:57:38+00,1
"Hotel muito bonito, equipe são gentis e muito educados, café da manhã maravilhoso muita opção.Restaurante, saguão, bar e área da piscina tudo lindo. Amei minha estadia, e voltaria com certeza.",8,2025-08-18 13:00:33+00,1
 La amabilidad del personal,10,2025-08-18 17:19:49+00,1
"A localização é boa e os funcionários são educados. Mas os quartos estão antigos, não tem isolamento acústico  e os colchões das camas em péssimo estado. Pedimos pra trocar o colchão do quarto pelo fato do colchão estar em péssimo estado. Saímos para o passeio e eles falaram que iriam trocar mas na verdade nada fizeram quando voltamos do passeio. Pedi uma solução e fomos trocados de quarto. Mas não houve melhora. Enfim pelo número enorme de hotéis em Foz do Iguaçu na próxima vez não ficaremos neste hotel.",2,2025-08-18 17:22:50+00,-1
"Buen hotel..instalaciones muy bien cuidadas.
Destaco el sector Piscinas! Excelente limpieza y mantenimiento diario! impecable realmente.",8,2025-08-18 17:34:50+00,1
"Hospedagem excelente. Hotel muito bem localizado. Café da manhã muito variado e delicioso. Existe ainda opção de almoço e jantar ( que também são excelentes). Muito confortável, piscina aquecida, funcionários atenciosos e prestativos. Só elogios.",10,2025-08-18 18:06:22+00,1
Maravilhoso ....,10,2025-08-18 18:12:14+00,1
"Experiência deliciosa! Os quartos são confortáveis, cama e chuveiro ótimos! A equipe foi super atenciosa e me presenteou com um bolinho surpresa de aniversário no café da manhã que foi mega carinhoso! Área externa de piscina e hidromassagem lindos, limpos e agradáveis!",10,2025-08-18 19:06:59+00,1
"O hotel é maravilhoso! Lindo o ambiente e  aconchegante.  Cada detalhe do espaço tem um toque de bom gosto e  acolhedor. A gastronomia é exelente! O quarto agradável, com climatização,  higienizado e com bom espaço. Eu super indico o hotel!",10,2025-08-19 12:24:17+00,1
" Muito confortável e equipe muito prestativa  A sauna faz parte do SPA e é cobrado o uso pelos hóspedes..
Nunca vi hotel cobrar pelo uso de sauna",9,2025-08-19 14:31:54+00,1
"Bom hotel, único ponto negativo sao as portas, que fazem bastante barulho ao abrir e fechar (o que faz voce ouvir várias portas abrindo e fechando logo cedo) e o banheiro merecia uma faxina... fiquei com vontade de passar um tira limo no rejunte 😅",10,2025-08-19 19:02:37+00,1
"O hotel foi reformado então tudo é novo e de bom gosto. O quarto é confortável. Uns nichos para organizar as roupas o tornaria ainda melhor. O serviço é fantástico, parabéns a todos funcionários,  sempre solícitos e educados. Ótimo café da manhã  e as opções do restaurante são boas e  com bom custo benefício.  A localização é  excelente.  Recomendamos muito.",10,2025-08-19 21:09:17+00,1
"Excelente atendimento, café da manhã muito bom. Quarto sempre limpo e a localização um espetáculo. Estão de parabéns pela qualidade",10,2025-08-19 21:13:44+00,1
" For the price paid, it was a reasonable hotel
Breakfast was decent
Staff helped us and were very pleasant  Room had two twin beds. Too narrow for a couple to sleep in comfortably. Pillows are hard. We did not sleep well.
The feeling is that the hotel needs some renovation",7,2025-08-19 21:26:44+00,0
"Hotel impecável, com a estrutura, organização e limpeza fora da curva. O café é muito bom e diverso, além disso o atendimento é carregado de educação e gentileza.",10,2025-08-19 22:03:29+00,1
"Hotel muito bem localizado e com ótima estrutura, tanto na parte comum quanto nos quartos. A piscina aquecida é ótima! Café da manhã muito bom.
Os preços do bar da piscina são um pouco elevados.",10,2025-08-19 23:45:34+00,1
"Estrutura, localização, limpeza, serviço muito bons. Restaurante (café da manhã, almoço e jantar) MARAVILHOSO. Só tivemos um problema chato de a camareira esquecer a porta do nosso quarto aberta por 2 dias seguidos. Você chegar de um passeio e encontrar suas coisas expostas onde deveriam estar em segurança, é desapontador. O andar estava cheio, qualquer um poderia ter entrado e mexido nos nossos pertences. Resolução: a governanta averiguou o assunto, testou a fechadura para se certificar que não foi erro nosso e orientou a camareira.

**estadia jul.24",6,2025-08-20 00:00:00+00,0
Atendimento perfeito e acolhedor,10,2025-08-20 15:25:45+00,1
"Excelente o atendimento desde o momento em que chegamos até o momento de sairmos. Ambiente limpo, agradável e super aconchegante. Café da manhã e refeições feitas no restaurante tudo muito gostoso e bem servido. Superou nossas expectativas e esperamos voltar novamente.",10,2025-08-20 17:52:06+00,1
"Excelente atendimento, localizacao, quartos, café da manhã... Super indico!!!",10,2025-08-21 01:22:47+00,1
"Muito bom! Tudo limpinho, ótima localização, academia, ótimo serviço de quarto.

Infelizmente não tive tempo de usar a piscina, mas parecia estar ótima também.

O café da manhã é gostoso e com bastante variedade.",10,2025-08-21 17:04:14+00,1
"Hermoso Hotel y Buen Servicio.
Podría mejorarse la variedad de comidas y bebidas.
El suministro de champú, acondicionador y jabones debería ser de mejor calidad y en mayor cantidad.
En general buena atención.",6,2025-08-21 21:53:02+00,0
"Adoramos a estadia. Sem reclamações! Local, atendimento, estrutura e café maravilhoso!

Gostaria de deixar a sugestão de manterem o som da piscina mais baixo após as 18h. Achei alto para os quartos que ficam com janela virada para a área interna. Fica a dica!",10,2025-08-22 15:26:33+00,1
"Estive na ocasião de um café da manhã e o serviço foi excelente. O local é agradável, os atendentes agradáveis e há uma área externa sombreada por árvores. Existem casinhas de abelhas sem ferrão e o estacionamento é de fácil acesso.",10,2025-08-23 10:47:35+00,1
"Meus filhos presentearam meu marido para o café da manhã do dia dos pais pois além das delicadezas locais e internacionais servidas no café da manhã, o hotel propõe experiências super interessantes. Nesse dia era a inauguração do meliponario , para mostrar a importância das abelhas para a vida humana. Parabéns pela iniciativa, em especial na pessoa da gerente Karin Pan🐝",10,2025-08-23 10:52:35+00,1
"O hotel é muito bonito, bem cuidado e conta com funcionários que estão de parabéns: sempre prontos para ajudar, informar e receber com hospitalidade, o que torna a estadia ainda mais agradável. Porém, alguns pontos deixaram a desejar durante a nossa estadia. Tivemos a experiência de que as camareiras não trocaram as toalhas mesmo seguindo a orientação do próprio hotel de deixá-las no chão. O tapete de chão do banheiro também não foi trocado em nenhum momento, e só conseguimos a troca das toalhas após solicitar diretamente.

Um ponto positivo que vale destacar é o café da manhã, que é realmente muito bom e bem variado.

Outro ponto foi no bar: pedimos duas bebidas que seriam pagas no checkout, mas no momento da saída foi cobrada uma taxa adicional do bar que não constava no cardápio e também não foi informada previamente.

No geral, o hotel tem ótima estrutura, funcionários exemplares e proporciona uma boa estadia, mas acredito que esses detalhes precisam ser melhorados para que a experiência seja compatível com o padrão de um hotel 4 estrelas. Se houver mais atenção a esses pontos, certamente estarão muito próximos de se tornar um hotel 5 estrelas.",8,2025-08-23 14:07:20+00,1
" Very nice and comfortable hotel. The room was big enough, with big comfortable bed. Great buffet for breakfast and dinner. Nice pool and gym - although we didn't have time to use them, they looked good. You can buy nice ceramics there. Good location, close to bus station, shops and restaurants.  Bathroom might need some renovation, e.g. corrections of grouts or adding some silicone, they didn't look nice. Although the buffet was excellent, the main courses for dinner were just average.",9,2025-08-23 14:17:51+00,1
"Só faltou um cafezinho na recepção, os elevadores ficariam melhor sem aquela plotagem",10,2025-08-23 17:03:02+00,1
"Minha experiência no NADAI foi incrível. Queria ter aproveitado mais as comodidades no hotel, mas me senti muito acolhida e segura. Muito obrigada a todos pelo atendimento impecável.",10,2025-08-23 17:03:04+00,1
 Sala giochi e piscina  Buffet colazione,9,2025-08-23 18:24:20+00,1
"Hotel excelente, ótima localização, colaboradores atenciosos e educados. Um ótimo café da manhã, com uma bela piscina, banheiras de hidromassagem e Spa.",10,2025-08-24 00:00:00+00,1
"Experiência incrível
Hotel bem localizado,  atendimento nota 10.
Quartos sempre limpos e com uma acústica muito boa.
Pessoal da recepção atenciosos, café da manhã top.",10,2025-08-24 17:17:23+00,1
"Hermoso hotel, todo nuevo, muy limpias las habitaciones,
Las habitaciones son un poco chicas mas que todo el lugar de guardado
La pileta esta climatizada,  le falta mantenimiento....
Todos muy amables,  volvería",8,2025-08-24 17:28:07+00,1
" Linda piscina, el desayuno buffet muy variado y rico. El personal muy amable. Las habitaciones cómodas.",10,2025-08-24 21:52:05+00,1
"Gostamos de tudo. Quero parabenizar pelo atendimento e agradecer a camareira Salete pelo carinho. Como minha esposa é celíaca, embora tenha um espaço sem glúten no café da manhã, sugiro acrescentar mais opções da @tudocaseiro_oficial.
Muito obrigado,",10,2025-08-25 11:24:22+00,1
Funcionários sempre muito atenciosos -sou cliente há anos,10,2025-08-25 12:46:12+00,1
Amamos nossa estadia no hotel. Equipe muito bacana e atenciosa. Um agradecimento especial ao Moisés e Miguel que nos atenderam na piscina e no restaurante com uma simpatia e carisma que fez diferença nos nossos dias em Foz! Queremos voltar mais vezes e o Hotel Nadai será nossa escolha!,10,2025-08-25 13:53:40+00,1
"Tudo maravilhoso!
Funcionários GERAL todos atenciosos!
Super indico",10,2025-08-25 17:13:50+00,1
"Boa, mais no nosso quarto estava com ar condicionado pingando água",8,2025-08-25 17:16:49+00,1
 Nice and comfortable hotel with very wide breakfast.  Nothing,9,2025-08-25 22:18:10+00,1
O bom hotel e com uma bom cardápio,10,2025-08-26 15:12:34+00,1
"Tive uma ótima experiência em minha estadia. Café da manhã bem servido, bem variado, gostei muito.
A loja de suviners com preço justo.
Quarto bem espaçoso e confortável.",10,2025-08-26 17:45:20+00,1
"Eu sempre fico no hotel quando vou para Foz, pra mim tem tudo o que eu preciso e ainda a localização é ótima, o atendimento é muito bom e o cardápio do restaurante é maravilhoso, super recomendo!",10,2025-08-26 19:07:34+00,1
"Ótimo hotel, fiz a reserva pela latam... Peguei o plano com meia pensão, sem dúvida a melhor escolha que tive,comida muito boa atendimento muito bom também. Fui para turismo, a forma de locomoção foi de Uber pois lá funciona muito bem os Uber, se você que economizar com os passeios vá de Uber porque as agências de turismo cobra em torno de 75 por pessoa para levar e Uber é bem mais barato e cabe 4 no carro neh. Mais enfim hotel está localizado perto de tudo ótima localização.",10,2025-08-27 05:03:03+00,1
"Super atenciosos! Café espetacular, bem localizado, ótimo ambiente, piscina gostosa.",10,2025-08-27 12:52:37+00,1
Tudo muito bom! Obrigada!,10,2025-08-27 17:08:38+00,1
"Fantástica, quarto muito confortável, recepção nota mil!",10,2025-08-27 19:40:11+00,1
Muito bonito e aconchegante,10,2025-08-28 19:51:10+00,1
"A nossa experiência em casal foi satisfatória. Destaco a gentileza de todos os funcionários, sobretudo o hotel em ter antecipado nosso check-in, haja vista o cansaço da viagem. Café da manhã muito bom, quartos, ambiente em geral. Tudo bem agradável. Recomendo e sem dúvidas pretendemos nos hospedar novamente.",10,2025-08-28 21:06:41+00,1
" La piscine , le confort des chambres .",9,2025-08-29 13:32:38+00,1
"Gosto muito do hotel Nadai, a localização e excelente, estrutura geral perfeita, estacionamento fácil, atendimento impecável, café da manhã delicioso. Recomendo muito!",10,2025-08-29 17:14:22+00,1
Lindo,10,2025-08-29 18:37:14+00,1
"Muy buena ubicación, personal muy amable con buena cocina y cerca de los sitios más visitados",10,2025-08-30 00:29:40+00,1
Ótimas instalações e serviços é excelente café da manhã.,10,2025-08-30 17:05:52+00,1
"Costumamos a dar eventos em uma sala para workshop. É agradável , ambiente lindo paisagista , nos deixam a vontade com nossos convidados. Os ambientes e rool de entradas aconchegante e bonito . Para pequenos eventos é ideal bem no coração da cidade",10,2025-08-30 22:57:36+00,1
"Hotel muito bonito, limpo e com funcionários muito educados e prestativos. Meu quarto foi cuidado pela Sabrina durante a minha estadia e sempre esteve impecável a cada retorno.
Café da manhã é excelente! Muita variedade, inclusive pra quem tem intolerância alimentar.
Deixo dois pontos como crítica que são a Internet que não funciona bem. Pra trabalhar precisei usar a Internet do celular, mas oferecem uma sala de coworking por um valor por hora de uso. Outro ponto, o ar condicionado do quarto 130 que não estava gelando muito bem.
Mas eu voltaria com certeza para me hospedar novamente. O ambiente é muito agradável.",8,2025-08-31 12:24:44+00,1
Ótimo 🥰,10,2025-08-31 13:55:36+00,1
"Esta en pleno centro de la ciudad por lo que hay bastante ruido de la calle constantemente.

El hotel es bastante moderno y limpio. Cuenta con estacionamiento.

Tiene restaurante hasta las 22.30 hs.",8,2025-08-31 17:02:26+00,1
Agradabilíssima. Grande chance de retornar com minha família em dezembro.,10,2025-08-31 18:14:12+00,1
"Gostei muito da hospedagem no Nadai Confort. Recomendo.
Fica só a sugestão de fazer uma sauna ao lado da piscina, o que iria deixar o hotel mais atrativo ainda.",8,2025-08-31 18:58:23+00,1
 Everything  Nothing,10,2025-09-01 00:40:27+00,1
Good for a short vacation of a few days.,8,2025-09-01 09:02:42+00,1
Ótimo atendimento confortável local aconchegante uma das melhores experiências em Foz do Iguaçu.,10,2025-09-01 14:47:54+00,1
"Quando cheguei o banheiro estava sujo e cheio de cabelos na parede!
Minhas amigas q ficaram em outros quartos receberam 1 bombom de cortesia, meu quarto não tinha.
Mas, os rapazes da recepção e do restaurante foram sempre simpáticos e gentis.
A localização foi muito boa p o meu evento!
A massagem também foi 10!
Recomendaria.",8,2025-09-01 17:06:12+00,1
"Hotel incrível,  muito aconchegante , excelente logística,  e principalmente um atendimento impecável,  de todos os funcionários.
Realmente uma equipe muito bem treinada , felizes onde trabalham .
Parabéns a todos os envolvidos !",10,2025-09-01 17:22:05+00,1
Ótima opção em Foz do Iguaçu,10,2025-09-01 17:23:42+00,1
Nota 10000,10,2025-09-02 16:58:28+00,1
Boa localização.  Hotel bom e confortável. Ja fiquei várias vezes. Sempre bom.,10,2025-09-02 18:12:41+00,1
Experiência ótima super recomendo,10,2025-09-03 15:11:12+00,1
"Estadia maravilhosa!
Hotel requintado, limpo e excelente localização.
Indico muito em minhas vendas.",10,2025-09-03 18:28:37+00,1
"Breakfast was good, rooms a bit too small, elevators outdated.",8,2025-09-04 00:00:00+00,1
"Quarto perfeito!! Atendimento profissional, atencioso. Todos muito educados e solicitos! Voltarei com certeza",10,2025-09-04 17:02:32+00,1
"Minha terceira vez no Nadai, maravilhoso hotel em
Todos os aspectos",10,2025-09-04 17:05:27+00,1
"Ótimo hotel, super confortável e limpo. Os funcionários são muito educados e nos ajudaram em toda estadia, nem mala carregamos. Café completo, dependências e lazer de qualidade. Estão de parabéns!",10,2025-09-05 15:18:52+00,1
"A única coisa que gostaria de ressaltar é que senti falta do serviço de despertador. Usei meu celular para tal finalidade mas seria bom ter o do hotel.
Do mais,  só elogios para o hotel e atendimento em todas as áreas.
Adorei o café da manhã.",10,2025-09-05 17:29:56+00,1
"Jamais , nunca , em hipótese alguma caiam no golpe de solicitar ao recepcionista do hotel uma solicitação de taxista para as 3:30 da manhã . Nesse horário o deslocamento para o aeroporto não é muito fácil , pois não tem Uber em quantidade suficiente . Dado isso pedi ao recepcionista que estava trabalhando na quinta-feira por volta às 18:00 me reservasse um táxi para sexta feira às 3:30 da manhã . Como não sou turista e viajo com frequência para Foz do Iguaçu eu sabia que o preço aproximado do táxi do hotel ao aeroporto , mesmo com bandeira 2 seria algo em torno de R$ 80,00 reais . Perguntei ao recepcionista qual seria o o preço e ele me disse que algo em torno dos 80,00 talvez um pouco mais , tipo 90 , 100 reais . Pensei comigo : ok dado o horário . Quando o taxista chegou para me buscar às 3:30 da manhã e entrei no carro , perguntei o preço ao taxista que me informou o preço de 160,00 reais . Fiquei indignado , quando percebi que eu tinha caído no golpe do turista . Exigi que o taxista viesse com o taxímetro ligado , e pela madrugada estava na bandeira 2 . Ao chegar ao aeroporto o valor que marcava era de R$ 79,00 reais , exatamente como eu havia dito , mas o taxista já havia cobrado os 160 porque disse que era uma reserva com marcação de horário . Tudo mentira . Na foto adiciono o recibo do taxista . E detalhe , paguei logo o taxista quando estava na frente do hotel , porque no aeroporto o sinal de telefonia não era bom e eu não conseguiria pagá-lo com a “maquininha” que eles usam .",10,2025-09-06 12:39:38+00,1
 Hôtel situé dans la ville de Foz sur une rue très passante. Nous avons passé 1 seul nuit. L’hôtel est bien Entretenue. Les chambres sont correctes. Nous n’avons pas pu profiter paisiblement du Pool house à cause d’un groupe Brésilien très bruyant et sans gêne (nourriture et boisson dans la piscine),7,2025-09-06 16:13:11+00,0
"Excelente ! Amei o Nadai …. Tudo lindo, organizado e atendimento maravilhoso !
Voltarei com certeza e indico de olhos fechados ! Parabéns Nadai !!!!",10,2025-09-06 17:32:21+00,1
"Estadia muito prazerosa do início ao término da semana. Seguramente repetiremos a experiência.
Quarto amplo e confortável, agradável espaço de piscina e hidromassagens, excelente café da manhã e a atenção constante da equipe de apoio, fizeram nossa estadia ser nota 10.",10,2025-09-06 18:44:59+00,1
"Uma ótima experiência. Funcionários muito educados, localização boa.
Quartos limpos frequentemente, cama confortável, banheiros impecáveis. Recomendo a todos",10,2025-09-07 17:37:41+00,1
"Experiência excelente.

Registramos, apenas, o desagrado com a pressão da água do chuveiro (poderia ser mais forte) e o incômodo com um vazamento da água do box.",10,2025-09-07 17:53:54+00,1
"Equipe educada!
Café da manhã e jantar maravilhosos!!
Amei cada minutinho com vocês!
Muito obrigada pela excelente e tão agradável recepção!!!
Com certeza indicarei aos meus clientes!!",10,2025-09-07 18:15:23+00,1
"Melhorar a manutenção do cartão. Quarto quando chegamos não estava funcionando. Em pouco tempo foi realizada a substituição.
Fazamento no banheiro.",8,2025-09-08 00:56:52+00,1
"Localização privilegiada bem no centro de foz cama maravilhosa e ambiente super limpo
A e a comida é maravilhosa",8,2025-09-08 17:03:46+00,1
"Super indico o Hotel Nadai, me hospedo com frequência e posso garantir que o atendimento é ótimo! Me sinto em casa quando estou aqui.",8,2025-09-08 18:49:03+00,1
" De tudo!Excelentes instalações, funcionários atenciosos, limpeza impecável, café da manhã farto , gostoso e com qualidade.Atende dietas restritivas.Conhecemos também a gerente Karen,  extremamente simpática!  Sem queixas.",10,2025-09-09 13:33:22+00,1
"Ótimo atendimento!! Quarto maravilhoso, café da manhã maravilhoso",10,2025-09-09 17:05:27+00,1
Fiquei muito satisfeita,10,2025-09-09 17:09:09+00,1
Minha estadia foi ótima,10,2025-09-09 17:36:30+00,1
nossa banheira não funcionou e o chuveiro também muita pouca água.. mas no mais fomos bem atendido.,8,2025-09-10 17:04:50+00,1
 Mauvaise insonorisation des chambres,6,2025-09-10 17:12:46+00,0
"Atendimento maravilhoso todos os funcionários sempre muito atenciosos e gentis.
Restaurante(café da manhã, almoço e jantar) super saboroso.
A única coisa que tenho para pontuar é a qualidade da toalha de banho que não é boa.
Seca e dura.",8,2025-09-10 17:14:30+00,1
Execelente! Tudo limpo! Café muito bom!,10,2025-09-10 17:16:46+00,1
Habitación muy pequeña,8,2025-09-10 20:25:57+00,1
"Otimoa localização do Nadai.

No centro de foz!

Otimo atendimento de todos os funcionários!",10,2025-09-10 23:08:55+00,1
"Excelente Hotel.
La comida perfecta.
El desayuno perfecto
El gimnasio Super completo.
Las personas todas que trabajan ahí.  Súper súper amables y dispuestas a ayudarte y hacerte sentir bien.
El costo muy bien.

Muchas gracias y voy a volver.  ✨🙂",10,2025-09-11 12:17:14+00,1
 Confortável  Banheiros com o box vazando água para fora,8,2025-09-11 14:12:34+00,1
Um excelente local. Bastante agradavel,10,2025-09-11 16:57:31+00,1
Excelente!,10,2025-09-11 17:42:19+00,1
"Amei. Ótima localização, quarto espaçoso, funcionários atenciosos, café bom...ainda com serviço de bar e restaurante o dia todo.",10,2025-09-12 11:12:27+00,1
"Muito bom, recomendo bastante",10,2025-09-12 13:45:14+00,1
"Tudo perfeito!!! Desde a arrumação e limpeza do quarto.
O quarto é ótimo.
Café da manhã maravilhoso!!!",10,2025-09-12 17:51:31+00,1
"Excelente servicio, todos muy atentos
Localizados en un lugar de fácil acceso, tranquilo
Todo el personal muy atentos",10,2025-09-12 17:59:31+00,1
"Excelente atendimento, quarto, amenities, flexibilidade nas solicitações particulares, restaurante, buffet de café da manhã e jantares, área de piscina e spa. Ótima localização tanto para condução particular e também para contratações de pacotes turísticos. Recebemos um bolo mimo de aniversário de casamento juntamente com uma mensagem carinhosa! Apenas um detalhe de atenção para frequência/ cuidado na higienização das cortinas e janelas que estava com mofos",10,2025-09-13 00:00:00+00,1
"Gostamos bastante, localização ótima, ótima infraestrutura ao redor e no hotel também.
Tudo bem limpo e espaçoso.",10,2025-09-13 00:16:21+00,1
"Ótima experiência com bom atendimento,  ótimo café da manhã,  piscina estruturada.
Moisés funcionário do bar da piscina é show.

Obrigado,  equipe NDNadai",10,2025-09-13 19:11:55+00,1
"Minha estadia foi excelente, o hotel é muito bom, com ótimas acomodações e atendimento. Gostaria apenas de deixar uma sugestão construtiva: colocar grades nas janelas, especialmente pensando na segurança de quem viaja com crianças. No mais, tudo foi perfeito. Recomendo!",10,2025-09-13 19:36:28+00,1
"Muito bom
O hotel é de excelente qualidade e o atendimento é excelente principalmente do funcionário Moisés, parabéns !!!",10,2025-09-14 17:01:53+00,1
" Hotel posizionato nel centro di Foz do Iguaçu, a due passi dal Cataratas JL Shopping, dotato di un grande buffet a colazione e a cena con cibo molto buono. 

Spazi esterni molto carini, con una bella piscina, un bar, molte sdraio, un salone di bellezza in cui rilassarsi e anche un’area per bambini. 

Spazi interni (compreso il ristorante e un piccolo shop) belli e molto curati.  Unica nota negativa ed è proprio il motivo per cui non ho dato 9, sono le camere troppo piccole per due persone…

Per il resto ottimo hotel!",8,2025-09-14 19:20:53+00,1
Muito bom,10,2025-09-15 02:00:39+00,1
"Minha estadia no Nadai Confort Hotel & Spa foi simplesmente incrível! Atendimento impecável, equipe atenciosa, acomodações confortáveis e um ambiente acolhedor que tornam a experiência única. Recomendo de olhos fechados! 🏨",10,2025-09-15 11:14:11+00,1
Tudo ótimo ! Se pudesse colocar um ponto de melhoria um ponto é a internet que não é tão bom o Wi-Fi,8,2025-09-15 17:02:41+00,1
A experiência foi muito positiva! Funcionários super atenciosos e prontos pra ajudar. Pretendemos voltar com os filhos.,10,2025-09-15 17:21:48+00,1
Estadia agradável junto com parte da família para um fim de semana especial. Muito satisfeito com a acolhida no Nadai!,10,2025-09-15 17:41:52+00,1
"Hotel maravilhoso,  comida gostosa, ótimo atendimento, quarto e banheiro limpinhos, super recomendo.",10,2025-09-15 18:27:14+00,1
"Excelente atención de la gente en todos los sectores
Más una recepción simple y rápida. Igual que el checkout
Gracias y saludos",10,2025-09-15 20:33:28+00,1
"Escolhi o Nadai pelas ótimas avaliações e não me arrependo! Localização excelente, no centro de Foz com boas opções de restaurantes próximos, também tem um shopping a poucos metros. A estrutura do hotel é ótima, piscina aquecida, boa academia, quartos limpos e bem equipados. Café da manhã delicioso, e o que mais me ganhou foi a simpatia e gentileza de todos os funcionários!!!!",10,2025-09-16 12:16:23+00,1
"Nossa experiência foi ótima no Nadai. Hotel completo, limpo e organizado. O quarto é espaçoso e nos acomodou muito bem. Fora o café da manhã, que é super completo e delicioso. Com certeza voltaremos na nossa próxima viagem!",10,2025-09-16 13:45:45+00,1
"Excepcional, superou minhas expectativas. Cama, banheiro, lençóis e travesseiros, ar condicionado, TV,  tudo de qualidade, novos e muito limpos. Café da manhã fantástico pela variedade e qualidade dos itens, nunca vi nada igual em um 4 estrelas. TODOS os funcionários foram simpáticos e prestativos, destaque para a gerente Karin, uma simpatia de pessoa. Foi a melhor estadia das 6 vezes em que visitei Foz....único senão foi o som ambiente da piscina, que mesmo em volume baixo, invadia um pouco o silêncio reconfortante do quarto à noite.",10,2025-09-16 16:20:42+00,1
Hotel maravilhoso! Com certeza voltarei,10,2025-09-16 18:40:12+00,1
"uma das melhores experiências que eu já tive em hotel! atendimento, acomodações e espaço de lazer impecáveis! com certeza voltarei quando estiver em foz do iguaçu!!!",10,2025-09-16 18:59:55+00,1
"Quartos confortáveis, ótimo café da manhã e área da piscina. Almoçamos e jantamos no restaurante do hotel, ótima qualidade.",10,2025-09-16 20:32:43+00,1
"Incrível! O hotel é maravilhoso e os colaboradores são extremamente educados e atenciosos, voltaria mil vezes. Amei!",10,2025-09-18 17:15:10+00,1
Muy bueno todo especialmente la atencion,10,2025-09-18 17:42:48+00,1
"Hotel  bem aconchegante, tudo bem bonito e café da manhã muito bom!! Vale a pena se hospedar!!",8,2025-09-18 23:14:23+00,1
"Excelente quarto, atendimento maravilhoso, ambiente aconchegante, detalhes que fizeram a diferença.",10,2025-09-19 00:47:42+00,1
 Vazamento no BOX do Banheiro… TV com conexão ruim de internet,3,2025-09-19 01:34:16+00,-1
" Das Frühstücks- und Abendbuffet war vielfältig und lecker. 
Die Hotel-Mitarbeiter waren sehr freundlich und hilfsbereit.  Die Sprachkenntnisse (englisch) der Service-Mitarbeiter waren sehr gering.",8,2025-09-19 18:58:28+00,1
"Tudo maravilhoso.
Hotel excelente, quartos amplos e confortáveis.
Colaboradores educados.
Café da manhã maravilhoso",10,2025-09-19 23:21:22+00,1
"O hotel está situado em uma ótima localização,  uma boa infraestrutura e uma equipe muito atenciosa.",10,2025-09-20 00:23:42+00,1
"Exelente todo,desayuno, buffet y ni hablar del personal todo un servicio impecable y muy amables todos, en marzo vuelvo nuevamente a disfrutar con mi familia por mi cumpleaños !! Los huevo a elegir siempre 😍",10,2025-09-21 00:51:34+00,1
" Staff attention was great. Loved the pool. Great location. Nice lobby areas and seating areas. The outdoor section was gorgeous.  There’s no sound proofing in rooms so it’s VERY loud when other guests are outside. 

Thick blankets in room smelled musty. 

No good toiletries in room.",6,2025-09-21 07:48:46+00,0
"Ótimo hotel, estrutura e atendimento.

Café da manhã e jantar ótimos tb",10,2025-09-21 11:03:42+00,1
"Estive em Foz do Iguaçu pela primeira vez para celebrar o aniversário da minha mãe e diante da experiência que tivemos com o Nadai Confort Hotel e SPA, estou pronta para retornar em breve novamente. Atendimento excepcional, a localização é ótima e toda a infraestrutura que o hotel fornece é maravilhosa.",10,2025-09-21 15:13:05+00,1
"El hotel muy lindo, mucho confort, comedor pileta, la habitaciones sin lujos pero completas, con todo, el servicio de los empleados, excelente, estuvimos 8 noches y lo pasamos bárbaro.",8,2025-09-21 18:41:12+00,1
" La ubicación, la piscina, el restaurante. Personal muy amable  La habitación muy justita de tamaño para 4 personas",9,2025-09-22 11:50:16+00,1
"Excelente estadia, tudo perfeito!!!",10,2025-09-22 19:21:15+00,1
Excelente!!!,10,2025-09-25 17:37:41+00,1
Exelente...👏🏾👏🏾👏🏾,10,2025-09-26 12:48:04+00,1
"Hotel maravilhoso, foi a primeira vez que nossa bebê ficou em um hotel e foi tudo perfeito. Ela tem 5 meses e o hotel é muito bem estruturado para famílias. Quarto bem confortável, cama maravilhosa, banheiro moderno. A piscina é perfeita, tem area de lazer, fraldário amplo, café da manhã delicioso. Os funcionários são extremamente educados e solícitos. Na nossa próxima vez em foz, com certeza voltaremos a nos hospedar no Nadai",10,2025-09-26 17:23:52+00,1
"Gostei muito
Tudo muito limpo , funcionários  educados .Ótimo café da manhã
Apenas a cama que deu a impressão de ser duas camas de solteiro juntas pra formar uma de casal, daí ficou um vão no meio .
Mas no demais estava ótimo.o",8,2025-09-26 20:01:00+00,1
Top,10,2025-09-27 01:51:59+00,1
"Tudo ótimo muito obrigada pela estadia.
Todos os colaboradores atenciosos e prestativos",10,2025-09-27 17:06:56+00,1
"Estive no Nadai delegação de Brasília, foi ótimo nossa estadia vcs estão de parabéns",10,2025-09-27 17:08:13+00,1
Nice hotel good for price value relationship.,8,2025-09-28 00:00:00+00,1
" J’ai tout aimé, la literie très confortable, la vue magnifique sur Copacabana, le petit-déjeuner.  Rien",10,2025-09-28 11:52:42+00,1
É excelente! Recomendo,10,2025-09-28 17:02:34+00,1
Excepcional. Hotel muito confortável. Funcionários muito educados.,10,2025-09-28 17:03:02+00,1
Foi acima das minhas expectativas. Hotel excelente. Ambiente e atendimento de excelência.,10,2025-09-28 17:17:19+00,1
"Ótimo atendimento! Quartos confortáveis, limpo",10,2025-09-28 17:21:01+00,1
"Minha experiência teria sido melhor se o hotel facilitasse a vida do hóspede. Na entrada excelente , porque não permaneceu excelente?Ao final qdo do fechamento do hotel, um dia antes queria fechar o consumo no quarto porque queria está tudo quite para na manhã seguinte partir para minha cidade e aí a pessoa a qual nos atendeu falou que não seria  possível, bem como não foi possível na manhã de minha saída. Solicitei aquela pessoa o fechamento porque apenas iria tomar café da manhã e partir em seguida, mas não foi possível o fechamento. Essa parte creio que ficou a desejar. Estou sendo sincero e não exigente. Tudo isso faz parte de um bom relacionamento cliente hotel. Obrigado abraço",10,2025-09-28 17:29:53+00,1
"Eu e Maurício (apto 407), gostamos muito do NADAI. Excelente recepção e acolhimento, colaboradores solidários e muito simpáticos. A comida é excelente. A dica do Chef é espetacular!
Gostaríamos de elogiar em particular a Marwa, da recepção do restaurante, e o garçom Miquéas
Daniel!",10,2025-09-29 01:41:11+00,1
Hotel maravilhoso atendimento muito eficiente hotel todo climatizado super recomendo!!!,10,2025-09-29 14:56:28+00,1
"Serviço de limpeza deixou a desejar.

Tive que insistir para trocar as toalhas do quarto.

Outro ponto que incomodou para bastante foi o Serviço extra de decoração. O serviço prestado foi bem diferente do anunciado",6,2025-09-29 17:13:35+00,0
"Lugar incrível e com uma localização ótima. Ambiente completo e acolhedor. Restaurante com café ao jantar impecável. Com certeza um dos meus lugares favoritos. Porém nessa última estadia teve dois pontos negativos, sendo o primeiro a questão de limpeza de quarto, onde saímos pela manhã.minha mae e eu e retornamos as 15 horas da tarde e o quarto estava da mesma forma. Estávamos cansados e deitados dos passeios e as 15:30 chegou o serviço de quarto perguntando se a gente queria, onde naquele momento não precisava mais, pois já estávamos deitados e apenas trocamos as toalhas. Outro ponto foi o estacionamento que para um local com valor alto já poderia incluir o estacionamento, mais no check-out fui surpreendido com.o valor de 30 reais a diária do estacionamento. Tirando esses dois pontos o resto da estadia foi impecável.",10,2025-09-29 17:16:40+00,1
"Foi tudo excelente. Adoramos, não vemos a hr de poder voltar.",10,2025-09-29 17:25:11+00,1
Lugar limpo aconchegante atendeu nossas expectativas!,10,2025-09-29 17:27:21+00,1
Hotel muito bem decorado e de muito bom gosto!,10,2025-09-29 17:36:44+00,1
 Boa  Sem palavras,8,2025-09-29 22:42:00+00,1
Muito boa a hospedagem e o atendimento,8,2025-09-30 16:02:55+00,1
"Tivemos uma otima estadia, todos muito educados, solicitos, ameei e super recomendo, cafe da manhã incrível!!!",10,2025-09-30 21:24:52+00,1
Excelente,10,2025-10-01 20:19:13+00,1
"Everything was perfect.Rooms were clean,bed was huge,personel was helpful and breakfast was excellent.Also the price is very reasonable.",10,2025-10-01 21:06:04+00,1
"Excelente atendimiento, maravillosa experiencia. Muy agradecidos",10,2025-10-02 16:27:47+00,1
"O quarto é bom, mas a limpeza do banheiro deixou muito a desejar",6,2025-10-02 17:03:48+00,0
"Todo o staff é atencioso, simpático e solícito. Equipe nota 10.",10,2025-10-02 20:32:29+00,1
Hotel maravilhoso levo grupos a mais de 25 anos. Todos muito amáveis atendimento especial sempre. Com certeza recomendo.,10,2025-10-02 22:01:34+00,1
"Me hospedei durante 4 diárias, tenho pontos positivos e negativos:

Positivos:
- os quartos são bons, tem um colchão mais mole, mas aí de gosto pessoal
- o chuveiro é excelente.
- pode realizar trocas de toalhas, visto que como não tem secar eles vão renovando para ter toalhas secas no quarto.
- o café da manhã é bem variado, e tem um cuidado com pessoas que possuem dieta ou intolerância à lactose, não é meu caso, mas achei cuidadoso.
- o atendimento dos funcionários muito atenciosos.
- a estrutura do hotel é muito boa, tudo novo e bem cuidado.
- a localização é excelente,

Negativos:
- tive problema com a internet da televisão do quarto, por duas vezes me falaram que iriam resolver e me ligar, esperei durante dois dias e não tive retorno, acabei deixando para lá.
- Talvez por um gosto pessoal não gosto tanto da comida do restaurante, pra mim ela falta um pouco mais de tempero, Pra quem gosta de comida suaves vai gostar mais.

Dicas:
- Se programe com o horário do check-in pois nem sempre será possível a liberação do quarto de maneira anterior.
- Peça um quarto que não esteja próximo dos ar-condicionado da piscina e nem virado pra rua, dessa forma você tem um quarto mais silencioso, eu peguei essa dica aqui é verdade.
- Que dica mais que eu dou

Voltaria a me hospedar, os pontos positivos compensam bem.",8,2025-10-03 17:11:43+00,1
"Estive hospedada semana passada no Nadai, fiquei no quarto que dá para a rua, toda noite acordei com barulho de racha de carros, de moto, não dormi bem nenhuma noite, fui pedir shampo e condicionador para repor, e me disseram estar em falta! Tirando essa parte a estrutura do hotel é muito boa e bonita, o café da manhã excelente!",2,2025-10-04 10:35:09+00,-1
"Olá Nossa estadia foi boa, mas poderia ser melhor. Logo no segundo dia tivemos que mudar de quarto (havia uma barata) Pensamos que, devido ao inconveniente, deveríamos ir para um quarto melhor. O que ocorreu foi o contrário fomos para um quarto pior, parecia mais velho e mais mal cuidado. O que seria normal numa situação destas seria oferecer melhores acomodações e limpas. Nao foi o que ocorreu.Vide foto.",4,2025-10-05 17:19:16+00,-1
"Excelente la atención, el personal, las habitaciones y la comida. 100% recomendable.",10,2025-10-05 18:12:38+00,1
"Foi excepcional, adorei toda a equipe do hotel, especialmente a Marwa, que nos recepcionou com tanta gentileza no café da manhã. Obrigada a todos.",10,2025-10-06 10:40:20+00,1
Tudooooo muitoooo ótimo como sempre! Todos de parabéns!! Obrigado novamente.,10,2025-10-06 17:07:13+00,1
"Pasamos una excelente estadía con la familia, fueron muy atentos todos, buen servicio, limpieza y habitaciones muy cómodas (habría que revisar el aa/aa que hacía bastante ruido molesto). Volveremos en otra oportunidad. Gracias!",10,2025-10-06 20:41:22+00,1
"Hotel muito confortável, ótimo atendimento, café da manhã delicioso com várias opções. A piscina é muito gostosa, e os petiscos e drinks oferecidos também. Cama confortável e chuveiro com boa pressão e controle de temperatura. Gostamos muito de passar as férias neste hotel.",10,2025-10-07 10:03:16+00,1
"Hotel maravilhoso com acomodações, serviços e café da manhã de primeira.
Logo quero voltar.",10,2025-10-07 17:30:12+00,1
"Pedi uma entrega de pratos e talheres no serviço de quarto de hotel e me falaram que eu deveria ir buscar no restaurante, quando cheguei ao restaurante, estava vazio e os funcionarios conversando e rindo.
Quarto bem ruim também",4,2025-10-07 18:36:01+00,-1
"Ótima, funcionários educados, preparados para ofecer bom atendimento, espaços e ambientes aconchegantes que oferecem aos clientes momentos de bem-estar e integração.",10,2025-10-07 18:42:12+00,1
"Muito bom , porém a cama no AP 222 não estava como a das outras pessoas que estavam com nosso grupo, a cama era king
Restante tudo ok!
Pessoal muito prestativo, lugar top.
Parabéns",10,2025-10-07 19:53:07+00,1
"Tivemos uma experiência fantástica nesse hotel, da entrada a saída fomos muito bem recebido por seus funcionários

Café da manhã e jantar na sugestão do chefe perfeitos!",8,2025-10-08 17:38:19+00,1
"Quarto precisa de tomadas !!!
2 tomadas e longe da cama.",8,2025-10-08 22:58:58+00,1
" L’accueil, le confort de la chambre, le pdj  Bruit dans le couloir, un peu centré",9,2025-10-09 01:59:12+00,1
"Tivemos uma adorável estadia!!!
Ambiente confortável, limpo, acolhedor e aconchegante. Lazer impecável, academia, spa e piscinas aquecidas. Os funcionários são prestativos e atenciosos. O restaurante do Hotel também nos agradou bastante!",10,2025-10-09 17:39:22+00,1
"Não gostei da falta de transparência nos valores dos serviços nem vou detalhar,e na hora de pagar perguntei se dividia o rapaz disse em 4 vezes então uma conta de 844,00 subiu para quase 1 mil reais ele não falou que tinha juros absurdo isso.",8,2025-10-10 17:07:24+00,1
 Localização  Café da manhã variedades mais não tem qualidade os pães bolos não muito ruim mesmo,5,2025-10-10 19:35:47+00,0
 Localização  Café da manhã a limpeza os pães e bolos de pecima qualidade,2,2025-10-10 19:37:02+00,-1
"Bien placé, personnels sympathiques et efficace , piscine chauffée, chambre confortable située à l'arrière donc calme,buffet copieux, bon hôtel, je recommande.",10,2025-10-10 20:36:06+00,1
 Foi bom  Barulho,7,2025-10-11 11:49:47+00,0
O hotel tem ótima estrutura e funcionários super simpáticos mas a limpeza deixou muito a desejar.,8,2025-10-11 15:40:23+00,1
"Nota 10 desde da chegada até a saída, funcionários super educados, excelente café da  manhã,.",10,2025-10-11 17:17:18+00,1
"Hotel muito bom, recomendarei",10,2025-10-11 17:52:21+00,1
"Excelente,  amamos a recepção e tudo mais.",10,2025-10-11 23:24:09+00,1
"Funcionários solicitos, limpo,mas muito barulho , andar de cima parecia que tinha uma festa de tanto barulho , o elevador quebrou conosco dentro e um casal de ingleses que não falava uma palavra em português, pude ajudar acalmando ambos, arrumaram rápido e saímos , mas eu me hospedaria lá novamente 🙏",6,2025-10-12 00:00:00+00,0
Excelente hotel! Local muito agradável e o serviço com o pessoal muito simpático! Recomendo!,10,2025-10-12 13:51:19+00,1
"Excelente,  muito bom serviço",10,2025-10-12 17:05:58+00,1
Muito boa experiência.,10,2025-10-12 17:24:40+00,1
Colaboradores muito simpáticos e prestativos!,10,2025-10-12 17:31:12+00,1
Ótimo hotel… só tenho a elogiar.. os funcionários super competentes e educados .. comidas deliciosas… caso volte a cidade certeza me hospedar aí novamente..,10,2025-10-12 17:54:43+00,1
 pool,9,2025-10-13 04:17:17+00,1
"Ótimo Hotel, café da manhã excelente, receptivo e restaurante muito bons.
Tive problema com substituição de toalhas e sabonete no quarto.",8,2025-10-13 13:14:04+00,1
"O hotel é extremamente confortável, bem localizado e proporciona uma experiência incrível. Todos os funcionários são muito educados e atenciosos. Recomendo com satisfação!",10,2025-10-13 17:03:45+00,1
"O hotel é bacana. Quartos confortáveis e limpos.
Peca no serviço do restaurante. Café da manhã até é bom, mas o jantar, impossível. Mesmo tendo pago nossa estadia na lógica de meia pensão, optamos por perder o valor e comer fora todos os demais dias após o primeiro.",8,2025-10-13 17:04:41+00,1
"Gostamos muito do hotel, funcionários gentis e atenciosos,café da manhã maravilhoso,localização excelente.
Quartos família poderia ser maior.
Agradecemos!!!",8,2025-10-14 17:11:18+00,1
"Desde o check in ao checkout out, vivenciamos uma experiência impecável neste hotel que nos recebeu com tanto carinho.
Minha gratidão é imensa por toda a equipe, cuja atenção e gentileza tornaram nossa estadia ainda mais especial. Obrigada pelo comprometimento e profissionalismo.

Em especial, quero reconhecer o talento da colaboradora Marwa, cuja simpatia e dedicação transformam qualquer atendimento em algo memorável. Ela tem o dom de fazer com que todos se sintam acolhidos e confortáveis, prova viva de que o primeiro contato realmente faz toda a diferença.

Seu profissionalismo aliado à cordialidade cria um clima agradável e inspirador, deixando uma marca positiva em cada hóspede que tem o privilégio de ser atendido por ela.

Todos estão de parabéns! 👏👏👏👏👏",10,2025-10-14 20:09:10+00,1
"Pela segunda vez a Experiência foi muito boa, o acolhimento excelente, as refeições tbm deliciosas, o atendimento tbm ...
Em especial a recepcionista do restaurante a Marwa.. gratidão!!! Até uma outra oportunidade!!",10,2025-10-15 11:23:04+00,1
"El hotel es muy bonito, limpio, buen desayuno y el personal muy amable",10,2025-10-17 19:07:07+00,1
"Ótimo hotel, funcionários educados e gentis",8,2025-10-18 19:04:34+00,1
"Experiência muito boa.
Hotel bem receptivo.
Supriu todas as minhas necessidades.
Amei.",10,2025-10-19 17:21:27+00,1
"Ótima localização, muito educados todos os funcionários, quarto impecável.... O melhor café da manhã que tomei!!!!",10,2025-10-19 19:11:53+00,1
" Da hidromassagem!  A limpeza do quarto deixou a desejar, tive que pedir 2 dias seguidos para limparem um punhado de cabelo que já estava na parede do banheiro!
Só no terceiro dia q limparam, fiquei com um pouco de nojo...",8,2025-10-20 12:48:24+00,1
"Sensacional.., hotel Top !",10,2025-10-20 14:06:19+00,1
"Hotel é bom no geral, mas essa “experiência” de spa eu particularmente não vi.

Usamos o spa que tem no hotel (terceirizado) e achei bom. Mas vários hotéis tem então não acho que seja diferencial.

Não vi os tais chás, piscina com música alta que não dava nem pra ler um livro, não tinha nada dos amenities que postam aqui. Piscina gelada, não tinha como entrar. Toalhas gastas e duras.

Me incomodou muito o banheiro com rejuntes e encardidos, o chuveiro era bom mas dava um certo nojinho de entrar no box.

Cafe da manhã igual todos os dias, inclusive dava pra ver que os bolos era sobra do dia anterior, suco com gosto de nada, não tinha nenhuma geleia natural.

Atendimento dos funcionários ok.",6,2025-10-20 17:27:18+00,0
"Cama confortável e cafe da manha bem diversificado. Fiquei duas noites e todo o atendimento foi muito bom, e a qualidade dos quartos também estavam ótimos.",10,2025-10-21 00:00:00+00,1
Muito aconchegante e bem localizado,10,2025-10-21 01:05:20+00,1
"Já é minha 2° estadia. Mesmo sendo moradora de Foz, é definitivamente uma ótima escolha de hotel para uma ""escapada da rotina"".
Café da manhã com muita variedade, atendimento ótimo (todos muito simpáticos e cordiais), piscina de tamanho ótimo (no dia mais frio estava aquecida) as jacuzzis >> tudo perfeito! Única ressalva: meu esposo gosta muito de sala de jogos, é uma pena que o hotel não possua uma.",10,2025-10-21 17:06:25+00,1
"Muito boa... Uma estrutura excelente serviço ao cliente de muita qualidade.

Parabéns 👏",10,2025-10-21 18:04:16+00,1
Limpíssimo!!!,6,2025-10-21 22:51:55+00,0
"Estrutura impecável, quartos limpos e cheirosos. Atendimento excelente, no último dia nosso secador parou de funcionar e prontamente enviaram um técnico para resolver. Café da manhã com uma diversidade imensa. O que deixou a desejar um pouquinho foi a pizza que pedimos à noite, parecia pizza de mercado, acho que daria para melhorar nesse ponto. Mas tirando isso, tudo impecável.",10,2025-10-23 10:54:08+00,1
"Excelente Hotel . Super indico !
Instalações novas , localização excelente , café da manhã delicioso e funcionários muito atenciosos
Só o cartão para abrir a porta que toda hora descarregada
Mas a estadia foi top !",10,2025-10-23 17:11:04+00,1
"Segunda vez que  me hospedo aí, tudo muito perfeito,  vcs estão de parabéns",10,2025-10-23 21:32:23+00,1
"Excelente atención del personal, (amables y cordiales) además un buffet con mucho personal personal y rica comida - nosotros teníamos media pensión y valió la pena . La pileta está climatizada y tiene 2 jacuzzi con bar afuera . La recepción está 24 /7  y si los llamas tardan 5 minutos en llevarte lo que necesites. Realmente muy recomendable",10,2025-10-25 07:53:00+00,1
"Achei serviço muito burocrático. Para ir tomar café por exemplo, precisa validar o cartão que demora um tempão. Chopp na piscina poderia estar mais gelado, Foz é quente, se eu quero servir bem quem está na piscina eu ofereceria chopp extremamente gelado mas estava ""meia boca"". Fui emprestar um saca rolha para tomar um vinho e fui informado pela gerente ou sei lá quem que não era possível, todavia a funcionária me emprestou o dela particular, grande gentileza dela e o cumulo do ridículo do serviço do hotel. Minha sensação final era que o hotel estava me fazendo um favor de me hospedar lá. Pretendo não voltar enquanto não humanizar o atendimento.",8,2025-10-25 17:12:06+00,1
Cafe maravilhoso e ambiente super aconchegante,10,2025-10-26 00:00:00+00,1
"Excelente hotel, tem copa baby. Só achei a cama meio desconfortável e barulhenta. 
Equipe de recepção muito atenciosa e prestativa!",10,2025-10-26 00:00:00+00,1
" Café da manhã e localização  Internet
Utensílios do banheiro",7,2025-10-26 04:12:56+00,0
Atendimento maravilhoso,10,2025-10-26 11:10:53+00,1
"As pessoas são receptivas, a piscina e incrível com água aquecida. Cama muito boa, café da manhã perfeito. O que mais uma pessoa quer? :)",10,2025-10-27 20:47:49+00,1
" Adoramos a arrumação do quarto. Daniela é uma camareira sensacional, nota 10  Quarto é pequeno pra 3 pessoas. Piso frio. Cobertor!!! Foi lavado? Edredon com capa seria mais higiênico! Piscina com muitos insetos boiando…
DIA 26 fomos maltratadas por um funcionário que passava pelo corredor. Abri a porta descalça e o jovem com a camiseta polo do hotel passava por ali. Pedi mais uns sabonetes pq estávamos em 3 mulheres. A resposta dele foi: “ não sou camareira”. Ficamos em choque e desmoronou nosso primeiro dia de férias.",7,2025-10-28 17:49:42+00,0
 O atendimento gentil e simpático dos funcionários  Tudo legal,10,2025-10-29 00:02:41+00,1
"Estrutura maravilhosa.
Atendimento excelente.
Colaboradores atenciosos.",10,2025-10-29 00:34:11+00,1
 Bon rapport qualité prix.  La restauration du soir.,8,2025-10-29 02:07:42+00,1
" עיצוב יפה, ארוחת בוקר עשירה, ג׳קוזי, בריכה, צוות מאוד שירותי  הכיור היה מלוכלך בחדר היה מלוכלך, הג׳קוזי לא היה חם.",9,2025-10-29 11:44:40+00,1
"Personal muy amable,  instalaciones impecables",8,2025-10-29 17:39:59+00,1
"Excelente estadía. Compartimos en familia 4 días en el hotel. El servicio de desayuno y cena de 10. Muy rico todo. Las personas que trabajan en el hotel son muy serviciales, amables y agradables. La piscina y bar exterior excelentes también.
Muy RECOMENDABLE.
Volvería otra vez",10,2025-10-29 21:17:23+00,1
" Amazing hotel, location, and staff. Top notch stay!  Nothing. Everything was great!",10,2025-10-30 00:15:26+00,1
 La ubicación y la comodidad,9,2025-10-30 00:26:51+00,1
"A experiência foi boa, o hotel é muito bem localizado, possibilitando ir a supermercados e restaurantes a pé, o quarto e simples e o serviço de limpeza de quarto deixa a desejar, fiquei 6 dias e usei as mesmas toalhas e roupa de cama, achei estranho,  em outros hotéis que fiquei era trocado as roupas de banho e cama a cada dois dias pelo menos, não foi fornecido shampoo e o que tinha disponível no quarto acabou em 3 dias, as toalhas são bem duras e ressecadas nao senti nada próximo ao SPA que expõem nas propagandas, não tem roupão, tem um serviço de massagem terceirizado e lá tem roupão, mas tem que ser usado só no momento da massagem, o banheiro e meio sujinho, o chuveiro não tem muita pressão e é difícil achar uma temperatura agradável, se abrir a torneira do banheiro a pressão do chuveiro diminui o vaso sanitário estava com problemas, tinha que levantar a tampa da caixa para encaixar e ele encher, a limpeza do banheiro e quarto como um todo era superficial. A área da piscina é boa, sempre via o pessoal lavar de verdade os ofurôs de manhã e limpar as piscina, as piscinas estavam aquecidas nos dias que passei no hotel, achei boa as piscinas só o som que estava alto e os ofurôs era fraquinho não senti uma massagem como já tive em outros ofurôs.",6,2025-10-30 16:36:32+00,0
Encantados de haber elegido el NADAI para visitar las Cataratas,10,2025-10-30 18:25:54+00,1
"Um hotel com quartos tão bons mais um Wi-Fi que falha muito, academia com muito pouco aparelhos de treino, hoje em dia que muitas pessoas se conscientizaram da importância da atividade física alguns hotéis não pensaram nisso e por último não tinha um bebedouro em lugar nenhum, induzindo a compra de garrafinha de água, no mais o hotel é bom.",6,2025-10-30 23:11:16+00,0
"Excelente hotel, indico de olhos fechados, ótima localização, lazer perfeito, equipe maravilhosa, simpática e muito bem treinada, restaurante e piscina maravilhosos, só elogios para esse hotel!",10,2025-11-02 00:00:00+00,1
Hotel ótimo,10,2025-11-02 17:01:21+00,1
" Limpeza do quarto e o café da manhã.  A.comunicação foi praticamente inexistente. Não recebemos a senha do Wi-Fi, dos horários do café da manhã e dos serviços em geral, da piscina (sequer sabíamos que era aquecida, nem aproveitamos, pois estava uma temperatura baixa). Como nenhuma informação nos foi dada no check-in, imaginamos que todas estariam em algum card no quarto. Mas não havia! Foi preciso telefonar para portaria ou descer para obter as informações. Também não conseguimos pedir.serviço de quarto, a ligação não era atendida. Foi preciso descer para pedir lanche. Ou seja, deixou a desejar. Não valeu o custo-benefício.",5,2025-11-02 22:26:46+00,0
Everything is fine.,10,2025-11-03 00:00:00+00,1
"Temiz, bakımlı, konforlu, merkezi konumda. Personel son derece ilgili ve güler yüzlü. (Şelale gezimizde ayakkabılarımız sırılsıklam ıslandı. Resepsiyonda görevli Atson Diaz kurutma için yardımcı oldu. Kolay kuruması için bağcıkları çözüp vermiştik. Kurutmadan sonra bağcıklarını da tekrar takıp göndermişlerdi.)
Konaklamamızdan çok memnun kaldık. Teşekkür ederiz.",10,2025-11-03 01:58:49+00,1
Café da manhã tem muitas variedades. O hotel fica em fácil acesso e seguro.,8,2025-11-04 15:26:25+00,1
 Bem confortável  Não tenho ponto negativo para falar,8,2025-11-05 00:09:18+00,1
"Segunda vez que me hospedo nesse hotel, gosto muito, atendimento muito bom, quarto excelente, ótima localização e um café da manhã com muita variedade, a piscina é um plus que é muito boa, sempre que vou pra foz fico no nadai e continuarei ficando.",10,2025-11-05 09:32:28+00,1
"um ótimo lugar para ficar hospedado, voltaria me hospedar com certeza",8,2025-11-05 20:52:49+00,1
" Café da manhã muito bom e limpeza adequada.  Quarto com muito barulho externo e com vista para um telhado, colchão muito mole, chuveiro com pouca pressão e o atendimento no check-in péssimo, somente uma tomada no quarto.",6,2025-11-06 12:16:23+00,0
"Ótimo atendimento, equipe simpática e solícita.",10,2025-11-07 02:23:15+00,1
"Gostaria de elogiar os excelentes serviços durante nossa estadia no Hotel Naday. Desde a recepção na chegada, tudo foi impecável — quarto limpo e bem organizado, café da manhã delicioso, funcionários muito atenciosos e prestativos. Utilizamos várias dependências do hotel, como a academia, piscina e serviço de quarto, e tudo estava sempre limpo e bem cuidado. Enfim, o Hotel Naday superou nossas expectativas. Super indico!",10,2025-11-07 19:04:27+00,1
 Gute Frühstückauswahl mit frischen Säften und frischen Früchten.,7,2025-11-08 01:50:21+00,0
" Excelente localização , pequeno e confortável , o café da manhã é excepcional , funcionários atenciosos e educados. Piscina aquecida é um diferencial .  Gostei de tudo",9,2025-11-08 10:04:20+00,1
Excelente,10,2025-11-08 20:07:08+00,1
Muito bom hotel. Ótima localização.,10,2025-11-08 20:14:31+00,1
"O quarto por ser desiguinado Luxo, esperávamos um pouco mais. Todavia, a estadia de 5 dias e 4 noites foi maravilhosa. O atendimento da equipe foi excelente!! O ambiente é maravilhoso. Projeto incrível. Localização bem no centro da cidade. Próximo de tudo. Amamos o Nadai!! Voltaríamos lá com toda certeza. Moraria la até. O restaurante... o café da manhã... divino!!",10,2025-11-09 06:14:35+00,1
Aconchegante,8,2025-11-09 11:53:42+00,1
" La piscine chauffée est géniale. La salle de sport est top.  Le personnel n’est pas si aimable / attentionné. Ex : au repas le soir (que je ne vous recommande pas), le personnel nous ignorait et nous avons obtenus nos boissons après plusieurs assiettes au buffet…",8,2025-11-09 20:34:25+00,1
"Gostaria de registrar elogio  para  a colaboradora  Marwa  na recepção  do café  da manhã,  que foi muito gentil e atenciosa  com nós .
Hóspedes,  Eldyr e Lindomar Neitzke.",10,2025-11-10 00:06:01+00,1
" beautiful, clean and cozy!",10,2025-11-10 12:58:40+00,1
"Ótima, equipe extremamente atenciosos e educados. Lugar, lindo, limpo e muito agradável.",10,2025-11-10 18:02:05+00,1
"Hotel excelente, confortavel, limpo, café da manhã maravilhoso, funcionários extremamente educados. Sem defeitos. Parabéns aos administradores por terem conseguido uma equipe tão boa, e especialmente à equipe também.",10,2025-11-11 00:00:00+00,1
Bo.,10,2025-11-11 19:17:41+00,1
 Everything top!,10,2025-11-12 08:59:18+00,1
"Excelente.
Atendimento recepção  e o atendimento da Srra. Marwa foi é excelente.",10,2025-11-12 17:14:53+00,1
" Hotel bonito, área de lazer bacana. O quarto
Poderia ser maior um pouco. Gostamos muito da limpeza, do café da manhã e ainda ofereceram um bercinho pro meu bebê.",9,2025-11-13 01:42:45+00,1
Lugar Idea para levar sua família para semana de lazer  venha aproveitar conforto e qualidade,10,2025-11-13 17:37:36+00,1
Horrível.,4,2025-11-13 21:51:43+00,-1
Breakfast with great variety of food. Clean room. Great staff,10,2025-11-15 00:00:00+00,1
Muito ótimo recomendo muito,10,2025-11-15 11:14:06+00,1
 O espaço e a infraestrutura  Nada me desagradou,10,2025-11-15 16:41:11+00,1
Excelente hospedagem em Foz.,10,2025-11-15 17:20:14+00,1
"O hotel oferece um ambiente muito agradável, com serviços de qualidade e prezando pelo bem estar. Como fui a turismo, e sem carro, ficou distante dos pontos turísticos. Mas com certeza voltaria a me hospedar no Nadai.",10,2025-11-15 17:32:22+00,1
"Quarto maravilhoso, café da manhã incrível, bem localizado, adorei!",10,2025-11-16 17:44:03+00,1
"Amei o Hotel
Funcionarios altamente educados
Quero voltar !!!!!",10,2025-11-16 18:01:38+00,1
"Tudo perfeito, agradeço a hospitalidade de todos que nos atenderam, muito obrigado e que Deus os abençoe sempre 🙏🏻🙏🏻🙏🏻👏🏻👏🏻👏🏻😃😃😃",10,2025-11-16 19:23:13+00,1
 O ambiente aconchegante e os funcionários simpáticos,9,2025-11-16 22:37:35+00,1
Quarto limpo e silencioso.,10,2025-11-17 00:00:00+00,1
" 4성급이라 그런지 아침식사는 좋았습니다. 그리고 버스터미널과 도보 10분거리라 어디든 쉽게 갈수 있었습니다.
근처에 쇼핑몰도 있어 비가 올땐 시간 보내기 좋았습니다.
그리고 석식을 신청했는데 친절한 직원들의 요리지원이 괜찮았습니다.
밤에는 수영장에서 수영도 하고 와이프와 즐거운 시간을 보냈네요  수영장의 외부 Pool의 크가가 적어 다른사람들이 사용시에는 들어가기각 곤란했으며,
오랬동안 사용하요 물의 이물질이 많이 있어 잠깐 사용하였습니다. 연속적인 필터링이 필요한듯 쉽어요",10,2025-11-17 14:53:26+00,1
"Nossa hospedagem no Nadai Confort Hotel & Spa foi excelente. O quarto era confortável, bem cuidado e proporcionou uma estadia tranquila. Todos os atendentes foram extremamente educados e prestativos, sempre dispostos a ajudar com cordialidade.

A piscina aquecida é um destaque à parte: ambiente agradável, limpo e ideal para relaxar. O atendimento no bar da piscina também merece elogios — equipe atenciosa, educada e sempre pronta para oferecer um ótimo serviço.

O café da manhã surpreendeu pela variedade e pela qualidade dos alimentos, sempre frescos e bem preparados.

Recomendamos o Nadai Confort Hotel & Spa para quem busca conforto, bom atendimento e uma experiência acolhedora em Foz do Iguaçu.",10,2025-11-17 17:37:10+00,1
"Um ótimo lugar! O único ponto negativo da nossa experiência foi em relação ao almoço e ao jantar: preços elevados e poucas opções disponíveis. O menu à la carte parece ter sido estruturado para direcionar o cliente ao buffet, que, na minha visão, não compensa. Dá a impressão de que isso foi feito de propósito. Neste caso preferiamos comer fora, além de ser mais barato, as opções eram melhores.",8,2025-11-17 17:52:56+00,1
Uma ótima estadia,10,2025-11-17 17:59:12+00,1
" Acomodação muito boa e área de piscina excelente,  com água quente,  bar muito agradável e atendimento profissional!",9,2025-11-18 20:50:27+00,1
"Hotel muito bom, quartos confortáveis (pena que o ar condicionado não estava esfriando bem), boa localização.
Só não dou 5 estrela por que de todos os hoteis que fiquei esse é o primeiro a cobrar estacionamento, e também a cerveja 14 reais uma lata ai força a amizade, sendo que o hotel A1 ai do lado lata de cerveja é 7 reais..",8,2025-11-19 00:35:24+00,1
"Experiência inesquecível! Hotel limpo, elegante, com colaboradores atenciosos e proativos. Quero retornar com certeza. Recomendo 100%",10,2025-11-19 17:42:30+00,1
"Hôtel bien placé pour aller aux chutes, côte brésilien comme côté argentin.
Pas grand chose à faire dans la ville.
L’hôtel est propre, le personnel très aimable et « aux petits soins ». Literie confortable. La terrasse avec piscine est très agréable le soir.
Je recommande.",10,2025-11-19 19:10:40+00,1
Paguei por quarto de luxo nem internet tinha,4,2025-11-20 12:46:53+00,-1
"Amplias habitaciones con TV. Muy buen  desayuno, variado, incluye champán y panal de miel. Hermosa piscina. Buena elección del menu  de tres pasos en la cena. Estacionamiento cubierto y descubierto. Excelente atención del personal!",10,2025-11-20 16:21:19+00,1
"Recepção e atendimento cordial, atencioso e cuidadoso por parte dos colaboradores. Ambiente harmonioso e agradável  das áreas  comuns lobby, piscina, restaurante.",8,2025-11-20 21:36:25+00,1
"Quantos amplos,  espaçosos,  climatizados, camas quem, com smart tv, cofre e frigobar. Estacionamento coberto, piscina aquecida e spa.
Restaurante para café da manhã,  almoço e jantar, business center e bistro.
Ótima localização na região central de Foz.
Excelente atendimento por toda a equipe na recepção.",10,2025-11-20 22:24:06+00,1
"Simplesmente maravilhoso, café, quarto, instalações no geral, tudo muito limpo e agradavel, amei a experiencia e pretendemos voltar, estão de parabéns.",10,2025-11-21 00:00:00+00,1
"O hall de entrada é bonito,  elegante,  os quartos são funcionais, mas nada de especial.  Quanto aos serviços,  os funcionários que ajudam com as malas são extremamente gentis,  educados e solícitos,  em compensação a recepção parece que estão te fazendo um favor, pouco simpáticos e receptivos,  pouco interessados em orientar sobre o hotel, bem desinteressados. Na chegada, me senti desconfortável com a animosidade, e no restante dos dias não foi muito diferente. Quanto a higiene dos quartos, é satisfatória mas pode melhorar, registro de água do chuveiro solto, quase feriu minha mãe, toalhas muito ásperas e a roupa de cama não trocada nos 5 dias em que permaneci, as camareiras pouco gentis,  uma delas até um pouco hostil. Senti falta do clima de spa.",6,2025-11-21 02:19:30+00,0
"Ótimo hotel, perto do shopping e café da manhã muito gostoso",8,2025-11-21 10:44:41+00,1
quarto nota 8,10,2025-11-21 17:02:58+00,1
" Um bom hotel
Boa acomodação  No começo colocavam pouco sabonete, tinha q ficar solicitando mais, mas após solicitar o justo enviaram a quantidade satisfatória",8,2025-11-23 01:05:48+00,1
"Excepcional serviço de buffet a la carte e café da manhã
Atendentes muito educados e solícitos
Quarto podia melhorar principalmente manutenção dos banheiros apenas Azulejos",8,2025-11-23 17:05:59+00,1
"Hotel confortável , equipe atenciosa , otimo café da manha e estrutura nova e bem cuidada.",10,2025-11-24 17:06:00+00,1
 Todo,7,2025-11-24 23:11:49+00,0
as comodidades e o atendimento,10,2025-11-25 00:00:00+00,1
 O buffet do café da manhã estava maravilhoso!,10,2025-11-25 00:12:24+00,1
Local muito agradável e acolhedor ... Toda a equipe simpática e prestativa ...vale muito a pena ir e desfrutar de tudo que é oferecido,10,2025-11-25 17:09:22+00,1
Recepção excepcional. Quartos confortáveis.,10,2025-11-26 01:49:16+00,1
"Foi muito boa, gostei muito do espaço   , voltaria com certeza",10,2025-11-27 17:15:48+00,1
Encantadora,10,2025-11-27 18:07:49+00,1
"Big spacious room, nice breakfast options, good central location. Room furnishings are a bit tired and outdated but still comfortable enough.",8,2025-11-27 20:43:45+00,1
" Central location, nice breakfast selection, comfortable bed.  A bit outdated with the design and furnishings. Cleanliness in the bathroom/shower could be improved.",8,2025-11-28 13:35:34+00,1
" Quarto confortável, boa academia e a piscina térmica é um ""plus"".  Comida do restaurante deixa muito a desejar, não aconselho almoçar ou jantar; hall e área térrea tem ar condicionado exageradamente frio...",8,2025-11-28 14:51:39+00,1
Boa Estrutura e bom atendimento.,10,2025-11-28 18:18:52+00,1
" Un hôtel très agréable. Le petit déjeuner est parfait et un vrai délice de plusieurs choix : top. Les chambres sont très confortables et la piscine un vrai bonheur surtout de nuit c est un plaisir, et en plus chauffée… même si pour le coup une piscine fraîche quand il fait 30 degrés serait bien aussi.",10,2025-11-29 01:54:10+00,1
"O hotel é excelente, com otimos funcionarios, muito atenciosos. A unica critica fica por conta de quando se fecha o quarto com jantar incluso, onde nem todos os dias tem buffet, ai vc fica restrito a escolher entre 2 pratos preparados pelo hotel, e isso nao foi avisado no momento de fechar o quarto.",8,2025-11-29 17:07:24+00,1
" Limpo moderno e agradável, excelente cafe da manhã  A comida a la carte nao é saborosa",10,2025-11-29 17:33:27+00,1
"Minha experiência com minha família foi ótima, tudo perfeito voltaria com certeza, melhor custo beneficio, localização, pessoal qualificado, estão se adequando p pets , espero q a próxima vez q for façam um espaço p almoço e jantares com presença deles  fácil de resolver, de nada adianta  leva um pet e ter q deixa lo no quarto , muito obrigado até próxima",10,2025-11-29 23:12:03+00,1
" really nice hotel. clean and comfortable and with a really good breakfast. the pool area was also really pleasant! better then expected for sure. 
Also had dinner one night and the buffet was very tasty and diverse.",9,2025-12-01 11:28:45+00,1
" Čistota,pomer cena/kvalita,blízko autobusovej stanice",9,2025-12-01 12:00:27+00,1
 Tudo  Ar condicionado muito fraco,8,2025-12-02 16:25:45+00,1
"Maravilhoso!  Atendimento de primeira. Pena que quase não usufruí  devido as idas e vindas as compras no  Paraguai.
Pretendo voltar com mais tempo.  Mesmo assim valeu a pena.",10,2025-12-03 19:46:50+00,1
Espetacular. Tudo perfeito.,10,2025-12-04 17:08:17+00,1
" La atención del personal, las instalaciones en general, la pisina, y el desayuno completo y variado.  La habitación mas bien viejita, aunque confortable. Además la TV era grande. Lo que me llamó la atención, cuando llegué, percibí que el inodoro no estaba bien limpio. Recién fue limpiado a fondo, luego de tres días.",8,2025-12-06 01:29:28+00,1
"Foi incrivel. Atendendes atenciosos, prestarivos. Hotel super confortavel, quartos limpos , confortaveis e modernos. Area comum maravilhosa, piscina aquecida, delicia com ofuro e hidromassagem tmb. Cafe da manha um luxo, tem de tudo, alem de comida sem lactose. Tem whey protein tem tudo. Maravilhoso. Localizacao otima pertinho de tudo.",10,2025-12-06 17:27:10+00,1
"Atendimento maravilhoso, cafeteira e ambiente espetacular.
Quero elogiar muito a recepcionista do check in ,o Pedro pela atenção com nossas bagagens e a marwa maravilhosa da recepção do café.",10,2025-12-06 21:07:10+00,1
"Super recomendo , ambiente tranquilo , super limpo , funcionários educados  maravilhoso lugar para descansar com a família .",10,2025-12-06 23:02:08+00,1
" La ubicación es perfecta si quieres usar en transporte público y tiene muy buenos restaurantes cerca. 
La variedad y calidad de los alimentos en el desayuno es muy buena  Batalle un poco para que me dieran un box lunch en lugar del desayuno por mi salida al aeropuerto pero se solucionó al final ☺️
La cama del primer cierto que me asignaron no estaba cómoda pero me cambiaron muy amablemente a uno que estuvo perfecto! 💫",9,2025-12-07 01:51:06+00,1
" Hotel com excelente localização, próximo dos principais bares e restaurantes, além de farmácias, conveniências, padarias, postos de combustíveis e bem perto do shopping. Alta gastronomia com grande variedade de pratos, todos muito saborosos. Café da manhã com muita fartura e diversas opções. Funcionários educados e atenciosos. Enfim, foi a escolha certa. Recomendamos demais. Parabéns a todos da equipe do Nadai, especialmente aqueles que contribuíram para que a nossa hospedagem e experiência em Foz do Iguaçu fosse a melhor possível.  Não houve nada que nos desagradou. Gostamos simplesmente de tudo",10,2025-12-07 12:34:50+00,1
"Sempre que vamos à Foz do Iguaçu ficamos nesse hotel.
Ótima localização
Serviço impecável
Funcionários super prestativos
Piscina aquecida incrível
Café da manhã é coisa de cinema",10,2025-12-07 17:42:46+00,1
" La piscina, el desayuno la ubicación muy buena...el personal muy atento..  Como en todos los hoteles sirven desayuno solo hasta las 10hs...",9,2025-12-09 00:03:38+00,1
Muito bom hotel,10,2025-12-09 17:47:55+00,1
"Almoço com as amigas, para celebrar a vida. Comida gostosa, preço justo, ambiente aconchegante. Me surpreendi com o local. Perfeito.",10,2025-12-09 18:49:07+00,1
"Hotel ótimo
Funcionários excelentes
Quartos com ótima qualidade, confortáveis e sempre muito limpos.
Estacionamento se precisar facilitando quem vai de carro.
Tive uma experiência muito positiva pois tive que alterar um quarto e pensei até que não seria possível, mais Graças a Deus e a funcionária Renata que fez um trabalho incrível, consegui, ela sempre me manteve informada da situação e demonstrou muito interesse no meu caso. Gratidão 🙏🏼
Para quem pensa em se hospedar lá, indico muito 👍🏼",10,2025-12-09 21:21:21+00,1
Excelente hotel e atendimento de primeira! Tudo de bom!,10,2025-12-10 18:27:23+00,1
"Quartos - Porta com problema na fechadura e a janela com uma folga na trava que permitia que o barulho da caldeira entrasse no quarto a noite.
Serviço - As camareiras trabalharam perfeitamente, todos os demais funcionário muito atenciosos.
Local - Adequado, contudo eu acredito que deveriam pensar em construir o balcão que faz o check-in na entrada central, pois entrei sem ser notado algumas vezes, creio ser esta uma fragilidade na segurança (Vivemos dias em que pessoas maldosas agem onde menos se espera.",8,2025-12-11 19:37:45+00,1
" Cafe da manha foi maravilhoso e a localizacao ajuda bastante  O predio estava em reforma e o Primeiro andar, no qua me alocaram, estava com cheiro insuportavel de tinta, o que tornou a noite de sono desagradavel. Sem contar com o quarto de cima que Durante a madrugada ficavam correndo de um lado para o outro.",6,2025-12-11 21:34:41+00,0
 Thr oom was clean and spacious. The staff were extremely friendly and helpful  The breakfast was not bad however it was very heavy on the pastries (i think this is the Brazilian style) with limited hot food options.,8,2025-12-12 06:52:10+00,1
" Hotel pequeno mas comfortável, areas comuns bem apeoveitadas e decoradas. Parabéns ao chef, prato  saboroso e muito apresentável.  Limpeza dos quartos. Dias que nao repuseram toalhas e nao recolheram lixo do quarto. Nao repuseram papel higienico. Nenhuma reposivao de shampoo e condicionador. Quarto com janela pra rua barulhento.",6,2025-12-12 12:00:09+00,0
Lugar agradável! Maravilhoso,10,2025-12-15 16:19:45+00,1
" La infraestructura  Estacionamiento pago por separado,  y muy lejos del aeropuerto.",9,2025-12-15 16:54:50+00,1
"lugar super agradável, e todos colaboradores super educados foi ótimo minha experiencia!!!",10,2025-12-15 22:28:21+00,1
Muito boa :),8,2025-12-16 02:13:09+00,1
"Hotel em reforma e todo primeiro andar estava em
Processo de pintura, logo dormir com cheiro da tinta foi a pior experiencia.",6,2025-12-16 09:30:02+00,0
"Sem dúvida, quando for a foz novamente irei me hospedar no Nadai. Hotel muito confortável, funcionários sempre muito solícitos e atenciosos. Café da manhã muito bom com boa variedade. Estrutura comum do hotel fantástica com piscina, academia, sala de jogos. Enfim, com certeza voltarei",10,2025-12-18 17:07:11+00,1
"A infraestrutura do hotel é muito boa. Mas os quartos pequenos. São bons, mas simples. Não tem bons amenities. E ainda por cima, não repõem. Tive que pedir sabonete, por exemplo. E alguns funcionários não são solícitos e nem educados. E nas férias a piscina fica lotada, principalmente de crianças pulando. Ou seja, zero tranquilidade.",2,2025-12-18 21:01:15+00,-1
" Location, amenities, leisure facilities. Excellent room family.  Very simple toilet. And we didn’t like the food from the restaurant for dinner.",8,2025-12-20 01:52:23+00,1
" Equipe incrível! Comida boa, comodidades ótimas!  Serviço de quarto mto demorado, tinham dias que saíamos às 7h, voltávamos às 15:30 e o quarto ainda não tinha sido limpo",9,2025-12-21 00:14:21+00,1
 Alle sehr freundlich. Frühsrück war mega.,10,2025-12-21 18:42:03+00,1
"Excelente estadia, café da manhã maravilhoso",10,2025-12-22 11:58:22+00,1
" O atendimento da recepção, quarto e área de lazer são incríveis! Localização excelente também, tem tudo perto. Pegamos a meia pensão e o jantar tinha bastante e deliciosas opções.  Os doces do café da manhã poderiam ser mais saborosos... Piscina ao fim da tarde já está um pouco suja.",8,2025-12-23 14:36:06+00,1
"Hotel bem localizado, funcionários educados e atenciosos.",10,2025-12-23 17:08:42+00,1
"Local aconchegante com ótima recepção e atendimento geral.
Café da manhã excelente",10,2025-12-23 20:20:57+00,1
Not really suited to non Portuguese or Spanish speaking foreigners.,6,2025-12-24 10:21:45+00,0
"Viemos praticamente todos os anos ao Nadai e percebemos o quanto o hotel evoluiu neste último ano, especialmente no Natal. Funcionários ainda mais preparados, um café da manhã natalino com mais brilho e cuidado, além de um carinho especial com o nosso filho.
A Karin é super atenciosa. É realmente impressionante o quanto o hotel evoluiu neste ano.",10,2025-12-25 13:19:37+00,1
"A experiência no Nadai foi incrível. Super bem localizado, possibilitando curtos trajetos às atrações e acessos a pé. Ambiente tranquilo e bem planejado, pensado para o cliente. Atendimento excelente. O jantar no hotel também é sensacional: durante os sete dias hospedados fomos surpreendidos com um menu muito cuidadoso. A ceia de natal também foi espetacular: o chefe João Santos é encantador, é possível identificar o seu amor pela profissão em cada um dos detalhes. A equipe Nadai é incrível: Fernanda e Eliane formam uma dupla de destaque. Com certeza será o nosso pouso sempre que formos à Foz.",10,2025-12-26 17:32:22+00,1
"Excelente local para se hospedar, funcionários muito solícitos, uma culinária sensacional, do chefe João e sua equipe, acomodações aconchegantes, bem localizado, super recomendo, fico impressionado com algumas avaliações e penso, será que realmente essa pessoa esteve hospedada no Nadai? Tenho minhas dúvidas, devem ter ficado em algum mundo de Nárnia. Parabéns pela excelente recepção. Se pudesse daria 10 estrelas. Más pensando bem eu posso e dou nota 10. Continuem assim vocês vão longe.",10,2025-12-26 20:11:43+00,1
 Nichts außer das Personal ist sehr freundlich  Viel zu kleine Zimmer. Keinerlei Möglichkeit seine Kleider oder Sachen abzustellen.kein Schrank.keine Schubladen. Das Bad ist wie ein Gäste WC mini. Mann muss aus dem Koffer leben der allerdings auch nicht irgendwo außer auf dem Bett abzulegen ist. Zimmer Karten funktionieren nur wenn man Glück hat. Wir waren drei Nächte. Pool komplett mit Familien überfüllt und viel zu laut am Pool und beim Frühstück,3,2025-12-27 15:23:36+00,-1
"O hotel tem um atendimento excelente e um cuidado especial com os hóspedes. Ficamos hospedados no Natal e a experiência foi incrível, até lembrancinha na porta dos quartos tivemos. Pensado em cada detalhe para agradar o hóspede.",10,2025-12-30 07:10:43+00,1
" Hotel muito agradável, lobby confortável, quarto agradável e espaço da piscina agradável. Café da manha completo.  A cidade é pequena, e o hotel não esta a distância andável dos lugares turísticos, caso queira esse conforto e não ligar em pegar táxi/uber/99, é um hotel muito bom a considerar.",10,2025-12-30 12:14:01+00,1
"Ótimo hotel, tudo muito bom, boa localização.",10,2025-12-30 17:16:42+00,1
" Gostei da piscina e dos serviços prestados nela  O hotel é simples para ser considerado 4 estrelas. O edredom estava usado, sendo necessário pedir pra trocar. As instalações são bem simples e velho. O chuveiro, por exemplo, não conseguia manter a mesma temperatura, sendo necessário ficar alterando a vazão da agua constantemente. O ar condicionado fazia barulho e não gelava direito, isso que eu estava no quarto luxo. Academia muito simples e fedida.",7,2026-01-02 19:12:33+00,0
" O Nadai Hotel & Spa passa uma sensação imediata de cuidado e conforto. Logo ao entrar, o hotel é extremamente cheiroso, com um aroma agradável que dá aquela impressão de lugar bem cuidado e sofisticado. A decoração é moderna, elegante e acolhedora, tudo muito bonito e bem pensado.

Achei um diferencial super prático o espaço para passar roupa, algo que realmente faz falta em viagens mais longas ou em família. Além disso, o hotel conta com lojinhas internas, ótimas para uma compra rápida sem precisar sair.

A cafeteria é charmosa e convidativa, perfeita para um café tranquilo, e o restaurante tem um ambiente sofisticado, ideal tanto para refeições quanto para momentos mais especiais.

No geral, o Nadai transmite conforto, organização e sofisticação — um hotel que dá vontade de ficar e aproveitar cada detalhe ✨  Embora o café da manhã tenha praticamente de tudo, com muitas opções bem completas, achei bem legal encontrar até whey protein, além de capuccino sem açúcar na máquina, o que é um diferencial para quem gosta de opções mais saudáveis ☕💪

Por outro lado, não gostei das quitandas , achei que estavam secas, o que acabou destoando um pouco do restante da experiência, que no geral é positiva e bem organizada. Ah e o quarto que fiquei , achei pequeno ( mas a cama excelente)",9,2026-01-03 10:39:48+00,1
" Funcionários atenciosos e solícitos, localização boa, área do restaurante e piscina boas. Banheiro muito bom, com box e vaso separados das pias e banheira. Reveillon bom mesmo com alguma chuva no período.  Infraestrutura deficiente, ar condicionado com problema, pias entopem fácil, vaso sanitário não escoa… e ninguém resolve, mudamos de quarto e repetiram-se os mesmos problemas. Manutenção zero. 
No café da manhã e jantar muita variedade mas pouca qualidade. Servem apresuntado… (Hotel 4 estrelas…) Entendedores entenderão.",7,2026-01-03 15:55:18+00,0
" Localização, hall de entrada , lojinha para compras dentro do hotel , cafeteria no hotel e espaço do café da manhã ( restaurante ) .  Vamos lá : primeiro eu avalio o café da manhã que pra mim é a melhor parte mas o café da manhã deixa a desejar , nenhum dia comi pão fresco do dia o pão deles é amanhecido , pão de queijo murcho , bolo ruim , quitandas de qualidade não é tão boa precisa melhorar demais pra ser um bom café da manhã , frutas sem sabor , café não tem gosto de café . O quarto em que fiquei achei apertado , não são espaçosos , não tem armários , não tem guarda-roupa, as malas tem ficar no chão , tem apenas uma banqueta para colocar apenas 1 mala . O banheiro no quarto que fiquei molha tudo por baixo tem box , mas água sai por baixo falta manutenção.",7,2026-01-04 16:59:01+00,0
"Hotel simplesmente  incrivel em todos os setores me surprrendeu tanto a mim e minha esposa ,cafe da manha bem servido com muitas opções  jantar buffet tbm incrivel e uma equipe incrivel de atendente, sugestao do chefe do meio dia tbm muito boa com equipe super educada ,enfim hotel de parabens voltarei um dia se Deus quiser",10,2026-01-05 15:00:23+00,1
"Ficamos hospedados no período de 2 a 5 de janeiro  de 2026.
Atendimento excelente!
Funcionários prestativos e muito atenciosos.
Limpeza do apartamento perfeita, além de ter um café da manhã delicioso, uma ampla área de lazer e um restaurante com uma super gastronomia.
Com certeza voltaremos a nos hospedar!",10,2026-01-06 00:30:58+00,1
"Foi uma hospedagem maravilhosa todos do hotel são muito atenciosos no atendimento e nos pequenos detalhes , a comida é maravilhosa recomendo muito jantar no hotel….",10,2026-01-06 00:47:54+00,1
 La limpieza y la amabilidad del personal,9,2026-01-06 11:14:04+00,1
"Um hotel sensacional. Funcionários sorridentes atendendo centenas de pessoas por dia.

Estrutura muito boa.

Quartos limpo e completo.",10,2026-01-08 00:26:37+00,1
 A limpeza e o conforto,9,2026-01-08 19:28:46+00,1
"Adoramos a nossa estadia, funcionários atenciosos, café da manhã delicioso, janta deliciosa, limpeza do quarto impecável, recomendo.",10,2026-01-09 21:54:15+00,1
" Comfortable bed, although we did find the room a little compact with not much room for living out of our suitcases. A couple of minor issues when we arrived, which were noted and fixed straight away. Extensive buffet breakfast and dinner. Felt safe walking in the area in the evening to a local restaurant.  Nice bar area, but was spoilt by the television being on ridiculously loud each time we went in there even though the subtitles were also on. (Endless episodes of The Big Bang Theory!)",10,2026-01-10 23:44:47+00,1
"O hotel é ótimo. Os ambientes são limpos e elegantes. O quarto que ficamos era confortável e amplo.

Os funcionários são extremamente prestativos e sempre estão atentos a qualquer necessidade. Parabéns à equipe e ao responsável por ela.

Há um amplo estacionamento anexo ao hotel, com vagas cobertas e descobertas, pago. Para quem viaja de carro, isso é excelente.

O café da manhã é bom e alguns itens do buffet mudam ao longo da semana, assim o hóspede pode experimentar coisas novas ao longo da estadia.

A piscina e a hidromassagem são excelentes; aquecidas, limpas e disponíveis até a noite.

O nosso quarto estava limpo, mas faço duas observações: tinha um pouco de mofo na cortina e nos rejuntes do banheiro; e a cama não era de casal, mas duas de solteiro unidas por uma capa. Pode ser desconfortável para algumas pessoas.

Recomendo fortemente o hotel Nadai.",10,2026-01-11 03:53:34+00,1
"Hospedamo-nos no Nadai Confort Hotel & Spa com minha esposa e nosso filho de 1 ano e 10 meses, e a experiência foi extremamente positiva. O hotel possui ótima localização e fácil acesso, o que já facilita bastante a chegada.

Fomos prontamente atendidos na recepção, com um processo de check-in ágil e eficiente. Apenas como sugestão de melhoria, alguns horários e serviços poderiam ser apresentados de forma um pouco mais clara, mas nada que comprometa a experiência.

A estrutura do hotel impressiona: hall, lobby e restaurante são muito bonitos, bem cuidados e transmitem um ar elegante e aconchegante. Gostaria de destacar, de forma especial, o atendimento de todos os funcionários, sempre muito educados, atenciosos e dispostos a ajudar, o que faz toda a diferença, principalmente viajando com criança pequena.

O café da manhã é muito bem servido, com ótima variedade, e o restaurante conta com excelente estrutura. Estivemos hospedados no período do Natal, o que tornou a experiência ainda mais especial: tudo estava muito bem organizado, com clima natalino encantador, presença do Papai Noel, coral cantando pela manhã e atividades apropriadas para a data, criando um ambiente mágico para adultos e crianças.

A piscina aquecida é muito boa, com toalhas disponíveis para uso, o que demonstra cuidado e comodidade para os hóspedes. O quarto tem tamanho adequado, cama grande e confortável, além de ótima estrutura.

Por fim, destaco que o estacionamento é cobrado à parte, porém é de fácil acesso e bastante tecnológico, com abertura e fechamento automáticos.

Sem dúvida, foi uma estadia muito agradável, confortável e acolhedora. Recomendo o Nadai Confort Hotel & Spa e com certeza voltaremos!",10,2026-01-12 00:00:00+00,1
"Experiência sensacional…
Parabenizamos especialmente os funcionários Marcelo da recepção muito simpático, solicito e gentil. Agradecemos também o Daniel no bar da piscina muito agradável e alegre pronto para ajudar e servir.
Parabéns a equipe que por traz dos bastidores treina toda a empresa! Parabéns a todos vocês $
Vocês estão de parabéns rumo as 5 estrelas!!!!!",10,2026-01-12 13:25:29+00,1
"Hospedamo-nos no Nadai Confort Hotel & Spa com minha esposa e nosso filho de 1 ano e 10 meses, e a experiência foi extremamente positiva. O hotel possui ótima localização e fácil acesso, o que já facilita bastante a chegada.

Fomos prontamente atendidos na recepção, com um processo de check-in ágil e eficiente. Apenas como sugestão de melhoria, alguns horários e serviços poderiam ser apresentados de forma um pouco mais clara, mas nada que comprometa a experiência.

A estrutura do hotel impressiona: hall, lobby e restaurante são muito bonitos, bem cuidados e transmitem um ar elegante e aconchegante. Gostaria de destacar, de forma especial, o atendimento de todos os funcionários, sempre muito educados, atenciosos e dispostos a ajudar, o que faz toda a diferença, principalmente viajando com criança pequena.

O café da manhã é muito bem servido, com ótima variedade, e o restaurante conta com excelente estrutura. Estivemos hospedados no período do Natal, o que tornou a experiência ainda mais especial: tudo estava muito bem organizado, com clima natalino encantador, presença do Papai Noel, coral cantando pela manhã e atividades apropriadas para a data, criando um ambiente mágico para adultos e crianças.

A piscina aquecida é muito boa, com toalhas disponíveis para uso, o que demonstra cuidado e comodidade para os hóspedes. O quarto tem tamanho adequado, cama grande e confortável, além de ótima estrutura.

Por fim, destaco que o estacionamento é cobrado à parte, porém é de fácil acesso e bastante tecnológico, com abertura e fechamento automáticos.

Sem dúvida, foi uma estadia muito agradável, confortável e acolhedora. Recomendo o Nadai Confort Hotel & Spa e com certeza voltaremos!",10,2026-01-12 18:35:46+00,1
"Hotel muito lindo, tudo bem cuidado, limpo e o pessoal muito educado.
Me surpreendeu positivamente.
Com certeza voltarei",10,2026-01-13 12:18:55+00,1
Excelente custo financeiro.  Perto de tudoooooo.,10,2026-01-13 15:33:44+00,1
"Hospedar-se no Nadai é sentir-se em casa, o cuidado está nos detalhes, trabalho em Foz do Iguaçu e não poderia ficar em lugar melhor, atendimento, acolhimento, boa comida, conforto, segurança e tranquilidade para descansar, super recomendo.",10,2026-01-14 21:48:28+00,1
 The staff were great and very helpful,8,2026-01-15 12:24:44+00,1
 good room upgrade  Better English language speaking staff on reception/ tour desk/ restaurant. Many were excellent others were not quite so,8,2026-01-16 01:32:12+00,1
 Clean and comfortable  Lack of English in waiting staff,8,2026-01-16 04:48:48+00,1
" The reception staff were helpful in assisting with our questions. The location was central and easy for drivers to find. The gym, pool and spa options were good too.  Our room only had only plug right next to the door which was a bit difficult for us to use. The breakfast also had some strange options - mostly sweet pastries and cakes without much hot food. One day, it also opened late due to photographers in the dining area which was a bit inconvenient.",8,2026-01-21 10:30:30+00,1
" Boa localização, cama, ar-condicionado, banho e café  Elevador travou duas vezes
Luzes brancas no quarto (podem ser amarelas)
Preço elevado (no geral, achei caro)",8,2026-01-21 14:05:19+00,1
"Excelente Hotel, quartos muito bom, banheiro super limpo.
Preço justo, equipe fantastica e atendimento da recepção incrivel..
Haa cafe da manhã Surreal...
Parabéns Nadai e equipe,  voces sao showw.",10,2026-01-21 15:14:49+00,1
" 朝食はブラジルでは珍しく、野菜（サラダ）も少しおいてあった。
従業員は皆さんとても親切だった。部屋は若干古い印象があったもののとてもきれいに清掃されており気持ちよかった。  エレベーターが古いのか、音が大きく若干不安になった。
プールサイドのジャグジーの水が濁っていて入るのをためらってしまった。",9,2026-01-22 09:39:13+00,1
"O hotel tem um hall de entrada muito bonito e bem cuidado.
No entanto, o quarto foi pequeno para quatro pessoas. Estávamos em quatro hóspedes e havia duas camas de casal, além de somente duas cadeiras para uso na mesa, o que dificultou um pouco o conforto e no fim pedimos mais uma.
Por outro lado, os atendentes foram extremamente gentis, sempre solícitos e prontos para ajudar. A piscina é boa e o café da manhã é ótimo, com boa variedade.
Um ponto que pode melhorar é a reposição de itens de higiene: sabonete, shampoo e condicionador não foram repostos automaticamente, sendo necessário solicitar.
No geral, foi uma boa experiência, com pontos positivos importantes, mas alguns detalhes no quarto e na reposição de itens podem ser aprimorados para maior conforto dos hóspedes.",8,2026-01-22 13:50:06+00,1
"Muito bom, recomendo",10,2026-01-23 17:58:36+00,1
" Ótimo atendimento!
Café da manhã excelente e conforto e limpeza excelente  Nada",9,2026-01-24 12:41:23+00,1
"Atendentes simpáticos, quartos limpos e novos, café da manhã espetacular, estacionamento amplo, bem localizado. Experiência impecável em Foz.",10,2026-01-25 18:45:04+00,1
"Minha experiência foi simplesmente incrível. O atendimento, o quarto, a limpeza, a piscina, tudo!!! O café da manhã delicioso, diversas opções. Peguei o quarto que continha banheira, estava extremamente limpa e própria para uso. 
Fiz a reserva para comemorar o meu aniversário e vi algumas avaliações ruins, mesmo assim decidi arriscar. Não me arrependo de nada e super recomendo.",10,2026-01-27 00:00:00+00,1
" Conforto , limpeza e gentileza",10,2026-01-29 15:15:36+00,1
"Passamos dois dias no hotel, e gostaria de expressar minha admiração pela hospitalidade e organização, os funcionários muito simpáticos e prestativos. E um elogio especial para a Lilian, com certeza ela faz a diferença no atendimento no bar da piscina!!!",10,2026-01-29 23:59:18+00,1
"Foi tudo excelente, desde o contato para fazer a reserva com o Eduardo que foi muito prestativo para uma reserva de última hora, no check in com o Marcelo que nos recebeu muito bem, adoramos a hospedagem a atenção recebida pela comemoração do aniversário, todos os funcionários muito atenciosos prestativos, tanto no restaurante, piscina e a experiência do café no bistrô que o Leonardo nos apresentou, adoramos. Um agradecimento especial a Karen e toda sua equipe por nos proporcionar uma estadia acolhedora e especial.",10,2026-02-01 13:15:44+00,1
" Hotel bem localizado, perto do shopping Cataratas, café da manha muito bom, estacionamento seguro  Nada",10,2026-02-01 16:34:22+00,1
Rooms are outdated and not as shown on advertised pictures - it appears floor 1 is upgraded and the remaining floors haven't begun their upgrade - the noise from the adjacent main road and internally requires ear plugs. Facilities are otherwise good and reflective of the photos!,6,2026-02-02 15:39:16+00,0
Atendimento péssimo!!!! Nadai nunca mais .,2,2026-02-02 21:48:47+00,-1
"Very helpful and friendly staff
The restaurant is good with an excellent breakfast.
One side of the hotel catches the sun and gets very warm",8,2026-02-03 00:00:00+00,1
" Great value for money, lovely facilities and food, staff very helpful and friendly  Nothing!",10,2026-02-03 00:52:42+00,1
"Hotel lindo, personal amable, todo bien cuidado",10,2026-02-03 11:46:10+00,1
" LOCALIZAÇÃO, CAFÉ DA MANHÃ , CONFORTÁVEL  ESPAÇO DO QUARTO",10,2026-02-03 13:44:45+00,1
"Really great facilities at the hotel, the pool is well maintained and the gym is 24 hours, the buffet has a great selection and the location is perfect for visiting the falls, would definitely stay again!",10,2026-02-04 00:00:00+00,1
"Fomos muito bem recebidos,  serviços de qualidade.",10,2026-02-05 12:32:34+00,1
"faxina quartos mal feita, pricipalmente banheiros. cabelos box e residuos no vaso sanitario",6,2026-02-05 13:38:27+00,0
" Funcionários atenciosos, educados e sempre à disposição.  As hidromassagens parecem um pouco sujas.",9,2026-02-06 10:50:50+00,1
 O ponto do hotel.  O quarto poderia ser um pouco maior.,9,2026-02-06 13:07:26+00,1
"É um hotel no centro da cidade, mas tem uma boa área de piscina. É perto de uma farmácia e fica a uma caminhada de 15 minutos (ou 5 minutos de carro de aplicativo) do JL Shopping. O quarto é básico, sem luxo, porém é confortável e reformado. Já o banheiro está precisando de atualização de materiais. O café da manhã é muito variado, com itens de ótima qualidade. Nas demais refeições, a comida é também muito boa.  Apesar da proximidade de vários restaurantes no centro, utilizamos o sistema de pensão completa, com buffet no jantar e menu fixo no almoço. O pessoal, em todas as áreas, é extremamente gentil. O único ponto negativo é a falta de isolamento do barulho da rua nos quartos.",8,2026-02-08 00:00:00+00,1
" Todo muy bueno, las instalaciones, el personal, la limpieza.",10,2026-02-08 22:23:18+00,1
"Excelente estrutura e atendimento. Área da piscina é muito agradável, com academia, SPA e um restaurante que serve muito bem. O café da manhã também é ótimo (e inclusivo, com várias opções sem glúten e sem lactose).",10,2026-02-10 11:59:44+00,1
" Das instalações, da atenção e gentileza dos funcionários. O café da manhã também chamou a minha atenção pela variedade, inclusive, gluten free.  Não tenho o que registrar",10,2026-02-10 12:35:17+00,1
" Piscine, jaccuzzi et salle de sport 
Grande chambre  Le bruit de l'avenue, mal insonorisé",9,2026-02-11 14:31:10+00,1
 Super helpful staff in good location to enjoy falls  No issues at all,8,2026-02-11 23:47:23+00,1
" Gute Lage  Swimmingpool und Fitness konnte nicht benutzt werden. Frühstück war mässig, Tische nicht greinigt",8,2026-02-13 21:47:51+00,1
" La piscina, el bar en la piscina, la atención, la calidad de los tragos y de la comida en la cena sugerencia del chef.",10,2026-02-16 13:58:53+00,1
Hotel confortável e de bom gosto. Funcionários muito simpáticos e eficientes. Café da manhã bem gostoso e variado.,8,2026-02-16 14:07:17+00,1
"Hotel 4 estrelas que deveria ser meia estrela. Não repõem frigobar, recepção ineficiente, o hóspede chega exausto e morto de sede no quarto, com uma diária de quase 2 mil reais e o frigobar VAZIO porque nunca é reposto, precisa suplicar pra que seja levado água ao seu quarto (caríssima por sinal), pede a primeira vez, implora na segunda e precisa descer pra suplicar na recepção na terceira vez, com diversos funcionários ociosos e fiscalizando o meio ambiente.funcionaria Tainara da recepção ineficiente e debochada.  Primeira e última vez nesse hotel. Fujam dessa pocilga.",2,2026-02-16 23:51:20+00,-1
"Decadência estivemos em junho , o hotel está muito bagunçado os garçons perdidos , nossos drinks vieram depois dos pratos , aliás na outra passagem estava maravilhoso parece q mudou totalmente o restaurante, nosso quarto estava com cheiro desagradável, não voltaremos o café razoável, e o José é um amor de pessoa , não lembro o nome do garçom da noite , muito rude , dando desculpas Q estava com muita demanda , enfim ... Não recomendo",2,2026-02-17 00:00:00+00,-1
"Hotel organizado e limpo<br>Café da manhã com muitas variedades<br>Uma ótima experiência,  recomendo",10,2026-02-17 12:41:51+00,1
"Hotel bem localizado,  atendimento muito bom,  pessoal prestativo. ( salvou a estadia) Porém muito barulho por ser Spar, o preço é muito pelo o que oferece, foto e realidade do quarto foi frustrante, roupa de cama e toalhas manchadas.<br>Não é pelo valor e sim oferecer e não entregar ( preço de 5 estrela...hotel 3)",4,2026-02-17 14:05:05+00,-1
Adoramos tudo. Atendimento maravilhoso e limpeza impecável.,10,2026-02-17 16:27:12+00,1
" Hotel bonito, limpo, ótimo atendimento. Café da manhã muito variado. Todos os empregados foram sempre muito solícitos e gentis.  Nada em especial, só o elevador que era bem pequeno e às vezes estava com problemas técnicos.",9,2026-02-19 01:30:18+00,1
 Small room was adequate but not much space for luggage. Lovely outside pool and bar area. Food was good and enjoyed a lovely evening meal there which was good value  One or two issues with language.,6,2026-02-19 15:24:39+00,0
" O café da manhã era bem variado, muito bom.
O quarto limpo, tamanho razoável.
Como estava em um quarto com 4 pessoas (filhos) senti falta de espaço para colocar as malas. 
Mas, atendeu minhas expectativas.  Era um pouco distante das cataratas, mas era perto do centro e  tinha bons restaurantes no entorno.",8,2026-02-20 21:52:43+00,1
Excelente ubicación y personal muy atento,10,2026-02-21 14:41:26+00,1
" De tudo.  Do café da manhã, a cama, chuveiro e atendimento.",10,2026-02-22 11:21:45+00,1
 A comida,10,2026-02-22 14:47:21+00,1
" Vielfältiges Frühstücksbuffet, Abendbuffet auch total ausreichend. 
Schöner Pool mit zwei warmen Whirlpools. Zentrale Lage, in der Nähe einer großen Shopping Mall.  Getränke beim Abendbuffet müssen leider extra bezahlt werden, auch Wasser.",8,2026-02-24 11:56:54+00,1
 Great staff and breakfast  Nothing,10,2026-02-27 00:02:45+00,1
 Breakfast was incredible!,10,2026-02-27 14:27:44+00,1
"Beautiful hotel one of the best we stayed in while in Brazil. Impressed by the breakfast variety, nicest food. Even had options for gluten free/intolerances. Pool area is really relaxing.. drainage and deep tissue massage was amazing. Would stay again in the future",10,2026-02-28 11:47:08+00,1
" La atención del personal, y las instalaciones.",9,2026-02-28 18:10:56+00,1
 Spa e comida  Barulho do mini bar durante a noite,8,2026-03-01 13:42:00+00,1
"Hotel deixa muito a desejar pelo preço que cobram.
Primeiro 30minutos pra fazer um cadastro e direcionar ao quarto.
Elevador claustrofóbico.
Quarto sujo, banheiro bem sujo, pia do banheiro entupida e nao desce agua, cobertores com cheiro ruim. Pedimos edredons pois somos alérgicos a cobertores sintéticos e o hotel so tinha um disponível, que por sinal era um cobre leito e nao um edredon.
Cobram $35,00 de estacionamento e nao tem manobrista.
É cobrando taxa de serviço além do valor da diária, que tambem é caríssima.
Resumindo o hotel nao entrega o que ele cobra.",2,2026-03-01 21:32:32+00,-1
 Amazing hotel. Very clean room with a lovely breakfast spread and the pool and jacuzzi were just amazing. Perfect place to unwind after spending all day walking around the falls!,10,2026-03-01 21:34:32+00,1
 Perfect location.Very freundly staff.,10,2026-03-02 15:44:41+00,1
" O hotel é no centro da cidade, porém em alguns momentos até nos esquecemos disso tão organizada é a estrutura da piscina. O funcionários são muito educados. O estacionamento é ótimo. O café da mãnha é de primeira.  Em um dos banhos a água estava fria. Mas foi pontual.",10,2026-03-03 11:54:50+00,1
" We loved everything. Nonetheless, while at the pool we ordered a burger and a chicken sandwich and after a long while asked about them and it seems they sent them to another table. We thought we could get a refill of our coco pina colada or the like but the request was kindly ignored. It was a bit of a disappointment given all the time we waited.",9,2026-03-03 14:13:57+00,1
" Ótima localização e café da manhã  Do barrulhos no corredor, acredito que os demais hóspede deveriam se conscientizar ao fechar a porta com cautela, falar baixo e não correr nos corredores do hotel para não incomodar os demais hóspedes.",9,2026-03-04 19:11:59+00,1
 Nice pool. Excellent breakfast buffet.,9,2026-03-05 03:38:54+00,1
" El desayuno buffet increíble, muchísimas opciones todo super fresco. Esta bien ubicado, las instalaciones están bien cuidadas. La limpieza estuvo super bien! Usamos las piscinas y jacuzzi todo súper bonito.  Lo único que mejoraría es sumar opciones vegetarianas para la cena. En el desayuno si habían pero por la tarde había una sugerencia del chef, nunca existió una posibilidad vegetariana, menos vegana.",9,2026-03-05 17:52:13+00,1
" Atendimento. Cama king size com conforto excepcional! Café da manhã farto.  Sugiro um treinamento melhor para equipe de limpeza. Como fui no Carnaval e o hotel estava lotado, suponho que tiveram que contratar pessoal ""de emergência"", mas não deram treinamento adequado. A camisola e manta usadas, p.ex., eram colocadas de forma bagunçada sobre os móveis e algumas embalagens não eram descartadas. No que chegamos ao quarto vimos a parede bem suja, no local em que ficava o suporte para mala... dá uma impressão de desleixo. No resto tudo ok, as toalhas, inclusive, eram trocadas diariamente.",8,2026-03-06 01:01:05+00,1
" Perfeito!

Area da pscina sensacional, estilo resort, funcionarios muito educados e prestativos, acomodações limpas e aconchegantes! Voltaria com certeza  Tudo perfeito!",10,2026-03-08 14:41:48+00,1
 Quarto amplo com dois ambientes.  Andar baixo o que acaba por ter barulho da rua.,8,2026-03-09 01:47:41+00,1
" Muito bom, mas poderia variar mais entre os dias, mas tinha muitas opções. Poucas opções de sucos e iorgutes. Boas opções sem glutem e lactose.  O Hotel é muito bem cuidado e limpo, foi reformado recentemente, mas o elevador é meio antigo e o nome de resort spa também não faz muito jus ao tipo de hotel. O hotel é muito bom mesmo mas para ser um resort falta muito. Outro fator é o estacionamento pago a parte.",9,2026-03-09 14:46:10+00,1
 Bom hotel com un atendimento ótimo pelo pessoal da recepção. Quartos agraváveis e boa limpeza.  O restaurante infelizmente não está ao nível do hotel.,10,2026-03-10 12:01:18+00,1
" L'espace extérieur côté piscine  Le personnel en salle pas souriante, ni au pdj
Le menu au restaurant même pas imprimé en anglais et même en français, alors qu'il y a beaucoup de français 🤔.",5,2026-03-13 19:59:43+00,0
" - Hotel confortevole e pulito
- ottima colazione abbondante e varia
- letti grandi e comodi  - Stanza lato strada molto rumorosa
- bagno piccolo e senza spazio per appoggiare i propri effetti personali",9,2026-03-14 01:34:08+00,1
"Gostaria de registrar meu agradecimento pelo excelente atendimento da Renata, da área de reservas. Desde o primeiro contato ela foi extremamente cortês, prestativa e muito atenciosa, esclarecendo todas as minhas dúvidas com paciência e gentileza.

É muito bom quando somos atendidos por profissionais que demonstram cuidado, educação e dedicação no que fazem, e a Renata certamente transmitiu isso durante todo o processo da minha reserva.

Fico muito grata pela atenção recebida e já estou ansiosa pela minha estadia no hotel, que acontecerá entre os dias 05/04 e 09/04.",10,2026-03-16 15:38:01+00,1
"Excelente localizacao... perto do shopping e de diversas opcoes de bares e restaurantes
Otimo custo beneficio...
Piscina agradavel... cafe da manha delicioso... restaurante a noite com diversas opcoes a la carte
Bar excelente ... principalmente devido ao funcionario Herick que foi um espetaculo a parte... sempre prestativo atencioso... se preocupa em ajudar indicando opcoes de restaurante (acertou em cheio nas indicacoes) e tambem arrumou transfer para irmos a argentina com uma agencia excelente...
Esse Herick eh uma pessoa excelente!!!
Transformou nossa estadia numa experiencia muito agradavel!",10,2026-03-17 01:29:49+00,1
 Plenty of staff that were friendly. We wanted to be near the bus station and the hotel was the nicest one near there. We used the gym and I’d stayed longer would have used the nice pool.,1,2026-03-18 02:09:43+00,-1
" Very nice hotel with a great pool.
Breakfast is amazing!",8,2026-03-19 14:55:34+00,1
🔝🔝🔝,10,2026-03-20 10:51:21+00,1
 Piscina muito boa  Hotel vazio e não deixaram antecipar o check in,8,2026-03-20 10:54:55+00,1
 Café da manhã  Jantar,10,2026-03-21 00:07:54+00,1
" La atención de los chicos de la pileta y mas turno tarde.
La calides de las mucamas.
La calides de las sra alta q atendía en comedor para la cena.
La limpieza de todo el hotel y el servicio tan atentos y educados de los sres q estaban para abrir ascensores.  Todo fue fantástico.",9,2026-03-21 22:23:56+00,1
" The pool area was very nice, perfect for cooling off after a busy day at the falls. The staff throughout the hotel are friendly and helpful. Nice bar area and good breakfast",9,2026-03-22 09:50:25+00,1
 Very nice and relaxing pool area and friendly staff.,9,2026-03-22 13:46:38+00,1
"Foi maravilhosa, gostei demais atendimento foi maravilhoso demais, atendimento espetacular,a funcionária Eliane e maravilhosa também, não só ela mais todas, meu agradecimento por tudo pra mim não deixou a desejar, muito obrigado a todos, continue assim",10,2026-03-22 18:39:11+00,1
