text,rating,date,class
A localização do hotel é ótima! O bar a céu aberto tem uma vista linda. O hotel atende bem para sua categoria. Eu certamente voltaria.,10,2024-01-02 00:00:00+00,1
"The pool at the rooftop is a nice spot to spend the hot days of Foz do Iguaçu, the staff was very friendly specially Larissa that welcomed us and made us feel home! Snacks, beers and drinks are also of a taste.",8,2024-01-03 00:00:00+00,1
"O hotel é ótimo! Novo, com quartos limpos e com um rooftop lindo e aconchegante. Destaque para a atenção e cordialidade do atendimento do bar da cobertura, em especial Larissa, Victor e Paulinho que foram muito prestativos e atenciosos no atendimento e nas nossas solicitações!
Com a experiência vivida, recomendo a todos o hotel quando visitarem Foz!",10,2024-01-04 00:00:00+00,1
"Já fiquei outras vezes neste hotel e desta vez deixou a desejar. Ar condicionado que não funciona, luz queimada no quarto, chão bem sujo do quarto. O café é razoável, tem o básico necessário e os funcionários são bem educados e prestativos.",6,2024-01-04 00:00:00+00,0
"Um hotel que funciona bem para uma estadia de poucos dias ou uma parada estratégica. Como o hotel possui muitos quartos e tem um grande fluxo de hóspedes, apenas 2 elevadores não dão conta, gerando uma boa espera dependendo do horário.
 Tem boas camas, é limpo, porém serviço de camareiras é lento e básico, para trocarem os lençóis é um sacrifício. Já o café da manhã é razoável, mas variado.
Vale o custo benefício.",6,2024-01-04 00:00:00+00,0
"probably not fair of me to only state the negatives about my stay here, but i’m sure other reviews will cover the “pros”
 i came here with my other half to celebrate his bday. on the 3rd day, we noticed the ac unit was dripping water & wet his shoes. we let them know on our way out & after being out all day, it was still dripping when we got back at night. 
i added the romance package, which includes special romantic decore, a bottle of bubbly, a plate of cold cuts, and breakfast in bed for one day of our stay. i had asked to have the breakfast for friday, but it arrived thursday morning at 7am which woke us up from our sleep. the breakfast was meant to be delivered to our room on the day we had an early start for a tour lasting 10 hours. before heading out for the day on thursday, i checked with reception to verify everything was still confirmed for them to decorate the room after noon while we were out and have the food and bottle of bubbly delivered to the room after 8pm before we arrived back to our room.  it was meant to be a surprise and after a long day and a little stressful with everything we did, i was excited to surprise him and wind down before the long day tomorrow. i’m beyond disappointed. after processing the situation, we decided to call the reception to ask for a manager to address an issue, but there was no manager on the property. instead, an employee from the hotel came to our room and listened to everything i mentioned above. after hearing everything, they said they couldn’t do anything, but would send someone else to come and take our complaint that would then be relayed to the manager the following morning. they said they would normally change us to another room, but that wasn’t possible tonight. overall, i’m greatly disappointed. we won’t be spending much time at the hotel until we leave in the crack of dawn on saturday after being out all day on friday, so any resolution at this point won’t really matter because we will be leaving. i wish i could recommend this place for the obvious positives, the location, etc, but i would not recommend it.",2,2024-01-04 00:00:00+00,-1
"probably not fair of me to only state the negatives about my stay here, but i'm sure other reviews will cover the ""pros""
i came here with my other half to celebrate his bday. on the 3rd day, we noticed the ac unit was dripping water & wet his shoes. we let them know on our way out & after being out all day, it was still dripping when we got back at night. there was no communication from staff about the issue not being resolved.
i added the romance package, which includes special romantic decore, a bottle of bubbly, a plate of cold cuts, and breakfast in bed for one day of our stay. i had asked to have the breakfast for friday, but it arrived thursday morning at 7am which woke us up from our sleep. the breakfast was meant to be delivered to our room on the day we had an early start for a tour lasting 10 hours. before heading out for the day on thursday, i checked with reception to verify everything was still confirmed for them to decorate the room after noon while we were out and have the food and bottle of bubbly delivered to the room after 8pm before we arrived back to our room. it was meant to be a surprise and after a long day and a little stressful with everything we did, i was excited to surprise him and wind down before the long day tomorrow. I'm beyond disappointed. after processing the situation, we decided to call the reception to ask for a manager to address an issue, but there was no manager on the property. instead, an employee from the hotel came to our room and listened to everything i mentioned above. after hearing everything, they said they couldn't do anything, but would send someone else to come and take our complaint that would then be relayed to the manager the following morning. they said they would normally change us to another room, but that wasn't possible tonight. I understand why it wasn’t possible to switch us to another room at this hour of the night, but the issue was brought to their attention this morning and they could have thought of this ahead of time if they couldn’t fix the ac unit during the day. overall, i'm greatly disappointed. we won't be spending much time at the hotel until we leave in the crack of dawn on saturday after being out all day on friday, so any resolution at this point won't really matter because we will be leaving. i wish i could recommend this place for the obvious positives, the location, etc, but i would not recommend it.",2,2024-01-05 02:16:20+00,-1
"Minha experiência no hotel foi extremamente desagradável. Meu namorado solicitou um café da manhã surpresa para mim, para ser entregue no dia 05/01, sexta-feira, mas, inexplicavelmente, o entregaram um dia antes, interrompendo nosso descanso na quinta-feira, onde havíamos saídos com um amigos e chegamos tarde na noite anterior. Além disso, mesmo após reclamar do ar condicionado pingando e molhando meu tênis no dia 04/01, o problema persistiu, e não houve realocação para outro quarto. A tão esperada surpresa prometida pelo meu namorado para mim para a noite do dia 04/01 também não foi realizada, e, para piorar, FOI CONFIRMADO para ele pela manhã que teria, e não havia gerente disponível para resolver a situação às 21 horas, quando chegamos. Total falta de consideração com os hóspedes e falhas graves na prestação de serviços. Não recomendo a ninguém.",2,2024-01-05 23:17:11+00,-1
"O hotel muito bacana, localização excelente , oferece uma vista privilegiada para o Paraguai e o por do Sol, funcionários muito atenciosos, destaco para o atendimento dos garçons Matheus, Larissa, Vitor e Maik, e a camareira do nosso andar.",10,2024-01-07 00:00:00+00,1
"Galera atenciosa, fazendo com que a gente se sinta à vontade e bem. Esclarecendo sobre os drinks, aliás, são ótimos! Amei caipiroska, gin tropical 🥰 Os atendentes dispostos e nos tratando bem, o por do sol é lindo e fica mais lindo ainda anoitecendo. Obrigada pela recepção, espero voltar 🫶🏻",10,2024-01-07 00:00:00+00,1
"melhor escolha em Foz. atendimento nota mil, em especial para os garçons Victor, Matheus e Maik, e a camareira  localização perfeita para deslocamento na cidade seja de carro ou transporte público. fácil acesso aos principais pontos turísticos, bem como ao Paraguai e à argentina. cafe da manhã farto e com bastante variedades. sem contar a vista.",10,2024-01-07 00:00:00+00,1
最上階はテラスとプールがあり絶景です。,10,2024-01-07 19:48:33+00,1
"Gostaria de parabenizar por toda a organização e estrutura que o hotel oferece! Com toda a certeza irei indicar e, assim espero, possa voltar em breve. Em especial, citar o excelente atendimento recebido pela Larissa, alias, sempre muito educada e com sorriso no rosto! Sabemos o quanto ser bem atendido faz a diferença e isso fazem com excelência!",10,2024-01-08 00:00:00+00,1
"A localização é ótima, melhor coisa do hotel, fica numa avenida onde tem vários restaurantes, sorveterias, farmácias… fácil para ir para onde precisar. O problema maior é que é mais para apenas dormir do que aproveitar com a família. O quarto e banheiro são bons, atendem bem. Café da manhã bom, sem muitas coisas que chamem a atenção. Atendimento ótimo. A piscina é no último andar e só pode ser usada até as 18:00, o que atrapalha nesse calor de janeiro que é em Foz do Iguaçu, você não consegue chegar cansado e com calor e ir relaxar na piscina, não voltaria por causa disso. Outro ponto negativo é que só tem dois elevadores e ambos são bem demorados.",6,2024-01-09 00:00:00+00,0
"Tivemos 1 problema com o suprimento de PH e também algumas vezes com a fechadura da porta, problemas fáceis de resolver mas que requer atenção.",8,2024-01-10 00:00:00+00,1
"O atendimento é especial. Destaque para Jonas, Júlio e Larissa. Simpatia, atenção e solicitude. Muito bom. Me senti em casa. Gostei muito. Excelente! Recomendo bastante. Bar da piscina. Bons momentos com uma vista especial. Ótima opção.",10,2024-01-10 00:00:00+00,1
Excelente localização mas o barzinho que tem na esquina tira o sono com a música ao vivo no último volume. O hotel peca na conservação e no atendimento de recepção que é ruim mas tem um ótimo café da manhã e um lindo terraço com bar e piscina mirim.,6,2024-01-11 20:27:10+00,0
"Me hospedei pela primeira vez e fui muito bem atendida. Quero deixar em especial a atendente do do restaurante Larissa, muito gentil e atenciosa. Obrigada.",10,2024-01-12 00:28:31+00,1
"Excelente hotel,  funcionários impecáveis,  restaurante e bar muito bom na piscina, localização ótima tbm, recomendo!!!",10,2024-01-12 19:45:53+00,1
"Hotel muito bom na região e ótimo serviço dos funcionários, principalmente os do ""SkyBar"", restaurante e bar que possuem no último andar, com vista e piscina. 
Localização ótima, em uma das vias principais da cidade, segura e com muitas opções próximas de restaurante.",10,2024-01-13 00:00:00+00,1
"Muito ruim a começar que não tem carregador de bagagem e nem manobrista vc mesmo tem que guardar o carro na garagem, no quanto copos de plástico isso é um absurdo. Pelo valor que é uma diária não vale a pena .",2,2024-01-13 18:22:31+00,-1
"É excelente atendimento dos profissionais, lugar muito agradável, som ambiente ótimo, uma vista linda da cidade e de outros países, garçons com excelente educação e atendimento, muitos prestativos, a refeições são ótimas e os drink excelentes,",10,2024-01-14 00:00:00+00,1
Great hotel for 3 stars! Would recommend.,10,2024-01-14 21:21:13+00,1
Ótimo tudo maravilhoso😍,10,2024-01-14 22:04:40+00,1
"Hotel está localizado em uma área bem agradável, cerca de 20 min de carro dos principais pontos turísticos. Além disso, tem muitos restaurantes por perto e pontos de ônibus.",8,2024-01-15 01:29:33+00,1
"La vista desde el hotel es muy buena
La habitación 1008 faltaría renovar, me toco sábanas con agujeros
En recepción demoramos un poco porque según ellos en su sistema no tenían mi reserva hecha por Booking.....",6,2024-01-15 09:20:25+00,0
"Ótima localização,  tem lanchonetes, mercado, farmácia e restaurantes ao redor . Lojinhas polulares para compras na rua em frente. 30 minutos das Cataratas e Parque das aves .  E a  melhor vista do pôr do sol de Foz Do Iguaçu com uma piscina maravilhosa e atendimento muito atencioso no 17 andar com bar e refeições saborosas para adultos e crianças.  Super recomendo e voltarei assim que puder. Detalhe: Tem maleiro para guardar as bagagens depois do check-out estão você pode ir almoçar fora e voltar pegar suas coisas depois. Maravilhoso! Amei!",10,2024-01-17 00:00:00+00,1
"O hotel tem um bom atendimento dos funcionários  super prestaritivos, tive um imprevisto  com o meu quarto  e após conversar com funcionários trocaram o meu quarto e problema foi  resolvido de forma prática e rápida.
Um ponto super positivo  do hotel é localização ,que dá para fazer tudo a pé, restaurantes e comércios  próximos.",8,2024-01-17 19:38:19+00,1
Super confortável.,10,2024-01-18 19:44:49+00,1
"Lugar maravilhoso, limpo, quartos confortáveis, café da manhã muito bom. Funcionários atenciosos e educados. Destaco a gentileza, atenção da funcionária Larissa, na qual nos ajudou em dicas!!! Super recomendo o local!!!",10,2024-01-19 00:00:00+00,1
"Atendimento com excelência. Funcionários bem educados.
Quartos confortáveis, limpos e com ar-condicionado.
Boa localização.
Possui bar, com música ao vivo.
O terraço possui uma vista incrível do pôr do sol.
Próximo a bares, supermercado e igreja.",10,2024-01-21 00:00:00+00,1
"Hotel super bem localizado , quartos grandes e confortáveis , café da manhã excelente .
Bar da cobertura com som ao vivo no por do sol e a noite é um espetáculo.
Destaque para o excelente atendimento da Larissa , super gentil , cordial , disponível e simpática . O atendimento dela é ímpar . O Paulo também nos atendeu muito bem .
Recomendamos muito este hotel que também fica próximo a ótimos restaurantes, cafeterias e sorveterias .",10,2024-01-21 00:00:00+00,1
Segunda vez que hospedo...voltarei com certeza,10,2024-01-21 07:43:34+00,1
"Hotel novo e bem localizado, quarto amplo e confortável, completo café da manhã, bom atendimento e tem uma vista linda pelo último andar onde fica a piscina. Próximo tem boas opções para almoço ou jantar e ao lado uma sorveteria que tb serve lanches e um capuccino delicioso 😋",10,2024-01-23 00:00:00+00,1
"Fiquei hospedado com meu pai 19 a 21/1/24.
Atendimento muito prestativo tanto na recepção quanto no refeitório e quartos.
Quartos sempre limpos e higienizados , visão privilegiada da vista de Foz da janela do apartamento, nada a reclamar do quartos.
Quanto ao café da manha, a moca da recepção sempre prestativa e com sorriso no rosto e  inclusive os demais funcionários do local sempre dispostas a ajudar e bastantes simpáticos e prestativos.
Quanto retornar a Foz com certeza voltarei se hospedar neste hotel .
Único defeito é que: hotel  tem apenas 2 elevadores e quando esta lotado demora alguns minutos para usar mas supre as necessidades de ótimo hotel que fica no centro da cidade.
Recomendo e muito ,,,",10,2024-01-23 16:29:29+00,1
"Patricia, the hotel's tourism agent went out of her way to rectify a tour reservation and ticket problem. Thank you.",10,2024-01-26 00:00:00+00,1
"Hotel bom com excelente localização, mas peca pelo fato de só haver dois elevadores, que são insuficientes para atender a demanda, check in demorado, academia fraquissima, se duas pessoas forem fazer musculação ( uma tem que esperar a outra, pois o aparelho e integrado), só tem duas esteiras e a bicicleta não funciona. Quartos são bons com otimo chuveiro. Recomendo com restrições.",8,2024-01-27 08:52:29+00,1
"Hotel bem localizado, perto de bares, restaurantes e perto das principais atrações turísticas. A limpeza deixa um pouco a desejar.",6,2024-01-30 00:00:00+00,0
"Boa localização, mas ao mesmo tempo ao lado dos bares com musica barulhenta até tarde da noite.
A piscina tem boa vista, mas fecha cedo (18h), pois o local abre um bar para os visitantes da cidade, o que conflita com a área de lazer dos hospedes.. ponto negativo para isto.",8,2024-02-05 00:00:00+00,1
Recomendado!!,10,2024-02-05 00:35:07+00,1
"Ótimo custo benefício, lugar agradável, localização otima",10,2024-02-07 00:00:00+00,1
"Hotel com excelente localização, próximo de restaurantes e farmácia. Quarto amplo, camas confortáveis e excelente limpeza do ambiente (as toalhas poderiam estar mais alvas), áreas comuns muito agradáveis. O rooftop é ótimo e tem uma linda vista da cidade, com piscina, restaurante muito bom, garçons prestativos e simpáticos, o cardápio poderia ser mais variado. Café da manhã bom, pedimos ovos fritos não mexidos e fomos atendidas. Apenas na recepção, funcionários foram muito educados, mas faltou acolhimento, simpatia.",8,2024-02-07 00:00:00+00,1
"Hotel muito bem localizado, limpo, quartos amplos e bem decorados. Café da manhã diversificado. Atendimento rápido. Rooftop muito bonito, um por do sol de cinema. Restaurantes, farmácias e bom acesso para qualquer ponto da cidade.",10,2024-02-07 11:50:14+00,1
"Cambiar almohadas y edredón, cubrecamas.  Olor a humedad en la abitacion .
No sabían de mi reserva . Me armaron una abitacion  de apuro con mucho  olor a humedad .
Había entrado agu desde la ventana todavía se veía las manchas.  El ascenso  es viejo y pudieron cámaras. Uno se siente observado  en todo momento. Las algombras de los pasillos son muyyyyyy viejas  etc etc etc
Ya no es el Visle tower que conocimos",4,2024-02-08 00:00:00+00,-1
"BOA LOCALIZAÇÃO, ÓTIMO CAFÉ DA MANHÃ.",8,2024-02-08 00:00:00+00,1
"Me hospedo todo final de ano com minha família no Viale Tower e nunca tive uma experiência ruim.
A infraestrutura é ótima,a área da piscina tem uma vista linda ,a localização é excelente com varias opções de restaurantes ao redor e o time de funcionários é muito prestativo,fora o café da manhã que é muito bem servido também!",10,2024-02-09 19:06:47+00,1
"Tudo ocorreu conforme o esperado. Os elevadores foram rápidos, mesmo com o número grande de andares. Café da manhã bem servido. Todos os atendentes bem simpáticos e solicitos. Ótima localização na área central, muito próximo a vários restaurantes que abrem todos os dias.",10,2024-02-10 00:00:00+00,1
Horrible costumer service,2,2024-02-12 00:00:00+00,-1
"Excellent roof terrace, staff a little unfriendly but did the job. Rooms satisfactory.",8,2024-02-12 16:05:08+00,1
"O hotel perdi muito sua qualidade nos últimos meses. Muito sujo, desde vidros e áreas comuns. Nosso quarto a pia do banheiro entupida e não havia saboneteira no boxe .. ( onde coloca-se sabonete para tomar um banho??) vidros do quarto muito sujos.",4,2024-02-13 00:00:00+00,-1
"Estivemos visitando o Sky bar e que vista, a mais linda de Foz, atendimento impecável do pessoal de serviço, tem dias com música eletronica e outros com voz e violão, pratos bem acessíveis, estacionamento incluso no ingresso, sim tem que pagar um ingresso pra ter acesso ao terraço, mas vale cada centavo.",10,2024-02-13 16:28:07+00,1
Muito bom.,10,2024-02-13 22:12:13+00,1
"Quartos confortáveis, limpeza, educação da equipe e excelente localização com diversas opções ao redor.",10,2024-02-13 22:46:38+00,1
"Bonito lugar, linda vista",8,2024-02-14 04:23:37+00,1
"Hotel com conforto, excelente localização e café da manhã gostoso.
Os funcionários são simpáticos, em especial o Paulo que trabalha no Sky Bar.
Quartos espaçosos, chuveiro muito bom. O ar condicionado é um pouco fraco, mas foi suficiente para que pudéssemos dormir saudavelmente.
Apesar de ficar um pouco distante das Cataratas e do Marco das 3 Fronteiras, pois aqui é tudo muito afastado, fica bem ao centro, próximo de comércio, bares e restaurantes.
A vista é muito bonita. Dá pra enxergar ao longe a Binacional.
O WI-FI funciona bem. E isso é importante, pois a Vivo não pega em quase nenhum lugar em Foz do Iguaçu, fica em roaming...
Recomendo a estadia.
.
Atualização: tome um expresso durante o pôr do Sol no Sky Bar. Que cafezinho sensacional...",10,2024-02-16 10:24:10+00,1
"Excelente, ótimo custo benefício!",10,2024-02-18 00:00:00+00,1
....,8,2024-02-19 00:00:00+00,1
"Sempre q vou a Foz fico nesse hotel, ótimo custo beneficio.",10,2024-02-19 00:00:00+00,1
Great location. The hotel rooms are basic but clean. Rooftop pool is added attraction. Breakfast is good but basic.,8,2024-02-20 00:00:00+00,1
Quarto muito bom (travesseiros e colchão  muito bons) exceto pelo ar condicionado que pinga a noite do nada e a limpeza poderia ser melhor do quarto e banheiro..meio superficial p um hotel dessa categoria...máquina do café na recepção falha..não tem produto correto ...o que conta é  a presteza dos funcionários isso é impecável.,8,2024-02-22 00:00:00+00,1
"Bons e macios e limpos. Acredito que ter pelo
menos 200 caracteres para poder continuar com a avaliacao e um desgaste desnecessario porque o que tem que ser avaliado com poucas palavras serao muito
mais uteis do que ficar escrevendo um monte de coisas. Favor rever este criterio.",10,2024-02-23 00:00:00+00,1
Simplesmente o melhor hotel de Foz com a vista mais incrível! Finais de semana com música ao vivo em frente a uma piscina de borda infinita. Pratos excelentes e funcionários muito simpáticos! Café da manhã muito gostoso. Pra fechar com chave de ouro a  localização é no coração de Foz!,10,2024-02-23 00:00:00+00,1
"A localização do hotel é excelente próximo a bares e restaurantes.

Quartos grandes camas aconchegante, ducha com boa vasão. 

Os funcionários são super atenciosos atendem aos pedidos prontamente,  principalmente o Jonas e sua equipe responsáveis pelo café da manhã e Sky o que torna a experiência incrível.",10,2024-02-24 00:00:00+00,1
"Funcionários atenciosos e prestativos,
Principalmente Jonas e sua equipe, sempre atento as necessidades do hóspede , hotel bem localizado, perto d restaurante,bares e farmácia, serviço de quarto rápido e café da manhã atende várias necessidades do hóspede seja a viagem ou a trabalho,já me hospedei aqui várias vezes e continuarei a voltar",10,2024-02-24 00:00:00+00,1
"1) Excelente ubicacion para vida nocturna. 
2) relativamente facil de llegar al parque iguazu para ver las cataratas. 
3) relativamente cercano ( aunque no tanto ) , de la frontera con ciudad del este. 
4) Muy buena edificacion. 
5) pocos ascensores para la cantidad de 
Habitaciones. 
6) el precio me parecio correcto. 
7) buena atencion. 
8) la velocidad de internet bastante mala. 
9) cerca de supermercado grande. (300 metros )",8,2024-02-24 00:00:00+00,1
"Hotel confortável, muito bem localizado, café da manhã delicioso!",10,2024-02-25 00:00:00+00,1
"Meu elogio vai para o pessoal do café da manhã Naiane, Ruth e Thais, essas meninas são maravilhosas e atenciosas. Só uma sugestão o buffet  da manhã pode melhorar. Os elevadores também um caos quando  tem muito movimento. Voltarei mais vezes.",10,2024-02-25 00:00:00+00,1
"A atenção e carinho dos funcionários da recepção e do bar do hotel são as melhores fui muito bem atendido por lá...um carinho especial pelo funcionário (Victor) do bar muito simpático e solicito...
Já o ruim fica por conta do pessoal de reservas pouco atencioso e não atende o telefone por nada e fiquei horas pra confirmar minha reserva",8,2024-02-28 00:00:00+00,1
"This is a pleasant little hotel right in the center of Foz do Iguacu, which is a much nicer town than I expected it to be.  There are several really good restaurants in the area.  The room was nice, although my one complaint would be that the windows didn't open so we could never air the room out and it got very stuffy.  There is a nice roof-top bar with a tiny pool.  The breakfast selection is good, although the breakfast room also gets stuffy due to lack of ventilation.  Overall, however, a very nice place to stay.",10,2024-03-02 00:00:00+00,1
"Hotel novo, piscina muito boa, cafezão da manhã e gentileza de todos os funcionários. Vista linda de parte da cidade!",10,2024-03-02 17:33:14+00,1
"Hotel com excelente localização, com bares, restaurantes e fast foods ao redor, confortavelmente indo a pé.

Quarto espaçoso e muito confortável com uma ducha super relaxante que renova para manter a maratona de passeios.

Café da manhã com muitas opções e variedades, tem para todos os gostos.

A vista da piscina é deslumbrante pena estar fechada no nascer do sol, mais isso não tira o glamour.

A recepção linda decoração temática da páscoa, com espaço para fotos, super criativos e de excelente bom gosto.

E o que falar dos funcionários...maravilhosos!!!! Todos muito atenciosos, prestativos super acolhedores.

Recomendo de olhos fechados e com certeza irei retornar.",10,2024-03-02 19:43:46+00,1
"Hotel muito bom. Quartos, limpeza, alimentação.  Somente as toalhas de banho poderiam ser melhores. Compatíveis com o ladrão do hotel.",8,2024-03-03 13:22:27+00,1
"gostaria de parabenizar o hotel pela limpeza, café da manhã excelente, e a comida do restaurante ótima também, e parabenizar em especial a Larissa, Matheus, Thais e Haiane pelo ótimo atendimento, foram super prestativos e educados. Com certeza voltarei e indicarei o hotel",10,2024-03-04 00:00:00+00,1
"O hotel Viale Tower é ótimo! Muito bem localizado e limpo! Cama deliciosa, espaço no quarto e banheiro muito bom!   Funcionários solícitos e cordiais! O rooftop é uma experiência sensacional! Vale a pena tomar um drink vendo o pôr do sol com aquela vista linda!",10,2024-03-05 00:00:00+00,1
Ok,10,2024-03-05 21:06:46+00,1
"Excelente ambiente, funcionários atenciosos e uma linda visão da tríceps fronteira Brasil, Paraguay e Argentina.",8,2024-03-05 21:13:51+00,1
Os garçons é as garçonete são super atenciosos é o quanro é confortável ele é limpo todo dia é ele só não tem janela no banheiro mas tem uma saída de ar quando aperta um dos  dois interruptores no banheiro. Mais a picina eu achei um pouco pequena mas é bom.,10,2024-03-06 00:00:00+00,1
"Padrão zero, atendimento ruim, sem limoeza de quarto
Hotel sem padrão nenhum, quartos sujos e não fazem a limpeza diaria.Mal atendimento na recepção.  Sem limpeza dos quarto.
Sky bar não atendem o pedido. 
Fiz pedido de agua demorou 20 minutos pra trazer",2,2024-03-07 00:00:00+00,-1
Muito agradável e num lugar bem legal,10,2024-03-07 00:00:00+00,1
"Hotel muito bom, os atendentes são simpáticos.
A equipe que limpou o quarto no dia 08/03/24 no 16° andar foi a melhor de toda estagia. 
Entretanto, abrir ao público externo o terraço tira a privacidade dos hóspedes e acúmulo (não tendo mesas e cadeiras para os hospedes), é um ponto muito complicado, penso que a prioridade seria os hóspedes.",8,2024-03-08 00:00:00+00,1
"Hotel maravilhoso perfeito, café da manhã impecável,atendimento do pessoal do Sky bar maravilhoso especialmente pra Larissa e toda equipe dela que nos ajudou com passeio indicações drinks maravilhoso primeira vez no hotel e amei indico pra vocês por do sol e a coisa mais linda que vi super indico",10,2024-03-08 00:00:00+00,1
"A experiência no hotel viale tower com a equipe SKY bar não poderia ser melhor atendimento da Larissa e equipe São maravilhosos como nunca tive em outro hotel que me hospedei até hoje espetacular, café da manhã como ao todo fomos super bem atendida irei recomendar para todos meus amigos em breve retornarei",10,2024-03-09 00:00:00+00,1
"Adorei todos os funcionários deste hotel Vialle Tower! especialmente os do Sky bar, Larissa e equipe e a equipe do café da manhã, que nos acolheram e recepcinaram muito bem.  Indicarei  este hotel pela sua localização e atendimento de excelência.",10,2024-03-09 00:00:00+00,1
"Ótima localização, atendimento, café da manhã, estacionamento. Entretanto, os elevadores não dão conta do movimento. Chega a ser insuportável a espera.",10,2024-03-09 00:48:18+00,1
"Quarto antigo, precisa atualizar, camareira batendo na porta as 08:00, falta de organização para informar a mesma que o quarto estava ocupado, tivemos que acordar para abrir a porta",6,2024-03-10 00:00:00+00,0
Local maravilhoso e equipe top,10,2024-03-10 11:00:00+00,1
Experiência muito boa. Excelente opção de hospedagem. Valeu muito!,8,2024-03-10 17:21:48+00,1
Excelente hotel! Sempre nos hospedamos nele!,10,2024-03-10 20:12:23+00,1
Ótimo está de parabéns a administração e funcionário,10,2024-03-11 17:07:27+00,1
"O hotel é muito bem localizado no centro de Foz de Iguaçu.

Nosso quarto era muito grande e confortável. O wifi funcionou bem.

O atendimento foi simpático.

Contudo, verificamos algumas falhas que podem ser melhoradas. 

O café da manhã era bom, mas pouco variado. Em um dos dias, a salada de frutas oferecida estava estragada.

O bar na cobertura é muito bonito. Contudo, não pudemos usar, no fim de semana, pois ele estava lotado com pessoas de fora.

Como o hotel estava muito cheio, o tempo de espera nos elevadores era muito elevado.

Uma nota correta mais correta seria 3,5.",8,2024-03-17 00:00:00+00,1
"Bastante tranquila e confortável. Chuveiro muito bom, ar condicionado gelando, quarto espaçoso.
Vista da cobertura com o pôr do sol  fantástico, porém muito acanhado o espaço dividido entre banhistas da piscina e outros hóspedes.
Elevador tbm muito disputado na hora do café da manhã.
Localização excelente perto do centro comercial, perto da vida noturna e tbm do transporte público.
Recomendo muito, voltarei sempre.
MÁRCIO COSTA 
PARACAMBI RJ
14/03/24",8,2024-03-19 00:00:00+00,1
"Hotel novo é bem estruturado com custo/benefício acima da média. Equipe de atendimento do turismo extremamente simpática e oferecendo pacotes bem interessantes. Área de turismo de Foz do Iguaçu extremamente organizada, padrão internacional. Fiquei orgulhoso de ser brasileiro",10,2024-03-21 00:00:00+00,1
"Hospedagem muito boa,com destaque para o sky bar, vista linda da cidade, por do sol e fantástico, fomos muito bem atendidos, especialmente pela Larissa. Merecem todos os elogios, com certeza indicarei o lugar pela sua localização  e ótimo atendimento.",10,2024-03-21 00:00:00+00,1
"O hotel tem uma estrutura muito boa, quarto com cama boa, chuveiro bom, café da manhã bem servido, funcionários atenciosos e educados, especialmente a Larissa e o Enéas do atendimento do bar da piscina. Caso retorne um dia, ficarei nesse hotel novamente.",8,2024-03-21 00:00:00+00,1
"A localização do hotel é perfeita e as instalações também. Os funcionárias são muito educados e a limpeza é perfeita. As roupas de cama e banho precisam melhorar.
O café da manhã e bom. Super recomendo o hotel e quando retornar vou ficar novamente no Viale",10,2024-03-22 00:00:00+00,1
"Estadia muito boa, atendimento excelente, me atenderam prontamente quanto ao meu problema de Lactose, hotel bem localizado, perto de tudo. A piscina que fica no ultimo andar tem uma vista maravilhoso, um pôr do sol espetacular!!!!!!",10,2024-03-22 00:00:00+00,1
Guzel otel,8,2024-03-22 00:59:33+00,1
"Ja a algum tempo estava para hospedar-me no VIALE TOWER, e a oportunidade nunca aparecia de verdade, porem agora em março de 2024 ela apareceu e nao deixei escapar,e so posso dizer q foi otimo,alem do bom hotel sua localização tb e excelente e se falar dos funcionarios, sera dificil escolher um so.
Começando pelo Cristiano,Jonatas,Marcelo,Aline,Bruno,Claudia,Thais,Eneas,Ruth(irmanzinha)Mia e entre outros q nao lembro o nome,mais eu sempre digo o seguinte: O hotel é a sua equipe,qdo a equipe é boa o hotel nao tem defeitos(kkk)....
E nao posso esquecer do seu Diretor Comercial Luciano, pois tudo começou com ele e a Bruna.
Olha se eu pudesse daria uma medalha a cada de vcs,porem quem le esse comentario e so procurar um desse acima citado q estara bem servido.
Abraços.

Nilton Araujo",10,2024-03-24 00:00:00+00,1
"Tudo muito bom, só não  recebeu nota 5 devido a problemas no elevador durante nossa estadia,  e a qualidade das roupas de cama e banho já bastante desgastadas.
No mais só elogios,  funcionários muito atenciosos, localização excelente,  infraestrutura completa.",8,2024-03-24 00:00:00+00,1
A nice hotel located in a part of town with many bars and restaurants. Good choice for a few days in Foz.,10,2024-03-24 20:49:50+00,1
"Also, der Standort vom Hotel ist sehr zentral. Allerdings hat der ganze 11 Stock muffig gerochen und auch mein Zimmer. Die Klimaanlage hat direkt auf's Bett geblasen, so dass Sie immer wieder ausschalten musste. Das Frühstück war nicht besonders. Weckservice bieten Sie nicht an.",6,2024-03-25 21:03:31+00,0
"Mixed review. Our first night, we had no bedspreads. Also, towels were thready and thin. I loved the Easter decor and breakfast offered  pretty good variety. Most staff very friendly and helpful.",6,2024-03-26 00:00:00+00,0
"The hotel was quite adequate for our purposes - that being to enjoy Iguazu Falls.
The breakfast was good and plentiful.
The view from the roof-top bar and restaurant were delightful.
Some very good restaurant choices nearby.",10,2024-03-28 00:00:00+00,1
Atendimento de excelente qualidade! Profissionais muito educados e atenciosos! Acomodação muito confortável e organizada! Muito satisfeita! E a Larissa do SKY bar é extremamente simpática! Faltam palavras pra descrever a satisfação com a hospedagem!,10,2024-03-29 00:00:00+00,1
Front staff are friendly but this hotel needs a complete makeover.  This place is very run down. And no kettle to make any  hot drinks.  It is close to restaurants and bars but that also means loud music at night. Not worth what we payed. Lots to choose for breakfast but very chaotic and loud.,4,2024-03-30 00:28:15+00,-1
Muito lindo.,10,2024-03-30 11:30:53+00,1
"Estadia tranquila, o café da manhã deixou a desejar, parecia que o hotel não suportava a demanda do feriado, tive que ficar esperando preparar algumas coisas que já tinham acabado no café da manhã",8,2024-03-31 00:00:00+00,1
"Localização muito boa, cama também. A manutenção dos quartos precisa melhorar. E o horário da piscina inicia muito tarde. O sky bar é uma boa opção. No booking informa que oferecem produtos de banho,mas só havia sabonete. O café é bom. No mais, ok.",6,2024-03-31 00:00:00+00,0
"Localização muito boa, no entanto os serviços deixam a desejar. As toalhas não foram trocadas nenhum dia pois segundo informação não tinha toalha pq o hotel estava cheio. Serviço no bar da piscina tinha q implorar p ser atendido mesmo c movimento os garçons ficavam dentro do restaurante q era longe da piscina. Custo bom ! Mas serviço deixou a desejar ….",6,2024-04-01 00:00:00+00,0
"hotel otimo e muito bem localizado, porem, me cobraram estacionamento e meu status do HOTEIS.COM me dava como privilegio o estacionamento gratis",8,2024-04-01 00:00:00+00,1
"Hotel muito bom, lugar excelente , bom café da manhã, funcionários atenciosos. Dá pra fazer os passeios e ir pro Paraguai de ônibus.",10,2024-04-03 00:00:00+00,1
Ótimo,10,2024-04-05 13:06:54+00,1
"fui apenas no restaurante, fiz o meu pedido de namoro… gostei muito da experiência, foi uma noite muito especial e fui muito bem atendido, realmente superou as expectativas… pretendo voltar mais vezes nesse lugar que é muito lindo!!!!!!!",10,2024-04-06 00:00:00+00,1
"Nos hospedamos no Viale Tower algumas vezes já e sempre retornamos porque adoramos a localização e também o SkyBar. As camas e o chuveiro deles são os melhores que já encontramos em hospedagens na região e as roupas de cama são de excelente qualidade (Altenburg) em sua maioria. O chuveiro é uma delícia, não dá vontade de sair dele, a temperatura você regula como prefere, porque o aquecimento dele é a gás, e a ducha é bem forte, parece que faz uma massagem nas nossas costas quando entramos. O shampoo e condicionador deles é muito bom também, por diversas vezes levei o meu por me preocupar em ficar ruim (meu cabelo é cacheado e não é qualquer coisa que fica bom), e quando precisei usar os deles me arrependi de não ter confiado antes. O único ponto fraco deles é o café da manhã (no meu ponto de vista), se você for depois das 9h muita coisa já terá terminado e possivelmente se depare com filas também, porém, senti falta também de coisas clássicas como um bolo de chocolate ou bolo de cenoura com cobertura de chocolate, que não encontrei mesmo indo mais cedo, lá pelas 8h da manhã. Com relação ao elevador, provavelmente vocês verão algumas reclamações, porém acho compreensível se você considerar o número de quartos e pessoas que se hospedam lá, não vejo isso como um problema. Dica extra: Aproveitem o cardápio e as coisas ofertadas no Skybar, a comida deles é excelente e não é cara, é um preço muito justo e eles não se aproveitam só por ser hotel. Fora o atendimento que é sempre excelente, adoramos passar a tarde lá na piscina comendo e bebendo com comodidade. Dica extra 2: Como a piscina fica no último andar é bem comum que você sinta frio cedo, então se puderem ir direto pra lá, logo após o check-out, vocês conseguem aproveitar mais, a partir das 17h, mesmo em dias quentes, costuma ser mais difícil ficar na piscina sem sentir frio.",10,2024-04-07 00:00:00+00,1
 Café da manhã + localização + acomodações = excelentes  Os elevadores não dão conta do recado e demoram,9,2024-04-07 12:37:14+00,1
 Da localização e custo benefício  Da limpeza e falta de acustica no quarto.,7,2024-04-07 13:21:37+00,0
 Bom de café da manhã. Atendimento de funcionários.  Piscina muito bagunçado. Não consegui fazer Piscina.,8,2024-04-08 10:48:32+00,1
" Boa localização, com estacionamento incluso e acessível. Limpeza, conforto e acessórios funcionando perfeitamente. Acesso tranquilo às áreas comuns.  Tudo no apto estava bem atendido, mas faço apenas a sugestão de que seja realizado uma reposição de alguns utensílios na cozinha para poder equalizar o conforto que o imóvel proporciona.",10,2024-04-08 17:34:08+00,1
" Hotel com instalações novas, ótimo café da manhã.  Estacionamento pago a parte. Algumas rachaduras nas paredes e teto do subsolo que causam
Preocupação.",9,2024-04-08 18:15:14+00,1
" Excelente atención del personal de recepción, buenas vistas desde el Sky Lounge y tragos muy ricos. La ubicación también es excepcional, a pocos metros de bares, restaurantes y tiendas. También de fácil acceso para llegar a las Cataratas en Uber, Bus o Taxi.",10,2024-04-09 00:22:45+00,1
 Café da manhã muito bom. Muito boa localização. Perto de vários bares e restaurantes para quem gosta de vida noturna.,9,2024-04-09 13:23:32+00,1
" O restaurante e piscina! Adorei a vista.
Cozinha muito boa
Quarto muito bom
Funcionários simpáticos 
Ótima localização  Tive dificuldade em dormir por motivo de música muito alta vinda dos bares aos arredores.
As toalhas de banho demoravam a chegar, pois disseram que o serviço da lavanderia é terceirizado, mas é muito desagradável querer tomar banho depois de um dia de trabalho ou de uma viagem e ter que ficar esperando até chegar as toalhas.",8,2024-04-09 14:03:28+00,1
" Café da manhã, localização, piscina, SKY bar  Demora em fornecer toalha de banho",10,2024-04-09 18:53:57+00,1
"De modo geral o hotel é bom.
Minha ressalva é que a tarifa praticada por eles não é das mais baixas, e por isso esperava no mínimo um mensageiro, e um manobrista. A pessoa que teoricamente estava ali para cuidar do estacionamento, não sabia informar se o estacionamento do sub solo estava lotado ou se havia vaga. Me fez descer com o carro, andar por todo sub solo e eu mesma constatar que não havia vaga e retornar. Outro fator é o estacionamento ser cobrado. R$35.00 por dia. Acho inaceitável, a diária já estava numa tarifa alta, o estacionamento poderia ser cortesia já que não tem manobrista, e o próprio hóspede precisa adivinhar se tem vaga ou não no sub solo. Não tem mensageiro, precisei de cobertor tive que descer para buscar, precisei de toalhas pois estávamos em 3 e só havia enxoval para duas pessoas, também precisei descer à recepção para buscar.
Então foram aspectos que me deixaram insatisfeita, pelo valor cobrado e serviço não entregue.",6,2024-04-10 11:43:03+00,0
"Muy bien ubicado, a 2 cuadras del centro, cerca a restaurantes. Tiendas de ropa.",10,2024-04-11 03:21:23+00,1
" Excelente relação custo/benefício. O hotel é muito bem localizado, fica perto de excelentes restaurantes e, apesar de sua localização central, o acesso às principais atrações de Foz do Iguaçu é muito fácil. Conta com uma equipe prestativa e simpática, acomodações adequadas e uma estrutura bem razoável (academia, piscina com deck na cobertura com uma bela vista e um bar anexo). Também oferece um bom café da manhã, tudo isso a um preço justo.",9,2024-04-12 13:27:31+00,1
" Limpeza, conforto, atendimento, localização  Nada",9,2024-04-13 00:37:04+00,1
Alles gut erreichbar alles sauber herrlicher Blick im 17. Stock mit Pool.,10,2024-04-13 01:30:47+00,1
 Café da manhã é bom.  Não tinha tomada ao lado da cama e cobram taxa para estacionar veículo.,8,2024-04-14 01:23:40+00,1
" Localização maravilhosa 
Próximo a restaurantes 
Comércio  Falta um pouco de manutenção e melhorar a limpeza",9,2024-04-14 12:00:02+00,1
" Servicio 
Limpieza 
Amabilidad",10,2024-04-14 21:43:23+00,1
" Perfeito Hotel !!! Atendimento de Recepção rápido e eficaz. Restaurante agradável com variedade de Pratos Quentes, Frios, Pães e Doces,sempre reabastecido.Quarto amplo arejado, silencioso com ótima roupa de Cama e Banho. Localização excelente com variedade gastronômica em torno do Hotel.Salientamos o atendimento no Bar da Piscina da Srta. Larissa, excelente no seu atendimento.  Não houveram pontos negativos a serem citados.",10,2024-04-15 13:30:54+00,1
" Café da manhã bom.
Atendimento muito bom  A janela travada",8,2024-04-15 20:44:23+00,1
"Fomos bem atendidos por todos os colaboradores, mas quero destacar o excelente atendimento prestado pelo colaborador Matheus. 
Muito educado, gentil e prestativo, sempre nos atendendo com simpatia e boa vontade. Nota 10.
O café é muito bom.",10,2024-04-16 00:00:00+00,1
" Quarto, café da manhã  Elevadores, ausência de ar condicionado no hall dos andares.",6,2024-04-16 02:22:04+00,0
 Quarto espaçoso e localização excelente  Tive que pedir duas vezes para repor papel higiênico. É um serviço básico que pode ser melhorado,8,2024-04-16 21:03:27+00,1
"Quarto extremamente Destruído, cheio de móveis estragados, cabelos no chão do banheiro, teia de aranha com aranha, janela que não abre nem um pouco. Extremamente mal cuidado. Paredes sujas, Hotel muito bem localizado porém muito mal cuidado.",2,2024-04-18 00:00:00+00,-1
Localizsção atendiemento e limpeza impecaveis,10,2024-04-18 00:00:00+00,1
 El desayuno y el gym  A veces demoraba el ascensor,10,2024-04-18 02:19:41+00,1
 A localização é muito boa. Tudo estava funcionando.  Reservei um quarto que possuía duas camas e quando cheguei no hotel fui informado que minha reserva era somente para uma pessoa. Acho que aqui está uma oportunidade para o booking. Além disso mostra que o hotel possui garagem porém é um valor a parte. Acho que já deveria ser algo incluso no valor da diária. É se trocar por muito pouco sendo que existem diversas oportunidades de melhora no hotel. Um dia fomos surpreendidos ao chegar no hotel e a porta encontrava-se aberta com todos os nossos pertences no quarto. Nos sentimos totalmente sem segurança com nossos pertences. Ao ligar para a recepção falaram que iam informar a governanta e não deram mais nenhuma resposta sobre o assunto. O banheiro faltava alguns acabamentos e o colchão da cama estava bem gasto. Notório o formato de U. Além disso aparece nos anúncios que o hotel possui academia. TODOS os equipamentos estavam QUEBRADOS!,7,2024-04-18 12:52:00+00,0
 Limpeza,10,2024-04-18 13:40:46+00,1
" Muito boa localização e com café da manhã agradável.  Foi uma estadia ok. 
Logo na chegada tivemos um probleminha com o quarto que ficamos, mas que prontamente foi resolvido pelos funcionários",8,2024-04-18 14:34:58+00,1
"Me hospedei no Viale Tower na semana passada e foi uma experiência incrível. Como eu também trabalho na área de turismo, costumo ser muito observadora na questão de qualidade do hotel e atendimento. O Viale Tower foi incrível! Na recepção fomos atendidos pelo Augusto, uma simpatia em pessoa e muito atencioso. Os quartos são bem amplos, cama muito aconchegante, wi-fi funcionando em todas as áreas (sem travar), chuveiro excelente e limpeza muito bem feita nos aptos. O café da manhã é muito gostoso, com opções inclusive pra quem tem restrição alimentar (como é o meu caso). Indicarei sempre o Viale Tower e voltarei com certeza! Amei a experiência.",10,2024-04-18 15:31:48+00,1
 Hotel muito confortável. Localização excelente. Café da manhã magnífico. Quartos enormes. Camas grandes. Fui com dois filhos e não me cobraram nada extra.  Estacionamento cobrado separadamente. É algo que me chateia em hotéis,10,2024-04-18 15:49:30+00,1
" O principal ponto é a localização, a mão de supermercado, bares, lojas, farmácias e dos pontos turisticos.  O espaço da piscina é lindo, mas o vidro sujo atrapalha a experiência e a água muito gelada.",10,2024-04-18 18:10:41+00,1
" Banheiro amplo, cama confortável",8,2024-04-19 00:12:23+00,1
"Hotel muito bom, confortável, quarto grande. Café da manhã delicioso! O Sky Bar que fica na cobertura junto a piscina é maravilhoso! Os funcionários todos muito atenciosos, Mateus e Victor foram sempre muito prestativos, nos dando informações e dicas da cidade! Ponto a melhorar: cobrança a parte do estacionamento! Não atentei a esta informação no site, até pq no estado onde moro não é cobrado o estacionamento nas diárias, achei isso um absurdo!",10,2024-04-20 00:00:00+00,1
"Great hotel with awesome reception. Everybody very helpful. Ideal location for tour operators to pick you up. Hotel is a little dated and can use a refresh. It just wasn't all that clean, but not dirty. Elevators take a long time to get to the restaurant and are slow. I was on the 9th floor. If you need to get to the lobby allow time. Loud music from a bar/hotel nearby. Bring ear plugs. Other dining options are nearby. Good hotel for a couple of night stay.",6,2024-04-20 00:00:00+00,0
Nice hotel and good breakfast!,8,2024-04-20 00:00:00+00,1
"Localização muito boa, próximo a tudo. Quartos amplos extremamente limpos.

Atendimento na recepção bem ruim, sem o sentimento de querer ajudar, muita má vontade.

Elevadores bem lentos.

Hotel Ok!",6,2024-04-21 00:00:00+00,0
Recomendo.,10,2024-04-21 20:56:50+00,1
"Bem localizado, porém nos finais de semana com muito barulho devido aos bares da região. Música a noite toda.
Ruim para quem quer descansar ou está com criança",10,2024-04-22 00:00:00+00,1
 Localização e rooftop  Demora no elevador que já era esperado devido as avaliações que li,9,2024-04-22 11:16:04+00,1
 Estrutura do hotel  Conforto do quarto ficou a desejar apesar da boa estrutura.,9,2024-04-22 11:53:42+00,1
 Muito  Muito,10,2024-04-22 13:27:55+00,1
" Tudo perfeito, quarto, café da manhã, e a piscina no topo do prédio, incrível  Cobrarem o estacionamento",10,2024-04-22 15:28:17+00,1
" Cama confortável 
Café da manhã bom  Cobrança do estacionamento( já estava ciente da cobrança).",9,2024-04-22 20:33:36+00,1
 O ambiente limpo  Acredito que nada,10,2024-04-23 00:44:05+00,1
Good location with good size rooms - clean hotel - lots of option for breakfast,8,2024-04-24 00:00:00+00,1
"Estive no hotel em julho de 2023, tinha feito reserva diretamente com o hotel de 3 dias, infelizmente precisei sair antes, pois um familiar foi internado e eu precisava acompanhar. Nesse caso desci ate a recepção e solicitei reembolso de uma diaria, pois paguei tudo para o hotel , nao devolveram, e me deram o credito dessa diaria , para usar em 1 ano. Porem apenas passaram o código, e nao enviaram o email. Agora estou tentando usar o credito, e nao consigo, pois segundo pessoal de reserva, vale 6 meses, MAS NINGUÉM ME DISSE ISSO ANO PASSADO. Muito menos registraram. Queria pegar mais diarias e usar essa, pois esta paga. E acabei recebendo a negativa. Não tem palavra. Vergonha mesmo. Nunca irei retornar e muito menos indicar… lamentável.",2,2024-04-24 00:00:00+00,-1
" Bom cafe da manha
Piscina no Top Roof",8,2024-04-24 13:24:16+00,1
"Estive no hotel em julho de 2023, tinha feito reserva diretamente com o hotel de 3 dias, infelizmente precisei sair antes, pois um familiar foi internado e eu precisava acompanhar. Nesse caso desci ate a recepção e solicitei reembolso de uma diaria, pois paguei tudo para o hotel , nao devolveram, e me deram o credito dessa diaria , para usar em 1 ano. Porem apenas passaram o código, e nao enviaram o email. Agora estou tentando usar o credito, e nao consigo, pois segundo pessoal de reserva, vale 6 meses, MAS NINGUÉM ME DISSE ISSO ANO PASSADO. Muito menos registraram. Queria pegar mais diarias e usar essa, pois esta paga. E acabei recebendo a negativa. Não tem palavra. Vergonha mesmo. Nunca irei retornar e muito menos indicar… lamentável.",2,2024-04-24 20:21:58+00,-1
 Very good location and breakfast.,8,2024-04-25 00:16:48+00,1
"Problema com a chave no checkin que foi solucionado pelo atendente da portaria! Fora isso uma ótima estadia, quarto bom, bar na cobertura, garagem com segurança!",8,2024-04-26 00:00:00+00,1
"Ótimo!
Adoramos",10,2024-04-26 16:35:03+00,1
"Location was near supermarket, restaurants. Hotel was clean and staff were friendly.Breakfast had a variety of food.Rooftop pool with restaurant and bar was a nice area to sit & look out over the surrounding area.",8,2024-04-27 00:00:00+00,1
" O hotel é muito bom, a vista, o quarto, a comida, localização ótima.  Acho que trazer pessoas de fora (pessoal que reserva o terraço para o pôr do sol ou que venham consumir na piscina, não sendo hóspede) que não estão hospedadas no hotel não é legal. Na nossa última estadia no hotel aconteceu uma situação com um visitante do terraço que não foi legal.",10,2024-04-27 10:30:06+00,1
" Quarto amplo,  cama confortável,  atendimento cordial e muito gentil.  Café da manhã variado. Possibilidade de deixar as bagagens no hotel antes e depois dos horários de check-in e check-out. Ótima localização,  próximo a restaurantes e ao ponto onde passa o ônibus para o parque das aves e Cataratas.",9,2024-04-27 12:22:21+00,1
"Fomos ao Sky bar para uns drinks a noite, mesmo pagando a reserva a vista é linda, os drinks são muito bons, atendimento nota 10, DJ e pessoas bonitas curtindo a quinta a noite 🌃",10,2024-04-28 00:55:55+00,1
" Hotel bem localizado, limpeza satisfatório e quarto bem estruturado.  Café da manhã apesar de ser variado para quem fica vários dias é sempre a mesma coisa e senti falta de pão francês. Mas o q eu achei pior foi o fato de ter uma placa em todo lugar do hotel dizendo que é 100% não fumante , relatando inclusive uma taxa de higienização para quem fumasse e infelizmente não pude tirar proveito da piscina porque duas mulheres foram autorizadas a fumar lá, para mim foi horrível pois tenho renite e fico péssima com a fumaça do cigarro, falei com os funcionários mas senti q eles.estavam numa situação difícil. Enfim, tive q me retirar.",5,2024-04-28 14:15:23+00,0
" Todos muy espectacular, limpio, atentos, y lejos la piscina con el bar 👌  Nada que decir",10,2024-04-28 21:36:01+00,1
"Em geral foi ok. Mas no quarto não tinha tomada dos dois lados da cama, fez bastante falta para deixar nossos celulares e power bank carregando durante a noite.
É meio demorado para pegar uber em Foz, infelizmente os taxistas não ficam parados na frente desse hotel como em outros do centro.
Mas tem um caixa eletrônico na recepção, muito útil para quem vai às compras.",8,2024-04-29 00:00:00+00,1
"Hospedagem com um ótimo custo-benefício, bem localizado, ao lado de excelentes de bares, restaurantes e afins, ótimo para quem quer caminhar e conhecer o bairro. Possui um rooftop maravilhoso com uma vista linda panorâmica, piscina de borda infinita, aos finais de semana tem música ao vivo, aberto também para não hóspedes. Acomodação bastante ampla e confortável, café da manhã bom, colaboradores simpáticos e prestativos. Enfim, recomendo!",8,2024-04-29 00:00:00+00,1
 Localização  Elevador muito lentos,10,2024-04-29 00:17:47+00,1
"イグアスの滝見学の為二日間お世話になりました。
タワーホテルの眺めは良く、町全体のカラフルな様子が分かります。
近くにスーパーもあり　甘いお菓子が所狭しと陳列して　お国柄が分かるような。
夜中は、近くのお店で太鼓の練習なのか盛り上がって、ブラジルの賑わいが感じられます。
食事は、フルーツがとても美味しく頂きました。",6,2024-04-29 02:55:37+00,0
" Todo genial.... Limpio, buena atención, el desayuno 👌
Lejos la piscina y bar",10,2024-04-29 11:07:32+00,1
"Melhor hotel para hospedar, do quarto ao café da manhã estao todos de parabéns.",10,2024-04-29 12:07:27+00,1
" La piscina excelente ubicación, los tragos del bar muy bueno, el desayuno era variado, su ubicación es central en medio de la entretención y por que nos gusto mucho nos quedamos 2 noches.",10,2024-04-29 13:45:31+00,1
" Localização excelente, próximo de ótimos restaurantes, funcionários muito educados, prestativos e atenciosos, limpeza dos quartos ótima também  Box da cama fazia muito barulho, parecia que havia algo solto ou mal regulado (ouvia até os dos outros quartos fazer barulho), isolamento acústico deixou a desejar pois havia um bar próximo que tinha música alta até a madrugada e não nos deixou dormir pois ouvíamos tudo de dentro do quarto (mesmo estando no 15 andar), e o box do chuveiro vazava água",9,2024-04-29 14:45:53+00,1
"Hotel sensacional, nunca fiquei em um hotel tão silencioso, quarto espaçoso, confortável e a área da piscina é maravilhosa com um Por do Sol inesquecível. Café da manhã com comidas muito saborosas e opções. Recepção muito atenciosa e rápida, estacionamento gratuito, vários restaurantes em volta do hotel super tranquilo de ir. Super recomendo.",10,2024-04-30 00:00:00+00,1
 A piscina/rooftop bar. O hotel cheira muito bem.  .,10,2024-04-30 06:56:25+00,1
" localização  Erro de comunicação com o financeiro.  Fiz pagamento antecipado. Comprovei o mesmo com o atendente no momento do check-in e mesmo assim ele insistiu que não tinha sido realizado. Foi mal educado, grosso e ameaçador.",5,2024-04-30 12:52:31+00,0
" ótimo café da manhã, travesseiros um pouquinho duros e colchão desgastado. No horário de pico os quartos no meio precisam esperar muito tempo para pegar o elevador, já vem cheio de cima. Barulho de música com bateria dos barzinhos próximos incomoda os andares da metade para baixo. Comida restaurante boa e porção generosa, dá pra duas pessoas bem tranquilo, entretanto o garçom disse que era insuficiente. Pedimos duas e sobrou bastante. Valor bem coerente pela qualidade oferecida. Bebidas drinks e entretenimento muito bons.",8,2024-04-30 20:56:43+00,1
" Cama de casal normal
Pouco cabide
Falta de tomada perto da mesa de cabeceira",8,2024-05-04 12:34:54+00,1
"O quarto a única coisa muito ruim são as camas , o quarto de casal que ficamos tem 2 camas de casal mas o colchão é muito ruim, afunda , não dá pra dormir o casal na mesma cama por que afunda .

O café da manhã é bom, básico mas muito bom.

O local é excelente perto de tudo restaurantes, bares, farmácia etc e organizado .

A limpeza do quarto é boa",8,2024-05-04 17:40:40+00,1
"Tudo muito bom,desde a localização até instalações, entretanto não fiquei feliz com os fumantes presente e a vontade que lá tinham apesar  de ter cartaz para todos lado dizendo que o hotel é 100% Sem cigarro.",6,2024-05-05 00:00:00+00,0
"Banheiros carecem de melhoria; magnetização da chave em duplicidade, ocasionando invasão do apartamento por terceiros... limpeza dos apartamentos sempre com atraso... até agora não foi feita. Estivemos desde às 8h fora.",6,2024-05-05 16:18:31+00,0
"Experiência agradabilíssima . Recomendo a todos, quarto ótimo, sky bar com serviço de excelência.",10,2024-05-06 00:00:01+00,1
 Gostei de quase tudo  Barulho de música alta dos bares ao redor do hotel. Sempre me hospedo nesse hotel e essa foi a primeira vez que isso aconteceu.,9,2024-05-06 00:45:51+00,1
" A localização é excelente, todos os principais restaurantes estão ao redor do hotel, fica fácil ir a pé a qualquer um deles, as atrações também estão próximas, fizemos tudo via Uber  A limpeza fica muito a desejar, pegamos o quarto com o banheiro sujo, privada suja, espelhos e pia também. A manutenção ao longo dos dias da estadia também foi ruim. Pouco elevadores também, ficávamos um bom tempo esperando!",7,2024-05-06 13:37:49+00,0
 Localização,10,2024-05-06 14:45:32+00,1
"Esta bien ubicado y tiene muchos lugares para salir a comer cerca. Pasa el colectivo 120 (tiene parada a 2 cuadras, tanto ida como vuelta), que te lleva a cataratas del lado de Brasil, parque das aves y al shopping gran paladium.
Los cuartos son cómodos y amplios. El baño tiene shampoo, acondicionador, gorro de baño y jabón. El personal es muy amable (todos!!) y muestran predisposición para explicar cómo llegar a algún punto o llamar un taxi y dejarlo agendado (usamos ese servicio para ir al aeropuerto).
La terraza tiene una vista hermosa y la carta del bar es similar a otras de la zona. Ofrecen sombrillas y tienen mesas o tumbonas para disfrutar del espacio.
El desayuno es completo y variado",8,2024-05-07 12:17:46+00,1
" O quarto é espaçoso, assim como o banheiro. O por do sol muito bonito, vista .no 17 andar..ótimo café da manhã.  Localização ótima  com bares, restaurantes, mercado, tudo próximo.  Permanecemos por 3 noites e a limpeza durante a estadia foi muito mal feita. O estacionamento não está incluso na diária.",8,2024-05-07 22:44:11+00,1
" Hotel novo, muito bem localizado, café da manhã bastante variado e com alimentos e bebidas de qualidades (sucos da fruta). Fiz a corrida da Cataratas e por isso precisei acordar às 4h da manhã e já tinha um super café da manhã nos esperando. P minha surpresa não tinha somente eu no hotel para a corrida (descobri no café que haviam mais pessoas de outros estados.  O valor da diária do estacionamento é muito caro. 35,00 por dia. Gastei 110,00. O hotel não tem nem manobrista. As vagas cobertas são limitadas e por isso tem de deixar o carro no tempo mesmo. Achei absurdo o valor do estacionamento. Poderiam cobrar um valor simbólico. Praticamente a metade do valor da diária do apartamento. Muito caro mesmo. Vamos rever este valor do estacionamento hein hotel!?",9,2024-05-08 00:11:05+00,1
" O quarto é amplo, limpeza impecável, todos os funcionários do hotel são muito gentis e a localização que é espetacular.  Adorei tudo!",10,2024-05-08 00:14:36+00,1
" Café da manhã muito bom......  Aparelhos da academia estão quebrados, somente a esteira funcionando.
Estacionamento apertado para carro de médio a grande porte.",9,2024-05-09 14:21:08+00,1
" Nada , já tinha ficado antes .. 
me supreendeu com a desorganização  Tudo sujo 
Totalmente diferente do que era nas fotos …
Caiu muito na qualidade",4,2024-05-09 16:54:17+00,-1
 The location is great with all the good restaurants and pubs around. Also great pool and the view from it,9,2024-05-10 05:43:25+00,1
"Bem localizado ao centro da cidade, próximo de mercados, farmácia, restaurante e alguns pontos turísticos com roftop e piscina estacionamento R$35,00  em frente do hotel e interno.",8,2024-05-10 09:49:54+00,1
 Localização.  Limpeza,6,2024-05-10 13:23:01+00,0
" Piscina , camas cómodas  Habitacion en piso 17 daba atrás del edificio baño sin casi luz 
Humedades en paredes 
Frigobar sin Nada
Alfombra vieja y huele a humedo",7,2024-05-10 21:09:31+00,0
" O café da manhã tinha um menu bastante completo, com ótima qualidade em tudo que era servido e reposição imediata e constante o tempo todo. Encontramos até equipe de controle de qualidade do hotel fazendo coleta de amostras para análise. A localização é boa, numa área repleta de bons restaurantes e bares e ambiente agradável e aparentemente seguro nas ruas. Os colchões eram macios um pouco além do ideal, mas a limpeza e troca de roupas de cama e de banho foi impecável. O happy hour ao por do sol à beira da piscina no terraço é um diferencial do hotel. A construção relativamente nova afasta problemas recorrentes em diversos hotéis mais antigos, como cheiros desagradáveis, mofo, mal funcionamento de ar condicionado, TV, internet, elevadores e outros equipamentos. A área do quarto é suficiente para ninguém se sentir enjaulado, e a vista nos apartamentos da frente é muito bonita. É um bom hotel para quem procura uma acomodação bem localizada, prática, sem defeitos graves, com pessoal cortez, bom café da manhã e boa localização, mas não faz questão de luxo e decoração especial.  No hotel não chegamos a ter problemas com elevadores parados, mas são apenas 2 para atender 150 apartamentos em 17 andares. Nos momentos de pico fica um pouco demorado. No nosso quarto tudo funcionou bem, exceto a porta do box que estava agarrada, muito pesada. Não há serviço de quarto disponível, mas um bar localizado no último andar serve refeições simples que amenizam a falta. A piscina de borda infinita no terraço é um charme, mas é pequena e a água não tem aquecimento.",8,2024-05-10 23:32:15+00,1
 Espaço,9,2024-05-11 16:07:28+00,1
" Localização  Incidente com fornecimento de cartão magnetico a outro hóspede, causou certo constrangimento as partes.",7,2024-05-11 18:43:23+00,0
 Good location  Poor customer service,7,2024-05-12 13:53:53+00,0
"Hotel bem localizado, com rooftop (onde funciona um restaurante) com belíssima vista para as Três Fronteiras e perto de várias boas opções de restaurantes. Tem estacionamento subterrâneo ao custo de R$ 35 a diária.",10,2024-05-12 14:06:21+00,1
" O quarto sempre bem limpo e organizado, restaurante do hotel muito bom  Não teve nada que não gostei",10,2024-05-12 15:37:57+00,1
 La ubicación  El deterioro,8,2024-05-12 23:32:24+00,1
" Hotel fica em um ponto perfeito para quem quer conhecer as cataratas, incluindo ponto de onibuas ao lado para quem quiser conhecer todas as atrações incluindo da Argentina. Os restaurantes ao das esquinaa são maravilhosos e o Por do Sol é maravilhoso no Roof Top.  Infelizmente a Piscina é extremamente gelada. Tive problemas sérios no Check-out - o Hotel limpou meu quarto e executou o check-out porém nossas coisas estavam dentro do quarto enquanto estavamos em um passeio e ao chegar tivemos que comunicar a tinhamos pago para mais um dia, mas tive que provar. Nem um hospede merece esse tipo de situação. Ao check-in nos direcionaram a um quarto que parecia não estar limpo e até encontramos sabonete usado. O ar condionado do café da manhã não funcionava o suficiente. O atendimento ao consumo no Roof Top deixa a desejar. Os horários para Roof Top é apenas em Hr comercial não fazendo sentido já que normalmente no periodo estamos em passeios.",8,2024-05-13 18:40:01+00,1
" Todo, muy buena atención  -",10,2024-05-14 00:01:49+00,1
 Localização  Nada,10,2024-05-14 00:38:58+00,1
" Belle piscine au dernier étage 
Bon restaurant à proximité pour tous les prix  Seulement 2 ascenseurs 
Temps attente un peu long parfois",8,2024-05-14 10:10:04+00,1
" Café, terraço.",10,2024-05-14 10:15:19+00,1
" Ótima localização.  Apesar de uma estrutura nova, apartamento com estrutura quebrada (lavatório). Elevadores que assustavam com trancos, tivemos a infelicidade de ficar preso no elevador, ninguém do hotel (ninguém) socorreu ou foi atender o alarme, tanto que o hóspede que ligou para o técnico, mais de 30 minutos com criança.
Além disso, faltou papel higiênico mesmo após a limpeza do apartamento.",5,2024-05-14 10:53:45+00,0
 Estacionamento a parte.,10,2024-05-14 15:10:11+00,1
" Quarto amplo com duas camas de casal é excelente para quem procura espaço e conforto mesmo dividindo quarto.
Ar condicionado funcionou bem. Janelas com bom isolamento acustico ajudam a salvar a noite de sono diminuindo a entrada de som dos bares vizinhos no final de semana.
Chuveiro ótimo.
Café da manhã muito bom com diversas opções.  Falta um pouco de manutenção, atualização e cuidado com o acabamento em itens do banheiro e do quarto. No banheiro havia toalheiro e suporte da ducha higiênica se soltando das paredes e granito da bancada quebrado e sifão da pia totalmente aparente gerando má impressão.
Apesar de ter um rooftop com piscina e vista para a cidade, o Hotel não divulga no momento da reserva que esse espaço é aberto para uso publico e que isso limita a experiência do hospede no espaço e que principalmente impede o uso da piscina em alguns momentos para realização de eventos externos. 
Não há manobrista para o uso da garagem. Vc mesmo entra com o carro e estaciona. Alguns podem encontrar dificuldade com isso. Diária da garagem não é barata.",8,2024-05-14 19:55:57+00,1
"Os funcionários do hotel são muito atenciosos e educados.Uma experiência muito agradável.Destaco o atendimento no Sky bar feito por Rosiane e Matheus,e no café da manhã por Jonas. 
Uma estadia maravilhosa,recheada de dias muito felizes em Foz do Iguaçu,experiência ímpar!",10,2024-05-15 00:00:00+00,1
" Me encantó la ubicación, la habitación es muy amplia, la cama era cómoda.  Dos críticas constructivas: 1- Es necesario una renovación y mejoramiento en el baño; 2- Después de desayunar se nos quedó la ropa con olor a comida… faltarían más extractores u otra solución a ese problema.",9,2024-05-15 13:35:35+00,1
 Excelente atendimento e ótimo café da manhã.  Nada a relatar.,10,2024-05-15 17:05:36+00,1
" A fost foarte frumos, raport calitate preț, piscina are un view superb , la fel și sky bar-ul.",10,2024-05-15 20:02:40+00,1
 Barulho dos quartos vizinhos,8,2024-05-18 12:18:14+00,1
" Very good breakfast, and rooftop pool with great views of the city and across the river to Paraguay. Conveniently located in the city with lots of restaurants/bars nearby",8,2024-05-19 02:03:55+00,1
 Praticidade/localizacao  Barulho na madrugada,9,2024-05-19 20:41:10+00,1
 Localização próxima dos bares e restaurantes. Café da manhã muito bom. Estrutura do hotel bem conservada. Cama e quarto muito confortáveis. Vista maravilhosa do terraço com piscina.  Preço elevado das bebidas no bar da piscina.,10,2024-05-20 10:56:41+00,1
A estadia foi ótima nos dias úteis.  No final de semana o hotel lota de mais e o fluxo nos elevadores ficam complicados uma vez que tem o terraço com área de lazer e piscina,10,2024-05-21 00:00:00+00,1
" Gosteu muito da localização e da acomodação. Não gostei da inflexibilidade em resolver situações incidentes após firmada a reserva. Dificultaram cama extra e também devolução de valor por um hóspede.  Apenas da falta de empatia em resolver a situação imprevista. No mais, gostei bastante do hotel e já o recomendei.",8,2024-05-21 16:24:47+00,1
" O quarto é ótimo, café da manhã muito bom, colaboradores educados e atenciosos. Voltarei!  Atendimento do restaurante a noite deixa a desejar e também a qualidade do som, não sei se era do cantor ou do hotel, mas  estava um pouco desagradável, não dava pra ouvir bem a voz do cantor.",10,2024-05-22 01:58:35+00,1
 Localização e conforto  Quartos com 2 camas de casal,9,2024-05-22 11:57:19+00,1
" Atendimento dos funcionários principalmente da copa  Café da manhã poderia ser melhor.,  Ducha ( chuveiro  com pouca água) .",6,2024-05-22 12:40:33+00,0
" Ótima localização, próximo à restaurantes e bares. Quarto grande e espaçoso, cama confortável, chuveiro excelente e café da manhã muito completo.",8,2024-05-23 11:58:15+00,1
Tudo OK,10,2024-05-24 00:00:00+00,1
"Hotel é bem localizado e a as acomodações são muito boas , o café é bom , maior ponto negativo é o elevador , muito lento , e demorava muito tempo pra conseguir usar !",8,2024-05-24 00:00:00+00,1
"Dos 3 dias que passamos la, infelizmente choveu 2 dias, mas no ultimo dia fez sol e o por do sol da cobertura foi incrivel, fora o conforto e limpeza dos quartos e o staff é simplesmente incrivel. Pessoal sempre sorridente, feliz, e dispostos a nos ajudar.",10,2024-05-24 00:00:00+00,1
" Lo staff di una gentilezza ed educazione unica, la struttura bellissima con una piscina pazzesca ed uno Sky bar che fa invidia agli altri hotel, assolutamente soddisfatti della nostra scelta  Bagno da migliorare, non eccellente come il resto della stanza e colazione non delle migliori",10,2024-05-24 13:42:36+00,1
" La ubicación, habitacion.
Muy serviciales.
Buena atención y el hotel muy cuidado  Comida, buena intención pero no era muy rica.
También era ruidoso por los bares de la zona.",8,2024-05-24 15:30:38+00,1
Hotel bem localizado e atende a uma viagem curta c muito conforto,10,2024-05-26 00:00:00+00,1
Great location for restaurants. About 20-30 min from main attractions. They have remodeled and done improvements. Great breakfest . Felt safe in hotel and area,10,2024-05-26 00:00:00+00,1
 La pileta y su vista  No tengo quejaa,10,2024-05-26 14:30:31+00,1
 Essencialmente da localização  Nada que eu me lembre,10,2024-05-27 19:23:11+00,1
" cafe da manha muito bom, localizacao excelente.",8,2024-05-28 12:46:25+00,1
" Café da manhã bom. Localização ótima.  Fiquei mais de uma diária, coloquei a placa solicitando a limpeza do quarto, não foram capazes de trocar as toalhas, somente arrumaram a cama e tiraram o lixo do banheiro.",5,2024-05-28 23:18:51+00,0
" melhorar o controle de uso dos carrinhos de bagagens !!! Alguns hospedes levam o carrinho para o apto e não devolvem à recepção, principalmente na noite anterior ao chekout !!!!  cobrança de diaria do estacionamento no valor de R$ 35 + 5% ISS",8,2024-05-29 13:28:21+00,1
" Localização Excelente, cafe da manha bom.  Nada a destacar",7,2024-05-29 19:29:04+00,0
 Localização  Acredito que o cafe da manha poderia conter itens de melhor qualidade,10,2024-05-29 20:25:40+00,1
Melhor pôr do sol de Foz do Iguaçu,10,2024-05-29 20:44:47+00,1
" Ótimo custo benefício. 
Quarto amplo,  com duas camas de casal. Hotel extremamente limpo.  Elevadores lentos.",9,2024-06-01 12:45:33+00,1
" Bem localizado, central.  Pedi pra trocar só as toalhas no terceiro dia e não trocaram até o dia de ir embora. 
Café da manhã repetitivo, no último dia não queria mais nem olhar.",9,2024-06-01 13:45:30+00,1
 Hotel muito bem localizado. Equipe presta um ótimo atendimento. Tem um bar na cobertura com uma vista incrível e que serve comida deliciosa.,9,2024-06-01 22:20:16+00,1
Boa,8,2024-06-02 00:00:00+00,1
"Estadia razoável, camas confortáveis, ar condicionado antigo e meio sujo mas funcionando e o banheiro tinha um cheiro estranho, tivemos que trocar de quarto porque o que estávamos inicialmente estava com infiltração e um cheiro de mofo muito forte e ai trocaram a gente de quarto.

Quando chegamos queriam nos cobrar 35 reais de estacionamento por dia, sendo que aqui dizia que estava incluso e só depois de questionado que foi verificado que estava incluso na nossa diária.",6,2024-06-03 00:00:00+00,0
" Tamanho do quarto e banheiro bons e confortáveis, o preço do restaurante do hotel é bom, café da manhã com boas opções. Funcionários educados e na maioria prestativos. O bonus é o sky bar na cobertura com uma vista incrível da cidade e do rio.  Espaço do café da manhã fechado sem ventilação, todos os dias saímos cheirando a comida, apenas 02 elevadores lentos que não atendem a demanda de hóspedes.",7,2024-06-03 13:11:50+00,0
" Localização perfeita, perto de tudo.",10,2024-06-03 22:08:53+00,1
Excelente hotel! Localização e vista sem igual! Café da manhã ótimo. Cama muito boa. Sky bar muito bom. Uma pena não poder subir lá e tomar seu próprio drink.,10,2024-06-04 00:00:00+00,1
" value for money! great breakfast, great location, super friendly and helpful staff!  Rooms looking a little tired… in need of painting, some furnature was damaged/broken.",9,2024-06-04 10:43:20+00,1
Equipe bastante atenciosa e receptiva,10,2024-06-04 20:05:28+00,1
" Quarto amplo e muito confortável. A localização do hotel é excelente, próximo  de vários restaurantes e bares.",9,2024-06-04 21:43:37+00,1
 Muito Boa  Não tem manobrista e não comprava estacionamento,10,2024-06-05 00:48:03+00,1
 Confortável e limpo  Tinha barulho de música em uma das noites no quarto pois há uma balada no rooftop do hotel e o barulho vinha para o quarto.,8,2024-06-05 21:36:45+00,1
"Adorei a experiência no hotel, confortável, funcionários educados. Voltarei mais vezes.",10,2024-06-06 00:00:00+00,1
"Muito tranquilo o dia a dia no hotel. colaboradores muito atenciosos, bar muito legal, apartamento espaçoso e a localização espetacular. Os melhores bares e restaurantes de Fóz estão a 100 metros do hotel. Indo a pé, pode beber e comer à vontade.",10,2024-06-06 00:00:00+00,1
 Excelente hotel,10,2024-06-06 23:53:26+00,1
Tudo excelente. Mas poderia poder levar a própria comida e bebida para o terraço!,10,2024-06-07 00:00:00+00,1
Quero fazer Uma recomendação em nota 10 para Veridiana por ser uma excelente profissional e atenciosa. As instalações do hotel muito boas a recepção  Tem excelentes profissionais . Enfim  parabéns a toda a equipe. A localização é perfeita Bons restaurantes  a limpeza  Proximidade  de todas as  Locais de visitação turística .,10,2024-06-07 00:00:00+00,1
 localização  Toalhas de banho,9,2024-06-07 09:51:18+00,1
"Já me hospedei em tantos hotéis mas esse sem dúvida foi o melhor custo benefício!
Atendimento simplesmente incrível!
Confortável! Adoramos!",10,2024-06-08 00:00:00+00,1
Excelente servicio,10,2024-06-09 14:23:33+00,1
"Exelente lugar y todo Perfecto totalmente recomendable, voy a regresar.",10,2024-06-09 16:21:53+00,1
"Excelente lugar, muy buena atención y las habitaciones un lujo, super recomendable",10,2024-06-09 17:20:32+00,1
Muy buen servicio y atención al cliente.,10,2024-06-09 19:52:07+00,1
" Atendimento, limpeza.  O elevador,  como estávamos no segundo andar foi bem tranquilo descer pela escada,  mas quem estava em andares acima tem um grande problema com os elevadores.",7,2024-06-09 20:50:55+00,0
 Tudo perfeito,9,2024-06-10 00:18:34+00,1
" Localização, Limpeza, Café da manhã e conforto. Os atendentes da noite foram muitos atenciosos e solícitos.",8,2024-06-10 14:34:05+00,1
" Amamos a educação dos colaboradores do hotel, a limpeza e disposição do quarto. Nada a reclamar  Nada a reclamar",10,2024-06-10 16:19:46+00,1
" Ótima localização  Inseguro, barulhento e desrespeitoso.
Festas no terraço que não conseguimos usar piscina. Pessoas bêbadas e sem ser hóspedes circulando sem identificação e sem controle. 
Não levaria meus filhos a um hotel assim.
Festas eletrônica com música até 1h da manhã.",1,2024-06-11 02:22:32+00,-1
 De tudo café da manhã maravilhoso  As duas cama do quarto fazendo barulho e fiquei no 16 andar a parte de cima arrasta muita cadeira e barulho de festa!,8,2024-06-11 13:51:14+00,1
"O ck in é confuso; pedem os dados novamente apesar de já ter me hospedado outras vezes ali. São apenas 2 elevadores (pequenos) para 17 andares - se prepara para esperar pelos elevadores. Opção de usar as escadas - às vezes as luzes não acendem automaticamente e você desce degraus no escuro. O quarto é muito barulhento inclusive com funcionários falando nos corredores; as cortinas não vedam a luz totalmente (no meu quarto tinha fita adesiva que algum hóspede anterior tentou usar para ‘colar’ a cortina a parede). Estacionamento na frente do hotel não pode ser usado - apenas embarque e desembarque - vejam na foto onde fica o carro - não há manobrista. A localização é muito boa mas pelo mesmo valor você vai encontrar opções de resort na rodovia das cataratas com serviço bem melhor. Bar da piscina no 17 andar com bela vista da cidade! Café da manhã com boa variedade mas queijo e presunto que obviamente estavam congelados pela apresentação. Em resumo, tem opções bem melhores pelo mesmo preço.",6,2024-06-12 21:28:50+00,0
Hotel topado,10,2024-06-13 22:05:45+00,1
 Café da manhã e instalações,10,2024-06-15 00:54:33+00,1
"Localização é o grande diferencial, não possui serviço de lavanderia, o rooftop na cobertura é muito bom",10,2024-06-18 02:54:13+00,1
" Quartos limpoe e espacoos  A iluminacao do quarto, e barulho da rua que dá p ouvir no quarto",7,2024-06-18 04:09:51+00,0
" de tudo,localizaçao e atendimento.tudo ótimo  gostei de tudo",9,2024-06-18 11:25:23+00,1
" Café da manhã bem variado. 
Boa localização. Estacionamento coberto.  A luz da fachada do hotel mantinha o quarto claro durante a noite. 
O controle do ar condicionado não estava funcionando adequadamente.",8,2024-06-18 17:34:49+00,1
Hotel maravilhoso com ótimo atendimento e ótima localização,10,2024-06-19 00:00:00+00,1
"Excelente hotel. Limpeza, presteza dos funcionários.
Excelente localização.
Possui um rooftop com piscina de borda infinita com vista da “ Tríplice Fronteira “….
Lindo pôr do sol visto do Rooftop.
Café da manhã variado e saboroso.
Sugiro AMPLIAR o cardápio do bar do Rooftop, pq com certeza, aproveitaríamos muito mais.",10,2024-06-21 00:00:00+00,1
" Localização excelente, melhor de Foz , perto de tudo , ótimos restaurantes, atrações, amei isso! Vista linda do rooftop! Arrasou a indicação da guia da azul  Arrumação do quarto, n colocavam toalhas
, sabonetes , toda hora tinha que pedir , p tomar banho , enfim só isso estragou minha estadia p não ser nota 1000",8,2024-06-21 12:11:42+00,1
Excelente! Pretendo voltar em breve.,10,2024-06-21 17:23:31+00,1
"Ótima localização, quarto e atendimentos muito bons. Café da manhã também tem bastante variedade e tem um rooftop em cima maravilhoso.
Único ponto negativo é que so tem 2 elevadores para 16 andares com vários apartamentos em cada.
Demora bastante!",8,2024-06-22 00:00:00+00,1
" Localizaçao e atenção  Banheiro, falta cuidados , muitos cabelos de hóspedes interiores",6,2024-06-22 00:16:57+00,0
 Boa  Elevadores sempre lotados,9,2024-06-22 11:27:46+00,1
 El hotel en sí es lindo pero lo mejor es la ubicación  Que el día anterior a irnos nos faltó una prenda de vestir y el hotel no se hizo cargo de lo sucedido a pesar de hacer el reclamo con el responsable del hotel. Una lástima que no se cuide al huésped tratando de otorgar alguna solución. Solo nos dijeron qué habían hablado con el personal y no tenían respuesta para darnos.,6,2024-06-23 01:22:06+00,0
" La vista del hotel a toda la ciudad, el desayuno y la ubicacion  La cama hacía ruido",10,2024-06-23 14:37:34+00,1
" Nossa estadia foi muito boa em relação a funcionários da recepçao, do café  manhã e do bar excelentes.
Apto confortável e espaçoso.
O por do sol é  lindo!!
Recomendo o hotel  Gostaria que ficassem mais atentos a limpeza do apto.Chegamos na terça, na quarta e quinta só arrumaram a cama e trocaram as toalhas pq deixei no chão.
No dia do check in o banheiro estava maquiado , ainda tinha embalagem e  sabonete usado do hospede anterior e só na sexta  trocaram a roupa de cama.
Na quarta e quinta não  deixaram sabonetes e nem copos. 

Na  entrada do quarto no corredor  tinha sumaço de restos de cabelo.",7,2024-06-24 01:12:09+00,0
" Boas instalações, bons serviços, excelente localização.  Nada relevante a mencionar.",9,2024-06-24 10:32:08+00,1
 Gostei de tudo,10,2024-06-24 12:00:57+00,1
" As instalações do hotel são maravilhosas, o Sky bar também! DIVINO maravilhoso pra tirar fotos, assistir o por do sol é lindo! Silencioso apesar de estar no centro de cidade e no meio do fluxo na vida noturna.  Reposição dos produtos de higiene, falta de mais um tapete no banheiro.",6,2024-06-24 14:03:11+00,0
 La vista desde el bar y la piscina. El desayuno también estuvo muy bien preparado.  Creo que sería conveniente que el baño tuviera bañera.,8,2024-06-24 16:00:22+00,1
 Atendimento dos funcionários e café da manhã são os pontos fortes do hotel. O rooftop também é lindo.,9,2024-06-24 17:19:17+00,1
 Localização  Sky Bar,10,2024-06-24 21:12:36+00,1
Fomos muito bem atendidos na e recepção e de modo geral. As camas podem ser renovadas. Os demais itens estavam dentro do esperado.,8,2024-06-25 00:00:00+00,1
" excellent stay in the heart of foz do iguacu. great staff. 
great rooftop pool
great people
decent breakfast  bathroom is a bit odish and needs better cleaning.",10,2024-06-25 13:25:03+00,1
 Camas barulhentas e coxão afundado,6,2024-06-25 13:34:02+00,0
" Localização , café da manhã farto,  restaurante no rooftop - lugar muito agradável  Estacionamento não ser gratuito",9,2024-06-25 14:42:30+00,1
 Excelente localização e organização  Um pequeno barulho no exaustor do banheiro,10,2024-06-27 00:14:20+00,1
"Hotel incrível em todos os sentidos. Café ótimo, quarto confortável, prestativos e solícitos além de um rooftop maravilhoso com um restaurante delicioso. 10/10",10,2024-06-28 00:00:00+00,1
 El hotel personal y la ubicación la piscina en la terraza DJ,10,2024-06-28 09:19:03+00,1
" A cama muito confortável  Limpeza, o banheiro não estava limpo com muita sujeira no box e nas paredes .",6,2024-06-28 12:49:10+00,0
Very cozy place.,10,2024-06-29 03:21:07+00,1
" bom café da manhã, camas confortáveis com colchão mais duro do que molenga,  Ao chegar no hotel as 2 vagas de deficiente estavam com cones, minha acompanhante desceu do carro para retirar o cone e o segurança me pediu para colocar a identificação no painel. Depois sai com o carro e ao voltar havia um veículo sem identificação de deficiente utilizando uma das vagas para tal finalidade, perguntei na recepção e me disseram que a pessoa estava fazendo check-in, porém são apenas 2 vagas destinadas a PCD e nessa ocasião ninguém se importou em pedir a identificação da mesma. Já me hospedei 3 x lá e todas tivemos esse problema com essas vagas.",9,2024-06-29 14:17:05+00,1
 Café da manhã muito bom. Localização excelente.  Não gostei de pagar o estacionamento   fui comunicado somente no check in.  Deveriam colocar essa informação na hora da reserva.,7,2024-06-30 01:08:07+00,0
"The hotel is nice, close to many restaurants and pubs. The rooms are impeccable and the food, served at the rooftop bar is delicious. The frigobar is empty,  so you must buy your beverages at front desk or any convenience store close.",10,2024-06-30 13:59:36+00,1
" O Hotel é muito bom, a localização e a presteza dos funcionários me encanta.  Nada",10,2024-07-01 00:02:14+00,1
" Localização Fantástica para quem gosta de vida noturna, cobertura com uma linda vista da cidade e Rio  Isolamento acústico muito ruim, escuta tudo de todos os lados",8,2024-07-01 11:25:15+00,1
" localização top, atendimento da equipe, café da manhã.",10,2024-07-01 12:33:01+00,1
" No momento não vou informar, pois achei que hotel usou de má fé no quesito estacionamento.  Viajamos a trabalho, reservei um quarto para meu irmão em outra plataforma, no dele constava estacionamento grátis. Estávamos todos juntos e me cobraram estacionamento. Achei de má fé do hotel, pois mencionei que eu tinha feito a reserva no nome dele justamente pelo benefício do estacionamento.",8,2024-07-01 13:01:07+00,1
"Estive de férias com meus jovens filhos, de 24 a 01/07/24. O hotel é muito bonito e bem localizado. O quarto é ok , tamanho mediano, com bela ducha quente e cama macia, porém os enxovais eram velhos, os cobertores estavam rasgados e não estavam com cheiro de limpos. A porta do quarto e a do banheiro estavam descascadas , algumas manutenções precisam ser feitas ali. O café da manhã é bom, farto com boas opções de frutas, sucos, frios e pães. A academia é fraca, alguns poucos equipamentos, pequena. O pessoal da recepção bem frio, respondiam secamente as dúvidas que tinha. Pra mim o que pegou foi a limpeza do quarto, fiquei 1 semana , o chão do quarto não foi limpo , tinha muita poeira e cabelo , até às moedas que caíram na segunda ainda estavam lá no domingo seguinte. O banheiro mal lavado, permanecendo com cheiro de urina por vezes após a limpeza. Fiquei 1 dia inteiro sem papel na papeleira.
São pequenos detalhes que fazem uma grande diferença visto que é um hotel nada barato e em uma categoria 3 estrelas superior.
No mais, tudo certo, ar condicionado potente, banho maravilhoso e bom café da manhã.
A grande estrela fica para o terraço rooftop com vista incrível e bar Sky.",8,2024-07-01 22:21:01+00,1
"Quarto bem espaçoso, a cama um pouco mole demais
O café da manhã é razoável, poderia ser muito melhor, mas dava pro gasto",8,2024-07-02 00:00:00+00,1
"Excelente custo benefício, hotel muito confortável, com estacionamento pago a parte, muito bem localizado perto de bons bares e restaurantes.
Quarto de bom tamanho e banheiro com ducha excelente.
O bar na coberta é muito gostoso, vista maravilhosa! Recomendo!",8,2024-07-02 00:00:00+00,1
 Tudo!  Nada,10,2024-07-02 14:45:40+00,1
" Eu só gostei da localização, e do tamanho das quartos,  Não gostei porque não consegui dormir por conta dos barulho, paredes de drywall funcionários barulhentos sem respeito, limpeza horrível, e café da manhã muito fraco,.",1,2024-07-02 15:08:17+00,-1
"Boa estadia, bom atendimento na recepção.
Existem bares próximo ao Hotel que ficam música alta até tarde.
Poderia ter janelas a prova de ruídos.",8,2024-07-03 00:00:00+00,1
"INFELIZMENTE MINHA ESTADIA NESTE HOTEL NAO FOI DAS MELHORES..... 
-1 ESTE TERRAÇO SKY REALMENTE UMA DECEPCAO  MUITO FRACO  SEM VISTA NENHUMA ALEM DOS PREDIOS E RIO .. PARA PODER VER A TORRE DAS TRES FRONTEIRAS VOCE TEM QUE IR AO BANHEIRO FEMININO E VER PELA JANEIRA - ORIENTAÇÃO DO FUNCIONARIO DO HOTEL .
OUTRO OCORRIDO , ESTAVA VIAJANDO COM MAIS  AMIGAS , POREM ELAS ESTAVAM EM OUTRO HOTEL ( SORTE DELAS ) E QUANDO VIERAM NOS ENCONTRAR PEDIMOS  AUTORIZAÇÃO VIA TELEFONE NA RECEPÇÃO SE ELAS PODERIAM SUBIR  UM POUCO NO NOSSO QUARTO ENQUABTO  ESTAVAMOS TERMINANDO DE NOS ARRUMAR POIS TINHAMOS  ACABADO DE CHEGAR NO HOTEL , NOS FOI PERMITIDO POREM  PARA MINHA SURPRESA FOI COBRADO R$ 30,00 POR PESSOA , ALEGANDO QUE AS MESMA TERIAM IDO NO TERRAÇO , ALEGUEI QUE NAO E, QUE SOMENTE ATE A PORTA DO APTO PARA NOS ENCONTRAR E SAIMOS IMEDIATAMENTE, AI O RAPAZ FALOU QUE ENTAO SERIAM R$ 200,00 POR PESSOA POR TEREM IDO ATE O APTO ....
UM ABSURDO TIVE QUE PAGAR O VALOR DE R$ 90,00 POR ELAS TEREM SUBIDO  NO PREDIO ONDE NAO PERMANECERAM NEM 5 MINUTOS . 
REALMENTE  SÓ FIQUE NESTE HOTEL SENAO TIVER OUTRA OPÇÃO.",4,2024-07-03 00:00:00+00,-1
" Funcionários atenciosos, bom café da manhã com variedades. Localização perfeita. Bom custo benefício.  Por causa do frio, precisamos utilizar os edredons e estavam com cheiro ruim. Além do cheiro ruim, atacou a rinite de todos, provavelmente por estar guardado a muito tempo. O quarto não possui iluminação central, apenas no hall de entrada e abajures, o que deixa o quarto escuro. Diária de 35,00 de estacionamento é abusivo.",7,2024-07-03 11:46:22+00,0
" The view from rooftop  Not kids friendly hotel, blankets were dirty in the room & there was ants on the wall",5,2024-07-03 12:00:55+00,0
"O hotel está bem localizado e em bom estado. A equipe é muito educada e solícita. No entanto, alguns pontos merecem atenção: a qualidade da limpeza nos quartos deixa a desejar. Embora a aparência seja boa, ao andar descalço, percebi que o chão não estava bem limpo. Outro ponto é o café da manhã, que é básico e sem destaques especiais. Fiquei decepcionado com o restaurante na cobertura, o SKY Lounge, pois o cardápio é limitado e diferente das fotos de divulgação. No geral, é um bom hotel com bom custo-benefício, mas nada extraordinário.",6,2024-07-04 00:00:00+00,0
 Quartos amplos e novos. Terraço maravilhoso  Café da amanhã poderia ser melhor.,10,2024-07-04 17:01:37+00,1
" Atendimento equipe,localização top,café da manhã.",10,2024-07-04 20:01:44+00,1
"No inverno, todas as quintas eles servem o buffet de caldos e sopas. Gostamos bastante, muito saboroso, com boas opções e variedade, além de contarmos com a vista do Sky Bar! 
E o atendimento do Jonas foi excepcional, merece ser mencionado aqui!!!",10,2024-07-05 00:00:00+00,1
" Localização, café da manhã e recepcionistas muito solicitos e atenciosos.  Segurança não autorizou estacionar o carro na frente do hotel para fazer check in, mesmo com muitas vagas disponíveis. Essa parte da experiência foi péssima.",8,2024-07-05 12:50:09+00,1
"Amamos o hotel. Localização ótima, próximo a tudo, restaurantes, farmácia, supermercado, posto de gasolina,  inclusive pontos de ônibus que passam para Argentina e Paraguai. Fomos bem atendidos em todos os setores, café da manhã, recepção, sky bar, pessoal da limpeza. 
O quarto tamanho excelente, edredon de ótima qualidade, inclusive contava com duas camas de casal. Café da manhã com variedades excelentes, tudo ótimo.",10,2024-07-06 00:00:00+00,1
" Ótimo Hotel, ótima localização. O ponto alto é o por do sol no deck do bar.",10,2024-07-06 12:33:06+00,1
 Localização.,10,2024-07-07 13:48:21+00,1
" Ótima localização.
Quarto confortável e limpeza impecável.
Bom atendimento.  O café da manhã deixou bastante a desejar.",7,2024-07-07 20:28:14+00,0
" Café da manhã, limpeza do banheiro e conforto da cama.",9,2024-07-08 17:52:50+00,1
" A localização do hotel  Entrei pra hospedar e banheiro estava sujo tive que pedir para limpar, o frigobar estava quebrado fez barulho a noite toda, no outro dia somente desligaram o frigobar e ficamos sem. Limpava o quanto e não repunha as toalhas. Pedi e demorou a levar",5,2024-07-08 20:22:50+00,0
" Localização e atendimento, além do SKY bar  café da manhã tem espaço pequeno e a água não esquentou um dia",8,2024-07-09 14:36:17+00,1
 Localização ótima. Café da manhã c um pãozinho quente e feito na hora. Funcionários muito atenciosos. Melhor pôr do sol da cidade na cobertura.  Iluminação pouca do quarto.,10,2024-07-09 15:47:58+00,1
"Hotel novo, quarto limpo e com bom espaço, chuveiro muito bom. Fui no frio, por isso não posso avaliar a piscina. O café da manhã estava bom mas poderia melhorar na variedade e qualidade.",8,2024-07-09 17:26:03+00,1
"Boa localização  e otimo cafe da manhã. 
Elogio  especial ao Jonas do resturante, muito atencioso  e prestativo. 
Jonas fica tanto no café  da manhã  quanto no resturante no ultimo andar do hotel ( 17) com excelente vista  panorâmica  de foz do iguaçu  e Paraguai.",8,2024-07-10 00:00:00+00,1
Um dos melhores hotel em Foz do Iguaçu,10,2024-07-10 11:42:26+00,1
" O hotel está localizado na avenida com mais opções de restaurantes de Foz. Além disso está perto de supermercados, farmácias e academias de ginastica. Para quem pretende dar um pulo em Ciudad Del Este o hotel está a 8 min de Taxi/Uber da Porte da Amizade. Além do excelente atendimento da equipe do hotel, do conforto do apartamento e do excelente café da manhã, o hotel possui em piscina na cobertura com uma vista belíssima da cidade, inclusive no por do sol. Voltarei mais vezes com toda certeza.",10,2024-07-10 14:51:50+00,1
"O quarto é grande, espaçoso e a localização é ótima. Mas os elevadores são terríveis, 2 elevadores minúsculos, as vezes tinha que esperar 4, 5 elevadores pra conseguir entrar. O estacionamento é 35 reais por dia, um absurdo cobrar estacionamento de clientes. Café da manhã bom.",6,2024-07-10 16:24:43+00,0
" quarto espaçoso, confortável  demora na limpeza do quarto",10,2024-07-10 22:33:49+00,1
" Hotel novo, limpo, organizado e dotada de toda a estrutura que um hóspede de turismo externo necessita. Equipe atenciosa e gentil. Ressalva apenas para a dificuldade de obter água morna à noite.",9,2024-07-11 00:04:17+00,1
 Localização e instalações  Restaurante,9,2024-07-11 00:30:02+00,1
 Espera do elevador.  Quarto um pouco escuro.,10,2024-07-11 03:06:01+00,1
 Café da manhã impecável. Tudo muito organizado e saboroso.  Roupas de cama são muito fraquinhas. Edredom de baixa qualidade.,10,2024-07-11 16:36:10+00,1
"Muito aconchegante, funcionários receptivos , é o que mostra na propaganda.passei cinco dias num bom conforto , indicaria e vou voltar em breve porque gostei da cidade e do povo de foz, restaurantes, taxistas povo atencioso, conhece a história da cidade.",10,2024-07-12 00:00:00+00,1
"Quarto muito bom, espaçoso, limpo, instalações todas novas. Atendimento bom, nada a reclamar em relação a equipe. Localização excepcional, acredito que seja a melhor da cidade! Hotel possui um bar excelente no último andar, com uma vista muito bacana da cidade.",10,2024-07-12 00:00:00+00,1
" Localizacao .  Funcionarios do bar um pouco ignorantes e sem muita experiencia . Pedi uma toalha as 11:00 am , e ate minha saida as 14:00 pm nao recebi . Achei falta de cordialidade e boa vontade dos funcionarios . Equipe muito jovem e sem experiencia para lidar com conflitos . Observei equipe do cafe brincando na cozinha enquanto pilhas de pratos se juntavam na mesa . Falta gestao no hotel .",6,2024-07-12 02:24:22+00,0
" Café da manhã completo e bem servido, localização fantástica, equipe atenciosa  Iluminação do quarto deficiente, secador de cabelos muito fraco",9,2024-07-12 14:34:09+00,1
" Muy buena ubicación, todo muy limpio y cuidado  Falta un poco más de variedad en el desayuno",8,2024-07-13 13:22:06+00,1
"Serviço de quarto muito bom, fomos atendidos pela Jessica Oliveira e ela sempre deixou tudo impecável. O café da manhã e a atenção da recepção também foram muito bons. Recomendamos a todos que forem a Foz do Iguaçu, que façam uma experiência neste hotel",10,2024-07-14 00:00:00+00,1
" Localização.  Agua chuveiro em algumas noite, não esquentava!",8,2024-07-14 13:36:26+00,1
 Excelente ubicación y muy buen trato de parte del personal.  Las camas crujían un poco 🥺,10,2024-07-14 20:50:15+00,1
 Preços do serviço do restaurante e a demora pra usar o elevador.,8,2024-07-15 00:26:37+00,1
 Apartamento confortável. Boa cama. Chuveiro com boa ducha. A piscina e o visual da coberta é espetacular. Vários bares e restaurantes próximos do hotel.  Sem observação,10,2024-07-15 14:15:07+00,1
" Localização perto dos melhores bares/ restaurantes, podendo ir andando.

Café da manhã muito bom e os funcionários sempre repondo os produtos/alimentos. 

Chuveiro/ducha excelente, quente e potente. 

Secar de cabelo potente.

Funcionários bem solícitos, especialmente os do Sky Bar.

Linda cobertura com piscina,  pena que não usei porque estava um clima bem frio. Tirei umas fotos somente, vista bonita da cidade.



 
.
 
 
.  - Pedi na portaria para limpar o.quarto  e quando  retornei no final da tarde não tinham limpado, então liguei e pedi para enviarem as toalhas limpas e rapidamente eles entregaram no quarto.

- Não gostei do tamanho da cama ser de casal,  quando reservei pelo booking constava cama de  casal grande, acho que não é culpa do hotel.

- as toalhas estavam gastas.

Apesar das ponderações,  indico o hotel.",9,2024-07-16 01:54:22+00,1
"Un hotel en pleno centro de Foz de Iguazu, con todas las comodidades.",10,2024-07-16 13:56:37+00,1
"Travesseiros altos, camas moles com buracos no meio. Quarto e banheiro sujos. Banheiro com teto mofado e parede descascando. Elevadores lentos e sem funcionar em horário de pico. Café da manhã fraco e com pouco opções. Jamais indicaria ou voltaria a me hospedar lá",4,2024-07-17 00:00:00+00,-1
" O café da manhã era maravilhoso, as comidas oferecidas no restaurante de alta classe por um bom preço, o atendimento sempre gentil e atencioso dos profissionais que ali se faziam presente transformaram a estadia em algo ainda mais prazeroso!  Acredito que apenas necessitaria de haver renovação nos quartos, as janelas poderiam ser duplas para isolar do tempo externo e as camas poderiam ser um pouco mais confortáveis, além disso é necessário a reposição do café da maquina que fica na recepção!",10,2024-07-17 15:42:38+00,1
 Cama grande e confortável.  O salão de café da manhã bem lotado...,9,2024-07-17 18:59:57+00,1
"A localização próxima aos melhores bares e restaurantes de Foz, permitindo que tudo possa ser feito a pé, foi o diferencial do hotel. Além disso, os funcionários foram educados e o atendimento foi bom. O café da manhã e a comida do restaurante do hotel também foram muito bons, especialmente o risoto de alho poró com bacon, que eu recomendo. O hotel tem uma vista incrível e uma piscina aquecida (infelizmente não utilizei porque estava frio). Considerando o custo benefício, eu definitivamente indico este hotel.",10,2024-07-18 00:00:00+00,1
" Café da Manhã Farto, Localização estratégica, Bom atendimento dos funcionários, Sky Bar Legal, Quarto Grande. Guardam de forma organizada as malas após o Check-out.  Pegamos dias muito frios e o chuveiro não esquentava muito; parede do quarto era de Dry Wall e dá para escutar um pouco os barulhos mais altos do vizinho (e o contrário provavelmente idem rs..); elevador insuficiente para o tanto de hóspedes (longa espera), Exaustão da fumaça no café ruim (saía com a roupa cheirando forte fritura do café da manhã);",7,2024-07-18 04:56:20+00,0
 I  I,10,2024-07-18 11:23:03+00,1
Ja conhecia o Viale Cataratas. A experiência no Viale Tower foi tão especial quanto a outra opção.,10,2024-07-18 13:00:21+00,1
" Atendimento dos funcionários da recepção, roof top bar e cafe da manha!  Tudo impecável",10,2024-07-18 13:02:06+00,1
" Zeer centraal gelegen hotel in het centrum van foz do iguaçu. Gevarieerd ontbijt van goede kwaliteit. Personeel erg vriendelijk. Hygiëne van de kamer op orde. Bonus is een mooi panorama terras op de 17e verdieping met een schitterend uitzicht over de stad en omgeving.  Desondanks het een relatief nieuw hotel is kregen we de indruk dat het onderhoud van de kamer wat achterbleef (vlekken op muren en vloeren, slechte kitranden badkamer etc.). Hygiëne van de kamer wel gewoon goed.",7,2024-07-19 15:02:56+00,0
" Acomodação simplesmente perfeita, todos os funcionários extremamente solícitos e educados, em especial o do Matheus. 
Limpeza do quarto impecável e localização maravilhosa!",10,2024-07-19 21:48:57+00,1
Cama ruim,6,2024-07-20 00:00:00+00,0
Die Zimmer sind gross aber sollten mal renoviert werden. Die Skybar ist super mit toller Aussicht. Das Personal freundlich und viele sprechen englisch.,8,2024-07-20 00:00:00+00,1
" Localização muito boa  O elevador demora muito para conseguir vaga na hora do café, preferimos descer pela escada",9,2024-07-20 00:36:46+00,1
"Hotel muito bem localizado, vista do rooftop é o ponto forte. Tive um problema na reserva e na cobrança equivocada em meu cartão mas de resto o hotel está dentro do padrão esperado!",8,2024-07-20 11:31:53+00,1
"Primeira vez neste hotel, amei, super limpo, recepção cortez, ambiente organizado, funcionários educados, café da manhã ótimo silencioso. Qdo cheguei havia um ruído na caixa de distribuição de energia do meu quarto, pedi na recepção para olharem imediatamente solucionaram. Super recomendo.",10,2024-07-20 18:11:37+00,1
"Estadia muito boa
Só a questão dos elevadores que demoram um pouco ,mas tudo perfeito 
Café da manhã muito bom
Quarto amplo
Banheiro ótimo 
Uma vista maravilhosa do bar da piscina no último andar no por do sol 
Excelente localização pra restaurantes ótimos por perto ,dando pra fazer tudo a pé",10,2024-07-21 00:00:00+00,1
" Las camas eram cómodas , limpieza bien ! Internet funcionaba muy bien , el personal del desayuno muy amable en especial Jonas y Veridiana.  El personal de recepción parecían amargados o que no tenían ganas de estar ahí . Simpatia zero, sobre todo los más jovencitos .  Los ascensores siempre estaban ocupados, era un estrés cada día con ese tema, ahí se necesita al menos 2 ascensores más .",5,2024-07-21 05:45:14+00,0
" Localização excelente, linda área da piscina com vista maravilhosa do por do sol  Elevadores pequenos e demorados",10,2024-07-21 12:06:00+00,1
 Café da manhã bom ; localização boa,8,2024-07-21 22:16:35+00,1
" Super bem Localizado,  funcionários prestativos e educados.",10,2024-07-22 13:45:46+00,1
 Localização muito boa e quartos espaçosos.  Horário para o serviço de limpeza só era realizado no final do dia por volta das 16h . Voltávamos dos passeios e os quartos ainda não estavam arrumados.,9,2024-07-22 15:55:27+00,1
" Localização, limpeza e conforto.  A TV é muito pequena para o tamanho do quarto.",8,2024-07-22 16:10:42+00,1
"Gostei bastante
Só a taxa de ajuda com lixeira que acho desnecessário por isso não pagamos",10,2024-07-23 20:02:25+00,1
O atendimento é maravilhoso super solícitos e educados.  Os travesseiros são maravilhosos. Camas também. Limpeza impecável. Tamanho do banheiro excelente para o casal. Recepção e Bar sem explicação. Amei. Com certeza indicarei a muitos amigos,10,2024-07-24 00:00:00+00,1
"O hotel atendeu às expectativas. Quarto e banheiro amplos,  roupas de cama e de banho limpas, armário e cofre. Terraço com uma vista incrível. Café da manhã farto com ótimo atendimento. Sky bar com comidas e drinks deliciosos. Funcionários atenciosos, em especial o Jonas, que nos atendia sempre com um sorriso e muito solícito.",8,2024-07-24 00:00:00+00,1
" Localização na região gastronômica de Foz do Iguaçu, as dependencias do hotel são muito boas e confortáveis, a limpeza é muito boa, os funcionários são atenciosos e gentis, enfim, é um hotel que eu recomendo.  Nada a declarar.",10,2024-07-24 11:15:06+00,1
"O quarto é bem aconchegante, os funcionários são simpáticos e prestativos, coloco uma menção especial ao Jonas que nos atendeu muito bem! Único ponto negativo são os elevadores, apenas 2 e muito pequenos para um hotel de 17 andares e tantos hóspedes.",10,2024-07-25 00:00:00+00,1
" Localização excelente. Banheiro amplo. Tem um bar na cobertura que tem uma vista maravilhosa!  Tem muitos andares e somente dois elevadores que são bem lentos e apertados. E as camas deixaram a desejar, colchão muito ruim.",7,2024-07-25 19:55:35+00,0
"Super Lage in Iguazu, viele Restaurants in der Nähe. Schlechte Isolation der Fenster, man hört bis spät nachts die Musik von den Bars. Gute Ausstattung mit Rooptop-Bar und Pool.",8,2024-07-26 00:00:00+00,1
"Hotel em decadência, sujo, em pessimo estado",2,2024-07-26 00:00:00+00,-1
 Ótima localização. Quarto excelente.,10,2024-07-26 12:50:25+00,1
" Localização excelente, bela vista com por do sol. Restaurante, farmácia, cafeteria, tudo próximo.  O elevador é um pouco lento para o tamanho do edifício o que gera muita espera em determinados horários.",8,2024-07-27 11:58:19+00,1
" Café da manhã muito bom. Limpeza excelente. Localização extremamente boa, a meio caminho das atrações turísticas, é muito próximo dos restaurantes, farmácias e mercado… dá para ir a pé.  Nada",10,2024-07-27 13:50:19+00,1
 Localização e rooftop  Camas e travesseiros muito ruins,8,2024-07-28 15:25:11+00,1
" Rooftop, localização  Travesseiros e camas muito ruins",8,2024-07-28 15:26:03+00,1
Quartos e camas grandes Janela abrangendo toda parede do quarto vista para a cidade de Foz de Iguaçu Hotel limpo .Desjejum farto e variado salgados / doces  e jantar delicioso no 17 andar Piscina onde podemos visualizar Foz Brasil/ Puerto Iguazu Argentina e Ciudad de Lest Paraguai. Ao lado Restaurantes Sorveteria Catedral e bancos Funcionários dos restaurantes atenciosos e competentes .Catara,10,2024-07-30 00:00:00+00,1
 Hotel tem ótima localização.  Camas muito desgastadas e desconfortáveis. Muito barulho à noite por causa dos bares e música até de madrugada.,7,2024-07-30 01:20:13+00,0
"foi boa, tranquilha, a escolha foi feito pela avaliação e localização, exceto o problema com o secador, que não foi solucionato, tres diaria cobrando o conserto, e nada, do resto nada a reclamar",8,2024-07-31 00:00:00+00,1
Localização perfeita!!! Excelente atendimento pelo os funcionários. Nota 10,10,2024-08-01 00:00:00+00,1
" Boa localização, café da manhã bem gostoso, quarto confortável, equipe atenciosa  A limpeza do banheiro poderia ser melhor. Azulejos e box com “lodo”, assim como a janela do quarto.",7,2024-08-01 14:48:23+00,0
"Todo impecable. 
Muy linda experiencia. El hotel cumplió todas las expectativas.   
La habitación super confortable. 
Muy buena predisposición siempre por parte del personal.
.....................................................",10,2024-08-02 00:00:00+00,1
 Sempre que vou à Foz procuro fazer minha reserva no Viale Tower meu preferido,10,2024-08-02 02:33:43+00,1
"Conheci hotel em 2019, voltei a me hospedar porque imaginei encontra lo nas mesmas condições, mas percebi que ele está com pouca manutenção, acústica muito ruim, quartos extremamente barulhentos, meu apto esta de frente para rua, janela sem acústica nenhuma.
Funcionários ok.
Limpeza ok.
Café da manhã com itens repetidos para quem fica 1 semana hospedado, mas ok.
Piscine, e rooftop tem uma vista incrível, este é o grande atrativo. 
Localização é excelente.",8,2024-08-03 00:00:00+00,1
" Café da manhã com bastante variedade, funcionários muito atenciosos e educados, ótima localização e boa ducha.  Decoração do quarto simples, edredon muito desgastado/velho, toalhas e roupas de cama mais simples, porém ok.",8,2024-08-03 12:21:23+00,1
A vista do pôr do sol eh o mais  incrível desse hotel  experiência maravilhosa,10,2024-08-03 15:49:11+00,1
" Gostamos da localização, café da manhã, da limpeza do quarto e simpatia das camareiras.  Estacionei meu carro na vaga de PCD e identifiquei com o crachá mas tive que descer do carro para tirar um cone que estava na vaga, era meia noite e a recepção do hotel ligou no quarto dizendo que eu ocupei uma vaga de PCD mas não foram olhar que o veículo estava identificado e na frente do meu veículo havia outro carro tb ocupando uma das vagas de PCD SEM a devida identificação. Já é a quarta vez que me incomodo com essa questão no Viale.",8,2024-08-05 02:17:36+00,1
" Localização é excepcional, fica bem a lado dos melhores bares e restaurantes. Rooftop com bar e uma bela vista da cidade.  A limpeza no geral não é muito boa, tanto dos quartos quanto das áreas comuns.",8,2024-08-05 14:46:30+00,1
 Tudo perfeito. Super recomendo.,10,2024-08-05 16:26:07+00,1
 O atendimento da recepção noturna foi muito solícito. O café é bom custo-benefício.,8,2024-08-06 00:46:47+00,1
" Quartos amplos 
Limpeza diária 
Café da manhã muito bom  Gostei de tudo",10,2024-08-06 10:48:49+00,1
" Atendimento, localização, café da manhã, todos excelentes  Gostei de tudo",10,2024-08-06 10:57:16+00,1
" SKY bar  Limpeza de quarto, não tinha camareiras suficientes... Em 4 dias 1 limpeza e com muito pedido.. decepcionante",4,2024-08-07 01:06:26+00,-1
"O serviço de quarto da Jessica é excelente. Pena q o recepcionista colocou todos meus colegas de empresa em quartos e andares próximos, enquanto eu fiquei há andares de distância, mesmo tendo todos nós chegado juntos. O Rooftop fecha cedo.",8,2024-08-08 00:00:00+00,1
Hotel bom para quem vai a trabalho e negocios. Cama barulhenta. Mas o quarto é espaçoso e limpo. Dois elevadores são pouco para o transito dos hospedes. Rooftop agradavel e cafe da manha honesto.,6,2024-08-08 00:00:00+00,0
 Valores do bar e a tv do quarto não ligava,7,2024-08-08 12:59:04+00,0
"Fui para o festival de caldos e sopas e não tive uma experiência agradável, infelizmente as sopas e caldos estavam frios, assim como os pães servidos no local. As opções não eram agradáveis, o tempero é mínimo, o que salvou foi a sobremesa que estava uma delícia mas infelizmente as sopas e os caldos não! O ambiente é incrível, o terraço é um espetáculo!",8,2024-08-09 00:55:39+00,1
 Os quartos possuem um bom tamanho e a cama é maravilhosa.,10,2024-08-10 13:24:07+00,1
" Localidade, cordialidade de todo o atendimento no hotel, os quartos amplos e bom custo benefício no geral  Limpeza dos banheiros poderiam ser mais caprichadas como limpeza dos vidros do box, rejuntes das pastilhas e revestimentos",10,2024-08-11 00:21:44+00,1
"Hotel bom e limpo, café da manhã com opções (bolos bem secos, de caixinha, café de máquina automática 3 corações ou Pilão). Mesmo com as toalhas penduradas, trocaram por novas todos os dias. Mal interagimos com a recepção.  Chuveiro quente e ducha forte. Bem localizado no centro,  perto de restaurantes incríveis.",8,2024-08-12 00:00:00+00,1
"Hotel com ótima localização, muito limpo e bonito.
Mas fui informado que não cobrariam estacionamento no pátio frontal do hotel, somente no estacionamento interno (subsolo), e depois fui cobrado pelas diárias do veículo.",10,2024-08-12 00:00:00+00,1
HOTEL MUITO BOM SOMENTE A VISTA DA JANELA QUE ME SURPREEENDEU PQ PEDI UMA VITA MELHORA E NÃO FUI ANTENDIDO.,10,2024-08-12 00:00:00+00,1
" Foi perfeita nossa estadia  os funcionários muito atenciosos e receptivos, o quarto bem espaçoso, tudo bem organizado e muito limpo, a vista do quarto é maravilhosa, o café da manhã bem servido, não temos do que reclamar, voltaremos mais vezes com certeza",10,2024-08-12 16:03:08+00,1
"Perto de vários restaurantes, serviço muito boml",10,2024-08-14 21:06:47+00,1
Local agradável e limpo. Boas acomodaçães. Vista linda do por do sol na área da piscina (cobertura). Bom custo X benefício.,8,2024-08-15 00:52:34+00,1
" La ubicación es muy buena. Las vistas desde la habitación y de la azotea hacia Paraguay y Argentina, espectaculares. Las camas comodísimas. El desayuno suficiente.  Faltaba gel en el baño. Había champú y acondicionador. Es un mal menor porque yo llevaba gel",9,2024-08-15 16:09:11+00,1
"3日間お世話になりました。😊
綺麗なホテルです。部屋も広いです。😊",8,2024-08-15 18:44:32+00,1
Muy buen hotel…,10,2024-08-16 00:00:00+00,1
Experiência razoável no hotel. Ar condicionado não funcionou no modo aquecimento. Em geral a acomodação já necessita uma reforma. Ponto forte o café da manhã e experiência no rooftop.,6,2024-08-16 00:00:00+00,0
 Quartos amplos e boa limpeza além de ótima localização  Somente 2 elevadores sendo que demoravam muito e deram problema além de serem bem pequenos. O estacionamento é cobrado à parte e encarece bastante a estadia.,7,2024-08-17 14:57:14+00,0
"Hotel bonito, muito bem localizado, bom café da manhã,  bom restaurante na cobertura próximo à piscina, mas tem coisas que acabam estragando qualquer experiência, vazamento intenso no Box do banheiro, simplesmente não incomoda a equipe que arruma os quartos, aliás um dia as 15:00 chegamos com o quarto sem arrumar, e a pessoa disse que não dá tempo de arrumar todos... pedimos semente para deixar as toalhas novas pois nem isso fizeram, ar condicionado não funciona, mas preferi não solicitar troca de quarto porque deu muito trabalho desfazer malas e estender todas as roupas no armário.",6,2024-08-17 21:57:31+00,0
"O hotel é ótimo! Já me hospedei aqui em 2016. Continuem prestando bom serviço. Adorei o rooftop com a piscina de borda infinta e a vista perfeita.  A única  ressalva são os elevadores que apesar de  serem dois, não é suficiente para tantos hóspedes. Obrigada!",10,2024-08-18 00:00:00+00,1
 Bar sul terrazzo. Camere grandi.  La colazione abbondante ma a mio parere di scarsa qualità. Prodotti da bagno inesistenti. Salviettine al posto della carta igienica. Asciugamani piccoli.,7,2024-08-20 05:38:29+00,0
 Enchufes sin adaptadores,6,2024-08-20 14:54:12+00,0
" Colazione Abondante, buona scelta di tutto.
Avevo anche la possibilità di late check out senza cosyo aggiuntivo!!!!!",9,2024-08-20 19:10:43+00,1
"A nossa primeira impressão já não foi boa. Abrimos a porta do quarto e estava um cheiro horrível dentro dele, “ranço”, parecia cheiro de leite azedo. Abrimos a janela para deixar o ar circular, mas não melhorou muito. O quarto estava bem empoeirado, embaixo das camas principalmente, voltamos de viagem atacados da alergia. 
O café da manhã é regular e os funcionários não são muito amigáveis, atendimento regular também. 
O estacionamento é caríssimo, pagamos R$ 35,00 + 5% de ISS, ao final de 4 diárias deixamos R$ 162,00 só de estacionamento. 
O Hotel tem o hall de entrada bonito, porém é notável a falta de manutenção e limpeza nas áreas comuns. 
Não recomendamos e não retornaremos.",4,2024-08-22 00:00:00+00,-1
"Hotel maravilhoso em Foz, funcionários muito simpáticos e receptivos, todos muito educadose prontos. O quarto perfeito, bem espaçoso,  tudo muito limpo, e organizado, a vista do quarto era magnífica o café da manhã perfeito, tudo bem fresquinho, só senti falta de uma variedade maior de bolos, mas o restante perfeito!",10,2024-08-22 17:57:41+00,1
"Lugar Maravilhoso para passar a tarde e curtir o por do Sol, as bebidas e petiscos são Top e você tem um atendimento personalizado e exclusivo a cada visita,  super recomendo. Voces não vão se arrepender e ainda tem uma vista privilegiada com um por do Sol espetacular",10,2024-08-25 00:00:00+00,1
 Excellent location,8,2024-08-25 10:04:57+00,1
 Gute Lage und großes Zimmer. Das Personal ist freundliches und spricht englisch. Frühstück war okay.  Betten waren sehr weich und haben gequietscht.,8,2024-08-25 12:31:18+00,1
"Should have more facilities, since it is a place where people from different countries visit",6,2024-08-25 20:16:20+00,0
" La terraza.  Hay Solo 2 ascensores para 17 pisos....que además son lentos y pequeños.  No hacían limpieza, el teléfono en la habitación no funcionaba, el wi fi es captado por personas maliciosas que usan tu tarjeta de crédito.",5,2024-08-26 15:06:53+00,0
" Quartos limpos, staff simpáticos, bem no centro da cidade, estrutura boa e café da manhã excelente  Gostei de tudo",10,2024-08-26 20:38:44+00,1
 Cómo siempre la mejor ubicación y exelente atención de todo su personal  El sauna no estaba en funcionamiento,10,2024-08-27 09:42:08+00,1
"O atendimento na recepção foi muito ruim. Não deixaram fazermos o check-out na noite anterior somente às 3 horas da madrugada, no nosso horário de saída. Nos atrasaram mais de meia hora pois as notas do bar e restaurante estavam erradas, cobrança duplicada. Conseguimos alterar algumas porém 2 ainda ficaram duplicadas, só vimos quando chegamos em casa que tivemos prejuízo. o hotel precisa de mais manutenção também.",6,2024-08-28 00:00:00+00,0
"Pelas fotos imaginei ser muito melhor, manutenção fraca dos quartos, tem 2 elevadores sociais e 1 de serviço, porém, 1 social ficou 3 dias em manutenção.

Não nos foi permitido fazer o check out na noite anterior a nossa saída. 
Tivemos que fazer na madrugada (3 horas da manhã, nosso horário de saída...) infelizmente perdemos mais de meia hora conferindo as notas de bar e restaurante pois estavam, várias, duplicadas... e acabamos pagando R$ 108 a mais do que consumimos... Péssimo atendimento da recepção.

Enfim... era para ser uma viagem tranquila de passeio.. acabamos sendo lesados.",4,2024-08-28 00:00:00+00,-1
"Bom custo benefício, ótima localização.",10,2024-08-28 00:00:00+00,1
" Café da manhã muito bom e bem variado, localização excelente, de fácil acesso para qualquer lugar.",10,2024-08-28 00:11:08+00,1
"Bom hotel, bem localizado, muito limpo",10,2024-08-29 00:00:00+00,1
" Do check out  Infelizmente, o Vialle já foi muito melhor, mas hoje não vale a pena. O atendimento é péssimo, o café da manhã é decepcionante, com itens faltando e mesas sujas e grudentas. O quarto também estava sujo, o que foi bastante frustrante.

Chegamos às 6 da manhã e perguntei sobre a possibilidade de um early check-in. Disseram que não havia quartos disponíveis, o que entendi, mas acabei pagando 80% do valor da diária mais o valor do estacionamento. Mesmo assim, não nos ofereceram o café da manhã, nem mesmo uma versão reduzida. Para piorar, nos colocaram em um quarto para PNE, alegando que o hotel estava lotado. Isso claramente não era verdade, já que os próprios funcionários depois mencionaram que havia muitos quartos vazios.

Por pura impaciência de lidar com funcionários arrogantes que pareciam se achar donos do lugar, acabamos aceitando o quarto. No check-out, a mesma falta de consideração: por motivos de trabalho, pedi se poderia sair às 14h, mas novamente me negaram, mesmo sendo uma segunda-feira com o hotel praticamente vazio – o estacionamento tinha apenas 11 carros.

Enfim, a experiência foi muito decepcionante, e não recomendo este hotel de forma alguma.",1,2024-08-29 01:53:39+00,-1
" A localização é excepcional, atendimento muito bom, hotel limpo, quarto muito grande e confortável.
Banheiro otimo tbm, e o chuveiro foi o melhor.",10,2024-08-29 12:00:55+00,1
" L’hotel si trova in centro , vicino a ristoranti , banche  e a tutto ciò che può servire la sera!  Camera un po’ ammuffita ma niente di grave !",8,2024-08-29 15:59:38+00,1
" Buen hotel para hacer una parada de un día y ver las cataratas del lado brasileño. Tiene la parada bus tanto para ir aeropuerto, cataratas o Argentina, justo al lado.  La verdad que estuve poco tiempo y por tanto no tuve ninguna mala experiencia. La habitación era cómoda  y correcta.",8,2024-08-30 17:55:56+00,1
" Desayuno muy variado, sea dulce que salado, y ofrecen desde muy temprano hasta las 10.30AM. Adentro del hotel hay una empresa que ofrece tours a las cataratas a muy buen precio. La habitación era cómoda. Buena posición del hotel cerca de muchos bares y restaurantes y minimarkets. Late check-out sin costo hasta las 2 PM.  Uno de los dos ascensores nunca funcionó, y hubo largas esperas para el único ascensor que había. La habitación era vieja, y la secadora de pelo dejó de funcionar al segundo día. Potencia del aire acondicionado no era suficiente.",6,2024-09-01 22:58:50+00,0
 Hotel sem mensageiros cheguei com bebê e malas ninguém pra ajudar você se vira por conta própria,4,2024-09-02 11:38:28+00,-1
" localização excelente
apartamento confortável
café da manhã gostoso",10,2024-09-03 14:03:28+00,1
"Excelente hotel, delicioso buffet, muchas cortesía.
Limpieza inmaculada.💐",10,2024-09-03 14:33:49+00,1
"Quartos limpos e bem confortáveis, o hotel tem uma ótima localização, perto de bares e restaurantes de boa qualidade.
Excelente atendimento, fomos muito bem recepcionados por todos os funcionários.
Principalmente da funcionária Andrea Lima.",10,2024-09-04 00:00:00+00,1
" O que mais gostamos foi da equipe do hotel que nos receberam com simpatia e cordialidade, em especial o Jonas e a Naiane que foram muito atenciosos conosco! 
As camas são  confortáveis, chuveiro muito bom. O cheirinho de limpeza assim que vc já entra na recepção tbm muito agradável e tbm não posso deixar de comentar sobre o SKY bar que tem uma linda vista da cidade e tbm os pratos do restaurante para o jantar que estavam deliciosos e com preços justos.  Nada",10,2024-09-04 12:33:48+00,1
"Excelente atención y disposición.
Muy puntuales y responsables.
Muy buena ubicación.
Personal muy atento  con la gente.
Tiene una vista fantástica, donde puedes ver Foz, Ciudad del Este y Puerto Iguazu.
Excelente comedor y bar.
Amplio espacio en recepción",10,2024-09-05 00:00:00+00,1
"Não deixem de visitar rooftop, vista deslumbrante",10,2024-09-05 10:07:47+00,1
Excelente,10,2024-09-05 14:55:34+00,1
" Muy buena comida, sobre todo en el Sky bar.  A determinadas horas habia que esperar demasiado los ascensores.
Que no hubiera baño en la PB",9,2024-09-05 20:37:41+00,1
"Good hotel, good location, the staff is friendly and helpful. If you come to iguazu this is the place to stay",10,2024-09-06 15:39:19+00,1
"Cheguei ao hotel fui bem recepcionada, cheguei um pouco mais cedo do check in mas sem problemas, fui dar um passeio para aguardar o horario, quarto muito bom, chuveiro e cama excelente. Um dos  dias do passeio deixei a minha bolsa no armário com carteira e algumas notas de outros paises e dois cartoes, pq para passeio bom ir com uma bolsa menor, e ai no dia que fui embora notei q minha bolsa havia sido mexida, abri minha carteira e uma nota havia sumido, mas nem falei nada pois seria minha palavra contra a deles, mas tenho certeza absoluta que nao estava la. Na hora do checkout sai no horario que tem q sair, e logo em seguda estava chegando um grupo de pessoas , e o hotel liberou todas essas pessoas antes do check in que seria as 14hs , e ouvi que o hotel fez a gentileza de liberar, acho super justo isso, mas deveria ser para todos a gentileza ne, pois cheguei e nao tive gentileza. Um dia antes perguntei se teria como eu sai as 13hs devido ao meu voo ser a noite, e o rapaz disse que teria q m cobrar 100,00. Mas ok.
O hotel e muito bom, cafe simples mas bem gostoso, lugar limpinho. Recomendo mesmo assim",8,2024-09-08 00:00:00+00,1
"A atenção da equipe, compensou a lentidão do elevador. Ótimo café da manhã. Linda vista de toda a cidade. Excelente localização. Perto de restaurantes, choperias, lojas, etc.
Agradeço à excelência nos serviços de governança prestados pela Jéssica Oliveira.",8,2024-09-08 00:00:00+00,1
"The hotel maintenance is not very good. The shower stall is stuck, the window is stuck, the floor is not very clean, the reception is not very friendly, the elevators are inefficient. There is a lot of room for improvement. The bed, pillows and shower are good. The hotel is in a good location",4,2024-09-08 00:00:00+00,-1
"Hotel básico e sem charme algum. Anúncio bastante pretensioso para algo cheio de problemas. Quartos básicos, camas ruins, lençóis e toalhas surradas. A avaliação na plataforma não condiz com o que entregam. Localização bacana para quem gosta de bares temáticos etc. Perfil para viajantes de empresa, hotel sem diferencial.",4,2024-09-09 00:00:00+00,-1
"Hotel é de categoria básica, longe do que propõem através da internet e parceiros de reservas. Não criem expectativas de algo sofisticado e confortável. Padrão das camas, ok. Toalhas de banho ruins, ásperas e gastas. Porta do quarto sem vedação alguma, a claridade da iluminação do corredor entra no quarto e o barulho da movimentação do corredor incomodou demais. Durante as 5 noites de hospedagem, em 3 delas os elevadores estavam com problemas. Levava de 12 a 15 min aguardando a disponibilidade para sair do andar do quarto para o Lobby - 15 andar não dava para ir de escada. Hotel sem charme, padrão ""cama para dormir e chuveiro para tomar banho"". Além, os quartos possuem caixas de disjuntores elétricos em seu interior, o barulho de sobrecarga era constante, zumbido de eletricidade muito alto. Café da manhã variado, porém poderiam melhorar mais.",4,2024-09-09 00:00:00+00,-1
Muy buena instalación y limpieza excelente,10,2024-09-10 00:00:00+00,1
recomendo,10,2024-09-10 11:43:37+00,1
Ótimo Hotel,10,2024-09-10 12:39:34+00,1
" Rooftop do hotel, tem uma vista muito bonita !  Receptividade deste o atendimento, que não ajudam nas malas, Porém o principal foi o não funcionamento de todos os elevadores, estava com mais duas pessoas e tivemos que subir 12 andares de escada para ir para o quarto, foi extremamente desconfortável. Após somente um elevador funcionava, tendo uma demora grande para descer ou subir.",4,2024-09-10 14:18:41+00,-1
" Razoável  Não respeitam os hospedes quanto o silêncio no momento de descanso após 22 horas, importunação provocada pelos colaboradores do restaurante do hotel.",1,2024-09-11 10:00:16+00,-1
" Boa localização, suites amplas!  Atendimento pouco cordial, banheiro poderia ser mais limpo e faltou manutenção.",6,2024-09-12 02:53:06+00,0
"Ótima opção de hospedagem. Muito próxima de bons restaurantes, bares, farmácias e outras conveniências. Equipe muito atenciosa e cordial.",10,2024-09-14 00:00:00+00,1
" O ambiente é lindo e agradável, pessoas educadas, excelente localização e bom café da manhã.  Na semana que ficamos hospedados fizemos manutenção e interdição na piscina, com isso só conseguimos usar o deck e a piscina por um dia.",10,2024-09-14 16:25:22+00,1
" Localização, funcionários",8,2024-09-14 22:19:13+00,1
"Hotel Limpo organizado e bem arrumado
Os colchões são moles demais!!",10,2024-09-15 13:23:11+00,1
" O hotel é confortável e bem localizado, mas não vale o preço  O estacionamento é um horror, o hotel anuncia ter estacionamento,  mas este é terceirizado, vc não pode ver onde o manobrista deixa seu carro, não pode ficar com a chave, precisei pegar um pertence e o manobrista se ofereceu para ""revistar meu carro "" para achar o que eu queria. Embora eles fiquem com a chave ""não se responsabilizam por bens deixados no interior "". Fora que o funcionário foi totalmente sem educação,  nos ridicularizou sugerindo que não sabíamos o que era um estacionamento com manobrista,  fez graça e quando pedi minha chave ele sacudiu a mesma e fez careta e gracinha. Filmei toda a conversa, reclamei na recepção,  pedi para falar com o gerente do hotel e (SURPRESA) não tem ninguém nos fins de semana para atender. Pedimos a conta e nos mudamos de hotel, obviamente pagando a diária não usada, para isto aos funcionários são muito capacitados (cobrar), mas para resolver problemas não havia ninguém.  Terminamos nosso fds em SP em outro hotel, com o carro devidamente estacionado, em segurança e bem atendidos (viajamos para fazer compras, o carro estava carregado).",1,2024-09-15 13:50:51+00,-1
"O quarto estava com vazamento no box enchendo o banheiro de água.
Para quem tem problema com visão para pouca luz, os quartos não são bem iluminados, as janelas não abrem, para quem tem problemas alérgicos fica refém do ar condicionado.",8,2024-09-15 20:18:20+00,1
"I loved my stay at Viale. The staff at the front desk were very professional, polite and helpful. 
The room was spacious and very clean. The air conditioning worked well too. They have great breakfast buffet as well, which features Brazilian items like Pão de queijo. I also enjoyed the view from the rooftop. It was great both day and night. 
The only thing I was not comfortable with was that there was no AC in the hallway, and it got very warm. There are only 2 small elevators so when it is busy, you have to wit for one in such warm temperature. 
Overall I had an excellent experience here, and I would definitely stay here again.",10,2024-09-16 00:00:00+00,1
" Ótima localização, e a vista do por do sol  Pessoas fumando na piscina",9,2024-09-16 03:20:24+00,1
"O hotel é super aconchegante. Tem um café maravilhoso e quartos amplos , confortáveis com bom colchão e travesseiros fofos. O banho é muito bom. Super recomendo. Claro.. um bom custo benefício. A equipe é super simpática. Já é minha segunda vez nesse hotel.",10,2024-09-17 00:00:00+00,1
"O Hotel tem um excelente custo benefício:
- Quartos espaçosos com boa cama e bom travesseiro.( fiquei no Ap1307)
- chuveiro bem forte e com boa agua. Além de ar em perfeito funcionamento. 
- Café  da manhã é maravilhoso, muitas opções e tudo muito gostoso e fresquinho.( um dos meus cafés preferidos em hotéis)
- localização próximo ao centro e rua muito ampla. 
- funcionários corteses e bem humorados.
- tem um bom estacionamento coberto. 
- segurança na entrada fazendo a abordagem de quem chega( traz tranquilidade).
Amei mesmo o hotel. Já é minha segunda vez que me hospedo.",10,2024-09-17 00:00:00+00,1
 Le rooftop avec la piscine chauffée,10,2024-09-17 00:48:47+00,1
"Experiência incrível, quarto aconchegante, limpeza muito boa. Café da manhã com muita variedade de pães, bolos,frutas.",10,2024-09-17 10:33:08+00,1
" Vc  entra no quarto com uma música ambiente que já te leva p um clima de alegria. Amei isso! A localização é ótima,  vc pode ir a pé p vários restaurantes muito bons. Tudo é extremamente limpo e um café da manhã muito variado e gostoso.  Da musica ambiente no quarto e a limpeza.  Troca de toalha todos os dias. Tudo muito limpo.",9,2024-09-18 11:42:21+00,1
 Iluminação da suite,8,2024-09-19 18:27:12+00,1
"Eu e meu namorado adoramos o hotel!
Ótima localização, quarto ótimo, limpeza do hotel, academia com poucos aparelhos, mas qualidade boa, café da manhã com várias opções saudáveis… só o colchão estava meio afundado… mas de resto, tudo perfeito!",10,2024-09-21 00:00:00+00,1
"Maravilhoso! Comida excelente, ambiente agradável e bar com ótimo atendimento. Recomendo para se hospedar em família, próximo de muitos restaurantes, marcado e posto, praticidade garantida, voltaria sem pensar duas vezes! Amamos tudo",10,2024-09-22 00:00:00+00,1
" Localização, café da manhã.  Camas pequenas e desconfortáveis . Só dois elevadores para 17 andares muita espera e elevador passando sempre cheio. Piscina não pode ser utilizada a noite.
Te cobram a garagem.",7,2024-09-23 02:37:48+00,0
"Hotel incrível, muito limpo, organizado, a piscina foi o que mais gostei. A única coisa que eu mudaria seria a televisão por uma smart tv que funcionasse YouTube, Netflix, etc… senti falta rsrs, mas de resto tudo perfeito.",10,2024-09-24 00:00:00+00,1
"O hotel tem as estruturas bem mantidas, os funcionários bastante atenciosos, café da manhã completo e ótima área de bar e piscina na cobertura, com preços justos. Tem muitos quartos e, por isso, é razoável que se espere um pouco pelos elevadores. A localização é bem conveniente para frequentar restaurantes indo a pé e equidistante entre as atrações mais afastadas.",10,2024-09-25 00:00:00+00,1
 el desayuno y la ubicacion. cerca de los micros que te llevan a lugares turisticos de la zona  todo me gusto,10,2024-09-25 01:19:38+00,1
" Quartos amplos, chuveiro excelente e cama confortável.",9,2024-09-25 01:37:50+00,1
" Localização muito boa, do lado de 2 restaurantes com comida excelente. Nos deslocamos de uber e era próximo da maioria dos pontos turisticos. Hotel com ótima estrutura, terraço com piscina lindo, cama extremamente confortável, comida do hotel (serviço de quarto) muito bom. Equipe muito prestativa. Não tem serviço de lavanderia, mas a recepção tem uma indicação e eles entregam e recebem as roupas, prático, rápido e ótimo serviço.  De ter que ir embora.",10,2024-09-25 10:41:31+00,1
" Limpeza, qualidade do frigobar (gela muito bem!), localização e atendimento.  Acabamento do banheiro e colchão côncavo.",9,2024-09-25 15:47:26+00,1
" Apartamento não estava limpo, vazamento de água no box do banheiro",5,2024-09-25 17:45:23+00,0
" Es war alles sehr gut. Bett, Bad und auch die Lage. Gleich nebenan ein tolles Buffet Restsurant. Die Mitarbeiter sind sehr freundlich und hilfsbereit.  Nichts.",9,2024-09-26 17:46:14+00,1
Gostaria de elogiar a funcionária do Hotel Jéssica Maria. Excelente trabalho e uma ótima experiência quando retornava ao quarto. Hotel de boa localização e fácil acesso aos lugares e pontos turísticos da cidade. Super recomendado.  Até breve,8,2024-09-27 00:00:00+00,1
Serviço de excelência  jdjkskksksisidididododididikddkidididududududududufjfufufhsjskskskdkdkdkdkdidiskskosskoskeksodffffdddydycucugigofjcofudlyztlPyxypzglzglxlgxlhzgzglzlgxhlzglxglzypzypxypzypzylzypztozptTototztpzg,10,2024-09-28 00:00:00+00,1
" Localização, estacionamento, próximo a bons restaurantes e café da manhã  Nada",8,2024-09-28 13:59:05+00,1
" Quarto espaçoso, chuveiro bom, cama ótima.  Elevador muito demorado. Poucos elevadores para o numero de pessoas.
Cobrança dos consumos no bar com taxas duplicadas.",9,2024-09-29 22:51:38+00,1
"Quarto com limpeza razoável, uma das camas com o colchão afundando no meio. frigobar desabastecido, sendo necessario pegar na recepção os itens. As aguas de cortesia são uma boa iniciativa. O custo benefício é baixo pelo valor da estadia.",6,2024-09-30 00:00:00+00,0
 Localização  Poucos elevadores,8,2024-09-30 01:53:18+00,1
 Demora exagerada para uso do elevador,9,2024-09-30 14:35:51+00,1
 Hóspedes devem ser orientados a não fazer barulho excessivo durante a madrugada.,7,2024-09-30 20:09:43+00,0
"Já foi nossa 3 vez hospedados nesse hotel. A equipe do hotel é excelente em acolhimento e atendimento de nossas solicitações. Os quartos que usamos são confortáveis e amplos. Café da manhã é variado e delicioso, tem academia, piscina de borda infinita e o pôr do sol lá do rooftop é imperdível. Super recomendamos o hotel.  Dentro desse hotel tem a   Foz Trip agência de receptivo e turismo que  é simplesmente  excelente (destaque para o maravilhoso atendimento da Kauani, do Jaisson e da Luciana).",10,2024-10-01 00:00:00+00,1
A melhor visão da cidade  junto com a melhor banda que ja ouvi. Banda Acústico  Livre e o por do Sol mIs maravilhoso! Gente que cidade maravilhosa! Quero viver aqui!!,10,2024-10-03 01:50:25+00,1
"Boa localização, café da manhã farto, bar no rooftop bacana...os atendentes podiam ser mais simpáticos, com exceção da Aline que foi muito simpática e solicita em tudo que pedi",8,2024-10-03 10:10:18+00,1
 Localização.,7,2024-10-03 17:50:18+00,0
Pessoal muito simpático. O café da manhã era muito bom. O quarto com as camas era bom.,8,2024-10-05 00:00:00+00,1
"Magnifique ! Hôtel très bien situé, personnel aux petits soins, chambre parfaite, literie impeccable, très bon petit déjeuner, agence de tourisme dans l'hôtel avec de très bons services. Je recommande fortement cet hôtel ! Allez y les yeux fermés",10,2024-10-06 00:00:00+00,1
"Não recomendo para casais que desejam conforto, paz e tranquilidade!",6,2024-10-06 00:00:00+00,0
"El desayuno fue un poco limitado, las camas no son muy grandes por lo que pedimos habitación con 2 camas casal",8,2024-10-06 00:00:00+00,1
Hotel confortável e com bom café da manhã,8,2024-10-06 00:00:00+00,1
ótima como sempre.extrema cordialidade no atendimento e prestação de serviços. Recomendo.,8,2024-10-06 03:36:59+00,1
" Buenas vistas de la ciudad, hermosa terraza. Desayuno bien completo y abundante. La habitación bien limpia.  El colchón bastante deformado, no tan cómodo como era de esperar.",7,2024-10-06 13:48:36+00,0
"Personal muy atento, inclusive me proporcionaron habitación antes de la hora del chek inn.",10,2024-10-07 00:00:00+00,1
"Magnifique, tout était top, l'emplacement de l'hôtel, la gentillesse du personnel, les chambres, la literie, le petit dej... bravo !",10,2024-10-07 00:00:00+00,1
 Todo,10,2024-10-07 10:24:33+00,1
"Excelente trato, limpieza inmaculada y desayunos variados y de mucha calidad.",10,2024-10-08 15:49:10+00,1
"Buena atencion, desayuno regular, buena ubicacion, restaurantes y bares cerca",10,2024-10-09 00:00:00+00,1
" Rooftop  Elevador não funcionava , tendo que subir 12 andares de escada !",5,2024-10-09 20:52:06+00,0
" água grátis na entrada
camas excelentes  nada",9,2024-10-10 18:22:24+00,1
 As camas  Luminosidade,8,2024-10-10 21:56:40+00,1
"Após alguns dias no Golden e San Juan SJ, este foi o melhor hotel que fiquei na região. Ventava bastante no rooftop então comemos dentro. Preços justos. A piscina é préaquecida então estava  uma boa temperatura apesar de não ser coberta. Academia 24h. Vista para o rio e uma região de melhor público. Apenas o preço é bastante elevado. A sauna não funcionava",8,2024-10-11 18:04:22+00,1
" Localização, estrutura do hotel",10,2024-10-12 11:22:39+00,1
"Diária caríssima, incompatível com o hotel, e cobraram mais $35 de diária de estacionamento que não está discrição do anúncio, não é pelo valor e sim por sermos turistas, nos sentimos enganados , explorados...",2,2024-10-13 00:00:00+00,-1
"O nosso banheiro voltava cheiro de esgoto e estava sujo, tinha cabelo nos cantos, cama bem ruim, atendimento dos funcionários era muito bom e a localização é excelente.",4,2024-10-13 22:30:07+00,-1
"Diária caríssima, incompatível com o hotel, e cobraram mais $35 de diária de estacionamento que não está discrição do anúncio, não é pelo valor e sim por sermos turistas, nos sentimos enganados , explorados...",2,2024-10-13 23:32:27+00,-1
"Foi gostoso, mas não tinha um café na recepção pra tomar . Achei as águas muito cara pra um hotel . Atendimento maravilhoso inclusive no café da manhã .",8,2024-10-14 00:00:00+00,1
"Apartamento confortável, mobília nova, canais de tv a cabo bons, cama aconchegante, lençóis e toalhas bons, cobertor agradável, ar condicionado muito bom, vista maravilhosa. Também experimentei a comida e gostei muito. Muito limpo, e dispõe de shampoo e condicionador dentro do chuveiro. Atendentes sempre prontos e prestando um excelente atendimento.",10,2024-10-14 00:00:00+00,1
" Localização,limpeza e atendimento  Gostei de tudo",10,2024-10-14 00:59:25+00,1
" Ótima localização e funcionários atenciosos  Quarto estava fedendo muito a esgoto no banheiro, não solicitamos a troca porque já era 23h e estávamos cansados da viagem.
O quarto estava muito sujo, com vários cabelos no banheiro e as instalações eram antigas, desgastadas, não condizem com as fotos que tem no site.
A cama era muito mole e pequena, acordei com muita dor nas costas.",6,2024-10-14 11:22:01+00,0
 Cama e chuveiro  Erro no pagamento espera na garagem de 20 minutos devido a elevador no conserto,6,2024-10-14 15:03:27+00,0
" Hotel confortável, quarto limpo, estrutura no geral muito boa, bom restaurante no terraço e ótimo café da manhã! Estacionamento coberto.",8,2024-10-15 11:29:15+00,1
 Localização  Café da manhã,7,2024-10-15 19:03:33+00,0
" The roof pool and the restaurant have very good views (you can see three countries from the terrace). The breakfast was good. The hotel was perfectly located in a street with full of restaurants, and in the bus-stops around the hotel we took the buses to Iguazu fall, Ciudad del Este, Puerto Iguazú and the airport.  The elevator. They need to figure out something. Luckily we were in the second floor and we were able to use the stairs most of the times, but going to the pool was a real drama. It could easily take you ten minutes to pick it up.",7,2024-10-16 10:07:31+00,0
" Localização excelente, acomodações limpas e confortáveis, café da manha excelente, equipe muito atenciosa e solicita, rooftop com vista linda e estacionamento disponível.  O rooftop fecha muito cedo. Poderia ser melhor explorado.",8,2024-10-17 13:49:03+00,1
 Todo bien  Nada destacable,9,2024-10-17 16:47:20+00,1
"Meu hotel favorito, agora! Sem dúvidas!
No centro de Foz o Viale Tower é prático para quem vem à cidade a passeio, pois é perto de todo o tipo de comércio, primeiro ponto de acesso aos transfer e tem uma vista linda da cidade.
Ambiente lindo, aconchegando e bastante elegante. Os quartos são muito confortáveis, contando com banheiro perfeito, armário, frigobar, tv, ar-condicionado.
O café da manhã acontece das 06h30 às 10h e conta com uma boa cartela de opções de refeições. No 17° andar, o último, tem a piscina e o bar/restaurante com uma vista sem igual e pratos saborosíssimos.",10,2024-10-17 20:04:38+00,1
Como estava a trabalho é perceptível a diferença de qualidades de quarto entre quem está a trabalho como pra quem está a passeio. Se está a passeio os quartos são mais baixos e a passeio os quartos são mais altos e de melhor qualidade mesmo a diária sendo o mesmo valor,8,2024-10-18 15:54:56+00,1
"Bem localizado na região central de Foz, a piscina e o Sky Bar ficam no 17° andar, perfeito para tomar um drink e apreciar a bela vista. Tirei a foto já a noite, mas no final de tarde é o melhor horário.",10,2024-10-18 23:31:42+00,1
" quarto otimo  Café da manhã lotado

Elevador precisa ser atualizado urgente",7,2024-10-20 01:03:25+00,0
" Bem localizada no centro, quarto espaçoso. Conta com academia  Academia quente e com teto baixo. Funcionários do check in lentos e o guarda sem nenhum preparo para instruir os hóspedes",9,2024-10-20 20:26:49+00,1
 Excelente localizacao. Proximo de otimos restaurantes e com facilidade de locomocao. Otimo cafe da manha. Atendentes muito atenciosas e educadas. Restaurante bom. Rooftop com otima vista. Piscina bonita porem com horario muito reduzido ( 9-18hs). Servico de concierge excelente.  Atendente do checkin muito rispido e outras miudezas. Piscina com horario muito reduzido.,9,2024-10-20 23:17:38+00,1
 O hotel não condiz com o valor da hospedagem  O hotel não condiz com o valor da hospedagem,3,2024-10-21 13:23:59+00,-1
 Limpeza do box,7,2024-10-21 16:21:37+00,0
"Viale Tower é um hotel excelente, limpeza, atendimento,  cordialidade dos colaboradores.
Todas as vezes que chegávamos no Hall minha esposa repetia, nossa que hotel cheiroso!
Se quiser agradar quem manda vai nesse hotel!",10,2024-10-21 23:17:21+00,1
"A localização é excelente, repleta de bares e restaurantes. Atendimento impecável!!! A estrutura somente peça em relação à demora dos elevadores que existindo apenas dois não são suficientes para o fluxo de hóspedes em determinados horários",10,2024-10-22 00:00:00+00,1
Excelente!,10,2024-10-22 00:00:00+00,1
" Quarto amplo, instalações em boas condições, hotel bem localizado, café da manhã normal  Achei as camas desconfortáveis, embora grandes. Elevadores lentos e com baixa capacidade de pessoas.",9,2024-10-22 00:48:58+00,1
 ATENDEU AS EXPECTATIVAS,8,2024-10-22 11:15:34+00,1
" Ótimo custo benefício 
 Café da manhã normal",8,2024-10-22 16:15:45+00,1
"Hotel com ótima localização, equipe com excelente atendimento, em especial o Felipe da recepção. Quarto amplo, limpo e vista maravilhosa. O café da manhã possui muitas opções e todas bem saborosas. 
No entorno do hotel, há vários restaurantes, com diversas opções. Também fica próximo à fronteira com o Paraguai.
Em geral recomendo este hotel.",10,2024-10-23 00:00:00+00,1
O quarto é bom ficamos em um com 2 camas de casal amplas e confortáveis . Café da manhã com grande variedade. Bolos deliciosos. Perto de vários restaurantes e do centro. Piscina de borda infinita com linda vista para o Rio Paraná. Usei o restaurante mas não gostei da comida . Borrei a toalha de rosto com maquiagem ( filtro solar com cor )e queriam me cobrar 30 reais pela lavagem da toalha . Achei um absurdo. Reclamei e foi retirado da conta . Nunca tinha passado por isso .,8,2024-10-23 00:00:00+00,1
"Ótimo quarto, amplo e confortável e com  ar-condicionado fica bem fresco o banheiro tbm, a piscina no terraço tem uma linda vista pra cidade de Foz o rio e Paraguai. O hotel só peca nos elevadores que estão congestionados nos horários de pico",10,2024-10-23 10:14:20+00,1
" Desayuno muy completo, opciones todas. La pileta en la terraza es única. El Bar también. Ver el atardecer en el mismo es una experiencia hermosa. Habitaciones muy confortables, descanso reparador  Nada",10,2024-10-23 11:33:49+00,1
Incrivel servico restaurante de excelência,10,2024-10-24 00:00:00+00,1
"Café da manhã honesto.
Quartos limpos.
Só os elevadores que são um pouco lentos.",10,2024-10-24 00:04:03+00,1
"Ótima experiência, rooftop com uma vista deslumbrante. Muita cordialidade de todos os funcionários, quarto espaçoso, café da manhã bem farto e variado.",10,2024-10-25 00:00:00+00,1
"No anúncio, o serviço é oferecido como de alto cuidado. 
- A bagagem tive que colocar no carrinho e levar sozinha, enquanto 04 atendentes homens olhavam sem oferecer ajuda; 
- Na partida a mesma situação, sem auxílio. 
- Café da manhã barulheto, aguniado, sem assistência. Se o chão suja, fica lá até ... 
- O melhor atendimento se vê na equipe de limpeza/camareira. No retorno, o quarto estava ordenado, limpo e com a troca de toalhas. 
- Em outros hoteis como D Pedro, Monaliza, oferecem um atendimento mais atencioso, por preço mais modesto, com as mesmas condições de limpeza e o café da manhã igual.",6,2024-10-25 00:00:00+00,0
" Do atendimento, o café é muito bom, localização ótima.  Demora no aguardo do elevador e cobrança do estacionamento.",10,2024-10-25 01:42:29+00,1
"Good experience, nice hotel",10,2024-10-26 00:00:00+00,1
"Lugar estratégico e bem localizado com restaurantes, lanchonetes e farmácias perto. Rua Brasil perto do hotel onde existem várias lojas comerciais, restaurantes etc. Hotel com saída  facilitada para vários pontos turísticos. Café da manhã de boa qualidade e bem variado e com constante verificação da qualidade da alimentação.",10,2024-10-27 00:00:00+00,1
Péssimo atendimento do recepcionista,6,2024-10-27 10:38:02+00,0
 Localização  Arrumação dos quartos e elevadores.,8,2024-10-27 12:45:24+00,1
"Hotel muito bem localizado, equipes de recepção, restaurantes e arrumação muito atenciosas. Nota 10 à camareira Marina Silva que foi muito prestativa e limpeza impecável.
Café da manhã farto, com opções variadas por dia.
Cama, travesseiros de boa qualidade.",10,2024-10-28 00:00:00+00,1
"Sus habitaciones muy amplias, el desayuno muy rico. Tiene muy buena vista desde la terraza del hotel. Y los trabajadores nos ayudaron siempre, mucho más con el idioma.",10,2024-10-28 17:31:00+00,1
"O hotel Viale Tower é apenas um dos hoteis da rede Viale em Foz. Tem boa localização perto de restaurantes e bares e sempre teve esse tipo executivo, melhor p quem vai a trabalho. Porém nessa estadia, primeiramente me colocaram num apartamento em uso, o que é constrangedor. Depois me relocaram, e no quarto (801) a limpeza estava deficiente, com cabelos no banheiroe a agua cortesia estava aberta e na metade mesmo com o selo do hotel, ou seja nao foi verificado. O cafe da manha estava fraco e diferente das vezes anteriores que fiquei hospedado. Acredito que a administração precise rever o gerenciamento desse hotel. Ainda iam me cobrar o estacionamento, sendo que tive que provar no meu sistema de reserva que o estacionamento estava incluso sem taxas. Enfim, anda bagunçado.",6,2024-10-29 00:00:00+00,0
"Cama muito pequena, número de cadeiras insuficiente e estacionamento coberto com acesso meio complicado.",8,2024-10-29 00:00:00+00,1
" La habitación, la atención de la gente  a pesar de que no pudimos llegar la primera noche por culpa de la aerolínea LATAM,  la información que nos brindaron. La atención en la terraza del hotel y la calidad de la comida  Todo estuvo bien",9,2024-10-30 18:43:28+00,1
"Bom hotel, restaurante do café da manhã muito apertado, elevador péssimo,",8,2024-10-31 00:00:00+00,1
" El desayuno es incomparable gran variedad,la limpieza d la habitación impecable ,la ubicación excelente,  No hay nada q tenga de negativo",10,2024-10-31 02:52:03+00,1
" Ótima localização, com muitos restaurantes por perto. Os funcionários foram sempre simpáticos e solícitos.",9,2024-11-01 13:03:16+00,1
Good enough hotel. But advertize a pool and hours but before 5pm the staff start tearing down all the pool loungers and putting up tables for bar use. Most people would use hotel after spending day at Falls and looking to relax. Instead left not impressed.,6,2024-11-02 21:33:06+00,0
"Serviços e atendimento muito bons. Ótima localização. Excelente custo benefício. Hotel próximo ao comércio, restaurantes e bares, podendo fazer tudo a pé. Recomendamos o hotel, tivemos uma excelente estadia. Continuem assim. Parabéns.",10,2024-11-03 00:00:00+00,1
 o black out no quarto precisa verdar melhor. as frestas ficavam na janela e o dia amanhecendo o quarto clareava,9,2024-11-04 01:59:37+00,1
 All good  Sometimes the elevator took a little long to arrive,10,2024-11-04 11:17:05+00,1
 próximo de tudo,10,2024-11-05 23:39:20+00,1
"O hotel é muito bom. Quarto amplo e confortável, cama espaçosa, excelente localização e o café da manhã é muito bom,  apesar de não ter muita variedade. O problema é que só tem 2 elevadores para atender um prédio com uns 17 andares. Tive que descer várias vezes de escada, do sétimo andar,  porque os elevadores demoravam muito e passavam lotados.",8,2024-11-06 00:00:00+00,1
" O Hotel reúne as melhores qualidades, acomodação, localização, atendimento e vista linda da cidade !",10,2024-11-06 13:50:19+00,1
Muito bom,10,2024-11-07 00:00:00+00,1
"Experiência tranquila, com serviços ágeis e informações claras",10,2024-11-08 00:00:00+00,1
" La piscina y la terraza fue lo mejor, la habitación muy cómoda, bien ubicado",10,2024-11-08 15:25:06+00,1
"Hotel com boa localização, quartos grandes e cama boa. A vista da piscina é boa, mas para por aí! A condição dos quartos era ruim. Moveis surrados, drywall do teto do banheiro caindo, mofo nos rejuntes do banheiro, toalhas surradas, o edredom que tinha no quarto estava encardido. Tive que pedir para trocar.
O café da manhã muito fraco. Minha esposa achou até uma fatia de queijo com mofo.
Os elevadores são demorados e precisam de uma manutenção. Tem potencial, mas precisa melhorar. Não recomendo no momento.",4,2024-11-11 00:00:00+00,-1
Rooftop maravilhoso para assistir o por do sol de Foz do Iguaçu,10,2024-11-12 19:15:19+00,1
"Je mets deux étoiles 1 pour l’accueil et 1 pour la vue panoramique. Chambre qui manque largement de propreté. Les rideaux ne sont pas adaptés. Vous avez de la lumière dès 5h du matin. Pour être gentil ils nous ont mis du scotch pour pouvoir le scotcher sur le mur. Il y a beaucoup de fissures sur les murs, il n’y a pas de pommette de douche. La propreté de la douche est à revoir aussi. L’odeur dans la chambre est désagréable. Le petit déjeuner est très restreint. Le restaurant de l’hôtel est à éviter complètement. Service très long, malgré que les serveuses fut très gentilles. La nourriture n’est absolument pas bonne. Les vitres de la piscine manque d’entretien. Dommage de ne pas pouvoir avoir une magnifique vue à travers les vitres sur le Rooftop. Pour moi c’est un hôtel qui est à éviter ou bien uniquement pour y dormir.",4,2024-11-13 20:11:49+00,-1
"Quarto grande, muito confortável. Excelente banheiro, enxoval novo. Bem localizado. Peca por pequenos detalhes. Nos quartos falta espelho de aumento para que mulheres possam se maquiar, mais cabides e ferro de passar. Também faltam amenities como algodão. Só tem dois elevadores, com capacidade máxima de 9 pessoas, o que torna ir e vir um suplício. A área de café da manhã é pequena para o número de hospedes. Então não é fácil conseguir um cantinho para fazer sua refeição.  Pontos positivos: academia 24h e preços justos no serviço de quarto.",8,2024-11-14 00:00:00+00,1
"Atendimento, em especial Jéssica Oliveira, limpeza, qualidade das acomodações de excelente qualidade, e variedade de alimentos no café da manhã.
E ainda nos proporciona um diferencial que é a vista deslumbrante do por do 🌞 no skybar.👏👏👏",10,2024-11-16 00:00:00+00,1
"Hotel básico com boa localização.  Restaurante pequeno e apertado, tamanho insuficiente para o porte do hotel, grande numero de hospedes sem espaço para circulação no café da manha. No terraço uma bonita vista do por do sol, piscina pequena.",8,2024-11-18 00:00:00+00,1
 sim gostei muito  de tudo,9,2024-11-18 11:29:26+00,1
"Estadia boa, acomodações satisfatórias, café da manhã bom. Recepcao educada, atenciosa. Hotel três estrelas bom.",6,2024-11-19 00:00:00+00,0
" Café bom, dentro das expectativas e ótima localização.",10,2024-11-19 15:03:38+00,1
" Simpatia dos funcionários; localização  Elevador: poucos, lentos e pequenos.
Música excessivamente alta no restaurante, é desconfortável, chega a ser difícil de conversar. Pedimos para baixar e fomos atendidos. No entanto, minutos depois, o volume já estava alto novamente. O repertório também é de baixa qualidade. Com uma ocupação expressiva por estrangeiros, poderiam selecionar playlists com o melhor da música brasileira.",9,2024-11-19 19:39:52+00,1
" Localização, segurança, limpeza, conforto e amplitude do quarto.  Quantidade limitada de elevadores para o tamanho do hotel, prejudicando o ir e vir dos hóspedes.",8,2024-11-21 00:27:41+00,1
" O café da manhã é muito bom, a equipe repõem os pães e frutas a todo momento.  O elevador é um pouco pequeno apesar de serem dois as vezes demora um pouco para subir ou descer, mas nada que atrapalhe a estada.",10,2024-11-21 00:49:45+00,1
" Localização central do hotel, podemos fazer várias coisas a pé.  Falta treinamento dos funcionários. Apesar da observação no espelho do banheiro para deixar as toalhas penduradas caso não fosse necessária a troca, mesmo assim as toalhas eram recolhidas e deixadas em número insuficiente. Recolheram 3 toalhas penduradas e deixaram apenas 1 toalha!!! O pior foi em um dia, deixar o quarto às 12h20 e voltar às 19h e encontrar nosso quarto com a porta ABERTA, achei isso um absurdo, a camareira arrumou o quarto e largou aberto, sorte nenhum pertence ter sumido. Faltava uma lâmpada no quarto também e havia vazamento do box para o banheiro.",6,2024-11-21 13:51:04+00,0
" Piscina  Elevador, demora muito, fica esperando mais de 20 min, cada vez que precisava.",8,2024-11-21 16:58:16+00,1
 Quase tudo  Nada,8,2024-11-22 21:54:58+00,1
"Começando pela nossa chegada, atendentes educados, pouco cordiais.
Elevadores péssimos, além de demorados, sem ar condicionado.
Já vi essa reclamação alguns meses atrás, a qual não foi resolvida.
As toalhas de banho eram encardidas e piores que as da piscina, finas.
No banheiro falta de manutenção, assim como no quarto falta de lâmpada. 
Cafe da manha salvou se pelas empanadas e salada de frutas.
Os bolos  servidos, não sei nem como explicar, secos, sem sabor, pareciam de dias...
Piscina só pode ser usada até as 18:00.
O que adianta ter estão?
Na maioria das vezes e esse horário que as pessoas voltam dos passeios.
Já conhecíamos o Viale cataratas, o qual oferece melhores serviços.
Não recomendo.",6,2024-11-23 00:00:00+00,0
"Não houve nenhuma possibilidade de fazer late checkout mesmo sendo cliente Hotels, alegaram que o hotel estava cheio o que não se comprovou uma vez que haviam quartos para locação. Quiseram cobrar quase $ 300,00 a hora pelo adicional do checkout. Falata de cortesia no atendimento do restaurante no rooftop",6,2024-11-23 00:00:00+00,0
"Hotel que atendeu minhas necessidades, custo benefício bons, exelente localização e profissionalismo da equipe!café da manhã diversificado, academia muito boa, garagem segura!
Bar com visão fantástica, e boa comida! Colaboradores muito atenciosos em todos os setores!",10,2024-11-24 00:00:00+00,1
" A vista do hotel no terraço é espetacular, a cama é confortável, o chuveiro é uma delícia, os funcionários muito simpáticos e prestativos, localização excelente.  O ar-condicionado funcionava, porém não gelava quase nada, as janelas não abrem muito então o quarto ficou quente, abafado e sem corrente de ar, o que me fez ficar desconfortável e com calor.",7,2024-11-24 03:37:51+00,0
" très beau rooftop et qualité prix très bien 
chambre spacieuse  personnel à la terrasse nous a dégager de nos sièges sans aucun respect car ils devais préparer  une soirée privatisé. nous avons payer pour la piscine on a le droit d y aller.",7,2024-11-24 19:58:40+00,0
" Café da manhã farto e variado, suítes novas, muito limpas, banheiros amplos com chuveiros relaxantes e uma maravilhosa vista no roof top. Academia equipada.  As camas poderiam ser maiores.",9,2024-11-25 09:41:28+00,1
"Com certeza o hotel com a melhor vista do centro de Foz do Iguaçu. A piscina com borda infinita na cobertura dispensa comentários!! Quarto bem limpo, porém muito fechado e estava com cheiro de mofo quando chegamos.
Também esperei por dois seguidos que limpassem o quarto, e quando voltava ainda estava da forma, com as toalhas molhadas. Mas tirando isso, não tem o que reclamar, recepção muito boa e atendimento excelente.",10,2024-11-25 22:08:15+00,1
" Piscina e rooftop são bons. Se o quarto tivesse uma manutenção um pouco melhor, seria razoável.  Room service só leva ao quarto se pedir algo. Se pedir uma colher, por exemplo, eles pedem pra você buscar no rooftop. Pedi toalhas ao funcionário da piscina e ele me falou para buscar em frente ao banheiro (fora da piscina). Atendimento BEM RUIM pra um hotel desse preço.",6,2024-11-26 14:35:28+00,0
 Sehr schönes Hotel mit gutem Preis / Leistungsverhältnis.  Ich habe nichts zu bemängeln,9,2024-11-27 12:16:48+00,1
"Atendimento excelente, recepção, camareiras, café. Ótima localização na cidade, central, com bares e restaurantes no entorno. A vista a partir do terração é deslumbrante, ponto forte!",8,2024-11-28 17:30:08+00,1
"Tourist trap! View of the rooftop and Christmas decorations are amazing, but the rooms and the service is terrible! The fire alarm in our room was missing, the window was unable to close and there were different kinds of insects in our room. We asked the reception if they could do something about it, but nothing happened. Showing advertising of a shopping mall that is under construction. Insects in the food of the breakfast.",2,2024-11-28 18:00:22+00,-1
"Hotel bem localizado, bom café da manhã, quarto espaçoso, no 16º andar a água do chuveiro não tem muita pressão, provamos o vinho Parrales no Sky Bar com tábua de frios como petisco, atendimento cortês do pessoal de lá.",8,2024-11-29 00:00:00+00,1
"Localização boa mas os quartos ruins, precisando urgente de renovação, as cortinas pequenas, vc acorda com o nascer do sol? 2 cabides no armário,
A piscina é minúscula no Roof top. Que também é bemmmm “mais ou menos “ música alta, impossível conversar! Pedimos pra baixar e a garçonete disse que era o padrão 😳😳. Internet boa, café da manhã honesto.",6,2024-11-29 00:00:00+00,0
 A localização é excepcional. Muito segura para andar a pé. Vários restaurantes e conveniências no entorno.,10,2024-12-01 00:26:45+00,1
 Very good  Elevator to slow,10,2024-12-01 13:55:52+00,1
"Ótimo custo beneficio, super bem localizado, perto de restaurantes, perto das fronteiras. Bom atendimento e cafe da manha nem honesto.",10,2024-12-02 00:00:00+00,1
" Great hotel.
Staff were very friendly and spoke great English.
Breakfast was really good.
Room clean, modern and comfortable.
Location was good, places to eat near by which you can walk to and feel safe.
Best thing about this hotel is the roof top bar and swimming pool. Food and beer was really good, live music was nice, staff great, just tap your room card and the bills go on your room bill. Then there was the view of the city, river and Paraguay which was amazing.
Wifi was good.  Everything was really good. I would definitely pick this hotel again.",10,2024-12-04 12:05:54+00,1
"Localização muito boa, atendentes gentis e um bom café da manhã. Qdo o hotel ficou cheio no final de semana levamos um bom tempo para descer do 15 andar. Seria bom nesses momentos de peak como manhã, saída de grupos, café e check out alguém coordenando os dois elevadores",8,2024-12-06 00:00:00+00,1
"Quartos com estrutura boas porém um pouco antigas , mas atendem bem . Excelente localização .",10,2024-12-07 02:34:11+00,1
 Localização excelente e atendimento personalizado  Nada a reclamar,9,2024-12-07 10:48:49+00,1
"Hotel top, atendimento do restaurante café da manhã, melhor não existe, Jonas muito atencioso.
Limpeza e organização 
Atendimento 
SKY Bar muito bom
Todos muito bem treinados para nos atender 
Quartos limpos e amplos 
Atendimento de primeira",10,2024-12-08 00:00:00+00,1
" Gostei da localização.  E o posicionamento da piscina, para ver o por do sol , é lindo.  A comida do restaurante à La  Cart. A salada do Chef, deixou à desejar, legumes mal selecionados.",8,2024-12-08 21:25:07+00,1
Top,10,2024-12-09 00:00:00+00,1
"Uns dias de descanso com a esposa, Ótima hospedagem.",8,2024-12-09 00:00:00+00,1
Pouca cordialidade dos funcionários e condições geral do prédio estão desgastadas,6,2024-12-10 00:00:00+00,0
"Maravilhoso atendimento do Jonas , e todos os funcionários do hotel , voltarei milhoes de vezes , pedi cuscuz no café da manhã e ele atendeu  com muita atenção , café da manhã fantástico ,  grandes variedades de pães , frutas e frios . 
Obs : requeijão no buffet",10,2024-12-10 00:00:00+00,1
" In die Jahre gekommenes Hotel. für Kurzreisen ausgelegt, durchschnittliche Ausstattung, freundliches Personal. Preis-Leistung passt nicht ganz.",5,2024-12-10 00:34:52+00,0
Péssima experiência! Cama extremamente suja por baixo e barulhenta! Péssimo custo-beneficio!,2,2024-12-10 08:01:01+00,-1
 El desayuno. Muy bueno  Andaba 1 solo ascensor y tardabas mucho en bajar y subir a la habitación.,9,2024-12-11 14:03:58+00,1
"Estrutura legal, porém atendimento péssimo, as 18:00 simplesmente te tocam da piscina, elevador já cheguei passar 15 m
inutos aguardando, experiência horrível.",2,2024-12-11 21:59:06+00,-1
So many restaurants around hotel and very convenient to stay,10,2024-12-12 00:00:00+00,1
 Cliente a bastante tempo pois o hotel é bem confortável e ótima localização  Reclamei que o chuveiro não saia água e o ar condicionado não funcionava direito e não foi resolvido,7,2024-12-12 10:14:46+00,0
" Das Hotel liegt direkt im Zentrum. Alles ist zu Fuß zu erreichen.
Das Frühstück ist sehr gut. 
Die Zimmer sind praktisch eingerichtet und sauber.
Die Bar und der Pool auf dem Dach sind einen Besuch wert.  Wie so oft in Brasilien könnte es im Land des Kaffees auch richtigen Kaffee zum Frühstück. Leider gab es nur Nescafe.",7,2024-12-12 11:53:27+00,0
"Limpeza excelente. Atendimento de qualidade,desde a recepção. A camareira Viviana é muito atenciosa. Meus filhos amaram o jeito que ela deixou as toalhas no quarto. Parabéns.
Gostamos muito do café da manhã e da ótima localização do hotel.",10,2024-12-14 00:00:00+00,1
Good does what it says needs updating lifts slow,8,2024-12-15 00:00:00+00,1
"Hotel é realmente surpreendente. Atendimento é excelente, funcionários muito simpáticos e prestativos. Quarto é bastante confortável e espaçoso. Restaurante muito bom. Piscina é ótima, com uma vista linda! Localização é privilegiada, tem várias opções de restaurantes nas proximidades, além de supermercado, farmácia etc.",10,2024-12-15 00:00:00+00,1
"O hotel tem um bar na cobertura que incomoda muito para dormir. A música é alta e termina muito tarde.
Fui cobrado por parar o carro na porta do hotel em vagas que pessoas que frequentam o bar não são cobradas. As vagas são abertas para a rua descoberta e sem nenhum controle de entrada e saída. Não avisam que iram cobrar e no final da estadia apresentam a conta. Achei a cobrança sem aviso prévio desonesta.",4,2024-12-16 00:23:29+00,-1
" A localização  Fui cobrado no final da estadia, sem aviso prévio,  em R$35,00 a diária por parar o carro na porta do hotel, em uma vaga descoberta, sem proteção alguma pois a mesma é totalmente aberto para a rua. Em nenhum local é informado que aquele local é estacionamento privado. Não existe  nenhum controle de entrada e saída das vagas na porta do hotel. A Pessoas que utilizavam a mesma vaga para ir ao bar ou eventos do hotel não eram cobrados. 
O barulho vindo do bar da cobertura incomoda muito para dormir e termina muito tarde",2,2024-12-16 00:24:28+00,-1
" LOCALIZAÇÃO  O hotel faz um barulho horrível devido ao bar que funciona na cobertura até muito tarde
Fui cobrado no final da estadia por parar o carro na porta do hotel em um local descoberto sem nenhum controle de entrada e saída. As vagas são abertas para a rua e sem nenhum controle de entrada e saída. A parte das vagas que são cobertas e com controle de entrada e saída é diferente de onde eu parei o carro que é na frente do hotel em um recuo da rua.",2,2024-12-16 00:34:04+00,-1
" Breakfast was good with diversity and options. Staff were helpful. Location is fantastic. There is a very nice bar on the roof  The bathroom need some improvements; during my staying, the staff use to use the lifts during the rush time creating long queues and waiting time.",8,2024-12-16 01:10:30+00,1
" Die Unterkunft ist uralt und hat mit den Fotos online nichts zu tun. Der komplette Rip off. Abgewohnt, nicht instandgehalten und gleicht einem 2 Sterne und keinem 4 Sterne Hotel. Schade dass der Kunde für dumm verkauft wird…",2,2024-12-16 01:35:35+00,-1
" Room was very clean, bed was very comfortable, lots of hot water in the shower, very helpful staff, excellent selection of food at breakfast. I would most definitely stay here again!",10,2024-12-16 17:30:19+00,1
" Lugar aconchegante, todas as vezes que vou nos surpreende mais. Estão todos de parabéns, recomendo!!",10,2024-12-16 18:02:20+00,1
 Very good breakfast,10,2024-12-17 13:15:23+00,1
"Tudo muito bom, só uma pena que o hotel vende também um pôr do sol e no dia que eu fui tinha um evento particular e não dava pra chegar no local onde se aprecia o pôr do sol.",10,2024-12-17 19:39:04+00,1
"atendimento de recepção muito complicado, não esperem precisar algo",2,2024-12-18 00:00:00+00,-1
" Bom custo benefício e localização. Quarto para casal extremamente grande, com uma cama king size super confortável, porém os travesseiros nem tanto ( no meu caso que tenho certo problema para dormir, incomodou um pouco ), chuveiro perfeito. Boas instalações no hotel, como a piscina aquecida e uma linda vista da cidade.  Funcionários confusos para dar uma informação simples sobre a utilização do prime Gourmet, no fim tive que pagar integralmente o consumo mesmo tendo o voucher que daria o desconto devido. 
Café da manhã bom, mas repetitivo. Para quem fica muito tempo no hotel seria legal uma variar o cardápio durante os dias. 

Preço do cardápio do Sky bar muito acima da média. Tudo bem que entregam um ambiente legal e aconchegante, mas 17,00 reais em uma cerveja long neck é bem fora da realidade, assim como os valores da água e refrigerante. Se o preço fosse mais justo, os hóspedes talvez escolhessem consumir no hotel invés de fazer compras no mercado para consumo no quarto.",7,2024-12-18 14:15:19+00,0
 Nice and central near bars and restaurants  Pool was small and music too loud hard to get out of,8,2024-12-18 15:55:27+00,1
"Ótimo atendimento e colaboradores simpáticos e prestativos.
Ótima localização, fácil acesso aos principais pontos e várias opções de bares e restaurantes.
A vista da piscina na cobertura é espetacular.",10,2024-12-19 00:00:00+00,1
Foi excelente,10,2024-12-20 00:00:00+00,1
 Quarto e banheiro espaçosos.,10,2024-12-20 16:07:45+00,1
"Os quartos são grandes e confortáveis, café da manhã muito bom , mas o melhor mesmo desse hotel é o atendimento dos funcionários, são capacitados e muito simpáticos , gostaria de agradecer 2 funcionários aqui que foram super gentis e simpáticos são o Kaique da recepção, um recepcionista super atencioso e simpático o hotel está de parabéns por esse profissional a outra funcionária é a Sra Larissa Martins funcionária que fica no restaurante no terraço, ela atendeu a gente super bem, atenciosa e simpática parabéns para essa funcionária o hotel está de parabéns por ela! Gostaria que o elogio fosse repassado para esses funcionários.

Gostaria também de agradecer pela playlist do restaurante, solicitamos para que fosse tocado um sertanejo já que somos de Brasília e lá só toca isso, obrigado por atender ao nosso pedido.

Mais uma vez gostaria de agradecer ao hotel por tudo, um excelente hotel em Foz.

Obrigado pelo atendimento.",10,2024-12-21 00:00:00+00,1
"Ótimo custo benefício e localização, ao lado de muitos restaurantes e bares. Elevador muito demorado. Café da manhã lotado, espaço pequeno e não é exclusivo para hóspede, isso precisa ser revisto!",8,2024-12-22 00:00:00+00,1
"Ótima estadia.
Cuidadosos com o café da manhã 
Garçons Jonas e nayane super gentis 
O colchão falta um pillow para melhor conforto.
Legal seria ter um parquinho/ e ou brinquedoteca para as crianças 
Piscina e bar no rooftop muito bom
Indico conhecer este hotel.",10,2024-12-22 00:00:00+00,1
" Great location, spacious room, good shower  There are only 2 small, slow lifts for a 17-floor hotel, and one of them broke down twice in two days. There were throngs of people waiting, and when you finally managed to get on, the lift stopped at every floor, where there were more people waiting to get on. The breakfast room too is too small, it gets really busy and is so cramped you cannot get through to a table or to the breakfast bar without bumping into people and furniture.",7,2024-12-22 13:35:00+00,0
" хороший номер, просторный.  персонал ужасный. На ресепшене при оформлении не помогли с обменом долларов на реалы, пришлось просить помощи людей на улице. Несколько обменников были закрыты, добрый человек с улицы помог найти работающий обменник. Всего 2 лифта на большое кол-во отдыхающих, при нажатии кнопки этажа выше 9, номер этажа не отображается, едешь и не знаешь, где он остановится. На завтрак очень много выпечки, но она совершенно пресная и не вкусная",3,2024-12-22 16:20:33+00,-1
" Várias opções no café da manhã, conforto da cama e tamanho do quarto, localização próxima a bons bares e restaurantes.  Toda vez que me hospedo no Viale minha acompanhante precisa descer do carro para retirar cones que ficam nas vagas de PCD, pois nem sempre tem alguém cuidando o estacionamento. Poderiam deixar uma pessoa responsável por monitorar as vagas no estacionamento principalmente as vagas reservadas para que não sejam utilizadas por pessoas sem a devida identificação e autorização para o uso das mesmas.",9,2024-12-23 12:43:38+00,1
No dia do Natal 24/12 o restaurante deixou a desejar. Foram quase 2 horas de espera por um prato que veio salgado sem condições de comer. Os funcionários correndo para tentar resolver a situação mas a cozinha não deu conta de atender aos hóspedes e pessoas de fora do hotel. Muitos foram embora Experiência péssima! Contratem mais mão de obra para dias de movimento... um hotel deste porte exige um número maior de funcionários,6,2024-12-24 00:00:00+00,0
 Limpeza  Elevadores,10,2024-12-24 01:02:23+00,1
Problema no ar condicionado.,8,2024-12-25 00:00:00+00,1
 Localização e conforto.,9,2024-12-26 12:18:56+00,1
"Ótima acomodações, Quarto Limpo, Café da Manhã excelente com diversas variedades de pães, frios, sucos, café, leite. Uma delícia! Eu amei.❤️
Mas o que mais amei foi o por do sol no Sky, maravilhoso poder ver a tríplice fronteira com um visual extraordinário, as comidas servidas deliciosas: Ponto positivo para os risotos, experimentei dois, no ponto e saborosíssimos. As porções ótimas quantidades muito saborosas, nota 1000 para as Búfalos Wings receita do chef da casa com um molho barbecue levemente picante. Parabéns a todos! 

Bom correia de Natal né teve alguns atrasos mas nada que não fosse facilmente resolvido.
O Maitre Elias nos avisou sobre a sobrecarga na cozinha e nos orientou que poderia demorar mais que o normal.

O chef da cozinha Erick Peres veio até nossa mesa para se desculpar, e foi muito educado e simpático.
Eu e meu marido amamos tudo na gastronomia do Viale, fomos muito bem atendidos pelos garçons e garçonetes 

Fiquei hospedada no Natal e só tenho a dizer muito obrigada pelo carinho das camareiras com meu quarto pessoal da recepção super atenciosos nos orientaram sobre atrações turísticas da cidade.
Excelente, com certeza na nossa próxima estrada na cidade já sabemos onde ficaremos.",10,2024-12-27 00:00:00+00,1
"Rooms are nice and clean, beautiful rooftop, decently located location. They had beautiful Christmas decor that made it feel festive. As a vegetarian the only thing I did not like was the breakfast - was not happy with the breakfast and ended up eating mostly fruit. For a 3 star hotel this is a really great deal!",8,2024-12-28 00:00:00+00,1
Localização muito boa,10,2024-12-28 04:27:57+00,1
" Zentrale Lage mit vielen Restaurants in der Nähe.
Tolle Dachterrasse.  Etwas heruntergekommene Einrichtung, einfache Ausstattung.
Boden dreckig.",8,2024-12-28 10:22:34+00,1
" As acomodações são espaçosas e confortáveis.  O box do banheiro poderia ser melhor higienizado, pois havia sujeira nas junções dos vidros. Os lixos também poderiam ter tampas.",9,2024-12-28 13:05:45+00,1
" It’s a good location on walking distance from bars and restaurants. They have a very nice rooftop pool with good service.  The rooms are more than okay,  but nothing special.",10,2024-12-28 13:53:53+00,1
 La ubicación muy buena. La terraza muy buena.  Que tengan la opción de café expreso en el desayuno.,9,2024-12-29 00:03:57+00,1
"Local limpo e organizado, funcionários sempre dispostos a ajudar,adoramos a experiência gastronômica do restaurante do hotel, o chef Erick foi até nós muito atencioso. No Sky bar no terraço uma vista do por do sol maravilhoso, piscina top com borda infinita, drinks bem preparados, voltaremos com certeza e indico. ☆☆☆☆☆",10,2024-12-30 00:00:00+00,1
" Apartamento bom silencioso.  Banheiro, mal cuidado chegamos o vaso sanitário não estava funcionando bem.
Entupido falta de manutenção.
Para sair do hotel os elevadores leva de 20 minutos para poder sair.",5,2024-12-30 10:17:59+00,0
 Las habitaciones  No tienen Internet las TV,10,2024-12-30 10:49:58+00,1
"Uma excelente estadia,perfeito do início  ao fim, uma ótima experiência gastronômica com o chef Erick, 5 estrelas.",10,2024-12-30 16:12:49+00,1
" Good location with easy access to the city centre, public transport and taxi. The roof top bar is an added bonus with views stretching out to Argentina 🇦🇷 and Paraguay.  Nothing at all",10,2024-12-31 01:01:50+00,1
"Perfecto, amable, buena traducción y entendimiento, servicial, rápido, ágil.
Desde el momento de la llegada a la mesa, nos acercó una silla y amablemente nos trajo la carta, preguntamos mucho y respondió a cada una de ellas, sinceramente excelente trabajo de atencion",10,2025-01-02 00:00:00+00,1
"Hotel de excelente,tem serviço perfeito da recepção até o bar, nossa noite ano novo foi uma das melhores que já tivemos em um hotel. A todos os funcionários meu agradecimento e em especial a camareira Viviana que um cachorro de toalha e como temos um, que temos como filho,foi especial.",10,2025-01-02 00:00:00+00,1
Lucas is amazing! Very attentive and fun to talk to. He translated the menu and gave advice on the drinks. He speaks fluent Spanish with was really helpful. He even took a picture for us. So nice !  I highly suggest him as a server for your next meet up.,10,2025-01-02 00:00:00+00,1
"Alo! Bom dia!!
O Viale Tower Hotel conta com atendimento de um pessoal cordial, alegre.  
O Viale Tower Hotel conta com ótimo café da manhã!  
O Viale Tower Hotel conta, ainda, com o Bar Sky, aconchegante e com piscina!!!
Necessitando água, algum lanchezinho ou cafezinho, no saguão de entrada há máquina própria para socorrê-lo.",10,2025-01-02 00:00:00+00,1
 Muy bueno  Todo,10,2025-01-02 13:36:37+00,1
" Localização, limpeza, conservação, tamanho do quarto  Serviços deixaram a desejar 
Cafe da manhã fraco
Falta de auxílio com as malas na chegada e saída
Falta serviço lavanderia
Demora no roomservice
Elevadores muito lentos",7,2025-01-02 21:53:31+00,0
"Hotel com excelente atendimento, quarto limpo, e serviço de camareira impecável.
Funcionários prestativos, café da manhã muito bom, cama confortável, só estranhamos o fato de ser cama de casal, estamos acostumados com a queen, mas sem problema.",10,2025-01-03 00:00:00+00,1
"Falta mais elevadores 
Café da manhã com poucas opções (sugestões:Café da manhã com tapioca,crepes,e outras coisas gostosas e saudáveis para comer no café da manhã. Tirando tudo isso o hotel foi maravilhoso,nos trataram super bem. Obrigado por esses momentos maravilhosos",6,2025-01-03 00:00:00+00,0
"A festa de réveillon no Skype foi muito ruim, tinha gente demais, e não cabia no espaço designado para a festa. Muito desconfortavel; a comida servida não correspondeu a descrição do cardapio que constava na divulgação. Impossivel se mover no espaço e as filas eram longas, tanto no bar como no buffet",6,2025-01-03 00:00:00+00,0
"Hotel atendia exatamente o que procurava, confortável, bom café, boa higiene, bem localizado e bom atendimento",10,2025-01-03 00:00:00+00,1
" Centralt beliggenhed, God service, rent.  Belysning i opgangen, elevatoren lidt lille, men mindre betydning!",9,2025-01-03 00:45:08+00,1
" Localização, limpeza do quarto e a vista",8,2025-01-03 15:50:33+00,1
" Foi para passar o Ano novo em Foz, hotel ótimo muito limpo, bem localizado tem muitos bares e restaurantes na mesma rua, perto dos pontos turiticos, funcionários muito atenciosos, café da manhã maravilhoso, me hospedo novamente e indico.",10,2025-01-03 21:09:32+00,1
"quartos grandes, banheiro grande, tudo bem limpo…
o café da manhã era muito bom também!
único detalhe: o elevador é bem devagar, mas apenas isso, no mais tudo ótimo!",10,2025-01-04 00:00:00+00,1
"Great location, clean facilities, wonderful breakfast, helpful staff. Exceptional Value!!!! I want to return to Foz do Iguaçu just to stay here again!!!",10,2025-01-04 06:46:38+00,1
" Hotel muito bem localizado, bar e restaurante ao lado, os pontos turiticos proximos, funcionários muito atenciosos, café da manhã maravilhoso.",10,2025-01-04 18:57:37+00,1
"Bom hotel custo benefício, só não levou 5 , pois precisa melhorar o aquecimento e o atendimento da Piscina... O pessoal da agência de turismo que vende os passeios tbm precisa melhorar, mas aí é a empresa e não o hotel.
Recepção muito boa, sempre em busca de ajudar, sempre.
O Hotel está em uma região de fácil acesso para tudo ( passeios, restaurantes, shoppings e supermercados ).
Voltarei com certeza!!!",8,2025-01-05 00:00:00+00,1
Towels are thread bare and grey. The room has musky smell and the bed creaks. A bit overpriced for the type of hotel class. The lack of complimentary water was a con since we have been traveling through South America and some cheaper priced hotels still provided them.,6,2025-01-05 00:00:00+00,0
"O hotel é bom. A piscina não estava aquecida. O blackout no quarto não funcionou, deixando o quarto muito claro e com sol na cabeceira. O rooftop é lindo e os drinks maravilhosos.",10,2025-01-05 00:00:00+00,1
"Localização hotel e excelente,  quarto limpo , cafe da manhã com grande variedades de bolos, paes, frios , sucos e frutas, piscina no 17 andar com a visão panorâmica do por do sol, funcionários atenciosos e solicitos.",10,2025-01-05 00:00:00+00,1
"Lugar maravilhoso, ultimo.andar, vista da cidade com direito ao por do sol. Comida excelente e o atendimento do garçom Lucas, sensacional! Preços dentro do esperado, música ao vivo de boa qualidade e som que permite conversar com as pessoas da mesa. Perfeito!!!",10,2025-01-05 00:00:00+00,1
"Overall great stay, room are spotless clean and the sky bar is amazing.",10,2025-01-05 00:00:00+00,1
"Nossa família tinha planos de passar mais um reveillon no Viale Tower este ano, porém mudaram a programação. Nos anos anteriores, você comprava o pacote que dava direito a ceia no restaurante do hotel e acesso a programação de reveillon na piscina do hotel, com tudo incluído. Neste ano, eliminaram a ceia e deixaram somente a programação na piscina, com valor de R$600,00 por hóspede, achamos caro em relação ao que pagamos nos anos anteriores. Sugerimos rever isto para o reveillon 2025/2026.",10,2025-01-05 14:09:03+00,1
" SKY Bar  Elevador muito lento, espera-se demais para descer e subir 
Poucas opções sem lactose/leite  no café da manhã 
Não tem outra opção de proteínas fora ovos, exemplo frango desfiado ou carne seca 
Não preparam nada a pedido do cliente caso tenham alguma restrição alimentar 
Achei a diária elevada pelo pouco luxo do hotel 
Academia pequena com poucos aparelhos, pesos e sem anilhas.",8,2025-01-05 22:56:21+00,1
"Lucas nos atendeu com muita gentileza e educação, tornando a experiência ainda melhor. A comida estava deliciosa, a vista incrível, e o pôr do sol foi simplesmente deslumbrante!!!!!!!!!!!!!!!!!!!!!!!!!!!!!!!!!!!!!!!!!!!!!!!!!!!!!!!!!",8,2025-01-06 00:00:00+00,1
"Desvantagem: número de elevadores insuficiente para horários de pico. Se estiver no décimo andar, por exemplo, pode acontecer de precisar esperar de 10 a 20 minutos pelo elevador, que passará lotado várias vezes.
No mais, todo o restante da estadia foi perfeito.",10,2025-01-06 00:00:00+00,1
" Café da manhã muito bom com bastante variedades. Produtos frescos.
excelente localização, perto de bons restaurantes.
equipe bem prestativa e colaborativa.",8,2025-01-06 20:14:40+00,1
" Cama  Banheiro, estacionamento e café da manhã",5,2025-01-07 15:56:42+00,0
"Hotel ok, com roof top bem legal, mas o elevador é um problema sério, pois alem de demorar muito, está sempre lotado.",6,2025-01-08 00:00:00+00,0
"Quartos de acordo com a proposta, bom café da manhã, boa Wi-Fi.
Tem academia bem limitada, mas o normal para o tipo de hotel. Piscina bonita no último andar do hotel.
Estacionamento pago à parte e com poucas vagas. O elevador foi subdimensionado para o edifício, assim tenha calma e paciência.
Bem localizado.",6,2025-01-08 00:00:00+00,0
"Nice property, loved the rooftop pool and bar!",10,2025-01-09 00:00:00+00,1
" A localização do hotel é perfeita, bem próximo a ótimos barzinhos e restaurantes.  Quarto num bom tamanho, café da manhã com bastante variedade, funcionários sempre mto solícitos e educados e piscina sempre limpa. Mas o Ski Bar é  o ponto alto do hotel, com um por do sol sensacional e comida deliciosa. Pedimos uma gentileza em um dos pratos e o chef veio pessoalmente noa nossa mesa saber se tínhamos gostado.  Na minha próxima visita a Foz, com ctz ficarei no Viale novamente.  As camas precisam ser trocadas.",10,2025-01-09 00:22:08+00,1
"Excelente hotel, limpo, organizado, uma casa estrutura incrível, a noite tem o SKY bar , a visão da cidade é linda os recepcionistas e os demais empregados são extremamente atenciosos e educados recomendo muito, as camareiras são Educadas demais",10,2025-01-10 00:00:00+00,1
"Fiquei por várias vezes neste hotel e desde a primeira vez, a qualidade caiu muito. Primeiro a piscina que agora só fica aberta até às 18:30 hrs. Depois o estacionamento que é cobrado à parte e administração é muito ruim, não tem controle algum. Deixam mais carros adentrar no estacionamento sem vaga. Colocam pessoas irresponsáveis que não sabem administrar. Por vários momentos ficamos mais de 30 min para entrar no elevador. Muito difícil. Com certeza será última vez que fico neste hotel.",6,2025-01-10 00:00:00+00,0
" Café da manhã é excelente, ótima localização, gostei de tudo.",10,2025-01-10 02:20:15+00,1
" Muito bem localizado próximos a vários bares, restaurantes, farmácia, sorveteria etc. De uber, dá cerca de 20min dos principais passeios e aeroporto.  Uma das lâmpadas no nosso quarto não estava funcionando, o banheiro não tinha janela e o suporte do secador de cabelo estava quebrado. Acredito que poderiam melhorar na manutenção dos quartos.",8,2025-01-10 13:42:12+00,1
" Friendly staff, great location with good restaurants nearby. Breakfast was very good. 

But you need some time using the elevators. Definitely a recommendation for a stay in Foz. .",9,2025-01-10 21:08:21+00,1
"Nada a reclamar , ótima localização , equipe muito atenciosa , hotel muito limpo e conservado , bom café da manhã , RECOMENDO!!!",8,2025-01-11 00:00:12+00,1
" Café da manhã excelente.  Horário do uso da piscina, estacionamento muito apertado e pago à parte.",8,2025-01-11 09:25:00+00,1
" Ubicación, acceso cómodo, relación precio-servicio espectacular y instalaciones de primera línea.",10,2025-01-11 17:21:27+00,1
"Hotel incrível
atendimento maravilhoso sem contar no café da manhã,perto de tudo shopping, restaurante, farmácia, posto de gasolina.
Voltaria de novo sem dúvidas",10,2025-01-12 00:00:00+00,1
"Travesseiros macios
Cama gostosa
Sky bar sensacional 
O atendimento de todos é maravilhoso
A Viviana deixou nosso quarto impecável e com uma decoração linda 💖
Pontos de atenção: Os sucos do café da manhã muito aguados, a TV poderia ser smart e os elevadores demoram muito.",8,2025-01-12 00:00:00+00,1
 Ótimo hotel bem localizado. Os funcionários são prestativos. Quarto limpo e espaçoso. Rooftop com vista muito bonita. Bom café da manhã.  Nada de negativo.,10,2025-01-12 00:40:53+00,1
" Excellent value for money. Good location within walking distance to many nice restaurants. Less than 30 mins from airport and Iguaza falls. Very good breakfast included. Nice rooftop area too with great views.  Elevator a bit slow, but never waited for too long.",10,2025-01-12 13:11:10+00,1
" Excelente localização, atendimento cordial desde a recepção até os funcionários do rooftop. Visual deslumbrante para um ótimo almoço ou jantar. Preços justos e ambiente agradável. Café da manhã farto.  A limpeza deixou a desejar. Janela muita suja com insetos  grudados. A camareira não conferiu a quantidade de hóspedes e colocou uma toalha a menos. O estacionamento poderia ter um custo menor.",10,2025-01-12 21:39:27+00,1
"Excelente hotel, bem localizado, vista maravilhosa, ótimo café da manhã, quartos amplos espaçosos, super recomendo, bem arejado os colaboradores muito educados prestativos procuram sempre atender da melhor maneira possível equipe nota 10",10,2025-01-13 00:00:00+00,1
 O quarto em si estava perfeito.  Do estacionamento me colocaram em uma vaga do lado de vários lixos,1,2025-01-13 00:12:10+00,-1
" Café da Manhã:

O café da manhã foi incrível, com uma boa variedade e tudo muito fresco.
Adorei as opções de frutas, pães e o café quentinho.  Banheiro com pouca ventilação, funcionários da recepção mal humorados",9,2025-01-13 13:03:36+00,1
 Localização  Piscina até as 18:00,7,2025-01-13 14:09:38+00,0
 Localização  Recepção muito demorada. Restaurante demorado. Elevador insuficiente e super demorado.,6,2025-01-13 16:41:20+00,0
" Quarto bom. Localização boa.  Checkin super demorado, restaurante super demorado, elevador super demorado. Limpeza do quarto chegou era mais de 17h. Café da manhã bem médio.",6,2025-01-13 17:32:40+00,0
"Os quartos são limpos diariamente e muito bem! A Andreia Lima, que cuidou do nosso quarto durante a estadia foi atenciosa! Os demais funcionários que encontramos foram sempre super gentis e educados!O hotel é muito bem localizado no centro, com diversos estabelecimentos próximos. Com certeza indicamos. O café da manhã é  muito bom, almoçamos e jantamos um dia no hotel! A vista do rooftop é maravilhosa.",10,2025-01-14 00:00:00+00,1
" La ubicación excelente, muy cerca de los mejores restaurant y zonas comerciales, el desayuno muy bueno y completo, la piscina excelente con la vista panorámica del ciudad y especial para fotos inolvidables.  Lo que era un poco molestoso el ruido de la cama y aveces en horas del desayuno el ascensor no abastecía.",10,2025-01-14 12:40:16+00,1
" Desayuno: Excelente
Ubicacion: Depende lo que busques.
Piscina: Bien  No hay nada que no nos haya gustado. deberian poner mas ascensores.",8,2025-01-14 15:30:23+00,1
 Localização e cordialidade da equipe.  Elevador lento e garagem muito apertada.,8,2025-01-14 22:58:44+00,1
"I think it was quite fine. Right next to several bus stops that go straight to Iguaçu Falls - both on the Brazil and Argentina sides. It is located right next to some very obnoxious sports restaurants and bars that trap all the tourists and play open air music and disco lights throughout the night every night in the summer season. I did not notice, because I was on a high floor facing that side of the building, but lower floors would have noise issues. The breakfast was honestly bad. Dry bread and an uninspired meal. I would not pay for breakfast if I had to stay at this hotel again, instead finding it in the very excellent nearby Italo Supermarket where they have great sandwiches as well for the trip to Iguaçu Falls. The pool, bar, and rooftop areas were the highlights of this hotel.",6,2025-01-15 17:44:15+00,0
" Funcionários solícitos; café da manhã muito bom; quarto espaçoso com chuveiro e ducha higiênica bons, com camas grandes e confortáveis e com frigobar; a melhor localização da cidade.  Estacionamento pago; espera pelos elevadores (não-ventilados e demorados) nos halls (não ar-condicionados); apesar de termos sido trocados de quarto, ambos os ventiladores dos ares-condicionados estavam parados em uma única velocidade (no 306, a ventilação estava forte e, no 710, fraca); Sky Bar decepcionante apesar do bom serviço.",7,2025-01-16 15:52:41+00,0
" I think it was a quite fine hotel. Right next to several bus stops that go straight to Iguaçu Falls - both on the Brazil and Argentina sides at undisclosed intervals. There will be a random tour bus from Argentina coming by each morning around 7:00 asking people of they want to come at that bus stop where the 120 also goes to Iguaçu Falls. The pool, bar, and rooftop areas were the highlights of this hotel.  The hotel is located right next to some very obnoxious sports restaurants and bars where all the tourists go. The bars play open air music and disco lights throughout the night every night in the summer season. I did not notice, because I was on a high floor facing that side of the building, but lower floors would have noise issues so I'm would advice against staying in the lower floors during peak season. The breakfast was honestly bad. Dry bread and an uninspired meal. I would not pay for breakfast if I had to stay at this hotel again, instead finding it in the very excellent nearby Italo Supermarket where they have great sandwiches as well for the trip to Iguaçu Falls.",7,2025-01-16 16:30:37+00,0
 La vista,10,2025-01-16 19:49:44+00,1
" Cama confortável, quarto grande, chuveiro com muita pressão. Tudo muito limpo e bem organizado. Localização excelente. Café da manhã variado.  Nada",10,2025-01-16 23:05:22+00,1
"Muito boa! Lugar agradável, ótimos funcionários, muito organizado e limpo. Café bem servido!",8,2025-01-17 00:00:00+00,1
" Pra minha viagem que foi de perfil corporativo, zero assistência e atenção.
Não tem nem ferro pra levar no quarto. Tudo cheio, elevador quebrado…",4,2025-01-17 00:15:26+00,-1
" Excelente café da manhã. 
Ótimo ambiente.  Valor da refeição, e opções disponibilizadas, mas tem ótimas opções próximo do local.
Falta um pouco de empatia aos funcionários ( entendo que hotel movimentado não é ´possível a todo momento ter disponibilidade a todos )
Por ser ocupado principalmente por turista, em horários específicos os elevadores não dão conta da demanda.",8,2025-01-17 05:18:41+00,1
" Ubicación, precio y comodidad. Desayuno excelente y la piscina espectacular  El personal podría ser más servicial y atento.",9,2025-01-17 10:52:31+00,1
" Localização, Rooftop com uma vista da cidade e do Rio.  Elevador demora muito para chegar no andar, quando chegava estava cheio.",9,2025-01-18 15:25:53+00,1
"Gostei muito do hotel, quartos limpos, chuveiro confortável, café da manhã robusto. 
O único ponto negativo foram os elevadores, são 2 sociais e 1 de serviço, porém no horário de pico eles são insuficientes, muitas vezes desci de escada porque quando chegavam no meu andar estava lotado e eu não conseguia descer.",10,2025-01-19 00:00:00+00,1
 limpio y cómodo  capacidad de asesores,8,2025-01-19 02:50:34+00,1
"Funcionários bem atenciosos. O café da manhã é bem servido. A localização é estratégica, perto de bares e restaurantes, além de uma  via central com fácil acesso aos pontos turísticos. O valor também é justo. A melhora fica por conta do banheiro,  iluminação deficiente e do nosso quarto aparentava uma reforma acabada as pressas, com resquícios de tinta e rejunte, porém nada que tenha afetado a hospedagem.",8,2025-01-19 14:31:46+00,1
" Ótimo café da manhã, quarto espaçoso e confortável, muitos restaurantes próximos, a tarde o café colonial na padaria Marias Maria, tudo muito bom.  A máquina de café funcionou apenas 1 dia e entrou em manutenção, teve 1 dia em que a camareira esqueceu nossa porta entreaberta após a limpeza, por sorte tivemos que voltar ao quarto para buscar um objeto que esquecemos.",9,2025-01-19 18:48:39+00,1
"O quarto muito confortável, cama boa , travesseiros ! Toalhas razoáveis , café da manhã bom , porém no horário das 09:00 às 10:00 com fila de espera! Os elevadores são um horror para subir ou descer . Muitos hóspedes para apenas 2 elevadores . Sempre congestionados . Espera grande para usa-los",8,2025-01-20 00:00:00+00,1
Na,8,2025-01-20 00:00:00+00,1
 La Ubicación y su terraza  Camas con muchos usos y se escuchan sus resortes y sus ascensores MUY LENTOS y colapsado TODO EL DÍA,6,2025-01-20 01:53:18+00,0
 Localização  Cama de casal pequena,8,2025-01-20 10:51:10+00,1
 O cafe da manhã pode ser melhorado,8,2025-01-20 11:26:52+00,1
A Melhor Experiência.,10,2025-01-20 15:35:59+00,1
" café da manhã excelente , localização perfeita  Acho que os elevadores deixam a desejar",8,2025-01-20 18:03:43+00,1
" Breakfast was abundant. to Pe  There were no gluten free pastries or bread. 
The shower was not very clean...mold on the small tiles.
The travel agency had outrageous prices, and they were not helpful at all when we asked for options to go back to Puerto Iguazu, even when we had booked an excursion the day before. Too greedy.",7,2025-01-20 20:27:27+00,0
"Bom hotel, excelente localização, quarto espaçoso, confortável, boas instalações. Café bom e farto que poderia melhorar com um bom pão de queijo e doces bons. Tem vários doces, mas mais secos ou não tão bons. A exceção é um delicioso mini brownie fondado quando tem",10,2025-01-22 00:00:00+00,1
 Áes un hotel muy operativo y muy cómodo.  .,8,2025-01-22 00:11:22+00,1
" localização, acomodações, serviço, hospitalidade , vista do hotel é maravilhosa !  Poucos elevadores. A demora para descer ou subir é muito grande e gera um desconforto enorme.",10,2025-01-22 00:23:41+00,1
"Sono stata per due notti in questo hotel e devo dire che ha un ottimo rapporto qualità prezzo!
Colazione molto buona, top Sky con bar e piscina. Camere grandi e letti comodi. L’unica cosa che avrei da ridire è che ci sono soltanto 2 ascensori troppi pochi per 17 piani di camere!",8,2025-01-22 00:50:23+00,1
" A acomodação é excelente, boa localização, café da manhã variado, limpeza diária e funcionários atenciosos.  Da demora do elevador e um elevador quebrou um dia.",9,2025-01-22 06:23:45+00,1
"O atendimento, limpeza e o café da manhã excelente.....os ambientes são muito agradáveis...ficamos muito satisfeitos com a estadia...gostaríamos de volta em breve...fomos atendidos rapidamente e com eficiência pela colaboradora da limpeza...A Viviana...parabéns...",10,2025-01-23 00:00:00+00,1
"Tudo muito bom o atendimento, piscina,chuveiro,cama,e hj quando cheguei no meu quarto a moca que arrumou chamada Viviane fez uma dobradura com as toalhas e colocou os óculos da minha filha...ela simplesmente amou. O serviço do hotel e maravilhoso. Funcionários muito atenciosos e educados. Segundo ano consecutivos que passamos nossas férias neste hotel e voltaremos. Muito obrigada a todas a equipe.",10,2025-01-23 00:00:00+00,1
" El café muy rico 
La ubicación muy buena,buena comunicación  Nada",10,2025-01-23 00:49:57+00,1
Tengo  la cena incluida .la comida re salada.y 1hora 45 para comer,4,2025-01-23 01:23:33+00,-1
" O hotel em si é ótimo. A equipe atende muito bem e sempre busca solucionar os problemas de forma rápida e eficaz. A atendente Aline (recepção) se destaca com certeza em cordialidade e atendimento.
A vista do hotel é deslumbrante e os quartos muito confortáveis.
Café da manhã é bem servido.  A limpeza dos quartos deixa muito a desejar. O pão de sal do café da manhã é sempre requentado (extremamente duro) e a piscina após às 12h é impossível frequentar principalmente xom crianças, já que fica LOTADA e as pessoas levam cervejas e outras bebidas para borda.
Os apenas 02 elevadores de fato não atendem a demanda.",10,2025-01-23 12:52:15+00,1
" Camera ampia e pulita, letti comodi, ottima prima Colazione!
Gentilezza del
Personale alla reception.  Due ascensori per 17 piani di camere sono pochi!",9,2025-01-23 18:36:20+00,1
"Hotel bem localizado e a acomodação é bem bacana. 
Tive alguns problemas com relação a vazamento no banheiro, mas nada de mais. 
Café da manhã bem completo.
Localização é perfeita, no centro da cidade com fácil acesso as principais atrações.
Voltaria a me hospedar nesse hotel com certeza!",8,2025-01-24 00:00:00+00,1
 La ubicación y las instalaciones  Todo bien,10,2025-01-24 00:20:00+00,1
" Hotel com uma boa estrutura, todo limpo e organizado. Perto de tudo, com um bom café da manhã. Ótimo para a família. Com certeza retornarei mais vezes.",9,2025-01-24 14:05:33+00,1
Tudo ok,10,2025-01-25 00:00:00+00,1
" La terraza  En la habitación había mal olor.
Tampoco es muy cómodo de utilizar el dispenser de papel higiénico.",8,2025-01-25 00:10:54+00,1
" Café da manhã bem razoável  O café ☕️ , banheiro bem simples",7,2025-01-26 00:21:14+00,0
Comida fraca e preço alto,4,2025-01-26 14:55:21+00,-1
Vale a pena conhecer!,10,2025-01-26 22:05:20+00,1
" Localização, garagem e atendimento  Elevadores muito demorados",8,2025-01-27 12:11:38+00,1
" Buffet
Piscina con buena vista 
Sky bar
Amplios espacios para espera de traslados  Ascensores lentos que obligaban al uso de escaleras afortunadamente estaba en piso bajo
Mal funcionamiento del aire acondicionado 
Filtración de agua durante la lluvia 
No tienen servicio de botones y el pasajero debe acarrear las maletas incluso durante la urgencia de cambio de habitación 
Filtración de agua  de receptáculo del baño",6,2025-01-27 14:22:41+00,0
" Amamos o hotel, a acomodação excelente, o skybar com uma comida maravilhosa, vista incrível, funcionários atenciosos, localização excelente, próximo a vários restaurantes. Valeu muito, voltaria com certeza.  Gostei de tudo!!",10,2025-01-27 16:54:49+00,1
 Tudo normal.  Minha cama tinha uma depressão no meio. Era muito utilizada. Deveria ser trocado colchão.,8,2025-01-27 20:37:03+00,1
"Muito bom, bem localizado e com bons serviços",8,2025-01-28 00:00:00+00,1
 Tamanho  Necessário atualização na decoração e reforma total,6,2025-01-28 01:03:57+00,0
 Excelente hotel. Moderno limpio. Muy buen desayuno .  Nada.,10,2025-01-28 04:11:41+00,1
" Große Zimmer,  bequeme Betten, tolles Rooftop mit Pool und Restaurant zu vernünftigen Preisen.  Teilweise lange Wartezeiten am Lift.",9,2025-01-28 10:56:14+00,1
" Hotel muito bom para quem está de passagem, muito confortável e completo, piscina e restaurante são muito bons.",8,2025-01-28 12:15:16+00,1
" We had a great stay at Viale Hotel!  We loved the breakfast and the hooftoop that has amazing views from Foz do Iguaçu and Paraguay, even though the pool is not big it was enough  to cool off. The waiters at the breakfast and pool area are very friendly and efficient. I just felt sorry for them using long trousers in the 35-degree heat.
Our rooms were spacious and very clean with a comfortable bed.
Kauani at the tours desk, she was amazing! She organised our tours and everything we needed for our days in Foz do Iguaçu! 
I highly recommend her services and the hotel !  The lift takes ages to go up and down. It's a bit annoying.",9,2025-01-28 20:19:20+00,1
" Lo que más me gustó fue la terraza con piscina, el servicio del restaurante y el dormitorio.  Contraté en pesos y me cobraron en reales, con todos los impuestos que ello implica a transferencias del exterior.",10,2025-01-29 01:07:08+00,1
" Ubicacion- desayuno_ terraza  Cobro x separado chera, habitación con lagartija y habitación con ventanas selladas",5,2025-01-29 12:08:42+00,0
" L’emplacement, le petit déjeuner buffet  Les chambres sont très basiques elles mériteraient un bon rafraîchissement , la piscine est minuscule",7,2025-01-29 20:41:57+00,0
 Excelente todo,10,2025-01-29 22:55:18+00,1
"La limpieza del hotel es muy buena, sus 
Habitaciones son grandes y muy iluminadas (nos hospedamos en el piso 12). El baño es grande y lindo. El desayuno es excelente con una gran variedad de opciones 

Lo único para mejorar sería que a veces en el baño salía olor de la tubería",10,2025-01-30 00:00:00+00,1
"Hotel ótimo,  excelente localização perto de restaurantes,  farmácia e bares, funcionários atenciosos e muito prestativos, quarto confortável. A única reclamação é do elevador que não tem um sistema inteligente e vai parando em  vários andares com isso perdemos muito tempo.",10,2025-01-31 00:00:00+00,1
 Localização. Quarto. Funcionários,10,2025-01-31 00:54:07+00,1
 Le rooftop avec piscine. Bon restau à proximité. Personnel très gentil. Bon petit déjeuner.  La chambre aurait besoin d'être rafraichie.  Nouriture moyenne,7,2025-01-31 11:36:46+00,0
"O atendimento foi excelente. E ainda deixaram uma animalzinho de toalha pra alegrar nosso filho. O café da manhã muito bom. Hotel tranquilo, silencioso. Com boas indicações. Voltaremos, assim que possível,  pois vale a experiência. Parabéns",10,2025-02-01 00:00:00+00,1
"Nuestra estadía en el hotel fue de lo mejor, desayuno super completo, habitaciones amplias, camas super cómodas. La mejor ubicación, cerca de locales nocturnos y gastronómicos. Un agradable detalle para nuestro hijo: el que nos dejó Viviana en nuestro cuarto con muñecos hechos de toalla. Recomendadisimo hotel, sin duda volveríamos.",10,2025-02-01 00:00:00+00,1
"Excelente hospedagem. Café da manhã muito bom, quarto bem limpo e cuidado pela Viviane que é incrível. Atendimento impecável. Possui piscina, academia, boa comida e no meio de tudo. Próximo de bons restaurantes, bares, farmácias e fácil acesso para deslocamento na cidade.",10,2025-02-01 00:00:00+00,1
 Tudo estava muito bom.,10,2025-02-01 01:18:22+00,1
Melhor lugar pra ficar em Foz. Único ponto negativo é o elevador que é estranho. Demora uma eternidade pós para em quase todos os andares e nunca tem ninguém. Mas isso é irrelevante comparado com o restante da estrutura que é top.,10,2025-02-01 01:37:30+00,1
" Fui com minha filha , e só posso dizer coisas positivas. O personal muito educado e prestativo.  Com certeza indicarei esse hotel.  Muito obrigada.",9,2025-02-01 09:11:55+00,1
" La pileta en la terraza, la vista desde la terraza, el desayuno, la atención del personal. Todo impecable.",10,2025-02-01 15:48:57+00,1
" O quarto é espaçoso e funcional e os funcionários são simpáticos e prestativos.  A zona do pequeno almoço tem as mesas e cadeiras muito juntas o que dificulta a passagem das pessoas e a música é alta e de má qualidade o som e escolha musical...

O terraço tem uma vista bonita , mas a piscina é muito pequena em relação ao tamanho do hotel , é boa para crianças e não para adultos.
A comida e as bebidas neste espaço tem doses muito pequenas e a qualidade não passa do razoável mas o preço é elevado!",9,2025-02-01 21:29:50+00,1
" Instalaciones muy amplias y limpias. Buen desayuno. Amabilidad en el personal. Gran ubicación cerca del centro donde se puede encontrar bares a la noche y de día poder hacer compras en la Av. Brasil. 
El bar con piscina de la terraza es muy lindo para mirar el atardecer y disfrutar de unos drinks.",10,2025-02-01 22:03:56+00,1
"Tudo ótimo. Hotel com acomodações confortáveis,  bom café da manhã, excelente localização, perto dos melhores restaurantes da cidade.",10,2025-02-02 00:00:00+00,1
"Quarto confortável, frigobar delicioso, ducha gostosa e uma vista linda do 16° andar. Amei passar os dias aí. O Viale Tower foi a segunda opção de hotel em Foz. Sozinho ou acompanhado, a experiência é tão única que vale a pena voltar de novo. #SouVialeTowerEmFoz",10,2025-02-02 00:00:00+00,1
Los años no vienen solo falta un poquito de mantenimiento en el edificio ventanas sucias,10,2025-02-02 00:00:00+00,1
"Bom custo benefício. Quarto grande, ducha boa, cama boa, silencioso. O café da manhã, bom. Achei que os bolos, as tortas doces eram industrializados, não tinham carinha de caseiros. Nem experimentei! Os elevadores um pouco demorados, como vi nas avaliações anteriores. O local, muito bom!",8,2025-02-02 00:00:00+00,1
 La pileta y el desayuno destacan!! Buena ubicación y las instalaciones nada para reprochar..,10,2025-02-02 00:16:17+00,1
 La pileta con esa vista  es bella  Nada,10,2025-02-02 00:31:22+00,1
 Os elevadores demoram bastante.,8,2025-02-02 14:21:11+00,1
" Quarto bem grande e ambiente silencioso, gostamos muito da área da piscina com o bar e uma vista linda",10,2025-02-02 16:14:09+00,1
 El desayuno  Horario de piscina solo hasta las 18 hs,9,2025-02-02 21:12:41+00,1
" No condicen las fotos con la realidad, lo cual es una estafa. Las habitaciones son malas, mal terminadas, viejas, equipamiento malo, las puertas de los baños no cierran, una era de chapa y dejaba ver hacia el interior y ni hablar de ruidos y olores. El desayuno es de mala calidad y el desayunador esta en obra. Fuimos engañados por la publicación; una decepción. Pasamos muy mal momento.",1,2025-02-02 21:50:53+00,-1
Excelente  es muy hermoso la atención muy buena desayuno muy bien la gente de recepción  muy amable y amorosa muy buena experiencia,10,2025-02-02 23:52:41+00,1
" Café da manhã excelente!
Acomodações muito boas.  Demora para conseguir pegar o elevador.",10,2025-02-03 00:11:24+00,1
" Atendimento da equipe impecável. Quarto bom, limpo, confortável. Armário e cofre disponível. Ar condicionado funcionando bem. Excelente café da manhã. Bar na piscina, muito gostoso. Muito bem localizado",10,2025-02-03 16:55:32+00,1
" Quartos bons,  espaçosos. Banheiro ótimo.  As cortinas do quarto são ruins. Não fecha toda a janela e entra muita claridade",8,2025-02-03 20:24:56+00,1
 El desayuno  La pileta muy chico,10,2025-02-04 00:07:16+00,1
 Bon déjeuner.  Rien à dire.,10,2025-02-04 08:08:42+00,1
 Отличное месторасположение. Рядом остановка автобуса в аэропорт и нац. парк. Хорошее соотношение цена-качество. Приветливый персонал. Включён завтрак.  Бассейн маленький и закрывается в 18:00 :(,8,2025-02-04 11:26:28+00,1
" La habitación muy grande y bonita , hermoso hotel .",10,2025-02-04 16:22:17+00,1
"Muy buena ubicación en el puro centro de la ciudad con restaurantes, bares, casas de cambio muy cerca 
El desayuno es bueno pero muy repetitivo todos los días igual sin embargo el sabor es bueno 
Tiene parqueo por si rentan coche por un pequeño precio extra 
La azotea del hotel tiene piscina y restaurante muy buenos los dos",10,2025-02-05 00:00:00+00,1
Só o ar que faz muito barulho...mas nao deixaria de voltar por isso,8,2025-02-05 00:00:00+00,1
" Perfecte locatie, dichtbij alles en makkelijk om vanuit daar met de bus naar Argentinië, Paraguai of Uruguai 👍🏼! Hotel super netjes en schoon, ontbijtbuffet heel goed en divers. Zwembad boven uitstekend en prachtig uitzicht.  Bed krakt een beetje 🙈",10,2025-02-05 00:24:45+00,1
" Limpeza, cordialidade dos funcionários, café da manhã muito bom, piscina e sky bar uma experiência de por do sol maravilhosa.
Localização muito boa, perto de bons restaurantes, mercados e area central e segura.
Quarto limpo e confortável.",10,2025-02-05 01:01:51+00,1
" Excelente ubicación donde puedes tomar las líneas de colectivo que te llevan a las cataratas del lado de brasil y del lado de argentina, la piscina en la terraza con vista a la ciudad y el desayuno impecable, esta cerca de supermercados, bancos, y variedad de restaurantes y comercios de compras para todos los gustos y presupuestos , me volvería a hospedar aquí sin dudarlo.",10,2025-02-05 15:24:42+00,1
Muy buenas instalaciones y todo muy limpio. Muy bien atendidos por Ana Lucia.. El desayuno bien completo y rico! La piscina tiene una excelente vista y un buen servicio de bar! Para mi seria un excelente total si no se pagará estacionamiento por vehículo. El resto esta perfecto.,8,2025-02-06 00:00:00+00,1
"Simplesmente maravilhoso, café da manhã perfeito, quarto espaçoso com cama super confortável. Todos os dias são limpos, localização perfeita, tem de tudo por perto. Sempre que vou à Foz fico no Viale Tower e super recomendo.",10,2025-02-06 03:17:21+00,1
" La ubicación es excelente, el lugar muy limpio y el personal es amable.  Tuvimos que anotarnos en una lista de espera para poder ingresar a desayunar, porque el espacio de desayuno es muy muy pequeño y no da abasto. El estacionamiento también es demasiado pequeño.",9,2025-02-06 13:38:46+00,1
 Excelente ubicación. Hermoso el rooftop para ver el atardecer,10,2025-02-06 17:40:47+00,1
" La atención, disposición del personal y sin duda la piscina!",10,2025-02-06 19:59:05+00,1
"Excelente todo!! Solo un detalle...el horario de la pileta debería ser hasta las 22hs. 
El desayuno muy completo y la atención de quienes trabajan fue de lo mejor.
El estacionamiento muy seguro y cómodo.
El equipamiento del gimnasio excelente.",10,2025-02-07 00:00:00+00,1
" O quarto tem uma excelente relação custo benefício, cama confortável, chuveiro com bastante pressão, café adequado, a única coisa que não gostei foi o fato de não haver estacionamento suficiente mesmo pagando a parte.  Limpeza do box poderia ser melhorada, havia cabelos compridos no box",8,2025-02-07 01:21:49+00,1
 Posizone  Wi fi NON funzionava / palestra terribile / bagno antiquato,1,2025-02-07 08:30:41+00,-1
" Excelente custo benefício, Café da manhã muito bom, quarto amplo e confortável, excelente localização.  Só o banheiro que já precisa de uma reforma. Como sugestão, algumas lâmpadas brancas no quarto que deveriam ser substituídas por lâmpadas amarelas, proporciona melhor conforto",8,2025-02-07 12:54:44+00,1
 Localização. Quarto. Camas.  Demora na recepçao para fazer checkin. Mudou a equipe no meio do meu atendimento e começou tudo de novo. Fila no elevador. Elevador super demorado. Serviço de quarto super demorado. Limpeza do quarto foi aparecer era mais de 17h da tarde. Restaurante super demorado.,4,2025-02-07 13:17:36+00,-1
" Well located, facilities are good, good breakfast and staff in reception is very service minded.  Staff in the Sky Bar could not care less about you - they were more preoccupied with chatting and laughing with one and other than serving people. I saw 10 staff members the two times I went there, only 1 young, smiling guy did his job. I felt very uncomfortable being there.",7,2025-02-07 16:20:19+00,0
"Hotel muito acolhedor, confortável, muito limpo e com um café da manhã maravilhoso. Funcionários atenciosos e prestativos. Bem localizado. Sem contar a vista do por do sol na cobertura do hotel, muito linda! A comida do Sky bar é deliciosa.",10,2025-02-08 00:00:00+00,1
 Localização café da manhã maravilhosa,9,2025-02-08 13:47:50+00,1
" El hotel está muy bien ubicado, rodeado de un sector gastronómico nocturno. Por lo cual, para cenar podes optar por utilizar el bar de la terraza del hotel o caminar unos pocos metros para conseguir más opciones. Las habitaciones son muy amplias y cómodas. Además, el hotel cuenta con servicio de estacionamiento que se abona en una tarifa aparte.  No es suficiente la capacidad de los ascensores. Cuenta con dos ascensores grandes, pero el edificio es muy alto (17 pisos). Por lo que en ""horarios pico"" se dificulta utilizar el ascensor. Si tenes una excursión y necesitas llegar a horario, es necesario considerar esto si no queres bajar por las escaleras.",10,2025-02-08 15:38:49+00,1
Desayuno variado y hermosa vista en el piso 17 donde esta la pileta,10,2025-02-08 16:24:08+00,1
" la cama muy confortable, el desayuno muy bueno  el ascensor en horas picos esta saturado",9,2025-02-08 20:26:42+00,1
Muito bom o bar da cobertura super disputado. Ao lado dos restaurantes bares. Otimo,10,2025-02-09 00:00:00+00,1
"Bom café da manhã, camas confortáveis, chuveiro excelente. A área do terraço é linda, se fosse pra dizer um ponto negativo é que a piscina é muito gelada, e como é no terraço, venta bastante… Ótima localização. Uma atenção especial é a camareira Viviana, muito simpática e gentil, um trabalho excelente!",10,2025-02-09 00:00:00+00,1
"ubicacion: 10
instalaciones: 7,5
tamaño habitacion: 8
calidad de habitacion: 8
tamaño de la cama : 10
tamaño baño: 8
limpieza del baño: 9
calidad de baño: 6
estacionamiento: 8
ascensores: 3
piscina: 7
bar de la piscina : 7
desayuno: 7,5",8,2025-02-09 00:00:00+00,1
Muy lindo Hotel y la vista del piso 17 es increíble,10,2025-02-09 01:16:56+00,1
 Vista linda.  Sem reclamações.,9,2025-02-09 14:27:53+00,1
"Fiquei hospedado no hotel de segunda à sexta, 4 diarias.
O atendimento foi bom, sem problemas.
Estacionamento é cobrado a parte, R$ 35 /dia.
Localizacao é boa porque existem varias opcoes de restaurantes e bares nas proximidades.
Quarto é bom e limpo, me hospedei no 12.andar e nao ouvi o barulho dos varios bares proximos (apesar que minha estadia nao foi no fim de semana).
Os elevadores, conforme varios relatos anteriores, realmente sao demorados. Mas no geral, isso nao foi um problema para mim.
Café da manha é bom e oferece o normal: café, pao, frutas, ovos mexidos, etc. O atendimento foi bem eficient: as mesas eram limpas rapidamente e os itens eram repostos a todo momento, mesmo com o salão cheio de gente.
O unico ponto que nao gostei foram os ovos mexidos e o omelete: continham casca de ovo. Nao foi somente um dia, isso aconteceu em outros dias. Confesso que nao gostei dessa experiencia.
Com excecao desse detalhe, no geral, considerando a relacao custo/beneficio, acho que a experiencia no hotel foi muito boa.",8,2025-02-10 00:00:00+00,1
 Maravilhoso,10,2025-02-10 00:02:19+00,1
" Good, el primer día no hubo agua por un problema en todo el edificio pero todo bien después de eso.  The breakfast is not the best but at least you have something to eat",8,2025-02-10 00:13:28+00,1
 Café da manhã  Elevador muito demorado!,9,2025-02-10 11:32:45+00,1
"Habitaciones limpias, buen desayuno, personal de recepcion amable, ubicacion excelente.",10,2025-02-10 11:55:45+00,1
" Colazione varia e abbondante. La piscina al rooftop. La camera spaziosa. 
Lo staff cordiale e molto disponibile.  In camera avrei gradito una macchina del caffé oppure un bollitore con caffè solubile e tè. Anche una bottiglia di acqua che solitamente viene offerta.",7,2025-02-10 13:15:55+00,0
" De uma maneira geral, a estadia foi tranquila. Ótimo café da manhã e o quarto excelente.  Infelizmente o hotel apresenta somente dois elevadores de uso dos hóspedes e isso gera um tempo bemmm maior para o deslocamento do quarto ao térreo ou ao terraço.",8,2025-02-10 13:36:03+00,1
" o café da manhã é muito bom, com ótimas opções. o quarto é bem espaçoso, com bom colchão e ar condicionado. o banheiro também é muito bom. a piscina na cobertura é uma ótima opção de lazer, principalmente no final da tarde. a academia é boa, com boas opções. a localização é bem central, próximo a bares e restaurantes. ótimo atendimento no check-in, check-out e no bar da piscina.",9,2025-02-10 20:48:04+00,1
" La vue du rooftop 
La grandeur de la chambre
Restauration le soir 
Possibilité du check-up avant l heure prévue  La taille de la piscine",8,2025-02-10 22:34:58+00,1
Minha reclamação limpeza ar condicionado sujo e lotação café muito grande,10,2025-02-11 00:00:00+00,1
"So tem 2 elevadores e isso e pouco, tem q esperar muito 
Cobram caro estacionamento e tem q largar na frente por fslta de vagas p carro gde",8,2025-02-11 00:00:00+00,1
"O Hotel é muito bom. Ficamos agradados com o atendimento, limpeza, conforto e área de lazer. A piscina e bar são excelentes!
Única coisa que peca são os elevadores, que não são suficientes para a demanda de hóspedes. Com frequência, precisamos esperar muito tempo para conseguir pegar o elevador com espaço para entrar e, tivemos que ir algumas vezes de escada, pois já não tinhamos mais paciência para ficar esperando uma vaga no elevador.",8,2025-02-11 00:00:00+00,1
"Hotel excelente. Preços condizentes com o que o hotel oferece. Café da manhã bom, quartos bem cuidados e confortáveis, bar e piscina atrativos, ... certamente voltaremos!
Ps: os elevadores não atendem a capacidade do hotel. Muito comum precisar esperar bastante para conseguir vaga no elevador ou precisar ir de escadas.",10,2025-02-11 11:16:16+00,1
" Gostamos muito do café da manhã  Nos primeiros dias, as toalhas eram tão finas e ásperas que incomodavam ao se enxugar. Só no último dia nos deram toalhas melhores.",7,2025-02-11 12:12:15+00,0
" Localização  Ar condicionado e telefone do apartamento não estavam funcionando, tendo levado mais de uma hora pra resolver o problema (troca de quarto).",4,2025-02-11 14:11:45+00,-1
"Staff very friendly and helpful. 
Rooms with a lot of space, furniture with several signs of use. 
Breakfast as shown on the pictures. 
Bus stop 50m from hotel. 
Very nice roof top bar.",10,2025-02-12 00:00:00+00,1
 Staff alla reception poco attento alle richieste dei clientii ;  le nostre richieste sono state più volte disattese,8,2025-02-12 15:07:08+00,1
 Localização  Café da manhã bem fraco! Limpeza básica!,7,2025-02-12 19:56:06+00,0
"Quarto bem espaçoso, serviço de quarto bem feito (Vanderleia). frigobar poderia ter mais variedades, estacionamento é privado valor pago por dia mais 5%( não informado na hora da reserva)..  Café da manhã variado, porém não pode retornar caso saia do espaço servido,",10,2025-02-13 00:00:00+00,1
 Da excelente localização. Bares e restaurantes na mesma rua sem a necessidade nenhuma de pegar carro pra nada.  Não se aplica.,10,2025-02-13 09:18:44+00,1
 Conforto e vista do quarto  Valor dos pratos do restaurante.,7,2025-02-13 17:27:05+00,0
"Quarto confortável, limpos, uma excelente experiência! Funcionários super atenciosos e educados! Café da manhã super bem servido, com inúmeras opções. Um hotel de excelência total! Ponto que deixa a desejar é a cobrança de estacionamento para hóspedes! No mais não há nada que desabone o hotel!",10,2025-02-14 00:00:00+00,1
 Muy limpio  Ninguno,10,2025-02-14 00:49:41+00,1
" El desayuno, la pileta y la comida en el bar de la terraza.  El estacionamiento es muy chico y complicado de estacionar.",9,2025-02-14 12:25:29+00,1
" Muy buena ubicación. 
Desayuno correcto.",9,2025-02-15 01:05:31+00,1
 Localizaçao excelente! Time do Hotel atenciosos! Cafe da manha muito bom! Vista do Desk da cidade muito bonita!  sem reclamações,10,2025-02-15 11:16:47+00,1
 Breakfast variety  No outlets near the beds,10,2025-02-15 15:06:59+00,1
o elevador estava mal programado na minha visita !! uma pena,8,2025-02-15 16:05:07+00,1
"Hotel con excelente ubicación, personal muy amables y cordiales en el trato. Desayuno buffet con buena variedad de alimentos. Cuenta con una piscina en el piso 17 la cual tiene una vista panorámica de la ciudad de Foz de Iguazú, en el mismo lugar cuenta con almuerzos y carta de tragos a buenos precios.",10,2025-02-16 00:00:00+00,1
 Adorei,10,2025-02-16 13:33:12+00,1
" Quarto muito confortável, cobertura com uma vista top",10,2025-02-16 16:43:37+00,1
 Praticamente tudo.  O que mais desagradou foi o Wi-Fi que não funcionava no quarto.,10,2025-02-17 01:30:35+00,1
" Amei o quarto super grande banheiro muito espaçoso! O hotel é maravilhoso, com uma piscina/bar no rooftop perfeito! Os funcionários sempre muito simpáticos e prestativo  Só o elevador que demora um pouco! Só tem 2 pra muitos quartos",10,2025-02-17 01:39:53+00,1
" O quarto é bastante espaçoso, com móveis bem adequados e novos, colchão excelente. A Localização é excelente, embora à noite, por conta dos restaurantes e bares no entorno, possa sem um pouco barulhento (mas não chegou a perturbar o sono). Tem tudo bem, além de bons restaurantes. O café da manhã é farto, bem servido, com sucos/frutas frescas e o bônus de servir empanadas (em apenas um dia da minha estadia). O espaço com  piscina e bar no rooftop tem uma vista espetacular da cidade! Maravilhoso!  O banheiro poderia ter uma limpeza mais caprichada no box. As toalhas estão na hora de serem trocadas (antigas e ásperas). O preço cobrado pela cerveja no rooftop é proporcional à altura e vista da cidade!!! Antes da nossa chegada, eu já havia visto os comentários sobre a demora dos elevadores, o que foi constatado in loco. Mas eu soube que estão programando a modernização dos mesmo para muito em breve.",9,2025-02-17 14:35:12+00,1
Hotel excelente. Café da manhã ótimo. Funcionários super educados e extremamente atenciosos. Gostei muito.,10,2025-02-18 00:00:00+00,1
"Hotel muito bom, localização excelente, perto de vaios bares e restaurantes e centro comercial da cidade. Vista do roof top é incrível,  principalmente a noite. Funcionarios simpáticos e sempre a disposição. Café da manhã muito bom, bem variado.",10,2025-02-18 00:00:00+00,1
Very nice and convenient stay!!,10,2025-02-19 00:00:00+00,1
" Las instalaciones muy buena y accesibilidad a todos lados, la atención excelente ñ.",10,2025-02-19 00:08:05+00,1
" I only paid one property in Brazil before i went there and one week after the paiement i have been scammed in brazil before i arrived, and the only company who has my bank details is this hotel, i will never trust them again",2,2025-02-19 01:40:52+00,-1
" O hotel é excepcional! A cama do quarto era extremamente confortável (daquelas que não dá vontade de sair), espelho grande no quarto, banheiro bom (secador potente, shampoo, condicionador e sabonete disponíveis), café da manhã com ótimas opções, piscina impecável, e os funcionários do sky bar muito queridos e receptivos, um dos melhores pontos foi esse atendimento!  A cama é super confortável, porém fazia muito barulho (qualquer movimento que fazia, desde propriamente deitar na cama, era um barulhão). Funcionários da recepção não muito calorosos (ao contrário dos funcionários do sky bar).
A TV não tem serviço de streaming e não deixa você conectar do seu celular na TV (pois ela não é smart, possui apenas os canais fixos e bluetooth para conectar música), isso me chateou um pouco pois queríamos assistir a noite, e tivemos que utilizar o notebook.
*O que mais me chateou foi que quando estávamos subindo para o 16° andar pelo elevador, ele simplesmente parou, desligou o ar condicionado, apagou a luz e começou a apitar (estávamos em 6 pessoas dentro, apertado e abafado), ficou um tempo parado sem circulação de ar, sem sinal lá dentro, a porta ""fez que iria abrir"" e fechou novamente, e após um bom tempo ele voltou para o térreo. Para quem tem receio de elevador, foi uma experiência traumatizante.
EXPLICAÇÃO: foram resetar um elevador que não estava funcionando, e resetaram o nosso junto. Porém, acho muita falta de consideração fazer isso com pessoas dentro, ou poderiam ao menos avisar que iriam fazer esse serviço, pois foi um susto grande que demorou para passar.*",9,2025-02-19 12:54:23+00,1
"Excelente instalación, ubicación, desayuno y precio!",10,2025-02-19 19:03:49+00,1
 Muito bom.  Decoração do quarto.,8,2025-02-19 22:27:58+00,1
" Comida.  El personal. No ví predisposición en el personal 
El televisor antiguo. 
La reposición del desayuno es lenta.",2,2025-02-20 00:23:07+00,-1
" Todo me gusto  El tocino parece de madera incomible Durisimo!!!!!!!!!!!!
Para eso no lo hagan
Piscina fondo resbaloso por falta de limpiezaal piso del fondo",10,2025-02-20 12:54:14+00,1
 Localização e limpeza  Elevador,8,2025-02-20 13:59:00+00,1
 Localização  Elevador,7,2025-02-20 13:59:40+00,0
Boa localização. Pessoal da recepção sempre muito solicito. Garçons do bar da piscina tambem. Comida excelente no restaurante do terraço. Preço muito justo e excelente qualidade. O cafe da manhã já não foi tão bom. Pouca variedade e as ooções não eram muito saborosas. Os sucos não eram naturais. A arrumação dos quartos tambem deixou um pouco a desejar. Várias vezes retornamos dos passeios no meio da tarde e os quartos ainda nao tinham sido arrumado.,8,2025-02-21 00:00:00+00,1
 Uma vista maravilhosa do pôr do sol. Excelente localização!  O ar condicionado do quarto pode melhorar.,10,2025-02-21 01:03:16+00,1
" Schönes Hotel in Foz de Iguazu mit tollem, kleinem Pool, sowie Bar auf dem Dach
Gute Lage mit guten Restaurants in unmittelbarer Nähe  alles ok",10,2025-02-21 02:35:37+00,1
Hermoso,10,2025-02-21 15:42:53+00,1
 I had nice view from my 16th floor room. The room was really nice and comfortable. The food was good.  I didn’t like the swimming pool because it was really hot weather and it was an infinity pool but I couldn’t use it because it’s a bar there and people were drinking not swimming. Such a shame! I really wanted to try it.,8,2025-02-21 18:13:19+00,1
"Quarto espaçoso com cama de casal enorme! Bom ar condicionado e distribuição de armários. 
Destaque para a funcionária Vanderleia que era muito educada e deixava o quarto sempre impecável.
Hotel também conta com piscina aquecida, de borda infinita, excelente para passar a tarde, ou a manhã, num dia sem programações turísticas. 
Além disso, o hotel fica bem localizado, com diversos restaurantes, lojas e mercados, no entorno.",10,2025-02-22 00:00:00+00,1
" Quartos limpos e grande  Elevador pequeno , lento e sempre cheio  e pavuna pequena",7,2025-02-22 01:40:09+00,0
 It was well located in a nice and safe neighborhood. The hotel is clean and modern. The staff is very friendly  There wasn’t Spanish channels and just one English Channel,9,2025-02-22 03:28:49+00,1
 Tudo perfeito,10,2025-02-22 11:12:47+00,1
"Tudo muito limpo, funcionários atenciosos. 
Sugestões: oferecer algo vegano no café da manhã como leite vegetal, só temos frutas e café.
Perguntar aos hóspedes se querem trocar toalhas e sabonetes recém abertos , pensar no meio ambiente.",8,2025-02-23 00:00:00+00,1
 Vista da piscina  Jantar,7,2025-02-23 00:10:43+00,0
 Everything  Everything,10,2025-02-23 13:42:10+00,1
 No había buena conexión de WiFi en la habitación,7,2025-02-23 15:00:27+00,0
 Tudo ótimo,10,2025-02-23 17:05:24+00,1
Café da manhã e atendimento excelente!,10,2025-02-24 00:00:00+00,1
" Muy lindo hotel , precio calidad , por ser 3 estrellas , la piscina es pequeña para la capacidad del hotel, igual esta en un piso 17 , con una vista maravillosa , la verdad gente super amable y servicial , volveré!! Saludos",8,2025-02-24 01:30:27+00,1
" Café da manhã muito completo. Equipe atenciosa e educada. Quarto espaçoso, com cama grande e ar condicionado excelente. Hotel muito bem localizado, perto de supermercados, restaurantes, bares, academias e pontos turísticos.  Comidas oferecidas na área da piscina precisavam de mais tempero e/ou sal. 
Toalhas dos quartos eram de pior qualidade, se comparadas às toalhas da área da piscina.",10,2025-02-24 12:38:02+00,1
" La piscine en rooftop est très agréable, dommage qu'il n'y ait que 5 transats pour l'ensemble de la clientèle.
L'emplacement dans une avenue très vivante en soirée et à proximité du centre ville.  Un gros rafraichissement est à prévoir notamment dans les salles de bains. Dommage de ne pas avoir de porte serviette dans certaines chambres (nous avions réservé 4 chambres).
Le personnel du rooftop n'est pas aimable et les cocktails très moyens. 
2 ascenseurs pour un hôtel de 18 étages, une attente plus qu'excessive à certaines heures
GROS MANQUE DE COMMUNICATION EN INTERNE ! Nous avions convenu avec la réception, la veille d'une excursion, de prendre le petit-déjeuner à 6h (ouverture 6h30 habituellement). Lors de notre arrivée le lendemain, l'accès à la salle de petit déjeuner nous a été refusé. La réception nous a demandé d'attendre 6h10. L'accès nous a à nouveau été refusé, le personnel a même fermé la porte à clé sous notre nez et nous avons dû attendre 6h30 et courir afin d'être dans les temps pour la navette !! Nous aurions dû ""documenter"" notre demande. Ne croyez pas à une incompréhension dû à la langue, dans la mesure où mon conjoint est Brésilien !",4,2025-02-24 14:15:27+00,-1
" La ubicación excelente y la piscina espectacular. El desayuno bien pero los panificados no son buenos.  Particularmente a nosotros no nos anduvo el aire acondicionado del dormitorio, lo cual fue bastante tedioso.
Además mi hijo se comió un alfajor de los que ofrecen en la mesita de la habitación, cuando por las dudas revisé el envoltorio estaba VENCIDO.",6,2025-02-25 10:47:25+00,0
" Hotel bem localizado.  Hotel sem tantas comodidades, quartos só ok, café da manhã quase ok. É um hotel executivo com um preço de hotel de médio luxo.",6,2025-02-25 17:34:37+00,0
"Fomos muito bem atendidos! Quarto limpo, confortável. Hotel muito bom! Estrutura de lazer com piscina e café da manhã farto e ainda serviram de mesa em mesa empanadas delicioas! A responsável pela arrumação,  Marina, muito caprichosa! Fez cisnes com toalhas e colocou sobre as camas!",10,2025-02-26 00:00:00+00,1
" Rapport qualité prix imbattable 
Chambre vraiment confortable et au calme
Le rooftoo est un réel plus 
Arrêt de bus juste en bas de l’hôtel pour les parcs nationaux  Wifi dans les chambres très moyen",8,2025-02-26 00:26:28+00,1
" La ubicación y el precio en relación al servicio  El servicio en la terraza debe mejorar, pocos ascensores y que además son usados por gente de servicio teniendo ascensor de servicio",8,2025-02-26 00:51:41+00,1
" La vista del hotel en su terraza es genial. La comida es buena, al igual que la atención.  Bueno como recomendación no tomen la tarifa no reembolsable, por error tome una noche de más, obvio es mi error, todos cometemos errores, parte de la trampa de las empresas para quedarse con tu dinero jajajajaja pero bueno ya esta perdi una noche que pague en ese hotel por ese motivo. Genial para el empresario que no pierde! No es culpa de los empleados, sino de las políticas que no protegen a los consumidores de cometer un error.",8,2025-02-26 15:31:22+00,1
"Excelent location 
The breakfast is deliciulous with a Lot of options.

Everything good.",10,2025-02-27 00:00:00+00,1
"Travesseiros excelentes, maiores que o habitual, cama macia, tudo perfeitamente limpo, e um mimo com as toalhas dobradas na cama!
Ducha excelente, toucas de banho muito importantes e reposição correta. Me senti em casa ❤️
Obrigada equipe,
Vocês são maravilhosos e me surpreenderam!",10,2025-02-27 00:00:00+00,1
"Trabalho sensacional, lindo e talentoso.
Eu e minha família adoramos
Meu filho lembrou do cachorrinho dele que está em casa e está com saudades
Caprichando nos detalhes 
Parabéns pelo trabalho executado
Muito obrigado
Grande abraço...
Sucesso",10,2025-02-27 00:00:00+00,1
 A good position with bars and restaurants all around.  Nearby bus (120) to falls and airport.  Or Uber.  Comfortable with pretty good breakfast.  Staff were excellent when our Uber failed to arrive.,8,2025-02-27 12:36:41+00,1
"Awesome rooftop pool with food and drink service. Breakfast had a huge selection. Good housekeeping.

IMPORTANT- if you are planning on doing Falls tours, use the tourist desk in lobby. Foz Trip was amazing!",10,2025-02-27 14:27:20+00,1
"Excelente escolha em todos os sentidos.
Localização privilegiada, próxima dos melhores restaurante e bares. Atendimento excelente da recepção e depois equipe de colaboradores.
Quarto espaçoso e confortável, com TV a cabo completa.
Serviço de limpeza e arrumação primoroso, com direito à decoração com as toalha feito pela Viviana e Andréia. Achei muito fofo!",10,2025-02-28 00:00:00+00,1
" Elevadores demoram
Muito",8,2025-02-28 01:02:09+00,1
" Piscina excelente
Garage se cobra a parte",9,2025-02-28 11:36:09+00,1
 The hotel was very convenient in the best part of the city. Clean and very good value.  The breakfast selection was very limited.,8,2025-03-01 00:51:52+00,1
" Check in 24hs y cochera  Todo bien, buena opción para pasar la noche ya que al día siguiente tomábamos un vuelo",9,2025-03-01 13:46:05+00,1
Parabéns a todos!,10,2025-03-01 17:29:42+00,1
" A localização é muito boa o quarto bem grande e o banheiro excelente, o bar no terraço é uma atração a parte tem uma vista linda da cidade, funcionários são bem atenciosos e cordiais.  O elevador é muito demorado e pequeno, tem poucas vagas de estacionamento.",8,2025-03-01 21:25:04+00,1
Adorei as decorações das toalhas amei todas Mariluci Marina e tinha uma terceira adorei a limpeza do quarto muito agradável o café da manhã muito bom piscina limpa ambiente agradável só o horário da piscina poderia ser até mais tarde um pouco,8,2025-03-02 00:00:00+00,1
" The hotel is clean and comfortable with a nice rooftop. The shower had a wonderful pressure. They organized our room every day. At Night they had live music and the food at the restaurant was very good. The staff was friendly, respectful and kind. Tours guide will pick you up from this hotel with no problem. I also saw many restaurants in the area.  The breakfast should include more variety, too many sweets.",9,2025-03-02 12:30:27+00,1
"Ar condicionado não gela o suficiente para o clima da cidade, e o estacionamento corre o risco de ficar sem na temporada (o que aconteceu conosco), café da manhã é modesto e o suco de laranja com a omelete não são dos melhores. O atendimento dos funcionários é bom!",6,2025-03-03 00:00:00+00,0
" Property is great, air conditioning 10/10..
Nice break fast.. Location 10/10  Elevator is slow and the pool is small..",10,2025-03-03 02:19:55+00,1
 O atendimento dos colaboradores foi incrível. Quarto confortável e extremamente limpo. Hotel aconchegante e bem localizado. Bom café da manhã.,9,2025-03-03 12:35:14+00,1
" Era bem organizado, comida ótima e muita variedade.  Tivemos algumas dificuldades com toalhas, todos os dias da estadia, deixavam sempre menos do que o número de hóspedes e demorava um pouco (ligávamos 3x) até trazerem. Oferecemos pra buscar tbm mas não autorizado",8,2025-03-03 17:08:59+00,1
"A cama, o café da manhã, a piscina e a localização são muito bons. A camareira Vanderleia arrumava o quarto com muito zelo e carinho e os funcionários são atenciosos. Porém, o black out da cortina não fechava bem e o quarto ficava bem claro, mesmo à noite. Ao reclamar, “consertaram” colando a cortina com fita crepe e silver tape na parede, o que “resolveu” apenas em parte o problema, porque no meio, apesar de também terem colado, de manhã ainda passava claridade. Além disso,  o box do banheiro vazava água e molhava o tapete e o chão do banheiro.",6,2025-03-04 00:00:00+00,0
" Agradable ambiente, personal amable, dependencias limpias, buen desayuno  Pocos ascensores, para la gran cantidad de alojados",9,2025-03-04 00:14:26+00,1
 Buena ubicación y el trato de los recepcionistas impecable  Falta más ascensores,10,2025-03-04 03:09:53+00,1
" Localização muito boa, a vista linda também.  Café da manhã era em um espaço muito pequeno, não tinha indicação sobre a disponibilidade de produtos sem lactose ou sem glúten, mas fora isso a variedade de produtos era boa. A cama não era muito boa, ficava estalando a cada vez que se mexia. O telefone do hotel com a recepção não funcionava, tive que ligar do meu celular para poder ser atendida. Não tinha ar condicionado nem janelas no corredor dor quartos e o elevador super demorado, como era verão ficava insuportável o calor",7,2025-03-04 11:36:13+00,0
 Localização e piscina excelentes  Elevadores muito lentos e demoram muito,10,2025-03-04 15:06:38+00,1
Ótima estadia.,10,2025-03-05 00:00:00+00,1
" Localização muito boa, com opções de restaurantes bem perto  O elevador do hotel demora muito pra chegar. É bem chato isso.",8,2025-03-05 00:02:35+00,1
" El desayuno muy completo, las instalaciones impecables.  Nada",10,2025-03-05 02:22:28+00,1
" O secador do banheiro é bem potente, e é silencioso os corredores ótimo pra dormir  Ar condicionado fica só no 18 (pra cidade que é muito quente não resolve), café da manhã poucas opções e o estacionamento chegamos um dia a noite depois de passeio e não tinha mais vaga.",7,2025-03-05 13:35:46+00,0
" El hotel es muy lindo, las intalaciones son nuevas y bien cuidadas. Podes sentir perfumes por todos lados. Los conserjes te hablan en castellano. El desayuno fue excelente. La habitacion fue bastante amplia y el baño tambien. La ducha tenia muy buena presion.",10,2025-03-05 14:30:47+00,1
" Localização  Apenas 2.elevadores pequenos para 17 andares,  gerando espera longa para locomoção dentro do próprio hotel. 
Serviço de quarto ruim.
Espaço para café da manhã insuficiente para o numero de quartos.
Toalhas de má qualidade e com cheiro forte.",6,2025-03-05 23:05:20+00,0
"O hotel fica em uma localização privilegiada, no centro da cidade com um custo benefício excelente. Café da manhã muito diversificado e farto e almoço excelente, piscina no terraço com uma vista maravilhosa,quarto espaçoso aconchegante, sempre muito bem limpo, os funcionários prestativos e atenciosos, recomendo.",10,2025-03-06 00:00:00+00,1
Este es el segundo año q visitamos el hotel y la verdad todo perfecto. Recomiendo las excursiones que brinda el hotel con la agencia de turismo q tienen en la recepción.,10,2025-03-06 10:28:42+00,1
 Las habitaciones y terraza  Pago de estacionamiento y canales de televisión,8,2025-03-06 14:34:26+00,1
"Hotel is good no worries staff is helpful,my room wi-fi is slow",8,2025-03-06 21:13:12+00,1
" Good location, it had all the basics, clean, good variety of breakfast options, great starting point for beautiful Iguazu falls!  Nothing really",10,2025-03-07 10:33:18+00,1
" Hotel simplesmente incrível! 
Funcionários excelentes e bem prestativos, fomos muito bem recepcionados. 
O quarto estava bem limpo e organizado, ar condicionado funcionando perfeitamente,  chuveiro bem quentinho! 
Café da manhã maravilhoso! 
Amamos a estadia, com certeza a nossa próxima ida à foz ficaremos no hotel novamente!",10,2025-03-07 13:55:01+00,1
" Ótima localização, com boas opções de restaurantes e bares próximos
Quarto espaçoso e silencioso
Rooftop excelente com música ao vivo e uma bela vista
Bom café da manhã (fuja do horário de 06:30 a 07:30, que fica lotado por causa das excursões)  Elevadores não dão conta da demanda, e fica-se esperando bastante tempo para usar",8,2025-03-07 17:06:51+00,1
Adorei,10,2025-03-07 22:04:11+00,1
"Excelente localização, com restaurantes, sorveterias e conveniência por perto. Café-da-manha e acomodações boas (poderia melhorar a cortina do quarto que, mesmo fechada, deixa passar luz pela manhã). Funcionários atenciosos. Restaurante sky bar no rooftop agradável, cardápio com bom custo-benefício.",8,2025-03-08 00:00:00+00,1
Muy bonito y limpio el desayuno es completo y delicioso,8,2025-03-08 00:00:00+00,1
" Las instalaciones, la ubicación y el desayuno.",10,2025-03-09 01:06:40+00,1
" Ótimo custo benefício! Hotel muito limpo, atendimento excelente e ótima localização.",10,2025-03-09 02:36:49+00,1
" יחס , נקיון",5,2025-03-09 07:06:54+00,0
" Agilidade do check in e receptividade para as mulheres no dia 08/03, data internacional  Check out",8,2025-03-10 00:05:38+00,1
"Es un hotel bastante grande ubicado en pleno centro de la ciudad, destacado por su terraza en el piso 17 con una vista a la ciudad única.
Reservamos por Booking con anticipación y en una promo interesante. Abonamos habitaciones dobles a 150 mil pss con desayuno incluido.
Lo único que no estuvo aclarado en la app fue que el estacionamiento tenía un costo adicional por día de 35 reales. Por lo que fue un gasto extra fuera de los estipulados.
Las habitaciones impecables y enormes. Camas individuales king size, sábanas y toallas de primera calidad ( las cambiaban a diario si uno así lo prefiere como así también la limpieza de las habitaciones. Se puede aclarar preferencias utilizando los carteles en la puerta y los indicadores de luces en las puertas) El baño es grande también y cuenta con shampoo/ crema de enjuague, papel higiénico y jabones pequeños individuales para higiene personal ( sin costo extra). También secador de cabello en el baño, el cuál cuenta con agua fría y caliente en ducha.
En la habitación se encuentran una TV led con cable, AA, placares con cobertores , caja fuerte, mesa y silla pequeña, y un frigobar con aguas, bebidas varias y dulces ( alfajores ) con un costo adicional detallados. Utilizan tarjetas digitales para ingresar ( una copia para cada persona en la habitación)
El desayuno es buffet libre estilo Americano. Realmente muy completo, gran variedad de opciones y riquísimo todo. Lo sirven de 7 a 10 am. El lugar es amplio, con mesas y sillas bajas muy cómodas, vajillas de cerámica y todo fresco. Si bien es autoservice el personal muy amable y súper organizados, limpian y orden todo el tiempo. Impecables siempre que fuimos.
El hotel ofrece un resto bar en terraza al aire libre con vistas a la ciudad increíbles a cualquier hora del día! El menú de comidas y bebidas no es muy variado pero a buenos precios. Cuentan con mesas y sillas bajas y altas. Los mozos muy amables. Lo único malo es que si llueve cierran.
También hay otro resto bar en el ante piso a la terraza todo cerrado con AA. El lugar es chico pero súper cómodo con Mesas y sillas bajas y altas también.
La piscina infinita es pequeña ubicada en la terraza. Quizás recomendable únicamente para adultos ( tiene una profundidad de 1.50 mts)
Los ascensores son modernos y funcionan bien pero demoran bastante según el momento/ día/ cantidad de personas.
El estacionamiento está en el subsuelo.
La atención en recepción regular. Tardan un poco. No dan muchas indicaciones. Hablan solo portugués. Cobran únicamente con reales billetes. En otras formas de pagos recargan. No teníamos adaptadores para los enchufes y no tenían para prestarnos. Tuvimos que salir a comprar. Otro punto a considerar para Argentinos en BR, los aparatos eléctricos, sus voltajes y enchufes/ adaptadores.
Su wifi funciona muy bien en todos los sectores del edificio.  Punto a favor.
En resumen, muy copado el lugar en nuestra experiencia.",8,2025-03-10 01:27:30+00,1
" Café maravilhoso, quarto aconchegante, a piscina e restaurante tbm. Show.",10,2025-03-10 03:45:45+00,1
 ótima localização e atendimento!,9,2025-03-10 12:23:16+00,1
" Das Zimmer war ruhig, modern eingerichtet und sauber. Der Rooftop-Pool und die Bar sind mega und ein absolutes Plus.",9,2025-03-10 14:47:54+00,1
" Boa localização  Cama desconfortável, limpeza mediana e café da manhã pouco variado",7,2025-03-10 16:19:06+00,0
" Excelente localização, com ótimos restaurantes nas proximidades. Quarto amplo e espaçoso, confortável e limpo.",10,2025-03-10 21:43:13+00,1
Nice stay,10,2025-03-11 00:00:00+00,1
"Incrível.  Cama super confortável, chuveiro maravilhoso, cafe da manhã com muita variedade.  Quarto muito limpo. Funcionarios atenciosos. Recomendo",10,2025-03-11 00:00:00+00,1
"Solo fui al bar en la terraza, no me hospedé en el hotel.
Llamé para reservar como indica la página pero como era día de semana no fue necesario, sí hay que reservar para los viernes y fines de semana. Los huéspedes del hotel no pagan entrada y son los únicos que pueden usar la piscina, obviamente.
La entrada (Feb 2025) vale 30 reales y los tragos desde los 15, también hay un pequeño menú de comidas.
Las vistas son espectaculares, yo calculé el horario para llegar a la puesta del sol 😉😎. El bar funciona de 17 a 22 hrs. Consultar horarios de fines de semana.
La música, por lo menos ese día, era popular latina (algo de pop/rock, melódico alegre) por suerte no escuché reguetón 🙏🏻, a un volumen perfecto para poder hablar.",10,2025-03-11 21:39:49+00,1
 Location. Comfortable,10,2025-03-11 23:51:26+00,1
"Nossa estadia foi ótima, o hotel possui uma ótima infraestrutura. Nosso quarto sempre bem arrumado pela Marciana, a qual foi impecável na arrumação diária!
O Hotel fica bem localizado, perto de bares e restaurantes, sendo de fácil acesso para os principais pontos turísticos da cidade.",10,2025-03-12 00:00:00+00,1
"Hotel sensacional. Quartos muito bons, grande iluminado confortável. Limpeza muito boa, sempre impecável e quem nos atendeu foi a Clara. Rooftop muito bom, vista incrível, funcionários atenciosos e comida excelente. Sem nenhuma reclamação, só elogios.",10,2025-03-12 00:00:00+00,1
Otel oldukça temiz çalışanlar güler yüzlü odamızdan memnun kaldık sabah kahvaltısı son derece yeterli ve tazeydi Otel oldukça Bakımlı ve yeni teras kattaki havuz küçük ama yine de var otelin içinde bir Turizm Acentesi var oradan kendinize turlar ya da eğlence seçebilirsiniz,10,2025-03-12 12:35:39+00,1
" Café da manhã excelente,  acomodação confortável.  Elevadores....são lentos e tem que ter uma paciência extra para esperar pois não são condizentes com o nível do hotel. O restante é excelente!",9,2025-03-12 19:01:05+00,1
" Tolle Unterkunft. Super Service. Ausstattung und Zimmer waren gut, sauber und einwandfrei. Die Mitarbeiter der Rezeption sind sehr hilfsbereit und freundlich. Die Roof-Top-Bar mit Blick auf den Sonnenuntergang ist unschlagbar. Das Frühstück ist absolut empfehlenswert und ist der perfekte Start in den Tag.  Der Pool war ein wenig klein und sehr eng.",10,2025-03-12 21:08:33+00,1
"Las instalaciones del hotel muy buenas, muy ordenado y limpio...
La habitación en muy buen estado, las almohadas limpias junto con las sábanas y demás cosas del cuarto, el desayuno muy rico y con mucha variedad de comida
Gracias señorita Viviana por el detalle <3",10,2025-03-13 00:00:00+00,1
" Estadia muito boa. Espaço da cobertura do prédio muito agradável e com bom restaurante.  Como dito em outras avaliações, os elevadores demoram.",8,2025-03-13 13:23:11+00,1
Excelente localização com muito boa infraestrutura no hotel,8,2025-03-13 17:35:26+00,1
" Quarto confortável, limpeza, funcionários empáticos, café da manhã muito bom, localização excelente, perto de tudo, farmácia, padaria, restaurantes e os ônibus que vão para a ARG e Paraguai passam quase que na porta do hotel. O rooftop do hotel tem uma das vistas mais lindas para o pôr do sol e a piscina e o restaurante são ótimos.  Houve um episódio em que saímos de manhã e não deixamos a placa para limpeza do quarto. Quando retornamos, no final do dia, o quarto estava limpo e a porta do quarto aberta, parecendo que havia alguém no quarto, mas não havia ninguém. Não demos falta de nada. Quando fiz o checkout informei o ocorrido a recepção.",9,2025-03-13 17:54:57+00,1
"O hotel vende a hospedagem com piscina, mas impõe um limite curto de horário para uso. A piscina só funciona durante um curto espaço de tempo, em que geralmente o hóspede está fora do hotel, em passeio ou a trabalho. Ou seja, a piscina virou item decorativo em uma cidade que é muito quente no verão.",6,2025-03-14 00:00:00+00,0
 Café da manhã e refeições do Sky Bar muito bons  Ar condicionado parece meio antigo e os elevadores demoram mais que a maioria.,8,2025-03-14 01:08:52+00,1
"Average Hotel with basic rooms. Wifi went in and out, not good. Breakfast was good.",6,2025-03-15 00:00:00+00,0
"Hotel maravilhoso, bem localizado, extremamente organizado, limpo, funcionários atenciosos e muito educados. Cruzamos algumas vezes com a camareira Marina, uma graça de pessoa! Vale muito a experiência e já quero retornar mais vezes!",10,2025-03-15 00:00:00+00,1
" Ubicación muy buena, desayuno bastante completo. Personal del restaurante (excepto supervisores) súper atentos y amables. Cada vez que fui al restaurante (varias) nos atendieron súper bien y a pesar de ciertas dificultades con el idioma estuvieron en todo momento súper atentos a que nuestra experiencia fuera amena. Felicito al equipo (2 chicos y 2 chicas) del restaurante.  El día de nuestro check out  solicitamos la posibilidad de que se nos preparara un “desayuno para llevar” (algo como un sandwich, una fruta y agua) puesto que saldríamos antes de la hora de inicio de este y es un servicio que se encontraba incluido en la tarifa. Sin embargo, la respuesta fue un rotundo no, sin más explicaciones y/o intenciones de querer.ayudarnos. Es importante mencionar, que nuestra solicitud no era antojadiza, este servicio se presta en muchos hoteles alrededor del mundo, sobretodo cuando los pasajeros deben salir muy temprano, ya sea por asuntos de vuelo y/o servicios turísticos programados. En este caso, Viale Tower no está llano a hacerlo y la prestación del servicio de desayuno del pasajero no es su problema. Deben mejorar en eso y además en la calidad de atención al cliente. Es básico, saludar e intentar ser resolutivo. Lo menciono principalmente por el personal de supervisión en restaurante y recepción (los últimos, bastante preocupados del celular más que de intentar colaborar con el pasajero. Todo lo bonito de la infraestructura, lo dañan con lo último. Recordar que el pasajero busca una experiencia  grata completa desde el check in y hasta el check out.",8,2025-03-15 14:44:34+00,1
 MUITO BOM  TUDO MUITO BOM,8,2025-03-15 14:59:52+00,1
 ubicacion  me robaron prendas nuevas y no tuve respuerta de parte del personal del hotel,1,2025-03-16 00:08:37+00,-1
" The staff at the breakfast is very helpful.  Gym very limited. There was a problem with the WiFi and Augusto just said ""try again later"".",7,2025-03-16 08:43:45+00,0
"El hotel es hermoso y está muy bien ubicado, en la cuadra de los restaurantes de la zona y donde pasan los colectivos. Y lo mejor la atención de los empleados.",10,2025-03-16 12:32:25+00,1
"The rooms are clean but basic. Good for a one night stay but not longer.The pictures on the website are not what you get. The internet went in and out, not strog.Good breakfast buffet.  Easy to get to the Falls via Uber.",6,2025-03-16 18:29:18+00,0
 Quarto espaçoso e chuveiro muito bom  Cama um pouco desconfortável,8,2025-03-16 23:58:03+00,1
"A limpeza do quarto e cuidado com as decorações com as toalhas foram o ponto alto. Café da manhã completo e gostoso.

Os colchões não são bons. Estavam um pouco deformados. Apesar de ter uma janela, o quarto deve ficar completamente fechado, o que proporciona um odor que lembra aqueles quartos com carpete que foi frequentado por fumante. Depois que deixei a janela aberta 24h, dia e noite, melhorou. Deve-se pensar na melhora da ventilação dos quartos com a troca de ar do lado de fora.",6,2025-03-17 00:00:00+00,0
"Excelente ubicación , instalaciones y servicio!",10,2025-03-17 00:00:00+00,1
"Ambiente excelente, confortável, funcionários educados, limpinho! Adorei",10,2025-03-17 00:00:00+00,1
"Hotel maravilhoso, localização excelente, profissionais educados.
Decepção, horário para uso da piscina até 18:00hs.
Já fiquei algumas vezes antes nesse hotel e o horário era maior.
A venda extra de pacotes para o pôr do sol está prejudicando o hóspede.",8,2025-03-18 00:00:00+00,1
" Quarto amplo e confortável! Hotel localizado a poucos passos de ótimos restaurantes e bares. Farmácia na esquina. Ótimo café da manhã.  O hotel dispõe de 2 elevadores, para atenderem aos seus 17 andares e vários quartos. Não raro, nos 4 dias que estivemos hospedados no Viale Tower, tínhamos que esperar um tempo considerável para conseguirmos entrar nos elevadores. 
Na minha opinião, o único ponto negativo.",9,2025-03-18 00:46:33+00,1
"Adoramos o hotel a piscina e o bar Skay tem muitas opções de bebidas, o café da manhã um capucho só, e a localização é o ponto alto, ao lado do mais famoso bar da cidade com inúmeras opções de bares, restaurantes sorveterias na mesma rua, altamente badalado.",10,2025-03-19 00:00:00+00,1
" tolles sehr gutes Restaurant, freundliches Personal,  toller Pool mit herrlichen Blick",10,2025-03-19 00:33:08+00,1
"Quero parabenizar a Sra. Viviane, pelo carinho e cordialidade para com os clientes, o nosso apartamento ficou bem limpo e ela simplesmente, deixou as toalhas em forma de coração, gatinho e uma cartinha muito carinhosa. A minha nota para ela e 10/  Att
Conceicao.",10,2025-03-20 00:00:00+00,1
Muito bom.,8,2025-03-20 13:51:10+00,1
 La pileta en la terraza lo más  La teles viejas sin conexión wifi,9,2025-03-20 15:57:52+00,1
" Das Personal sprach sehr gut Englisch und war sehr hilfreich, kompetent und freundlich. Das Zimmer war auch sehr schön, sehr bequemes Bett und saubere Dusche. 
Sehr viele Restaurants in der Nähe. Wir würden auf jeden Fall wiederkommen.  Der ATM im Hotel verlangt sehr hohe Gebühren, lieber einen anderen ATM wählen.",10,2025-03-21 01:35:33+00,1
" Excelente localização, com tudo do melhor muito próximo do hotel.  Nada a declarar",10,2025-03-21 06:58:40+00,1
" Der Ausblick von der Dachterrasse mit Pool ist sehr schön. Man kann dort den Abend mit einem Cocktail ausklingen lassen. Das Frühstückst ist sehr reichhaltig und gut.  Das man den Parkplatz extra bezahlen muss, hat mir nicht gefallen.",8,2025-03-21 13:13:43+00,1
Lovely hotel with great views,10,2025-03-21 16:38:15+00,1
Muy buen hotel habitaciones muy confortables muy buen servicio y las instalaciones muy completas la vista del skybar es perfecta para tomar algo y pasar un buen rato y la ubicación excelente muchos lugares para comer y beber y disfrutar de un buen ambiente el personal de recepción muy amable mi unica critica puede ser el tiempo de espera en los ascensores en horarios punta la espera puede ser larga y usaba la escalera ya que estaba en un sexto piso,10,2025-03-22 00:00:00+00,1
"Quarto bem arrumado e limpo. Viviana cuido bem do local. O café da manhã do hotel é excelente. Ar condicionado e chuveiro funcionam perfeitamente. Frigobar é abastecido com águas, refri e cerveja. Tudo ok durante a estadia de 4 noites. Já é a segunda vez que venho a foz e me hospedo neste hotel",10,2025-03-22 00:00:00+00,1
" As acomodações são muito boas,o Sky Bar é na cobertura (Não precisa pagar entrada) e a piscina e muito boa. O rapaz que nos recebeu a tarde muito solicito e educado, o café da manhã OK  localização boa  Apesar de ser informado de forma antecipada a garagem paga não é legal mas segue os padrões da cidade,ALGUNS atendente parecem ter pouca vontade para ajudar os hospedes, o elevador não da conta da quantidade de pessoas que o utilizam.",8,2025-03-22 05:29:03+00,1
"Atendimento de qualidade, Acomodações e localização muito boas, e o café da manhã excepcional, com muita variedade!!!

O que acaba sendo um ponto negativo e a espera do elevador em dias de bastante circulação, mas não e por isso que deixarei de voltar.",10,2025-03-23 00:00:00+00,1
 Conforto,9,2025-03-23 14:19:23+00,1
" Acomodação confortável, muito bom o café da manhã, localização excelente, rooftop muito confortável com lindo pôr do sol, todos funcionários foram atenciosos e prestativos, voltaria a me hospedar nesse hotel com certeza.  Elevador muito cheio com horários de pico que era impossível acessa-lo, usamos muito as escadas porque estávamos no 4º andar, porém com malas para o checkout foi necessário subir para depois de 20 minutos conseguir chegar ao térreo.",10,2025-03-24 02:17:20+00,1
" Simples mas tudo novinho!  Janela não fechava, pois o trinco estava quebrado.",9,2025-03-24 10:55:42+00,1
 Location  Nothing,8,2025-03-24 18:46:40+00,1
" La terraza es lo más lindo del hotel, y su ubicación es perfecta, con vista al río y buena gastronomía en sus alrededores. El personal super amable y el desayuno muy completo.  Me parece absurdo pagar aparte el estacionamiento cuando la tarifa no es económica y el estacionamiento se encuentra dentro del hotel.
Esperaba que la tele sea Smart TV.",8,2025-03-25 01:38:23+00,1
" Suite espaçosa. Café da manhã muito bom. Atendimento da recepção e do café excelente. Localização central, que ajuda a circulação até de transporte público, além de uma variedade de restaurantes nas imediações.  Elevadores que são insuficientes e demandam uma espera maior pela manhã.",9,2025-03-25 11:59:31+00,1
" Terraza en el piso 17 en el que pude ver un atardecer espectacular.
Personal amable
Desayuno rico y variado.  Nada me disgustó.",10,2025-03-25 15:27:36+00,1
" O hotel tem excelente localização, com excelentes bares e restaurantes bem próximos, o que permite ir caminhando. O quarto é bem amplo, cama confortável, chuveiro excelente e equipe atenciosa. A área da piscina é muito agradável.  O elevador as vezes demora um pouco.",9,2025-03-25 17:39:07+00,1
" Vse super, v blízkosti restaurace. Na střeše u bazénu restaurace s vynikajícím jídlem a drinky! Snídaně taky fajn. Můžu doporučit",9,2025-03-25 18:17:28+00,1
"Instalaciones limpias e impecables.
Personal amable
Desayuno rico y variado
La terraza es espectacular con vistas increíbles, pude ver el atardecer. 
Se encuentra a 1 cuadra de la av Brasil, donde se encuentra todo el comercio.
Volvería sin dudarlo",10,2025-03-26 00:00:00+00,1
"Bom custo benefício, café da manhã bom, faltou amenities melhores, achei ruins.",10,2025-03-26 00:00:00+00,1
 Sky bar é imperdível! Comida boa é ótima música e clientes do hotel não pagam para ter acesso ao SkyBar,9,2025-03-26 01:45:36+00,1
 O skybar é imperdível e hóspedes não pagam para ter acesso ao local. Comida boa e música agradável!,9,2025-03-26 01:47:50+00,1
" Localização central, próxima de bares e restaurantes, o restaurante no rooftop com linda vista, café da manhã completo e o quarto novo com bom tamanho.  Achei a cama ruim e o atendimento do restaurante.",9,2025-03-26 12:57:36+00,1
"Muito bom hotel, boas instalações, estacionamento coberto, café bem servido e rooftop com vista linda! O único problema são os únicos dois elevadores do prédio, que são mal configurados e a espera é sempre longa.",8,2025-03-27 00:00:00+00,1
" Ótima localização, quarto com cama confortável, banheiro amplo, chuveiro divino, tudo muito limpo. O café da manhã é variado e tudo muito gostoso. O hotel oferece alguns passeios, que são pagos à parte. Equipe educada.",10,2025-03-27 22:19:27+00,1
" Muy buen hotel, buena ubicación y muy buen desayuno!",10,2025-03-29 16:06:30+00,1
Maravilhosa,10,2025-03-29 20:12:52+00,1
"Ficamos no fim de semana. Ok para descansar. Limpo e confortável mas nada luxuoso. Destaque para a piscina (pequena) no terraço com borda infinita. O café da manhã tinha opções de frutas, frios, pães, sucos, omelete. Café da manhã tradicional bem preparado. No fim de semana havia empadas no café que adoramos. Local próximo de bares e restaurantes bem central e localizado.",8,2025-03-29 20:21:23+00,1
"Atendimento impecável de todos os funcionários, respeito, educação, cordialidade, desde a recepção , atendentes no horário de café da manhã, higienização etc, infelizmente não consigo mencionar o nome dos colaboradores, seriam muitos.",10,2025-03-30 00:00:00+00,1
Adoramos estar no hotel o funcionário Jonas muito atencioso com um ótimo café da manhã bem servido os quartos limpos a localização do hotel é maravilhosa perto de tudo barzinho restaurante farmácia para todos os gosto concerteza voltaremos mais vezes,10,2025-03-30 00:00:00+00,1
"Muy lindo hotel, desde el establecimiento hasta los servicios que ofrece y sus anfitriones. 
La ubicación es muy buena, en el centro. 
Lo recomiendo ya sea para vacaciones en familia como con amigos.
El desayuno incluido es muy completo y el personal muy atento. Lo recomiendo y volveremos",10,2025-03-30 00:00:00+00,1
" Tudo muito bom!
Nada a reclamar!
Uma sugestão: Colocar um tapete de borracha no box do banheiro( opcional) devido pessoas idosas, como nós, ter medo de escorregar e cair, evitar acidentes.  Medo de cair no box do chuveiro, piso liso, com água e sabão, fica muito propício a acontecer quedas.",10,2025-03-30 00:37:05+00,1
" Gostamos de tudo! Ótima localização, estrutura excelente, confortável, ótimo café da manhã. Fomos muito bem atendidos e foi tudo maravilhoso!",10,2025-03-30 12:18:57+00,1
" Gostei muito:Localização, conforto,atendimento, limpeza
Gostei.pouco: Dificuldade nos elevadores, espaço no café da manhã não é suficiente quando tem muito hóspedes.",9,2025-03-30 12:34:21+00,1
Muito bom,10,2025-03-30 23:10:53+00,1
" Posizione top, pulizia eccellente.
Uniche pecche, gli ascensori, che sono solo 2 per cui in orari di punta si è costretti a fare le scale di emergenza e la colazione, abbondante, varia ma di scarsa qualità. 
Tutti i cibi da forno erano quasi crudi.",8,2025-03-31 11:15:13+00,1
 Tudo  O bar fica fechado de manhã,10,2025-03-31 12:47:59+00,1
 Excelente!!!!  Nenhum comentário,8,2025-03-31 18:33:12+00,1
" Excelente todo !! Hice un pedido especial y estuvo impecable!!! Buen desayuno, muy completo. Maravillosa La terraza  servicio excelente!!",10,2025-04-01 12:07:39+00,1
Chegamos em 28 de março de 2025 e encontramos uma decoração linda de Páscoa por toda recepção do Viale 😍🐇,10,2025-04-01 22:09:34+00,1
 Muy buena ubicación lindas las instalaciones  La atención en recepcion,9,2025-04-02 18:42:38+00,1
" Habitaciones amplias y luminosas. Excelente desayuno. Estupenda vista panorámica desde la piscina.
Muy buen servicio de bar.  Atención del personal. Faltó predisposición para resolver inquietudes y consultas.",9,2025-04-02 23:00:54+00,1
"Hotel bom, café da manhã bom. Para uma viagem de casal com 2 crianças (5 e 9 anos) as camas deixam a desejar.  São pequenas, poderiam investir em camas king para alguns quartos. Foram 3 noites sem conseguir dormir, bem desconfortável para uma família de 4.",8,2025-04-04 00:00:00+00,1
"Fui muito bem atendida, café da manhã gostoso, cama super confortável e ainda fomos super mimados pela Viviana no cuidado com o quarto. Adorei a experiência e indico para quem quiser ficar tranquilo em Foz com bom custo x benefício. O hotel fica super bem localizado, na principal avenida da cidade.",10,2025-04-04 00:00:00+00,1
" La amabilidad y calidez de todo el personal ha sido excepcional. 
Muy cómodas las instalaciones, exquisito desayuno.
Excelente orden y limpieza.",10,2025-04-05 06:19:23+00,1
 Great location in the centre of Foz do Iguacu. Good breakfast and roof top bar.,8,2025-04-05 13:14:49+00,1
"Hotel excelente, camas confortáveis, chuveiro bom, vista da piscina muito bonita, ótimo café da manhã! Único ponto negativo é o elevador, que não comporta a quantidade de hospedes em alguns horários.",10,2025-04-06 00:00:00+00,1
Staff was responsive.,8,2025-04-06 00:00:00+00,1
"Se espera uma noite agradável de sono, não vai conseguir as camas são horríveis.",6,2025-04-06 16:19:46+00,0
"Muito bem localizado, mas nosso quarto estava precisando de reforma  os colchões estavam Afundados e barulhentos, nunca tinha pegado assim em algum hotel,  muito ruim p dormir, e sugiro elevadores extra, demoram mais que o normal
Fiquei sabendo q alguns andares estão reformados e renovados, mas não demos sorte.. tivemos q extender nossa estadia s fomos p outro hotel bem mais barato mas com colchão maravilhoso",4,2025-04-07 10:25:45+00,-1
"Nossa experiência no hotel foi ótima. A localização ajuda a se locomover a todos os pontos da cidade e também com muitas opções de restaurantes. Fomos muito bem atendidos por todos os funcionários, o café da manhã muito bom e também cheio de opções, a cama muito confortável e tudo limpo. O bar possui uma vista bem ampla da cidade. Único ponto seria o elevador que devido a quantidade de hóspedes durante o horário do café da manhã acaba demorando um pouco, mas nada que atrapalhe.",10,2025-04-08 00:00:00+00,1
"Hotel com ótima estrutura. bom café da manhã com variedade enorme de doces, salgados, sucos e cafés. funcionários excelentes. Destaque para camareira Clara que cuidou do nosso quarto com muito zelo, deixando tudo cheiroso, limpo, climatizado .",10,2025-04-08 00:00:00+00,1
"Ótima localização, bem limpo, bom café da manhã",10,2025-04-08 00:00:00+00,1
" localização e estrutura do hotel e o café e ótimo.  atendimento específico do funcionário da recepção na madrugada do dia 07.04.2025 o mesmo me cobrou 30 reais no consumo de um alfajor. Sendo que o valor era de 15. o mesmo alegou que era taxa de turismo. achei um absurdo. Não ligaria se isso estivesse explícito.

Tirando isso o hotel é excelente.",9,2025-04-08 00:54:26+00,1
" Hotel no todo é muito bom, muito bem localizado, café da manhã excelente, quartos amplos e limpos, chuveiro sensacional, duas camas de casal, frigobar, muito bom mesmo  O serviço de elevador é péssimo, muito ruim mesmo. O serviço de check in antecipado tem uma ideia excelente mas não permite atualizar, alterar, completar etc, pois esta engessado, fica a sugestão",9,2025-04-08 20:33:53+00,1
 Localização junto com os boas suítes..  tudo de bom.,10,2025-04-08 21:20:27+00,1
 Muy buena atención.. bien todo personal...limpio...,10,2025-04-09 00:43:39+00,1
" Não tem o que reclamar do hotel, nota 10 para a localização, funcionários, limpeza, restaurante, conforto, tudo tudo 100%, único problema é a demora do elevador, como são apenas dois elevadores para todo hotel, em horários de pico como café da manhã, da uma demora maior que o normal.. No mais, todo o resto é nota 10!! Estão de parabéns!!",9,2025-04-09 02:04:58+00,1
" Ótimo hotel, com bom custo benefício em uma excelente localização.",9,2025-04-09 09:06:12+00,1
"Como o voo foi antecipado pela Azul, de 13:40 para 5:10 h. Senti falta de um lanchinho rápido que deveria ser oferecido pelo hotel, como acontece em inúmeros outros.",10,2025-04-10 00:00:00+00,1
" Hotel impecable, personal muy atento y servicial, instalaciones muy bonitas, camas cómodas y la limpieza excelente.",10,2025-04-10 09:14:20+00,1
" Ubicación excelente, desayuno muy completo gran variedad, piezas limpias y espaciosas. El único detalle fue una filtración en la ducha. Todo lo demás excelente servicio",9,2025-04-11 01:25:18+00,1
 Sem comentários,10,2025-04-11 15:03:37+00,1
"Excelente hotel, excelente profissionais, café TOP, tudo organizado, limpo, sem falhas, nota 1.000",10,2025-04-11 19:02:44+00,1
"Cafe da manha excelente, so poderia iniciar às 6h00. Poderia ter mais opções do room service. Cama confortavel. Ótima localização, com bela vista para o centro e para o rio. Silencioso. Ótimo atendimento, pessoal muito simpático. Voltaria,  com certeza.",10,2025-04-12 00:00:00+00,1
 Gostamos da piscina e das refeições.  De ter vindo embora.,10,2025-04-12 16:33:33+00,1
" Localização ótima para acesso a Argentina e Paraguai.  Deixamos o hotel bem cedo para ir aos passeios, ao realizar a limpeza do quarto o ou os funcionários deixaram a porta do quarto totalmente aberta, chegamos no inicio da noite e encontramos nossos pertences e ambiente totalmente vulneráveis.",7,2025-04-12 22:01:39+00,0
"Hotel muito bem localizado, muitas opções de alimentação no entorno, além de ter academia simples e café da manhã bem servido, as camas são confortáveis e a vista do por do sol no hooftop é a melhor",10,2025-04-13 00:00:00+00,1
 Não entendi o pequeno almoço.,9,2025-04-13 18:05:09+00,1
" Sumiu um shorts que tinha usado no dia anterior e não foi encontrado. Cheguei a questionar com a gerência se não tinha ido com a roupa de cama por engano mas n foi encontrado. Ruim quando desaparecem pertences no hotel. Tirando esse fato chato, a localização do hotel é ótima.",7,2025-04-13 21:20:44+00,0
"Atendentes sempre educadíssimos, café muito bom, quarto limpo, único problema do hotel são os elevadores, poucos pra comportar a quantidade de hóspedes, somente 2 pra um hotel de 16 andares e 10 aptos por andar. Muita gente pra pouco elevador. São demorados.",8,2025-04-14 00:00:00+00,1
"如何にも観光客用。
トイレットペーパーが流せないのは?
大きなスーパーまで歩けるので、ビールは安く買えます。
ミニバーはもちろんミネラルウォーターまで有料です。",8,2025-04-15 17:03:54+00,1
 Café e localização nota 9  Do atendimento na portaria. Não resolveram problemas simples.,8,2025-04-15 20:30:44+00,1
" Café da manhã bom, final de semana tem mais variedades. 
A cama um pouco barulhenta e torta, porém os lençóis limpos.",8,2025-04-15 23:15:13+00,1
" The hotel is in a good location and has the roof top bar which allows for a great sunset and good cocktails. But…. First morning I woke up to a cockroach in my room. When I asked them to come and remove it as I only managed to partially kill it (yes I disgust going next to them) they told me cleaning ladies start later. I told them to find someone which in all fairness they did. That afternoon I asked them to change the room based on this, to which I had no apology which makes me think it’s a regular occurrence. They did move my room to the one just next door. Cannot say it was fully comforting but at least they did. Breakfast was not great. Gym was actually decent but they had cloths to wipe down machines, after used these were not removed from the surface the windowsill making it clear nobody really goes to the gym to clean it (days). Having said all this .. you get what you pay for. The hotel is not expensive so it all depends on what you want.",4,2025-04-16 00:17:36+00,-1
" Ubicación, el servicio, el desayuno incluido  Las instalaciones requieren mantenimiento",9,2025-04-16 10:41:02+00,1
"Fue increíble, excelente atención, excelente servicio. Nos sentimos muy cómodos, sin dudas es un hotel ideal para unas vacaciones. Gracias a Vanderleia por su atención y limpieza y al hotel por ser tan agradable y servicial con extranjeros como nosotros.",10,2025-04-17 00:00:00+00,1
" La ubicación, el ambiente piscina terraza  La poca variedad del desayuno, y el cobro de estacionamiento al huésped.",7,2025-04-17 01:25:48+00,0
 El desayuno  El inodoro estaba flojo,9,2025-04-17 14:45:34+00,1
" Hotel bien ubicado, cerca de restaurantes y centros comerciales. Desayuno variado! En las habitaciones no funciona bien el wifi!",10,2025-04-18 00:19:10+00,1
"La verdad disfrute la vista,y la atencion",10,2025-04-18 01:36:54+00,1
 Alles super😃,10,2025-04-18 11:54:17+00,1
"Excelente aseo de las habitaciones Viviana nos encantó con sus arreglos de toallas con formas de animales, lastimosamente la piscina está ubicado en la terraza y resulta peligroso para los niños.
El desayuno buffet con mucha variedad de alimentos y el Encargado del restaurant bastante amable.
La ubicación es privilegiada porque está a 200 metros del mercado para hacer turismo de compras y también desde el hotel caminando podes llegar a Restaurantes muy buenos.",10,2025-04-19 00:00:00+00,1
"Localização ótima para sair a noite e deixa o carro na garagem. Podemos curtir o dia e a noite. Excelente, nossa camareira a Ana Lúcia deixou o quarto impecável 😍🥰 Muito carinho envolvido, ganhamos chocolate, maravilhoso.
Esperamos retornar em uma próxima oportunidade",10,2025-04-19 00:00:00+00,1
"Melhor restaurante de hotel 
Gabi que fica no bar na parte da noite fez drinks incríveis 🩷 além da simpatia de toda equipe.
Localização ótima e quarto uma delícia 
Café da manhã super gostoso, estacionamento pago no local
Próximos de mercado, shopping e farmácia",10,2025-04-19 00:00:00+00,1
"Atendimento excelente e gentil, especialmente equipe do restaurante, sob coordenação da Andressa, café da manhã excelente e jantar muito bom.
Hotel novo, ótimo custo benefício, quarto grande, banheiro novo, áreas comuns confortáveis.",10,2025-04-20 00:00:00+00,1
"Lovely hotel within walking distance of just about everything you'd want to do in downtown Foz do Iguaçu. The staff were friendly and polite, the rooms clean, with strong air conditioning and reliable Wi-Fi. We also enjoyed the rooftop bar—it had a great atmosphere, and the cocktails were surprisingly good.
We really appreciated being granted a one-hour late check-out, which gave us enough time to visit the Brazilian side of Iguaçu Falls and pack up without stress.
Breakfast was solid overall, with a decent variety and good quality—though the juices could use some improvement. If we're ever back in the area, we’d choose this hotel again without hesitation.

We do wish there had been an additional elevator—given the number of rooms and guests, the two available often felt insufficient and led to occasional queues.",10,2025-04-20 00:00:00+00,1
Jeden z lepszych hoteli w Foz do Iguacu,10,2025-04-20 07:50:44+00,1
" Lovely hotel within walking distance of just about everything you'd want to do in downtown Foz do Iguaçu. The staff were friendly and polite, the rooms clean, with strong air conditioning and reliable Wi-Fi. We also enjoyed the rooftop bar—it had a great atmosphere, and the cocktails were surprisingly good.

We really appreciated being granted a one-hour late check-out, which gave us enough time to visit the Brazilian side of Iguaçu Falls and pack up without stress.

Breakfast was solid overall, with a decent variety and good quality—though the juices could use some improvement. If we're ever back in the area, we’d choose this hotel again without hesitation.  We do wish there had been an additional elevator—given the number of rooms and guests, the two available often felt insufficient and led to occasional queues.",9,2025-04-20 09:11:42+00,1
 Rooftop pool  Nothing,8,2025-04-21 06:27:11+00,1
" Hotel perfeito, excelente localização, confortável, excelente vista e etc  Gostei de tudo.",10,2025-04-21 13:14:52+00,1
 Fue una experiencia maravillosa!! El personal genial. Relación calidad vs precio perfecta. La terraza lo mejor!!! Ubicación un 10. Nos limpiaron todos los dias la habitación y tenían el detalle de dejarnos una figuras 🥰  No tengo nada que decir!!,10,2025-04-21 14:21:56+00,1
" Las instalaciones, los cuartos y el desayuno delicioso  Podría ampliarse el horario de la piscina y la velocidad del ascensor era lenta",10,2025-04-21 16:55:55+00,1
 El hotel es expectacular,10,2025-04-21 18:46:51+00,1
 Poucos elevadores pro tamanho do hotel,8,2025-04-22 01:39:49+00,1
" Muito ampla e limpa
Roupa de cama boa e macia 
Fizeram enfeites de Páscoa com nossas toalhas  Nada",10,2025-04-22 16:41:48+00,1
" Boa cama, banho confortável e boa localização.  Nada em especial.",8,2025-04-23 20:43:14+00,1
Sensacional a vista e o atendimento,10,2025-04-23 21:24:54+00,1
Tudo certo,10,2025-04-24 00:00:00+00,1
 Cafe da manha muito restritivo. tenho tolerância ao gluten e nao tinha quase nada. cafe fraquissimo. o quarto a noite barulho as vezes incomodava.,5,2025-04-24 12:32:03+00,0
" Por ser un viaje a trabajo , había solicitado una habitación más silenciosa que no tenga tanto ruido del centro, y el funcionario fué muy competente y atencioso con el pedido , nos proporcionó una habitación Muy confortable y lejos del ruido de la calle .. Me Encantó  En el desayuno la salsicha estaba fría , pero es detalle ! todo lo demás estaba muy rico excelente servicio",8,2025-04-24 22:04:48+00,1
"Destaque para a grata surpresa que foi encontrar um cachorrinho feito com as toalhas de banho colocado sobre a cama. Adoramos!

O quarto estava em perfeito estado de limpeza e organização. Trabalho muito bem feito e caprichoso, agradecemos o carinho.",10,2025-04-25 00:00:00+00,1
" Café da Manhã 
Não gostei das comidas mexidas 
Mesas sem jogo americano 
Sujas",9,2025-04-25 00:13:03+00,1
" Very well located, very clean, they have a desk to help with local trips, good breakfast, bathrooms well stocked with good quality products  Some trips you can use an uber and go yourself. The team may encourage you to take a package instead",10,2025-04-25 10:49:59+00,1
" Estadia no geral foi muito boa, bela vista do rooftop.  Cama fazia um pouco de barulho, estralando e Pães do café da manhã poderia ser melhorado.",10,2025-04-25 12:44:35+00,1
"Todo muy bien, pero quiero destacar la atención de Ana que nos limpiaba la habitación y nos dejaba unas formas con los toallones super lindas para las niñas. 
El hotel bien, el desayuno acorde y las instalaciones muy lindas. Llamamos por el secador de pelo y vinieron enseguida y lo solucionaron.",10,2025-04-26 00:00:00+00,1
"Boa opção para se hospedar na cidade de Foz do Iguaçu, boa localização, bom atendimento, funcionários simpáticos, quarto limpo e bem arejado, um único porém, o estacionamento mesmo sendo na área do hotel é cobrado diária separada, mas percebo que esta é um tendência geral, preço de mercado local.",8,2025-04-26 02:14:25+00,1
"Achei o hotel muito bom, perto de vários bares e restaurantes. O hotel fica longe das principais atrações da cidade, sendo necessário algum tipo de transporte. Só tenho a reclamar da cama que fazia muito barulho e do banheiro que estava com cheiro ruim o tempo todo, provavelmente em decorrência de algum problema no encanamento.",8,2025-04-26 21:39:50+00,1
Achei tudo muito lindo e organizado. Os funcionários super educados e prestativos e nos trataram muito bem. O quarto era excelente gostei muito e muito limpo. Gostei que ajudaram meu namorado com a surpresa que ele fez para mim e saiu perfeito.,10,2025-04-27 00:00:00+00,1
"El hotel muy bonito , desayuno completo y rooftop es una genialidad , bares y restaurantes a menos d un minuto caminando , solo el baño falto un poco de limpieza había hongo en las paredes lo de más muy bien , volvería",10,2025-04-27 00:00:00+00,1
" Good hotel. Clean, good breakfast, very nice rooftop, central location.",9,2025-04-27 00:02:34+00,1
Excelente em quase tudo. Elevadores demoram um pouco estacionamento achei caro. Poderiam diminuir o valor.,8,2025-04-27 14:44:02+00,1
"Ótimo hotel no geral, várias opções para o café da manhã, rooftop interessante. Elevadores deixam um pouco a desejar",8,2025-04-27 18:21:19+00,1
 View & location  Installations a bit deteriorated,8,2025-04-28 14:37:35+00,1
 Ambiente muito limpo e aconchegante. O café da manhã espetacular e o sky bar tem uma vista maravilhosa.,10,2025-04-28 17:20:56+00,1
 Limpeza  TV poderia ser maior e com mais opções,9,2025-04-28 22:30:32+00,1
"Tudo excelente, mas o estacionamento, diferentemente do que aparece nos sites de busca, é cobrado à parte, R$35,00 por dia.",10,2025-04-29 09:04:44+00,1
" Fuimos con mi novio 3 días y quedamos encantados con el servicio que brindan en este hotel. Tienen todo lo que se necesita excelente atención del personal,,  la habitación hermosa y super cómoda lo mejor fue la ducha! El hotel está muy bien ubicado desde que llegamos hasta que nos fuimos, no fue necesario sacar el auto para ir a comer. En la misma cuadra hay 3 restó super buenos! Le pongo todas las estrellas. Vamos a volver!",9,2025-04-29 19:49:01+00,1
 Nice rooms - simple and clean. A lovely gym and rooftop area with pool. Breakfast was decent. Overall an enjoyable stay. Close proximity to many restaurants in foz. About a 25 min drive to  falls from the hotel,8,2025-04-30 15:19:39+00,1
"Muy bien ubicado, con una terraza con alberca genial, la cocina del restaurante de muy buena calidad, todo el personal es muy atento a tus necesidades de servicio. Pasamos unos días ahí para continuar un viaje más largo y fue de lo mejor, muy recomendable",10,2025-05-01 10:21:37+00,1
" El desayuno excelente. Las instalaciones, todo perfecto.  Nada",10,2025-05-01 21:57:20+00,1
"Hotel sensacional! Ótima localização; Café da Manhã delicioso; Atendimento e Limpeza nota 10, em especial a camareira Viviana pela arte que deixa todos os dias no quarto; Rooftop com o melhor pôr do sol e vista de Foz e ainda com cantores ao vivo; Garçons atenciosos que serve deliciosos drinks e petiscos.",10,2025-05-02 00:00:00+00,1
"Fabulous hotel - clean, great location for centre of Foz and access to the falls from Brazilian and Argentinian side but the cherry on top was the sky bar. Reccommend",10,2025-05-04 00:00:00+00,1
" Ótima localização, quarto grande, café da manhã satisfatório.  Tinha muitas formiguinhas no quarto, na mesa e nas mesas de cabeceira. Não se podia deixar nada lá que enchia de formigas. 
O controle do ar condicionado estava com o visor apagado, até conseguir regular ar sem o visor foi um bom tempo.",9,2025-05-04 12:18:41+00,1
"Segunda vez hospedado, pela segunda vez bem atendido.
Quarto com boa qualidade, café da manhã excelente. Banheiro com banho muito bom",10,2025-05-04 12:22:49+00,1
" Localização excelente, área da piscina no terraço com bela vista da cidade e do rio Paraná, além de um por do sol excepcional.  A cama eh muito mole e o elevador demora muito.",9,2025-05-04 19:51:58+00,1
"Ótimo hotel, realmente fiquei bastante feliz com minha escolha. Hotel com quarto amplo e cama confortável, chuveiro com água quentinha sem demorar. A vista linda da cidade e do pôr do sol me ganharam. Café da manhã com muita diversidade e saboroso. Em breve voltarei com minha família",10,2025-05-05 00:00:00+00,1
" Personal amable, bonitas las habitaciones con espacio suficiente, el menú del desayuno bastante variado y rico.  No se tenía en función ambos  ascensores y eran muy pequeño, por lo que se debía esperar bastante tiempo para poder subir la habitación o bajar a la recepción.",10,2025-05-05 04:32:58+00,1
"Ficamos no hotel durante 4 noites. 
O hotel é muito bom, atendimento excelente, excelente localização, muito bem conservado, café da manhã bom, porém as toalhas são de qualidade ruim e velhas, inclusive algumas estavam rasgadas.
O que fez a experiência não ser muito boa.
Mas eu voltaria a me hospedar lá.",8,2025-05-06 00:00:00+00,1
"Estadia muito boa. Atendimento ótimo. Ponto negativo, banheiro que alaga, e não é pouco.",8,2025-05-06 00:00:00+00,1
"Excelente hotel, quarto espaçoso, limpo e organizado, piscina maravilhosa com uma vista incrível para o pôr do sol!",10,2025-05-07 00:00:00+00,1
"Hotel moderno e muito bem localizado, quartos muito aconchegantes, equipe excelente, bem atenciosos e prestativo. Sempre quando vou a foz preciso ficar com Viale.

O que precisa melhorar é um pouco a iluminação dos quartos, mesmo com as luzes existentes o quarto fica escuro, isso é um ponto que é muito fácil de ser resolvido e não desmerece o hotel.",10,2025-05-07 00:00:00+00,1
" Estive com a minha família e o hotel é muito bom. Tem um rooftop com piscina-bar e o entardecer tem uma vista de tirar o folego. Os quartos, assim como as áreas comuns eram bem limpas. Unico ponto que vale uma ressalva é o elevador que é bastante concorrido e demorado. Mas nada que comprometa a estadia.  Elevador é muito lento.",10,2025-05-07 09:57:07+00,1
" El desayuno es completo, hay variedad de todo. La atención de los empleados también destaco  La falta de ventilación en el cuarto",10,2025-05-07 13:44:22+00,1
" Já conhecíamos o hotel de hospedagem anterior. Ótima acomodação, café da manhã muito bom também, estacionamento no local.  Demora de elevador, pelo tamanho do hotel, quantidade de andares, dois elevadores somente é pouco para a demanda. Fiquei no 12° andar e cheguei a esperar por 4 a 5 minutos pelo elevador. Fomos informados que tem previsão de obra para resolver essa questão em agosto. Uma sugestão, que os elevadores sejam independentes um do outro. Fora isso, foi tudo ótimo, funcionários muito atenciosos.",9,2025-05-07 13:49:39+00,1
 j'ai apprécié l'emplacement : proche des chutes et possibilité de dîner le soir  à proximité sans reprendre de taxi et le petit déjeuner,9,2025-05-07 14:57:38+00,1
" A localização é excelente para acessar os principais pontos turísticos. Chuveiro ótimo, limpeza OK  As camas de casal precisam ser trocadas... os colchões estão deformados, fiquei com dor nas costas. No final de semana é um inferno para usar o elevador, porque tem somente 2 elevadores pequenos. Domingo de manhã todo mundo quer descer para tomar café ou fazer checkout com malas, o elevador está sempre lotado, simplesmente não dá para entrar! Se tiver horário para viajar, não pode sair em cima da hora porque vai demorar muito só para conseguir descer com as malas.",8,2025-05-07 15:26:39+00,1
"A melhor parte é a localização.
O serviço é razoável.
O prédio é velho, com poucos elevadores (somente dois) e o quarto um pouco de cheiro de mofo.
O café da manhã tem boas frutas, porém os pães não são muito frescos.
Poderiam ter mais informações turísticas na recepção",8,2025-05-08 00:00:00+00,1
" El desayuno, la pileta y el sky bar
La ubicacion",10,2025-05-08 02:27:28+00,1
" Localização ótima.
Frutas do café da manhã muito boas.  Instalação antiga, tem um pouco de cheiro de mofo. Cheiro fraco, mas incomoda.
Somente dois elevadores é pouco para o tamanho do hotel.
No café,  os pães não parecem frescos, o suco é com muita água e muito açúcar.",8,2025-05-08 12:18:43+00,1
"Ótimo hotel. Bastante confortável e bem localizado.

Há itens a serem melhorados:
- poucas tomadas no quarto. Ficamos em um quarto com 2 camas e havia apenas 1 tomada em uma das cabeceiras e não ficava próxima ao criado 🫠

- Todos os dias na hora do café há congestionamento nos elevadores. Chegamos a esperar 12 minutos pelo elevador.

- A limpeza dos quartos acontece até as 3h30 da tarde. Como fizemos passeios pela manhã e ao final da tarde (ver o pôr do sol no Marco das três Fronteiras, por exemplo), por dois dias estávamos no quarto à tarde descansando e não foi possível que ele fosse limpo.

Pontos positivos:
- funcionários bastante atenciosos, educados e prestativos.

- a camareira Viviana sempre deixava as toalhas em formato de bichinhos. 😊",8,2025-05-09 00:00:00+00,1
Equipe ótima no atendimento  e agilidade.  Quarto estremamente higienizado.  Localização excelente. Ambiente agradável e respeitoso.  O restaurante muito bom ... e a vista espetacular. Recomendo o hotel para tds que queiram  ambiente aconchegante.,10,2025-05-09 00:00:00+00,1
"Excelente hotel, ótima localização, estrutura (quarto, ducha, garagem, área de piscina, por do sol) e café da manhã muito bons. Equipe também muito tá de parabéns pela presteza e qualidade no atendimento.
Únicas ressalvas: disposição das lâmpadas no quarto eram ruins, o isolamento acústico do quarto também é mediano, tendo em vista que os sons dos quartos adjacentes eram perceptíveis. Mas menciono apenas para os clientes que possam ter maior sensibilidade a isso, no meu caso, não atrapalou a estadia.",10,2025-05-09 00:00:00+00,1
" Excelente localização!
Tudo perto, na esquina tem um ótimo buffet a 64/kg, ao lado um sorvete e o capitã bar, andando pouco tem um mercado, enfim. Ótima localização! Quarto bem amplo, cama e lençóis muito confortáveis. O SKY Bar é muito bonito! Olhando no Google maps, percebi que conseguimos avistar o Paraguai dali do alto. Chuveiro com ótima vazão, boa regulação de temperatura, tem touca de banho, sabonete, xampu, condicionador e secador de cabelo. Tb tem espelho de corpo inteiro. A camareira dia sim, dia não, colocava uma arte em toalhas na cama. Cisnes, cachorro, muito bonito e atencioso. Muito confortável e muito bem localizado! São os pontos fontes desse hotel!
Fica como sugestão dar a opção ao hóspede para escolher se quer que troque as toalhas diariamente. Aqui no Viale não temos a opção de só trocar a toalha se as deixar no chão. Há muitos hotéis que dão a opção, pois economiza água e o nosso planeta agradece.  O café da manhã poderia ser melhor para o padrão do hotel. Não é aquela maravilha, teve dia que as frutas estavam sem graça, todos os dias exatamente as mesmas opções, tinha pão e doce que vc via que não era fresco, meu marido comeu um pão duro; então assim, serve, mas não é um café da manhã q esteja no padrão esperado para esse hotel. É um café da manhã normal, mediano. Se vc escolhe hotel pelos elogios ao café da manhã, essa aqui não é uma boa opção.
Não gostei qnd me ligaram 12:10 no quarto perguntando se eu havia renovado a reserva. Há formas mais educadas de dizer que está na hora de entregar o quarto. As toalhas poderiam ser melhores tb. Nada que desprestigie o hotel, mas para um 10 faltou mais atenção dos funcionários em geral (aquela alegria em servir, sabe?), e um café da manhã condizente.",9,2025-05-09 00:50:37+00,1
" Hotel novo, banheiro grande, café da manhã diversificado. Proximo a restaurantes e bares.  Elevador não dá vazão ao volume de hospedes. Sala de café da manhã  muito pequena, gerando confusão e espera.",8,2025-05-10 00:17:57+00,1
" The staff were amazing friendly and helpful. The breakfast was superb and the room was serviced each day. Made it an enjoyable and memorable experience. The roof top sunset amazing and I will be referring this place to others. Right in the heart of the good restaurant and bars, I would go back anytime. We'll done Viale Tower Hotel  There was nothing I did not like about it at all",10,2025-05-10 06:06:44+00,1
Top,10,2025-05-10 16:38:04+00,1
"Gostamos de tudo da limpeza do.hotel cafe da Manha gostoso, cama macia, os funcionários educados. Camareira top. localização do hotel muito boa. Voltaremos com certeza. Fizemos os passeios pela agência do próprio hotel. Uma experiência muito boa.",10,2025-05-11 00:00:00+00,1
"Excelente acomodação, funcionários atenciosos, educados,  e serviços de quarto de qualidade e organizado. A vista da área de cobertura é lindíssima! Com uma vista para o por do som incrível. Eu e meu esposo
 amamos a estada no Viale Tower! 2015",10,2025-05-11 00:00:00+00,1
"Recommend this hotel. Stayed here two nights for traveling Iguacu falls at 🇦🇷 and 🇧🇷. Spacious room and good location were advantage of staying here.
Sky bar at roof top, you can enjoy very nice view of area too.
What I slightly worried about is when you go out at night times. Usually, not many people were on the street at nights (after 9 P.M.).
Anyway, good hotel for travel Iguacu falls. Recommend!",10,2025-05-11 04:53:50+00,1
 La ubicación  Las camas deberían cambiar! No son cómodas!,10,2025-05-11 10:20:12+00,1
 Roof Top restaurant was nice to sit and relax in the evening,8,2025-05-11 13:29:59+00,1
" Excelente hotel! O que mais me agradou foi o quarto amplo, super espaçoso, e o colchão, super confortável. As instalações são limpas. A localização é ótima, perto de farmácia, restaurantes, bares, sorveteria, e num ponto central da cidade. A TV tem diversos canais que não tem normalmente em outras TVs de hotel.  O hotel poderia se beneficiar de algumas pequenas manutenções/reformas, mas não houve nada específico que me incomodasse.",10,2025-05-11 13:33:09+00,1
 Good location and overall ok.  Poor breakfast and the rooms need updating.,6,2025-05-11 15:50:26+00,0
"Estadia agradável,  quarto confortável e sempre limpo,  funcionários prestativos e cafe da manhã delicioso.",8,2025-05-12 00:00:00+00,1
" Fuimos desde Córdoba Argentina, Excelente hotel! nos encantó.
Desde recepción hasta servicio de limpieza muy amables y atentos, desayuno 10!
100% recomendable, volveremos.",10,2025-05-12 03:46:52+00,1
"O atendimento e limpeza são nota 10. Estrutura do hotel também são ótimas. 
Essa é a terceira vez que venho a Foz do Iguaçu com minha família (marido e 2 filhos) e sempre fico no Viale Tower.
Mas agora a camareira Ana veio incrementando o cuidado com a nossa estadia. Por isso, indico a todos!",10,2025-05-13 00:00:00+00,1
"Excelente hotel, muito bem localizado e próximo a grande variedade de restaurantes e bares. Limpeza impecável e atendimento cordial. O bar localizado no terraço tem uma linda vista e preços justos.",10,2025-05-13 00:00:00+00,1
" localização, atendimento e o bar no terraço com um lindo pôr do sol  nada",10,2025-05-13 06:32:35+00,1
" Os dispensadores de shampoo, sabão e condicionar não funcionam.",7,2025-05-13 10:28:17+00,0
"Excelente localização!
Ótimo café!
Bom quarto!
Ótima arrumação!
Tivemos um ótima experiência, conseguimos chegar rápido em qualquer um dos destinos que buscamos, Cataratas, Paraguai, Argentina e principais restaurantes!
Os colaboradores do Hotel são sempre atenciosos e educados!",10,2025-05-15 00:00:00+00,1
"Excelente hotel, atendimento, café da manhã … em períodos que não são de alta temporada é ótimo, pois o hotel só possui 2 elevadores.",10,2025-05-15 00:00:00+00,1
" Já é a segunda vez que nos hospedamos no hotel. O café da manhã é maravilhoso, a equipe é super solícita e simpática, sempre somos muito bem atendidos. A localização é um ponto chave, com farmácia, ponto de ônibus, posto de gasolina, mercado e restaurante próximos.  O lençol de uma das camas estava com um rasgo e em um dos dias as toalhas estavam com um cheiro forte. O estacionamento é pago à parte.",9,2025-05-15 00:25:17+00,1
" Localização, limpeza, equipe e conforto são pontos positivos.  Reservei três quartos pois viajei com minha família e em especial, para confraternizar aniversário de um dos meus filhos e, a ideia era passar tempo no Skybar, porém, estava fechado para evento privado. Acontece. Ocorre que só fiquei sabendo disso no momento do check in, quando já estava em Foz do Iguaçu, aí nos restou comemorar em bar próximo do hotel.
Esse ponto avalio péssimo, é necessário organização para informar hóspedes antecipadamente, afinal, como minha família, o objetivo principal seria usar o Skybar, ponto que o próprio hotel avalia como diferencial, mas que não entregou tudo o que cobrou.",6,2025-05-15 11:34:44+00,0
Hotel bom equipe atenciosa café da manhã regular,10,2025-05-16 00:00:00+00,1
"Estivemos no local para realizar a experiência de assistir ao pôr do sol em uma tarde de Outono em Maio/25 (quinta-feira).
O local estava vazio, pudemos escolher uma mesa ótima para apreciar o entardecer e deu super certo! Realmente,  o local tem um visão privilegiada que vale a pena.

Pedimos dois sucos naturais que estavam ok. Para a refeição pedimos dois risotos que estavam saborosos demais! O maior problema foi que demorou uns 40 min pra chegar (a casa estava vazia), mas ok… acredito que foi por isso que estavam tão gostosos (ou será que era a fome? rsrs!)
O serviço foi muito bom, tanto na recepção quanto no atendimento,  muita simpática e empatia.
Os preços são bem acessíveis!",8,2025-05-16 00:50:57+00,1
" Do tamanho do quarto, do Sky Bar Rooftop e da limpeza.  É preciso melhorar a exaustão no ambiente onde é servido o café da manhã.....a gente sai de lá com cheiro de gordura na roupa.
Senti falta de uma máquina de café expresso no café da manhã......",9,2025-05-16 14:32:28+00,1
" No me parece adecuado, que antes de terminar de desayunar, un funcionario este recolectando los cubiertos.",7,2025-05-16 15:38:44+00,0
" Confortável, localização,ótima.  Tempo de espera no restaurante é longo, mas comida boa.",10,2025-05-16 21:25:31+00,1
"Única consideração é que, a depender do horário, os elevadores se mostram subdimensionados para a demanda.",10,2025-05-17 00:00:00+00,1
" Muito boa a localização,  o atendimento e o conforto do hotel  Não teve",9,2025-05-17 10:05:45+00,1
" Vista del rooftop. Tamaño de la cama doble.  Sólo dos ascensores. Siempre llenos y muy lentos.
Servicio del rooftop muy limitado. Estacionamiento no incluido en el costo.",6,2025-05-17 15:51:15+00,0
" Café da manhã variado, quartos espaçosos e localização excelente",10,2025-05-18 03:04:03+00,1
"El Hotel Viale Tower se encuentra ubicado en el centro de Foz do Iguaçu, ideal para quienes buscan estar cerca de bares, restaurantes y servicios. El entorno es tranquilo y la atención del personal es amable y cordial.

Las habitaciones están equipadas con minibar, secador de pelo y caja de seguridad. Sin embargo, la cama resultó poco confortable, lo cual afecta la calidad del descanso. El hotel cuenta con un pequeño gimnasio y estacionamiento disponible con costo adicional.

En el piso 17 se encuentra una piscina con lindas vistas y un bar que abre a partir de las 17 h. Es importante tener en cuenta que desde ese momento la piscina no está disponible para su uso, lo cual puede resultar incómodo para algunos huéspedes.

El desayuno es completo en variedad, aunque el sabor no se destaca. En general, es un hotel correcto para estadías cortas, con buena ubicación y servicios básicos.",6,2025-05-18 12:58:08+00,0
 Excelente hotel. Recomendo. Td perfeito. Curta a vista do terraço no por do sol  Nada a declarar,10,2025-05-18 14:11:18+00,1
" Hotel é bom, porém o custo beneficio não é bom. Deveria ser mais barato pelo que oferece. É bem localizado. Café da.manhã é bom. Quarto que fiquei tava bom. Hotel necessita de pequenas reformas. Mas é um hotel bom.  Custo beneficio comparado com outros da cidade.",8,2025-05-18 23:05:09+00,1
"El propósito de nuestro viaje fué de negocios. El hotel cumplió ampliamente con lo que debe ofrecer un hotel de esa categoría.  Está bien mantenido, limpio, bien ubicado y los alimentos del desayuno acorde a éste.   Buena atención del personal.  Sì lo recomiendo.",10,2025-05-19 00:00:00+00,1
"Excelente hotel! Localização, limpeza, atendimento… tudo perfeito! Nada negativo desse hotel! Café da manhã tambem muito bom",10,2025-05-19 00:00:00+00,1
" Efficient check in 
We left very early in the morning and missed breakfast, but did not receive any option for a packed breakfast or even just a piece of fruit",7,2025-05-19 00:17:42+00,0
" Hotel tem uma localização excelente, funcionários são nota 10, café da manhã excelente também. Precisei de uma tomada na garagem para carregar o veículo e foi disponibilizada sem nenhum problema.  Na minha opinião só precisa de uma reforma, talvez pelo tempo de última que foi feita.",8,2025-05-19 01:14:16+00,1
" Quartos espaçosos, limpos, qualidade das camas e um bom banheiro, além de um bom serviço de camareira.  A quantidade de elevadores. Nos momentos de pico (café da manhã, principalmente) o sistema não era eficiente.",9,2025-05-19 01:31:03+00,1
"Boas condições de conforto e limpeza das instalações. Quarto amplo, boas camas e um banheiro adequado e em muito bom funcionamento. Café da manhã bem variado e uma boa praticidade nos serviços de checkin e checkout!
Serviços de quarto bem eficientes e demais instalações do hotel em ótimas condições.",10,2025-05-20 00:00:00+00,1
"O Hotel é bom, mas infelizmente o cafe deixa muito a desejar, a qualidade do café é ruim, tinha 3 tipos o unico que ainda era melhor era o 3 corações, e os pães e bolos eram mais secos, não eram macios, e olha que ficamos 4 diárias, nunca tivemos essa insatisfação em outros hotéis.",8,2025-05-20 00:00:00+00,1
"Quarto bom e amplo, muito limpo e
Confortável, só precisa substituir as toalhas de banho q estão muito usadas",8,2025-05-20 00:00:00+00,1
" Limpeza do quarto 
Café da manhã  Achei pouca iluminação do quarto",9,2025-05-20 00:33:27+00,1
"Próximo da maioria dos locais importantes,",10,2025-05-20 20:50:43+00,1
 Ubicacion en pleno centro nocturno  cochera,10,2025-05-22 14:03:21+00,1
" O único reparo que faço é que os funcionários devem deixar mais claro ao hóspede sobre o pagamento do estacionamento em frente ao hotel, pois me deram a entender que não era cobrado e ao final da estadia estava na minha conta o valor. Pelo menos o atendente foi ponderado e abonou a cobrança mediante minha justificativa.",9,2025-05-23 12:32:56+00,1
"Cama boa, travesseiros são ótimos, quarto grande, ar condicionado funciona perfeitamente. Ponto alto, equipe de atendimento, da recepção ao café da manhã, equipe extremamente educada. Café da manhã muito bom e uma ótima localização, principalmente pra quem gosta de curtir a noite.",10,2025-05-24 00:00:00+00,1
Hotel muito bom. Único incoveniente é o número reduzido de elevadores.,10,2025-05-24 00:00:00+00,1
Hotel muito bom e funcionários muito atenciosos!,10,2025-05-24 00:00:00+00,1
" Tudo ótimo.
Continuem assim  Tudo ótimo",10,2025-05-24 11:46:00+00,1
 Quarto espaçoso e muito limpo.  Achei tudo adequado.,10,2025-05-24 12:52:27+00,1
 Tudo muito confortável e limpo!  Tudo ótimo,10,2025-05-24 19:22:59+00,1
" Quarto grandes e espaçosos.
Cafe da manha bem variado  Academia bem fraca. Meio abandonada",9,2025-05-24 21:23:34+00,1
Good real for the price. Room bathrooms could use a remake.,8,2025-05-25 00:00:00+00,1
Location was great!  Several really nice restaurants around the hotel…,10,2025-05-25 00:00:00+00,1
"Hotel com boa localização, limpo, café da manhã excelente e limpeza do quarto ótimo as crianças amaram chegar no quanto e ver como os bichinhos na cama, muito capricho, moço do café da manhã muito prestativo tbem, a equipe está de parabéns muito bom 👏🏻👏🏻👏🏻",10,2025-05-25 00:00:00+00,1
"Muito boa,nossa estadia, café da manhã muito bom e variado somente o elevador um pouco demorado.",10,2025-05-25 00:00:00+00,1
" Silêncio, limpeza, funcionários cordiais e localização.  Não vale a pena pagar meia pensão. Não recomendo. A comida no hotel é boa, mas para quem tem meia pensão o cardápio do jantar é diferente do cardápio normal, muito limitado e não é tão bom. Tivemos problema com execução do jantar. Pagamos 4 dias, só jantamos lá 2 e uma dessas duas vezes que jantamos o serviço foi péssimo. O hotel é ótimo no que se propõe, mas com relação a pagar meia pensão eu não recomendo.",7,2025-05-25 23:31:09+00,0
"Hotel excelente. Café da manhã impecável. Limpeza do quarto e banheiro super ok. Todos os funcionários solícitos e gentis, com elogio especial para o time do restaurante no café da manhã. 
Adorei o rooftop, vista linda. 
Fica numa rua cheia de restaurantes, então opção de comida não falta e dá pra ir a pé para todos.
Só tem um defeito, porque nada é perfeito: achei poucos elevadores e os dois que tem são muito pequenos. Pode parecer uma grande bobagem, mas em um dos dias chegamos junto com um grupo enorme, com muitas malas. Ou seja, não conseguíamos subir nunca para o nosso quarto, que era no 15º andar. 
Mas certamente ficaria novamente nesse hotel, se fosse de novo a Foz.",10,2025-05-26 00:00:00+00,1
 it was nice hotel to take it easy and to go to the falls from.  nothing,10,2025-05-26 11:16:44+00,1
" Excelente atendimento, quarto casal com uma ótima estrutura, café da manhã bom com equipe qualificada. Próximo de restaurantes, drogarias e tudo que você precisa.  Do barulho de cadeiras arrastando na área da piscina, mas nada que comprometesse o descanso.",10,2025-05-26 16:28:31+00,1
"Hotel muito bom. Custo benefício  e localização excelente. Tudo acessível por perto. Quase ao lado do Capitão Bar. Café da manhã incluso e bom. Único ponto negativo são os elevadores que não dão conta do fluxo em horários de pico, tipo café da manhã.",8,2025-05-26 18:19:37+00,1
" Café da manhã, proximidade  Elevadores muito demorados",8,2025-05-27 00:11:26+00,1
Boa,10,2025-05-28 00:00:00+00,1
" Localização e o bar rooftop  O barulho do ar condicionado no corredor , parecia que havia uma máquina dentro do quarto",8,2025-05-28 01:57:59+00,1
"Pontos positivos: excepcional localização, quarto super amplo, wc grande, box muito espaçoso, cama boa, café da manhã bom. Reposição rápida de itens do café da manhã, quantidade ótima, custo benefício do café da manhã na medida. Atendimento na recepção muito cordial, camareira simpática, limpeza muito boa. 
Pontos negativos: hotel tem 17 andares com mais de 100 aptos e só tem 2 elevadores e ainda de tamanho médio. Demora demais para chegar e quando chega está lotado. Esse foi o ponto mais negativo. 
Quarto muito escuro, poucos pontos de luz nos abajures e só. 
Resumindo: de zero a dez eu daria nota 8,00",8,2025-05-29 00:00:00+00,1
" Café da manhã bem variado e saboroso, localização e conforto.",9,2025-05-29 13:38:16+00,1
Llegamos al hotel a las 22.15  por retrazo en el vuelo y teníamos paga media pensión. Y supuestamente ya a esa hora  22.20 Hs cerró el restaurante. Ni un sándwich nos ofrecieron y tampoco nos quieren descontar la media pensión de ese día. Ya ingresamos mal al hotel!! Ni contemplación tienen por vuelo retrasado!!!,4,2025-05-30 00:00:00+00,-1
O maître Anderson é simplesmente espetacular… tenho 49 anos e pude viajar bastante por esse mundo. O atendimento dele está entre os melhores que tive na vida… não tenho mais adjetivos… parabéns ao Viale por ter um profissional deste nível!,10,2025-05-30 00:00:00+00,1
" Limpeza, equipe atenciosa e ótimo café da manhã  Não se aplica",10,2025-05-31 07:52:45+00,1
"Excellent service, clean, good breakfast, strategic location",10,2025-06-01 00:00:00+00,1
" Quarto espaçoso, limpinho, muito bem localizado.
Ótimo café da manhã.  Travesseiros ficaram um pouco a desejar =\",10,2025-06-01 17:36:05+00,1
Nao ter estacionamento pra clientes é horrível,2,2025-06-01 23:44:39+00,-1
Tudo bom,10,2025-06-02 00:00:00+00,1
"Adorei nossa estadia!! Hotel é muito bom, tão fofo super singelo deixaram uma toalha montada em forma de cachorrinho meus meninos adoraram 🤭!! Adorei",10,2025-06-02 01:15:28+00,1
" Profissionais corteses e excelente café da manhã. Destaco os caldos nas quintas-feiras, os quais são todos muito bons e um preço justo. A localização é ótima! Perto de bons restaurantes e bares.  Infelizmente vários hóspedes fizeram muito barulho à noite, chegando a atrapalhar quem estava tentando dormir. Sugiro o hotel ter alguma forma de aumentar a isolação acústica dos quartos.",9,2025-06-02 14:34:23+00,1
 Quartos amplos e excelente localização.  Preço alto e academia com poucos aparelhos/pesos.,9,2025-06-02 17:26:23+00,1
Excelente localização com vários restaurantes em volta,10,2025-06-03 00:00:00+00,1
 Todo optimo,10,2025-06-03 08:57:34+00,1
" Localização excelente, quarto limpo e organizado. Atendimento de todos nota 10!  Me incomodou um pouco que no café da manhã eles ficam toda hora recolhendo as nossas louças",10,2025-06-03 11:21:18+00,1
" Colaborador que cuida da garagem muito atencioso.  O elevador do hotel é lastimável, apenas dois para 17 andares. A demora para acessar o mesmo seja para subir ou descer é absurda. Como o elevador ão tem teclas de -1 até 17 vc tem que apertar 1+3 se quiser ir para o 13a andar. Dai muita gente não sabe disso e isso trava o elevador pelas pessoas sempre pararem no andar errado. Bastaria uma simples instrução colada no elevador. O café da manhã é bom, mas lento na reposição.",8,2025-06-03 11:57:36+00,1
"Ótima localização,  atendimento bom.
Os quartos merecem uma atenção,  colchão barulhento, e principalmente o banheiro, que tem muito mofo nos azulejos.",6,2025-06-03 19:13:59+00,0
 Conforto dos quartos  Café da manhã sem variedades,9,2025-06-04 00:07:13+00,1
Ótimo,10,2025-06-04 00:37:17+00,1
" Localização excelente, quarto amplo, boa iluminação, chuveiro eficiente, limpeza excelente, café da manha muito bom.  Passa um pouco de barulho dos outros aptos mas não chegou a incomodar. A utilização dos elevadores fica um pouco prejudicada nos horários de pico.",9,2025-06-04 13:28:15+00,1
" En general bien, pero no pude dormir porque el tablero eléctrico hacia un ruido fuerte, al otro dia no me hicieron ninguna atención ni dieron importancia. Me cobraron estacionamiento pero la camioneta quedo afuera  No pude dormir porque el tablero eléctrico hacia un ruido fuerte, al otro dia no me hicieron ninguna atención ni dieron importancia. Me cobraron estacionamiento pero la camioneta quedo afuera.",2,2025-06-04 15:44:12+00,-1
 Ubicación muy buena cerca de varios restaurantes y con fácil acceso a las cataratas  El colchón es muy suave,8,2025-06-04 17:03:55+00,1
 Cada da manhã impecável e qualidade da comida do restaurante é excelente.  Não aplicavel,10,2025-06-05 09:39:04+00,1
 UBICACIÓN DE PRIVILEGIO. TERRAZA Y PISCINA EXCELENTES. EL RESTO SIRVE BUENAS COMIDAS Y EN PRECIO. LAS HABITACIONES CONFORTABLES Y LIMPIAS. EL DESAYUNO MUY BUENO. SE ENCUENTRA EN ZONA GASTRONOMICA LO QUE FACILITA SALIR A COMER SIN NECESIDAD DE GRANDES TRASLADOS. UBICADO EN AVENIDA QUE CONECTA CON LAS VIAS DE COMUNICACIÓN HACIA PARAGUAY Y HACIA EL AEROPUERTO,9,2025-06-05 12:33:42+00,1
 El personal muy amable. La habitación cómoda y el desayuno muy completo.  Sería conveniente exponer los precios del restaurante,9,2025-06-05 19:13:05+00,1
" Organização e limpeza!  As toalhas de banho são muito finas e secas . Penso que poderiam investir em toalhas melhores e mais macias. Assim
Como disponibilizar mantas mais quentinhas nesses dias frios!",9,2025-06-06 00:21:46+00,1
Ótimo!,10,2025-06-07 00:00:00+00,1
" Bom hotel, ótima localização.
Somente os quartos que devem receber uma atenção, colchão está bem ruim e barrulhento, e principalmente a área do banho está com muito mofo nos rejuntes.  Bom hotel, ótima localização.
Somente os quartos que devem receber uma atenção, colchão está bem ruim e barrulhento, e principalmente a área do banho está com muito mofo nos rejuntes.",7,2025-06-07 13:15:14+00,0
" Gostamos da localização, conforto e equipe. Todos muito atenciosos e prestativos.  Tivemos um vazamento no banheiro que não foi solucionado durante a hospedagem, quarto 1505.",10,2025-06-08 13:14:53+00,1
 Ubicación  .,8,2025-06-09 12:16:55+00,1
" Nice, clean and great location.  The bed was comfortable, a lot of options for breakfast (buffet).",9,2025-06-09 14:35:20+00,1
Estadia espetacular e o Sky Bar um show.,10,2025-06-10 00:00:00+00,1
" Limpeza e conforto. Cama muito boa, banheiro muito espaçoso e muito limpo.",10,2025-06-10 13:06:00+00,1
" Muito bom, excelente café da manhã!",10,2025-06-10 18:30:30+00,1
top demais,10,2025-06-12 00:00:00+00,1
Lo único muy negativo que tenemos por opinar es el tema sobre el Programa Privilege !  Los chicos insistían mucho desde la llegada y ya van marcando,8,2025-06-12 00:00:00+00,1
" Muito bem localizado, confortável, café da manhã muito bom  O Colchão faz barulho",9,2025-06-13 15:39:44+00,1
Bad experience. Staff was not kind with the exception of 1 guy at the restaurant. Front desk personal and the manager on duty during our last day weren’t really helpful. Basic stuff was missing in our room like hand soap and shampoo. Windows had a lot of moisture and mold formation. The value for the price is not worthy.,4,2025-06-14 00:00:00+00,-1
 Excelente localização. Roof top muito lindo.quarto confortável. Pretendo voltar,10,2025-06-14 00:52:10+00,1
" Localização espetacular, quartos amplos e confortáveis.  Elevador não dá conta, muito tempo de espera, todas vezes me hospedei é a mesma coisa, muita demora e não comporta o número de hóspedes.
O café da manhã precisa melhorar, pouca opção de bolo e pães.",9,2025-06-14 13:31:01+00,1
Ótima,10,2025-06-15 00:00:00+00,1
" Café da manhã bom porém simples.  A limpeza. Em um dos 2 quartos que alugamos, uma das camas estava totalmente cheio de cabelos, em toda parte. bem suja . ate embaixo das cobertas.",7,2025-06-16 10:50:01+00,0
Ótimo!,10,2025-06-16 12:09:58+00,1
 Excelente las habitaciones!!! Excelente el personal.,10,2025-06-16 19:05:04+00,1
" Instalação impecável. café da manhã excelente, estrutura e equipe muito bem preparadas.",10,2025-06-16 21:34:29+00,1
" Otimo custo Beneficio , hotel fica perto de tudo , muito bem localizado  toalhas poderiam ser melhores, muito duras, como se fosse lixa !!! kkk",7,2025-06-17 13:25:52+00,0
酒店性价比很不错，房间大，床也大，景色也不错。最重要的一点，热水很快！地理位置不错，附近有很多餐厅！去机场也很方便！推荐,10,2025-06-17 13:50:39+00,1
" O hotel é muito confortável. Bom café da manhã. 
As camareiras muito solícitas e educadas.  Falta de privacidade. Num dia a tarde (27/05) eu estava deitada no quarto descansando com duas sinalizações ativadas (que não era para entrar no quarto e que tinha hóspede no quarto). E mesmo assim um funcionário do sexo masculino entrou pra conferir o frigobar. Acordei pela movimentação e tinha um funcionário homem dentro do quarto mesmo com as sinalizações ativadas. Assim que ele saiu do quarto sinalizei a recepção o ocorrido e fui informada que seria passado ao supervisor. Fiquei bem chateada com a situação, pois da mesma forma que eu estava deitada, coberta e cochilando... Poderia estar trocando de roupa ou tomando banho. Acho que deveria ter uma melhor orientação aos funcionários, principalmente, os homens. Não devem entrar nos quartos com as sinalizações ativadas. 
Outro ponto negativo é que os elevadores são pequenos e demoram muito.",7,2025-06-18 00:57:17+00,0
" café da manhã é muito bom e variado, a limpeza diária e localização do hotel são gandes diferenciais. O espaço do rooftop é bem agradável e permite visão de toda a cidade! Vale a pena visitar! Precisei de cabides extra e do serviço de quarto e foi tudo a contento.  o espaço do café da manhã precisa de uma exaustão melhor, saimos ""defumados"" da preparação do café, também senti um cheiro de mofo no quarto, assim que chegamos, mas desligando o ar condicionado e fechando as janelas ficou tudo ok. Lamentei não podermos deixar encomendas ou as malas na recepção até a hora do nosso vôo ou para alguém ir buscar.",8,2025-06-18 17:18:08+00,1
"Estivemos no ano passado e desta vez foi ainda mais surpreendente, o cuidado no atendimento, a cordialidade dos funcionários, e a presteza das nossas solicitações antes da nossa chegada chamou mais atenção. Parabéns a toda equipe , continuem assim, até a próxima.",10,2025-06-19 00:00:00+00,1
 Cama confortável e roupa de cama limpa  As cortinas não vedam a claridade da manhã,9,2025-06-19 00:03:41+00,1
" Quarto muito espaçoso, com banho bem quente e de qualidade a ducha. A localização é ótima, pois tem muitos restaurantes e bares por perto. Inclusive farmácia na esquina. Um bar no rooftop legal, com bom atendimento.  O elevador em algumas horas é super inconveniente, pois são dois elevadores para os 17 andares, e nem sempre é possível entrar, tendo que esperar duas ou três solicitações. Isso se estiver com pressa desconstrói seu dia.",9,2025-06-19 10:45:10+00,1
" É muito perto dos pontos turísticos .
E o atendimento das copeiras no quarto é excelente.  Seria bom ter mais opções no cardápio é apenas uma sugestão",10,2025-06-19 11:08:25+00,1
 mucha espera en los ascensores para su uso,5,2025-06-19 20:06:47+00,0
"Maravilhoso lugar, tranquilo e super agradável. Quando for em Foz do Iguaçu novamente irei hospedar no Viale.",10,2025-06-19 21:21:17+00,1
"Para um hotel 3 estrelas, precisa melhor as instalações",8,2025-06-20 00:00:00+00,1
 Lugar bonito  Não gostei por que a tv não é smart a internet funciona mal e o ar condicionado não ligava,10,2025-06-20 00:33:12+00,1
Lugar perfeito maravilhoso Buffet de sopas e caldos 🤌🏻,10,2025-06-20 10:25:24+00,1
" Localização muito boa, você consegue ir para os principais pontos turísticos de ônibus ou de uber facilmente. Quarto muito silêncio e aconchegante, a piscina também muito boa pois é climatizada. Os funcionários muito prestativos e simpáticos sempre prontos para te informar e esclarecer dúvidas. Pra mim foi uma experiência muito boa.",10,2025-06-21 10:39:24+00,1
 Excelente  Falto a maquina de cafe,9,2025-06-21 10:43:41+00,1
 A localização é muito boa.  As instalações faziam alguns barulhos recorrentes e o café da manhã apesar de diversos nada era gostoso.,6,2025-06-21 13:05:05+00,0
" Excelente ubicación, acceso a ocio, alimentación y compras a minutos  Tuvimos un inconveniente contratando media pensión, pero fue resuelto y considerado, por lo que nos encontramos muy conformes con la atención. En las fotografías se encuentran algunos detalles que en las habitaciones no, como tazas, vasos y jarra de agua.",8,2025-06-21 15:33:17+00,1
" Muy buena ubicación, en especial para salir a cenar. Muy céntrico para ir a las cataratas y otras atracciones de la ciudad.  La ducha tenía algo de mojo.",7,2025-06-21 23:39:44+00,0
Região incrível e hotel muito pórtico. Ótimo café da manhã e staff. Apenas o elevador deixa a desejar: é muito lento em horários de pico,10,2025-06-22 00:00:00+00,1
" Desayuno magnifico delicioso,ubicacion exelente",10,2025-06-22 03:50:03+00,1
" Melhor localização! Equipe muito prestativa e excelente atendimento. Instalações muito confortáveis. Café da manhã, excelente.  tudo me agrado!",10,2025-06-23 12:47:36+00,1
" desayuno basico e panificados viejos, la ubicacion lo mas valorado.-  te cobran por servicio de cochera un precio extra de 35 reales que no especifican en ningún lugar, solo en el formulario de check in en letra bien chiquita y engañosa hasta abusiva",3,2025-06-23 13:09:47+00,-1
" Localização  Tem poucos elevadores, você demora pra descer, não peça o uber antes de descer!! A cama estava com o colchão afundado, e so tem um ferro de passar roupa que fica no 6º andar!!",7,2025-06-23 16:59:51+00,0
" Televisão não funcionava. Solicitei reparo para recepção, sem sucesso.
Controle do ar condicionado não funcionava.",6,2025-06-23 18:05:33+00,0
" Muy cómodas las camas, el desayuno muy bueno. Repetiría sin duda.",10,2025-06-24 00:29:37+00,1
" Café da manhã , atendimento do pessoal do hotel com muita simpatia  No quarto triplo, ao invés de 3 camas de solteiro tinha duas de casal bem pequenas, eu e minha esposa tivemos que lutar por espaço na cama.
Poderiam ser 3 camas de solteiro",8,2025-06-24 00:30:49+00,1
 La ubicación y el personal  Nada todo muy bien,9,2025-06-24 01:26:44+00,1
 Ótimo hotel com quartos amplos e em excelente localização. Gostamos muito do hotel. Café da manhã também é muito gostoso.  Tudo ótimo. Poderia ter mais de uma tomada próxima às camas.,10,2025-06-24 01:42:19+00,1
 Limpeza. Localização.  Gostei de tudo,10,2025-06-24 12:13:38+00,1
Uma ótima experiência em hospedagem na cidade de Foz do Iguaçu.,10,2025-06-24 20:02:37+00,1
 Hotel bem localizado. Ótimas opções de restaurantes e supermercado próximo ao hotel. Quarto amplo. Excelente café da manhã. Funcionários super atenciosos.  N/A,10,2025-06-24 23:59:42+00,1
" Localização e limpeza  Elevador insuficiente pra quantidade de hóspedes, não é a primeira  vez que fico no hotel e sempre mesma coisa, muita mais muita demora mesmo pra pegar o elevador !",9,2025-06-25 00:01:01+00,1
 Conforto e limpeza impecável,10,2025-06-25 03:36:24+00,1
" Café da manhã muito bom.  E a gentileza e cordialidade de toda a equipe do hotel.  Como o hotel estava com muitos hóspedes, os dois elevadores não davam conta do fluxo e tornavam o deslocamento entre os andares lento.",9,2025-06-25 12:52:04+00,1
 Super Lage mit vielen Restaurants in der Nähe und schöner Ausblick von der Skybar.,9,2025-06-25 19:52:43+00,1
"Pessoal bastante atencioso e ótimo atendimento em geral. Variedade boa de café da manhã e a comodidade de contar com o Sky Bar no mesmo prédio. O hotel fica numa localização muito boa, próximo a restaurantes e bares bem badalados. Gostei muito da experiência.",10,2025-06-25 20:38:37+00,1
 Excelente localização! Confortável e limpo.  Poucos elevadores para o número de apartamentos. Quartos poderiam ter mais iluminação,10,2025-06-27 00:10:20+00,1
" O Viale está de parabéns mais uma vez! Segunda  que eu e minha esposa nos hospedamos nesse excelente hotel, e a segunda experiência só reforçou a qualidade da prestação de serviço da estadia! Quarto confortável, café da manhã completo, localização excelente e particularmente somos fã pelo fato de ter o SKye bar no último andar, onde se tem uma visão de tirar o fôlego de Foz, do Rio Paraná e do Paraguai. Com certeza voltaremos.  Nada.",10,2025-06-27 20:11:42+00,1
"Ótimo hotel bem localizado e com quartos bem silenciosos, próximo a  bons restaurantes e pra quem preferir ir de transporte publico as principais atrações da cidade fica próximo ao hotel. a piscina no rooftop é muito boa pois é climatizada.",10,2025-06-27 22:12:54+00,1
" O hotel é muito bem localizado, em uma rua com diferentes tipos de restaurantes, e próximo de ruas de comércio. O café da manhã tem bastante variedade e os funcionários são muito gentis e prestativos. As instalações são ótimas, quarto confortável, chuveiro muito bom e o prédio tem um rooftop bem interessante. As refeições no restaurante do hotel tem um bom custo-benefício.  Geralmente eu pontuou alguma sugestão de melhoria, mas essa hospedagem foi muito boa.",10,2025-06-27 22:45:09+00,1
" Localização excelente. 
Chuveiro do quarto muito bom.  Apenas dois elevadores pequenos, insuficiente para demanda do hotel. Achamos a cama do quarto pequena e pouco confortável.",8,2025-06-28 00:41:59+00,1
" Café da manhã  A demora do elevador, prejudica quem fica nos primeiros andares",10,2025-06-28 03:24:31+00,1
" otima localização  apenas dois elevadores, ficava congestionado e  demorava muito na saída ou chegada!",8,2025-06-29 20:18:55+00,1
"Excelente hotel, quartos muito espaçosos.",10,2025-06-29 21:37:10+00,1
" Preço, tamanho do quarto e do banheiro  Serviço de quarto não foi feito em nenhum dos dias em que fiquei no hotel. Tive que providenciar a troca de toalhas e retirada de lixo por conta própria, e comprar papel higiênico no supermercado (fornecem apenas um fardo pequeno daquelas toalhinhas que parecem guardanapo). Elevadores completamente insuficientes para a quantidade de hospedes. É barato, mas não vale a pena. Ja fiquei no ibis ao lado e nem se compara. Enfim, consequências da demanda quase infinita de clientes… Erros basicos…",6,2025-06-30 00:12:03+00,0
 Me encantó que me dieron una cuna para mi bebe re lindo y una bañera para poder bañarla! Muy buena atención,10,2025-06-30 00:29:52+00,1
"Localização ótima. Quartos excelentes, café da manhã com muita variedade do atendimento de todos muito bom também. Não tive do que reclamar.",10,2025-06-30 15:39:23+00,1
" Café da manhã muito bom. O atendimento de todos os funcionários também, todos bem educados e solícitos.  O ar condicionado estava com um probleminha, mas informamos para a recepção e eles chamaram o rapaz para resolver o problema.",10,2025-06-30 15:42:14+00,1
"Hotel cumpre bem o que se propõe.
Hotel bem localizado, com um café da manhã dos melhores, quarto amplo, bom banho e estrutura top. Equipe simpática. Já é a quarta vez q me hospedo. A cama não chega a ser das melhores , já merece ser trocada, mas nada que atrapalhe o sono . Nota 9 , e certo q volto. Destaque pra camareira  Wanderleia que arruma o quarto com carinho e transforma as toalha em bonecos de animais, diferenciada.",10,2025-07-01 00:00:00+00,1
"Local maravilhoso!
Hotel limpinho com café da manhã muito bom e bem variado.
A funcionária Viviane que higieniza os quartos muito dedicada e prestativa.
Trabalho impecável.
Foram dias sensacionais em Foz do Iguaçu.",10,2025-07-01 00:00:00+00,1
" Espaço do quarto e banheiro, além do conforto da cama.",9,2025-07-01 00:08:53+00,1
" Localização privilegiada. Boa cama, banho e café da manhã.  Nada que desabone, apenas como sugestão. O nível do Vialle merece que tenha tolhas um pouco melhores.",8,2025-07-01 12:23:06+00,1
" Ótima localização, custo benefício excelente.",9,2025-07-01 14:46:13+00,1
" Desayuno variado, las habitaciones espectaculares, las personas muy amables, el mirador hermoso  Todo es perfecto",10,2025-07-01 20:14:51+00,1
"Excelente lugar, atención y cordialidad de los empresarios",10,2025-07-03 19:41:40+00,1
" Limpeza, instalações, localização  Pedimos uma sobremesa no SKY e, a pavlova e não estava boa como a qualidade do hotel.",9,2025-07-05 13:31:35+00,1
"Estive no Viale Tower 26/06 a 01/07  com minha família, o ponto forte do hotel é a localização. Bares, farmácias e supermercado. Ao lado do hotel passa o ônibus que leva a Argentina no valor de R$ 25,00 por pessoa muito seguro e tranquilo. Próximos tbm a ponte da amizade acredito que 10 minutos de Uber ou taxi. O ponto negativo  no primeiro dia a ducha higiênica estourada foi comunicada a recepção e ñ foi resolvido, limpeza o chão do quarto sujo onde ñ podíamos ficar descalço, chegávamos do passeios a tarde o quarto ainda ñ estava arrumado. café da manhã repetitivo marketing puro. Resumo voltaria pela localização, hotel precisando de manutenção.",8,2025-07-07 00:00:00+00,1
" Hotel excelente, ótima localização, funcionários super educados,  quando voltar com certeza vou ficar hospedada novamente, café da manhã excelente td de ótima qualidade.  Nada a reclamar",10,2025-07-07 10:38:39+00,1
 El desayuno  Nada en especial pero muy caro para lo que es,6,2025-07-07 23:55:23+00,0
"Excelente hotel, tanto pela localização quanto pelo atendimento. Café da manhã bem saboroso, diversificado e com produtos de qualidade.Dsstaque para o mini pão francês ( sensacional). Ganhamos um mimo de boas vindas que amamos. Gratidão 🙏",10,2025-07-09 00:00:00+00,1
"Localização excelente, equipe muito bem treinada e cordial",10,2025-07-09 00:38:12+00,1
" Nice and clean room, really good breakfast for a 3* hotel.",9,2025-07-09 00:54:25+00,1
" La atención de todo el personal,  los de recepción,  las mucamas, los chicos del desayuno y los del rooftop. Además la cercanía a restaurantes. Podes caminar tranquilamente por la zona.  Nada. Lo único es que podrían ser un poco más grandes las camas dobles, pero es un detalle.",10,2025-07-09 12:08:24+00,1
 Tamanho do quarto e da cama,10,2025-07-10 17:22:35+00,1
"Recomendo muito! Um lugar perfeito para ver a cidade de cima, e ainda assistir o pôr do sol e o nascer da lua! Comida boa e preço justo! Segunda vez que venho aqui e sou muito bem atendida pelo Lucas Gonzalez! Indico muito!",10,2025-07-11 00:00:00+00,1
 Muy bien en general. Pero deberían actualizar los sistemas de audio y sonido de las habitaciones  Las alfombras de los pasillos de las habitaciones,6,2025-07-11 10:47:49+00,0
"Ótimo localização e atendimento, com  excelente serviço de quarto, com destaque para as camareiras Vanderléia e Viviana, muito cuidadosas na limpeza e arrumação dos quartos.",10,2025-07-12 00:00:00+00,1
" Diariamente limpieza de habitación y recambio de toallas y toallones. Excelente atención del personal. Desayuno muy bueno. Ubicado en zona gastronómica que permite cenar y no tener que movilizarse en coche por la noche.
La terraza con la piscina inmejorable.....Volveríamos sin lugar a dudas.  Podría mejorar la calidad del desayuno y la atención del Sky Bar en la terraza. Almorzamos un día allí y tardaron una hora para unos camarones empanados y una hamburguesa que llegó con papas frías..... obviamente los tragos ya se habían calentado para cuando llegó la comida.",8,2025-07-12 00:39:35+00,1
"Quartos espaçosos,boa localização,  ótima comida e uma equipe excelente.  Tem ainda um restaurante no terraço que é muito bom. Agradecimento especial pra Ana que nos tratou muito bem.",10,2025-07-15 00:00:00+00,1
"No geral excelente tamanho do quarto, estrutura, beleza, tudo muito bem cuidado, os comentários que vou fazer entenda como sugestão e não como reclamação.
TV poderia ser smartv para podermos conectar com contas de streamings próprios devido as crianças. Papel higiênico ser do tipo rolo e não o modelo de ""pedacinhos"".",10,2025-07-15 00:00:00+00,1
" Local, atendimento, limpeza  Nada a relatar",10,2025-07-15 10:58:14+00,1
" Gostei do rooftop, localização excelente. Café da manhã com Boa variedade.  Cama barulhenta. Se você tem Sono leve, vai se incomodar com o barulho do bares em volta. Para mim não incomodou.",8,2025-07-15 14:43:02+00,1
Hotel top.  Recomendo,10,2025-07-16 02:09:51+00,1
" Ótima localização, perto de tudo. A equipe é educada e dá várias dicas de passeios, bons restaurantes e como economizar com transfers. O café da manhã é bem variado, tudo fresquinho e reposto com frequência. Ficarei lá em minha próxima viagem a Fiz.  Poderia ter um kit de café da manhã gratuito para entregar aos hóspedes em caso de passeio que saia cedo demais, visto que já está incluso o café da manhã na estadia.",9,2025-07-16 09:48:54+00,1
"La ubicación es excelente, la comida, la limpieza, la vista desde la terraza.
El bar, el gym.
Un mozo ( Wiliam) excelente, el más amable y bueno de todos!!
Volvería sin duda",10,2025-07-16 12:16:04+00,1
" Localização, instalações e conforto do quarto. O rooftop eh maravilhoso!  Precisa de mais elevadores, espera-se mto tempo pra conseguir um.",10,2025-07-16 17:57:48+00,1
 Emplacement et gentillesse du personnel,7,2025-07-17 00:08:12+00,0
Ótima localização. Atendimento excelente. A cama poderia ser maior.,8,2025-07-17 01:07:53+00,1
" Esse VIALE é maravilhoso, tudo muito bom. Café da manhã, quarto, banheiro nos sentimos em casa nesses 4 dias. Funcionários educados e solícitos. Maravilha com certeza voltaremos...  Não houve nada que não gostamos.",10,2025-07-17 11:47:00+00,1
 Pessoas muito atenciosas e prestativas.  Toalhas e edredom deixaram a desejar.,9,2025-07-17 15:07:35+00,1
"Gente hoje quando cheguei no quarto me deparei com um cachorrinho lindo feito de tolhas e cobertor, tinha até olhinhos, amei o carinho da Viviane do Hotel Viale Tower em Foz do Iguaçu, realmente me senti especial ainda mais que sou mãe de duas cadelinhas!",10,2025-07-18 00:00:00+00,1
" Localização, limpeza, rapidez no atendimento, atenção dos colaboradores  Precisam renovar as toalhas de banho",9,2025-07-18 00:04:22+00,1
" Excelente ubicación. Limpieza. Desayuno completísimo, rico y abundante. Parcking en el hotel. Se encuentra en una zona muy linda en el centro y con buena vida nocturna. No se lo pierdan.",10,2025-07-18 11:02:50+00,1
 Os elevadores são muito demorados.,10,2025-07-18 14:00:38+00,1
"Tuvimos una experiencia excelente en el hotel. El servicio de limpieza fue impecable y la atención del personal, muy cordial y profesional en todo momento. La comida superó nuestras expectativas por su calidad y sabor, y las habitaciones se encontraban en perfecto estado, ofreciendo gran comodidad. Además, la ubicación del hotel resultó muy conveniente para nuestra estadía. Sin dudas, fue una estancia muy agradable. Saludos desde Argentina. ¡Esperamos volver pronto!",10,2025-07-19 00:00:00+00,1
 A localização é perfeita. Perto de restaurantes e bares.  O quarto é pequeno.,7,2025-07-19 01:51:07+00,0
 Localização,5,2025-07-19 15:18:07+00,0
"Hotel nem bonito, tem elevador para facilitar o acesso!!! O quarto que fiquei com duas camas de casal era de bom tamanho e super aconchegante!!! Cama confortável, local limpo! O banheiro é grande com água quente até na torneira! Café da manhã gostoso com várias opções",10,2025-07-19 22:27:33+00,1
"Muito boa, o hotel é bem localizado, excelente o atendimento dos funcionários",10,2025-07-20 00:00:00+00,1
"Muito bom, gostamos da arrumação do quarto, principalmente os bichinhos feitos pela Viviana, com as toalhas, o café da manhã é ótimo e o hotel tem uma boa localização.",10,2025-07-20 00:00:00+00,1
"Experiência Única.
Hotel em ótima localização, quartos limpos, café da manhã com boas opções e variedades e funcionários muitos atenciosos.",10,2025-07-20 01:11:25+00,1
" Boa localização e equipe muito solicita e educada.  Problema já antigo, hotel conta somente com dois elevadores, hospede fica muito tempo aguardando elevador. Poderiam colocar dois elevadores mais modernos e rápidos.",8,2025-07-21 12:11:22+00,1
"Muito bem localizado, com farmácias, restaurantes e supermercados proximos",10,2025-07-21 22:19:15+00,1
 Pao de queijo do cafe da manha excelente. vista do terraco fantastico  trocar toalhas quando solicitar limpeza do quarto,8,2025-07-21 22:38:23+00,1
"La atención en recepcion no era muy amistosa. Sin embargo, Anderson del Sky bar y restaurant, fue excepcional!",6,2025-07-22 00:00:00+00,0
"As cobertas estavam rasgada e não era higienizadas, as porções do restaurantes muito pequena e o valor bem elevado. Deixou muito a desejar pelo valor do da diária do hotel",4,2025-07-23 00:00:00+00,-1
"Mal servicio de restaurante, quise solicitar una cena, pedí el menú y me contestaron que no tenían, pidiéndome que ingrese a Instagram a ver el menú. Nunca visto…",8,2025-07-24 00:00:00+00,1
"Nous avons fais 2 nuits et c largement suffisant  chambre veillote 2 ascenseur pour 17 étages donc très très galère 
Ménage pas fait on est rentré des chutes à 16h bref...
Un truc positif petit déjeuner pas mal et la pseudo shy vue avec piscine 
Bon pour un passage éclair",6,2025-07-24 00:00:00+00,0
"Desde la recepción insistieron que saque la entrada para el sky bar por sympla, me cobraron, tiro error y nunca se hicieron cargo. Lo único que tenían que hacer es resolver el paso, no darme el reintegro pero la actitud para que el cliente se quede conformo no la tienen. No recomiendo, ya que si tienen un problema difícil que se lo solucionen",2,2025-07-24 16:10:46+00,-1
 Very mice restaurant- Sky bar with very competent staff,8,2025-07-24 22:32:49+00,1
Todo más que bien. Nada para desprestigiar. Me pareció una experiencia maravillosa. Muy buena atención de todos los empleados del hotel. Muchas gracias,10,2025-07-26 00:00:00+00,1
Muy buena la atención y el servicio. Muy conformes. Excelente ubicación.  La pileta es muy linda para los chicos.  Las habitaciones tienen los necesario.,10,2025-07-26 00:00:00+00,1
" Gostei de tudo, !!",10,2025-07-26 10:42:27+00,1
" Os quartos são excelentes, super confortáveis e agradáveis.
Os funcionários são super gentis e atenciosos.
Café da amanhã excelente e delicioso.
A comida do Skybar é uma delícia.
Amei cada detalhe e sem dúvidas me hospedarei novamente caso eu vá para a cidade.",10,2025-07-26 15:47:09+00,1
" Quarto do hotel, receptividade dos funcionários e localização  Não tenho apontamento a fazer.",10,2025-07-27 11:26:48+00,1
" Muy buen desayuno, el personal exelente y muy amable",9,2025-07-27 20:21:06+00,1
"A experiência foi ótima, quartos bons, boa localização. Apenas sentimos falta de estrutura de áreas comuns. Pegamos um dia de chuva e não havia local como salão de jogos ou ambiente para comer no hotel.",8,2025-07-28 00:00:00+00,1
"Nossa estadia foi perfeita quarto limpo,banheiro espaçoso, lençóis limpos,funcionários atenciosos.O por do sol é lindo !!! Café da manhã maravilhoso!!",10,2025-07-28 00:00:00+00,1
"Funcionários atenciosos e prestativos, quarto amplo e confortável e o café da manhã é bem variado",10,2025-07-28 12:35:37+00,1
 Localização  O colchão não  era satisfatório.,8,2025-07-29 10:35:53+00,1
 Sky Bar con hermosa vista de la ciudad y la triple frontera  Pileta muy chica,9,2025-07-31 19:49:01+00,1
"Hotel muito bom - recepcao, atendimento dos profissionais de limpeza, do bar e restaurante excelentes. Tods muito atenciosos",10,2025-08-01 00:00:00+00,1
"Quero agradecer a toda a equipe do Hotel, são extremamente educados e atencioso, tornando a nossa estádia muito agradável",10,2025-08-01 00:00:00+00,1
" Cama grande e confortável  Pouco elevador pra muita demanda, muito tempo de espera 
Café da manhã razoável",7,2025-08-01 00:03:01+00,0
 Excelente ! Localização perfeita. Quarto e banheiro amplos e confortáveis. Ótimo custo-benefício.  Nada,10,2025-08-01 00:08:43+00,1
" Tivemos uma boa experiência em alguns aspectos durante nossa estadia no Viale Tower Hotel. Gostamos bastante do volume e temperatura da água da torneira e do chuveiro — sempre muito bons. A TV do quarto também merece destaque, com bom tamanho e ótima qualidade de imagem.
O Sky Bar foi um dos pontos altos da estadia: ambiente agradável no rooftop, com boas bebidas e pratos bem executados, apesar do cardápio limitado.
No geral, algumas comodidades entregaram uma boa experiência, especialmente para quem busca uma vista agradável e um espaço mais moderno.  Infelizmente, vários pontos impactaram negativamente nossa estadia. A estrutura de elevadores é bastante limitada: são apenas 2 elevadores pequenos (600 kg) para um prédio de 17 andares, e não há elevador de serviço — dificultando a logística dos funcionários e o acesso dos hóspedes, principalmente nos andares superiores.
A reposição de amenidades (sabonetes, shampoo, toalhas e roupas de banho) foi falha em diversos dias, inclusive sem itens suficientes para 3 pessoas no quarto.
O café da manhã tinha boa variedade, mas a reposição dos itens era lenta — em especial do bacon frito, que acabava rápido e não era reposto a tempo.
Outro ponto crítico foi a cobrança do estacionamento, que não foi informada previamente, além de vagas muito estreitas e apenas uma entrada/saída, dificultando a mobilidade.
O quarto apresentou problemas como cortina pequena com mofo, que não bloqueava completamente a luz, isolamento acústico ruim (principalmente no banheiro com drywall), e falta de lixeira nos corredores, obrigando a manter o lixo no quarto.
A estrutura para crianças também decepcionou: o berço tinha rodízios inseguros e um colchão muito rígido para bebês.
Além disso, sentimos falta de tomada 220V no banheiro, informações sobre a voltagem local, e enfrentamos problemas com canais de TV, com canais fora do ar e desaparecendo durante a estadia.
Por fim, o menu do Sky Bar, apesar de bom, poderia ser mais variado.",7,2025-08-01 02:58:08+00,0
"Um hotel  legal, o pronto alto dele é o pôr do sol no terraço.
Achei que o café da manhã poderia ser melhor, chegamos às 9:30 já estava faltando muita coisa.
Quartos bons. Recepção boa, localização boa para turistas, sentido cataratas e argentina.",10,2025-08-02 00:00:00+00,1
"Tudo estava ótimo, café, comida, quartos, limpeza, com destaque ao trabalho da Alexandra, muito caprichosa, fez um lindo trabalho",10,2025-08-02 00:00:00+00,1
" Muy bien el desayuno ,las habitaciones, el lugar muy cerca de restaurante y bares ,  para mejorar el horario de Pileta prácticamente no se puede usar porque el horario habilitado es de 10 am a 18 pm y la mayoría de los días llegas de las excursiones en el horario que no está permitido el uso",9,2025-08-02 10:34:47+00,1
"Hotel maravilhoso, atendimento excelente, funcionários super atenciosos, principalmente o Lucas no bar da piscina e a Ana, que deixava nosso quarto impecável. O pôr do sol no terraço, é imperdível.",10,2025-08-03 00:00:00+00,1
Clean (but not sparking) basic room. Very good breakfast buffet. Rooftop restaurant is fine (service is a little spotty) but it has a great (probably the best) city view.,8,2025-08-03 00:00:00+00,1
"Excelente estadia no Viale Tower. Quarto confortável, limpo, silencioso e ótimo chuveiro. Wi-Fi funcionou muito bem em todos os ambientes. Café da manhã muito bom. Equipe muito simpática. Ótima localização com acesso a ônibus para pontos turísticos, restaurantes e farmácias.",10,2025-08-04 00:00:00+00,1
" A localização é boa , tem bastante restaurante perto, um lindo rooftop. Quarto grande e confortável.  Os quartos da frente tem o problema do barulho dos carros.",10,2025-08-04 19:49:18+00,1
"Excelente atendimento garçom muito Cortez , pessoal da recepção fizeram um atendimento com muito profissionalismo. 
Recomendo",10,2025-08-05 00:00:00+00,1
" Nuevo, limpio, lindo olor, el rooftop muy bueno aunque medio lenta la atencion.",9,2025-08-05 00:45:52+00,1
" Excelente estadia no Viale Tower. Quarto confortável, limpo, silencioso e ótimo banho. Wi-fi funcionou muito bem em todos os ambientes. Café da manhã muito bom. Equipe muito simpática. Ótima localização com acesso a ônibus para pontos turisticos, restaurantes e farmácias.",9,2025-08-05 19:13:55+00,1
Lugar lindo maravilhoso,10,2025-08-05 21:23:45+00,1
"Me gustó que el hotel está limpio, cómodo, céntrico. Tiene muy buen desayuno que se sirve de 6:30am a 10:30am. La alberca estaba a buena temperatura pero no la utilizamos porque el horario es solo de 10am a 6pm, lamentablemente. El buffet de sopas del jueves estaba riquísimo. 
Pequeños contras: El ATM del lobby cobra comisiones muy altas. Los elevadores a veces tardan un poco. 
Saludos desde México.",10,2025-08-06 00:00:00+00,1
"Estupendo hotel, muy bien situado y con un  personal muy amable. Llegamos antes de la hora del chek-in y nos dejaron utilizar la habitación y nos dejaron hacer el chek-aut un poco más tarde.",10,2025-08-06 00:00:00+00,1
"Muy agusto, muy limpio todo y muy agradable la estancia. El buffet muy rico en el desayuno. La habitación en la llegada estaba muy bien, limpieza por parte de Daiana",10,2025-08-06 00:00:00+00,1
" Ubicaciòn, gimnasio, piscina y desayuno.  Nada, todo bien.",9,2025-08-06 01:06:55+00,1
 Quarto confortável. Banheiro excelente. Excelente localização. Excelente café da manhã. Excelente  Muito barulho nos andares mais baixos por conta da rua.,10,2025-08-06 13:50:11+00,1
Muito gostoso. Atendimento do Anderson do bar é 200%.,10,2025-08-06 22:00:58+00,1
"The bed came with only a single bedsheet, no comforter. You have to make your own bed after retrieving the extra pillow and  comforter from the closet.. The bathroom did not provide shower gel and there was no toilet paper. It was a dispenser like in a public bathroom. Rooftop bar manager rude and unfriendly. Breakfast was good. I do not recommend and will not be staying there again.",2,2025-08-07 00:00:00+00,-1
" Breakfast was really good, room very nice and spacious, overall solid place to stay to see the falls without going to hostel or splashing out on an expensive place.  Sounds ridiculous to complain about but the lifts are a joke, it takes so long to get down and up because they are small and there are only 2.",9,2025-08-07 00:14:41+00,1
" Posizione ottima, vicino al terminal bus e comodo all’aeroporto.
Colazione ottima.
Stanza ampia e ottima doccia.
Roof top bellissimo, si vede il Paraguay e la piscina è calda.
Wifi funziona bene.
Lo consiglierei.  È una struttura che avrebbe bisogno di una rinfrescata, alcuni servizi sono obsoleti.
Inoltre in camera c’è un rumore costante legato al generatore di corrente",8,2025-08-07 22:05:25+00,1
 Como aseado el personal muy amable  Todo me gustó,10,2025-08-08 18:37:07+00,1
"Hotel é bom, confortavel, limpo, bem localizado e com boa estrutura. Único ponto que deixou a desejar foi a demora dos elevadores em horários de pico, por estar muito lotado (tem dois elevadores para o hotel inteiro, que tem vários andares).",10,2025-08-09 00:00:00+00,1
"Um hotel espetacular.  Lindo. Atendentes atenciosos.  
Academia !
Café da manha IMPECAVEL ! 
Quarto com camas macias , chuveiro quente,  shampoo e condicionador.  TV a cabo, ar condicionado e WIFI funcionando perfeito !
Sem falar no ROOFTOP  com piscina com borda infinita e uma imagem incrivel do por do sol. 
RECOMENDADISSIMO !",10,2025-08-10 00:00:00+00,1
 tod bien  el ascensor,8,2025-08-10 14:52:34+00,1
" Fiquei num dos quartos reformados, lindo e confortável, adorei!  A iluminação e a decoração",10,2025-08-10 15:12:24+00,1
"Hotel com atendimento rígido e sem nenhum jogo de cintura. Cobram um estacionamento em um valor altíssimo pro carro e ainda incidem os impostos desse estacionamento em sua fatura. Tem uma piscina pequena onde garrafas de vidro são proibidas - o que seria o lógico - em qualquer área de piscina, porém o próprio hotel as vende livremente, com hóspedes entrando com taças de vinho na piscina.",4,2025-08-11 00:00:00+00,-1
"Super recomendo. Sempre fico nele. Funcionários, café da manhã, localização. Tudo ótimo. Bares, restaurantes. Muito bom. Vista do terraço, lindo.",10,2025-08-11 00:00:00+00,1
 L’emplacement et la piscine,8,2025-08-11 14:29:24+00,1
Vista do Sky Bar é um caso a parte. Lindo por do sol.,6,2025-08-11 17:00:01+00,0
"Hotel de 3 estrellas sobrevalorado por su rooftop...
Las habitaciones cumplen, cómodas y limpieza excelente
El restó del piso 17, no cumple, tiene pocas mesas, menu rico pero escaso, no se ve el exterior desde el pequeño salón, por lo cuan da lo mismo si está en el piso 17 o en el 1.
Pedí un café al atardecer y lo fueron a buscar abajo al piso 0, obviamente llegó frío
Pileta pequeña pero bonita. No es calefaccionada como promocionan.
No tiene room service las 24hs.
Cobran el estacionamiento a parte.
El desayuno cumple hasta ahí, poca variedad de frutas y fiambres.
Conclusión hotel lindo, céntrico pero sobrevalorado, por el mismo precio hay mejores opciones.",4,2025-08-11 21:26:41+00,-1
"At the first I was dying of laughter when I saw the welcome Viviane gave us

I really like this person who does his work with love

Impeccable hygiene with a touch of humor what more could you ask for?

Thk you so much ❤️❤️",10,2025-08-12 00:00:00+00,1
" Great hotel, the best I have stayed in Brazil!",10,2025-08-12 02:14:19+00,1
" La posizione vicina a tutti i principali ristoranti e vicino alla fermata del bus, lo staff super gentile, la colazione ottima, la palestra ben equipaggiata e la vista dalla terrazza stupenda  La colazione non aveva opzioni senza lattosio",10,2025-08-12 12:27:36+00,1
 Localização muito boa e café da manha bom. Vista incrível.  Acho que o custo beneficio não vale. Existem hotéis com valores inferiores que oferecem muito mais. Não recomendo o hotel. Hotel tem pouco a oferecer. Inclusive faz cobrança de estacionamento.,7,2025-08-12 15:53:54+00,0
"Hotel muito bom, bem localizado. Rooftop maravilhoso. Vista linda.",10,2025-08-12 17:54:40+00,1
"Hotel bom, preço justo, atendimento cordial da equipe. 
Café da manhã bom, portem falta a mesa posta! 
Limpeza do restaurante precisa ser mais ágil. 
Falta espelho de maquiagem no quarto.",8,2025-08-13 00:00:00+00,1
" Todo impecable desde las instalaciones en general hasta la esmerada atención de todo el personal. 
El desayuno super variado,para todos los gustos.",10,2025-08-13 04:02:00+00,1
"Hotel davvero top, con uno Sky bar unico, mi sono trovato davvero benissimo, lo consiglio a chiunque voglia andare a Foz do Iguaçu",10,2025-08-13 17:20:10+00,1
"Ne pas hésiter à demander un étage supérieur afin  de profiter de la vue.
Il fait vite froid dans la chambre et la télécommande de la climatisation n’est pas très intuitive.",8,2025-08-13 17:56:54+00,1
"Poderia ter almoço ou jantar ja que as quinta feiras tem caldo quente
Janelas dos quartos deixa muita claridade entrar tanto das luzes de fora quanto ao amanhecer.
Aconteceu um impensilio ( o cofre do quarto não abriu ) e precisava do meu dinheiro que estava lá dentro, ia sair para excursão as 7 horas mas o tecnico que abria o cofre só viria as 8 horas, saí sem o dinheiro e tive que usar o cartão de credito ( deixar um tecnico de plantão 24 horas )
Serviço de quarto deixou muito a desejar pois fiquei 4 dias e colocava na porta o aviso para fazer limpeza e só fizeram no penultimo dia por que nos reclamamos que não tinham feito a limpeza.
O café da manhã é Ótimo muitas variedades de alimentos.
Os recepicionistas muito educados e prestativos
Os ambientes limpos e dentro do hotel a temperatura estava Ótima nem sentia o frio que estava lá fora.",10,2025-08-14 00:00:00+00,1
 Todo muy bien. Personal atento y que te ayudan en todo momento. Habitaciones limpias y confortables. Muy recomendado.,9,2025-08-14 08:55:39+00,1
 Limpeza e conforto  Cobrança de estacionamento.,9,2025-08-14 11:01:13+00,1
 O café foi bom  Poderia ter mais elevadoresno,9,2025-08-14 11:47:43+00,1
" Camera silenziosa, grande e pulita. Ogni giorno venivano cambiati gli asciugamani. Bellissimo l'ultimo piano con la piscina riscaldata dove goderti il tramonto con un buon cocktail.
Colazione variegata e abbondante.  Nulla da dire.",10,2025-08-14 17:03:19+00,1
" Sky bar é ótimo, td é mt bom no geral.  Apenas dois elevadores pequenos, e a pia do banheiro demorava pra descer a água.",9,2025-08-14 17:08:24+00,1
"Hotel excelente, em localização, limpeza, atendimento e muito mais. Vale muito a pena ficar nele.",10,2025-08-14 21:19:26+00,1
 Ottima posizione. Camere spaziose.  Staff cordiale  Da rimodernare i bagni,8,2025-08-15 00:33:35+00,1
 personal muy amable y atento.  todo excelente,10,2025-08-15 02:34:34+00,1
" We loved the hotel.
Good location (walkable to restaurants and easy to travel to/from).
great staff (good tips where to eat).
and the gem - great swimming pool!",10,2025-08-15 12:21:24+00,1
"Hotel bem localizado, atendimento incrível e opções do café da manhã bem diversificadas e repostas de forma rápida.",10,2025-08-15 22:08:51+00,1
 Everything was just perfect!,10,2025-08-16 12:58:08+00,1
"Hotel maravilhoso super bem localizado, atendimento impecável, conforto e um ótimo café da manhã. Super recomendado!!!",10,2025-08-17 00:00:00+00,1
"Deja todo muy limpio y siempre me cambia las toallas todos los dias, tambien me agrega más papel higienico y jabones cuando me hacen falta",10,2025-08-17 00:00:00+00,1
" Ottima posizione, staff gentile e accogliente e camere pulite. Hanno a disposizione un servizio taxi da contattare ad ogni momento. Nell’hotel è presente un ristorante e un bar con piscina con vista sul Paraguay.",10,2025-08-17 12:25:21+00,1
 Accueil super personnel très gentil,8,2025-08-17 21:56:52+00,1
"Prijs - kwaliteit is prima. Vriendelijke en behulpzaam personeel. Ontbijt (buffet) is in verhouding tot de prijs van het verblijf. Kortom, wij hebben genoten van ons verblijf in Viale Tower.",8,2025-08-18 00:00:00+00,1
"Room was tidy and comfortable. The breakfast was the usual egg and sausages, fruit. Disappointing that the breakfast was cold and not hot even though we were down just as it opened. Stayed here for one night to visit the Iguazu Falls",8,2025-08-18 08:09:35+00,1
" Lo más hermoso es la vista que tiene el
Hotel  al centro de la ciudad, y las habitaciones son muy lindas, muy limpio todo.",10,2025-08-18 10:12:21+00,1
 Quarto de bom tamanho e a localização excelente.  Tem um bom café da manhã porém cabe melhorar a variedade dado a qualidade do hotel.,9,2025-08-18 13:20:28+00,1
"Ottimo Hotel ! Staff molto cordiale. Colazione super abbondante, sia dolce che salata. Camere ampie, pulite e silenziose. Posizione ottima. Fantastica la piscina all'ultimo piano",10,2025-08-19 00:00:00+00,1
" Localização excelente no centro da cidade e perto de tudo. Fizemos todos os passeios de taxi, e foi muito pratico, tanto as viagens para o Paraguai, quanto para a Argentina. O Hotel tem um bar com piscina aquecida no topo do prédio muito bacana. E varios restaurantes bons na mesma rua. Enfim ! Muito bom o custo beneficio. Recomendo a todos !  Talvez seja normal, pois o hotel estava cheio, porém a única coisa que desagradou um pouco foi a demora dos elevadores !",10,2025-08-19 14:20:16+00,1
"O hotel é bonito, bem cuidado. O rooftop tem uma vista linda com bar.
Ponto negativo que sumiu um shorts que tinha deixado em cima da cama, passei o dia nas cataratas e quando retornei a noite, o quarto estava arrumado e procurei o shorts para trocar de roupa após o banho e não o encontrei. Comuniquei a gerência que ficou de dar uma resposta se o shorts fosse encontrado na lavanderia junto com as roupas de cama e até hoje, mais de 4 meses depois não tive nenhuma resposta.
Não voltarei ao hotel, pois vou a foz todos os anos para passear e fazer compras. Não retornarei a um hotel que não confio deixar meus pertences.",6,2025-08-19 16:28:10+00,0
"Hotel de ótima localização, com bom custo benefício",8,2025-08-20 00:00:00+00,1
" Adorei a estadia , hotel super bem localizado, quarto super confortável, café da manhã bom !",10,2025-08-20 16:37:40+00,1
 Goed gelegen hotel met veel restaurants in de directe omgeving. Prijs/kwaliteit zeer goed. Front desk personeel spreekt goed Engels en is erg behulpzaam.  Trage liften.,8,2025-08-20 20:08:28+00,1
"Ótimas acomodações, serviço de quarto excelente. Arrumação do quarto com muito zelo e limpeza feito por Marina, além do excelente café da manhã.",10,2025-08-22 00:00:00+00,1
" Muito bem localizado para sair à noite…
Perto de vários restaurantes…",10,2025-08-22 01:30:33+00,1
" Excelente custo beneficio
Voltarei  Indico, hospedagem maravilhosa, localizacao",9,2025-08-22 12:08:00+00,1
" Café da manhã muito bom, um funcionário do café muito solicito com todos os hóspedes.  Precisa melhorar cordialidade! Para uma recepção deixou a desejar!",5,2025-08-22 13:47:47+00,0
 O café da manhã é muito bom.,9,2025-08-22 14:14:34+00,1
" Hotel con ottimo rapporto qualità prezzo, vicino a vari ristoranti.
Camera spaziosa e confortevole. Colazione varia e molto buona, sia il dolce che il salato.",9,2025-08-23 01:43:31+00,1
 El desyuno,8,2025-08-23 09:47:00+00,1
" Un hotel nuevo, con un muy buen desayuno buffet y una atención inmejorable. Habitaciones amplias, baños impecables. Terraza y restaurante con piscina en el último piso con vistas a la ciudad y el río, excelente. 
El personal 10 puntos.  La comida a la carta del restaurante era muy estándar, no acorde con la categoría del hotel.  
La ubicación si bien es buena porque es céntrica, tiene restaurantes cerca con música muy alta que no te dejan dormir hasta las 2 de la madrugada.",9,2025-08-23 12:43:48+00,1
" Very good location, close to restaurants and bars, rooftop restaurant and service are good",8,2025-08-23 20:51:37+00,1
"The staff were extremely courteous. The infinity pool on the rooftop is nice. You can see Argentina across the river and the city on the other side. The hotel arranged for a cab to see the falls in the Argentinian side which was convenient. The surrounding are walkable with plenty of cafe, bars and restaurants.",10,2025-08-24 00:00:00+00,1
"Hotel limpio y con los servicios básicos para estar unos días ahí. En general el personal atento y dispuesto a ayudar, pero el último día nos quedamos sin internet y las personas de recepción fueron un poco groseras cuando insistimos en el asunto y al final prácticamente un día no hubo red.
Desayuno bueno y completo.
En general un lugar agradable para estar unos días.",8,2025-08-24 00:00:00+00,1
" L'emplacement est magnifique.
Beaucoup de bons restaurants à côté.
La station de bus qui dessert FOZ DE IGUAZU est à quelques mètres.
Le personnel est accueillant et parle anglais  Rien",9,2025-08-24 13:56:48+00,1
" Conjunto num todo, conforto, hospitalidade, alimentação.  Nihil",9,2025-08-24 18:44:57+00,1
 Amplitud de la habitación  Todo bien,7,2025-08-25 19:03:54+00,0
" Localização  Cafe da manha fraco. Espaço ruim.

E elevadores? Muuuito lentos. Filas sempre aguardando",6,2025-08-26 14:45:13+00,0
" Quarto bem confortável, bem limpo, cama e chuveiro muito bons, funcionários muito atenciosos e gentis. Bem localizado. Saiu um ótimo custo benefício com reserva bem antecipada.  Isolamento acústico não é bom, dava pra ouvir pessoal conversando no quarto ao lado. Só tem 2 elevadores e pela manhã no horário de pico de movimento esperamos mais de 15 min pra conseguir pegar o elevador. Se estiver saindo com pressa é problema. Café da manhã achei poucas opções.",9,2025-08-26 14:59:11+00,1
 Das instalações e localização.  Sem observações,10,2025-08-26 16:47:21+00,1
Hotel jak najbardziej godny polecenia. Dla mnie satysfakcjonujący w pełnym zakresie. Polecam!,10,2025-08-26 19:25:12+00,1
"Atendimento muito bom.
Atendentes prestativos, serviços de quarto excelente, a manutenção solicitada foi atendida muito rapida, café muito bom.",10,2025-08-27 00:00:00+00,1
"Hotel aconchegaste, limpo, instalações bem cuidadas e novas. A localização muito boa. Perto de restaurantes, onde podemos ir a pé, farmácia, igrejas e está localizado no centro para sair de forma rápida a todos os pontos turísticos.",10,2025-08-27 00:00:00+00,1
 La posizione e la camera,10,2025-08-27 13:27:10+00,1
" Stanze pulite, posizione ok, terrazza con piscina e vista! Possibilità di late check in a prezzi onesti",9,2025-08-27 13:29:16+00,1
 Localização  Espaço interno pequeno,6,2025-08-27 21:25:18+00,0
"YONAS excelente!!!!!!!!!!!. Siempre pendiente de cualquier necesidad nuestra. Tuvimos oportunidad  de que nos ayude también en el sector de piscinas  en otras estadías. El es el más dedicado. GRACIAS por tener gente así.
-----
Por otro lado. NOSOTROS somos huéspedes habituales venimos siempre desde hace Años. Pido siempre abitacion  en piso alto , me dieron la 1602 arriba en el 17 los ruidos de sillas  y mesas arrastrándose 👎hasta después de las 12 de la noche. Un problema para descansar.
Las toallas VIEJAS Y DURAS  hay que cambiarlas.👎

Todo lo demás MUY BIEN 👍 👋👋100 puntos.
La atención de todos desde la recepción  hasta las gente de limpieza,  la gente de sector de piscina 100 puntos.!!!!!!!
Gracias por todo. Como siempre volveremos.
                            CARINA LICAUSI
           Y     JUSTO PEREZ CASTELLI.",10,2025-08-28 00:00:00+00,1
"Atendentes muito educados. Hotel super limpinho. Bem localizado. A camareira Viviana é maravilhosa, deixa tudo sempre muito bem organizado e limpinho, muito cuidadosa. O lugar é excelente pra ficar com a família!",10,2025-08-28 00:00:00+00,1
" Colazione abbondante, staff professionale e preparato, camera confortevole e ben climatizzata  Nulla",9,2025-08-28 16:29:45+00,1
"Simplesmente, SENSACIONAL!! Fui na noite que teve caldos e sopas e estava tudo muito perfeito. Parabéns aos funcionários pela boa educação e também pelo bom jantar.",10,2025-08-30 04:06:46+00,1
Local bacana. Colaboradores atenciosos.,10,2025-08-30 18:02:55+00,1
 Muito bem localizado  Péssimo Isolamento acustico,7,2025-08-31 12:48:41+00,0
 Localização  Elevadores demoram muito,8,2025-08-31 14:10:50+00,1
" café da manhã ok  O elevador é o maior problema desse hotel. Tem apenas dois elevadores pequenos que não comporta o numero de hospedes. Varias vezes tive que esperar 5-10 minutos para conseguir entrar, principalmente no horario do café da manhã. 
A nossa chave deu problema TODOS os dias durante a estadia, todos os dias ela desconfigurava e tinha que descer na recepcao para reconfigurar - e isso significa ter que pegar o queridissimo elevador novamente duas vezes. Quando solicitei para deixar a chave na recepcao durante uma saida a tarde não foi autorizado devido consumação (????) e o recepcionista foi bem mal educado (caso a administração queira saber quem foi, foi um homem jovem careca no dia 30/09 no periodo da tarde). 
Para completar, a cereja do bolo foi o ar condicionado não estar funcionando.
Havia aranhas no teto do nosso quarto",5,2025-08-31 14:25:13+00,0
 Everything  I liked it,10,2025-08-31 15:52:58+00,1
"Hotel maravilhoso, bem localizado, café da manhã delicioso, serviço de quarto nota mil. Todos nos atenderam com muito respeito, carinho, são muito atenciosos.",10,2025-09-01 00:00:00+00,1
"Excelente la atención y los servicios. Buena relación calidad precio 
Disponibilidad 
Atención 
Buen trato
Limpieza 
  ..",10,2025-09-01 00:00:00+00,1
"Excelente localização.
Hotel muito bonito.
Quarto Espaçoso e limpo.
Funcionários atenciosos.
Café da manhã muito bom.
Rooftop lindo.",10,2025-09-01 00:00:00+00,1
"Muito bom o local, no centro da cidade, bem localizado com várias opções de comida ao redor e meio perto de tudo da cidade.",10,2025-09-01 00:00:00+00,1
" Localização  Embora sejam duas camas de casais por quarto, a minha cama era com colchão desnivelado e velho. Em resumo o colchão estava fundo na lateral esquerda e mais alto no centro. Com isso eu dormia mau. Precisam trocar o colchão.",7,2025-09-01 08:20:29+00,0
 Colazione e stanza,8,2025-09-01 13:34:39+00,1
"muito confortavel, a portaria também é agil e o café da manhã muito bom! Possui estacionamento proprio e vagas rotativas",10,2025-09-01 17:24:05+00,1
"alguns diferenciais desse hotel: Localização perfeita para quem gosta de sair a noite, bom atendimento, bom café da manhã e quarto com bom tamanho.",10,2025-09-02 00:00:00+00,1
 Localização e café da manhã excelentes  Demora dos elevadores e as toalhas de banho muito pequenas e finas … parecendo lixas no corpo,8,2025-09-02 15:48:48+00,1
Ótimo custo benefício. Excelente localização e atendimento. Restaurante muito bom e com preço justo.,10,2025-09-03 00:00:00+00,1
" Hôtel classique : tout ce qu’on attend, rien de plus, rien de moins. 
Personnel à l’accueil qui parle anglais mais pas spécialement accueillant. Personnel à la piscine et au rooftop qui n’en a que faire des clients. Nous avons attendu plus de 20 minutes nos cocktails alors que nous étions les seuls au bar. 
Petit déjeuner varié et bon.  Temps d’attente trop long aux ascenseurs.",9,2025-09-03 15:15:09+00,1
 Las instalaciones  No da abasto el ascensor...muy poca capacidad para tanta gente,9,2025-09-03 20:28:46+00,1
"Fiquei hospedado no Viale Tower em Foz do Iguaçu e tive uma experiência excelente. O hotel é muito bem localizado, com uma vista linda e estrutura confortável, mas o que realmente fez a diferença foi o atendimento da equipe.

Quero destacar especialmente o Jonas e a Naiane, que foram extremamente atenciosos e prestativos durante toda a estadia. Sempre solícitos, simpáticos e dispostos a ajudar em qualquer detalhe, o que deixou nossa experiência ainda mais agradável.

Com certeza recomendo o Viale Tower tanto pela qualidade do hotel quanto pelo carinho e dedicação do time de funcionários. Pretendo voltar!",10,2025-09-04 00:00:00+00,1
Melhor hotel e café de Foz. Destaque para o atendimento de Jonas que no café da manhã não mede esforços para  atender os pedidos dos hóspedes. Conseguiu para nós as famosas empanadas que desta vez não estava disponível.,10,2025-09-04 00:00:00+00,1
" Quarto espaço, moderno e limpo e café da manhã muito bom também. A localização do hotel é muito boa, com restaurantes e boas opções ao redor.

Além disso o estafe foi muito prestativo. Esqueci o carregador do meu notebook no quarto, e quando entrei em contato me informaram prontamente que encontraram e estava separado para que eu buscasse.",10,2025-09-04 19:46:43+00,1
 Rooftop  Café da manhã,7,2025-09-04 21:15:49+00,0
" Café da manhã bom, quatros confortáveis e amplos.  Elevador demorava muito!",7,2025-09-04 23:29:08+00,0
Nota 5. Ótimo atendimento dos garçons. Ótima localização. E o rooftop no alto do hotel é demais!! Restaurante bom e com preços honestos nos pratos!!,8,2025-09-05 00:00:00+00,1
" Excelente. Hotel super confortável e muito bem localizado, ao lado de vários restaurantes. Ponto estratégico para se deslocar em Foz nos diferentes pontos da cidade (Ponte da Amizade, Marco das 3 Fronteiras e Cataratas). Ótimo custo benefício.  Nada a declarar",10,2025-09-05 10:40:56+00,1
 Ubicación  Iluminación en la habitación,7,2025-09-05 11:16:15+00,0
" La ubicación es excepcional! El desayuno es genial, sería bueno incluir leche vegetal!!  La comodidad de las camas, el cubrecama no lo sentí limpio",9,2025-09-05 13:03:42+00,1
O melhor de Foz.,10,2025-09-05 14:23:07+00,1
" Tudo muito bom, limpeza nota 10, roupas de cama e banho nota 10, quarto bem grande, café da manhã ótimo, funcionários educadíssimos e preparados. O terraço do hotel tem um Restaurante e Bar com um por do sol impressionante.  O hotel é bem grande e possui apenas dois elevadores, nos horários de pico, levávamos de 5 a 10 minutos para conseguir entrar. Ficamos no 15º andar.",10,2025-09-05 17:43:45+00,1
" Limpeza, atenção dos colaboradores",9,2025-09-05 19:20:11+00,1
" Sempre que viajamos a Foz nos hospedamos no Viale! O hotel atende nossas expectativas e a relação custo benefício é muito boa. Dos funcionários da recepção, café da manhã (em especial Jonas) até  a equipe de camareiras sao maravilhosos e atenciosos. O colchão e travesseiros são muito bons e o café da manhã um espetáculo a parte... as empanadas uma marca que não pode faltar. Com certeza indico e volto sempre.",10,2025-09-06 00:47:40+00,1
" Já fiquei algumas vezes no hotel e sempre saio encantada com os funcionários, o pessoal da cozinha são muito atenciosos. A localização é PERFEITA.  Nada",10,2025-09-06 20:30:30+00,1
"La habitación no tenia smart TV y no me parece en un hotel de su categoria  ,tuve problemas para cargar mi celular por el tipo de enchufes que hay en la habitación y creo que lo minimo era que recepción me facilitará un adaptar en calidad de prestamo y no querer venderme, eso deja mucho que desear del servicio al turista.",6,2025-09-08 00:00:00+00,0
" Excelente café da manhã, boa acomodação de cama e espaço do apartamento adequado. Equipe simpática e eficiente, com  ótima localização, várias opções de restaurantes próximos.  Apartamento escuro (poucas luzes) e deveriam oferecer ferro/tábua de passar no apto, ou pelo menos o local para passar roupa deveria ser melhor estruturado (tábua estava solta/quebrada). Não há pendurados de toalha e roupa no banheiro o que é muito inconveniente.",7,2025-09-08 10:39:05+00,0
" Quarto é grande e com duas camas de casal, chuveiro é otimo e o café da manhã é farto  Os dois elevadores não dão conta do movimento",10,2025-09-08 11:02:54+00,1
 Sim  Quartos muito confortável,9,2025-09-08 16:18:14+00,1
 Localização ótima. Equipe cordial e solicita. Bom café da manhã e limpeza dos quartos  Cama e travesseiros ruins pelo preço da diária.,8,2025-09-08 17:50:07+00,1
 O atendimento esteve dentro das minhas expectativas.,8,2025-09-08 19:03:52+00,1
"Estivemos hospedados de 5 a 9 de setembro/2025, como toda avalição que faço procuro ser justa nos prós e contras. A localizção é o que o hotel tem de melhor, central, perto de bons restaurantes, supermercado e de fácil acesso aos pontos turísticos. Tem um rooftop no 17 º andar bem charmoso, uma vista íncrivel e uma pequena piscina aquecida, o bar também é bom... Quanto ao quarto, a duxa é maravilhosa, roupas de cama e banho novas, um bom armário para roupas, cofre, e tv com bons canais, o problema é a cama, muito ruim!! cama barulhenta e com aqueles colchões de mola que quando um vira na cama o outro vira junto, outro problema é o elevador em horário de pico, se tiver compromisso melhor se antecipar...
 O café da manhã tem variedade de ítens, porém  todo dia a mesma coisa, os bolos e massas doces não estavam frescos, para quem fica vários dias hospedado não é agradável.. No geral nada compromoteu nossa estadia ,  tem potencial para ser melhorado então dou nota 8",8,2025-09-09 00:00:00+00,1
" Hotel excelente, superou nossas expectativas!! 
Fiz esta viagem com meus pais e amamos o hotel! Quarto espaçoso, camas e travesseiros confortáveis, muito limpo, ducha maravilhosa e bem quentinha. As camareiras (Alessandra e Viviana) queridas deixavam tudo sempre muito limpo e arrumado, além de bonequinhos de toalhas diferentes a cada dia haha adoramos! O frigobar tem água de 1,5L o que facilitou muito na chegada a noite, achei um ótimo diferencial. O café da manhã também gostoso e variado, começando bem cedo (6:30) o que é ótimo pros dias de passeio. O rooftop é incrível com um restaurante com comidas muito gostosas e preço muito justo, foi um diferencial top após chegar dos passeios e poder jantar ali sem se preocupar onde ir e comendo muito bem. Excelente localização, bem no centro com muitos restaurantes, farmácias, posto no entorno. 
Vimos muitas reclamações da demora dos elevadores e não achamos um grande problema, demora um pouco aos fins de semana mesmo, mas nada que uns 5 min esperando não resolva. Com certeza ao voltarmos em Foz ficaremos no mesmo hotel, super recomendo!  Sugestão de melhoria: as opções doces do café da manhã deixaram muito a desejar, nenhum salvou.. e os pães em grande parte estavam mais duros e não frescos. Mas nada que tire nota do hotel, só sugestões mesmo.",10,2025-09-09 00:33:49+00,1
 Camas confortáveis  Não gostei das toalhas de banho. Péssima qualidade,8,2025-09-09 18:44:11+00,1
"Hotel excelente, pelo seu padrão,  excelente,cuidado nas dependências do quarto,  carinho  com o fatode ter uma criança especial e atendimento impecável durante toda hospedagem. 
Recomendo sem menor dúvida o hotele também  a sua localização é perfeita.",10,2025-09-10 00:00:00+00,1
"Hotel muito bom, pessoal da recepção super atenciosos 
Camareiras e pessoal de serviço muito atenciosos e prestativos",10,2025-09-12 00:00:00+00,1
"Gostei demais do hotel, quarto excelente e com uma limpeza impecável das camareiras. É um hotel localizado no centro, perto de tudo e da pra fazer a pé muita coisa",10,2025-09-13 00:00:00+00,1
"Privacidade é questionavel, o rapaz que organiza o frigobar abriu a porta sem nem perguntar se havia alguem dentro do quarto, mesmo com o cartão na base energizadora. O quarto é espaçoso, mas a TV não ser smart é um problema. E o elevador se torna impossível pegar no horario do café da manhã, o hotel é todo vertical, com 17 andares e apenas dois elevadores. Na saida tambem estavam me cobrando diarias de estacionamento mesmo sem ter utilizado. Quem quiser ir pela experiência é bom, pois o sky bar é muito bonito, mas não indico ficar todos os dias da viagem.",4,2025-09-13 00:00:00+00,-1
" Hotel perto de tudo,  restaurantes, cafés, farmácia, pode fazer tudo a pé. café da manhã excelente, bem completo!! A estrutura do hotel é muito boa, está tudo bem novinho!! Amamos e voltaríamos com certeza!  A academia acho que precisa de manutenção nos aparelhos (o encosto estava bambo e a espuma onde colocava o pé estava rasgada, o que machucava um pouco). 
E no quarto acredito que é necessário a mudança na iluminação - não há uma lâmpada central, apenas ao lado da cama e na entrada do quarto. Outra coisa muito ruim foi ter uma tomada na cabeceira, bem no meio, toda hora a gente esbarrava e com risco de quebrar o carregador.",10,2025-09-13 01:17:33+00,1
" Me gustó el desayuno fue impecable, todo estaba muy limpio. La habitación estaban bien ordenada y limpia.  No me gustó que el wifi no funcionaba, el guardia no era amable y fuimos tres personas, en la habitación solo teníamos toalla para dos personas y jabón para una persona.",2,2025-09-13 13:20:17+00,-1
" La ubicación, personal amable  El Hotel está muy descuidado, antiguo",5,2025-09-13 13:45:44+00,0
Hotel com excelente localização!!,10,2025-09-14 00:00:00+00,1
" Ótimo atendimento na recepção. O quarto é amplo, cama confortável.  No quarto tem espaço para guardar e arrumar as roupas, cofre, espelho de corpo todo. Boa iluminação no quarto. Amenidades básicas. Café da manhã bom, Ótima localização. Tem uma vista linda na área da piscina. O restaurante tem boas opções. Gostei do sabor da maior parte dos pratos que pedi.  Atendimento do bar/restaurante na área da piscina. Oscilou entre muito bom e ruim. Não sei se por estar sozinha, eu parecia invisível em alguns dias.  Em um por do sol , fui lá para pedir algo, pessoas chegaram depois de mim, comeram e eu sequer havia sido atendida e sequer recebido o cardápio, mesmo olhando para os garçons e tentando chamar. Em uma noite, após muito esperar acabei desistindo e indo jantar em outro local.  Nos dias em que fui atendida gostei da comida em geral.",9,2025-09-14 19:33:22+00,1
"Muy buena opción. El hotel está bonito, recámara amplia y cómoda, la terraza agradable y hay varios restaurantes cerca.",10,2025-09-15 00:00:00+00,1
" • Große Frühstücksauswahl
• Fitnessraum mit den westentlichsten Gerätschaften
• Rooftop mit Aussicht + Bar und Restaurant (sogar vegetarische/vegane Optionen)
• Lage -> umgeben von zahlreichen Restaurants und Bars",10,2025-09-15 00:46:33+00,1
" Localização muito boa, próximo a restaurabes e bares. Ótimo café da manhã com variedade. Acomodação confortável e limpa  O elevador era sempre bem demorado - talvez a programação do equipamento possa ser alterada. Mesas do café da manhã muito próximas (podem ser menores)",10,2025-09-15 01:01:06+00,1
" Café da manhã gostoso, só achei meio fraco acredito que poderia ter mais opções o ambiente ser mais confortável, dependendo do horário fica muito apertado o lugar  Café da manhã
Elevador muito demorado
Valores para consumo interno muito caro 
Profissionais não qualificados para utilizar o prime gourmet",6,2025-09-15 09:53:59+00,0
" Hotel Limpo, Bem cuidado, Funcionarios Educados e Atenciosos, Bom Cafe da Manhã.  17 Andares para somente 2 Elevadores Pequenos pelo Dimensão e capacidade do Hotel.
Toalhas de Banho já Bem Gasta e um Pouco Asperas ( Deveriam Substituir por Toalhas Novas.",8,2025-09-15 10:54:42+00,1
" Muito bem localizado, cheio de opções de restaurantes e comércio nos arredores.
Facil acesso ao Paraguai e Argentina. Ponto de onibus para Argentina à 50m.
Ótimo atendimento.  Colchões estão bastante usados, pedi para trocar o quarto pois a cama estava afundada, mesmo a “nova” cama não estava boa.
Estrutura um pouco antiga, elevadores bem lentos, como o prédio é alto e costuma estar cheio é bem difícil utilizar o elevador em horarios de pico.",7,2025-09-15 12:18:41+00,0
" El
Desayuno , atención recepción , piscina deliciosa  Sin comentarios",10,2025-09-16 01:50:30+00,1
"Hotel excelente, quartos ótimos, amplos, funcionários atenciosos e gentis, café da manhã farto e variado, bem localizado, adorei, voltaria com certeza!",10,2025-09-16 11:29:51+00,1
" Limpeza, conforto, presteza dos funcionários em geral. É visível a boa vontade p resolver eventuais reclamações. Se continuarem assim, com certeza vão seguir rumo à excelência👏🏻👏🏻👏🏻  Elevadores absolutamente incompatíveis com a acomodação. Cada vez q vc precisa usá-los, tem q ter muita paciência p esperar!
O hotel precisa de toalhas novas! Acho q 90% já são muito usadas e o cheiro está entranhado nelas. Isso precisa ser revisto!
Pedimos no Sky Bar do hotel 2 hambúrgueres no quarto, no valor de 35 reais cada, e a carne estava com mais nervos q hambúrguer do bar do Zé da esquina. Inadmissível! Reclamei, obviamente. E o hotel só cobrou 1, pq a minha esposa não conseguiu nem comer😞",9,2025-09-17 15:13:25+00,1
" Nothing  The rooms are really old, the bathroom was falling to pieces.",1,2025-09-17 20:50:34+00,-1
"Hotel muito bom, localização excelente, próximo de ótimos restaurantes e bares, café da manhã com muita variedade, só deixa a desejar na arrumação do quarto, ficamos uma semana e tivemos problema com a limpeza durante uns 3 dias, só melhorou depois que reclamamos direto para a camareira.",10,2025-09-18 00:00:00+00,1
"Hotel organizado, limpo , atendimento tanto na recepção,no café da manhã e na limpeza dos quartos fomos muito bem atendidos. Viviane sempre muito atenciosa.",10,2025-09-18 00:00:00+00,1
" The smell when you enter the lobby is great, it's something small but we both noticed immediately when we arrived. Overall the hotel looked really clean and quite new. The room was super spacious, clean and had an amazing view. The bed was super big and comfy. The bathroom was clean and well maintained. There was plenty of choice for the breakfast as well. It was a great stay in the hotel and the staff was super friendly. Would definitely stay again!  First hotel room made a very noisy sound, like a super loud zoom as if something was wrong with the AC. They offered us immediatly another room and everything was solved immediatly. The staff was super kind. 
Considering the number of rooms, the two available elevators often felt insufficient and led to occasional queues.",10,2025-09-18 12:02:19+00,1
Es muy buena la atención,10,2025-09-18 12:32:38+00,1
"Minha estadia foi mto boa e tranquila no hotel Viale tower.
Funcionários mto atenciosos. O hotel no geral mto limpo e organizado. Café da manhã bem farto. Localização excelente.
Destaque para a funcionária Silvana , ela que cuidava  da limpeza dos quartos no andar que fiquei  . Tudo feito com mto capricho, gentileza e empatia.",10,2025-09-19 14:22:50+00,1
"Atendimento e localizacao otimos.
Cafe da manha excelente",8,2025-09-20 00:00:00+00,1
"A estadia no hotel foi muito agradável. O quarto é limpo, o atendimento de toda a equipe é ótimo e o bar na cobertura é excelente.",10,2025-09-20 00:00:00+00,1
" Localização, à VISTA...
Atendimento impecável...
Próximo de tudo, Barres, Restaurantes...  Do café da manhã, em parte 😃 Cuscuz não estava bem cozido. 
Às frutas grande parte muito ácida.
Muitos doces...",10,2025-09-20 01:12:05+00,1
 Acomodação confortável,8,2025-09-20 13:38:29+00,1
" Limpio, ordenado, personal atento. Desayuno variado y buena ubicación y bella estadía",9,2025-09-21 16:57:36+00,1
 O café da manhã tem pouca variedade,8,2025-09-21 19:27:35+00,1
" Localização central 
Ótimo rooftop",10,2025-09-21 20:02:21+00,1
"Hotel muito bem localizado em Foz, perto de vários restaurantes. Quarto espaçoso com banheiro com espaço legal.Café da manhã padrão mas com boa reposição.
Ótimo custo beneficio.",10,2025-09-22 00:00:00+00,1
" O quarto tinha um tamanho excelente, estava limpo e a cama era bem grande e confortável. O Hotel dispunha de boa piscina. E o diferencial foi o atendimento que recebemos da equipe. Todos muito solícitos e receptivos.  O café da manhã poderia ter pães mais frescos. Todos pareciam requentados. No mais, estava tudo ótimo.",10,2025-09-22 20:06:03+00,1
"O hotel fica em uma região privilegiada para quem gosta de bares e restaurantes tudo pertinho.
A cidade eh linda e limpa.
Os funcionários educados.
Nos bar da piscina, os meninos ""garçons"" precisam ficar um pouco mais atentos aos pedidos.
Café da manhã muito bom! Tem muitas variedades.",8,2025-09-23 00:00:00+00,1
" Limpeza  Sem
Comentário",9,2025-09-23 11:10:51+00,1
"Wir waren für 3 Nächte hier.

Es war rundherum alles gut.

Personal am Empfang spricht (teilweise) Englisch.
Sie sind sehr hilfsbereit wenn um das Organisieren von Ausflügen geht, wie die Taxifahrt nach Argentinien oder die Organisation einer Wäscherei.

Top!",10,2025-09-24 00:00:00+00,1
 todo  nada,9,2025-09-24 12:12:18+00,1
Chegamos no quarto e havia um elefantinho feito com toalha na nossa cama com dois olhinhos. Minha filha adorou!!  Achou muito fofo!,10,2025-09-25 00:00:00+00,1
" Café da manhã muito bom, foram bastante gentis em abrir o café mais cedo no dia que precisamos.
Por do sol no 17° andar muito bonito.  Elevador tem hora q demora muito.",10,2025-09-25 19:30:27+00,1
O quarto super amplo e a limpeza impecável. Toda a equipe do Hotel é muito educada,10,2025-09-26 00:00:00+00,1
"O corpo de funcionários é muito bem preparado e solicito em atender nossas demandas. 
As camareira Viviana sempre deixou o quarto muito bem arrumado e foi atenciosa com nossas demandas.",10,2025-09-26 00:00:00+00,1
Excelente hotel. Bom café da manhã. Roodtop aconchegante. Tinha música ao vivo em quase todos dias. Uma comida saborosa.. preço justo.,10,2025-09-27 00:00:00+00,1
" Quarto confortável com espaço suficiente. O banheiro é bem espaçoso. Café da manhã com muitas opções e comida deliciosa. O restaurante no topo do prédio oferece boa opções de pratos.  O hotel possui apenas dois elevadores, número insuficiente para a quantidade de quartos. A espera chegou a cerca de 10 minutos em algumas ocasiões.",9,2025-09-27 16:04:29+00,1
"Excelente hotel, ótima localização e funcionários simpáticos, prestativos.

Especialmente tecer elogios para a simpatia e pró-atividade de Jonas que está todo o tempo preocupado se tudo está excelente. 

Até a limpeza ele se presta a fa,er. Não espera ninguém.",10,2025-09-28 00:00:00+00,1
 Excelente  Pouca variedade de pão no café da manhã,9,2025-09-28 14:41:38+00,1
" Boa localização, preço justo e café da manhã excelente.  Nada a registrar",8,2025-09-29 12:40:22+00,1
" Da limpeza, das comodidades (tv, ar condicionado, frigobar). Cama com colchão muito bom!  Gostei de tudo!",10,2025-09-29 13:32:57+00,1
" Localização, instalações bem cuidadas, funcionários prestativos, café da manhã farto e bem servido  Nada",10,2025-09-29 13:55:00+00,1
 Hotel Excepcional!! Nos encanto todo!,10,2025-09-30 21:13:44+00,1
"The worst part is the light at the hallway
Everytime I stepped out the elevator or the room, it was remain dark at least 30 seconds.
The sensor is response too slow",6,2025-10-01 00:00:00+00,0
"No geral o hotel tem um custo-benefício muito bom!
Única experiência ruim foi com um funcionário responsável pelo estacionemento do hotel. Grosseiro, mal educado e despreparado.",8,2025-10-01 00:00:00+00,1
 Localização perfeita  Estacionamento pago do lado de fora,10,2025-10-02 17:16:19+00,1
Que trabalho maravilhoso da  profissional Viviana um capricho com a limpeza do quarto muito limpo muito cheiroso 😍👏👏👏,10,2025-10-03 00:00:00+00,1
"Excelente localização.  Atendimento ótimo. Quarto espaço e bem limpo
. Camas ótimas. Café da manhã bom. Equipe de atendimento excelente",10,2025-10-03 00:00:00+00,1
"Excelente hotel, com ótima localização no centro da cidade, próximo de inumeras opções de alimentação e de boa área comercial. O nosso quarto, de bom tamanho e localizado no 14º andar com agradável vista externa, tinha todos os recursos para uma boa estadia: pequena geladeira, bancada com cadeira, televisão plana e wifi disponível. Camas confortáveis e roupas de cama limpas. Banheiro de bom tamanho, toalhas limpas, chuveiro com aquecimento central e o básico de itens de higiene pessoal. O café da manhã, que estava incluso, é de boa qualidade e bem servido e farto. O hotel tem várias salas de reuniões e uma pequena sala de ginástica.  A piscina fica na cobertura, num deck com um bar (interno) e algumas mesas, possibilitando uma excelente vista panorâmica da cidade, do rio Paraná e da cidade paraguaia de Ciudad de Leste. Se for um dia de sol, pode-se observar e avistar um magnífico entardecer. O atendimento, tanto da recepção quanto da camareira e do salão de café é bastante cordial, solícito e amistoso. Fizemos 5 pernoites no hotel, juntamente com a esposa, e recomendamos, assim como retornaríamos numa próxima oportunidade. O custo/benefício é justo e compatível.
Registramos algumas observações que consideramos importantes:
-o café se inicia diariamente às 6h30. Como normalmente o hotel recebe muitas excursões, há lotação do salão e até fila (característica de hotéis de cidades turísticas). Por isso, deveria se iniciar às 6h, para haver uma melhor distribuição de usuários (tanto hóspedes como avulsos que comparecem de fora).
-pela razão exposta no item anterior, os elevadores ficam totalmente congestionados. Quem se hospeda em andares altos, fica impossibilitado de retornar ao quarto ou mesmo descer para a recepção sem que haja perda de tempo significativo.
-dar uma atenção à manutenção geral: no nosso quarto, havia uma infiltração de água da chuva pela janela e que empoçava no parapeito (alertamos a camareira, que colocou algumas toalhas para absorver a água e não escorrer para dentro do quarto). Havia também um escape de água através da junção das portas do box, que encharcava o tapete de chão ao se tomar banho.",10,2025-10-03 00:00:00+00,1
" Ótima localização (com várias opções gastronômicas ao redor), café da manhã bem servido e vista linda do rooftop, com piscina. Os funcionários também foram bastante simpáticos e solícitos durante a minha estadia.  Achei o serviço do restaurante demorado. No dia em que fui almoçar, era a única hóspede no local e demorou cerca de 40 minutos para o prato chegar. Também há uma cobrança de taxa municipal acrescida na diária do qual não fui informada ao fazer a reserva pelo booking, e nem no momento do check-in, apenas ao fazer o checkout. A limpeza dos quartos começava muito tarde, às 14:30 e geralmente nessa hora eu já havia voltado p hotel e queria descansar. Ou seja, o quarto não foi limpo nos 3 dias que lá estive. E faltou o hotel oferecer amenities de banho para valorizar a estadia do hóspede…",8,2025-10-03 02:51:43+00,1
"O único problema foi o elevador, que demorava muito. Fora isso o local é excelente.",10,2025-10-04 00:00:00+00,1
"Tudo no hotel foi maravilhoso. Estivemos em Foz no período de 12 a 15 de setembro, eu, minha irmã e minha filha. Fomos extremamente bem recebidas e acolhidas. Café da manhã nota 10! Quero destacar a recepção no turno da madrugada, pois os colaboradores Augusto e Everton foram excelentes quando nos ofereceram um café e eles mesmos fizeram pra nós quando chegamos de volta após passeio.
Destaque também para a camareira Lilian, que deixou nosso quarto impecável todos os dias e nos atendeu de forma bem ágil! Voltarei com certeza, amei as facilidades e a localização do Hotel.",10,2025-10-04 00:00:00+00,1
"Localização bacana, perto de restaurantes e não é nada difícil pra visitar os pontos turísticos",10,2025-10-04 20:10:30+00,1
"Nossa experiência foi muito boa.  Café da manhã bem variado sempre repondo, quartos sempre bem limpos. O hotel estava bem cheio.",8,2025-10-05 00:00:00+00,1
"Hotel muito bem localizado, com diversos restaurantes, farmácias e supermercado próximos.
Quarto espaçoso, banheiro novo e com tudo funcionando perfeitamente.
Cama excelente e chuveiro ótimo.
Café da manhã muito variado e com tudo de boa qualidade.
Destaque especial para o Jonas, sempre simpático e solícito durante os cafés da manhã. 
Check in e check out muito rápidos e simples.
Gostei muito da minha hospedagem e pretendo voltar quando retornar a Foz do Iguaçu.",10,2025-10-05 00:00:00+00,1
"Hôtel parfaitement situé proche des restaurants et rues commerçants. Possede une belle piscine sur le toit et un très beau panorama sur les trois frontières (Paraguay, Argentine, Brésil) Chambre très propre et literie confortable.  Le petit déjeuner est copieux mais une partie du personnel consacré au service est désagréable. Dommage.",8,2025-10-05 07:23:37+00,1
"Ótimo atendimento, atentendes muito educados. Ótima localização, fácil locomoção aos pontos turísticos. Varios restaurantes ao lado do hotel. Boa acomodação.",10,2025-10-06 00:00:00+00,1
"Hermoso hotel. La habitación muy cómoda. Las instalaciones del hotel impecables. La piscina me encantó. El gimnasio tiene todo lo necesario para hacer una buena rutina de ejercicios. El desayuno 10 puntos, mucha variedad de comidas e infusiónes. El personal 9 puntos, podrían aprender a hablar español. Heberton ( o Everton, no sé cómo se escribe) un genio total, es muy amable y atento. 
Viviana una genia nos dejaba la habitación impecable. 

Les recomiendo a todos los que vengan a Foz Iguazú a hospedarse acá en Hotel Víale Tower .",10,2025-10-06 00:00:00+00,1
" O café da manhã poderia ter mais opções de frutas e raízes, no entanto, atende as expectativas.",10,2025-10-06 16:18:26+00,1
" Hotel muito bom. Bom café da manhã e acomodações muito confortáveis. O rooftop tem um pôr do sol lindo do lado do rio Paraná. Ótima vista da cidade.  A piscina encerra às 18h. Você chega no hotel no final da tarde e não pode usar a piscina. Ela é bem pequena, porém com água na temperatura certa.",9,2025-10-06 22:02:44+00,1
"Hotel muito bom no geral. Ponto ruim é só o sistema de elevador (apenas 2) quem se hospeda nos andares baixos ele já chega lotado. Restaurante no rooftop com cozinha excelente, boas opções de drinks e bebidas. Parabéns a limpeza e pelo serviço impecável da Silvana. Checkin um pouco confuso nas informações das reservas.",8,2025-10-07 00:00:00+00,1
" Localização excelente com vários restaurantes perto do hotel. Havia também farmácias, loja de conveniência e padaria. Tinha até uma igreja perto e uma biblioteca pública. Uma ótima dica é almoçar no restaurante do Senac escola que fica pertíssimo do hotel. Menu com entrada, prato principal e sobremesa.  Variação de pães no café da manhã",9,2025-10-07 20:21:46+00,1
A propriedade está muito bem localizada na região. Os funcionários são atenciosos.,10,2025-10-08 00:00:00+00,1
"Ótima localização, ótimo café da manhã.",8,2025-10-09 00:00:00+00,1
" Limpeza
Espaço do quarto
Ducha
Wi-Fi  A piscina fecha mto cedo",10,2025-10-09 11:19:39+00,1
"Encantos com a estrutura, atendimento, em destaque o visual maravilhoso da piscina",10,2025-10-09 13:48:47+00,1
 La atención de sus trabajadores  La televisión habia mucha interferencia,10,2025-10-09 19:15:22+00,1
"Quarto limpo, confortável, espaçoso, localização ótima. Funcionários muito atenciosos e educados. Apenas os elevadores são muito lentos.",10,2025-10-10 00:00:00+00,1
 La habitación era muy comoda y amplia.  Nada que decir,10,2025-10-10 00:21:51+00,1
"Muy buena instalación, la comida muy variada y muy buena",10,2025-10-10 08:49:07+00,1
Boa,8,2025-10-11 00:00:00+00,1
 Localização  Zero,9,2025-10-11 11:00:46+00,1
Nada a reclamar ! Tudo perfeito !,10,2025-10-12 00:00:00+00,1
 Localização e piscina  Preço absurdo de uma long neck.,10,2025-10-12 17:16:03+00,1
" N ñ
Desayuno y los pan de queso !!!  Que la TV no tuviera acceso a Internet",10,2025-10-13 00:16:54+00,1
" La ubicación era muy buena. Las habitaciones muy grandes, así como el baño y las camas. El rooftop era muy bonito con vistas espectaculares a la ciudad.  La cadena del baño no funcionaba muy bien y se nos embozó. Por lo demás todo muy bien.",9,2025-10-13 16:13:54+00,1
"Die Rooftop-Bar mit der Aussicht war hervorragend, sehr nette Kellner.",8,2025-10-14 00:00:00+00,1
"O hotel é maravilhoso. Quarto amplo, bem decorado e o café da manhã é bom. 
Localização ótima.",10,2025-10-14 00:00:00+00,1
Nota 10,10,2025-10-14 00:00:00+00,1
 Da localização.  Nada a reclamar,8,2025-10-14 00:37:51+00,1
" tudo bom  elevador, tem dois, mas é muito pequeno, e dois tb é pouco",10,2025-10-14 10:16:32+00,1
" Localização
Funcionários 
Limpeza  Toalhas
Conforto (blackouts das cortinas ruins e mal conservados )",8,2025-10-14 11:53:21+00,1
" Quarto amplo, localização boa!  Do atendimento dos funcionários da garagem/estacionamento. Despreparados, especialmente o que estava trabalhando no dia de minha chegada, 18/09/25 final da tarde.",10,2025-10-14 15:19:41+00,1
" Amei limpezas ótima,  boa localização,  amei tudo , comida pedi no quarta maravilhosa,  
Atendimento perfeito  Limpeza",8,2025-10-14 18:06:56+00,1
"Ordentliches und sauberes Hotel. Wir haben eine zweite Decke bestellt, die haben wir nie gesehen. Zimmer im 7. Stock war ruhig. Frühstück ok und a6sreichend. Den Dachpool haben wir nicht genutzt. Restaurants und Supermarkt in der Nähe.",10,2025-10-14 18:25:08+00,1
" A localização é muito boa.
O atendimento foi muito bom.  A cama é muito dura, esperava ser mais confortável.",9,2025-10-15 13:19:48+00,1
 Limpeza e tudo novinho  Não houve,8,2025-10-15 19:41:18+00,1
"Como a piscina fica no meio do bar, no rooftop, é meio sem graça de entrar com biquíni, mas nada que interfira na experiência de hospedagem no hotel. A TV é um pouco antiga (não tem aplicativos pra Netflix, Globoplay, etc). O quarto é bem amplo, a cama é bem macia e o chuveiro agradável. Hotel perto de tudo, muito bem localizado.",10,2025-10-16 00:00:00+00,1
" O hotel é muito bem localizado, está ao lado da Avenida Brasil (a principal rua comercial da cidade), rodeado de bares, restaurantes, há um supermercado próximo, enfim, a localização é excelente. A equipe é atenciosa, assim como o pessoal da limpeza. O café da manhã é espetacular, muito variado e gostoso.  Não gostei que o café da manhã inicia às 06:30 e muitos passeios em Foz têm saída às 07:00, então fica muito apertado o horário. Como sugestão, poderiam iniciar às 06:00, como na maioria dos hotéis.",10,2025-10-16 00:14:05+00,1
Atentimendo perfeito.,10,2025-10-16 21:36:16+00,1
" Fantastic value for money, perfect location, friendly and helpful front desk staff,great roof top pool and bar  Buffet breakfast was a bit chaotic",10,2025-10-17 14:11:28+00,1
" Excelentes instalaciónes y ubicación, todo ok  Todo ok",10,2025-10-18 07:32:27+00,1
"Ótima localização, quarto excelente, limpeza nota 10, café da manhã normal pra bom. E tem um terraço com piscina restaurante e bar com uma vista pra toda a cidade.....vale muito a pena",10,2025-10-18 12:01:05+00,1
"Quarto muito confortável,  todas as equipes de recepção foram muito prestativos e educados, limpeza diária otima, café da manhã ótimo,  localização privilegiada,  perto de muitos bares e restaurantes e também fácil de meios de locomoção.",10,2025-10-19 00:00:00+00,1
"Ótima localização, bar com vista panorâmica e lindo por do sol, bom preço nas refeições no restaurante. Elevador demorado e apertado. Local de café da manhã apertado. Café simples. Preço um pouco caro para o serviço oferecido. Estacionamento pago a parte encareceu a estadia. Piscina pequena e junto ao bar, sem privacidade. As fronhas e o edredom tinham aspecto de suja e velhas",8,2025-10-20 00:00:00+00,1
 A localização e o atendimento foram excelentes  S registro,10,2025-10-20 09:37:05+00,1
 Atendimento e localização  S registro,10,2025-10-20 09:37:51+00,1
 Excelente  Nada a me queixar,10,2025-10-20 12:46:28+00,1
Café da manhã variado e gostoso. Quartos limpos e super confortáveis. Atendimento fantástico.,10,2025-10-21 00:00:00+00,1
" Equipe atenciosa, boa localização, serviços de passeios disponíveis para venda no local no hotel, café da manhã excelente.",10,2025-10-22 10:29:27+00,1
 localização  CAFÉ DA MANHÃ TODOS OS DIAS A MESMA COISA !!! NEM DE LUGAR NÃO MUDA .,6,2025-10-22 16:26:49+00,0
 Buena ubicacion con varias opciones de restaurantes cercanos.  Nos permitieron hacer check out mas tarde. Un rooftop muy lindo para cenar en la noche.,10,2025-10-22 21:29:32+00,1
" The staff were incredible, so friendly and helpful navigating our way to the falls and which buses to catch! Both nights we went to the rooftop bar for dinner by the pool and it was perfect, the ambience was amazing. The whole facility was clean and modern.  Nothing I didn’t like!",10,2025-10-24 00:07:21+00,1
 La ubicación y el desayuno  La habitación tenía olor a humedad,9,2025-10-24 17:16:08+00,1
 Localizao  Limpeza do quarto. Todo dia saia e deixava a placa de limpeza e não limpavam. Só limparam quando solicitei a limpeza na recepção,8,2025-10-24 22:07:02+00,1
" Atendimento e café de manhã bons como sempre, todo ano nos hospedamos no Vialle...  Localização",8,2025-10-25 14:01:11+00,1
"Tive uma excelente experiência. Limpeza impecável, atendentes atenciosos e uma boa localização. Com certeza voltarei a me hospedar aqui.",10,2025-10-27 00:00:00+00,1
 10  Nada,10,2025-10-27 10:22:08+00,1
" Hotel com excelente localização, funcionários atenciosos e quartos espaçosos e limpos. A estadia tinha tudo para ser excelente, mas não conseguimos dormir bem pela cama desconfortável. Além disso, todos os travesseiros disponíveis eram duros e muito altos. Nem parecia colchão e travesseiro de hotel.  Colchão e travesseiros duros e desconfortáveis demais.",6,2025-10-27 11:02:47+00,0
" Localização, piscina no roof top e café da manhã  Ausência de sauna",10,2025-10-27 13:33:24+00,1
"Boa localização, funcionários atenciosos",8,2025-10-28 00:00:00+00,1
" Isolamento acústico do quarto é ruim, o barulho, conversas  dos quarto vizinhos incomodam e dificultam o sono. Até o barulho da água do banho dos quartos vizinhos incomodam",7,2025-10-28 10:00:42+00,0
"O cardápio do café muito bom, limpeza do quarto muito bom e equipe de funcionários eficientes. Custo benefício muito bom.",10,2025-10-29 00:00:00+00,1
" Desayuno excelente.  Mucha variedad para escoger y muy muy fresco todo.  laentrega de lahabitacion, deberiamos tener la oportunidad de si esta desocupado poder ingresar hasta las doce. El cierre del uso de la piscina deben extenderlo hasta las 9 p.m. por lo menos, para poder disfrutar.  Ya que mi estancia fue muy corta.",8,2025-10-29 14:39:49+00,1
Equipe de atendimento muito atenciosa e o rooftop encantador. Muito bem localizado e fácil locomoção para os pontos turísticos .,8,2025-10-30 00:00:00+00,1
Muito boa hospedagem. Quartos limpos e arrumados. Café da manhã perfeito. Na medida. Melhor localização. Perto de tudo.,8,2025-10-30 00:00:00+00,1
"Hotel realmente bonito por instagran, mas a expectativa e a realidade foram outras, café razoável não muto diferente de pousadas (comparando a valores das diárias), acredito até que existam outras pousadas com café bem superior ao deste hotel. Cordialidade boa, funcionários bem prestativos. Ambiente agradável, porém a limpeza ainda deixa a desejar (banheiros/azuleijos/interno de box) . Alimentação (pizza) péssima, ficamos no sábado a noite por conta de influenciadores do instagran e foi decepcionante, uma pizza horrível, seca e dura como as de mercado com uma fatia de queijo finissima, reportei ao garçon e a recepção do hotel para que mehorassem, pois nossa experiência não foi legal. Agora quanto aos drinks realmente excelentes, piscina bonita por conta do deck, mas não me senti segura em entrar por conta da limpeza, meio suspeta!! Visualmente bem atrativo, chamando muito a atenção por conta de ser bem alto e ter uma visão legal, mas esperava muito mais.",6,2025-10-30 00:00:00+00,0
"Posizione ottima, in pieno centro e nella zona ci sono vari ristoranti raggiungibili a piedi. Check-in rapido, personale gentile. Camere spaziose e pulite, la nostra dava sul retro ed era tranquillissima.
Bello il Roof top con piccola piscina a sfioro ed una vista meravigliosa. Provato il servizio al bar, personale competente e socievole.",8,2025-10-30 11:46:19+00,1
 Localização  Elevadores pequenos e demorados,9,2025-10-30 15:25:41+00,1
" Réception tres agreable, aide le voyageur et est tres efficace.Grande chambre. Petit resto au 17eme. Petit déjeuner beaucoup de choix.  Une erreur dans ma facture vite corrigée. Je note 10 quand même.",10,2025-10-30 22:36:45+00,1
 Siempre un 10 este alojamiento,10,2025-10-31 15:51:21+00,1
"Boa localização, funcionários solicitos e café da manhã farto.",10,2025-11-03 00:00:00+00,1
 Localização  Achei as toalhas de banho velhas.,10,2025-11-03 09:14:17+00,1
Muito linda a área do restaurante e piscina,10,2025-11-04 00:00:00+00,1
" Las instalaciones, organizado, desde el ingreso huele rico, personal amable todo excelente.",10,2025-11-04 01:37:02+00,1
 A vista do Rooftop agua da piscina quente muito bem d verdade,10,2025-11-04 17:18:52+00,1
" Cafe da manhã excelente. 
Funcionários muito simpáticos e atenciosos 
Boa localização",10,2025-11-05 11:39:03+00,1
" Localização, chuveiro  Elevador demorado",8,2025-11-05 13:11:16+00,1
" O terraço é ótimo, assistir ao por do sol de lá é, sem dúvidas, um privilégio. O café da manhã é variado e atende bem. A academia é suficiente. Os funcionários são extremamente atenciosos. Desde a recepção até o bar do terraço, todos muito gentis.  A cortina não tirava toda a claridade da janela, o colchão poderia ser melhor. As toalhas são um tanto ásperas. Os elevadores eram pequenos e muito muito concorridos. Se estiver com tempo curto, use as escadas. São detalhes que fariam a hospedagem mais agradável, mas ainda assim, o hotel tem um excelente custo benefício.",8,2025-11-05 15:29:11+00,1
" Frühstück war einfach , aber ausreichend  Der Frühstücksraum war etwas beengt und nicht gemütlich eingerichtet",8,2025-11-06 09:20:14+00,1
"Piscina só fica aberta até as 18:00 isso é
Um
Desperdício pois o que tem me melhor é a Pisicna no terraço",6,2025-11-06 23:10:51+00,0
"Estivemos em Foz do Iguaçu, chegamos no dia 1/11 até 06/11, foram dias inesquecíveis, onde fomos otimamente tratados, por toda equipe do Village Tower, hotel muito bem localizado, limpeza impecável, recomendo a todos que desejam um local com todos os requisitos positivos.
Parabéns a todos os envolvidos.",10,2025-11-07 12:44:13+00,1
tudo certo,10,2025-11-08 00:00:00+00,1
" Gostei da estrutura do hotel, da localização e dos funcionários.",10,2025-11-08 14:18:11+00,1
Comodidades,10,2025-11-09 00:00:00+00,1
"Problemas no primeiro quarto, no segundo um cheiro forte vindo do banheiro",6,2025-11-09 00:00:00+00,0
"Agradecer ao cuidado de Vivi Ana ✨
O hotel é bem localizado, limpo, bom café da manhã e ótimo atendimento. Oioioioioioii",10,2025-11-09 00:00:00+00,1
" Café da manhã, localização, quartos.  Estrutura da academia.",9,2025-11-10 13:19:22+00,1
"O banheiro precisa de cuidados, o assento do vaso é da pior espécie e escorrega para o lado quando alguém senta; o respiro do meu quarto faltava a moldura e a pia estava entupida. 
O bar da piscina nunca tinha ninguém, e para conseguir alguma comida ou bebida, tínhamos que ir até a recepção ou a cozinha. 
Pratos de alimentos que consumimos na sexta feira, ficaram na piscina até segunda. 
O café da manhã é ""triste"", essa é a definição que posso dar...
... mas o staff é muito simpático e atencioso, tanto as meninas da cozinha quento o pessoal da recepção.",6,2025-11-11 00:00:00+00,0
"NÃO GOSTEI DO CHEKIN. EU PREENCHI UM LINK VIA WHATSAPP COM TODAS AS INFORMAÇÕES, PARA AGILIZAR O CHEKIN. PORÉM, QUANDO CEGAMOS NO HOTEL, TIVEMOS QUE PREENCHER TODAS AS INFORMAÇÕES NOVAMENTE. ENTENDO QUE ESTÁ HAVENDO UMA FALHA NESSE PROCESSO",10,2025-11-12 00:00:00+00,1
Localização e confirto,10,2025-11-12 00:00:00+00,1
Excelente,10,2025-11-12 00:00:00+00,1
" Localização  Café da manhã muito fraco, elevadores muito ruins, demorados",8,2025-11-12 22:07:58+00,1
Local muito bem organizado e limpo!!!! Acomodação e banheiros limpos !!! Vista do alto belíssima!!! Vale muito apenas a hospedagem!!!!,10,2025-11-13 00:00:00+00,1
" A localizado é excelente, o tamanho do quarto é muito bom e o Rooftop é maravilhoso!  O café da manhã poderia ter mais opções, achei fraco!!!
E os elevadores demoram muito, em horários de pico é um Deus nos acuda.",9,2025-11-13 11:26:22+00,1
" Localização, restaurante do hotel  Nada",10,2025-11-14 01:00:09+00,1
 Rooftopbar mit Pool,9,2025-11-14 09:55:30+00,1
"Toda equipe é prestativa e atenciosa. Desde a recepção como a Ana que nos deu um quarto com vista muito bonita, passando pela limpeza e arrumaçao do quarto com criatividade de Viviana. Os olhares atentos de pessoal do cafe da manha e da mesma forma a simpatia da equipe no Skybar. Certamente vale o retorno!",10,2025-11-15 00:00:00+00,1
"Great 3 star hotel. We arrived at just after 7pm and it took an hour for us to be able to go to our rooms due to a muck up with the hotel not having a record of our booking.  After communicating with our home agent,  and the local travel company  Blumar,  our reservation was able to be found.  We were confused who was actually at fault,  however we were pleased there was space for us.  They gave us a dessert each which was a very kind gesture.  The staff were all very friendly,  however the whole check in procedure did seem to take a long time, even once the reservation was found. 2 lifts,  servicing a large hotel didn't seem enough, and one was under maintenance. It took a while for the lift to take us finally to our rooms after our long 1 hour check in  All in all, a very good place to stay when visiting the falls.",8,2025-11-15 17:15:08+00,1
" Localização, roupas de cama e banho, atendimento no lobby, ar condicionado, café da manhã excelente e pessoal muito cordial.  Limpeza deixa a desejar, box do banheiro sem barra de segurança e sem anti-derrapante no piso, fumantes e pessoas usando garrafas de vidro dentro da piscina, sem que ninguém os proibisse e  mandasse cumprir o regulamento da área (sei que é difícil lidar com gente sem educação, mas as regras são feitas para serem cumpridas ! Ou então que se retirem as placas de advertência do local!)",8,2025-11-15 23:00:36+00,1
"Quarto bom, limpeza, atendimento da equipe em especial o Felipe, sempre muito educado e atencioso. Bom pequeno almoço.",8,2025-11-16 00:00:00+00,1
" Excelente las instalaciones, muy limpias y el personal muy amable",10,2025-11-16 01:14:57+00,1
" Buen desayuno, buena ubicación. Camas grandes y cómodas. Se siente seguro alojarse en el hotel.  Falta un par de toallas más para la salida de la ducha. La calidad del wifi dentro de la habitación. Las esperas en los ascensores, el hotel solo cuenta con 2 ascensores",8,2025-11-16 20:39:19+00,1
"Ótima localização, café da manhã muito bom, ótimo atendimento e quarto bem espaçoso.",10,2025-11-17 00:00:00+00,1
" Gostei da localização, e a vista  Os elevadores deixam a desejar",9,2025-11-17 08:52:35+00,1
 Zimmer waren sehr schön gewesen und alles sauber und ordentlich. Frühstück war auch gut.  Zimmer zur Straße die man durch die Fenster gehört hat.,9,2025-11-17 17:19:51+00,1
 Top!  Limpeza,10,2025-11-18 14:41:30+00,1
" Freundliche Mitarbeiter, gutes Frühstück, tolle Aussicht, Rooftopbar, Hotel in guter zentraler Lage!  Lifte waren oft überlastet, Badezimmer hatte an der Decke etwas Schimmel",8,2025-11-19 12:29:47+00,1
"Quarto limpo, restaurante ok",8,2025-11-20 00:00:00+00,1
Gutes Hotel mitten der Stadt. Super Frühstück. Tolle Dachterrasse mit Pool. Weine und cocktails sehr gut.,8,2025-11-20 01:21:21+00,1
" Excelente experiência. Tudo perfeito, da recepção ao check-out. Quarto muito confortável: extremamente silencioso, acústica perfeita, camas maravilhosas, ar condicionado silencioso e eficiente, banheiro grande e funcional. O café da manhã é um capítulo à parte: variedade e qualidade indiscutíveis, incrível agilidade e eficiência da equipe na reposição dos itens. A localização é central e com muitas opções de restaurantes próximos. Observação importante: em 5 dias de hospedagem (com o hotel lotado) não tivemos nenhum problema com elevadores.",10,2025-11-20 11:48:18+00,1
 Cordialidade do atendimento.,10,2025-11-21 13:23:12+00,1
Excelente café da manhã. A Silvana  limpou nosso quarto sempre muito bem. Super organizada. Fez até um enfeite com toalhas pro meu filho Henrique.,10,2025-11-22 00:00:00+00,1
"Horrível, não se enganem.
Fizemos uma reserva e o hotel nos prometeu que poderíamos deixar as malas no maleiro para irmos pra Assunção.
Eles não cumpriram com a palavra e são desorganizados com os hóspedes.
Não caiam no golpe.
Esse hotel é furada",2,2025-11-22 09:03:11+00,-1
 Conforto  Pouco tempo 😉,10,2025-11-23 21:40:48+00,1
" Hotel muito bem localizado, limpo, café da manhã muito bom!  Os elevadores demoram muito",10,2025-11-23 21:55:37+00,1
"Ficamos hospedados no quarto 608  no período de 16 a 22 de novembro 2025.
Tivemos uma estadia maravilhosa. 
O hotel é simplesmente perfeito.
A decoração, os quartos a area da piscina e a vista são perfeitas. 
Localização nota 10, bares e restaurantes muito perto. Ponto de ônibus para Paraguai e Argentina bem próximo do hotel. Só temos agradecer o atendimento da recepção, das camareiras, dos garçons do bar e dos funcionários que trabalham servindo o cafe da manhã com atendimento atencioso e prestativo, eles nos proporcionaram  uma estadia maravilhosa. 
Café da manhã muito bom com variedades todos os dias. 
Fomos muito bem atendidos pela nutricionista. 
A camareira Viviana nos atendeu com muito cuidado e carinho. Parabéns aos administradores do hotel por ter uma equipe prestativa e atenciosa. 
Voltaremos a Foz do Iguaçu em breve e com certeza nossa opção de hospedagem será o Viale Tower.",10,2025-11-25 00:00:00+00,1
Excelente estadia tudo perfeito.,10,2025-11-25 15:57:10+00,1
"Good experience generally but for 1 thing, at midnight on the third day of our stay we were woken by incredibly loud banging sounds that were coming from various parts of the building it wet on for half a hour sometimes the sound came from the wall behind the bed and the wall shook",4,2025-11-26 00:00:00+00,-1
" Gostei muito  da piscina que aquecida e fica último andar onde tem vista para toda Foz do Iguaçu e ainda consegue ver Paraguai! 
Café da manhã excelente  Só não gostei do horário que fecha a piscina pois é hora que voltamos dos passeios e as 18 horas não pode mais entrar!",8,2025-11-26 00:35:25+00,1
"Localização muito boa, tem restaurantes próximos. As instalações do hotel. O café da manhã. A piscina na cobertura tem vista pra boa parte da cidade.",10,2025-11-27 00:00:00+00,1
"Hotel com boa estrutura, bem localizado, equipe muito atenciosa, bom café da manhã. No quarto é necessário melhorar o blackout, é curto, fica uma parte da janela sem proteção, entrando luminosidade.",8,2025-11-27 00:00:00+00,1
 Quarto  Não teve,10,2025-11-27 12:36:46+00,1
" Tudo no hotel é muito bom. Funcionários super atenciosos, excelente localização, café da manhã excelente, piscina, bar, quarto, tudo ótimo. Recomendo com tranquilidade.",10,2025-11-27 13:48:36+00,1
" O atendimento excepcional, todos os funcionários são muito educados. Ótima limpeza.",10,2025-11-27 13:59:37+00,1
" O quarto tem um tamanho muito bom. As camas são confortáveis. A localização é excelente, perto de tudo.  Nada a reclamar",9,2025-11-27 15:13:20+00,1
"El servicio en general es demasiado bueno, a recepcionista muy amable, la comida deliciosa, muchas gracias a la mucama Olivia por dejarnos esos perritos hechos con los paños",10,2025-11-28 00:00:00+00,1
Recomendo 👍🏼,10,2025-11-28 13:26:26+00,1
" Gostamos de tudo, o hotel é bem decorado, limpo e com equipe de limpeza excelente.",10,2025-11-28 13:37:15+00,1
" Location for what we wanted was very good, we mostly wanted to go see the falls. Staff were friendly. Breakfast ok. Sky bar was good. Would stay again.  No balcony in room and not able to smoke on open air rooftop bar",9,2025-11-29 01:13:25+00,1
" Bardzo fajne miejsce, świetny bar (dobre drinki) na 17 piętrze z doskonałym widokiem na miasto. Śniadanie smaczne, ale codziennie bardzo podobne. Obsługa miła i pomocna. Pokoje czyste i z odpowiednią wielkością, łóżka wygodne i duże.  Windy działają trochę słabo, trzeba czasami długo czekać. Brakowało mi słuchawki pod prysznicem, sama deszczownica OK, ale to za mało wg mnie. Poza tym, bez zastrzeżeń.",9,2025-11-29 07:28:20+00,1
"Atendimento, local, estrutura, alimentação, estacionamento… tudo muito incrível!",10,2025-11-29 14:45:24+00,1
" Great location, lovely rooftop swimming pool, bar and restaurant. Excellent value.  Nothing",10,2025-11-30 01:04:54+00,1
" Adoramos nos hospedar no Viale Tower sempre
Somos bem recebidos, os quartos sempre limpos, organizados, café da manhã delicioso e a localização é fantástica. Amamos o Capitão Bar que fica ao lado e recomendamos o Viale a todos os amigos.",10,2025-11-30 21:37:27+00,1
" Great hotel, great location for those that want to be in the middle of Foz, with great options for food and nightlife. Close to most things, great service and quite clean. Breakfast was pretty good.  I wish the pool was separate from the bar, as it seemed like everyone was watching me swim. But really liked the hotel and would stay again!",9,2025-12-01 11:47:57+00,1
 As acomodações  Emissão da NF foi problemática,9,2025-12-04 14:30:57+00,1
 Ótima estadia! Tivemos o incoveniente do quarto sem cofre e a cortina menor mas foi resolvido pelos funcionário. Restante tudo ok!,9,2025-12-04 21:20:15+00,1
Foi uma ótima experiência até vc precisar de uma atenção especial.,6,2025-12-04 22:56:32+00,0
" Limpieza , desayuno ,habitación y la terraza  Nada todo estuvo perfecto excelente atención",10,2025-12-05 22:27:12+00,1
Sim,8,2025-12-06 00:00:00+00,1
" El hotel es un 10 en todo, volvería a hospedarme allí sin dudarlo. Las instalaciones son modernas y súper confortables para pasar una estadía a todo lujo. El personal súper amable y atento un servicio de primera. Lo mejor el Rooftop para disfrutar de la piscina y las cenas al aire libre.  No tengo ningún comentario negativo.",10,2025-12-06 20:53:59+00,1
"Tudo gostoso no café da manhã, ótimas opções. O bar da piscina é muito bom. Estão de parabéns",10,2025-12-08 00:00:00+00,1
"Elevadores sem função de chamada nos andares superiores, fui obrigado a usar a escada de incêndio.",4,2025-12-08 00:00:00+00,-1
Quarto Grande confortável,10,2025-12-08 00:00:00+00,1
" localização, piscina, atendimento dos funcionários (em destaque Anderson que foi muito atencioso)  Horário limitado da piscina e elevador pequeno",8,2025-12-08 11:13:32+00,1
 Excelente localização  Elevador sempre congestionado,8,2025-12-08 14:41:02+00,1
" A localização do hotél é proxima a restaurantes, mercados e afins; o quarto é confortável, novo e limpo e a staff do hotel é muito gentil. O bar do hotel (roof) é bem legal e preços acessiveis. O problema são os elevadores, infelizmente.  São 2 elevadores pequenos que só cabem 8 pessoas para 16 andares com 10 quartos por andar. Infelizmente não dá vazão nos horários da manhã e final da tarde pois são os horários de chegada e saída de passeios. Tivemos um imprevisto de um dos elevadores ter pifado e ficarmos presos durante nossa hospedagem. Este seria o motivo para não retornarmos ao local numa segunda viagem a cidade.",6,2025-12-08 17:40:50+00,0
 Очень хорошее размещение в центре города. Кухня полностью оборудована. Очень приятный хозяин. Расположение в центре города.  Был запах канализации в ванной комнате.,10,2025-12-08 17:42:58+00,1
O hotel é bem localizado e bastante confortável. A equipe é muito solícita e atenciosa. O café da manhã é variado e bem servido.,10,2025-12-09 00:00:00+00,1
"O hotel é ótimo, limpo, equipe com excelente atendimento, café da manhã com variedade de opções, o rooftop",10,2025-12-09 00:00:00+00,1
" Hotel com excelente localização, próximo de tudo, banco, farmácia, restaurantes e barzinhos, o café da manhã muito farto com opções variadas ao longo dos dias, os colaboradores muito prestativos desde a recepção a camareira. Com certeza voltaremos!",10,2025-12-09 13:26:26+00,1
"O hotel é excelente, perto de tudo. A recepção é muito cordial, os garçons do sky bar super atenciosos. A piscina um pouco quente demais pro meu gosto, porém, limpa e uma vista deslumbrante. Quartos são bem limpos, camas confortáveis. O café da manhã super variado e bem servido. Todos funcionários no geral, gentis e educados!",10,2025-12-09 23:09:17+00,1
"A única coisa que não gostei foi a cama adiciona, reservei um quarto triplo e nitidamente colocaram a cama adicional praticamente no corredor de passagem. 
O restante está OK",8,2025-12-10 00:00:00+00,1
"Quarto impecável, vista de tirar o folego, atendimento excelente!",10,2025-12-11 00:00:00+00,1
"Equipe, quarto e comodidades excelente.
Apenas an academia iria sugerir para colocar alguns itens que ajudariam bastante como uma corda e uma barra para polia. Uma manutenção na polia, pesos desalinhados. E um conjunto de alteres mais pesados. O resto estava tudo perfeito.",10,2025-12-11 00:00:00+00,1
" Café da manhã muito bom, Equipe de colaboradores agradável.  O elevador poderia ser mais rápido.",10,2025-12-11 16:33:40+00,1
Muito bom,10,2025-12-12 00:00:00+00,1
"A experiência do deck ao ar livre com uma visão de 180 graus da cidade numa localização muito privilegiada torna a experiência incrível trazendo na paz de espírito e visões e fotos inexplicáveis o café com uma boa variedade pensando em regiões do país torna um momento muito agradável de muito sabor atendimento objetivo e sem enrolação o carpete do corredor em alguns hotéis já mostra sinais de cansaço , aqui mostra qualidade na limpeza incontestável. Os quartos são espaçosos sem aquela sensação de claustrofobia, capricho por parte das camareiras é o ponto alto do quarto. Único.",10,2025-12-12 00:00:00+00,1
"Quarto arejado, limpeza excelente, atendimento cordial e um café da manhã muito bom. Recomendo!",10,2025-12-13 00:00:00+00,1
"Ponto de localização muito bom, próximo a bares e restaurantes, piscina na cobertura com uma vista linda! Cama boa, roupa de cama limpinha e nova, serviço de quarto bem feito e refeições interessantes.",10,2025-12-13 01:01:50+00,1
 Localização  Chuveiro água não aquecida. Emissão da Nunca sai. To a 03 dias ligando e pedindo a NF,4,2025-12-13 11:10:03+00,-1
Enkelt men bra rum med mycket tyst air-conditioning vilket uppskattas speciellt. Bra frukost och underbar sky bar. Rekommenderas. Ingen riktig lyx men allt som behövs finns och fungerar bra.BVC,10,2025-12-14 00:00:00+00,1
Quarto bem organizado e arrumado todos os dias. Tanto pela Silvana e viviane ambas foram bem na limpeza e organização super recomendo,10,2025-12-14 00:00:00+00,1
 Localização  Não ter  tomada 220v,8,2025-12-14 11:29:39+00,1
 Funcionários excelentes  Toalhas,10,2025-12-14 12:18:52+00,1
" Funcionários simpáticos, quarto grande e confortável com uma vista bonita! Café da manhã variado",10,2025-12-14 21:15:48+00,1
"Tivemos uma experiência incrível nesse hotel. Ótima localização, e atendimento primordial.... Caio não mediu esforços para nós proporcionar requinte e ótimo tratamento... Parabéns ao Jonas por coordenar essa equipe tão bem.... Nosso café da manhã, nossas tardes na piscina foram memoráveis... Logo voltaremos",10,2025-12-15 00:00:00+00,1
Equipe 1000%,10,2025-12-15 00:00:00+00,1
"O café muito bom, o hotel limpo é super decorado para o Natal, funcionários bem solícitos. Foi uma estadia excelente.",10,2025-12-15 00:00:00+00,1
 Limpeza  Nada,10,2025-12-15 12:19:01+00,1
"Experiência incrível. Fomos muito bem atendidos. O serviço excelente, a limpeza impecável. 
As camareiras foram incríveis, com destaque para as camareiras Silvana, pela hospitalidade e carinho e para a camareira Viviana, que fez os bonecos com as toalhas 🥰. 
Café da manhã excelente. 
Equipe de recepção excepcional. 

Com certeza voltaremos.",10,2025-12-16 00:00:00+00,1
"Quarto excelente ,atendimento muito bom !",10,2025-12-16 00:00:00+00,1
"Desde a primeira vez que estive no hotel , esta é a terceira , foi a melhor o pessoal está mas profissional e gentil Parabéns",10,2025-12-16 00:00:00+00,1
"Excelente opção, perto de tudo, ao lado do capitão bar, sempre me hospedo nele.",10,2025-12-16 00:00:00+00,1
" Localização  Piscina tem horário muito limitado. 
Queria entrar após passeio e já tinha encerrado (18h)",9,2025-12-16 21:29:38+00,1
" Do quarto e piscina  Poderiam ser mais flexíveis no check-in quando possível, pois cheguei cansado da viagem e até às 14:00 não me entregaram a chave",9,2025-12-17 00:07:02+00,1
" Ótima localização;
Custo benefício ótimo;
Gostei muito;  O quarto não foi limpo numa diária porque a prioridade foi limpar os quartos dos hóspedes que saíram do hotel.",10,2025-12-17 02:33:50+00,1
 View  Plugs for bath,7,2025-12-17 16:54:17+00,0
"Jonas muito atencioso tudo muito fresco, só poderia ter um pouco mais de variedade de suco. Ficamos 9 dias e era sempre laranja e Detox, que no caso tem laranja. Falta variedade mas o que tem é muito bom",10,2025-12-18 00:00:00+00,1
"Minha experiência no Hotel Viale Tower foi abaixo do esperado. Após um dia inteiro de trabalho, cheguei ao hotel e fui surpreendido com o fato de a piscina fechar às 18h, um horário muito limitado para quem utiliza a estrutura no período da noite para descanso.

Outro ponto negativo foi a demora excessiva dos elevadores, o que gera bastante desconforto, especialmente em horários de maior movimento. Além disso, observei um uso inadequado dos elevadores por parte das camareiras, impactando ainda mais o tempo de espera dos hóspedes.

A cordialidade dos atendentes deixou a desejar, com um atendimento pouco receptivo e sem a atenção esperada de um hotel dessa categoria. No check-in, o pagamento é exigido antecipadamente e, para piorar, a nota fiscal não é emitida no momento, o que dificulta para quem precisa de comprovação imediata para fins corporativos.

No geral, são pontos que comprometem a experiência do hóspede e que precisam ser revistos para melhorar o padrão de atendimento e serviço oferecido.",2,2025-12-18 00:00:00+00,-1
 Tudo maravilhoso!  O elevador é lento.,10,2025-12-18 16:24:01+00,1
"O café da manhã é excelente!!
O atendimento no restaurante e SKY bar foram excepcionais. Todos muito atenciosos e prestativos. Principalmente o Jonas que nos tratou com muito carinho.
Higiene e limpeza muito bons!
Único ponto negativo é a logística do elevador, sempre ficamos muito tempo esperando enquanto ele parecia subir e descer sem recolher ninguém, e parando em andares aleatórios, a programação do elevador parece precisar de uns ajustes.
Num geral o hotel é muito bom! Voltaria a me hospedar e também recomendo!!",10,2025-12-19 00:00:00+00,1
"Funcionários atenciosos, sempre querendo agradar as pessoas. Local limpo, organizado,um bom café da manhã e boas refeições.",10,2025-12-19 00:00:00+00,1
"Es un lindo hotel, muy bien ubicado, cerca de bares y restaurantes y cerca de Avenida Brasil, el centro. La zona de la piscina es muy linda y brindan excelente comida y bebidas. El desayuno es buffet y toda la comida es fresca, recién hecha y variada. La atención del personal en el restaurante, lobby, habitaciones y bar es excelente. Es la segunda vez que venimos y nos encanta. 
En el desayuno estaba Jonas, muy cordial y agradable, siempre con buen humor. Todo el personal en el desayuno muy amable. Todo lo que hace que quieras volver al hotel.",10,2025-12-19 00:00:00+00,1
Excelente opção para ficar em Foz do Iguaçu.,10,2025-12-19 08:48:10+00,1
"Hotel muito bem localizado. Bom serviço, atendentes muito solícitos e rápidos. A piscina apesar de pequena tem uma vista ótima da cidade. A estrutura do hotel precisa de manutenções, nossa janela está com o trinco bem mole, fixado por um parafuso velho, um risco a segurança.",8,2025-12-19 11:41:05+00,1
"Gutes Hotel in hervorragender Lage. Das Zimmer war sauber und geräumig und es war alles da was man braucht. Einige Restaurants und Geschäfte in der Nähe. Wir haben nach dem Besuch der Iguaçu Wasserfälle einen Nachmittag zum Entspannen im 17. Stock  auf der Dachterrasse am Pool verbracht. Der Pool ist nicht groß aber vollkommen ausreichend zum Abkühlen. Alle Mitarbeiter der Rooftop Bar waren sehr aufmerksam, hilfsbereit und super freundlich. Die Cocktail Preise sind angemessen und es gibt auch eine kleine Speisekarte, so dass man zum Abendessen bleiben und den herrlichen Sonnenuntergang genießen kann.",10,2025-12-19 13:33:05+00,1
" Boa localização, tamanho do quarto muito bom. 
Alguns restaurantes no entorno.  Limpeza no apartamento deixava a desejar. Fiquei 6 noites e nao foibtrocada a roupa de cama nenhuma vez. Retiravam as toalhas usadas e nao colocavam de volta. Não viam se faltava papel higiênico.",7,2025-12-19 14:12:28+00,0
"Eu e minha esposa estivemos no sky Bar, é  excelente, vista maravilhosa, atendimento perfeito, cerveja gelada e pratos saborosos",10,2025-12-19 16:40:49+00,1
Tudo ok,8,2025-12-20 00:00:00+00,1
"Melhor foi o atendimento, o Jonas e o Paulo são muito atenciosos. Fazendo nossa experiência aqui muito agradável. Obrigada",6,2025-12-20 00:00:00+00,0
" O quarto e as camas são muito confortáveis, o quarto é grande e espaçoso, o banheiro também.  Uma única queixa é que não dá pra ver os números dos andares, também não entendi sobre a taxa de turismo, mas o valor é símbolico.",9,2025-12-20 10:41:11+00,1
Muy bueno el hotel. El desayuno muy variado y de calidad. La ubicacion miy buena y el personal excelente,10,2025-12-20 11:40:47+00,1
" A TV não tem acesso a aplicativos atuais, como Netflix, Disneyplus+ e etc",9,2025-12-20 12:53:58+00,1
Hotel novo ótima estrutura na região central vários restaurantes próximo . Quarto muito bom e café da manhã bem servido .,10,2025-12-21 00:00:00+00,1
 Allt var jättebra!  Hissen tar så lång tid.. Den är långsam och finns bara två.. man ska tänka sig att slösa minst tio minuter väntar på hissen särskilt vid frukosten..,10,2025-12-21 17:08:22+00,1
"O quarto muito bem limpo, a equipe é ótima!
Café da manhã muito bom! Localização excelente!",10,2025-12-22 00:00:00+00,1
"Ótima localização, equipe cordial. Retornamos início da tarde de um passeio e o quarto ainda não estava limpo. Cama não é confortável e o tamanho também insuficiente, são duas de casal estreitas . Melhor se fosse uma Queen.",8,2025-12-22 00:00:00+00,1
" Proximo a várias opções de bares e restaurantes.  Muito barulho e o elevador não atende a demanda, sempre com filas.",6,2025-12-22 14:40:32+00,0
 Elevadores muito demorados. Único ponto negativo. Café da manhã poderia ser mais variado.,9,2025-12-23 01:06:47+00,1
" Assistir ao por do sol   do rooftop, com sua vista  espetacular, é a cereja do bolo. Destacaria também a excelente localização,  perto de diversos restaurantes de boa qualidade,  inclusive ao lado de uma comida a quilo ótima.",10,2025-12-23 08:25:44+00,1
" As our luggage had gone missing upon arrival, the staff at reception was very helpful in trying to track it down. 
Also they arranged a taxi for us to the Argentinian side of the waterfalls and the airport.",7,2025-12-23 14:27:55+00,0
" Localização, atendimento, e custo excelente  Iluminação do quarto fraca",10,2025-12-23 14:47:51+00,1
" Nao vale o valor, funcionários fracos, o hotel
Me cobrou 2 vezes o valor, só vi por um acaso e me mandaram ver com meu banco.  Não recomendo, cama ruim, não tem janela.",1,2025-12-23 15:16:13+00,-1
o hotel é  bem localizado e o atendimento é ótimo... o café da manhã é muito bem servido e todos são extremamente educados...,8,2025-12-24 00:00:00+00,1
"Excelente atendimento e instalação
Em especial o cuidado da viviana com nosso quarto, fez ate um cachorro com as toalhas",10,2025-12-24 00:00:00+00,1
Excelente lugar,10,2025-12-24 18:17:53+00,1
"Atendimento maravilhoso desde a recepção ao pessoal do café da manhã, garçons muito atenciosos, simpáticos, em especial Caio, Paulo e Jonas. Comida boa, bem servido. Adorei tudo. Parabéns",10,2025-12-25 00:00:00+00,1
"Os funcionários são super educados, Paulo e Jonas do café da manhã, Matheus nos atendeu no check in também muito educado. O Rooftop faz a diferença, a piscina também.",8,2025-12-25 13:25:41+00,1
 Localização  Banheiro com vazamento e serviço ruim. Passei 02 dias pedindo uma toalha extra. O banheiro alagava. Café da manhã com pouca opção.,6,2025-12-25 23:43:51+00,0
Otimo,10,2025-12-26 00:00:00+00,1
Quarto muito bom e o hotel é excelente.,10,2025-12-27 00:00:00+00,1
" Localização, bar na cobertura e o atendimento dos funcionários.  Quando chegamos de viagem, não conseguimos fazer o check in antes das 14:00. Entendo que por falta de apartamento.",8,2025-12-28 11:34:14+00,1
" Quarto grande, cama confortável, tv com vários canais, café achei ok, limpeza impecável e funcionários sempre muito atenciosos, agora o ponto chave dele com toda certeza é a localização, fácil acesso aos pontos turísticos. Um ponto a melhorar são os elevadores nos últimos dias de estadia no final de semana o fluxo de pessoas era maior e com isso os 2 elevadores não estavam dando conta.",10,2025-12-28 12:46:35+00,1
"Excelente localização, roof top muito bacana. 
Agora água da piscina muito quente e horário de uso muito reduzido para um lugar que é quente quase todo o ano.",10,2025-12-29 00:00:00+00,1
 Super limpo e ótimo café da manhã,9,2025-12-29 16:42:18+00,1
"A limpeza, cordialidade de toda a equipe.",10,2025-12-30 00:00:00+00,1
"Atendimento ruim, resolução de problemas péssimo. Quarto sem vedação de luz externa. Roof top tem uma vista linda, mas os drinks deixam a desejar.
Banheiro ficava alagado por vazamentos. Mesmo após o check out pago, enviaram por WhatsApp outras cobranças. Um absurdo o amadorismo desse hotel.",2,2025-12-30 00:00:00+00,-1
"Positivo: localização melhor impossível, tamanho quarto, funcionários, acessos, café da manhã, colchão, chuveiro, internet.

Negativo: falta tampa lixeira banheiro, barulho crianças.",10,2025-12-30 12:27:33+00,1
" Principalmente a localização, tudo por perto. Café da manhã ótimo. Tamanho do quarto, bem espaçoso. Cama excelente, grande. Chuveiro muito bom.  Senti falta do cofre no quarto. Falta tampa na lixeira banheiro. Isolamento acústico dos quartos do lado não é bom.",10,2025-12-30 12:55:17+00,1
" Hotel maravilhoso, tudo limpinho, as camas confortáveis. Café da manhã maravilhoso.  Creio que seja por conta do final de ano, mas algumas vezes tive que esperar o elevador por uns 10 minutos, só me atrapalhou por que estava com meus dois avós, se não fosse eles não me importaria.",10,2025-12-30 16:04:26+00,1
"Nossa experiência foi extremamente decepcionante. Se esse é o padrão de atendimento oferecido aos clientes do aplicativo Primeira Mesa, o estabelecimento precisa rever seriamente sua postura.

A impressão deixada foi a de um local que prioriza apenas clientes considerados “de alto nível”. Informar de maneira pouco cordial que pratos como camarões e hambúrgueres estavam em falta — enquanto eram servidos na mesa ao lado — foi, no mínimo, inadequado. Caso esses itens não estivessem incluídos na reserva do aplicativo, uma explicação clara e respeitosa teria sido suficiente, o que entenderíamos perfeitamente.

A frustração aumentou com o prato principal: os “medalhões de mignon” aguardados chegaram à mesa como tiras finas, excessivamente passadas e parecendo requintado.
Sinceramente, não sei se o problema está no chef ou no aplicativo, pois não vejo dificuldade alguma em preparar medalhões de mignon. Meu marido e eu já fizemos em casa, apenas com sal, pimenta e regando na manteiga com alecrim — e o resultado foi excelente. Fica a dica.

Ressalto, porém, que o atendimento da Maria não se enquadra nas críticas aqui relatadas. Ela demonstrou gentileza e atenção do início ao fim.",4,2025-12-30 17:09:32+00,-1
" Localizaçao  O elevador demora demais, e o horario da piscina.",7,2025-12-30 17:47:40+00,0
 A estrutura é muito boa. Os funcionários são atenciosos.  A cobrança dos gastos com o bar são confusas e pouco transparentes.,8,2025-12-31 11:05:04+00,1
 Quarto excelente! Hotel muito bem localizado. Perto de vários restaurantes.  Os elevadores não suportam a demanda e o local do café também é pequeno.,8,2025-12-31 11:24:48+00,1
"Muito bem localizado. Atendimento do café da manhã excelente, funcionário Jonas e Daniela sempre atentos e prestativos. O restaurante serve pratos ótimos e com rapidez.",10,2026-01-01 00:00:00+00,1
"O café da manhã foi reduzido em relação a minha estadia ,em fevereiro tinha mais opções e variedades no café da manhã ! A qualidade caiu um pouco .",8,2026-01-01 00:00:00+00,1
"Etwas in die Jahre gekommenen hotel, leider ohne Smart-TV.",8,2026-01-01 17:02:36+00,1
"Um ótimo 3 estrelas. Bem localizado, quartos limpos e confortáveis. Atendentes bem atenciosos. Café da manhã de boa qualidade.
O restaurante Sky Bar, porém, tem um serviço muito ruim, não recomendo.",10,2026-01-02 01:11:00+00,1
" Tamanho do quarto, localizacao!  Elevador é insuficiente para demanda.",8,2026-01-02 01:32:13+00,1
" Decent stay, good location",8,2026-01-02 15:11:42+00,1
"Difficile d'avoir un avis tranché sur cet hôtel qui possèdent certes des points forts mais aussi des points faibles.
Aspects positifs : 
* l'emplacement au centre d'Iguaçu et la possibilité de bénéficier d'une offre de restauration aux alentours variée et bonne. 
* Le petit déjeuner buffet est très complet  et les produits de bonne qualité
* Le rapport qualité / prix reste favorable

Aspects négatifs : 
* Le principal et majeur : une climatisation très / trop faible dans les chambres alors qu'il fait très très chaud et particulièrement humide en été dans cette zone (orages quasiment tous les jours), pas de climatisation dans les couloirs. Le linge présent dans nos valises était humide à notre départ au bout de 3 nuits...
* la salle du petit déjeuner (un peu tristoune). 
* la salle de restauration au dernier étage est bien triste sauf si vous pouvez manger en terrasse (pas souvent possible à cause des orages)
* l'offre de restauration ne nous a pas séduite et l'attente avait été interminable.

Si nous devions revenir à Iguaçu, nous tenterions un établissement concurrent.",6,2026-01-03 00:00:00+00,0
Atendimento muito bom,10,2026-01-03 00:00:00+00,1
" Localização fascinante 
Cardápio variado
Vista excelente 
Bons drinks 
Arrumação do quarto 
Espaço do quarto 
Próximo a restaurantes 
Próximo à ponte da amizade 
Facilidade para chegar e sair 
Comércio próximo 
Rooftop de tirar o fôlego 
Café da manhã variado  Nada , o hotel é completo",10,2026-01-03 02:25:52+00,1
"Minha estadia mal começou e logo no primeiro dia ja tive de enfrentar o maior desrespeito com o hóspede, ao estacionar meu carro no estacionamento recebi a notícia que o estacionamento era pago e tudo bem, porém nao tinham vagas as 23:00 da noite e tivemos que estacionar na rua a uma certa distância do hotel, alem de nao cumprirem com a função do estacionamento nos trataram com total desrespeito ao dizer que a responsabilidade era nossa em estacionar nosso carro na rua e que o estacionamento se dizia rotativo, fomos tratados com total desrespeito. Durante o dia tambem nos entregaram o quarto com uma cama a menos do que o prometido. Como conclusão nao recomendo pela falta de respeito e outros fatores com o tratamento com o hóspede",2,2026-01-03 02:47:08+00,-1
 O atendimento dos funcionários é rápido e eficiente. Precisamos de manutenção no quarto duas vezes e o problema foi resolvido em 10 minutos.  O café da manhã tem reposição demorada e o número de elevadores não dá vazão para atender a muitos quartos em muitos andares.,9,2026-01-03 13:34:04+00,1
Equipe e café da manhã,8,2026-01-04 00:00:00+00,1
"Pessimo estacionamento que não tem vaga pra todos os hóspedes! Teve família com bebê de colo indo deixar o carro no estacionamento do íbis como a recepção sugeriu! Que vc claramente tem mais estrutura! Fora o tempo de espera pro elevador chegar, isso quando não chegava lotado! Janela entrando muita água e banheiro com vazamento! Uma pessima experiência
O que salvou foi o atendimento do pessoal no café da manhã e no bar à beira da piscina",2,2026-01-04 21:44:56+00,-1
"The hotel is in a great location, right in the centre of everything with numerous bars, restuarants & shops close by. The breakfast was very good, the room was very clean and the bed was comfy. 
The only criticism that I would have is that the lifts are very slow and when we were on the top floor, then going down to and coming back up from breakfast was painful as the lifts were stopping at nearly every floor.",8,2026-01-05 00:00:00+00,1
O estacionamento é limitado em vagas e apos estar cheio mandam a gente procurar vaga na redondeza para estacionar.,6,2026-01-05 00:00:00+00,0
"a diária mais cara foi o dia 31/12, no entanto o hotel buscou faturamento muito alto para o pequeno espaço no hoof top e com isto os demais hóspedes ficaram com opção bem limitada da refeição da virada e ainda a carne servida estava com sabor/ cheiro de apodrecendo …prejudicando o principal dia da hospedagem..!!!",6,2026-01-05 00:00:00+00,0
Não vale o valor cobrado,4,2026-01-05 00:00:00+00,-1
" Camere spaziose , la dlsponibilita’ del personale , la piscina .",10,2026-01-05 12:08:57+00,1
" Amo a localização, os quartos são amplos sempre limpos e uma organização maravilhosa.  Eu gostaria de deixar a sugestão sobre limitar o uso da piscina até as 18:30. Foz é muito calor e chegamos de viagem loucos por um banho de piscina e uma bebida para refrescar e isso nos deixou um pouco frustrado assim como outros hóspedes que estavam no local.",10,2026-01-05 20:00:24+00,1
" Great restaurant on the top floor, and rooftop pool / viewing area.",9,2026-01-05 23:01:05+00,1
"Quartos limpos, pessoal educado",10,2026-01-06 00:00:00+00,1
"Maravilhoso visitar o Ski Bar. A equipe perfeita... Maria, Lucas, Diego... Só agradecimento pela acolhida de minha família. Excepcionais... Drinks e comida saborosas... Valor justo... Pôr do Sol único.",10,2026-01-06 00:00:00+00,1
"Horrível.
Hotel com um grande problema com estacionamento.
No meu caso ainda pior.
Tenho camionete grande e como não tem manobristas fica ainda pior, tendo em vista que o estacionamento do subsolo é muito apertado e com os carros muito mal estacionados.
Mas ainda piorou.
No segundo dia nem estacionamento apertado tinha no hotel.
E o mal atendimento dos recepcionistas piora.
Falaram que eu tinha que me virar com o meu carro e procurar um estacionamento em outro hotel, um absurdo.
Tive q estacionar meu carro no pátio de uma lavação e ainda deixar a chave com o cara que lá estava.
Não tem como aceitar um descaso desse da parte desse hotelzinho fuleiro.
Nossa família vem todo ano para Foz, já fiquei em hotel sem reserva e nunca passei por tantos problemas.
NÃO RECOMENDO ESSE HOTEL PARA NINGUÉM.",2,2026-01-06 02:42:16+00,-1
" Da localização do hotel
Da piscina com skybar 
Do café da manhã 
Das pessoas muito simpática",10,2026-01-06 18:17:10+00,1
"Quarto espaçoso com camas grandes, mas as toalhas de banho precisam de um upgrade.
No décimo sétimo andar, há um bar com piscina. Comida excelente, atendimento exemplar.
Café da manhã ótimo.",10,2026-01-07 02:53:15+00,1
" Clean and comfy  Size of TV
Price could be lower.
Rooftop is not that big
Live music was too loud...",8,2026-01-07 09:21:32+00,1
" Acomodação bem confortável  !!  Pra limpar o quarto tem que colocar a plaquinha !!
Uma coisa que me deixou bem frustrado foi o estacionamento !! 
Pq é cobrado mas é rotativo, ou seja se vc sair com o carro e volta mais tarde não tem mais vaga, aí tem que deixar o carro rua … 
Mas ninguém te explica isso !!!",7,2026-01-07 10:27:08+00,0
" Quarto silencioso, tamanho bom.  No quarto a cortina blackout não fechava muito bem e o quarto ficou muito claro durante a noite. 
Ficamos hospedados na noite de 30/12, vespera de Ano Novo e o valor foi extremamente alto, cerca de 3 vezes o cobrado normalmente.",9,2026-01-07 11:23:09+00,1
" Localização 
Atendimento 
Instalações, terraço lindo, piscina boa.  Detalhe no banheiro do quarto, que não deu tempo de arrumar enquanto estava no hotel. Vazamento do box para o banheiro, que deixou perigoso o piso.",9,2026-01-07 18:39:30+00,1
" Localização excelente, instalações novas e aconchegantes, cortesia da equipe.  Sem comentários.",10,2026-01-07 18:49:11+00,1
La relación calidad precio es buena.,8,2026-01-08 00:00:00+00,1
"Quarto confortável, mas café da manhã deixou a desejar um pouco",8,2026-01-08 00:00:00+00,1
" Hotel superou as expectativas. Experiencia incrível do início ao fim. Hotel confortável, limpo, ótimo café da manha.
Gostaria de destacar o  excelente atendimento da recepção (EVELYN e MATHEUS) com muita cordialidade, um diferencial do hotel. NOTA 10 a eles.  De ir embora rsrs",10,2026-01-08 00:01:15+00,1
"Nada a reclamar.  Td mto bom! Localização,  atendimento,  limpeza! Recomendo.",10,2026-01-08 11:03:31+00,1
" Funcionários excelentes, café da manhã e piscina.  Restrição de usar a piscina depois das 18 horas",9,2026-01-08 17:14:14+00,1
"Excelente estadia! Vista magnífica! 
Cama confortável, café da manhã saboroso, o rooftop é incrível com excelentes opções no cardápio.",10,2026-01-09 00:00:00+00,1
Elevadores lentos.,6,2026-01-09 00:00:00+00,0
"A experiência no hotel, infelizmente, ficou aquém do que foi prometido e do que se espera de um estabelecimento que se posiciona como premium.

Desde o momento da reserva, há um problema de expectativa: o hotel informa que possui estacionamento, porém, ao chegar, somos informados de que o serviço é cobrado à parte e, pior, que as vagas são rotativas e insuficientes para atender todos os hóspedes. Como consequência, em uma noite, fomos obrigados a deixar o carro em um estacionamento localizado a quase 2 km do hotel, o que é completamente incompatível com a proposta e o padrão que o hotel busca transmitir.

No rooftop, fomos apenas para apreciar a vista, mas ao nos sentarmos, um garçom imediatamente entregou o cardápio e permaneceu nos observando de forma constrangedora, como se fosse obrigatório realizar um consumo. Esse tipo de abordagem gera desconforto e passa uma sensação de pressão, o que vai na contramão de uma experiência sofisticada e acolhedora.

No café da manhã, o problema se repetiu de outra forma. Os funcionários circulam constantemente recolhendo pratos, muitas vezes sem sequer perguntar se o hóspede já terminou. Em um dos momentos, meu prato foi retirado enquanto eu ainda estava utilizando. Isso transmite a impressão de desorganização ou até de escassez de louça, além de tirar completamente o conforto e a tranquilidade da refeição.

Ficou muito claro que há uma preocupação excessiva com detalhes estéticos (como alinhamento de cadeiras e aparência do salão) enquanto aspectos fundamentais da experiência do hóspede, como conforto, privacidade e fluidez no atendimento, acabam sendo negligenciados.

O hotel parece mais preocupado em “parecer” sofisticado do que em realmente proporcionar uma experiência sofisticada. Isso gera frustração, quebra de expectativa e, infelizmente, nos leva a não recomendar o local.

Espero que esse feedback seja utilizado para ajustes reais, porque o potencial do espaço existe, o que falta é colocar o hóspede no centro da experiência.",2,2026-01-09 12:34:25+00,-1
" A piscina fecha muito cedo pra uma cidade muito quente e com as pessoas voltando dos passeios no final da tarde.
Uma pena. De 6 pernoites só usei na minha chegada pois não havia passeio programado",10,2026-01-09 17:11:51+00,1
" Gostei somente do atendimento e das refeições do restaurante e das camareiras.  Relatam ter estacionamento na reserva. Porém este é pago por dia de uso e com vagas muito limitadas. Todos correm o risco de não ter onde estacionar quando chegar com o carro de alguma atividade. Funcionários de atendimento não sabem o que fazer para qualquer questão apresentada. Possuo deficiência física e ao estacionar o carro na minha vaga devida, fui avisado que não poderia estacionar porque o carro era alugado sem o cadastro. No entanto, todo dia tinha um carro sem pessoa com deficiência estacionado ali. O gerente não soube explicar e eu que me vira-se para estacionar em outro hotel. Atitude que poderia imaginar preconceituosa. Os quartos apresentavam defeito nas fechaduras e ficávamos refém de esperar alguém para destravar. Foi muito mal atendido com a exceção do restaurante, garçons e camareiras.",3,2026-01-09 21:42:53+00,-1
Satisfação,10,2026-01-10 00:00:00+00,1
Hotel ok,6,2026-01-10 00:00:00+00,0
Mala atención al pasajero que pago por la habitacion.Les interesa vender en el rooftop el servicio del restaurant a gente que no para en el hotel y el pasajero tiene que hacer largas colas para subir al ascensor para ir a su habitacion porque hay gente que solo viene a tomar una bebida en el rooftop.Conosco los 3 hoteles Viale en Foz y este es el de peor atención al pasajero y cuando querés hacer un reclamo al gerente te contestan que esta ocupado y nadie te soluciona el reclamo a diferencia de los otros dos Viale que te tratan con cordialidad.Si querés ver Foz desde un piso 18 con una picina del tamaño de tu bañadera y una terraza pequeña que están todos apretados con solo 4 tumbonas y 4 sombrillas y te invitan a irte a las 18hs si no consumiste nada este es un hotel para brasileros y no para turistas estrangeros que buscan tranquilidad y buena atencion. EL VIALE TOWER es una mentira en todos sus servicios.,4,2026-01-10 00:00:00+00,-1
" Absolutamente nada  Lamentable, habitaciones con mal olor pedimos cambio de habitación, nos dieron otra habitación con el aire acondicionado con desperfectos y sin funcionar, personal con pésima reacción ante la situación",1,2026-01-10 02:46:27+00,-1
 Tudo muito bom.  Cama muito ruim.,10,2026-01-10 14:09:02+00,1
" Tudo tudo limpo,cafe da manha maravilhoso",10,2026-01-10 15:04:32+00,1
 De 10.lastima el.estaciinamiento mal organizado sacamos el auto volvimos mas tarde y no había mas lugar y el hotel no dio ninguna solución y tuve q  buscar otro estacionamiento a cuadras del hotel y el horario de la piscina y tendría q ser mas largo y horario de cocina,10,2026-01-10 16:04:24+00,1
"Hotel com manutenção bem precária. Ar condicionado não funciona bem e quando avaliado, estava imundo, cheio de mofo e com MUITO pó acumulado no filtro. Além disso, rejuntes do banheiro com bastante limo e
as toalhas de banho estavam também com mal cheiro.

Alem disso, para usar o elevador precisa ter
Muita paciência pois demora demais. Não tem inteligência e os 2 elevadores não suportam o fluxo de 17 andares de hotel.",4,2026-01-10 17:50:32+00,-1
"Quarto confortável, chuveiro bom",10,2026-01-11 00:00:00+00,1
"Gostamos bastante do hotel, bem limpo, bom atendimento e em especial quero destacar do Paulo Melo super atencioso, educado, sem dúvidas trabalha com amor... 
Com certeza voltaríamos ao local ..",10,2026-01-11 00:00:00+00,1
"Gostamos do hotel. Meu marido tem doença celíaca, fomos bem atendidos pelo Jonas no café da manhã. Demonstrou boa vontade para nos trazer alimentos sem glúten separados, sem contaminação cruzada. Pontos que deixam a desejar são o horário da piscina, que fecha as 18h por conta do funcionamento do restaurante, e o sky bar. Pedimos um prato que não estava gostoso, carne dura, tivemos que deixar de lado. Fora isso tudo muito bom",8,2026-01-11 11:46:33+00,1
" Ótima Localização, perto de tudo ,restaurante,sorveteria e comércio! Fácil acesso! Amei o Sky bar com uma vista maravilhosa!",10,2026-01-11 15:07:25+00,1
" el hotel es muy lindo , cómodo , limpio, ideal para pasar unos días de descanso , la ubicación es muy buena , muy próximo a bares y restaurantes con música en vivo ,  el bar de la terraza muy lindo , con muy buena atención y rica la comida y los tragos",10,2026-01-11 15:19:52+00,1
 Die Zimmer waren sauber und geräumig für zwei Personen. Die Lage ist ebenfalls top.,10,2026-01-11 22:28:32+00,1
 Da localização  Falta de manutenção.,6,2026-01-11 23:31:44+00,0
"Localização, atendimento da equipe e instalações.",10,2026-01-12 00:00:00+00,1
"Det første rommet jeg fikk var ikke i henhold til bestillingen. Der var det også mugg på badet der. Jeg fikk skifte rom uten problem, men standarden er altså varierende fra rom til rom. Rommene er eldre enn det fremstår som på bildene og flere er i behov av oppgradering. Servicenivået er bra og alle er veldig vennlige. God frokost. Litt harde senger.",6,2026-01-12 00:00:00+00,0
 Café da manhã  Falta de estacionamento,7,2026-01-12 01:32:13+00,0
" Boa localização, funcionários simpáticos e proativos, boa cozinha, quarto espaçoso, cama e banheiros mto bons e café da manhã com diversas opções.  Mtas vezes o elevador fica “congestionado” devido alto fluxo.",10,2026-01-12 01:38:48+00,1
" O hotel tem quartos demais e falta estrutura para o hospede. O estacionamento nao comporta todos os hospedes, a tendente recomendou outro, que claro, estava lotado. Tem que procurar lugar na rua, que tambem é bem movimentada. o hospede fica por sua conta e risco.
Outra comodidade que não atende é o café da manha, com filas na porta para entrar. sobre o café, é bem ruim, as comidas não tem sabor, tudo sem graça, feito só para constar que tem.",6,2026-01-12 17:44:32+00,0
" É  a melhor localização de Hotel, bem no centro da cidade, ao lado de muitos barzinhos, bancos, farmacias, etc.  A política de estacionamento é ruim. Mesmo sabendo que é a parte o custo deste, são pouquíssimas vagas. É necessário buscar nas imediações outros estacionamentos para colocar o carro, se estiver lotado. Eu precisei colocar em outro ao lado do IBIS e foi péssimo...
Outra observação é em relação às tomadas. Não tem dos dois lados da cama, apenas um lado.",9,2026-01-12 18:34:33+00,1
" Cama, chuveiro, rooftop.  Elevador. Muito demorado, pois estávamos em andar alto.",8,2026-01-12 20:50:14+00,1
" Localização  Falta de espaço no estacionamento, por dois dias tivemos que procurar na rua local para deixar passando a noite,mesmo cobrando R$ 45,00 por carro. Deixando pessoas normais pararem na vaga de idosos e cadeirantes sem identificação. 
Péssimo para imagem do hotel.",5,2026-01-12 22:53:31+00,0
"Sim, tudo muito maravilhoso. Só o estacionamento que não é muito bom.",8,2026-01-13 00:00:00+00,1
"Boa localização, equipe qualificada e simpática. Ótimo custo/benefício. Recomendo, com certeza.",10,2026-01-13 00:00:00+00,1
"A estadia foi muito boa. Hotel organizado e limpo, com bom café da manhã. 
Visto grande parte dos passeios acontecer pela manhã, seria interessante que o serviço de quarto ocorresse pela manhã, para que os hóspedes possam descansar tranquilamente na parte da tarde. 
O SKY bar é muito bom e o ambiente é agradável, contudo, o acesso de não hóspedes tira a privacidade das pessoas que estão hospedadas no hotel.",8,2026-01-13 00:00:00+00,1
" Хороший отель для 3 звёзд. Выезд в 12, завтрак до 10.30, вечером небольшая программа с музыкой. Завтрак стандартный. В целом всё не плохо.  Забронировали 2 ночи. Из-за переноса рейса (что частое явление) успели приехать только на последнюю ночь. Отправили заявку на изменение цены заблаговременно (даже не просили о том, чтобы платить за 1 день из двух, просто хотя бы скидку). В итоге отель отказал. Может быть отель был и не обязан давать скидку, но здесь спрашивается общее впечатление и естественно оно не может быть хорошим, когда за одну ночь пришлось заплатить двойную стоимость по цене Хилтона. Так что если у вас возникнут форс-мажорные обстоятельства, будьте уверены что администрации отеля на это наплевать.",5,2026-01-13 04:42:52+00,0
 Gostei da localização. Bares e restaurantes por perto. No entanto a acústica do quarto não é boa. O local é barulhento demais.  Café da manhã bem ruim. Colchão velho e torto. Chuveiro vazava água para dentro do banheiro (box com defeito). A cortina não fecha direito e o quarto não fica escuro prejudicando a noite de sono. Drink's do bar horroroso. Frigobar não gela direito. Pedi um copo com gelo para poder beber a água quente que estava no frigobar e queriam cobrar a mais por duas pedras de gelo. Simplesmente um horror.,1,2026-01-13 16:52:00+00,-1
" El desayuno, la comodidad de las camas, la atención del personal y la limpieza  Todo fue agradable",10,2026-01-13 17:40:58+00,1
"Sou cliente do Hotel há anos, porém foi esquecido um item no quarto e é impossível falar com eles. Já tentei redes sociais, emails, telefones enviados por canais oficiais e pelo Google e simplesmente não tenho resposta.",2,2026-01-13 17:55:42+00,-1
"A equipe da recepção é muito boa e atenciosa, prontos para resolver qualquer situação.  Peguei um quarto no 16o andar, com cama barulhenta , telefone para chamar a recepção sem funcionar,  sem toalha de rosto, sem funcionar o cartão do quarto na 1a vez e com um barulho durante toda a

 noite ( provavelmente do frigobar.",6,2026-01-14 00:00:00+00,0
 Ótima localização. Funcionários atenciososo. O quarto tem um ótimo tamanho e o chuveiro é muito bom. Os colchões são confortáveis.  Elevador muito demorado. Em horários de pico tivemos que recorrer à escadaria.,8,2026-01-14 14:50:25+00,1
"O cardápio do café era muito variado e farto. Os quartos são amplos e limpos.No andar que ficamos (sexto) não tinha uma vista bonita da cidade, mas em compensação no Rooftop a vista era belíssima. Por falar em rooftop, acredito que o cardápio poderia oferecer uma maior variedade, principalmente bebidas, mas tudo que consumimos lá foi bem servido (porção grande) e saboroso. Os pontos negativos foram a demora para entrega dos pedidos e a disputa do espaço com os hospedes que frequentavam a piscina. Acredito que à noite, a piscina nem deveria ser utilizada, pois o espaço é pequeno demais para trânsito e fica a área comum toda molhada, podendo causar quedas.",10,2026-01-15 00:00:00+00,1
" desayuno, limpieza, personal todo en general  el horario de la piscina. lo extenderia un poco mas",10,2026-01-15 16:21:28+00,1
" Great location, easy walk to restaurants and bars.  Rooftop bar was beautiful, breakfast was incredible.",9,2026-01-16 00:41:10+00,1
" O hotel me surpreendeu muito positivamente. Um prédio novo e muito bonito, camas confortáveis, limpo. Café da manhã variado. Funcionários receptivos e acolhedores. Hotel muito bom. Rooftop com piscina de borda infinita, restaurante com refeições saborosissimas.  A quantidade de elevadores em relação à quantidade de andares requer organização e antecipação para nao ocorrer atraso.",10,2026-01-16 01:32:00+00,1
"Horrível !!

Experiência extremamente negativa.  Não recomendo essa hospedagem.",2,2026-01-16 05:14:11+00,-1
El Bar en la terraza es muy lindo. Ir a ver el atardecer es recomendable mientras tomas buenos tragos. Se cobra el ingreso a la terraza.,10,2026-01-16 22:51:07+00,1
"Hotel padrão 3 estrelas, nada incomum",6,2026-01-16 23:55:08+00,0
Sim,10,2026-01-17 00:00:00+00,1
Look good give you 5 star,10,2026-01-17 00:29:26+00,1
" O café da manhã variado e com novidades diárias foi bem positivo.  A cama de casal não era da mais confortáveis. Normalmente as camas tem toppers no colchão, são maiores que a casal tradicional. Foi uma cama+colchão bem simples e não super confortável",9,2026-01-17 15:00:54+00,1
" Room was very spacious and clean. In a good location, 20 minute drive from Airport and Foz do Iguaçu. Staff were very helpful in arranging a taxi to visit Foz do Iguaza. Lots of restaurants a short walk from the hotel.  Nothing",9,2026-01-17 15:03:55+00,1
" Tudo. 
Localização próxima de diversos restaurantes e bares , farmácia proxima. Rooftop com linda vista e atendimento diferenciado principalmente pelo Diego. Ar condicionado muito bom e limpeza do quarto também.",10,2026-01-17 15:09:53+00,1
" Todos equipamentos funcionando perfeitament. Camas confortáveis e silêncio proporcionado pela vedação das janelas.  Demora dos elevadores, pois são pequenos e o preço do estacionamento que está alto. Poderia haver mais tomadas disponíveis na cabeceira das camas.",10,2026-01-17 19:54:44+00,1
" Boa localização, bom café da manhã, funcionários muito atenciosos.  A única coisa que o hotel teria que melhorar é a questão do elevador. Normalmente tem muita fila para o elevador.",9,2026-01-17 20:26:48+00,1
Ninguno,8,2026-01-18 00:00:00+00,1
 Localização  O estacionamento não comporta o hotel. Eu os outros hóspedes ficamos sem estacionamento e sem aviso prévio que poderia “lotar” o estacionamento. Nenhuma solução plausível foi feita somente um “… tem estacionamentos privados na rua de cima …”,3,2026-01-18 00:43:15+00,-1
" Pouca acessibilidade para pacientes com deficiência física, não vá nesse hotel se tiver deficiência, limitação. A Camareira quando pedi pra limpar o banheiro apenas varreu e trocou as toalhas, não passou pano no chão e nem limpou o vaso sanitário",7,2026-01-18 15:54:05+00,0
"falta variedade café da manhã
 vazamento box banheiro",4,2026-01-19 00:00:00+00,-1
"Gostei, só o elevador que deixou a desejar",10,2026-01-19 00:00:00+00,1
" Quase nada.  Acústica horrorosa, ae condicionado barulhento, elevadores demorados e ruins danificados.",3,2026-01-19 00:27:29+00,-1
 O café da manhã e o atendimento.,5,2026-01-19 13:33:10+00,0
" Ubicacion, habitacion  nada",8,2026-01-19 21:53:26+00,1
Café da manhã muito bom! Localização excelente com bares e restaurantes perto.,10,2026-01-20 00:00:00+00,1
 Le bruit de la rue. Mauvaise insonorisation,8,2026-01-20 00:04:53+00,1
" Boa noite. 
Gostamos do Sky Bar, área, piscina, vista, atendimento 10.",10,2026-01-20 00:31:26+00,1
 Localização  Elevador demorado,9,2026-01-21 01:03:59+00,1
" Albergo molto carino e interessante , camere spaziose e pulite. Bellisimo il roof top con la piscina, dove poter cenare e fare l'apertivo a bordo piscina. Da su si vede il Paraguay. e' stato un buon soggiorno.",9,2026-01-21 20:48:47+00,1
" Equipe muito educada, bom café da manhã e localização boa para quem pretende aproveitar a vida notura em Foz. Os elevadores não me incomodaram como havia lido em vários comentários aqui em relação à demora, e olha que o hotel estava cheio.  Achei o rooftop com uma estrutura já bem gasta, desbotada, não muito boa. Piscina bem pequena e por ser junto com as mesas acaba não sobrando quase espaço nenhum para se andar.  Pensei que fosse aproveitar porque a cidade é absurdamente quente, mas não fiquei a vontade para entrar. Nas fotos parecia mais espaçoso, pois onde se vê espreguiçadeiras, colocaram mesas com cadeiras e mal dá para passarmos para o outro lado pq temos que nos equilibrar para não cair na piscina. No mais, tudo ok.",7,2026-01-21 21:57:44+00,0
" En general me gustó todo, pero ya que es un hotel de frontera en recepción tendría que haber alguien que hable castellano  Lo mencionado arriba",9,2026-01-21 23:42:53+00,1
"Hotel com café da manhã ruim, sem variedade, todos os dias tinha exatamente a mesma coisa. 
Limpeza e arrumação do quarto boa, porém toalhas de péssima qualidade, parecia pano de chão. 
Elevador muito ruim, pequeno e demorado pelo tanto de quarto que o hotel tem. 
Localização do hotel boa, porém estacionamento caríssimo e sem vagas disponíveis para o número de quarto que o hotel oferece.",6,2026-01-22 00:00:00+00,0
 La pileta y el bar fue lo más lindo. Y el desayuno  El precio es muy alto para una habitación normal y el baño tenía mal olor,6,2026-01-22 14:23:52+00,0
" Relativamente todo bien  No tiene pava eléctrica 
La piscina está en un bar. Entonces hay gente vestida para cenar a las 7pm y no da para estar en la piscina con la mesa al lado.",8,2026-01-22 14:28:04+00,1
" Boa estrutura. Muito bem localizado. Café da manhã bom. Vale muito a pena, ótimo custo benefício.  Wi-Fi é bem ruim.",10,2026-01-22 18:19:41+00,1
"Excelente hotel e atendimento!
Localização muito boa!
Cama, Ar e Chuveiro, como perfeito!
Só um ponto de atenção: café da manhã é bom, mas as mesmas opções todos os dias! De 7 dias, zero mudança de cardápio.
Vale agregar cuscuz e raízes!",10,2026-01-23 04:13:46+00,1
 Do quarto  Do estacionamento,9,2026-01-23 11:30:17+00,1
" Eu gostei de tudo, quarto grande e limpo, cama confortável.",10,2026-01-23 17:45:05+00,1
" Good location and has a pretty rooftop. The rooms were clean.  There wasn’t anything necessarily bad, it just looks nicer in the photos than it does in real life.",7,2026-01-24 14:19:52+00,0
 Ambiente espaçoso e confortável.  O kit de banheiro poderia ter mais itens.,9,2026-01-25 01:51:20+00,1
 Ok  Ok,9,2026-01-25 13:12:06+00,1
" O café da manhã é bom, a localização é excelente! A acomodação é confortável, ótimo custo-benefício.",8,2026-01-25 15:21:45+00,1
 Tudo  Nada,10,2026-01-25 18:55:30+00,1
 Excelente hotel . Funcionários muito atenciosos e educados.  No 17 andar tem piscina aquecida e um bar top onde servem vários lanches. Quarto limpo . Preço justo.  Realmente estao de parabéns!!!  Nada. Tudo nota mil,10,2026-01-26 03:25:13+00,1
" excelente  sempre fico no Hotel Vialle, ótimo atendimento, estrutura, localização e custo justo.
Minha reclamação e apenas com os colchões (muito cansado, afundado ).
Precisa uma atenção especial nesse quisito.",6,2026-01-27 13:57:27+00,0
 Limpo e espaçoso  Nada,10,2026-01-27 15:17:14+00,1
" The location is pretty good, close enough to very good options for meals. The breakfast is really great.  We have to pay for parking. The noise around can be something boring because the windows acoustics aren’t good.",8,2026-01-27 21:33:46+00,1
" Bem localizado, limpo, sky bar com vista agradável para a cidade, quarto simples mas confortável  Nada que fiquei insatisfeita. Mas também nada que tenha gostado muito. Tudo mediano.",7,2026-01-28 14:55:55+00,0
" Meu carro ficou no estacionamento, todos os meus passeios fiz pelo por carro de aplicativo, na volta vi que meu carro estava com amassado na porta, chamei a funcionária que tirou foto, e falou que iria ver e me dar uma resposta e não me retornou, já tem 25 dias, tive que arrumar do meu próprio bolso.",5,2026-01-28 18:53:27+00,0
" Llegamos al hotel a las 01:00 am, fue una estadia de transito. Nos atendieron muy amablemente y nos ofrecieron incluso el late check out si lo necesitabamos!!  Todo me gusto",10,2026-01-28 21:04:35+00,1
"El chico que nos recibió x la mañana muy atento y educado,

El chico que nos hizo el check in posterior no muy atento, muy cortante, no muy amable no nos hizo estar en armonía con el lugar,
Al final se logró el check in..
Todo bien, regresaría a este hotel de nuevo",10,2026-01-29 01:34:54+00,1
" Excelente! Hotel bem localizado, pertinho dos melhores restaurantes e vida noturna de Foz. Possui uma excelente estrutura, bom café da manhã e um pôr do sol incrível, com uma piscina e bar na cobertura.  Excelente.",10,2026-01-29 12:01:11+00,1
Ótimo hotel.,10,2026-01-29 12:21:49+00,1
" O café da manhã era incrível, a comida no restaurante é muito boa, Sky Bar tinha uma vista incrível e com ótimos drinks custo-benefício. Muita opção para almoço, janta, e cafeteira nas redondezas, todos os atendentes muito simpáticos, atenciosos e com muita hospitalidade.  Estacionamento muito apertado para quem tem carro de médio para grande.",9,2026-01-29 14:07:03+00,1
 Localização e o sky bar,9,2026-01-30 00:31:15+00,1
"É um bom hotel, cama confortável, ar condicionado potente - foi item de primeira necessidade, pegamos uma semana de muito calor na cidade, chuveiro excelente. O que me deixou curiosa foi o fato de não deixarem toalhas de banho suficientes, estávamos em 3, e só deixavam 2, todas as vezes que limpavam. Foi preciso solicitar, sempre que tomávamos banho. Localização é um diferencial, perto de locais bem badalados e para todos os bolsos e gostos.",8,2026-01-30 01:47:12+00,1
 La ubicacion y la comodidad de las habitaciones  Nada,9,2026-01-30 13:34:25+00,1
The hotel is dated but so clean and neat. Breakfast was awesome. The staff was exceptional.,10,2026-01-30 17:50:42+00,1
" Good and spacious room
Good breakfast

Prime location  No electric kettle in the room",9,2026-01-31 19:10:21+00,1
 Breakfast and location  Overpriced,10,2026-01-31 22:26:07+00,1
 Rooftop and location  Rooms a bit tired,9,2026-01-31 22:52:18+00,1
"Não sou uma pessoa exigente, mas confesso que espera muito mais desse hotel, recepção no check in, dando a mínima em ajudar, estacionamento caro cobrado a parte e o pior, horrível , parecia um deposito, o box do banheiro cheio de mofo, café razoável pra bom, a localização é ótima e a area da piscina muito bonita, quarto com bom tamanho mas o colchão bem fraco, efim minha experiência não foi das melhores",6,2026-02-01 00:00:00+00,0
" Ótima localização. 
Próximo a restaurantes , farmácia , sorveteria e postos de gasolina . Estacionamento no subsolo . 
Equipe atenciosa e prestativa . 
Ótimo café da manhã  Nenhuma reclamação",10,2026-02-01 03:05:34+00,1
 Falta de reposição de toalhas. Elevador confuso e demorado.,8,2026-02-01 14:39:14+00,1
 Rooftop  Elevador lento. Sem iluminação adequada. Apenas 1 cadeira em 1 quarto de casal.,8,2026-02-01 14:40:35+00,1
"Nossa o hotel foi um das melhores experiências aqui no Iguaçu, todos os detalhes foram perfeitos, muito obrigada pelo carinho e atenção, ficamos muito felizes com tudo. Nós vamos enamorados do hotel e da cidade, as lembranças desta cidade são muito boas e muito lindas. Gostamos demais, tudo virou perfeito e vamos voltar com certeza.",10,2026-02-01 19:52:52+00,1
" A localização é muito boa, perto de restaurantes.  O estacionamento é apertado e não tem vaga para todo mundo. Também é difícil de parar na rua",8,2026-02-01 23:24:55+00,1
 Incrível! 🤩,10,2026-02-02 01:38:57+00,1
 La situation le confort le tarif,10,2026-02-02 09:35:59+00,1
" Excelente localização, quarto confortável, café da manhã variado, piscina aquecida, jantar do hotel com excelente custo benefício que super vale a pena jantar e curtir a vista e piscina. Comida bem saborosa. Funcionários receptivos, nos deram dicas de passeios.",10,2026-02-02 10:59:57+00,1
 Todo limpio  .,10,2026-02-02 18:32:54+00,1
" Simplesmente tudoooo… Localização perfeita, com muitos restaurantes na redondeza. Com um rooftop perfeito, funcionários muito educados e prestativos
. Simplesmente amamos a estadia!  Nada",10,2026-02-03 00:52:16+00,1
" Tout était parfait. L accueil, la propreté, la piscine, la sale de sport tout est nickel 👌🏻  Rien",10,2026-02-03 11:00:05+00,1
 Localização  Hotel muito sujo,1,2026-02-03 18:42:19+00,-1
" Die Betten waren gut. Es war sauber. Die meisten Angestellten waren freundlich. Frühstück war gut. Die Lage war ebenso gut mit mehreren Restaurants in der Nähe. Sicherer Parkplatz. Rooftop Pool. Unseren Ausflug zum Wasserfall haben wir bei Booking.com gebucht. Beide Seiten an einem Tag. War sehr gut, wurde allerdings vom Hotel so nicht angeboten und auch nicht empfohlen.  Da die mangelnden Parkplätze bereits angesprochen wurden habe ich Angeboten unsere 2 Motorräder auf einen Parkplatz zu stellen. Berechnet wird in jedem Fall der Autopreis pro Motorrad. Dann 2 Plätze genommen.....selber schuld.  Abendessen bei sehr unfreundlichem Kellner bestellt und nach 75 Minuten absolut ungenießbare BBQ Ribs bekommen. Hart und trocken mit ???? darüber. Habe ich an der Rezeption reklamiert und würde auch nicht berechnet. Rezeption ruft Nachts um 23 Uhr an unsere Fahrzeuge würden auf der falschen Seite stehen. Zur Klärung am Morgen an der Rezeption wußte niemand Bescheid.",8,2026-02-03 22:02:25+00,1
"Muy buen hotel
Excelente para familia y chicos",10,2026-02-05 11:30:58+00,1
"Ubicación espectacular, ademas de su piscina en ultimo piso con bar y atención en cada momento. El transporte publico tiene paradero a 1 cuadra, lo cual permite desplazarse hacia cualquier lugar. El aeropuerto está a 20 minutos aproximadamente y las cataratas unos 5 minutos mas por la misma ruta.",10,2026-02-05 21:44:39+00,1
" Localização excelente, quartos amplos e uma cobertura perfeita para o pôr do sol",10,2026-02-06 13:41:31+00,1
"This place needs some renovating. We were disappointed with the room which felt old and smelt like cigarette smoke, and the breakfast not great — the bread was never fresh and there weren’t many options.",6,2026-02-06 15:19:50+00,0
 La piscina  Nada,10,2026-02-07 19:53:19+00,1
 Belle Salle de sport,10,2026-02-08 11:22:12+00,1
"Hotel maravilhoso!!!
Quartos amplos, limpos e confortáveis!
Funcionários gentis.
Café da manhã excelente.
Cardápio do restaurante para almoço e jantar, diversificado e com preços bons.",10,2026-02-08 11:41:06+00,1
" The hotel is in an excellent location. Its staff are very pleasant and have a very good breakfast. I absolutely recommend this hotel for fun or business.  The hotel's internet connection is really slow. This topic cannot be neglected, no matter if you are there for fun or business; access to the internet is today part of daily life.  And to be honest, it is not something expensive to make it useful.",9,2026-02-08 14:11:54+00,1
 Todo ubicación piscina personal comodidad  ...,10,2026-02-08 20:31:49+00,1
"Todo estuvo bien el servicio y estadía en el hotel, solo el último día al levantarme al baño me asusté y entré en pánico porque una cucaracha estaba dentro de mi habitación.
Lo peor ni siquiera las disculpas del caso ni la atención oportuna para retirar esa cucaracha.
Tuve que llamar y ante la demora tuve que bajar a recepción.",8,2026-02-08 21:00:08+00,1
 Excelente localização.,9,2026-02-08 23:55:11+00,1
" Foi muito boa nossa estadia 
Limpesa no apto excelente 
Arrumadeira NICASSIA excelente  Foi tudo muito bom",8,2026-02-09 00:15:50+00,1
" Ótima localização, próximo dos principais bares da cidade. Café da manhã bom. Quarto com TV, ar condicionado, amplo e confortável. Banheiro com chuveiro com água quente e fria.  Muito cheio pois é um hotel que recebe muitos turistas, se torna um pouco difícil de tomar café. Não nada que desabone o hotel.",8,2026-02-11 13:30:02+00,1
" Situación, terraza con piscina, precio, tamaño de habitación, variedad en el desayuno.  La música del bar.",9,2026-02-11 14:39:59+00,1
" Personalul foarte amabil
Piscina de la etajul superior cu o vedere minunată spre oraș si Paraguay  Nu am găsit ceva care sa fie menționat",9,2026-02-12 01:01:44+00,1
"Não indico a ninguém esse hotel! O atendimento na recepção foi Pessimo,café da manhã pouquíssimas opções,cama barulhenta! ESTACIONAMENTO TEM QUE PAGAR UM VALOR TOTALMENTE  EXCESSIVA",2,2026-02-12 17:16:33+00,-1
" Excelente localização, café da manhã e comodidades. O rooftop é lindo  Um detalhe que poderia deixar o hotel com um toque 5 estrelas seria a maciez das toalhas. As que colocaram no quarto pareciam uma lixa",9,2026-02-13 11:01:14+00,1
호텔 17층 스카이바에서 바라보며 야경을 즐기는데 친절한 직원이 이 지역에 얽힌 역사를 자세히 들려주어 파라과이와의 3국동맹 전쟁에 대해서 알게 된 뜻깊은 여행이었습니다.,8,2026-02-13 17:57:40+00,1
"O hotel é muito limpo e bem localizado. Os funcionários são extremamente educados e prestativos, com um ponto extra para o João, que além de tudo é muito simpático. Sugiro melhorar o café da manhã.",10,2026-02-14 00:00:00+00,1
"Ótimas instalações e ponto privilegiado.
Ponto marcante a gentileza de toda equipe, com destaque especial para o garçom João - figura humana espetacular.
Parabéns e muito obrigado a todos.",10,2026-02-14 00:00:00+00,1
" Localização perfeita, próximo a inúmeros restaurantes, quarto amplo, uma cobertura maravilhosa!!!",10,2026-02-15 00:39:58+00,1
"Quartos e banheiro bem amplos.  TV a cabo (a TV não é tão grande, mas atendeu os poucos momentos que usamos). Café da manhã com muita variedade de frutas, pães, sucos, bolos e outros alimentos. Fizemos o pré-check-in pelo site. Equipe bem atenciosa. Restaurante do rooftop com boas opções de almoço e jantar. Piscina com borda infinita e ótima temperatura. Wi-Fi muito bom e uma academia com aparelhos novos, coisa rara de se encontrar em um hotel.",10,2026-02-15 19:00:04+00,1
 Espaço do quarto  Roupa de cama,8,2026-02-15 19:16:37+00,1
" Boa localização do hotel.  WiFi péssimo, impossivel de usar. Box do banheiro não era limpo todo dia (cabelos do dia anterior continuavam lá). Vaso sanitário não era adequadamente limpo, exalava odores. Não repunham toalhas de rosto, precisavamos pedir na recepção.",4,2026-02-16 15:11:49+00,-1
" El trato del personal y el desayuno.  El estacionamiento en el Hotel No es seguro, depende de la demanda. El lugar para estacionar es amplio, pero en malas condiciones.
La caja de seguridad no funcionaba.",8,2026-02-16 22:17:23+00,1
"A localização é excelente e os quartos bons, cama, banheiro e limpeza também , porém os ar condicionados não funcionam direito, principalmente por lá ser um lugar bem quente, deixaram a desejar. Os funcionários alguns são bons outros nem tanto. Foi subtraído um valor em dinheiro do nosso quarto e nem atenção nos deram, entendo que era nossa palavra contra a da funcionária, porém algum pedido de desculpas nos deviam, alegaram q isso nunca aconteceu e ficou por isso mesmo. Não voltaria la e não recomendarei a ninguém.",4,2026-02-18 00:00:00+00,-1
"no es la primera vez que me hospedo, me encanta y cada vez mi experiencia es mejor 💘",10,2026-02-18 21:21:47+00,1
" Muy bello el Hotel, el personal muy amable, y la piscina maravillosa, sobretodo con el Bar en la piscina y el desayuno muy rico y variado",10,2026-02-18 23:43:57+00,1
"Gostaria de deixar registrado o meu elogio à atendente Fernanda Everly pelo excelente atendimento prestado. Desde o primeiro contato, demonstrou muita atenção, paciência e cordialidade, tratando todas as minhas dúvidas com clareza e respeito. Sua educação e simpatia fizeram toda a diferença na experiência, mostrando profissionalismo e verdadeiro cuidado com o cliente. É muito bom ser atendido por alguém tão dedicada e atenciosa. Eu acho que poderia casar com ela!",10,2026-02-19 00:00:00+00,1
" Unbedingt erwähnen muss man das gesammte Personal. Egal in welchen Bereichen, so eine Freundlichkeit und Hilfsbereitschaft wie in diesem Hotel habe ich noch nicht erlebt. Einfach umwerfend, hier muss man sich wohlfühlen. Sky Bar und Pool sind umwerfend! Einfach Top.  Wir hatten aussen 38°C und die Wärme steckte teilweise auch im Hotel. Ist aber jammern auf hohem Niveau.",9,2026-02-20 06:44:11+00,1
" Atendimento recepção e cafe BOM  Limpeza do Quarto, Manutenção do AR Condicionado ""estava pingando"" e deixaram um dia sem limpar.",5,2026-02-20 12:05:56+00,0
 Tudo muito bom  Nada para reclamar,10,2026-02-20 18:55:05+00,1
 Cómodo acceso en automóvil y buen desayuno  Los ascensores. Mucha demora para subir o bajar,7,2026-02-21 14:02:30+00,0
 Ótima acomodação confortável limpeza atendimento perfeito,9,2026-02-22 00:07:24+00,1
" הגענו למלון לכמה שעות, להתרענן אחרי שהייה במפלים ומשם טסנו . ולכן עבור מקלחת והתרעננות המלון ענה על הציפיות שלנו.  מלון ישן , מגבות ישנות, תהליך צ'ק אין יחסית איטי.",7,2026-02-23 00:42:46+00,0
" Komfortables Hotel im Zentrum von Foz do Iguazu. Es hat ein sehr schönes Top Roof mit kleinem Pool und gutem Ausblick. Viele Restaurants, Bars und Geschäfte sind zu Fuss erreichbar.  Parken war kostenpflichtig und nicht wirklich günstig. Bei diesem Preis für das Hotel sollte das Parken eigentlich gratis sein .",7,2026-02-25 12:56:14+00,0
 Estacionamento ser pago a parte.,10,2026-02-26 13:03:18+00,1
"Muy buen hotel ... eso si falto el hervidor y el cafe en la habitación... para esas emergencias cafeteras .pero no tengo nada malo que decir de el . Buen desayuno ( una especie de pie de limon con queso.. riquísimo)  , todos muy simpaticos .. los tour se pueden contratar a un costado de recepción a precios compatitivos . En fin no hay criticas",10,2026-02-26 17:28:38+00,1
 Hotel limpo e confortável. Na avenida constam restaurantes com uma vida noturna agitada nos fds. Hotel tem guarda volume. Super recomendo.,10,2026-02-27 00:03:01+00,1
" Boa localização, muitas opcoes de comida ao redor,  farmácia e igreja do lado. Bom serviço, quarto amplo e confortável.  Funcionários sempre solicitos. Café da manhã bem variado. Gostamos muito. Me hospedaria novamente.  Apenas do secador do banheiro que esquentava bem mas ao desligar não ligava novamente.",9,2026-02-27 02:37:00+00,1
 Localização  A piscina pequena demais e difícil  para entrar e sair,10,2026-02-27 07:06:10+00,1
" Acomodação, localização, funcionários e café da manhã.  Cobrança de R$45/dia para estacionar o carro.",8,2026-02-27 13:48:50+00,1
 A limpeza,8,2026-02-27 19:24:43+00,1
 MARAVILHOSA  Não teve nada que não tenha gostado,10,2026-02-28 10:50:33+00,1
 Hotel muito bom e com preço justo.  Precisam de pessoas mais simpáticas na recepção. Respostas muito secas.,10,2026-03-01 00:07:26+00,1
" A localização do hotel é excelente, perto de bancos, farmácia, restaurantes, lojas, igreja.  Quando chegamos, quiseram nos cobrar quase R$2 mil a mais do que já havíamos pago pela hospedagem, dizendo que nossa filha de 3 anos contava como hóspede pagante. Depois de muito conversar, consegui mostrar no app do booking a informação de que nossas 2 crianças não pagavam nada. 
O quarto tem estrutura bem básica, faltam mobiliários para guarda de roupas e malas. O piso do banheiro é super escorregadio, eu quase caí e minha filha caiu e bateu a cabeça. 
A cada dia faltavam itens do banheiro (deixavam menos toalhas ou faltava o tapete do banheiro). Tínhamos que ligar e pedir reposição. Em uma das vezes, por conta do horário, nos disseram que tínhamos que ir à recepção buscar as toalhas a mais que precisávamos. 
O estacionamento é muito caro, R$45 mais imposto.",7,2026-03-01 22:27:23+00,0
"Flexibilidade no check in
Adicionar colchonetes na academia
Limpeza do banheiro
Abajur de cabeceira necessita reparo
Atendimento excelente, tanto da recepção como o staff do restaurante' principalmente João Augusto e Anderson' educados e receptivos.
Gostamos, voltaríamos mais vezes ao mesmo hotel, boa localização e recomendaremos aos amigos.",8,2026-03-02 00:00:00+00,1
 კარგი სასტუმრო ძალიან სუფთა და ძალიან კარგი პერსონალით,9,2026-03-02 17:09:02+00,1
Incrível. Além das minhas expectativas. Principalmente o carinho dos funcionários. Um por do sol magnífico. Música ao vivo nos finais de semana. Excelente.,10,2026-03-02 18:30:16+00,1
" Es un hotel moderno y en una situación excepcional, muy céntrico en Foz de Iguazú, por lo que tienes un buen acceso andando a restaurantes y bares. El desayuno es bastante completo y variado. Habitación amplia y correcta aunque un poco descuidada.  El personal de recepción muy joven no están muy atentos a las demandas de los huéspedes. Preguntamos por un transfer al aeropuerto y no supieron resolverlo al no estar la chica de la agencia y ser domingo. Lo peor son los ascensores, dos para un edificio de 17 plantas, por lo que en hora punta si estás en una planta intermedia como fue nuestro caso pasaban de largo y cuando bajaban estaban llenos Por lo demás bien. No hay gel de baño en la ducha solo shampoo",8,2026-03-03 22:56:20+00,1
 La terraza  Muy dejado las instalaciones con relación a años anteriores,4,2026-03-04 13:12:47+00,-1
" Бар на крыше с видом на город, ощущение безопасности.  Ремонт сделан на «отстаньте от меня», еда на любителя, завтрак очень скромный даже по меркам ЛА.",8,2026-03-04 17:37:43+00,1
"El hotel muy recomendable, buen servicio, buena recepción, te solucionan rápido cualquier problema o inconveniente que tengas en la habitación, buen desayuno y las habitaciones increíbles, la terraza espectacular con unas vistas increíbles y una buena piscina para refrescarse bien, volvería a hospedarme de nuevo sin duda",10,2026-03-05 00:00:00+00,1
" Clean hotel, safe area, lovely rooftop terrace with e beautiful view",10,2026-03-05 19:41:25+00,1
" do serviço do hotel  da toalha, muito velha",8,2026-03-06 14:08:59+00,1
"Confesso que minha expectativa era maior, baseada na rede hoteleira da cidade e pensando em hotéis da mesma categoria. Difícil se decepcionar em Foz do Iguaçu com os hotéis, mas o Viale Tower nos decepcionou. Os funcionários foram excelentes, o local da piscina é bonito e a localização é muito boa. Contudo, o hotel precisa de reparos: mesas, cadeiras, sofás, colchão e móveis em geral estão estragando. O banheiro tinha mofo nos rejuntes e os pães e bolos do café da manhã não são frescos. Penso que precisa melhorar. Hotéis mais antigos e mais baratos oferecem uma experiência melhor.",6,2026-03-08 00:00:00+00,0
Buena experiencia,10,2026-03-08 04:46:53+00,1
 elevador lentoooo demais,10,2026-03-08 21:12:33+00,1
" SIM, o café da manhã ótimo, bastante ítens, reposição imediata dos alimentos, café e leite bem quentes.Gostei.  Os dois elevadores da marca SCHINDLER são péssimos. Antigos, o hospede entra no mesmo não visualiza o numero do andar.
São lentos, afinal são 17 andares...",8,2026-03-09 19:34:23+00,1
"NOS ROBARON DENTRO DE NUESTRA HABITACIÓN.

Llegamos a Brasil a la medianoche del domingo a este hotel. Al día siguiente dejamos todas nuestras cosas en la habitación, incluyendo dos carteras —una de mi amiga y otra mía— dentro de nuestras respectivas mochilas, con dinero recién contado que íbamos a cambiar al día siguiente. Después salimos para hacer un tour.

Durante ese tiempo hicieron la limpieza de la habitación. Al día siguiente, antes de salir, cuando fuimos a sacar el dinero nos dimos cuenta de que faltaban 100 euros en mi caso (dos billetes de 50) y 180 euros en el caso de mi amiga (un billete de 100 y el resto en billetes de 20).

Hicimos la reclamación y también la denuncia a la policía, pero el hotel no hizo nada. En particular, el gerente de operaciones, Cristiano Rocha, nos dio su contacto personal diciendo que estaría pendiente de cómo procedería el caso; sin embargo, después de un par de mensajes dejó de respondernos.

CONCLUSIÓN: no nos dieron ninguna solución. Tampoco nos mostraron las cámaras de seguridad; tuvimos que confiar en que ellos las revisaron y que, según dijeron, no había nada. Sabían que nos íbamos al día siguiente e intentaron retrasar todo.

Revisando otras reseñas, encontramos que hace aproximadamente un año a una pareja también le robaron ropa y perfume en este mismo hotel.

Al hacer el check-out tuvimos que insistir en no pagar la cuenta del restaurante —que no llegaba ni a una cuarta parte de lo que nos habían robado— y, después de casi perder el vuelo, finalmente lo conseguimos, pero con la peor actitud y disposición por parte del hotel.

TENGAN MUCHO CUIDADO. Yo no recomiendo bajo ningún concepto alojarse en este hotel. Si aun así deciden ir, sepan que no pueden dejar sus pertenencias en la habitación con tranquilidad.",2,2026-03-10 00:00:00+00,-1
" O hotel Viale tem excelentes acomodações no coração de Foz do Iguaçu, perto de tudo e das principais atrações da cidade. É muito comodo para estacionar o carro nas garagens inferiores e somos muito bem tratados o tempo todo. O Sky View é excelente com lindos por-do-sol.  O único ponto negativo são os elevadores, somente dois para 16 andares e nos horários de pico como café-da-manhã você tem de esperar muito, principalmente se estiver nos andares superiores, e muitas vezes quando chegam passam lotados.",9,2026-03-10 00:17:26+00,1
"NOS ROBARON DENTRO DE NUESTRA HABITACIÓN.

Llegamos a Brasil a la medianoche del domingo a este hotel. Al día siguiente dejamos todas nuestras cosas en la habitación, incluyendo dos carteras —una de mi amiga y otra mía— dentro de nuestras respectivas mochilas, con dinero recién contado que íbamos a cambiar al día siguiente. Después salimos para hacer un tour.

Durante ese tiempo hicieron la limpieza de la habitación. Al día siguiente, antes de salir, cuando fuimos a sacar el dinero nos dimos cuenta de que faltaban 100 euros en mi caso (dos billetes de 50) y 180 euros en el caso de mi amiga (un billete de 100 y el resto en billetes de 20).

Hicimos la reclamación y también la denuncia a la policía, pero el hotel no hizo nada. En particular, el gerente de operaciones, Cristiano Rocha, nos dio su contacto personal diciendo que estaría pendiente de cómo procedería el caso; sin embargo, después de un par de mensajes dejó de respondernos.

CONCLUSIÓN: no nos dieron ninguna solución. Tampoco nos mostraron las cámaras de seguridad; tuvimos que confiar en que ellos las revisaron y que, según dijeron, no había nada. Sabían que nos íbamos al día siguiente e intentaron retrasar todo.

Revisando otras reseñas, encontramos que hace aproximadamente un año a una pareja también le robaron ropa y perfume en este mismo hotel.

Al hacer el check-out tuvimos que insistir en no pagar la cuenta del restaurante —que no llegaba ni a una cuarta parte de lo que nos habían robado— y, después de casi perder el vuelo, finalmente lo conseguimos, pero con la peor actitud y disposición por parte del hotel.

TENGAN MUCHO CUIDADO. Yo no recomiendo bajo ningún concepto alojarse en este hotel. Si aun así deciden ir, sepan que no pueden dejar sus pertenencias en la habitación con tranquilidad.",2,2026-03-10 11:26:11+00,-1
" Eu gostei muito do quarto , é confortável , a limpeza deixa um pouco a desejar e os elevadores são muito lentos  Não gostei dos elevadores , lentos demais , e o café da manhã poderia ter mais opções",10,2026-03-10 23:39:18+00,1
" El sky bar con piscina es un plus enorme. 
La ubicación en pleno polo gastronómico hace todo más fácil.
La habitación, 10 puntos.  Los conserjes podrían ser más simpáticos.",9,2026-03-11 15:22:48+00,1
" Localização perfeita, perto de tudo, farmácia, restaurantes, bares para curtir a noite. O Skybar no próprio hotel com uma vista incrível da cidade inteira. Os funcionários foram muito educados e atenciosos, em especial o Matheus na recepção que nos atendeu super bem, e o Diego no Skybar, nos prestou um atendimento impecável. Foi uma estadia maravilhosa Voltarei com toda certeza.  Faço um adendo ao box do banheiro que empossa água na hora do banho. Ficamos no AP 1507. Além de empossado, o chão fica extremamente liso, pois as lajotas não são anti-derrapante, o que pode causar um acidente. Principalmente se neste AP se hospedar algum idoso. Apenas este detalhe, mas que não desmerece os dias incríveis que tivemos durante nossa estadia.",9,2026-03-12 00:11:44+00,1
" Posizione, camera grande, piscina. Colazione. Gentilezza dello staff.  Qualche rifinitura.",8,2026-03-12 10:04:46+00,1
 Piscina,10,2026-03-12 12:52:56+00,1
"The highlight of the Hotel are its staff, without exception. Beginning with the reception staff and ending with the restorer staff, going through the cleaning staff, of course.
The negative point concerns the facilities of the toilets and furniture of the rooms. The boxes have support bars and no anti-slip carpet, even if the floor is flat. Thus, it can be dangerous, especially for older people, as is my case. The coating of the cabinet tables and the closet where the refrigerator is located, seems to be excessive because it becomes difficult to open drawers and doors. 
Oh, another positive point, the location. The sunset seen from the terrace is stunning!",8,2026-03-13 00:00:00+00,1
" A vista, o conforto, localização todos otimos!",10,2026-03-13 11:30:08+00,1
" It's in a great location in an area where there are plenty of bars and restaurants. The rooftop infinity pool, whilst relatively small was a good place to relax and enjoy the sun. The bar prices are reasonable too. Every member of staff was friendly and helpful, we appreciated their advice and information about the local area. We would certainly recommend the Viale Tower.  The lifts were a little slow on occasion.",9,2026-03-13 20:22:17+00,1
" Atendimento, localização, cobertura  Alguns vazamentos de água na janela durante chuvas fortes E acústico ruim",9,2026-03-13 22:04:23+00,1
"Não vale o que custa. Meu colchão era de 2015, pedi pra trocar e não tinham opção, dormi muito mal. Rodeado de bares que vc escuta música alta até alta madrugada, 6hs da manhã um quartel na frente toca uma corneta e bateria. E elevadores lentos e vários dias com problemas fazendo vc ficar andando pra andares errados, bizarro…. Não recomendo.",2,2026-03-14 21:30:37+00,-1
" Buena atención, desayuno variado, rooftop con vistas genial, espectacular ver el atardecer, tragos de 10  Nada a destacar",10,2026-03-15 14:24:31+00,1
"Rooftop lindíssimo, ambiente super agradável",10,2026-03-16 15:50:07+00,1
" Café da manhã bem diversificado e bem servido. Hotel próximo a bares e restaurantes (Mac Donald's, Burger King,  Sushis Chopperias...). Ponto de Ônibus (linha 102 para ir ao parque nacional, aquário e parque das árvores  (super tranquilo). Funcionários educados, atenciosos e prestativos.  Dois elevadores. Cama confortável
Chuveirão. Limpeza nota 10. Não utilizamos o estacionamento.  No quarto deveriam ter duas cadeiras. No nosso (apto. 1008) só havia uma. Motivo pelo qual tivemos que arrastar um outro móvel (existente no quarto) para servir de assento para jantarmos.",9,2026-03-16 21:50:52+00,1
"Ótima localização, bem
Próximo a bares e restaurantes, farmácia , lojas diversas etc",10,2026-03-18 00:00:00+00,1
"Tudo perfeito adorei , espero voltar em breve.",10,2026-03-18 00:00:00+00,1
"Excelente,  nota milllll.  Minha gratidão.  Já estou me programando para voltar.  Parabéns a todos,  tudo, exatamente tudo, 1000% excelente.  Deus abençoe infinitamente todos. Ameiiiii.",10,2026-03-18 00:00:00+00,1
"Excelente foi nossa estadia! Toda a equipe do hotel foi muito simpática e prestativa, e a estrutura do hotel muito boa também! A área da piscina bem agradável e com uma imagem maravilhosa da cidade e a fronteira! Voltaríamos e recomendamos!",10,2026-03-19 00:00:00+00,1
" Freundliches Personal, sauberes Hotel in fußläufiger Entfernung zur Kirche und Geschäften und sich das Frühstück ist abwechslungsreich und lecker  Die Fahrstühle sind für die Menge an Gästen etwas wenig und merkwürdig programmiert",9,2026-03-19 00:22:27+00,1
"Lokalizacja i śniadania, to główne punkty przemawiające za tym hotelem.
Duży minus za pokój, ktory doświetlany był nocą reflektorami. Sam pokój był przestronny, wygodne łóżka i ładna lazienka.",8,2026-03-19 10:57:29+00,1
" Muito bom, muita variedade e atendentes ótimos  N/A",9,2026-03-20 15:07:31+00,1
 Parfait rien à redire,10,2026-03-21 11:30:29+00,1
" Il rooftop è sicuramente la parte più bella dell’hotel.
Il personale è gentile anche se non si riesce a comunicare con tutti perché in pochi parlano inglese  La pulizia sicuramente…
Manca anche un po’ di manutenzione. 
Qualità prezzo è molto ok, ma non sono assolutamente d’accordo con il punteggio 9 come media",6,2026-03-21 23:23:47+00,0
"Fomos em 10 pessoas, como sempre me hospedava no hotel, indiquei e achei que seria ótimo, mas foi só decepção.
Enxoval parecia pano de chão, café da manhã fraco e reposição dos alimentos super demorado, cama barulhenta, televisão antiga e o gerente nunca está no hotel.
Não recomendo!
O hotel está precisando de uma boa repaginada, cuidado e boa administração. Bom lá é a localização e o SKY bar!!",2,2026-03-22 18:16:41+00,-1
"Hotel simple, con piscina y comida excelente. Se sobresalen en la atención, mis felicitaciones a Anderson y su equipo de Skybar, su atención fue extraordinaria, al igual que Joao y Leomar",10,2026-03-22 20:57:43+00,1
"obrigado por tudo, nos divertimos muito, excelente equipe.
Valentina do Argentina🇦🇷",10,2026-03-23 02:52:15+00,1
" Τοποθεσία , προσωπικό , πρωινό , καθαριότητα",10,2026-03-23 09:24:01+00,1
