timestamp,label
2014-12-01 19:30:03+00:00,-1
2014-12-01 19:43:51+00:00,-1
2014-12-01 19:50:28+00:00,-1
2014-12-01 20:26:34+00:00,-1
2014-12-01 20:29:33+00:00,-1
2014-12-01 20:30:03+00:00,-1
2014-12-01 20:32:45+00:00,1
2014-12-01 20:34:31+00:00,1
2014-12-01 20:36:47+00:00,-1
2014-12-01 20:45:03+00:00,-1
2014-12-01 20:46:01+00:00,0
2014-12-01 20:47:12+00:00,-1
2014-12-01 21:00:15+00:00,-1
2014-12-01 21:03:32+00:00,1
2014-12-01 21:09:50+00:00,0
2014-12-01 21:29:45+00:00,-1
2014-12-01 21:35:14+00:00,0
2014-12-01 21:53:12+00:00,-1
2014-12-01 22:22:09+00:00,-1
2014-12-01 23:12:40+00:00,-1
2014-12-01 23:43:14+00:00,-1
2014-12-01 23:55:55+00:00,0
2014-12-02 00:06:05+00:00,0
2014-12-02 00:14:25+00:00,0
2014-12-02 00:15:11+00:00,0
2014-12-02 00:15:14+00:00,-1
2014-12-02 00:15:16+00:00,1
2014-12-02 00:15:26+00:00,-1
2014-12-02 00:16:03+00:00,-1
2014-12-02 00:16:04+00:00,-1
2014-12-02 00:16:27+00:00,-1
2014-12-02 00:17:02+00:00,1
2014-12-02 00:18:59+00:00,-1
2014-12-02 00:22:26+00:00,-1
2014-12-02 00:22:31+00:00,-1
2014-12-02 00:23:47+00:00,-1
2014-12-02 00:24:26+00:00,-1
2014-12-02 00:24:47+00:00,0
2014-12-02 00:25:38+00:00,-1
2014-12-02 00:27:23+00:00,0
2014-12-02 00:27:36+00:00,-1
2014-12-02 00:28:38+00:00,0
2014-12-02 00:29:58+00:00,0
2014-12-02 00:31:26+00:00,-1
2014-12-02 00:32:42+00:00,0
2014-12-02 00:34:51+00:00,0
2014-12-02 00:38:41+00:00,0
2014-12-02 00:39:47+00:00,-1
2014-12-02 00:39:51+00:00,-1
2014-12-02 00:45:03+00:00,0
2014-12-02 00:45:22+00:00,-1
2014-12-02 00:47:23+00:00,-1
2014-12-02 00:47:46+00:00,-1
2014-12-02 00:51:10+00:00,-1
2014-12-02 00:53:22+00:00,-1
2014-12-02 00:53:58+00:00,0
2014-12-02 00:54:31+00:00,-1
2014-12-02 00:56:11+00:00,0
2014-12-02 00:56:43+00:00,-1
2014-12-02 00:59:49+00:00,-1
2014-12-02 01:04:41+00:00,-1
2014-12-02 01:05:37+00:00,0
2014-12-02 01:06:42+00:00,0
2014-12-02 01:06:58+00:00,-1
2014-12-02 01:07:53+00:00,-1
2014-12-02 01:09:53+00:00,-1
2014-12-02 01:11:43+00:00,1
2014-12-02 01:13:03+00:00,0
2014-12-02 01:15:12+00:00,0
2014-12-02 01:17:55+00:00,-1
2014-12-02 01:22:40+00:00,-1
2014-12-02 01:25:49+00:00,0
2014-12-02 01:36:18+00:00,0
2014-12-02 01:40:38+00:00,0
2014-12-02 01:44:36+00:00,-1
2014-12-02 01:45:03+00:00,-1
2014-12-02 01:47:52+00:00,-1
2014-12-02 01:49:00+00:00,0
2014-12-02 01:52:00+00:00,0
2014-12-02 01:52:18+00:00,-1
2014-12-02 01:53:41+00:00,0
2014-12-02 01:58:06+00:00,-1
2014-12-02 02:00:04+00:00,-1
2014-12-02 02:00:59+00:00,0
2014-12-02 02:03:46+00:00,0
2014-12-02 02:04:40+00:00,0
2014-12-02 02:09:56+00:00,0
2014-12-02 02:10:38+00:00,0
2014-12-02 02:14:37+00:00,-1
2014-12-02 02:14:56+00:00,-1
2014-12-02 02:16:00+00:00,1
2014-12-02 02:16:19+00:00,0
2014-12-02 02:25:30+00:00,-1
2014-12-02 02:27:54+00:00,-1
2014-12-02 02:38:28+00:00,1
2014-12-02 02:56:02+00:00,0
2014-12-02 02:56:56+00:00,-1
2014-12-02 02:56:57+00:00,0
2014-12-02 03:00:07+00:00,0
2014-12-02 03:00:29+00:00,1
2014-12-02 03:01:44+00:00,-1
2014-12-02 03:05:07+00:00,-1
2014-12-02 03:05:32+00:00,-1
2014-12-02 03:09:32+00:00,-1
2014-12-02 03:09:39+00:00,0
2014-12-02 03:13:14+00:00,-1
2014-12-02 03:15:03+00:00,-1
2014-12-02 03:28:00+00:00,0
2014-12-02 03:30:02+00:00,-1
2014-12-02 03:31:46+00:00,-1
2014-12-02 03:42:08+00:00,-1
2014-12-02 03:49:22+00:00,-1
2014-12-02 03:49:34+00:00,0
2014-12-02 03:52:46+00:00,-1
2014-12-02 03:52:58+00:00,0
2014-12-02 03:57:07+00:00,-1
2014-12-02 03:58:50+00:00,1
2014-12-02 04:00:59+00:00,1
2014-12-02 04:07:57+00:00,0
2014-12-02 04:08:21+00:00,1
2014-12-02 04:09:46+00:00,0
2014-12-02 04:11:56+00:00,-1
2014-12-02 04:12:53+00:00,-1
2014-12-02 04:21:29+00:00,-1
2014-12-02 04:24:00+00:00,0
2014-12-02 04:30:03+00:00,-1
2014-12-02 04:30:31+00:00,0
2014-12-02 04:33:28+00:00,0
2014-12-02 04:34:05+00:00,0
2014-12-02 04:35:14+00:00,-1
2014-12-02 04:36:38+00:00,0
2014-12-02 04:37:44+00:00,0
2014-12-02 04:38:57+00:00,-1
2014-12-02 04:41:05+00:00,-1
2014-12-02 04:48:00+00:00,-1
2014-12-02 04:53:24+00:00,-1
2014-12-02 04:54:14+00:00,0
2014-12-02 05:00:08+00:00,0
2014-12-02 05:03:26+00:00,0
2014-12-02 05:06:09+00:00,0
2014-12-02 05:06:55+00:00,0
2014-12-02 05:07:11+00:00,-1
2014-12-02 05:07:30+00:00,0
2014-12-02 05:11:58+00:00,0
2014-12-02 05:13:02+00:00,0
2014-12-02 05:14:39+00:00,1
2014-12-02 05:16:00+00:00,-1
2014-12-02 05:20:58+00:00,0
2014-12-02 05:25:24+00:00,0
2014-12-02 05:35:04+00:00,1
2014-12-02 05:37:33+00:00,1
2014-12-02 05:40:45+00:00,1
2014-12-02 05:42:54+00:00,0
2014-12-02 06:00:54+00:00,-1
2014-12-02 06:01:11+00:00,0
2014-12-02 06:09:23+00:00,1
2014-12-02 06:52:06+00:00,0
2014-12-02 06:52:43+00:00,0
2014-12-02 06:54:50+00:00,-1
2014-12-02 06:55:35+00:00,0
2014-12-02 06:57:40+00:00,0
2014-12-02 07:12:47+00:00,-1
2014-12-02 07:15:09+00:00,0
2014-12-02 07:16:12+00:00,0
2014-12-02 07:21:27+00:00,-1
2014-12-02 07:21:37+00:00,-1
2014-12-02 07:21:47+00:00,-1
2014-12-02 07:22:07+00:00,-1
2014-12-02 07:22:17+00:00,-1
2014-12-02 07:24:48+00:00,-1
2014-12-02 07:32:56+00:00,0
2014-12-02 07:45:08+00:00,0
2014-12-02 08:04:55+00:00,-1
2014-12-02 08:25:58+00:00,-1
2014-12-02 08:27:10+00:00,0
2014-12-02 08:27:27+00:00,-1
2014-12-02 08:30:04+00:00,-1
2014-12-02 08:37:56+00:00,0
2014-12-02 08:44:36+00:00,0
2014-12-02 08:45:04+00:00,-1
2014-12-02 08:46:14+00:00,0
2014-12-02 08:46:43+00:00,0
2014-12-02 08:49:46+00:00,1
2014-12-02 08:50:13+00:00,-1
2014-12-02 08:54:32+00:00,-1
2014-12-02 09:03:55+00:00,0
2014-12-02 09:25:47+00:00,0
2014-12-02 09:30:38+00:00,-1
2014-12-02 09:31:29+00:00,1
2014-12-02 09:40:50+00:00,-1
2014-12-02 09:41:00+00:00,-1
2014-12-02 09:41:21+00:00,-1
2014-12-02 09:41:31+00:00,-1
2014-12-02 09:57:08+00:00,-1
2014-12-02 10:01:35+00:00,-1
2014-12-02 10:15:47+00:00,0
2014-12-02 10:22:00+00:00,0
2014-12-02 10:23:53+00:00,-1
2014-12-02 10:43:18+00:00,-1
2014-12-02 10:47:54+00:00,-1
2014-12-02 10:49:45+00:00,-1
2014-12-02 11:11:30+00:00,0
2014-12-02 11:30:02+00:00,0
2014-12-02 11:35:09+00:00,-1
2014-12-02 11:42:11+00:00,0
2014-12-02 11:43:08+00:00,0
2014-12-02 11:44:21+00:00,0
2014-12-02 11:45:09+00:00,-1
2014-12-02 11:46:53+00:00,0
2014-12-02 11:46:56+00:00,0
2014-12-02 12:00:48+00:00,-1
2014-12-02 12:08:48+00:00,-1
2014-12-02 12:14:24+00:00,0
2014-12-02 12:18:10+00:00,-1
2014-12-02 12:32:34+00:00,-1
2014-12-02 12:44:56+00:00,-1
2014-12-02 12:45:40+00:00,-1
2014-12-02 12:56:04+00:00,0
2014-12-02 13:02:47+00:00,-1
2014-12-02 13:04:49+00:00,0
2014-12-02 13:05:07+00:00,-1
2014-12-02 13:05:59+00:00,-1
2014-12-02 13:07:51+00:00,0
2014-12-02 13:14:26+00:00,-1
2014-12-02 13:15:02+00:00,-1
2014-12-02 13:22:34+00:00,-1
2014-12-02 13:28:20+00:00,0
2014-12-02 13:30:03+00:00,-1
2014-12-02 13:33:19+00:00,-1
2014-12-02 13:33:31+00:00,-1
2014-12-02 13:34:11+00:00,0
2014-12-02 13:35:46+00:00,-1
2014-12-02 13:37:18+00:00,0
2014-12-02 13:47:14+00:00,0
2014-12-02 13:47:37+00:00,-1
2014-12-02 13:47:49+00:00,-1
2014-12-02 13:48:00+00:00,-1
2014-12-02 13:48:52+00:00,1
2014-12-02 13:50:40+00:00,-1
2014-12-02 13:53:17+00:00,-1
2014-12-02 13:53:45+00:00,-1
2014-12-02 13:54:20+00:00,0
2014-12-02 13:55:11+00:00,0
2014-12-02 13:57:06+00:00,-1
2014-12-02 14:02:02+00:00,-1
2014-12-02 14:02:56+00:00,-1
2014-12-02 14:03:50+00:00,0
2014-12-02 14:08:49+00:00,1
2014-12-02 14:13:57+00:00,-1
2014-12-02 14:14:29+00:00,1
2014-12-02 14:15:12+00:00,-1
2014-12-02 14:15:20+00:00,-1
2014-12-02 14:17:03+00:00,0
2014-12-02 14:17:03+00:00,0
2014-12-02 14:17:16+00:00,-1
2014-12-02 14:20:00+00:00,-1
2014-12-02 14:21:03+00:00,-1
2014-12-02 14:27:39+00:00,-1
2014-12-02 14:29:54+00:00,-1
2014-12-02 14:30:03+00:00,-1
2014-12-02 14:31:23+00:00,1
2014-12-02 14:32:36+00:00,1
2014-12-02 14:41:50+00:00,-1
2014-12-02 14:46:45+00:00,-1
2014-12-02 14:48:21+00:00,-1
2014-12-02 14:50:46+00:00,0
2014-12-02 14:52:33+00:00,0
2014-12-02 14:55:14+00:00,0
2014-12-02 14:58:26+00:00,-1
2014-12-02 14:58:31+00:00,-1
2014-12-02 15:00:03+00:00,-1
2014-12-02 15:00:43+00:00,0
2014-12-02 15:02:10+00:00,-1
2014-12-02 15:02:17+00:00,-1
2014-12-02 15:04:11+00:00,-1
2014-12-02 15:04:26+00:00,1
2014-12-02 15:04:40+00:00,-1
2014-12-02 15:07:51+00:00,0
2014-12-02 15:09:11+00:00,1
2014-12-02 15:09:21+00:00,1
2014-12-02 15:11:51+00:00,-1
2014-12-02 15:15:43+00:00,-1
2014-12-02 15:16:10+00:00,-1
2014-12-02 15:16:15+00:00,-1
2014-12-02 15:20:57+00:00,-1
2014-12-02 15:23:49+00:00,0
2014-12-02 15:24:22+00:00,-1
2014-12-02 15:25:08+00:00,-1
2014-12-02 15:25:19+00:00,-1
2014-12-02 15:28:06+00:00,0
2014-12-02 15:29:26+00:00,-1
2014-12-02 15:31:11+00:00,-1
2014-12-02 15:36:13+00:00,-1
2014-12-02 15:36:20+00:00,-1
2014-12-02 15:36:48+00:00,0
2014-12-02 15:37:12+00:00,-1
2014-12-02 15:38:37+00:00,0
2014-12-02 15:39:43+00:00,-1
2014-12-02 15:40:25+00:00,1
2014-12-02 15:46:10+00:00,-1
2014-12-02 15:50:01+00:00,-1
2014-12-02 15:51:58+00:00,-1
2014-12-02 15:55:57+00:00,-1
2014-12-02 16:02:42+00:00,-1
2014-12-02 16:04:30+00:00,0
2014-12-02 16:07:01+00:00,0
2014-12-02 16:08:14+00:00,0
2014-12-02 16:10:12+00:00,-1
2014-12-02 16:11:41+00:00,0
2014-12-02 16:12:40+00:00,-1
2014-12-02 16:15:03+00:00,-1
2014-12-02 16:17:37+00:00,-1
2014-12-02 16:17:44+00:00,-1
2014-12-02 16:20:05+00:00,1
2014-12-02 16:23:42+00:00,-1
2014-12-02 16:24:44+00:00,0
2014-12-02 16:28:18+00:00,-1
2014-12-02 16:30:03+00:00,-1
2014-12-02 16:30:35+00:00,-1
2014-12-02 16:32:49+00:00,0
2014-12-02 16:32:53+00:00,0
2014-12-02 16:34:00+00:00,0
2014-12-02 16:34:46+00:00,-1
2014-12-02 16:34:47+00:00,0
2014-12-02 16:38:25+00:00,-1
2014-12-02 16:40:26+00:00,1
2014-12-02 16:42:58+00:00,-1
2014-12-02 16:43:43+00:00,-1
2014-12-02 16:44:59+00:00,-1
2014-12-02 16:45:22+00:00,-1
2014-12-02 16:47:18+00:00,-1
2014-12-02 16:47:24+00:00,0
2014-12-02 16:48:47+00:00,0
2014-12-02 16:49:09+00:00,-1
2014-12-02 16:52:00+00:00,-1
2014-12-02 16:52:26+00:00,0
2014-12-02 16:53:19+00:00,-1
2014-12-02 16:53:43+00:00,-1
2014-12-02 16:55:07+00:00,1
2014-12-02 16:55:29+00:00,0
2014-12-02 16:55:48+00:00,-1
2014-12-02 16:56:20+00:00,-1
2014-12-02 16:59:09+00:00,-1
2014-12-02 17:01:32+00:00,-1
2014-12-02 17:02:01+00:00,1
2014-12-02 17:04:26+00:00,0
2014-12-02 17:10:19+00:00,1
2014-12-02 17:10:20+00:00,-1
2014-12-02 17:12:09+00:00,-1
2014-12-02 17:14:17+00:00,-1
2014-12-02 17:19:48+00:00,-1
2014-12-02 17:21:58+00:00,0
2014-12-02 17:25:56+00:00,-1
2014-12-02 17:28:23+00:00,0
2014-12-02 17:28:33+00:00,-1
2014-12-02 17:29:11+00:00,-1
2014-12-02 17:30:03+00:00,-1
2014-12-02 17:30:21+00:00,0
2014-12-02 17:30:41+00:00,-1
2014-12-02 17:35:01+00:00,0
2014-12-02 17:36:14+00:00,-1
2014-12-02 17:37:57+00:00,0
2014-12-02 17:38:54+00:00,0
2014-12-02 17:40:05+00:00,0
2014-12-02 17:41:13+00:00,-1
2014-12-02 17:42:36+00:00,-1
2014-12-02 17:42:51+00:00,-1
2014-12-02 17:42:52+00:00,-1
2014-12-02 17:43:13+00:00,1
2014-12-02 17:43:33+00:00,0
2014-12-02 17:45:03+00:00,0
2014-12-02 17:45:40+00:00,-1
2014-12-02 17:45:40+00:00,0
2014-12-02 17:54:22+00:00,-1
2014-12-02 17:59:05+00:00,0
2014-12-02 18:00:02+00:00,-1
2014-12-02 18:02:21+00:00,-1
2014-12-02 18:03:44+00:00,0
2014-12-02 18:05:19+00:00,-1
2014-12-02 18:13:08+00:00,-1
2014-12-02 18:13:34+00:00,-1
2014-12-02 18:15:04+00:00,0
2014-12-02 18:16:41+00:00,-1
2014-12-02 18:16:51+00:00,-1
2014-12-02 18:17:12+00:00,-1
2014-12-02 18:17:22+00:00,-1
2014-12-02 18:18:07+00:00,0
2014-12-02 18:24:27+00:00,-1
2014-12-02 18:24:42+00:00,-1
2014-12-02 18:28:17+00:00,0
2014-12-02 18:28:41+00:00,-1
2014-12-02 18:29:16+00:00,-1
2014-12-02 18:29:25+00:00,-1
2014-12-02 18:33:19+00:00,-1
2014-12-02 18:39:07+00:00,1
2014-12-02 18:39:10+00:00,-1
2014-12-02 18:39:37+00:00,-1
2014-12-02 18:40:03+00:00,-1
2014-12-02 18:43:16+00:00,-1
2014-12-02 18:45:03+00:00,-1
2014-12-02 18:46:50+00:00,-1
2014-12-02 18:48:08+00:00,-1
2014-12-02 18:50:39+00:00,-1
2014-12-02 18:51:11+00:00,-1
2014-12-02 18:53:38+00:00,-1
2014-12-02 18:56:50+00:00,0
2014-12-02 18:57:11+00:00,0
2014-12-02 19:00:59+00:00,0
2014-12-02 19:01:32+00:00,0
2014-12-02 19:05:25+00:00,-1
2014-12-02 19:08:24+00:00,-1
2014-12-02 19:15:01+00:00,1
2014-12-02 19:15:10+00:00,-1
2014-12-02 19:19:12+00:00,0
2014-12-02 19:19:15+00:00,-1
2014-12-02 19:19:31+00:00,0
2014-12-02 19:19:36+00:00,0
2014-12-02 19:19:53+00:00,-1
2014-12-02 19:20:00+00:00,1
2014-12-02 19:20:11+00:00,-1
2014-12-02 19:23:40+00:00,-1
2014-12-02 19:23:54+00:00,-1
2014-12-02 19:24:55+00:00,0
2014-12-02 19:25:09+00:00,-1
2014-12-02 19:26:22+00:00,-1
2014-12-02 19:30:03+00:00,-1
2014-12-02 19:30:15+00:00,0
2014-12-02 19:30:31+00:00,-1
2014-12-02 19:31:34+00:00,1
2014-12-02 19:32:12+00:00,0
2014-12-02 19:33:13+00:00,0
2014-12-02 19:33:41+00:00,-1
2014-12-02 19:33:45+00:00,-1
2014-12-02 19:33:48+00:00,-1
2014-12-02 19:34:52+00:00,1
2014-12-02 19:35:16+00:00,1
2014-12-02 19:38:41+00:00,-1
2014-12-02 19:39:26+00:00,-1
2014-12-02 19:39:36+00:00,0
2014-12-02 19:40:00+00:00,-1
2014-12-02 19:42:12+00:00,-1
2014-12-02 19:47:38+00:00,-1
2014-12-02 19:51:27+00:00,-1
2014-12-02 19:52:28+00:00,0
2014-12-02 20:00:12+00:00,1
2014-12-02 20:00:44+00:00,-1
2014-12-02 20:00:56+00:00,0
2014-12-02 20:03:18+00:00,1
2014-12-02 20:04:02+00:00,0
2014-12-02 20:04:48+00:00,1
2014-12-02 20:05:07+00:00,-1
2014-12-02 20:05:21+00:00,0
2014-12-02 20:05:42+00:00,1
2014-12-02 20:08:40+00:00,-1
2014-12-02 20:10:57+00:00,0
2014-12-02 20:12:18+00:00,0
2014-12-02 20:12:53+00:00,-1
2014-12-02 20:15:40+00:00,-1
2014-12-02 20:15:49+00:00,-1
2014-12-02 20:18:47+00:00,0
2014-12-02 20:19:48+00:00,0
2014-12-02 20:21:48+00:00,-1
2014-12-02 20:22:22+00:00,-1
2014-12-02 20:27:21+00:00,0
2014-12-02 20:29:06+00:00,1
2014-12-02 20:34:09+00:00,1
2014-12-02 20:35:00+00:00,-1
2014-12-02 20:38:11+00:00,-1
2014-12-02 20:38:28+00:00,-1
2014-12-02 20:39:30+00:00,0
2014-12-02 20:44:29+00:00,1
2014-12-02 20:44:34+00:00,-1
2014-12-02 20:45:36+00:00,-1
2014-12-02 20:45:48+00:00,-1
2014-12-02 20:50:20+00:00,-1
2014-12-02 20:50:34+00:00,-1
2014-12-02 21:00:03+00:00,0
2014-12-02 21:00:07+00:00,-1
2014-12-02 21:00:20+00:00,0
2014-12-02 21:00:23+00:00,-1
2014-12-02 21:03:30+00:00,-1
2014-12-02 21:05:08+00:00,-1
2014-12-02 21:06:29+00:00,-1
2014-12-02 21:10:27+00:00,0
2014-12-02 21:11:28+00:00,1
2014-12-02 21:16:54+00:00,0
2014-12-02 21:20:21+00:00,-1
2014-12-02 21:22:24+00:00,-1
2014-12-02 21:25:56+00:00,-1
2014-12-02 21:30:04+00:00,-1
2014-12-02 21:31:23+00:00,-1
2014-12-02 21:34:34+00:00,0
2014-12-02 21:36:48+00:00,-1
2014-12-02 21:38:07+00:00,-1
2014-12-02 21:38:16+00:00,1
2014-12-02 21:39:53+00:00,0
2014-12-02 21:42:33+00:00,1
2014-12-02 21:42:38+00:00,0
2014-12-02 21:45:01+00:00,-1
2014-12-02 21:45:09+00:00,-1
2014-12-02 21:45:19+00:00,1
2014-12-02 21:47:01+00:00,-1
2014-12-02 21:50:42+00:00,1
2014-12-02 21:53:41+00:00,-1
2014-12-02 22:05:03+00:00,-1
2014-12-02 22:05:36+00:00,-1
2014-12-02 22:05:44+00:00,-1
2014-12-02 22:05:45+00:00,-1
2014-12-02 22:08:53+00:00,0
2014-12-02 22:09:04+00:00,-1
2014-12-02 22:10:20+00:00,1
2014-12-02 22:13:40+00:00,-1
2014-12-02 22:14:30+00:00,0
2014-12-02 22:16:34+00:00,0
2014-12-02 22:17:50+00:00,0
2014-12-02 22:18:11+00:00,-1
2014-12-02 22:21:03+00:00,1
2014-12-02 22:23:40+00:00,-1
2014-12-02 22:30:03+00:00,-1
2014-12-02 22:32:25+00:00,-1
2014-12-02 22:43:52+00:00,-1
2014-12-02 22:44:02+00:00,0
2014-12-02 22:50:32+00:00,-1
2014-12-02 23:05:27+00:00,-1
2014-12-02 23:10:52+00:00,0
2014-12-02 23:13:16+00:00,1
2014-12-02 23:14:23+00:00,0
2014-12-02 23:19:39+00:00,-1
2014-12-02 23:31:27+00:00,0
2014-12-02 23:35:40+00:00,-1
2014-12-02 23:38:07+00:00,-1
2014-12-02 23:40:24+00:00,-1
2014-12-02 23:45:03+00:00,-1
2014-12-02 23:46:13+00:00,-1
2014-12-02 23:48:28+00:00,-1
2014-12-02 23:49:04+00:00,-1
2014-12-02 23:54:19+00:00,-1
2014-12-03 00:03:25+00:00,-1
2014-12-03 00:07:24+00:00,0
2014-12-03 00:08:03+00:00,-1
2014-12-03 00:08:04+00:00,-1
2014-12-03 00:08:09+00:00,-1
2014-12-03 00:18:22+00:00,-1
2014-12-03 00:22:37+00:00,-1
2014-12-03 00:24:29+00:00,0
2014-12-03 00:25:44+00:00,-1
2014-12-03 00:28:13+00:00,-1
2014-12-03 00:29:13+00:00,-1
2014-12-03 00:30:04+00:00,-1
2014-12-03 00:30:30+00:00,-1
2014-12-03 00:34:02+00:00,0
2014-12-03 00:35:04+00:00,0
2014-12-03 00:35:39+00:00,0
2014-12-03 00:38:09+00:00,0
2014-12-03 00:39:22+00:00,1
2014-12-03 00:40:00+00:00,-1
2014-12-03 00:41:14+00:00,0
2014-12-03 00:45:07+00:00,-1
2014-12-03 00:49:41+00:00,-1
2014-12-03 00:55:31+00:00,0
2014-12-03 00:55:51+00:00,0
2014-12-03 01:01:05+00:00,-1
2014-12-03 01:04:08+00:00,0
2014-12-03 01:09:34+00:00,0
2014-12-03 01:15:04+00:00,-1
2014-12-03 01:16:06+00:00,0
2014-12-03 01:16:45+00:00,-1
2014-12-03 01:18:42+00:00,0
2014-12-03 01:22:33+00:00,0
2014-12-03 01:23:33+00:00,1
2014-12-03 01:27:13+00:00,0
2014-12-03 01:29:35+00:00,-1
2014-12-03 01:32:39+00:00,1
2014-12-03 01:33:53+00:00,0
2014-12-03 01:34:42+00:00,0
2014-12-03 01:43:18+00:00,-1
2014-12-03 01:46:40+00:00,-1
2014-12-03 01:52:51+00:00,0
2014-12-03 01:55:06+00:00,0
2014-12-03 02:02:14+00:00,1
2014-12-03 02:04:04+00:00,-1
2014-12-03 02:05:42+00:00,0
2014-12-03 02:11:48+00:00,-1
2014-12-03 02:11:48+00:00,-1
2014-12-03 02:20:36+00:00,0
2014-12-03 02:22:34+00:00,-1
2014-12-03 02:24:43+00:00,-1
2014-12-03 02:25:23+00:00,0
2014-12-03 02:25:33+00:00,-1
2014-12-03 02:25:52+00:00,-1
2014-12-03 02:28:21+00:00,0
2014-12-03 02:29:17+00:00,-1
2014-12-03 02:31:57+00:00,0
2014-12-03 02:33:18+00:00,0
2014-12-03 02:50:11+00:00,0
2014-12-03 02:51:19+00:00,0
2014-12-03 02:59:24+00:00,0
2014-12-03 03:00:04+00:00,-1
2014-12-03 03:01:02+00:00,0
2014-12-03 03:04:44+00:00,0
2014-12-03 03:14:38+00:00,0
2014-12-03 03:36:40+00:00,0
2014-12-03 03:42:58+00:00,-1
2014-12-03 03:47:48+00:00,0
2014-12-03 03:50:45+00:00,-1
2014-12-03 03:55:43+00:00,0
2014-12-03 04:05:23+00:00,0
2014-12-03 04:07:58+00:00,0
2014-12-03 04:15:05+00:00,-1
2014-12-03 04:17:35+00:00,-1
2014-12-03 04:17:59+00:00,-1
2014-12-03 04:20:31+00:00,0
2014-12-03 04:26:50+00:00,0
2014-12-03 04:28:43+00:00,-1
2014-12-03 04:29:47+00:00,0
2014-12-03 04:30:22+00:00,0
2014-12-03 04:30:45+00:00,0
2014-12-03 04:49:00+00:00,0
2014-12-03 04:55:11+00:00,0
2014-12-03 04:57:19+00:00,1
2014-12-03 04:58:04+00:00,-1
2014-12-03 04:59:47+00:00,0
2014-12-03 05:00:12+00:00,1
2014-12-03 05:03:46+00:00,0
2014-12-03 05:09:44+00:00,-1
2014-12-03 05:41:01+00:00,0
2014-12-03 05:49:57+00:00,0
2014-12-03 05:52:26+00:00,0
2014-12-03 05:52:26+00:00,-1
2014-12-03 05:52:42+00:00,0
2014-12-03 05:55:28+00:00,0
2014-12-03 06:02:01+00:00,0
2014-12-03 06:08:54+00:00,-1
2014-12-03 06:15:39+00:00,-1
2014-12-03 06:23:50+00:00,0
2014-12-03 06:24:07+00:00,-1
2014-12-03 06:29:05+00:00,-1
2014-12-03 06:43:06+00:00,1
2014-12-03 06:45:51+00:00,-1
2014-12-03 06:52:41+00:00,0
2014-12-03 06:52:46+00:00,0
2014-12-03 06:53:02+00:00,0
2014-12-03 06:59:29+00:00,0
2014-12-03 07:05:21+00:00,-1
2014-12-03 07:15:59+00:00,-1
2014-12-03 07:18:33+00:00,-1
2014-12-03 07:19:39+00:00,0
2014-12-03 07:25:56+00:00,0
2014-12-03 07:30:04+00:00,-1
2014-12-03 07:32:43+00:00,0
2014-12-03 07:35:45+00:00,-1
2014-12-03 07:41:46+00:00,-1
2014-12-03 07:42:12+00:00,0
2014-12-03 07:43:51+00:00,-1
2014-12-03 07:49:29+00:00,-1
2014-12-03 07:50:15+00:00,0
2014-12-03 08:00:02+00:00,-1
2014-12-03 08:00:31+00:00,-1
2014-12-03 08:01:00+00:00,0
2014-12-03 08:21:06+00:00,0
2014-12-03 08:30:02+00:00,0
2014-12-03 08:30:56+00:00,0
2014-12-03 08:31:13+00:00,0
2014-12-03 08:31:44+00:00,-1
2014-12-03 08:35:33+00:00,-1
2014-12-03 08:35:43+00:00,0
2014-12-03 08:37:02+00:00,0
2014-12-03 08:37:25+00:00,-1
2014-12-03 08:42:26+00:00,0
2014-12-03 08:49:32+00:00,1
2014-12-03 08:52:59+00:00,0
2014-12-03 08:59:12+00:00,-1
2014-12-03 09:00:19+00:00,0
2014-12-03 09:01:01+00:00,1
2014-12-03 09:16:40+00:00,0
2014-12-03 09:22:53+00:00,0
2014-12-03 09:23:49+00:00,0
2014-12-03 09:38:38+00:00,-1
2014-12-03 09:55:49+00:00,0
2014-12-03 09:58:15+00:00,-1
2014-12-03 10:00:05+00:00,-1
2014-12-03 10:00:15+00:00,-1
2014-12-03 10:00:15+00:00,-1
2014-12-03 10:00:55+00:00,-1
2014-12-03 10:02:47+00:00,-1
2014-12-03 10:03:59+00:00,-1
2014-12-03 10:09:21+00:00,-1
2014-12-03 10:13:40+00:00,-1
2014-12-03 10:15:04+00:00,-1
2014-12-03 10:20:04+00:00,1
2014-12-03 10:27:12+00:00,-1
2014-12-03 10:49:54+00:00,0
2014-12-03 11:29:48+00:00,-1
2014-12-03 11:44:38+00:00,-1
2014-12-03 11:54:06+00:00,1
2014-12-03 11:57:28+00:00,-1
2014-12-03 11:58:34+00:00,-1
2014-12-03 12:01:48+00:00,0
2014-12-03 12:03:49+00:00,0
2014-12-03 12:12:44+00:00,-1
2014-12-03 12:16:23+00:00,0
2014-12-03 12:16:58+00:00,0
2014-12-03 12:19:58+00:00,0
2014-12-03 12:24:12+00:00,0
2014-12-03 12:25:58+00:00,0
2014-12-03 12:29:00+00:00,0
2014-12-03 12:30:59+00:00,-1
2014-12-03 12:33:06+00:00,-1
2014-12-03 12:33:10+00:00,0
2014-12-03 12:43:01+00:00,0
2014-12-03 12:54:29+00:00,-1
2014-12-03 12:57:46+00:00,0
2014-12-03 12:57:54+00:00,1
2014-12-03 13:00:20+00:00,-1
2014-12-03 13:10:00+00:00,1
2014-12-03 13:11:06+00:00,0
2014-12-03 13:11:29+00:00,1
2014-12-03 13:19:25+00:00,1
2014-12-03 13:21:18+00:00,-1
2014-12-03 13:26:10+00:00,-1
2014-12-03 13:26:49+00:00,1
2014-12-03 13:28:39+00:00,-1
2014-12-03 13:31:23+00:00,-1
2014-12-03 13:35:40+00:00,-1
2014-12-03 13:52:13+00:00,-1
2014-12-03 13:52:21+00:00,-1
2014-12-03 13:52:42+00:00,-1
2014-12-03 13:52:59+00:00,-1
2014-12-03 14:06:52+00:00,-1
2014-12-03 14:13:04+00:00,-1
2014-12-03 14:14:14+00:00,-1
2014-12-03 14:16:11+00:00,-1
2014-12-03 14:16:12+00:00,0
2014-12-03 14:17:55+00:00,0
2014-12-03 14:20:08+00:00,-1
2014-12-03 14:24:12+00:00,-1
2014-12-03 14:25:28+00:00,0
2014-12-03 14:27:00+00:00,-1
2014-12-03 14:28:42+00:00,-1
2014-12-03 14:29:19+00:00,-1
2014-12-03 14:30:55+00:00,1
2014-12-03 14:35:54+00:00,-1
2014-12-03 14:36:51+00:00,-1
2014-12-03 14:38:27+00:00,-1
2014-12-03 14:39:25+00:00,1
2014-12-03 14:40:03+00:00,-1
2014-12-03 14:40:22+00:00,-1
2014-12-03 14:45:13+00:00,-1
2014-12-03 14:47:22+00:00,-1
2014-12-03 14:49:14+00:00,-1
2014-12-03 14:49:38+00:00,-1
2014-12-03 14:56:17+00:00,0
2014-12-03 14:59:03+00:00,-1
2014-12-03 14:59:19+00:00,-1
2014-12-03 14:59:22+00:00,-1
2014-12-03 14:59:43+00:00,0
2014-12-03 15:00:03+00:00,-1
2014-12-03 15:00:36+00:00,-1
2014-12-03 15:00:41+00:00,-1
2014-12-03 15:01:24+00:00,-1
2014-12-03 15:02:05+00:00,-1
2014-12-03 15:02:37+00:00,0
2014-12-03 15:02:58+00:00,0
2014-12-03 15:03:39+00:00,0
2014-12-03 15:04:01+00:00,-1
2014-12-03 15:04:10+00:00,0
2014-12-03 15:04:42+00:00,0
2014-12-03 15:06:55+00:00,1
2014-12-03 15:09:33+00:00,0
2014-12-03 15:10:31+00:00,-1
2014-12-03 15:14:04+00:00,0
2014-12-03 15:14:18+00:00,1
2014-12-03 15:14:47+00:00,0
2014-12-03 15:15:10+00:00,-1
2014-12-03 15:19:06+00:00,-1
2014-12-03 15:19:34+00:00,0
2014-12-03 15:20:18+00:00,-1
2014-12-03 15:22:09+00:00,0
2014-12-03 15:22:36+00:00,-1
2014-12-03 15:24:18+00:00,0
2014-12-03 15:26:12+00:00,1
2014-12-03 15:28:34+00:00,-1
2014-12-03 15:28:51+00:00,0
2014-12-03 15:29:32+00:00,0
2014-12-03 15:42:35+00:00,-1
2014-12-03 15:45:09+00:00,0
2014-12-03 15:47:09+00:00,-1
2014-12-03 15:48:48+00:00,1
2014-12-03 15:49:33+00:00,-1
2014-12-03 15:49:42+00:00,-1
2014-12-03 15:55:35+00:00,1
2014-12-03 15:59:13+00:00,-1
2014-12-03 16:00:52+00:00,-1
2014-12-03 16:02:03+00:00,0
2014-12-03 16:02:18+00:00,-1
2014-12-03 16:02:53+00:00,1
2014-12-03 16:03:00+00:00,-1
2014-12-03 16:03:33+00:00,-1
2014-12-03 16:05:52+00:00,0
2014-12-03 16:06:00+00:00,-1
2014-12-03 16:07:59+00:00,1
2014-12-03 16:08:37+00:00,0
2014-12-03 16:12:53+00:00,-1
2014-12-03 16:14:54+00:00,-1
2014-12-03 16:15:03+00:00,-1
2014-12-03 16:16:30+00:00,-1
2014-12-03 16:18:02+00:00,-1
2014-12-03 16:18:12+00:00,-1
2014-12-03 16:18:33+00:00,-1
2014-12-03 16:18:43+00:00,-1
2014-12-03 16:19:03+00:00,-1
2014-12-03 16:19:21+00:00,0
2014-12-03 16:21:01+00:00,-1
2014-12-03 16:22:40+00:00,1
2014-12-03 16:26:39+00:00,-1
2014-12-03 16:27:41+00:00,-1
2014-12-03 16:28:32+00:00,-1
2014-12-03 16:29:06+00:00,-1
2014-12-03 16:30:03+00:00,-1
2014-12-03 16:31:49+00:00,-1
2014-12-03 16:33:08+00:00,-1
2014-12-03 16:36:19+00:00,-1
2014-12-03 16:37:28+00:00,0
2014-12-03 16:37:40+00:00,1
2014-12-03 16:40:37+00:00,-1
2014-12-03 16:42:51+00:00,0
2014-12-03 16:50:25+00:00,-1
2014-12-03 16:54:30+00:00,-1
2014-12-03 16:54:53+00:00,-1
2014-12-03 16:56:03+00:00,-1
2014-12-03 16:57:11+00:00,0
2014-12-03 16:57:25+00:00,-1
2014-12-03 16:59:57+00:00,-1
2014-12-03 17:02:41+00:00,0
2014-12-03 17:03:09+00:00,0
2014-12-03 17:05:33+00:00,1
2014-12-03 17:05:38+00:00,-1
2014-12-03 17:06:50+00:00,-1
2014-12-03 17:09:20+00:00,0
2014-12-03 17:10:48+00:00,0
2014-12-03 17:11:02+00:00,-1
2014-12-03 17:13:35+00:00,-1
2014-12-03 17:16:08+00:00,-1
2014-12-03 17:19:56+00:00,-1
2014-12-03 17:22:32+00:00,1
2014-12-03 17:25:18+00:00,-1
2014-12-03 17:26:01+00:00,0
2014-12-03 17:26:55+00:00,-1
2014-12-03 17:28:34+00:00,0
2014-12-03 17:31:18+00:00,-1
2014-12-03 17:32:04+00:00,-1
2014-12-03 17:34:11+00:00,0
2014-12-03 17:34:32+00:00,-1
2014-12-03 17:35:17+00:00,-1
2014-12-03 17:37:13+00:00,-1
2014-12-03 17:37:38+00:00,-1
2014-12-03 17:38:40+00:00,-1
2014-12-03 17:41:00+00:00,-1
2014-12-03 17:43:53+00:00,-1
2014-12-03 17:43:58+00:00,-1
2014-12-03 17:44:06+00:00,1
2014-12-03 17:44:16+00:00,1
2014-12-03 17:47:05+00:00,-1
2014-12-03 17:47:28+00:00,0
2014-12-03 17:47:38+00:00,-1
2014-12-03 17:48:56+00:00,-1
2014-12-03 17:52:20+00:00,-1
2014-12-03 17:53:19+00:00,0
2014-12-03 17:53:49+00:00,0
2014-12-03 17:55:01+00:00,-1
2014-12-03 17:55:22+00:00,-1
2014-12-03 17:57:53+00:00,0
2014-12-03 17:58:31+00:00,-1
2014-12-03 18:02:03+00:00,-1
2014-12-03 18:02:03+00:00,-1
2014-12-03 18:02:08+00:00,0
2014-12-03 18:04:05+00:00,0
2014-12-03 18:04:42+00:00,0
2014-12-03 18:05:30+00:00,-1
2014-12-03 18:06:52+00:00,0
2014-12-03 18:08:20+00:00,-1
2014-12-03 18:15:00+00:00,0
2014-12-03 18:22:50+00:00,-1
2014-12-03 18:22:51+00:00,0
2014-12-03 18:25:36+00:00,0
2014-12-03 18:29:13+00:00,-1
2014-12-03 18:30:03+00:00,0
2014-12-03 18:34:13+00:00,-1
2014-12-03 18:34:25+00:00,1
2014-12-03 18:36:57+00:00,-1
2014-12-03 18:37:23+00:00,-1
2014-12-03 18:38:14+00:00,-1
2014-12-03 18:38:21+00:00,1
2014-12-03 18:43:55+00:00,1
2014-12-03 18:44:54+00:00,-1
2014-12-03 18:45:39+00:00,-1
2014-12-03 18:49:06+00:00,0
2014-12-03 18:53:40+00:00,-1
2014-12-03 18:59:23+00:00,1
2014-12-03 19:00:16+00:00,-1
2014-12-03 19:00:58+00:00,0
2014-12-03 19:01:15+00:00,0
2014-12-03 19:02:32+00:00,-1
2014-12-03 19:03:51+00:00,-1
2014-12-03 19:07:24+00:00,0
2014-12-03 19:08:11+00:00,1
2014-12-03 19:08:15+00:00,1
2014-12-03 19:10:36+00:00,1
2014-12-03 19:13:46+00:00,-1
2014-12-03 19:15:05+00:00,0
2014-12-03 19:16:05+00:00,-1
2014-12-03 19:18:06+00:00,-1
2014-12-03 19:18:14+00:00,-1
2014-12-03 19:18:36+00:00,-1
2014-12-03 19:19:25+00:00,0
2014-12-03 19:19:27+00:00,-1
2014-12-03 19:22:33+00:00,-1
2014-12-03 19:22:33+00:00,-1
2014-12-03 19:29:28+00:00,0
2014-12-03 19:30:03+00:00,-1
2014-12-03 19:31:25+00:00,1
2014-12-03 19:32:56+00:00,1
2014-12-03 19:34:22+00:00,-1
2014-12-03 19:35:23+00:00,0
2014-12-03 19:39:54+00:00,1
2014-12-03 19:40:12+00:00,0
2014-12-03 19:40:38+00:00,-1
2014-12-03 19:44:55+00:00,0
2014-12-03 19:45:01+00:00,-1
2014-12-03 19:47:32+00:00,-1
2014-12-03 19:47:34+00:00,1
2014-12-03 19:49:38+00:00,0
2014-12-03 19:50:59+00:00,0
2014-12-03 19:51:06+00:00,-1
2014-12-03 19:53:20+00:00,-1
2014-12-03 19:55:15+00:00,-1
2014-12-03 19:57:30+00:00,0
2014-12-03 19:59:13+00:00,1
2014-12-03 20:05:22+00:00,-1
2014-12-03 20:09:02+00:00,-1
2014-12-03 20:09:24+00:00,1
2014-12-03 20:10:10+00:00,-1
2014-12-03 20:10:40+00:00,-1
2014-12-03 20:11:27+00:00,-1
2014-12-03 20:13:44+00:00,-1
2014-12-03 20:14:00+00:00,-1
2014-12-03 20:16:41+00:00,0
2014-12-03 20:20:06+00:00,0
2014-12-03 20:21:28+00:00,-1
2014-12-03 20:23:28+00:00,1
2014-12-03 20:29:50+00:00,0
2014-12-03 20:31:43+00:00,-1
2014-12-03 20:32:33+00:00,1
2014-12-03 20:36:46+00:00,-1
2014-12-03 20:36:59+00:00,0
2014-12-03 20:37:17+00:00,0
2014-12-03 20:37:25+00:00,-1
2014-12-03 20:39:32+00:00,-1
2014-12-03 20:40:07+00:00,-1
2014-12-03 20:49:00+00:00,0
2014-12-03 20:50:25+00:00,0
2014-12-03 20:50:43+00:00,-1
2014-12-03 20:51:11+00:00,1
2014-12-03 20:53:00+00:00,-1
2014-12-03 20:53:32+00:00,0
2014-12-03 20:53:46+00:00,-1
2014-12-03 20:53:58+00:00,1
2014-12-03 20:55:03+00:00,0
2014-12-03 20:59:27+00:00,-1
2014-12-03 21:00:03+00:00,-1
2014-12-03 21:00:34+00:00,0
2014-12-03 21:00:42+00:00,0
2014-12-03 21:02:37+00:00,-1
2014-12-03 21:10:56+00:00,0
2014-12-03 21:17:04+00:00,-1
2014-12-03 21:21:48+00:00,-1
2014-12-03 21:23:44+00:00,0
2014-12-03 21:24:04+00:00,0
2014-12-03 21:30:03+00:00,-1
2014-12-03 21:33:09+00:00,0
2014-12-03 21:41:40+00:00,0
2014-12-03 21:44:45+00:00,-1
2014-12-03 21:54:30+00:00,0
2014-12-03 21:55:08+00:00,0
2014-12-03 21:58:52+00:00,-1
2014-12-03 22:00:27+00:00,-1
2014-12-03 22:01:20+00:00,-1
2014-12-03 22:05:13+00:00,0
2014-12-03 22:12:42+00:00,-1
2014-12-03 22:15:03+00:00,-1
2014-12-03 22:18:07+00:00,-1
2014-12-03 22:18:45+00:00,-1
2014-12-03 22:20:16+00:00,1
2014-12-03 22:22:40+00:00,0
2014-12-03 22:23:13+00:00,0
2014-12-03 22:25:27+00:00,1
2014-12-03 22:27:26+00:00,-1
2014-12-03 22:28:15+00:00,-1
2014-12-03 22:35:28+00:00,0
2014-12-03 22:36:48+00:00,-1
2014-12-03 22:39:08+00:00,-1
2014-12-03 22:41:05+00:00,-1
2014-12-03 22:42:19+00:00,-1
2014-12-03 22:49:17+00:00,-1
2014-12-03 22:51:57+00:00,0
2014-12-03 22:53:08+00:00,0
2014-12-03 22:53:45+00:00,0
2014-12-03 23:03:02+00:00,-1
2014-12-03 23:04:31+00:00,-1
2014-12-03 23:06:48+00:00,-1
2014-12-03 23:07:31+00:00,-1
2014-12-03 23:13:23+00:00,-1
2014-12-03 23:18:46+00:00,-1
2014-12-03 23:30:04+00:00,-1
2014-12-03 23:45:03+00:00,-1
2014-12-03 23:45:04+00:00,-1
2014-12-03 23:46:52+00:00,0
2014-12-03 23:50:23+00:00,-1
2014-12-03 23:55:24+00:00,-1
2014-12-03 23:56:11+00:00,1
2014-12-03 23:56:32+00:00,-1
2014-12-03 23:56:33+00:00,-1
2014-12-03 23:58:17+00:00,-1
2014-12-04 00:02:05+00:00,-1
2014-12-04 00:02:16+00:00,0
2014-12-04 00:02:37+00:00,1
2014-12-04 00:04:57+00:00,-1
2014-12-04 00:08:40+00:00,0
2014-12-04 00:21:02+00:00,0
2014-12-04 00:24:17+00:00,1
2014-12-04 00:25:14+00:00,-1
2014-12-04 00:25:50+00:00,0
2014-12-04 00:29:10+00:00,0
2014-12-04 00:30:04+00:00,-1
2014-12-04 00:38:12+00:00,-1
2014-12-04 00:38:12+00:00,-1
2014-12-04 00:40:01+00:00,-1
2014-12-04 00:41:01+00:00,0
2014-12-04 00:41:10+00:00,-1
2014-12-04 00:45:40+00:00,-1
2014-12-04 00:45:41+00:00,-1
2014-12-04 00:50:49+00:00,-1
2014-12-04 00:54:37+00:00,-1
2014-12-04 00:54:56+00:00,1
2014-12-04 00:55:22+00:00,-1
2014-12-04 00:56:55+00:00,-1
2014-12-04 01:00:30+00:00,-1
2014-12-04 01:05:08+00:00,-1
2014-12-04 01:05:51+00:00,-1
2014-12-04 01:07:11+00:00,0
2014-12-04 01:08:56+00:00,0
2014-12-04 01:09:24+00:00,0
2014-12-04 01:13:09+00:00,-1
2014-12-04 01:21:12+00:00,0
2014-12-04 01:37:37+00:00,0
2014-12-04 01:47:07+00:00,0
2014-12-04 01:47:42+00:00,-1
2014-12-04 02:00:57+00:00,1
2014-12-04 02:02:55+00:00,0
2014-12-04 02:05:33+00:00,0
2014-12-04 02:05:44+00:00,0
2014-12-04 02:06:37+00:00,1
2014-12-04 02:08:03+00:00,0
2014-12-04 02:12:16+00:00,-1
2014-12-04 02:14:34+00:00,0
2014-12-04 02:15:36+00:00,0
2014-12-04 02:17:12+00:00,-1
2014-12-04 02:20:40+00:00,-1
2014-12-04 02:24:41+00:00,0
2014-12-04 02:27:48+00:00,-1
2014-12-04 02:29:25+00:00,-1
2014-12-04 02:31:05+00:00,-1
2014-12-04 02:38:16+00:00,0
2014-12-04 02:39:22+00:00,0
2014-12-04 02:41:39+00:00,-1
2014-12-04 02:45:04+00:00,0
2014-12-04 02:51:21+00:00,1
2014-12-04 02:52:27+00:00,1
2014-12-04 02:59:07+00:00,-1
2014-12-04 03:06:38+00:00,-1
2014-12-04 03:11:05+00:00,0
2014-12-04 03:13:47+00:00,0
2014-12-04 03:15:43+00:00,0
2014-12-04 03:15:53+00:00,0
2014-12-04 03:17:06+00:00,0
2014-12-04 03:26:36+00:00,0
2014-12-04 03:37:28+00:00,0
2014-12-04 03:43:00+00:00,-1
2014-12-04 03:44:59+00:00,0
2014-12-04 03:46:25+00:00,0
2014-12-04 03:52:16+00:00,0
2014-12-04 04:10:46+00:00,0
2014-12-04 04:14:33+00:00,0
2014-12-04 04:19:04+00:00,0
2014-12-04 04:19:44+00:00,0
2014-12-04 04:25:45+00:00,-1
2014-12-04 04:30:02+00:00,0
2014-12-04 04:30:04+00:00,-1
2014-12-04 04:35:33+00:00,-1
2014-12-04 04:42:32+00:00,-1
2014-12-04 04:43:14+00:00,0
2014-12-04 04:45:39+00:00,-1
2014-12-04 04:54:27+00:00,-1
2014-12-04 05:08:35+00:00,0
2014-12-04 05:09:13+00:00,0
2014-12-04 05:09:14+00:00,-1
2014-12-04 05:10:46+00:00,0
2014-12-04 05:16:36+00:00,-1
2014-12-04 05:25:42+00:00,0
2014-12-04 05:45:01+00:00,-1
2014-12-04 05:50:27+00:00,0
2014-12-04 05:55:49+00:00,0
2014-12-04 06:00:04+00:00,-1
2014-12-04 06:00:21+00:00,0
2014-12-04 06:03:46+00:00,-1
2014-12-04 06:24:01+00:00,-1
2014-12-04 06:26:45+00:00,0
2014-12-04 06:30:04+00:00,-1
2014-12-04 06:39:37+00:00,0
2014-12-04 06:48:07+00:00,0
2014-12-04 06:49:11+00:00,0
2014-12-04 06:50:54+00:00,0
2014-12-04 07:32:27+00:00,0
2014-12-04 07:49:37+00:00,0
2014-12-04 07:50:23+00:00,0
2014-12-04 07:50:42+00:00,1
2014-12-04 07:54:00+00:00,-1
2014-12-04 07:54:58+00:00,0
2014-12-04 07:55:08+00:00,-1
2014-12-04 07:57:36+00:00,1
2014-12-04 07:59:07+00:00,1
2014-12-04 08:00:19+00:00,-1
2014-12-04 08:22:15+00:00,-1
2014-12-04 08:25:36+00:00,0
2014-12-04 08:26:02+00:00,0
2014-12-04 08:26:03+00:00,0
2014-12-04 08:26:48+00:00,1
2014-12-04 08:30:05+00:00,-1
2014-12-04 08:35:35+00:00,-1
2014-12-04 08:43:08+00:00,-1
2014-12-04 08:50:18+00:00,0
2014-12-04 09:00:05+00:00,-1
2014-12-04 09:02:40+00:00,-1
2014-12-04 09:08:24+00:00,-1
2014-12-04 09:13:08+00:00,1
2014-12-04 10:19:04+00:00,-1
2014-12-04 10:26:13+00:00,-1
2014-12-04 10:30:20+00:00,0
2014-12-04 11:03:12+00:00,-1
2014-12-04 11:05:01+00:00,0
2014-12-04 11:13:25+00:00,0
2014-12-04 11:21:37+00:00,-1
2014-12-04 11:24:32+00:00,0
2014-12-04 11:28:44+00:00,-1
2014-12-04 11:29:11+00:00,-1
2014-12-04 11:30:05+00:00,-1
2014-12-04 11:42:55+00:00,-1
2014-12-04 11:45:26+00:00,1
2014-12-04 11:46:37+00:00,-1
2014-12-04 11:47:20+00:00,1
2014-12-04 11:53:47+00:00,-1
2014-12-04 12:03:34+00:00,0
2014-12-04 12:06:10+00:00,0
2014-12-04 12:06:21+00:00,-1
2014-12-04 12:10:02+00:00,-1
2014-12-04 12:13:20+00:00,0
2014-12-04 12:25:57+00:00,-1
2014-12-04 12:28:14+00:00,0
2014-12-04 12:28:59+00:00,-1
2014-12-04 12:32:43+00:00,1
2014-12-04 12:41:33+00:00,-1
2014-12-04 12:48:03+00:00,0
2014-12-04 12:53:21+00:00,-1
2014-12-04 12:59:46+00:00,-1
2014-12-04 12:59:49+00:00,1
2014-12-04 13:02:18+00:00,0
2014-12-04 13:11:07+00:00,0
2014-12-04 13:11:40+00:00,-1
2014-12-04 13:14:36+00:00,1
2014-12-04 13:18:36+00:00,1
2014-12-04 13:20:55+00:00,0
2014-12-04 13:26:00+00:00,0
2014-12-04 13:28:34+00:00,1
2014-12-04 13:29:55+00:00,-1
2014-12-04 13:31:20+00:00,-1
2014-12-04 13:38:24+00:00,-1
2014-12-04 13:40:11+00:00,-1
2014-12-04 13:41:00+00:00,1
2014-12-04 13:41:42+00:00,-1
2014-12-04 13:46:01+00:00,1
2014-12-04 13:47:07+00:00,-1
2014-12-04 13:47:46+00:00,0
2014-12-04 13:50:45+00:00,1
2014-12-04 13:51:47+00:00,0
2014-12-04 13:51:49+00:00,-1
2014-12-04 13:52:47+00:00,1
2014-12-04 13:56:15+00:00,0
2014-12-04 13:57:36+00:00,-1
2014-12-04 14:00:22+00:00,-1
2014-12-04 14:05:09+00:00,1
2014-12-04 14:08:06+00:00,0
2014-12-04 14:21:27+00:00,-1
2014-12-04 14:21:36+00:00,0
2014-12-04 14:25:08+00:00,-1
2014-12-04 14:30:39+00:00,1
2014-12-04 14:33:16+00:00,0
2014-12-04 14:36:24+00:00,-1
2014-12-04 14:40:44+00:00,-1
2014-12-04 14:41:29+00:00,-1
2014-12-04 14:43:49+00:00,0
2014-12-04 14:47:45+00:00,-1
2014-12-04 14:49:02+00:00,0
2014-12-04 14:51:29+00:00,0
2014-12-04 14:52:10+00:00,-1
2014-12-04 14:54:01+00:00,-1
2014-12-04 14:54:56+00:00,0
2014-12-04 14:57:02+00:00,-1
2014-12-04 15:00:03+00:00,-1
2014-12-04 15:01:49+00:00,1
2014-12-04 15:02:32+00:00,0
2014-12-04 15:04:09+00:00,-1
2014-12-04 15:12:22+00:00,0
2014-12-04 15:14:13+00:00,-1
2014-12-04 15:19:55+00:00,0
2014-12-04 15:24:56+00:00,-1
2014-12-04 15:26:33+00:00,0
2014-12-04 15:28:44+00:00,-1
2014-12-04 15:30:03+00:00,-1
2014-12-04 15:30:40+00:00,1
2014-12-04 15:35:25+00:00,0
2014-12-04 15:37:28+00:00,1
2014-12-04 15:39:12+00:00,-1
2014-12-04 15:40:31+00:00,-1
2014-12-04 15:40:52+00:00,-1
2014-12-04 15:41:28+00:00,-1
2014-12-04 15:41:41+00:00,-1
2014-12-04 15:42:12+00:00,-1
2014-12-04 15:45:18+00:00,-1
2014-12-04 15:48:38+00:00,-1
2014-12-04 15:49:42+00:00,-1
2014-12-04 15:50:20+00:00,0
2014-12-04 15:52:50+00:00,-1
2014-12-04 15:53:59+00:00,0
2014-12-04 15:54:33+00:00,-1
2014-12-04 15:55:59+00:00,0
2014-12-04 15:58:44+00:00,-1
2014-12-04 16:03:25+00:00,1
2014-12-04 16:05:20+00:00,1
2014-12-04 16:08:58+00:00,-1
2014-12-04 16:14:46+00:00,-1
2014-12-04 16:15:02+00:00,-1
2014-12-04 16:16:35+00:00,1
2014-12-04 16:19:28+00:00,-1
2014-12-04 16:19:37+00:00,0
2014-12-04 16:25:30+00:00,-1
2014-12-04 16:26:43+00:00,-1
2014-12-04 16:28:21+00:00,-1
2014-12-04 16:28:27+00:00,-1
2014-12-04 16:30:03+00:00,1
2014-12-04 16:30:05+00:00,-1
2014-12-04 16:30:15+00:00,1
2014-12-04 16:32:08+00:00,0
2014-12-04 16:33:06+00:00,-1
2014-12-04 16:33:43+00:00,-1
2014-12-04 16:35:10+00:00,1
2014-12-04 16:35:49+00:00,1
2014-12-04 16:42:04+00:00,0
2014-12-04 16:42:16+00:00,-1
2014-12-04 16:42:43+00:00,1
2014-12-04 16:42:59+00:00,-1
2014-12-04 16:44:08+00:00,0
2014-12-04 16:44:25+00:00,-1
2014-12-04 16:44:42+00:00,-1
2014-12-04 16:44:49+00:00,-1
2014-12-04 16:49:10+00:00,0
2014-12-04 16:49:43+00:00,-1
2014-12-04 16:50:15+00:00,0
2014-12-04 16:55:19+00:00,-1
2014-12-04 16:58:09+00:00,0
2014-12-04 17:00:27+00:00,-1
2014-12-04 17:00:27+00:00,-1
2014-12-04 17:00:27+00:00,-1
2014-12-04 17:00:28+00:00,-1
2014-12-04 17:00:33+00:00,-1
2014-12-04 17:00:33+00:00,-1
2014-12-04 17:00:36+00:00,-1
2014-12-04 17:00:37+00:00,-1
2014-12-04 17:00:37+00:00,-1
2014-12-04 17:00:37+00:00,-1
2014-12-04 17:01:50+00:00,-1
2014-12-04 17:12:25+00:00,1
2014-12-04 17:14:51+00:00,0
2014-12-04 17:15:05+00:00,0
2014-12-04 17:16:17+00:00,-1
2014-12-04 17:16:55+00:00,0
2014-12-04 17:17:51+00:00,0
2014-12-04 17:20:49+00:00,-1
2014-12-04 17:22:48+00:00,-1
2014-12-04 17:23:12+00:00,-1
2014-12-04 17:24:25+00:00,-1
2014-12-04 17:27:23+00:00,0
2014-12-04 17:28:21+00:00,0
2014-12-04 17:30:03+00:00,0
2014-12-04 17:30:47+00:00,-1
2014-12-04 17:40:07+00:00,-1
2014-12-04 17:40:11+00:00,0
2014-12-04 17:42:46+00:00,-1
2014-12-04 17:45:03+00:00,1
2014-12-04 17:46:35+00:00,-1
2014-12-04 17:46:48+00:00,-1
2014-12-04 17:46:58+00:00,-1
2014-12-04 17:47:20+00:00,-1
2014-12-04 17:48:23+00:00,1
2014-12-04 17:48:27+00:00,-1
2014-12-04 17:49:28+00:00,-1
2014-12-04 17:50:03+00:00,1
2014-12-04 17:50:06+00:00,-1
2014-12-04 17:51:30+00:00,-1
2014-12-04 17:51:59+00:00,0
2014-12-04 17:52:14+00:00,-1
2014-12-04 17:53:03+00:00,-1
2014-12-04 17:53:39+00:00,-1
2014-12-04 17:56:48+00:00,0
2014-12-04 17:57:42+00:00,0
2014-12-04 18:00:55+00:00,1
2014-12-04 18:03:03+00:00,-1
2014-12-04 18:06:00+00:00,-1
2014-12-04 18:06:00+00:00,-1
2014-12-04 18:06:54+00:00,-1
2014-12-04 18:07:08+00:00,-1
2014-12-04 18:07:20+00:00,-1
2014-12-04 18:09:29+00:00,1
2014-12-04 18:12:05+00:00,-1
2014-12-04 18:12:36+00:00,1
2014-12-04 18:15:55+00:00,-1
2014-12-04 18:25:04+00:00,-1
2014-12-04 18:28:25+00:00,0
2014-12-04 18:28:25+00:00,-1
2014-12-04 18:30:04+00:00,1
2014-12-04 18:34:16+00:00,0
2014-12-04 18:35:36+00:00,-1
2014-12-04 18:39:59+00:00,-1
2014-12-04 18:40:12+00:00,0
2014-12-04 18:43:21+00:00,1
2014-12-04 18:44:16+00:00,0
2014-12-04 18:51:35+00:00,-1
2014-12-04 18:55:31+00:00,-1
2014-12-04 18:56:41+00:00,-1
2014-12-04 18:57:36+00:00,-1
2014-12-04 18:57:48+00:00,1
2014-12-04 18:58:25+00:00,-1
2014-12-04 19:05:09+00:00,-1
2014-12-04 19:05:20+00:00,-1
2014-12-04 19:15:04+00:00,-1
2014-12-04 19:17:02+00:00,0
2014-12-04 19:17:07+00:00,-1
2014-12-04 19:18:51+00:00,-1
2014-12-04 19:21:34+00:00,0
2014-12-04 19:23:54+00:00,-1
2014-12-04 19:25:45+00:00,1
2014-12-04 19:26:58+00:00,1
2014-12-04 19:27:20+00:00,0
2014-12-04 19:28:32+00:00,1
2014-12-04 19:30:05+00:00,-1
2014-12-04 19:31:01+00:00,0
2014-12-04 19:36:05+00:00,0
2014-12-04 19:38:41+00:00,-1
2014-12-04 19:39:27+00:00,0
2014-12-04 19:43:03+00:00,-1
2014-12-04 19:44:31+00:00,-1
2014-12-04 19:48:17+00:00,0
2014-12-04 19:54:49+00:00,-1
2014-12-04 19:58:56+00:00,-1
2014-12-04 20:05:05+00:00,-1
2014-12-04 20:07:04+00:00,-1
2014-12-04 20:07:58+00:00,-1
2014-12-04 20:14:55+00:00,-1
2014-12-04 20:22:28+00:00,-1
2014-12-04 20:22:39+00:00,-1
2014-12-04 20:22:43+00:00,-1
2014-12-04 20:23:00+00:00,-1
2014-12-04 20:23:10+00:00,-1
2014-12-04 20:23:45+00:00,-1
2014-12-04 20:24:12+00:00,-1
2014-12-04 20:24:14+00:00,0
2014-12-04 20:26:13+00:00,0
2014-12-04 20:28:59+00:00,0
2014-12-04 20:31:09+00:00,-1
2014-12-04 20:33:09+00:00,0
2014-12-04 20:34:56+00:00,-1
2014-12-04 20:36:03+00:00,0
2014-12-04 20:36:26+00:00,0
2014-12-04 20:39:36+00:00,-1
2014-12-04 20:39:41+00:00,-1
2014-12-04 20:39:44+00:00,-1
2014-12-04 20:39:44+00:00,-1
2014-12-04 20:39:44+00:00,-1
2014-12-04 20:39:45+00:00,-1
2014-12-04 20:39:46+00:00,0
2014-12-04 20:39:46+00:00,-1
2014-12-04 20:39:48+00:00,-1
2014-12-04 20:39:48+00:00,0
2014-12-04 20:39:48+00:00,-1
2014-12-04 20:39:50+00:00,-1
2014-12-04 20:39:51+00:00,0
2014-12-04 20:39:51+00:00,-1
2014-12-04 20:39:51+00:00,0
2014-12-04 20:39:54+00:00,-1
2014-12-04 20:39:54+00:00,-1
2014-12-04 20:39:55+00:00,-1
2014-12-04 20:39:55+00:00,-1
2014-12-04 20:39:57+00:00,-1
2014-12-04 20:39:58+00:00,-1
2014-12-04 20:39:58+00:00,-1
2014-12-04 20:39:58+00:00,-1
2014-12-04 20:39:58+00:00,-1
2014-12-04 20:39:58+00:00,1
2014-12-04 20:40:00+00:00,-1
2014-12-04 20:40:01+00:00,-1
2014-12-04 20:40:01+00:00,-1
2014-12-04 20:40:01+00:00,-1
2014-12-04 20:40:01+00:00,-1
2014-12-04 20:40:02+00:00,-1
2014-12-04 20:40:02+00:00,-1
2014-12-04 20:40:02+00:00,-1
2014-12-04 20:40:02+00:00,1
2014-12-04 20:40:03+00:00,-1
2014-12-04 20:40:03+00:00,-1
2014-12-04 20:40:05+00:00,-1
2014-12-04 20:40:05+00:00,-1
2014-12-04 20:40:05+00:00,-1
2014-12-04 20:40:06+00:00,-1
2014-12-04 20:40:07+00:00,-1
2014-12-04 20:40:07+00:00,1
2014-12-04 20:40:09+00:00,-1
2014-12-04 20:40:10+00:00,-1
2014-12-04 20:40:10+00:00,-1
2014-12-04 20:40:12+00:00,-1
2014-12-04 20:40:12+00:00,0
2014-12-04 20:40:13+00:00,-1
2014-12-04 20:40:17+00:00,-1
2014-12-04 20:40:18+00:00,-1
2014-12-04 20:40:20+00:00,-1
2014-12-04 20:40:20+00:00,1
2014-12-04 20:40:20+00:00,0
2014-12-04 20:40:20+00:00,-1
2014-12-04 20:40:22+00:00,0
2014-12-04 20:40:23+00:00,1
2014-12-04 20:40:23+00:00,-1
2014-12-04 20:40:25+00:00,-1
2014-12-04 20:40:26+00:00,-1
2014-12-04 20:40:29+00:00,-1
2014-12-04 20:40:34+00:00,-1
2014-12-04 20:40:36+00:00,-1
2014-12-04 20:40:38+00:00,-1
2014-12-04 20:40:43+00:00,-1
2014-12-04 20:40:44+00:00,0
2014-12-04 20:40:46+00:00,-1
2014-12-04 20:40:47+00:00,0
2014-12-04 20:40:47+00:00,-1
2014-12-04 20:40:49+00:00,0
2014-12-04 20:40:54+00:00,-1
2014-12-04 20:40:55+00:00,-1
2014-12-04 20:40:56+00:00,-1
2014-12-04 20:40:57+00:00,-1
2014-12-04 20:40:58+00:00,-1
2014-12-04 20:41:00+00:00,-1
2014-12-04 20:41:08+00:00,-1
2014-12-04 20:41:13+00:00,-1
2014-12-04 20:41:14+00:00,0
2014-12-04 20:41:14+00:00,-1
2014-12-04 20:41:17+00:00,-1
2014-12-04 20:41:21+00:00,-1
2014-12-04 20:41:21+00:00,-1
2014-12-04 20:41:22+00:00,-1
2014-12-04 20:41:23+00:00,-1
2014-12-04 20:41:24+00:00,0
2014-12-04 20:41:31+00:00,-1
2014-12-04 20:41:41+00:00,0
2014-12-04 20:41:42+00:00,0
2014-12-04 20:41:45+00:00,-1
2014-12-04 20:41:49+00:00,0
2014-12-04 20:41:57+00:00,-1
2014-12-04 20:42:03+00:00,-1
2014-12-04 20:42:04+00:00,-1
2014-12-04 20:42:06+00:00,-1
2014-12-04 20:42:08+00:00,0
2014-12-04 20:42:21+00:00,-1
2014-12-04 20:42:21+00:00,-1
2014-12-04 20:42:23+00:00,-1
2014-12-04 20:42:29+00:00,0
2014-12-04 20:42:30+00:00,-1
2014-12-04 20:42:33+00:00,0
2014-12-04 20:42:35+00:00,-1
2014-12-04 20:42:41+00:00,-1
2014-12-04 20:42:51+00:00,0
2014-12-04 20:42:53+00:00,1
2014-12-04 20:42:56+00:00,-1
2014-12-04 20:42:56+00:00,-1
2014-12-04 20:43:13+00:00,-1
2014-12-04 20:43:27+00:00,0
2014-12-04 20:43:32+00:00,-1
2014-12-04 20:43:35+00:00,0
2014-12-04 20:43:36+00:00,-1
2014-12-04 20:43:37+00:00,0
2014-12-04 20:43:39+00:00,0
2014-12-04 20:43:44+00:00,0
2014-12-04 20:43:45+00:00,-1
2014-12-04 20:43:46+00:00,-1
2014-12-04 20:43:47+00:00,-1
2014-12-04 20:43:47+00:00,-1
2014-12-04 20:44:06+00:00,-1
2014-12-04 20:44:08+00:00,1
2014-12-04 20:44:13+00:00,0
2014-12-04 20:44:15+00:00,0
2014-12-04 20:44:16+00:00,-1
2014-12-04 20:44:17+00:00,-1
2014-12-04 20:44:18+00:00,-1
2014-12-04 20:44:25+00:00,-1
2014-12-04 20:44:30+00:00,-1
2014-12-04 20:44:41+00:00,-1
2014-12-04 20:44:44+00:00,1
2014-12-04 20:44:55+00:00,-1
2014-12-04 20:44:58+00:00,-1
2014-12-04 20:45:03+00:00,-1
2014-12-04 20:45:06+00:00,-1
2014-12-04 20:45:27+00:00,-1
2014-12-04 20:45:43+00:00,-1
2014-12-04 20:45:47+00:00,-1
2014-12-04 20:45:58+00:00,-1
2014-12-04 20:46:01+00:00,0
2014-12-04 20:46:13+00:00,-1
2014-12-04 20:46:14+00:00,1
2014-12-04 20:46:37+00:00,1
2014-12-04 20:46:37+00:00,1
2014-12-04 20:46:39+00:00,-1
2014-12-04 20:46:49+00:00,1
2014-12-04 20:46:59+00:00,-1
2014-12-04 20:47:33+00:00,-1
2014-12-04 20:47:39+00:00,1
2014-12-04 20:47:55+00:00,-1
2014-12-04 20:48:06+00:00,-1
2014-12-04 20:48:06+00:00,-1
2014-12-04 20:48:28+00:00,-1
2014-12-04 20:49:13+00:00,0
2014-12-04 20:49:39+00:00,-1
2014-12-04 20:50:13+00:00,0
2014-12-04 20:50:30+00:00,-1
2014-12-04 20:50:50+00:00,1
2014-12-04 20:50:52+00:00,-1
2014-12-04 20:51:11+00:00,-1
2014-12-04 20:51:19+00:00,-1
2014-12-04 20:51:55+00:00,-1
2014-12-04 20:51:56+00:00,0
2014-12-04 20:51:57+00:00,0
2014-12-04 20:52:08+00:00,-1
2014-12-04 20:52:11+00:00,0
2014-12-04 20:52:22+00:00,-1
2014-12-04 20:52:26+00:00,-1
2014-12-04 20:52:43+00:00,-1
2014-12-04 20:52:43+00:00,-1
2014-12-04 20:53:07+00:00,-1
2014-12-04 20:53:29+00:00,0
2014-12-04 20:53:49+00:00,-1
2014-12-04 20:54:07+00:00,-1
2014-12-04 20:54:45+00:00,-1
2014-12-04 20:55:19+00:00,-1
2014-12-04 20:56:13+00:00,-1
2014-12-04 20:56:27+00:00,-1
2014-12-04 20:56:36+00:00,0
2014-12-04 20:57:07+00:00,-1
2014-12-04 20:57:14+00:00,0
2014-12-04 20:58:01+00:00,-1
2014-12-04 20:58:16+00:00,-1
2014-12-04 20:58:21+00:00,-1
2014-12-04 20:58:36+00:00,-1
2014-12-04 21:00:01+00:00,0
2014-12-04 21:00:03+00:00,-1
2014-12-04 21:00:19+00:00,-1
2014-12-04 21:00:25+00:00,-1
2014-12-04 21:00:42+00:00,-1
2014-12-04 21:00:49+00:00,-1
2014-12-04 21:01:22+00:00,0
2014-12-04 21:01:27+00:00,-1
2014-12-04 21:02:14+00:00,-1
2014-12-04 21:02:43+00:00,-1
2014-12-04 21:06:09+00:00,0
2014-12-04 21:06:18+00:00,0
2014-12-04 21:06:34+00:00,-1
2014-12-04 21:06:47+00:00,1
2014-12-04 21:06:51+00:00,-1
2014-12-04 21:08:14+00:00,-1
2014-12-04 21:08:27+00:00,0
2014-12-04 21:10:21+00:00,-1
2014-12-04 21:10:27+00:00,-1
2014-12-04 21:10:27+00:00,1
2014-12-04 21:11:09+00:00,-1
2014-12-04 21:11:17+00:00,-1
2014-12-04 21:11:23+00:00,0
2014-12-04 21:12:48+00:00,-1
2014-12-04 21:13:14+00:00,-1
2014-12-04 21:13:19+00:00,1
2014-12-04 21:14:12+00:00,-1
2014-12-04 21:14:13+00:00,-1
2014-12-04 21:14:16+00:00,0
2014-12-04 21:14:19+00:00,0
2014-12-04 21:14:53+00:00,0
2014-12-04 21:15:42+00:00,-1
2014-12-04 21:15:48+00:00,-1
2014-12-04 21:16:40+00:00,0
2014-12-04 21:16:51+00:00,0
2014-12-04 21:18:26+00:00,-1
2014-12-04 21:18:31+00:00,-1
2014-12-04 21:18:48+00:00,1
2014-12-04 21:20:34+00:00,0
2014-12-04 21:21:08+00:00,-1
2014-12-04 21:21:37+00:00,-1
2014-12-04 21:21:48+00:00,-1
2014-12-04 21:22:38+00:00,-1
2014-12-04 21:23:44+00:00,-1
2014-12-04 21:24:49+00:00,-1
2014-12-04 21:25:18+00:00,-1
2014-12-04 21:26:18+00:00,1
2014-12-04 21:26:32+00:00,0
2014-12-04 21:27:43+00:00,-1
2014-12-04 21:27:52+00:00,0
2014-12-04 21:27:55+00:00,-1
2014-12-04 21:29:34+00:00,-1
2014-12-04 21:30:12+00:00,-1
2014-12-04 21:30:43+00:00,-1
2014-12-04 21:32:28+00:00,-1
2014-12-04 21:34:15+00:00,1
2014-12-04 21:34:36+00:00,-1
2014-12-04 21:36:14+00:00,-1
2014-12-04 21:37:36+00:00,1
2014-12-04 21:39:09+00:00,0
2014-12-04 21:40:27+00:00,0
2014-12-04 21:40:52+00:00,1
2014-12-04 21:41:03+00:00,-1
2014-12-04 21:42:17+00:00,1
2014-12-04 21:44:00+00:00,-1
2014-12-04 21:44:09+00:00,-1
2014-12-04 21:45:31+00:00,-1
2014-12-04 21:46:10+00:00,0
2014-12-04 21:46:52+00:00,0
2014-12-04 21:47:39+00:00,-1
2014-12-04 21:48:07+00:00,-1
2014-12-04 21:49:33+00:00,-1
2014-12-04 21:50:04+00:00,-1
2014-12-04 21:50:06+00:00,-1
2014-12-04 21:50:31+00:00,-1
2014-12-04 21:50:58+00:00,-1
2014-12-04 21:50:58+00:00,-1
2014-12-04 21:50:59+00:00,0
2014-12-04 21:52:07+00:00,-1
2014-12-04 21:52:48+00:00,0
2014-12-04 21:54:14+00:00,-1
2014-12-04 21:54:24+00:00,-1
2014-12-04 21:55:23+00:00,-1
2014-12-04 21:55:59+00:00,-1
2014-12-04 21:57:28+00:00,-1
2014-12-04 21:58:27+00:00,0
2014-12-04 22:02:39+00:00,0
2014-12-04 22:04:58+00:00,-1
2014-12-04 22:11:40+00:00,-1
2014-12-04 22:15:12+00:00,-1
2014-12-04 22:19:06+00:00,0
2014-12-04 22:21:01+00:00,-1
2014-12-04 22:21:41+00:00,-1
2014-12-04 22:22:33+00:00,-1
2014-12-04 22:23:27+00:00,-1
2014-12-04 22:26:43+00:00,0
2014-12-04 22:29:47+00:00,-1
2014-12-04 22:30:04+00:00,0
2014-12-04 22:32:02+00:00,0
2014-12-04 22:37:42+00:00,-1
2014-12-04 22:39:25+00:00,0
2014-12-04 22:42:54+00:00,-1
2014-12-04 22:44:03+00:00,0
2014-12-04 22:44:37+00:00,1
2014-12-04 22:47:57+00:00,-1
2014-12-04 22:49:07+00:00,0
2014-12-04 22:51:41+00:00,-1
2014-12-04 22:51:50+00:00,0
2014-12-04 22:52:03+00:00,1
2014-12-04 22:52:45+00:00,-1
2014-12-04 22:52:45+00:00,-1
2014-12-04 22:53:23+00:00,-1
2014-12-04 22:56:54+00:00,0
2014-12-04 23:00:06+00:00,-1
2014-12-04 23:07:48+00:00,0
2014-12-04 23:09:09+00:00,-1
2014-12-04 23:10:05+00:00,-1
2014-12-04 23:10:58+00:00,1
2014-12-04 23:17:20+00:00,-1
2014-12-04 23:18:45+00:00,-1
2014-12-04 23:18:48+00:00,-1
2014-12-04 23:24:43+00:00,0
2014-12-04 23:27:35+00:00,1
2014-12-04 23:29:10+00:00,-1
2014-12-04 23:31:13+00:00,-1
2014-12-04 23:31:37+00:00,0
2014-12-04 23:36:44+00:00,-1
2014-12-04 23:37:39+00:00,-1
2014-12-04 23:38:06+00:00,-1
2014-12-04 23:38:17+00:00,-1
2014-12-04 23:38:32+00:00,1
2014-12-04 23:39:41+00:00,-1
2014-12-04 23:40:41+00:00,-1
2014-12-04 23:42:01+00:00,0
2014-12-04 23:42:44+00:00,-1
2014-12-04 23:46:59+00:00,-1
2014-12-04 23:50:04+00:00,-1
2014-12-04 23:50:32+00:00,0
2014-12-04 23:54:11+00:00,-1
2014-12-04 23:55:14+00:00,1
2014-12-05 00:02:35+00:00,-1
2014-12-05 00:02:59+00:00,1
2014-12-05 00:04:39+00:00,-1
2014-12-05 00:04:41+00:00,-1
2014-12-05 00:05:43+00:00,-1
2014-12-05 00:08:02+00:00,0
2014-12-05 00:12:24+00:00,-1
2014-12-05 00:14:22+00:00,-1
2014-12-05 00:18:10+00:00,0
2014-12-05 00:21:29+00:00,-1
2014-12-05 00:24:49+00:00,-1
2014-12-05 00:28:42+00:00,1
2014-12-05 00:31:53+00:00,-1
2014-12-05 00:33:06+00:00,0
2014-12-05 00:33:58+00:00,-1
2014-12-05 00:37:10+00:00,0
2014-12-05 00:41:38+00:00,-1
2014-12-05 00:42:38+00:00,-1
2014-12-05 00:47:07+00:00,-1
2014-12-05 00:48:00+00:00,-1
2014-12-05 00:48:54+00:00,1
2014-12-05 00:49:28+00:00,-1
2014-12-05 00:58:28+00:00,0
2014-12-05 00:59:19+00:00,0
2014-12-05 01:00:20+00:00,-1
2014-12-05 01:06:55+00:00,-1
2014-12-05 01:07:42+00:00,0
2014-12-05 01:08:28+00:00,-1
2014-12-05 01:08:51+00:00,0
2014-12-05 01:13:36+00:00,0
2014-12-05 01:15:37+00:00,0
2014-12-05 01:18:32+00:00,-1
2014-12-05 01:20:12+00:00,0
2014-12-05 01:29:26+00:00,0
2014-12-05 01:30:04+00:00,-1
2014-12-05 01:32:43+00:00,-1
2014-12-05 01:33:18+00:00,-1
2014-12-05 01:33:24+00:00,0
2014-12-05 01:36:10+00:00,-1
2014-12-05 01:36:35+00:00,0
2014-12-05 01:37:36+00:00,-1
2014-12-05 01:38:19+00:00,-1
2014-12-05 01:38:33+00:00,1
2014-12-05 01:40:10+00:00,0
2014-12-05 01:45:42+00:00,1
2014-12-05 01:48:34+00:00,-1
2014-12-05 01:53:31+00:00,-1
2014-12-05 01:54:45+00:00,-1
2014-12-05 01:55:29+00:00,1
2014-12-05 01:58:33+00:00,0
2014-12-05 01:59:35+00:00,0
2014-12-05 02:11:24+00:00,-1
2014-12-05 02:15:23+00:00,-1
2014-12-05 02:17:04+00:00,-1
2014-12-05 02:28:47+00:00,-1
2014-12-05 02:29:25+00:00,-1
2014-12-05 02:30:27+00:00,-1
2014-12-05 02:34:29+00:00,1
2014-12-05 02:34:58+00:00,0
2014-12-05 02:35:11+00:00,-1
2014-12-05 02:37:38+00:00,-1
2014-12-05 02:41:12+00:00,-1
2014-12-05 02:44:57+00:00,-1
2014-12-05 02:47:12+00:00,-1
2014-12-05 02:47:22+00:00,-1
2014-12-05 02:47:25+00:00,-1
2014-12-05 02:49:41+00:00,1
2014-12-05 02:49:52+00:00,-1
2014-12-05 02:53:41+00:00,0
2014-12-05 02:54:03+00:00,-1
2014-12-05 02:58:22+00:00,-1
2014-12-05 02:59:16+00:00,-1
2014-12-05 02:59:24+00:00,-1
2014-12-05 02:59:39+00:00,-1
2014-12-05 03:01:17+00:00,0
2014-12-05 03:03:11+00:00,0
2014-12-05 03:09:23+00:00,0
2014-12-05 03:18:09+00:00,-1
2014-12-05 03:26:31+00:00,-1
2014-12-05 03:28:18+00:00,-1
2014-12-05 03:33:21+00:00,-1
2014-12-05 03:33:28+00:00,0
2014-12-05 03:37:00+00:00,0
2014-12-05 03:40:55+00:00,1
2014-12-05 03:40:57+00:00,1
2014-12-05 03:43:18+00:00,-1
2014-12-05 03:45:04+00:00,-1
2014-12-05 03:51:11+00:00,-1
2014-12-05 03:54:27+00:00,-1
2014-12-05 04:00:03+00:00,-1
2014-12-05 04:07:28+00:00,-1
2014-12-05 04:11:25+00:00,0
2014-12-05 04:11:53+00:00,0
2014-12-05 04:16:37+00:00,0
2014-12-05 04:16:49+00:00,-1
2014-12-05 04:17:11+00:00,-1
2014-12-05 04:22:40+00:00,1
2014-12-05 04:24:32+00:00,0
2014-12-05 04:31:02+00:00,-1
2014-12-05 04:32:25+00:00,-1
2014-12-05 04:33:46+00:00,-1
2014-12-05 04:42:25+00:00,0
2014-12-05 04:43:19+00:00,-1
2014-12-05 04:51:45+00:00,-1
2014-12-05 04:53:11+00:00,-1
2014-12-05 04:56:46+00:00,0
2014-12-05 04:59:59+00:00,0
2014-12-05 05:02:37+00:00,-1
2014-12-05 05:04:41+00:00,-1
2014-12-05 05:21:36+00:00,-1
2014-12-05 05:28:25+00:00,0
2014-12-05 05:29:53+00:00,-1
2014-12-05 05:36:27+00:00,-1
2014-12-05 05:42:56+00:00,0
2014-12-05 05:58:01+00:00,0
2014-12-05 05:59:09+00:00,0
2014-12-05 05:59:19+00:00,0
2014-12-05 06:02:22+00:00,0
2014-12-05 06:03:27+00:00,-1
2014-12-05 06:07:32+00:00,0
2014-12-05 06:14:44+00:00,-1
2014-12-05 06:16:36+00:00,-1
2014-12-05 06:16:58+00:00,0
2014-12-05 06:19:57+00:00,-1
2014-12-05 06:21:21+00:00,-1
2014-12-05 06:22:59+00:00,-1
2014-12-05 06:23:18+00:00,0
2014-12-05 06:24:34+00:00,-1
2014-12-05 06:30:05+00:00,-1
2014-12-05 06:38:04+00:00,-1
2014-12-05 06:40:22+00:00,-1
2014-12-05 06:41:40+00:00,-1
2014-12-05 06:42:42+00:00,0
2014-12-05 06:44:14+00:00,-1
2014-12-05 06:44:33+00:00,-1
2014-12-05 06:45:38+00:00,0
2014-12-05 06:52:37+00:00,-1
2014-12-05 06:54:03+00:00,-1
2014-12-05 07:09:05+00:00,-1
2014-12-05 07:24:35+00:00,-1
2014-12-05 07:30:16+00:00,-1
2014-12-05 07:30:57+00:00,0
2014-12-05 07:31:58+00:00,1
2014-12-05 07:44:46+00:00,-1
2014-12-05 07:46:11+00:00,-1
2014-12-05 07:48:18+00:00,-1
2014-12-05 07:54:53+00:00,0
2014-12-05 08:05:27+00:00,0
2014-12-05 08:15:21+00:00,0
2014-12-05 08:16:15+00:00,0
2014-12-05 08:20:33+00:00,-1
2014-12-05 08:58:33+00:00,0
2014-12-05 09:01:14+00:00,0
2014-12-05 09:07:45+00:00,1
2014-12-05 09:08:13+00:00,1
2014-12-05 09:09:12+00:00,-1
2014-12-05 09:16:41+00:00,-1
2014-12-05 09:29:25+00:00,-1
2014-12-05 09:34:32+00:00,0
2014-12-05 09:36:28+00:00,-1
2014-12-05 09:38:17+00:00,0
2014-12-05 09:46:43+00:00,-1
2014-12-05 09:54:45+00:00,-1
2014-12-05 09:58:55+00:00,-1
2014-12-05 10:00:13+00:00,-1
2014-12-05 10:16:55+00:00,0
2014-12-05 10:19:59+00:00,-1
2014-12-05 10:22:17+00:00,-1
2014-12-05 10:22:58+00:00,1
2014-12-05 10:25:46+00:00,-1
2014-12-05 10:30:28+00:00,-1
2014-12-05 10:37:52+00:00,-1
2014-12-05 10:39:00+00:00,-1
2014-12-05 10:46:38+00:00,0
2014-12-05 10:54:17+00:00,-1
2014-12-05 11:00:36+00:00,1
2014-12-05 11:03:42+00:00,-1
2014-12-05 11:10:45+00:00,0
2014-12-05 11:11:49+00:00,0
2014-12-05 11:12:08+00:00,0
2014-12-05 11:12:23+00:00,-1
2014-12-05 11:30:05+00:00,-1
2014-12-05 11:30:41+00:00,0
2014-12-05 11:35:31+00:00,-1
2014-12-05 11:36:59+00:00,0
2014-12-05 11:41:43+00:00,0
2014-12-05 11:45:05+00:00,-1
2014-12-05 11:45:34+00:00,0
2014-12-05 11:47:05+00:00,1
2014-12-05 11:49:44+00:00,-1
2014-12-05 11:55:09+00:00,-1
2014-12-05 12:02:13+00:00,1
2014-12-05 12:05:55+00:00,0
2014-12-05 12:17:44+00:00,-1
2014-12-05 12:19:23+00:00,1
2014-12-05 12:20:02+00:00,0
2014-12-05 12:24:02+00:00,-1
2014-12-05 12:25:36+00:00,-1
2014-12-05 12:30:51+00:00,0
2014-12-05 12:31:10+00:00,-1
2014-12-05 12:31:14+00:00,-1
2014-12-05 12:31:30+00:00,-1
2014-12-05 12:39:18+00:00,-1
2014-12-05 12:40:10+00:00,-1
2014-12-05 12:41:36+00:00,1
2014-12-05 12:44:07+00:00,0
2014-12-05 12:44:18+00:00,-1
2014-12-05 12:44:25+00:00,0
2014-12-05 12:47:55+00:00,0
2014-12-05 12:53:05+00:00,0
2014-12-05 12:55:55+00:00,-1
2014-12-05 13:01:32+00:00,-1
2014-12-05 13:06:34+00:00,-1
2014-12-05 13:07:55+00:00,-1
2014-12-05 13:11:22+00:00,-1
2014-12-05 13:14:48+00:00,-1
2014-12-05 13:17:22+00:00,-1
2014-12-05 13:17:41+00:00,-1
2014-12-05 13:18:50+00:00,-1
2014-12-05 13:25:20+00:00,1
2014-12-05 13:28:00+00:00,-1
2014-12-05 13:30:02+00:00,0
2014-12-05 13:35:45+00:00,0
2014-12-05 13:39:39+00:00,-1
2014-12-05 13:40:01+00:00,-1
2014-12-05 13:40:37+00:00,-1
2014-12-05 13:40:37+00:00,0
2014-12-05 13:43:32+00:00,0
2014-12-05 13:48:28+00:00,-1
2014-12-05 13:49:10+00:00,-1
2014-12-05 13:54:20+00:00,-1
2014-12-05 13:57:23+00:00,-1
2014-12-05 13:59:22+00:00,0
2014-12-05 14:00:32+00:00,-1
2014-12-05 14:02:56+00:00,-1
2014-12-05 14:04:11+00:00,-1
2014-12-05 14:15:17+00:00,-1
2014-12-05 14:15:46+00:00,-1
2014-12-05 14:17:00+00:00,-1
2014-12-05 14:19:35+00:00,1
2014-12-05 14:20:18+00:00,-1
2014-12-05 14:20:22+00:00,-1
2014-12-05 14:21:10+00:00,0
2014-12-05 14:22:06+00:00,-1
2014-12-05 14:23:17+00:00,0
2014-12-05 14:25:47+00:00,1
2014-12-05 14:31:24+00:00,-1
2014-12-05 14:31:45+00:00,-1
2014-12-05 14:32:37+00:00,-1
2014-12-05 14:36:02+00:00,-1
2014-12-05 14:37:14+00:00,-1
2014-12-05 14:45:02+00:00,-1
2014-12-05 14:45:42+00:00,0
2014-12-05 14:46:48+00:00,-1
2014-12-05 14:46:49+00:00,-1
2014-12-05 14:49:11+00:00,0
2014-12-05 14:49:40+00:00,-1
2014-12-05 14:50:42+00:00,-1
2014-12-05 14:51:06+00:00,-1
2014-12-05 14:54:01+00:00,-1
2014-12-05 14:54:01+00:00,-1
2014-12-05 14:57:53+00:00,1
2014-12-05 15:01:23+00:00,0
2014-12-05 15:04:09+00:00,-1
2014-12-05 15:06:14+00:00,-1
2014-12-05 15:06:52+00:00,-1
2014-12-05 15:07:20+00:00,-1
2014-12-05 15:09:24+00:00,-1
2014-12-05 15:10:02+00:00,0
2014-12-05 15:14:31+00:00,-1
2014-12-05 15:15:07+00:00,1
2014-12-05 15:17:29+00:00,-1
2014-12-05 15:18:40+00:00,-1
2014-12-05 15:22:11+00:00,-1
2014-12-05 15:22:50+00:00,-1
2014-12-05 15:22:55+00:00,0
2014-12-05 15:26:10+00:00,0
2014-12-05 15:30:15+00:00,-1
2014-12-05 15:33:04+00:00,0
2014-12-05 15:33:16+00:00,-1
2014-12-05 15:33:25+00:00,0
2014-12-05 15:36:08+00:00,-1
2014-12-05 15:43:14+00:00,-1
2014-12-05 15:47:58+00:00,1
2014-12-05 15:48:53+00:00,0
2014-12-05 15:50:10+00:00,-1
2014-12-05 15:50:15+00:00,-1
2014-12-05 15:53:26+00:00,-1
2014-12-05 15:54:14+00:00,-1
2014-12-05 15:58:04+00:00,-1
2014-12-05 16:00:26+00:00,-1
2014-12-05 16:00:33+00:00,0
2014-12-05 16:03:44+00:00,-1
2014-12-05 16:06:22+00:00,-1
2014-12-05 16:10:59+00:00,-1
2014-12-05 16:12:02+00:00,-1
2014-12-05 16:12:17+00:00,0
2014-12-05 16:14:45+00:00,-1
2014-12-05 16:15:02+00:00,-1
2014-12-05 16:17:22+00:00,-1
2014-12-05 16:22:48+00:00,1
2014-12-05 16:23:35+00:00,-1
2014-12-05 16:23:49+00:00,0
2014-12-05 16:25:45+00:00,-1
2014-12-05 16:30:02+00:00,-1
2014-12-05 16:32:24+00:00,-1
2014-12-05 16:33:13+00:00,-1
2014-12-05 16:35:35+00:00,-1
2014-12-05 16:37:34+00:00,0
2014-12-05 16:44:48+00:00,0
2014-12-05 16:46:00+00:00,0
2014-12-05 16:46:53+00:00,0
2014-12-05 16:47:27+00:00,0
2014-12-05 16:48:46+00:00,0
2014-12-05 16:53:39+00:00,-1
2014-12-05 16:54:31+00:00,-1
2014-12-05 17:00:11+00:00,-1
2014-12-05 17:04:46+00:00,-1
2014-12-05 17:06:22+00:00,-1
2014-12-05 17:06:36+00:00,-1
2014-12-05 17:09:25+00:00,1
2014-12-05 17:10:24+00:00,0
2014-12-05 17:10:26+00:00,-1
2014-12-05 17:12:25+00:00,-1
2014-12-05 17:12:38+00:00,-1
2014-12-05 17:13:35+00:00,0
2014-12-05 17:13:59+00:00,-1
2014-12-05 17:14:35+00:00,-1
2014-12-05 17:16:13+00:00,-1
2014-12-05 17:19:42+00:00,-1
2014-12-05 17:26:20+00:00,-1
2014-12-05 17:27:02+00:00,0
2014-12-05 17:36:31+00:00,1
2014-12-05 17:38:51+00:00,-1
2014-12-05 17:41:49+00:00,-1
2014-12-05 17:42:27+00:00,1
2014-12-05 17:42:43+00:00,-1
2014-12-05 17:45:03+00:00,-1
2014-12-05 17:46:20+00:00,0
2014-12-05 17:46:28+00:00,-1
2014-12-05 17:46:37+00:00,-1
2014-12-05 17:46:48+00:00,-1
2014-12-05 17:46:51+00:00,-1
2014-12-05 17:46:53+00:00,-1
2014-12-05 17:49:18+00:00,-1
2014-12-05 17:49:29+00:00,-1
2014-12-05 17:49:29+00:00,-1
2014-12-05 17:49:33+00:00,-1
2014-12-05 17:50:40+00:00,-1
2014-12-05 17:51:09+00:00,-1
2014-12-05 17:54:49+00:00,-1
2014-12-05 17:59:25+00:00,0
2014-12-05 18:06:18+00:00,0
2014-12-05 18:07:32+00:00,1
2014-12-05 18:09:42+00:00,0
2014-12-05 18:10:14+00:00,0
2014-12-05 18:11:09+00:00,-1
2014-12-05 18:15:54+00:00,-1
2014-12-05 18:16:18+00:00,-1
2014-12-05 18:18:28+00:00,-1
2014-12-05 18:20:28+00:00,1
2014-12-05 18:20:52+00:00,-1
2014-12-05 18:21:08+00:00,1
2014-12-05 18:21:18+00:00,1
2014-12-05 18:22:47+00:00,1
2014-12-05 18:23:00+00:00,1
2014-12-05 18:25:40+00:00,-1
2014-12-05 18:26:24+00:00,1
2014-12-05 18:26:38+00:00,1
2014-12-05 18:27:20+00:00,-1
2014-12-05 18:30:27+00:00,1
2014-12-05 18:32:46+00:00,0
2014-12-05 18:35:38+00:00,-1
2014-12-05 18:40:07+00:00,-1
2014-12-05 18:42:41+00:00,-1
2014-12-05 18:42:41+00:00,-1
2014-12-05 18:45:12+00:00,1
2014-12-05 18:45:19+00:00,0
2014-12-05 18:49:33+00:00,-1
2014-12-05 18:50:37+00:00,0
2014-12-05 18:51:53+00:00,1
2014-12-05 18:52:48+00:00,1
2014-12-05 18:54:42+00:00,-1
2014-12-05 18:54:55+00:00,-1
2014-12-05 18:57:06+00:00,1
2014-12-05 18:58:20+00:00,-1
2014-12-05 18:59:16+00:00,-1
2014-12-05 19:05:09+00:00,-1
2014-12-05 19:07:28+00:00,1
2014-12-05 19:08:40+00:00,-1
2014-12-05 19:10:38+00:00,-1
2014-12-05 19:13:12+00:00,1
2014-12-05 19:13:20+00:00,-1
2014-12-05 19:13:33+00:00,0
2014-12-05 19:24:53+00:00,-1
2014-12-05 19:26:00+00:00,-1
2014-12-05 19:26:47+00:00,0
2014-12-05 19:26:55+00:00,-1
2014-12-05 19:27:40+00:00,1
2014-12-05 19:30:04+00:00,-1
2014-12-05 19:40:17+00:00,1
2014-12-05 19:46:09+00:00,0
2014-12-05 19:46:58+00:00,0
2014-12-05 19:51:52+00:00,-1
2014-12-05 19:52:20+00:00,-1
2014-12-05 19:55:58+00:00,0
2014-12-05 19:56:11+00:00,1
2014-12-05 19:57:10+00:00,-1
2014-12-05 19:57:36+00:00,0
2014-12-05 19:59:45+00:00,-1
2014-12-05 19:59:56+00:00,0
2014-12-05 20:00:19+00:00,0
2014-12-05 20:00:59+00:00,0
2014-12-05 20:01:16+00:00,0
2014-12-05 20:03:18+00:00,1
2014-12-05 20:05:13+00:00,-1
2014-12-05 20:05:56+00:00,-1
2014-12-05 20:06:57+00:00,0
2014-12-05 20:07:05+00:00,0
2014-12-05 20:10:33+00:00,0
2014-12-05 20:14:35+00:00,-1
2014-12-05 20:14:51+00:00,-1
2014-12-05 20:15:35+00:00,-1
2014-12-05 20:18:15+00:00,-1
2014-12-05 20:21:39+00:00,-1
2014-12-05 20:22:44+00:00,-1
2014-12-05 20:25:02+00:00,-1
2014-12-05 20:25:29+00:00,-1
2014-12-05 20:26:06+00:00,0
2014-12-05 20:30:27+00:00,0
2014-12-05 20:30:37+00:00,-1
2014-12-05 20:31:25+00:00,0
2014-12-05 20:33:24+00:00,-1
2014-12-05 20:35:01+00:00,0
2014-12-05 20:35:01+00:00,-1
2014-12-05 20:38:31+00:00,-1
2014-12-05 20:43:18+00:00,-1
2014-12-05 20:44:44+00:00,-1
2014-12-05 20:45:03+00:00,-1
2014-12-05 20:47:33+00:00,-1
2014-12-05 20:49:25+00:00,0
2014-12-05 20:53:15+00:00,0
2014-12-05 20:53:46+00:00,0
2014-12-05 20:59:21+00:00,-1
2014-12-05 20:59:29+00:00,0
2014-12-05 21:00:34+00:00,0
2014-12-05 21:02:07+00:00,0
2014-12-05 21:05:46+00:00,1
2014-12-05 21:06:17+00:00,-1
2014-12-05 21:12:16+00:00,0
2014-12-05 21:12:42+00:00,1
2014-12-05 21:13:26+00:00,1
2014-12-05 21:13:45+00:00,1
2014-12-05 21:19:52+00:00,0
2014-12-05 21:19:57+00:00,-1
2014-12-05 21:20:30+00:00,0
2014-12-05 21:25:19+00:00,-1
2014-12-05 21:30:03+00:00,0
2014-12-05 21:35:48+00:00,0
2014-12-05 21:37:24+00:00,-1
2014-12-05 21:43:15+00:00,0
2014-12-05 21:43:21+00:00,0
2014-12-05 21:45:05+00:00,-1
2014-12-05 21:48:44+00:00,1
2014-12-05 21:50:00+00:00,0
2014-12-05 21:51:49+00:00,-1
2014-12-05 21:53:14+00:00,-1
2014-12-05 21:54:43+00:00,-1
2014-12-05 21:55:14+00:00,-1
2014-12-05 21:58:24+00:00,0
2014-12-05 21:59:27+00:00,0
2014-12-05 22:03:07+00:00,-1
2014-12-05 22:06:46+00:00,-1
2014-12-05 22:07:48+00:00,-1
2014-12-05 22:15:04+00:00,-1
2014-12-05 22:16:39+00:00,0
2014-12-05 22:18:30+00:00,0
2014-12-05 22:21:49+00:00,-1
2014-12-05 22:23:47+00:00,1
2014-12-05 22:32:40+00:00,-1
2014-12-05 22:35:19+00:00,0
2014-12-05 22:36:15+00:00,0
2014-12-05 22:39:25+00:00,0
2014-12-05 22:42:17+00:00,-1
2014-12-05 22:47:48+00:00,-1
2014-12-05 22:48:19+00:00,-1
2014-12-05 22:48:29+00:00,-1
2014-12-05 22:58:29+00:00,-1
2014-12-05 22:58:44+00:00,0
2014-12-05 23:00:14+00:00,-1
2014-12-05 23:05:28+00:00,-1
2014-12-05 23:08:17+00:00,0
2014-12-05 23:13:16+00:00,0
2014-12-05 23:13:35+00:00,-1
2014-12-05 23:14:05+00:00,0
2014-12-05 23:16:05+00:00,-1
2014-12-05 23:19:35+00:00,0
2014-12-05 23:39:35+00:00,-1
2014-12-05 23:39:50+00:00,-1
2014-12-05 23:41:04+00:00,-1
2014-12-05 23:44:10+00:00,-1
2014-12-05 23:44:24+00:00,-1
2014-12-05 23:45:04+00:00,-1
2014-12-05 23:47:47+00:00,0
2014-12-05 23:48:18+00:00,-1
2014-12-05 23:49:14+00:00,-1
2014-12-05 23:49:39+00:00,-1
2014-12-05 23:53:58+00:00,-1
2014-12-05 23:54:35+00:00,-1
2014-12-05 23:54:49+00:00,-1
2014-12-05 23:55:16+00:00,-1
2014-12-05 23:57:44+00:00,0
2014-12-06 00:01:12+00:00,-1
2014-12-06 00:01:13+00:00,-1
2014-12-06 00:05:12+00:00,-1
2014-12-06 00:07:17+00:00,0
2014-12-06 00:08:05+00:00,-1
2014-12-06 00:08:25+00:00,0
2014-12-06 00:08:46+00:00,-1
2014-12-06 00:09:17+00:00,-1
2014-12-06 00:13:45+00:00,0
2014-12-06 00:16:30+00:00,0
2014-12-06 00:21:07+00:00,0
2014-12-06 00:21:10+00:00,0
2014-12-06 00:26:45+00:00,0
2014-12-06 00:28:46+00:00,0
2014-12-06 00:34:29+00:00,-1
2014-12-06 00:38:14+00:00,0
2014-12-06 00:38:34+00:00,0
2014-12-06 00:39:28+00:00,0
2014-12-06 00:39:33+00:00,-1
2014-12-06 00:42:27+00:00,-1
2014-12-06 00:42:43+00:00,1
2014-12-06 00:44:59+00:00,0
2014-12-06 00:48:06+00:00,1
2014-12-06 00:48:27+00:00,0
2014-12-06 00:54:10+00:00,0
2014-12-06 01:03:03+00:00,-1
2014-12-06 01:03:04+00:00,-1
2014-12-06 01:03:24+00:00,0
2014-12-06 01:04:48+00:00,-1
2014-12-06 01:16:27+00:00,0
2014-12-06 01:20:07+00:00,0
2014-12-06 01:20:27+00:00,-1
2014-12-06 01:21:30+00:00,-1
2014-12-06 01:21:35+00:00,0
2014-12-06 01:22:28+00:00,1
2014-12-06 01:23:32+00:00,1
2014-12-06 01:27:09+00:00,1
2014-12-06 01:27:54+00:00,-1
2014-12-06 01:30:03+00:00,-1
2014-12-06 01:33:30+00:00,0
2014-12-06 01:47:08+00:00,-1
2014-12-06 01:54:17+00:00,0
2014-12-06 01:57:55+00:00,-1
2014-12-06 02:07:37+00:00,0
2014-12-06 02:10:10+00:00,-1
2014-12-06 02:12:02+00:00,-1
2014-12-06 02:28:14+00:00,0
2014-12-06 02:43:14+00:00,0
2014-12-06 02:48:22+00:00,0
2014-12-06 02:50:30+00:00,-1
2014-12-06 02:59:21+00:00,0
2014-12-06 02:59:57+00:00,-1
2014-12-06 03:00:04+00:00,-1
2014-12-06 03:07:30+00:00,0
2014-12-06 03:12:54+00:00,-1
2014-12-06 03:28:16+00:00,-1
2014-12-06 03:30:21+00:00,0
2014-12-06 03:43:06+00:00,-1
2014-12-06 04:05:35+00:00,0
2014-12-06 04:11:01+00:00,-1
2014-12-06 04:17:23+00:00,-1
2014-12-06 04:18:44+00:00,-1
2014-12-06 04:21:24+00:00,0
2014-12-06 04:28:29+00:00,0
2014-12-06 04:32:32+00:00,0
2014-12-06 04:46:00+00:00,0
2014-12-06 04:50:03+00:00,-1
2014-12-06 04:50:39+00:00,0
2014-12-06 04:51:40+00:00,-1
2014-12-06 04:53:31+00:00,0
2014-12-06 04:54:00+00:00,-1
2014-12-06 04:56:26+00:00,-1
2014-12-06 05:00:56+00:00,0
2014-12-06 05:05:10+00:00,0
2014-12-06 05:17:05+00:00,-1
2014-12-06 05:19:18+00:00,-1
2014-12-06 05:19:46+00:00,-1
2014-12-06 05:24:25+00:00,0
2014-12-06 05:26:55+00:00,0
2014-12-06 05:27:21+00:00,0
2014-12-06 05:29:13+00:00,-1
2014-12-06 05:29:16+00:00,1
2014-12-06 05:30:01+00:00,-1
2014-12-06 05:30:16+00:00,0
2014-12-06 05:34:50+00:00,-1
2014-12-06 05:35:09+00:00,0
2014-12-06 05:36:55+00:00,-1
2014-12-06 05:40:15+00:00,1
2014-12-06 05:40:46+00:00,0
2014-12-06 05:41:04+00:00,-1
2014-12-06 05:41:27+00:00,-1
2014-12-06 05:41:59+00:00,0
2014-12-06 05:54:26+00:00,0
2014-12-06 05:57:22+00:00,0
2014-12-06 05:57:53+00:00,0
2014-12-06 06:06:07+00:00,0
2014-12-06 06:06:51+00:00,0
2014-12-06 06:08:20+00:00,0
2014-12-06 06:29:45+00:00,-1
2014-12-06 06:30:01+00:00,-1
2014-12-06 06:31:48+00:00,-1
2014-12-06 06:34:21+00:00,-1
2014-12-06 06:38:02+00:00,-1
2014-12-06 07:04:49+00:00,-1
2014-12-06 07:12:59+00:00,0
2014-12-06 07:15:05+00:00,0
2014-12-06 07:16:07+00:00,-1
2014-12-06 07:21:09+00:00,0
2014-12-06 07:21:30+00:00,0
2014-12-06 07:24:27+00:00,1
2014-12-06 07:27:09+00:00,-1
2014-12-06 07:27:57+00:00,0
2014-12-06 07:28:22+00:00,-1
2014-12-06 07:30:12+00:00,0
2014-12-06 07:31:22+00:00,0
2014-12-06 07:32:33+00:00,-1
2014-12-06 07:32:50+00:00,0
2014-12-06 07:36:53+00:00,-1
2014-12-06 07:55:16+00:00,1
2014-12-06 07:56:29+00:00,0
2014-12-06 08:00:39+00:00,-1
2014-12-06 08:03:13+00:00,-1
2014-12-06 08:12:06+00:00,-1
2014-12-06 08:23:43+00:00,0
2014-12-06 08:27:18+00:00,-1
2014-12-06 08:27:54+00:00,0
2014-12-06 08:45:05+00:00,-1
2014-12-06 08:53:11+00:00,0
2014-12-06 09:04:52+00:00,0
2014-12-06 09:05:37+00:00,0
2014-12-06 09:06:09+00:00,0
2014-12-06 09:07:54+00:00,0
2014-12-06 09:30:47+00:00,-1
2014-12-06 09:50:01+00:00,0
2014-12-06 09:51:45+00:00,0
2014-12-06 09:57:31+00:00,-1
2014-12-06 10:03:52+00:00,1
2014-12-06 10:04:31+00:00,0
2014-12-06 10:15:05+00:00,1
2014-12-06 10:27:30+00:00,-1
2014-12-06 10:28:23+00:00,0
2014-12-06 11:06:09+00:00,0
2014-12-06 11:22:14+00:00,1
2014-12-06 11:38:40+00:00,-1
2014-12-06 11:48:38+00:00,-1
2014-12-06 11:51:12+00:00,0
2014-12-06 12:00:30+00:00,0
2014-12-06 12:20:05+00:00,1
2014-12-06 12:21:13+00:00,0
2014-12-06 12:22:20+00:00,1
2014-12-06 12:28:16+00:00,-1
2014-12-06 12:34:04+00:00,0
2014-12-06 12:35:17+00:00,-1
2014-12-06 12:39:32+00:00,1
2014-12-06 12:40:04+00:00,-1
2014-12-06 12:41:56+00:00,1
2014-12-06 12:50:47+00:00,-1
2014-12-06 12:59:57+00:00,-1
2014-12-06 13:20:36+00:00,-1
2014-12-06 13:26:08+00:00,-1
2014-12-06 13:31:38+00:00,0
2014-12-06 13:45:11+00:00,-1
2014-12-06 14:00:19+00:00,-1
2014-12-06 14:11:59+00:00,-1
2014-12-06 14:20:09+00:00,-1
2014-12-06 14:22:29+00:00,-1
2014-12-06 14:37:57+00:00,-1
2014-12-06 14:39:19+00:00,-1
2014-12-06 14:42:52+00:00,0
2014-12-06 14:45:03+00:00,-1
2014-12-06 14:58:18+00:00,-1
2014-12-06 14:58:33+00:00,-1
2014-12-06 15:01:54+00:00,-1
2014-12-06 15:02:41+00:00,0
2014-12-06 15:09:31+00:00,-1
2014-12-06 15:21:15+00:00,-1
2014-12-06 15:29:33+00:00,-1
2014-12-06 15:31:02+00:00,0
2014-12-06 15:31:23+00:00,-1
2014-12-06 15:34:16+00:00,0
2014-12-06 15:34:31+00:00,1
2014-12-06 15:39:47+00:00,0
2014-12-06 15:42:05+00:00,0
2014-12-06 15:48:23+00:00,-1
2014-12-06 15:51:20+00:00,-1
2014-12-06 15:52:02+00:00,0
2014-12-06 15:52:59+00:00,0
2014-12-06 15:57:01+00:00,-1
2014-12-06 16:06:28+00:00,0
2014-12-06 16:12:05+00:00,0
2014-12-06 16:14:40+00:00,-1
2014-12-06 16:28:33+00:00,-1
2014-12-06 16:32:45+00:00,0
2014-12-06 16:32:58+00:00,0
2014-12-06 16:40:25+00:00,0
2014-12-06 16:41:04+00:00,0
2014-12-06 16:41:17+00:00,1
2014-12-06 16:45:03+00:00,-1
2014-12-06 16:45:51+00:00,0
2014-12-06 16:47:13+00:00,0
2014-12-06 16:49:48+00:00,0
2014-12-06 16:55:39+00:00,-1
2014-12-06 16:57:57+00:00,1
2014-12-06 17:09:32+00:00,-1
2014-12-06 17:13:41+00:00,-1
2014-12-06 17:13:59+00:00,-1
2014-12-06 17:16:54+00:00,1
2014-12-06 17:19:47+00:00,0
2014-12-06 17:20:08+00:00,-1
2014-12-06 17:34:07+00:00,-1
2014-12-06 17:44:42+00:00,-1
2014-12-06 17:45:44+00:00,0
2014-12-06 17:47:56+00:00,0
2014-12-06 18:00:03+00:00,-1
2014-12-06 18:05:31+00:00,0
2014-12-06 18:06:03+00:00,0
2014-12-06 18:07:20+00:00,0
2014-12-06 18:15:03+00:00,1
2014-12-06 18:15:12+00:00,0
2014-12-06 18:17:25+00:00,1
2014-12-06 18:17:45+00:00,0
2014-12-06 18:24:38+00:00,0
2014-12-06 18:34:01+00:00,0
2014-12-06 18:40:30+00:00,-1
2014-12-06 18:41:41+00:00,0
2014-12-06 18:44:44+00:00,0
2014-12-06 18:44:55+00:00,-1
2014-12-06 18:46:30+00:00,0
2014-12-06 18:46:30+00:00,0
2014-12-06 18:56:21+00:00,1
2014-12-06 19:05:48+00:00,0
2014-12-06 19:06:28+00:00,-1
2014-12-06 19:12:12+00:00,-1
2014-12-06 19:20:16+00:00,-1
2014-12-06 19:33:23+00:00,0
2014-12-06 19:33:46+00:00,-1
2014-12-06 19:33:59+00:00,-1
2014-12-06 19:38:40+00:00,-1
2014-12-06 19:40:15+00:00,0
2014-12-06 19:48:44+00:00,0
2014-12-06 19:53:24+00:00,0
2014-12-06 19:55:40+00:00,0
2014-12-06 19:59:13+00:00,-1
2014-12-06 20:01:37+00:00,0
2014-12-06 20:08:05+00:00,0
2014-12-06 20:09:25+00:00,0
2014-12-06 20:10:25+00:00,0
2014-12-06 20:18:59+00:00,1
2014-12-06 20:21:51+00:00,0
2014-12-06 20:22:04+00:00,-1
2014-12-06 20:23:10+00:00,0
2014-12-06 20:25:00+00:00,0
2014-12-06 20:26:45+00:00,0
2014-12-06 20:35:56+00:00,1
2014-12-06 20:42:58+00:00,1
2014-12-06 20:48:17+00:00,-1
2014-12-06 20:52:59+00:00,-1
2014-12-06 21:13:27+00:00,-1
2014-12-06 21:22:10+00:00,-1
2014-12-06 21:25:10+00:00,-1
2014-12-06 21:26:27+00:00,0
2014-12-06 21:26:35+00:00,0
2014-12-06 21:30:32+00:00,0
2014-12-06 21:31:53+00:00,0
2014-12-06 21:35:24+00:00,0
2014-12-06 21:36:02+00:00,1
2014-12-06 21:38:53+00:00,-1
2014-12-06 21:47:59+00:00,1
2014-12-06 21:54:20+00:00,-1
2014-12-06 21:55:52+00:00,0
2014-12-06 21:59:28+00:00,0
2014-12-06 22:05:21+00:00,1
2014-12-06 22:18:13+00:00,0
2014-12-06 22:28:51+00:00,0
2014-12-06 22:30:04+00:00,-1
2014-12-06 22:30:39+00:00,-1
2014-12-06 22:32:13+00:00,0
2014-12-06 22:37:06+00:00,0
2014-12-06 22:48:36+00:00,-1
2014-12-06 22:55:16+00:00,-1
2014-12-06 23:09:40+00:00,0
2014-12-06 23:10:08+00:00,-1
2014-12-06 23:11:43+00:00,0
2014-12-06 23:12:09+00:00,1
2014-12-06 23:19:19+00:00,-1
2014-12-06 23:22:41+00:00,0
2014-12-06 23:30:02+00:00,-1
2014-12-06 23:36:07+00:00,0
2014-12-06 23:46:44+00:00,0
2014-12-06 23:50:31+00:00,0
2014-12-07 00:00:54+00:00,1
2014-12-07 00:01:03+00:00,-1
2014-12-07 00:01:16+00:00,-1
2014-12-07 00:04:15+00:00,0
2014-12-07 00:10:49+00:00,0
2014-12-07 00:11:47+00:00,0
2014-12-07 00:13:56+00:00,-1
2014-12-07 00:20:31+00:00,-1
2014-12-07 00:23:50+00:00,0
2014-12-07 00:25:30+00:00,-1
2014-12-07 00:42:29+00:00,0
2014-12-07 00:48:52+00:00,-1
2014-12-07 01:06:06+00:00,0
2014-12-07 01:09:17+00:00,1
2014-12-07 01:12:05+00:00,0
2014-12-07 01:17:22+00:00,1
2014-12-07 01:19:41+00:00,0
2014-12-07 01:21:27+00:00,-1
2014-12-07 01:21:40+00:00,1
2014-12-07 01:24:10+00:00,-1
2014-12-07 01:34:31+00:00,0
2014-12-07 01:39:08+00:00,-1
2014-12-07 01:49:56+00:00,0
2014-12-07 02:01:21+00:00,-1
2014-12-07 02:03:51+00:00,-1
2014-12-07 02:10:56+00:00,1
2014-12-07 02:27:19+00:00,0
2014-12-07 02:28:31+00:00,0
2014-12-07 02:48:12+00:00,0
2014-12-07 02:48:52+00:00,-1
2014-12-07 02:50:58+00:00,-1
2014-12-07 03:01:07+00:00,0
2014-12-07 03:06:22+00:00,-1
2014-12-07 03:16:15+00:00,-1
2014-12-07 03:16:18+00:00,-1
2014-12-07 03:16:37+00:00,0
2014-12-07 03:17:22+00:00,-1
2014-12-07 03:19:19+00:00,-1
2014-12-07 03:30:53+00:00,-1
2014-12-07 03:58:18+00:00,0
2014-12-07 04:02:10+00:00,0
2014-12-07 04:15:04+00:00,-1
2014-12-07 04:27:59+00:00,0
2014-12-07 04:34:34+00:00,0
2014-12-07 04:35:35+00:00,-1
2014-12-07 04:38:09+00:00,0
2014-12-07 04:43:54+00:00,1
2014-12-07 05:11:28+00:00,0
2014-12-07 05:17:35+00:00,0
2014-12-07 05:24:34+00:00,0
2014-12-07 05:28:00+00:00,-1
2014-12-07 05:31:27+00:00,1
2014-12-07 05:31:41+00:00,1
2014-12-07 05:32:30+00:00,0
2014-12-07 05:38:48+00:00,0
2014-12-07 05:39:26+00:00,0
2014-12-07 05:40:23+00:00,0
2014-12-07 05:43:52+00:00,0
2014-12-07 05:44:56+00:00,-1
2014-12-07 05:46:59+00:00,0
2014-12-07 05:48:47+00:00,1
2014-12-07 05:54:09+00:00,0
2014-12-07 05:57:56+00:00,-1
2014-12-07 06:00:04+00:00,-1
2014-12-07 06:15:50+00:00,0
2014-12-07 06:22:25+00:00,-1
2014-12-07 06:29:11+00:00,0
2014-12-07 06:44:27+00:00,0
2014-12-07 07:01:08+00:00,0
2014-12-07 07:04:56+00:00,0
2014-12-07 07:19:09+00:00,1
2014-12-07 07:30:10+00:00,0
2014-12-07 07:36:12+00:00,-1
2014-12-07 07:36:36+00:00,-1
2014-12-07 07:52:32+00:00,-1
2014-12-07 07:58:51+00:00,-1
2014-12-07 08:13:25+00:00,0
2014-12-07 08:18:03+00:00,-1
2014-12-07 08:45:37+00:00,0
2014-12-07 09:00:05+00:00,-1
2014-12-07 09:06:45+00:00,-1
2014-12-07 09:42:23+00:00,-1
2014-12-07 09:49:12+00:00,-1
2014-12-07 10:23:54+00:00,1
2014-12-07 10:34:56+00:00,0
2014-12-07 10:35:39+00:00,-1
2014-12-07 10:48:03+00:00,-1
2014-12-07 11:17:10+00:00,-1
2014-12-07 11:50:30+00:00,0
2014-12-07 11:58:12+00:00,-1
2014-12-07 12:00:18+00:00,0
2014-12-07 12:20:24+00:00,-1
2014-12-07 12:21:38+00:00,-1
2014-12-07 12:33:27+00:00,-1
2014-12-07 12:40:23+00:00,-1
2014-12-07 12:47:03+00:00,-1
2014-12-07 12:57:40+00:00,0
2014-12-07 13:00:23+00:00,0
2014-12-07 13:01:27+00:00,0
2014-12-07 13:07:18+00:00,0
2014-12-07 13:12:05+00:00,-1
2014-12-07 13:18:34+00:00,-1
2014-12-07 13:23:24+00:00,-1
2014-12-07 13:30:01+00:00,0
2014-12-07 13:39:18+00:00,0
2014-12-07 13:40:11+00:00,-1
2014-12-07 13:59:33+00:00,-1
2014-12-07 14:00:16+00:00,-1
2014-12-07 14:20:42+00:00,0
2014-12-07 14:21:02+00:00,1
2014-12-07 14:22:40+00:00,1
2014-12-07 14:30:03+00:00,-1
2014-12-07 14:37:31+00:00,0
2014-12-07 14:38:18+00:00,0
2014-12-07 14:40:32+00:00,-1
2014-12-07 14:40:38+00:00,-1
2014-12-07 14:48:51+00:00,0
2014-12-07 14:49:31+00:00,0
2014-12-07 15:02:18+00:00,-1
2014-12-07 15:04:42+00:00,-1
2014-12-07 15:13:02+00:00,-1
2014-12-07 15:20:30+00:00,-1
2014-12-07 15:27:07+00:00,1
2014-12-07 15:43:05+00:00,0
2014-12-07 15:43:13+00:00,0
2014-12-07 15:50:03+00:00,0
2014-12-07 15:56:01+00:00,-1
2014-12-07 15:56:33+00:00,0
2014-12-07 16:00:34+00:00,0
2014-12-07 16:12:57+00:00,-1
2014-12-07 16:15:03+00:00,-1
2014-12-07 16:20:44+00:00,0
2014-12-07 16:30:06+00:00,0
2014-12-07 16:40:09+00:00,-1
2014-12-07 16:40:36+00:00,-1
2014-12-07 16:51:25+00:00,1
2014-12-07 16:55:18+00:00,0
2014-12-07 16:57:34+00:00,-1
2014-12-07 17:00:00+00:00,0
2014-12-07 17:08:41+00:00,1
2014-12-07 17:12:14+00:00,1
2014-12-07 17:13:37+00:00,0
2014-12-07 17:15:40+00:00,-1
2014-12-07 17:19:11+00:00,0
2014-12-07 17:25:54+00:00,-1
2014-12-07 17:27:40+00:00,-1
2014-12-07 17:28:14+00:00,-1
2014-12-07 17:29:38+00:00,0
2014-12-07 17:43:44+00:00,0
2014-12-07 17:45:03+00:00,-1
2014-12-07 17:49:32+00:00,-1
2014-12-07 17:50:50+00:00,0
2014-12-07 17:56:36+00:00,1
2014-12-07 18:00:05+00:00,-1
2014-12-07 18:07:57+00:00,0
2014-12-07 18:09:22+00:00,0
2014-12-07 18:13:12+00:00,0
2014-12-07 18:16:55+00:00,0
2014-12-07 18:28:00+00:00,1
2014-12-07 18:28:58+00:00,0
2014-12-07 18:29:27+00:00,-1
2014-12-07 19:17:32+00:00,0
2014-12-07 19:29:03+00:00,0
2014-12-07 19:30:53+00:00,-1
2014-12-07 19:31:55+00:00,1
2014-12-07 19:35:00+00:00,-1
2014-12-07 19:35:50+00:00,0
2014-12-07 19:37:34+00:00,0
2014-12-07 19:37:38+00:00,0
2014-12-07 19:42:24+00:00,0
2014-12-07 19:50:56+00:00,0
2014-12-07 19:51:08+00:00,-1
2014-12-07 19:54:20+00:00,-1
2014-12-07 19:54:30+00:00,1
2014-12-07 20:10:25+00:00,-1
2014-12-07 20:12:03+00:00,-1
2014-12-07 20:17:41+00:00,-1
2014-12-07 20:25:53+00:00,0
2014-12-07 20:27:29+00:00,0
2014-12-07 20:29:35+00:00,1
2014-12-07 20:33:21+00:00,0
2014-12-07 20:35:21+00:00,-1
2014-12-07 20:42:46+00:00,1
2014-12-07 20:51:22+00:00,-1
2014-12-07 20:55:28+00:00,-1
2014-12-07 21:01:11+00:00,-1
2014-12-07 21:02:22+00:00,0
2014-12-07 21:04:29+00:00,0
2014-12-07 21:06:29+00:00,0
2014-12-07 21:19:55+00:00,1
2014-12-07 21:30:02+00:00,-1
2014-12-07 21:36:48+00:00,0
2014-12-07 21:39:36+00:00,0
2014-12-07 21:44:11+00:00,-1
2014-12-07 21:47:40+00:00,0
2014-12-07 21:54:34+00:00,-1
2014-12-07 21:57:41+00:00,-1
2014-12-07 21:59:41+00:00,1
2014-12-07 22:00:43+00:00,-1
2014-12-07 22:08:10+00:00,-1
2014-12-07 22:09:36+00:00,1
2014-12-07 22:12:27+00:00,1
2014-12-07 22:14:59+00:00,-1
2014-12-07 22:16:02+00:00,0
2014-12-07 22:18:54+00:00,0
2014-12-07 22:19:15+00:00,-1
2014-12-07 22:25:06+00:00,-1
2014-12-07 22:48:10+00:00,-1
2014-12-07 22:48:19+00:00,-1
2014-12-07 23:05:27+00:00,0
2014-12-07 23:10:34+00:00,-1
2014-12-07 23:15:04+00:00,-1
2014-12-07 23:21:21+00:00,0
2014-12-07 23:28:35+00:00,-1
2014-12-07 23:40:32+00:00,0
2014-12-07 23:45:03+00:00,-1
2014-12-07 23:53:12+00:00,-1
2014-12-08 00:03:51+00:00,-1
2014-12-08 00:23:21+00:00,-1
2014-12-08 00:28:22+00:00,0
2014-12-08 00:28:48+00:00,-1
2014-12-08 00:28:56+00:00,0
2014-12-08 00:29:53+00:00,-1
2014-12-08 00:30:04+00:00,1
2014-12-08 00:31:06+00:00,0
2014-12-08 00:32:05+00:00,0
2014-12-08 00:32:24+00:00,0
2014-12-08 00:40:54+00:00,-1
2014-12-08 00:49:09+00:00,-1
2014-12-08 01:00:28+00:00,0
2014-12-08 01:02:43+00:00,-1
2014-12-08 01:02:57+00:00,0
2014-12-08 01:07:37+00:00,0
2014-12-08 01:08:48+00:00,0
2014-12-08 01:20:40+00:00,1
2014-12-08 01:21:01+00:00,-1
2014-12-08 01:24:38+00:00,1
2014-12-08 01:30:04+00:00,-1
2014-12-08 01:32:49+00:00,0
2014-12-08 01:38:09+00:00,-1
2014-12-08 01:42:35+00:00,0
2014-12-08 01:47:10+00:00,-1
2014-12-08 01:47:26+00:00,1
2014-12-08 01:49:54+00:00,-1
2014-12-08 01:53:31+00:00,-1
2014-12-08 01:55:13+00:00,0
2014-12-08 01:55:33+00:00,0
2014-12-08 01:59:41+00:00,0
2014-12-08 02:04:36+00:00,0
2014-12-08 02:05:03+00:00,0
2014-12-08 02:17:48+00:00,0
2014-12-08 02:28:46+00:00,0
2014-12-08 02:45:04+00:00,-1
2014-12-08 02:48:50+00:00,0
2014-12-08 02:54:06+00:00,0
2014-12-08 02:58:07+00:00,-1
2014-12-08 02:58:10+00:00,1
2014-12-08 03:00:04+00:00,0
2014-12-08 03:01:29+00:00,-1
2014-12-08 03:03:20+00:00,0
2014-12-08 03:07:18+00:00,1
2014-12-08 03:11:48+00:00,0
2014-12-08 03:18:26+00:00,0
2014-12-08 03:22:33+00:00,-1
2014-12-08 03:23:26+00:00,-1
2014-12-08 03:26:10+00:00,0
2014-12-08 03:31:57+00:00,0
2014-12-08 03:33:52+00:00,-1
2014-12-08 03:34:33+00:00,0
2014-12-08 03:35:20+00:00,-1
2014-12-08 03:51:06+00:00,0
2014-12-08 04:01:23+00:00,-1
2014-12-08 04:13:05+00:00,-1
2014-12-08 04:18:15+00:00,-1
2014-12-08 04:28:25+00:00,-1
2014-12-08 04:29:17+00:00,-1
2014-12-08 04:30:07+00:00,0
2014-12-08 04:30:24+00:00,-1
2014-12-08 04:30:58+00:00,0
2014-12-08 04:33:19+00:00,-1
2014-12-08 04:39:03+00:00,0
2014-12-08 04:40:29+00:00,0
2014-12-08 04:42:10+00:00,0
2014-12-08 04:43:12+00:00,0
2014-12-08 04:44:13+00:00,-1
2014-12-08 04:47:06+00:00,-1
2014-12-08 04:51:52+00:00,-1
2014-12-08 04:57:02+00:00,-1
2014-12-08 05:00:04+00:00,-1
2014-12-08 05:04:23+00:00,-1
2014-12-08 05:08:46+00:00,-1
2014-12-08 05:10:35+00:00,-1
2014-12-08 05:20:37+00:00,0
2014-12-08 05:26:58+00:00,-1
2014-12-08 05:27:01+00:00,1
2014-12-08 05:36:08+00:00,0
2014-12-08 05:38:14+00:00,0
2014-12-08 05:59:53+00:00,0
2014-12-08 06:00:13+00:00,-1
2014-12-08 06:00:45+00:00,0
2014-12-08 06:01:15+00:00,0
2014-12-08 06:10:17+00:00,1
2014-12-08 06:25:33+00:00,0
2014-12-08 06:28:00+00:00,-1
2014-12-08 06:36:17+00:00,-1
2014-12-08 06:37:03+00:00,-1
2014-12-08 06:49:59+00:00,0
2014-12-08 06:55:28+00:00,0
2014-12-08 07:01:32+00:00,-1
2014-12-08 07:07:16+00:00,0
2014-12-08 07:11:02+00:00,0
2014-12-08 07:17:40+00:00,0
2014-12-08 07:22:38+00:00,0
2014-12-08 07:28:47+00:00,0
2014-12-08 07:30:14+00:00,-1
2014-12-08 07:47:26+00:00,-1
2014-12-08 08:06:06+00:00,1
2014-12-08 08:06:32+00:00,-1
2014-12-08 08:12:40+00:00,0
2014-12-08 08:13:34+00:00,1
2014-12-08 08:15:34+00:00,1
2014-12-08 08:28:41+00:00,1
2014-12-08 08:37:37+00:00,-1
2014-12-08 08:38:04+00:00,-1
2014-12-08 08:39:58+00:00,1
2014-12-08 08:41:05+00:00,0
2014-12-08 08:51:53+00:00,0
2014-12-08 08:52:24+00:00,-1
2014-12-08 09:01:55+00:00,-1
2014-12-08 09:02:11+00:00,-1
2014-12-08 09:08:20+00:00,0
2014-12-08 09:10:05+00:00,-1
2014-12-08 09:41:00+00:00,0
2014-12-08 10:13:24+00:00,1
2014-12-08 10:15:04+00:00,-1
2014-12-08 10:29:01+00:00,0
2014-12-08 10:37:49+00:00,-1
2014-12-08 10:40:29+00:00,1
2014-12-08 10:43:08+00:00,-1
2014-12-08 10:45:15+00:00,1
2014-12-08 10:52:28+00:00,-1
2014-12-08 11:21:14+00:00,-1
2014-12-08 11:31:52+00:00,-1
2014-12-08 11:34:13+00:00,-1
2014-12-08 11:34:13+00:00,0
2014-12-08 11:35:45+00:00,0
2014-12-08 11:37:42+00:00,-1
2014-12-08 11:39:39+00:00,-1
2014-12-08 11:43:47+00:00,-1
2014-12-08 11:45:05+00:00,0
2014-12-08 11:49:16+00:00,-1
2014-12-08 11:56:49+00:00,0
2014-12-08 11:59:26+00:00,0
2014-12-08 12:00:05+00:00,-1
2014-12-08 12:00:06+00:00,0
2014-12-08 12:00:56+00:00,0
2014-12-08 12:10:23+00:00,-1
2014-12-08 12:12:41+00:00,-1
2014-12-08 12:21:38+00:00,-1
2014-12-08 12:21:42+00:00,0
2014-12-08 12:22:15+00:00,-1
2014-12-08 12:23:00+00:00,0
2014-12-08 12:23:29+00:00,0
2014-12-08 12:26:17+00:00,-1
2014-12-08 12:32:34+00:00,-1
2014-12-08 12:33:43+00:00,0
2014-12-08 12:39:30+00:00,0
2014-12-08 12:42:48+00:00,-1
2014-12-08 12:49:01+00:00,1
2014-12-08 12:52:45+00:00,1
2014-12-08 13:00:54+00:00,-1
2014-12-08 13:01:22+00:00,-1
2014-12-08 13:03:36+00:00,-1
2014-12-08 13:04:44+00:00,0
2014-12-08 13:18:47+00:00,1
2014-12-08 13:28:53+00:00,-1
2014-12-08 13:31:43+00:00,-1
2014-12-08 13:40:12+00:00,-1
2014-12-08 13:43:08+00:00,-1
2014-12-08 13:43:17+00:00,0
2014-12-08 13:44:13+00:00,0
2014-12-08 13:47:43+00:00,-1
2014-12-08 13:48:53+00:00,-1
2014-12-08 13:50:20+00:00,-1
2014-12-08 13:52:17+00:00,0
2014-12-08 13:56:36+00:00,-1
2014-12-08 13:57:04+00:00,-1
2014-12-08 13:58:56+00:00,-1
2014-12-08 14:00:01+00:00,-1
2014-12-08 14:02:37+00:00,-1
2014-12-08 14:02:56+00:00,-1
2014-12-08 14:05:09+00:00,-1
2014-12-08 14:05:18+00:00,-1
2014-12-08 14:09:06+00:00,0
2014-12-08 14:13:28+00:00,1
2014-12-08 14:16:34+00:00,-1
2014-12-08 14:16:38+00:00,-1
2014-12-08 14:16:50+00:00,-1
2014-12-08 14:19:35+00:00,1
2014-12-08 14:20:11+00:00,-1
2014-12-08 14:21:40+00:00,-1
2014-12-08 14:24:00+00:00,-1
2014-12-08 14:28:41+00:00,-1
2014-12-08 14:29:27+00:00,-1
2014-12-08 14:29:44+00:00,-1
2014-12-08 14:34:29+00:00,0
2014-12-08 14:35:47+00:00,1
2014-12-08 14:36:06+00:00,0
2014-12-08 14:36:25+00:00,-1
2014-12-08 14:38:24+00:00,-1
2014-12-08 14:39:12+00:00,-1
2014-12-08 14:42:00+00:00,1
2014-12-08 14:43:29+00:00,-1
2014-12-08 14:44:43+00:00,-1
2014-12-08 14:45:02+00:00,-1
2014-12-08 14:48:34+00:00,-1
2014-12-08 14:50:54+00:00,0
2014-12-08 14:53:42+00:00,-1
2014-12-08 14:53:52+00:00,0
2014-12-08 14:55:07+00:00,1
2014-12-08 14:55:17+00:00,0
2014-12-08 14:55:53+00:00,0
2014-12-08 14:58:24+00:00,-1
2014-12-08 15:00:10+00:00,-1
2014-12-08 15:02:01+00:00,-1
2014-12-08 15:07:48+00:00,-1
2014-12-08 15:09:59+00:00,-1
2014-12-08 15:14:31+00:00,-1
2014-12-08 15:14:36+00:00,-1
2014-12-08 15:16:12+00:00,0
2014-12-08 15:18:00+00:00,-1
2014-12-08 15:18:26+00:00,-1
2014-12-08 15:18:55+00:00,0
2014-12-08 15:24:46+00:00,0
2014-12-08 15:25:42+00:00,0
2014-12-08 15:25:48+00:00,0
2014-12-08 15:26:24+00:00,-1
2014-12-08 15:30:54+00:00,-1
2014-12-08 15:32:55+00:00,-1
2014-12-08 15:35:01+00:00,0
2014-12-08 15:35:46+00:00,-1
2014-12-08 15:37:55+00:00,0
2014-12-08 15:42:18+00:00,-1
2014-12-08 15:44:32+00:00,-1
2014-12-08 15:51:13+00:00,0
2014-12-08 15:52:13+00:00,0
2014-12-08 15:54:21+00:00,1
2014-12-08 15:54:56+00:00,-1
2014-12-08 15:54:57+00:00,1
2014-12-08 15:57:04+00:00,-1
2014-12-08 15:57:19+00:00,-1
2014-12-08 15:58:09+00:00,-1
2014-12-08 15:58:26+00:00,0
2014-12-08 16:01:47+00:00,-1
2014-12-08 16:02:29+00:00,-1
2014-12-08 16:03:24+00:00,-1
2014-12-08 16:03:47+00:00,0
2014-12-08 16:07:53+00:00,-1
2014-12-08 16:08:26+00:00,-1
2014-12-08 16:11:43+00:00,-1
2014-12-08 16:14:36+00:00,-1
2014-12-08 16:16:54+00:00,0
2014-12-08 16:17:43+00:00,1
2014-12-08 16:18:50+00:00,0
2014-12-08 16:23:14+00:00,-1
2014-12-08 16:23:28+00:00,-1
2014-12-08 16:26:19+00:00,0
2014-12-08 16:30:02+00:00,-1
2014-12-08 16:34:02+00:00,0
2014-12-08 16:35:35+00:00,0
2014-12-08 16:35:36+00:00,-1
2014-12-08 16:36:15+00:00,0
2014-12-08 16:36:27+00:00,-1
2014-12-08 16:40:47+00:00,1
2014-12-08 16:41:37+00:00,-1
2014-12-08 16:44:01+00:00,1
2014-12-08 16:44:44+00:00,0
2014-12-08 16:45:51+00:00,1
2014-12-08 16:45:59+00:00,1
2014-12-08 16:46:12+00:00,-1
2014-12-08 16:49:14+00:00,0
2014-12-08 16:52:45+00:00,0
2014-12-08 16:55:21+00:00,-1
2014-12-08 17:00:28+00:00,0
2014-12-08 17:01:14+00:00,-1
2014-12-08 17:02:37+00:00,0
2014-12-08 17:03:08+00:00,1
2014-12-08 17:04:23+00:00,0
2014-12-08 17:08:00+00:00,0
2014-12-08 17:10:29+00:00,-1
2014-12-08 17:10:47+00:00,-1
2014-12-08 17:10:48+00:00,-1
2014-12-08 17:15:11+00:00,-1
2014-12-08 17:23:13+00:00,-1
2014-12-08 17:27:16+00:00,1
2014-12-08 17:32:45+00:00,-1
2014-12-08 17:34:54+00:00,-1
2014-12-08 17:36:55+00:00,-1
2014-12-08 17:40:49+00:00,1
2014-12-08 17:42:13+00:00,0
2014-12-08 17:42:44+00:00,0
2014-12-08 17:43:40+00:00,0
2014-12-08 17:54:27+00:00,1
2014-12-08 18:01:49+00:00,1
2014-12-08 18:02:07+00:00,-1
2014-12-08 18:05:07+00:00,0
2014-12-08 18:05:31+00:00,-1
2014-12-08 18:05:59+00:00,0
2014-12-08 18:07:37+00:00,-1
2014-12-08 18:10:06+00:00,-1
2014-12-08 18:11:01+00:00,-1
2014-12-08 18:12:07+00:00,0
2014-12-08 18:12:31+00:00,0
2014-12-08 18:12:47+00:00,-1
2014-12-08 18:12:50+00:00,-1
2014-12-08 18:13:11+00:00,-1
2014-12-08 18:14:19+00:00,-1
2014-12-08 18:14:47+00:00,0
2014-12-08 18:15:45+00:00,1
2014-12-08 18:19:04+00:00,-1
2014-12-08 18:19:39+00:00,-1
2014-12-08 18:21:41+00:00,0
2014-12-08 18:26:16+00:00,-1
2014-12-08 18:28:40+00:00,-1
2014-12-08 18:29:01+00:00,0
2014-12-08 18:29:43+00:00,-1
2014-12-08 18:29:57+00:00,-1
2014-12-08 18:30:30+00:00,-1
2014-12-08 18:31:50+00:00,-1
2014-12-08 18:32:11+00:00,-1
2014-12-08 18:32:56+00:00,-1
2014-12-08 18:33:25+00:00,1
2014-12-08 18:34:30+00:00,-1
2014-12-08 18:35:46+00:00,-1
2014-12-08 18:36:11+00:00,-1
2014-12-08 18:40:30+00:00,1
2014-12-08 18:42:37+00:00,-1
2014-12-08 18:45:21+00:00,-1
2014-12-08 18:49:01+00:00,-1
2014-12-08 18:55:33+00:00,1
2014-12-08 18:56:49+00:00,1
2014-12-08 18:59:35+00:00,0
2014-12-08 18:59:36+00:00,0
2014-12-08 19:01:18+00:00,-1
2014-12-08 19:06:14+00:00,1
2014-12-08 19:10:00+00:00,-1
2014-12-08 19:10:11+00:00,0
2014-12-08 19:13:34+00:00,0
2014-12-08 19:18:56+00:00,0
2014-12-08 19:30:01+00:00,-1
2014-12-08 19:30:03+00:00,0
2014-12-08 19:31:05+00:00,-1
2014-12-08 19:34:12+00:00,0
2014-12-08 19:35:12+00:00,0
2014-12-08 19:46:31+00:00,-1
2014-12-08 19:49:25+00:00,0
2014-12-08 19:54:27+00:00,0
2014-12-08 19:54:49+00:00,0
2014-12-08 19:56:03+00:00,1
2014-12-08 19:56:11+00:00,0
2014-12-08 19:56:14+00:00,-1
2014-12-08 19:56:15+00:00,-1
2014-12-08 19:59:09+00:00,-1
2014-12-08 20:09:48+00:00,-1
2014-12-08 20:20:23+00:00,-1
2014-12-08 20:21:21+00:00,-1
2014-12-08 20:25:06+00:00,1
2014-12-08 20:29:24+00:00,0
2014-12-08 20:30:00+00:00,-1
2014-12-08 20:36:30+00:00,-1
2014-12-08 20:36:56+00:00,0
2014-12-08 20:38:51+00:00,0
2014-12-08 20:42:14+00:00,-1
2014-12-08 20:43:04+00:00,0
2014-12-08 20:44:51+00:00,-1
2014-12-08 20:47:00+00:00,0
2014-12-08 20:47:30+00:00,0
2014-12-08 20:48:55+00:00,0
2014-12-08 20:50:24+00:00,-1
2014-12-08 20:53:14+00:00,0
2014-12-08 20:55:10+00:00,-1
2014-12-08 20:57:48+00:00,-1
2014-12-08 21:00:03+00:00,-1
2014-12-08 21:00:03+00:00,-1
2014-12-08 21:06:40+00:00,0
2014-12-08 21:12:08+00:00,-1
2014-12-08 21:14:47+00:00,0
2014-12-08 21:16:02+00:00,-1
2014-12-08 21:16:29+00:00,0
2014-12-08 21:21:45+00:00,-1
2014-12-08 21:22:05+00:00,-1
2014-12-08 21:25:09+00:00,1
2014-12-08 21:28:27+00:00,-1
2014-12-08 21:29:38+00:00,1
2014-12-08 21:30:02+00:00,-1
2014-12-08 21:30:33+00:00,-1
2014-12-08 21:31:35+00:00,-1
2014-12-08 21:35:11+00:00,-1
2014-12-08 21:38:59+00:00,-1
2014-12-08 21:39:17+00:00,-1
2014-12-08 21:39:17+00:00,0
2014-12-08 21:45:25+00:00,1
2014-12-08 21:46:01+00:00,-1
2014-12-08 21:46:04+00:00,0
2014-12-08 21:46:18+00:00,-1
2014-12-08 21:46:23+00:00,1
2014-12-08 21:47:24+00:00,-1
2014-12-08 21:48:19+00:00,-1
2014-12-08 21:50:12+00:00,1
2014-12-08 21:50:18+00:00,1
2014-12-08 21:51:18+00:00,0
2014-12-08 21:53:48+00:00,0
2014-12-08 21:55:10+00:00,-1
2014-12-08 21:55:10+00:00,1
2014-12-08 21:55:13+00:00,-1
2014-12-08 21:55:13+00:00,-1
2014-12-08 21:58:06+00:00,-1
2014-12-08 22:02:12+00:00,0
2014-12-08 22:05:04+00:00,-1
2014-12-08 22:15:03+00:00,-1
2014-12-08 22:23:19+00:00,0
2014-12-08 22:25:03+00:00,-1
2014-12-08 22:26:56+00:00,0
2014-12-08 22:28:41+00:00,1
2014-12-08 22:28:59+00:00,0
2014-12-08 22:29:31+00:00,-1
2014-12-08 22:30:02+00:00,-1
2014-12-08 22:30:03+00:00,-1
2014-12-08 22:30:14+00:00,0
2014-12-08 22:30:17+00:00,-1
2014-12-08 22:31:58+00:00,0
2014-12-08 22:31:59+00:00,-1
2014-12-08 22:34:08+00:00,-1
2014-12-08 22:34:19+00:00,1
2014-12-08 22:34:20+00:00,-1
2014-12-08 22:44:45+00:00,-1
2014-12-08 22:46:54+00:00,0
2014-12-08 22:47:33+00:00,0
2014-12-08 22:47:44+00:00,-1
2014-12-08 22:51:21+00:00,-1
2014-12-08 22:52:14+00:00,0
2014-12-08 22:53:54+00:00,-1
2014-12-08 22:55:13+00:00,-1
2014-12-08 22:59:15+00:00,0
2014-12-08 23:03:47+00:00,1
2014-12-08 23:04:16+00:00,1
2014-12-08 23:05:03+00:00,1
2014-12-08 23:07:24+00:00,0
2014-12-08 23:09:53+00:00,0
2014-12-08 23:13:23+00:00,0
2014-12-08 23:15:27+00:00,-1
2014-12-08 23:17:20+00:00,0
2014-12-08 23:19:12+00:00,-1
2014-12-08 23:21:19+00:00,-1
2014-12-08 23:21:53+00:00,1
2014-12-08 23:24:51+00:00,0
2014-12-08 23:27:30+00:00,0
2014-12-08 23:29:19+00:00,-1
2014-12-08 23:30:20+00:00,-1
2014-12-08 23:31:14+00:00,-1
2014-12-08 23:41:59+00:00,1
2014-12-08 23:44:01+00:00,-1
2014-12-08 23:44:35+00:00,0
2014-12-08 23:45:03+00:00,0
2014-12-08 23:45:14+00:00,-1
2014-12-08 23:55:21+00:00,-1
2014-12-08 23:56:15+00:00,-1
2014-12-08 23:57:20+00:00,1
2014-12-08 23:57:25+00:00,0
2014-12-08 23:59:09+00:00,0
2014-12-09 00:09:47+00:00,0
2014-12-09 00:15:05+00:00,1
2014-12-09 00:17:09+00:00,-1
2014-12-09 00:19:15+00:00,1
2014-12-09 00:21:19+00:00,0
2014-12-09 00:25:10+00:00,-1
2014-12-09 00:31:22+00:00,0
2014-12-09 00:33:34+00:00,-1
2014-12-09 00:33:35+00:00,-1
2014-12-09 00:33:52+00:00,1
2014-12-09 00:34:07+00:00,0
2014-12-09 00:34:24+00:00,0
2014-12-09 00:34:51+00:00,-1
2014-12-09 00:35:08+00:00,-1
2014-12-09 00:39:38+00:00,1
2014-12-09 00:42:29+00:00,-1
2014-12-09 00:45:16+00:00,0
2014-12-09 00:47:09+00:00,-1
2014-12-09 00:51:17+00:00,-1
2014-12-09 00:52:09+00:00,-1
2014-12-09 00:52:15+00:00,-1
2014-12-09 00:53:32+00:00,-1
2014-12-09 00:55:09+00:00,-1
2014-12-09 00:57:25+00:00,0
2014-12-09 00:57:59+00:00,-1
2014-12-09 00:58:22+00:00,-1
2014-12-09 01:00:03+00:00,-1
2014-12-09 01:03:56+00:00,-1
2014-12-09 01:06:44+00:00,-1
2014-12-09 01:07:31+00:00,-1
2014-12-09 01:10:52+00:00,0
2014-12-09 01:13:52+00:00,-1
2014-12-09 01:20:32+00:00,0
2014-12-09 01:21:04+00:00,0
2014-12-09 01:22:00+00:00,-1
2014-12-09 01:22:01+00:00,0
2014-12-09 01:22:15+00:00,-1
2014-12-09 01:22:18+00:00,-1
2014-12-09 01:22:21+00:00,-1
2014-12-09 01:22:22+00:00,0
2014-12-09 01:22:23+00:00,1
2014-12-09 01:22:25+00:00,-1
2014-12-09 01:22:30+00:00,-1
2014-12-09 01:22:33+00:00,-1
2014-12-09 01:22:36+00:00,-1
2014-12-09 01:22:36+00:00,1
2014-12-09 01:22:53+00:00,-1
2014-12-09 01:22:54+00:00,1
2014-12-09 01:23:04+00:00,-1
2014-12-09 01:23:09+00:00,-1
2014-12-09 01:23:09+00:00,1
2014-12-09 01:23:10+00:00,-1
2014-12-09 01:23:11+00:00,1
2014-12-09 01:23:14+00:00,-1
2014-12-09 01:23:14+00:00,-1
2014-12-09 01:23:19+00:00,-1
2014-12-09 01:23:19+00:00,-1
2014-12-09 01:23:25+00:00,-1
2014-12-09 01:23:26+00:00,-1
2014-12-09 01:23:32+00:00,-1
2014-12-09 01:23:34+00:00,0
2014-12-09 01:23:36+00:00,-1
2014-12-09 01:23:38+00:00,-1
2014-12-09 01:23:53+00:00,-1
2014-12-09 01:24:02+00:00,0
2014-12-09 01:24:07+00:00,-1
2014-12-09 01:24:16+00:00,-1
2014-12-09 01:24:28+00:00,-1
2014-12-09 01:24:29+00:00,-1
2014-12-09 01:24:48+00:00,-1
2014-12-09 01:24:59+00:00,0
2014-12-09 01:25:01+00:00,-1
2014-12-09 01:25:02+00:00,-1
2014-12-09 01:25:04+00:00,-1
2014-12-09 01:25:07+00:00,0
2014-12-09 01:25:13+00:00,-1
2014-12-09 01:25:26+00:00,-1
2014-12-09 01:25:33+00:00,-1
2014-12-09 01:25:49+00:00,0
2014-12-09 01:25:52+00:00,0
2014-12-09 01:25:54+00:00,-1
2014-12-09 01:26:06+00:00,-1
2014-12-09 01:26:07+00:00,-1
2014-12-09 01:26:10+00:00,-1
2014-12-09 01:26:14+00:00,-1
2014-12-09 01:26:22+00:00,1
2014-12-09 01:26:24+00:00,-1
2014-12-09 01:26:27+00:00,0
2014-12-09 01:26:29+00:00,-1
2014-12-09 01:26:33+00:00,-1
2014-12-09 01:26:35+00:00,-1
2014-12-09 01:26:39+00:00,0
2014-12-09 01:26:57+00:00,0
2014-12-09 01:27:04+00:00,-1
2014-12-09 01:27:05+00:00,-1
2014-12-09 01:27:30+00:00,-1
2014-12-09 01:27:49+00:00,-1
2014-12-09 01:27:54+00:00,-1
2014-12-09 01:27:54+00:00,-1
2014-12-09 01:28:13+00:00,-1
2014-12-09 01:28:15+00:00,-1
2014-12-09 01:28:24+00:00,-1
2014-12-09 01:28:24+00:00,-1
2014-12-09 01:28:30+00:00,1
2014-12-09 01:29:16+00:00,-1
2014-12-09 01:30:01+00:00,-1
2014-12-09 01:30:03+00:00,-1
2014-12-09 01:30:20+00:00,-1
2014-12-09 01:30:25+00:00,-1
2014-12-09 01:30:49+00:00,-1
2014-12-09 01:31:00+00:00,0
2014-12-09 01:31:03+00:00,-1
2014-12-09 01:31:07+00:00,-1
2014-12-09 01:31:14+00:00,-1
2014-12-09 01:31:38+00:00,-1
2014-12-09 01:31:48+00:00,-1
2014-12-09 01:32:21+00:00,0
2014-12-09 01:32:27+00:00,-1
2014-12-09 01:32:49+00:00,-1
2014-12-09 01:33:30+00:00,-1
2014-12-09 01:33:49+00:00,-1
2014-12-09 01:34:24+00:00,-1
2014-12-09 01:34:43+00:00,-1
2014-12-09 01:35:40+00:00,-1
2014-12-09 01:35:48+00:00,-1
2014-12-09 01:36:03+00:00,-1
2014-12-09 01:36:18+00:00,-1
2014-12-09 01:36:20+00:00,-1
2014-12-09 01:36:21+00:00,-1
2014-12-09 01:36:30+00:00,-1
2014-12-09 01:37:06+00:00,0
2014-12-09 01:37:09+00:00,-1
2014-12-09 01:37:46+00:00,-1
2014-12-09 01:38:25+00:00,-1
2014-12-09 01:38:34+00:00,-1
2014-12-09 01:38:57+00:00,-1
2014-12-09 01:39:52+00:00,-1
2014-12-09 01:39:55+00:00,-1
2014-12-09 01:40:24+00:00,-1
2014-12-09 01:40:29+00:00,1
2014-12-09 01:40:32+00:00,-1
2014-12-09 01:41:09+00:00,-1
2014-12-09 01:41:15+00:00,-1
2014-12-09 01:41:33+00:00,-1
2014-12-09 01:41:55+00:00,-1
2014-12-09 01:42:07+00:00,-1
2014-12-09 01:42:28+00:00,-1
2014-12-09 01:42:30+00:00,0
2014-12-09 01:42:30+00:00,-1
2014-12-09 01:44:55+00:00,-1
2014-12-09 01:45:42+00:00,-1
2014-12-09 01:45:53+00:00,1
2014-12-09 01:46:13+00:00,-1
2014-12-09 01:46:45+00:00,0
2014-12-09 01:48:00+00:00,-1
2014-12-09 01:48:42+00:00,0
2014-12-09 01:49:03+00:00,-1
2014-12-09 01:49:22+00:00,-1
2014-12-09 01:50:24+00:00,-1
2014-12-09 01:50:32+00:00,-1
2014-12-09 01:51:55+00:00,0
2014-12-09 01:52:44+00:00,-1
2014-12-09 01:54:06+00:00,-1
2014-12-09 01:54:40+00:00,-1
2014-12-09 01:56:41+00:00,1
2014-12-09 01:56:54+00:00,-1
2014-12-09 01:57:39+00:00,-1
2014-12-09 01:57:49+00:00,0
2014-12-09 02:01:01+00:00,-1
2014-12-09 02:01:20+00:00,1
2014-12-09 02:01:39+00:00,-1
2014-12-09 02:05:31+00:00,0
2014-12-09 02:06:43+00:00,1
2014-12-09 02:07:25+00:00,-1
2014-12-09 02:09:31+00:00,0
2014-12-09 02:09:52+00:00,0
2014-12-09 02:10:16+00:00,-1
2014-12-09 02:10:26+00:00,-1
2014-12-09 02:12:45+00:00,-1
2014-12-09 02:12:47+00:00,-1
2014-12-09 02:13:18+00:00,-1
2014-12-09 02:13:43+00:00,-1
2014-12-09 02:13:45+00:00,-1
2014-12-09 02:13:50+00:00,-1
2014-12-09 02:14:03+00:00,0
2014-12-09 02:14:07+00:00,-1
2014-12-09 02:14:40+00:00,1
2014-12-09 02:14:46+00:00,1
2014-12-09 02:14:48+00:00,-1
2014-12-09 02:15:16+00:00,0
2014-12-09 02:16:28+00:00,-1
2014-12-09 02:17:28+00:00,-1
2014-12-09 02:18:05+00:00,-1
2014-12-09 02:18:23+00:00,0
2014-12-09 02:18:29+00:00,-1
2014-12-09 02:18:54+00:00,-1
2014-12-09 02:19:31+00:00,-1
2014-12-09 02:23:03+00:00,0
2014-12-09 02:24:11+00:00,-1
2014-12-09 02:25:07+00:00,0
2014-12-09 02:26:57+00:00,-1
2014-12-09 02:27:18+00:00,-1
2014-12-09 02:27:42+00:00,-1
2014-12-09 02:28:20+00:00,-1
2014-12-09 02:29:24+00:00,-1
2014-12-09 02:30:14+00:00,-1
2014-12-09 02:31:10+00:00,-1
2014-12-09 02:33:07+00:00,0
2014-12-09 02:34:14+00:00,-1
2014-12-09 02:35:40+00:00,0
2014-12-09 02:37:12+00:00,-1
2014-12-09 02:40:31+00:00,-1
2014-12-09 02:41:17+00:00,0
2014-12-09 02:41:54+00:00,-1
2014-12-09 02:44:35+00:00,-1
2014-12-09 02:46:12+00:00,1
2014-12-09 02:46:56+00:00,-1
2014-12-09 02:49:52+00:00,0
2014-12-09 02:53:47+00:00,0
2014-12-09 02:54:17+00:00,1
2014-12-09 02:56:16+00:00,-1
2014-12-09 03:00:25+00:00,-1
2014-12-09 03:06:05+00:00,-1
2014-12-09 03:07:23+00:00,-1
2014-12-09 03:08:18+00:00,0
2014-12-09 03:12:12+00:00,-1
2014-12-09 03:13:30+00:00,1
2014-12-09 03:19:22+00:00,-1
2014-12-09 03:19:42+00:00,-1
2014-12-09 03:20:21+00:00,0
2014-12-09 03:20:42+00:00,-1
2014-12-09 03:21:02+00:00,-1
2014-12-09 03:22:34+00:00,-1
2014-12-09 03:23:04+00:00,0
2014-12-09 03:28:27+00:00,0
2014-12-09 03:31:41+00:00,0
2014-12-09 03:35:10+00:00,-1
2014-12-09 03:35:15+00:00,-1
2014-12-09 03:35:42+00:00,-1
2014-12-09 03:39:22+00:00,0
2014-12-09 03:46:07+00:00,-1
2014-12-09 03:49:00+00:00,0
2014-12-09 03:50:15+00:00,-1
2014-12-09 03:54:47+00:00,-1
2014-12-09 03:55:51+00:00,-1
2014-12-09 04:02:18+00:00,1
2014-12-09 04:02:33+00:00,0
2014-12-09 04:03:15+00:00,-1
2014-12-09 04:06:25+00:00,-1
2014-12-09 04:06:26+00:00,-1
2014-12-09 04:15:04+00:00,-1
2014-12-09 04:16:04+00:00,-1
2014-12-09 04:16:24+00:00,0
2014-12-09 04:17:45+00:00,-1
2014-12-09 04:20:10+00:00,0
2014-12-09 04:29:44+00:00,-1
2014-12-09 04:30:48+00:00,-1
2014-12-09 04:35:31+00:00,0
2014-12-09 04:38:54+00:00,-1
2014-12-09 04:45:46+00:00,0
2014-12-09 04:46:10+00:00,0
2014-12-09 04:47:02+00:00,1
2014-12-09 04:47:32+00:00,-1
2014-12-09 04:51:05+00:00,-1
2014-12-09 04:51:14+00:00,-1
2014-12-09 04:52:15+00:00,-1
2014-12-09 04:52:46+00:00,-1
2014-12-09 04:54:25+00:00,-1
2014-12-09 05:00:58+00:00,-1
2014-12-09 05:01:02+00:00,0
2014-12-09 05:03:50+00:00,0
2014-12-09 05:07:08+00:00,0
2014-12-09 05:20:33+00:00,0
2014-12-09 05:23:30+00:00,-1
2014-12-09 05:27:20+00:00,-1
2014-12-09 05:36:24+00:00,0
2014-12-09 05:37:20+00:00,-1
2014-12-09 05:37:46+00:00,0
2014-12-09 05:40:26+00:00,-1
2014-12-09 05:45:01+00:00,0
2014-12-09 05:45:11+00:00,-1
2014-12-09 05:47:35+00:00,0
2014-12-09 05:47:49+00:00,-1
2014-12-09 05:56:59+00:00,0
2014-12-09 05:59:24+00:00,0
2014-12-09 06:00:04+00:00,-1
2014-12-09 06:04:39+00:00,-1
2014-12-09 06:05:17+00:00,-1
2014-12-09 06:31:21+00:00,-1
2014-12-09 06:34:05+00:00,-1
2014-12-09 06:34:22+00:00,0
2014-12-09 06:50:31+00:00,-1
2014-12-09 06:52:51+00:00,1
2014-12-09 06:55:30+00:00,1
2014-12-09 06:58:01+00:00,0
2014-12-09 07:00:00+00:00,0
2014-12-09 07:01:50+00:00,-1
2014-12-09 07:03:54+00:00,-1
2014-12-09 07:05:13+00:00,-1
2014-12-09 07:06:48+00:00,-1
2014-12-09 07:08:02+00:00,0
2014-12-09 07:08:57+00:00,0
2014-12-09 07:12:40+00:00,-1
2014-12-09 07:15:04+00:00,-1
2014-12-09 07:25:31+00:00,-1
2014-12-09 07:27:01+00:00,1
2014-12-09 07:30:46+00:00,0
2014-12-09 07:38:20+00:00,-1
2014-12-09 07:42:30+00:00,0
2014-12-09 07:47:31+00:00,-1
2014-12-09 07:58:58+00:00,0
2014-12-09 08:03:31+00:00,1
2014-12-09 08:15:51+00:00,0
2014-12-09 08:43:10+00:00,0
2014-12-09 08:52:22+00:00,-1
2014-12-09 09:00:12+00:00,-1
2014-12-09 09:01:25+00:00,1
2014-12-09 09:01:25+00:00,1
2014-12-09 09:03:00+00:00,1
2014-12-09 09:09:37+00:00,-1
2014-12-09 09:34:08+00:00,-1
2014-12-09 10:15:13+00:00,-1
2014-12-09 10:19:02+00:00,-1
2014-12-09 10:22:24+00:00,0
2014-12-09 10:24:23+00:00,-1
2014-12-09 10:48:37+00:00,-1
2014-12-09 10:54:13+00:00,-1
2014-12-09 10:58:49+00:00,-1
2014-12-09 11:00:07+00:00,1
2014-12-09 11:05:53+00:00,-1
2014-12-09 11:05:59+00:00,0
2014-12-09 11:09:33+00:00,-1
2014-12-09 11:10:03+00:00,-1
2014-12-09 11:10:10+00:00,-1
2014-12-09 11:10:54+00:00,-1
2014-12-09 11:23:28+00:00,0
2014-12-09 11:26:10+00:00,-1
2014-12-09 11:30:05+00:00,-1
2014-12-09 11:45:04+00:00,1
2014-12-09 11:47:56+00:00,0
2014-12-09 11:49:53+00:00,-1
2014-12-09 11:50:55+00:00,1
2014-12-09 11:50:56+00:00,1
2014-12-09 11:51:20+00:00,-1
2014-12-09 11:51:39+00:00,-1
2014-12-09 11:52:12+00:00,0
2014-12-09 11:54:37+00:00,1
2014-12-09 11:56:40+00:00,1
2014-12-09 11:57:14+00:00,-1
2014-12-09 12:00:30+00:00,-1
2014-12-09 12:04:25+00:00,-1
2014-12-09 12:15:25+00:00,0
2014-12-09 12:18:27+00:00,0
2014-12-09 12:30:19+00:00,-1
2014-12-09 12:40:07+00:00,-1
2014-12-09 12:45:45+00:00,-1
2014-12-09 12:49:31+00:00,-1
2014-12-09 12:52:39+00:00,1
2014-12-09 12:54:03+00:00,-1
2014-12-09 12:54:10+00:00,-1
2014-12-09 12:54:42+00:00,-1
2014-12-09 13:02:01+00:00,-1
2014-12-09 13:02:25+00:00,-1
2014-12-09 13:03:07+00:00,-1
2014-12-09 13:14:07+00:00,0
2014-12-09 13:16:48+00:00,-1
2014-12-09 13:17:02+00:00,0
2014-12-09 13:30:18+00:00,-1
2014-12-09 13:30:30+00:00,-1
2014-12-09 13:32:02+00:00,-1
2014-12-09 13:43:16+00:00,-1
2014-12-09 13:45:31+00:00,-1
2014-12-09 13:45:47+00:00,0
2014-12-09 13:54:37+00:00,-1
2014-12-09 13:54:51+00:00,-1
2014-12-09 13:54:51+00:00,-1
2014-12-09 13:55:23+00:00,-1
2014-12-09 13:57:07+00:00,1
2014-12-09 13:58:54+00:00,-1
2014-12-09 14:00:25+00:00,-1
2014-12-09 14:02:22+00:00,-1
2014-12-09 14:05:05+00:00,-1
2014-12-09 14:06:11+00:00,1
2014-12-09 14:11:08+00:00,1
2014-12-09 14:13:29+00:00,1
2014-12-09 14:15:29+00:00,-1
2014-12-09 14:15:45+00:00,1
2014-12-09 14:17:28+00:00,-1
2014-12-09 14:19:03+00:00,-1
2014-12-09 14:23:05+00:00,-1
2014-12-09 14:23:21+00:00,-1
2014-12-09 14:31:59+00:00,0
2014-12-09 14:35:38+00:00,-1
2014-12-09 14:35:48+00:00,-1
2014-12-09 14:37:04+00:00,-1
2014-12-09 14:38:06+00:00,-1
2014-12-09 14:39:42+00:00,-1
2014-12-09 14:40:50+00:00,-1
2014-12-09 14:43:21+00:00,-1
2014-12-09 14:45:35+00:00,1
2014-12-09 14:46:29+00:00,1
2014-12-09 14:53:57+00:00,-1
2014-12-09 14:55:23+00:00,1
2014-12-09 14:55:37+00:00,-1
2014-12-09 14:57:56+00:00,-1
2014-12-09 14:58:03+00:00,-1
2014-12-09 14:59:51+00:00,-1
2014-12-09 15:00:02+00:00,-1
2014-12-09 15:01:24+00:00,-1
2014-12-09 15:02:58+00:00,-1
2014-12-09 15:04:49+00:00,-1
2014-12-09 15:06:30+00:00,0
2014-12-09 15:09:04+00:00,0
2014-12-09 15:15:03+00:00,1
2014-12-09 15:16:44+00:00,-1
2014-12-09 15:17:47+00:00,-1
2014-12-09 15:17:59+00:00,-1
2014-12-09 15:18:00+00:00,-1
2014-12-09 15:22:36+00:00,0
2014-12-09 15:23:52+00:00,0
2014-12-09 15:32:35+00:00,-1
2014-12-09 15:32:54+00:00,-1
2014-12-09 15:33:10+00:00,-1
2014-12-09 15:33:56+00:00,0
2014-12-09 15:37:19+00:00,-1
2014-12-09 15:41:08+00:00,-1
2014-12-09 15:43:57+00:00,0
2014-12-09 15:44:55+00:00,0
2014-12-09 15:45:00+00:00,-1
2014-12-09 15:47:01+00:00,-1
2014-12-09 15:49:44+00:00,-1
2014-12-09 15:50:22+00:00,0
2014-12-09 15:52:31+00:00,-1
2014-12-09 15:52:55+00:00,-1
2014-12-09 15:54:01+00:00,0
2014-12-09 15:58:58+00:00,-1
2014-12-09 15:59:02+00:00,-1
2014-12-09 16:00:12+00:00,1
2014-12-09 16:03:29+00:00,-1
2014-12-09 16:05:27+00:00,-1
2014-12-09 16:10:20+00:00,0
2014-12-09 16:15:02+00:00,-1
2014-12-09 16:16:02+00:00,-1
2014-12-09 16:22:45+00:00,-1
2014-12-09 16:22:49+00:00,0
2014-12-09 16:22:49+00:00,-1
2014-12-09 16:24:18+00:00,-1
2014-12-09 16:28:42+00:00,1
2014-12-09 16:29:26+00:00,-1
2014-12-09 16:34:20+00:00,-1
2014-12-09 16:35:11+00:00,-1
2014-12-09 16:36:51+00:00,-1
2014-12-09 16:37:01+00:00,1
2014-12-09 16:40:22+00:00,-1
2014-12-09 16:46:42+00:00,-1
2014-12-09 16:49:04+00:00,-1
2014-12-09 16:54:49+00:00,-1
2014-12-09 16:54:55+00:00,0
2014-12-09 16:55:15+00:00,-1
2014-12-09 17:00:13+00:00,-1
2014-12-09 17:02:25+00:00,-1
2014-12-09 17:02:47+00:00,-1
2014-12-09 17:09:09+00:00,-1
2014-12-09 17:11:34+00:00,0
2014-12-09 17:12:11+00:00,0
2014-12-09 17:14:00+00:00,1
2014-12-09 17:24:09+00:00,1
2014-12-09 17:26:10+00:00,1
2014-12-09 17:28:43+00:00,0
2014-12-09 17:30:02+00:00,0
2014-12-09 17:30:15+00:00,-1
2014-12-09 17:30:46+00:00,-1
2014-12-09 17:31:44+00:00,0
2014-12-09 17:34:53+00:00,-1
2014-12-09 17:36:21+00:00,1
2014-12-09 17:36:23+00:00,0
2014-12-09 17:37:28+00:00,0
2014-12-09 17:39:05+00:00,-1
2014-12-09 17:40:17+00:00,-1
2014-12-09 17:40:29+00:00,-1
2014-12-09 17:42:06+00:00,-1
2014-12-09 17:42:11+00:00,1
2014-12-09 17:45:03+00:00,-1
2014-12-09 17:45:23+00:00,-1
2014-12-09 17:45:29+00:00,-1
2014-12-09 17:45:56+00:00,0
2014-12-09 17:48:31+00:00,-1
2014-12-09 17:49:09+00:00,-1
2014-12-09 17:49:42+00:00,-1
2014-12-09 17:50:03+00:00,-1
2014-12-09 17:50:45+00:00,-1
2014-12-09 17:56:47+00:00,0
2014-12-09 17:58:29+00:00,0
2014-12-09 17:58:50+00:00,-1
2014-12-09 18:00:04+00:00,-1
2014-12-09 18:00:29+00:00,-1
2014-12-09 18:03:02+00:00,0
2014-12-09 18:06:11+00:00,-1
2014-12-09 18:06:42+00:00,-1
2014-12-09 18:09:14+00:00,1
2014-12-09 18:10:42+00:00,1
2014-12-09 18:11:35+00:00,1
2014-12-09 18:15:41+00:00,-1
2014-12-09 18:16:40+00:00,-1
2014-12-09 18:18:13+00:00,-1
2014-12-09 18:19:02+00:00,-1
2014-12-09 18:21:42+00:00,0
2014-12-09 18:22:02+00:00,-1
2014-12-09 18:22:21+00:00,-1
2014-12-09 18:27:18+00:00,-1
2014-12-09 18:30:03+00:00,0
2014-12-09 18:33:37+00:00,0
2014-12-09 18:35:29+00:00,-1
2014-12-09 18:38:14+00:00,-1
2014-12-09 18:42:18+00:00,-1
2014-12-09 18:45:30+00:00,-1
2014-12-09 18:50:37+00:00,0
2014-12-09 18:55:37+00:00,1
2014-12-09 18:59:00+00:00,-1
2014-12-09 18:59:25+00:00,-1
2014-12-09 18:59:31+00:00,0
2014-12-09 19:02:29+00:00,-1
2014-12-09 19:03:36+00:00,1
2014-12-09 19:03:43+00:00,1
2014-12-09 19:04:39+00:00,-1
2014-12-09 19:06:25+00:00,-1
2014-12-09 19:07:12+00:00,-1
2014-12-09 19:09:03+00:00,1
2014-12-09 19:10:37+00:00,0
2014-12-09 19:11:12+00:00,0
2014-12-09 19:11:47+00:00,0
2014-12-09 19:23:36+00:00,0
2014-12-09 19:25:51+00:00,0
2014-12-09 19:26:32+00:00,-1
2014-12-09 19:30:03+00:00,-1
2014-12-09 19:31:12+00:00,-1
2014-12-09 19:34:37+00:00,0
2014-12-09 19:37:27+00:00,0
2014-12-09 19:38:39+00:00,-1
2014-12-09 19:42:08+00:00,-1
2014-12-09 19:43:03+00:00,-1
2014-12-09 19:48:26+00:00,0
2014-12-09 19:48:35+00:00,0
2014-12-09 19:49:29+00:00,0
2014-12-09 19:50:08+00:00,-1
2014-12-09 19:54:14+00:00,0
2014-12-09 19:54:56+00:00,0
2014-12-09 19:55:17+00:00,-1
2014-12-09 19:55:32+00:00,0
2014-12-09 20:04:09+00:00,-1
2014-12-09 20:05:14+00:00,-1
2014-12-09 20:09:46+00:00,0
2014-12-09 20:10:28+00:00,-1
2014-12-09 20:12:35+00:00,-1
2014-12-09 20:13:07+00:00,-1
2014-12-09 20:19:53+00:00,0
2014-12-09 20:20:40+00:00,1
2014-12-09 20:22:19+00:00,-1
2014-12-09 20:23:02+00:00,0
2014-12-09 20:23:23+00:00,-1
2014-12-09 20:25:26+00:00,-1
2014-12-09 20:27:36+00:00,1
2014-12-09 20:28:19+00:00,0
2014-12-09 20:30:03+00:00,-1
2014-12-09 20:33:29+00:00,0
2014-12-09 20:39:16+00:00,-1
2014-12-09 20:39:23+00:00,0
2014-12-09 20:42:10+00:00,-1
2014-12-09 20:42:25+00:00,-1
2014-12-09 20:43:04+00:00,-1
2014-12-09 20:44:29+00:00,-1
2014-12-09 20:44:38+00:00,1
2014-12-09 20:47:25+00:00,1
2014-12-09 20:51:22+00:00,0
2014-12-09 20:55:32+00:00,-1
2014-12-09 20:57:48+00:00,-1
2014-12-09 21:06:30+00:00,0
2014-12-09 21:07:22+00:00,-1
2014-12-09 21:08:29+00:00,-1
2014-12-09 21:09:31+00:00,0
2014-12-09 21:10:29+00:00,-1
2014-12-09 21:10:51+00:00,0
2014-12-09 21:11:15+00:00,0
2014-12-09 21:12:24+00:00,-1
2014-12-09 21:12:55+00:00,-1
2014-12-09 21:13:12+00:00,0
2014-12-09 21:14:04+00:00,0
2014-12-09 21:17:24+00:00,0
2014-12-09 21:17:52+00:00,-1
2014-12-09 21:20:21+00:00,0
2014-12-09 21:21:00+00:00,-1
2014-12-09 21:21:00+00:00,-1
2014-12-09 21:21:00+00:00,-1
2014-12-09 21:21:00+00:00,-1
2014-12-09 21:21:01+00:00,-1
2014-12-09 21:21:01+00:00,-1
2014-12-09 21:21:03+00:00,-1
2014-12-09 21:21:04+00:00,-1
2014-12-09 21:21:04+00:00,-1
2014-12-09 21:21:05+00:00,-1
2014-12-09 21:21:05+00:00,1
2014-12-09 21:21:07+00:00,-1
2014-12-09 21:21:07+00:00,-1
2014-12-09 21:21:09+00:00,-1
2014-12-09 21:21:09+00:00,-1
2014-12-09 21:21:10+00:00,-1
2014-12-09 21:21:10+00:00,-1
2014-12-09 21:21:11+00:00,-1
2014-12-09 21:21:12+00:00,-1
2014-12-09 21:23:33+00:00,0
2014-12-09 21:24:22+00:00,1
2014-12-09 21:28:07+00:00,0
2014-12-09 22:08:53+00:00,-1
2014-12-09 22:18:27+00:00,-1
2014-12-09 23:45:59+00:00,1
2014-12-10 00:48:10+00:00,0
