text,rating,date,class
"Hotel maravilhoso, atendentes super receptivos e o garçom Roberto é o melhor e mais simpático! Que experiência incrível!",10,2024-01-01 05:02:42+00,1
"Hotel novo com uma estrutura bonita e elegante. 
Estava hospedada em um andar alto, o que proporcionava uma bela vista. 
Tem uma boa localização, já que fica em frente ao shopping JL.
Ponto positivo, a limpeza dos quartos e da recepção. 
Pontos se melhoria: 
Check- in é bastante demorado. Tive que aguardar em uma fila, que nem era tão grande, mas mesmo assim foi demorado para o atendimento. 
Outro ponto de atenção, foi o momento de Check-out. Ao realizar o meu checkout fiz o pagamento das despesas consumidas no hotel. Porem, após chegar em casa, recebi uma mensagem do hotel, informando que estava pendente o pagamento que havia feito no checkout. Ao informar que já tinha feito o pagamento, fui questionada se me lembrava o nome do recepcionista. Por sorte tinha o extrato do consumo que constava o nome. Dessa forma foi concluído que alguém não havia dado baixa no pagamento. 
Finalizando, acredito que a recepção ainda precise de treinamento para uma melhor organização. 
Em resumo, é um bom hotel, mas ainda com pontos de melhoria.",6,2024-01-02 00:00:00+00,0
" Hotel novo,limpo e confortável  Barulho da rua,o isolamento acústico do meu quarto não era tão bom
A iluminação do banheiro para fazer a maquiagem era ruim",9,2024-01-02 09:51:21+00,0
 Localização  Atendimento,8,2024-01-02 10:50:15+00,0
 Top10,10,2024-01-02 11:02:10+00,1
 Profissionalismo. Tudo excelente.,10,2024-01-02 12:03:54+00,1
" Zona de piscina  Para su precio la calidad no era la mejor, por ejemplo lis banos con olores fuertes",8,2024-01-02 14:27:34+00,0
" Localização, estrutura do hotel e receptividade dos funcionários.
Tivemos um problema de vazamento no banheiro e prontamente fomos trocados para outro quarto.",9,2024-01-02 14:30:48+00,0
 Café da manhã e localização excelentes! A equipe é muito atenciosa. Em geral o hotel é bonito e confortável.  Somente a demora dos elevadores.,8,2024-01-02 19:13:30+00,0
" Hotel com boa localização, quartos bons e staff colaborativa e competente. Hotel com bom custo benefício.  Academia bem pequena.",10,2024-01-02 22:14:39+00,1
" Localização e apto novos  Muito barulho da rua, deveria ter janelas anti ruídos por conta da avenida de grande movimentação e barulhenta a noite toda",7,2024-01-03 00:53:08+00,0
" Recepção e quartos são aconchegantes. Próximo ao shopping.  Senti falta de uma sala de jogos ou tv na recepção, o que seria mais aproveitado do que a academia. Também não tem serviço de bar na piscina, sendo que tinha que aguardar alguém aparecer para pedir algo. Faltou bebida, petisco que não tinha (início da manhã ainda) e serviço de quarto (alimentação) ruim.",5,2024-01-03 03:40:37+00,0
 A localização é excelente. Os funcionários do hotel são atenciosos. O custo da diária é excelente.  Nada a observar,9,2024-01-03 11:44:53+00,0
" Bom café da manhã, com garçons atenciosos  Fizemos uma reserva da ceia de reveillon com antecedência, paguei com pix no dia 21 de dezembro e mandei  comprovante por email para Milena Moraes que era a agente de reservas  q estava conversando comigo. Ela me confirmou o pagamento e que a reserva da mesa estava confirmada. Qdo chegamos ao evento, a recepcionista não  encontrou meu nome na lista, o que achei estranho., mas mostrei para a recepcionista o email recebido confirmando a reserva. Mesmo assim, entramos e sentamos onde eu tinha pedido para reservar ( mesa 12). Sorte nossa, ( minha e de meu marido) que os dois lugares estavam vagos na mesa. Já divindo a mesa com outra família desconhecida (pois a mesa era compartilhada) chegou um moço do hotel e pediu para meu marido o comprovante de pagamento, para provar que nós não éramos entrusos ali.... Isso foi decepcionante e extremamente desagradável, pois tudo ocorreu na frente da outra família e sendo que tínhamos pago o evento com antecedência..... Tive q procurar o comprovante de pagamento no site do banco ali na hora e passar por whatsapp para o hotel para provar que nós tínhamos pago. Nossos lugares estavam vazios para o hotel, pois por causa da irresponsabilidade de alguém, nosso pagamento passou e ninguém notou e nossa mesa NÂO foi reservada, se chegasse um casal ali na hora sem reserva e pagasse pela mesa, iria sentar no nosso lugar JÁ PAGO e nós ficaríamos sem. DESAGRADÁVEL! E isso nos desanimou e para nós a festa não foi legal. Não gostamos da experiência.",8,2024-01-03 15:02:26+00,0
" Tudo foi perfeito instações, atendimento, restaurante,  nada a falar",10,2024-01-03 15:06:18+00,1
 La atención  El precio de la Cena de navidad,10,2024-01-03 15:15:59+00,1
" Hotel extremamente organizado, bem localizado, funcionários super prestativos.",10,2024-01-03 17:23:29+00,1
" A localização do Hotel é excelente. Ele fica em frente ao Shopping JL e está bem próximo de todas as atividades turísticas de Foz do Iguaçu. De modo geral, a estrutura do Hotel é boa e está em excelente estado de conservação. Os ambientes estão sempre muito limpos e cheirosos e o ar condicionado da recepção e áreas comuns está sempre funcionando com perfeição. O café da manhã é muito bom e oferece muitas opções.
O atendimento do balcão de atendimento é ótimo e todos os atendentes são muito cordiais e atenciosos. Além disso, nos restaurantes, os garçons são muito rápidos e eficientes, além de muito educados.  Tudo é muito bom, mas alguns detalhes me chamaram a atenção.
No quarto, não gostei muito da cama, pois ela é muito mole e acabei ficando com um pouco de dor no corpo durante a estadia. 
Estive hospedada para comemorar o Reveillon e cheguei no dia 27/12, indo embora no dia 02/01. Enquanto estive hospedada, notei que no café da manhã não foi oferecida a opção de tapioca em nenhum dia, com exceção dos dias 01/01 e 02/01. 
As toalhas de banho são um pouco duras e aparentam ser antigas. Essa questão é muito compreensível em razão do grande volume de hospedes.",9,2024-01-03 18:39:44+00,0
" Bom café da manhã, quartos limpos, cama grande, banheiro confortável e ótima localização localização.  Atendeu as expectativas. Sem queixas.",9,2024-01-03 19:39:30+00,0
" O quarto é espaçoso, o chuveiro é ótimo e a cama também. O café da manhã é bem variado, no entanto, com poucas opções para quem tem restrições alimentares.  Da falta de produtos para intolerantes a gluten e lactose (ter somente um bolo sem gluten e leite sem lactose não é o suficiente). 
O hotel estava bem cheio e subir/descer de elevador poderia demorar mais do que o normal.",9,2024-01-03 21:19:10+00,0
 Cama e banheiro excelente  Espaço para movimentar-se … muito apertado para uso de cadeira de rodas,9,2024-01-04 00:08:13+00,0
"Café da manhã não é compatível com os valores das diárias, rico em variedade, mas tudo feito de forma bem amadora e qualidade duvidosa, ovos mexidos uma tristeza, pães secos de uma semana, outros mofados, frutas verdes.

Quanto a recepção, quartos e localização, tudo ótimo.",6,2024-01-04 10:14:12+00,0
 Todo  Todo bien,10,2024-01-04 11:01:30+00,1
" Quarto limpo, café da manhã e localização  A academia poderia ser melhor , mas tem smartfit no shopping em frente",10,2024-01-04 11:27:11+00,1
 Boa acomodação e espaço no quarto.  Baixa periodicidade na limpeza do ambiente.,9,2024-01-04 11:53:01+00,0
 Bom  Não gostamos de pagar valores de diárias diferentes no mesmo período de estadia,8,2024-01-04 11:58:11+00,0
 Infraestrutura e atendimento  Bebidas caras e quentes,8,2024-01-04 17:33:49+00,0
" Localização , limpeza , conforto , atendimento dos colaboradores , restaurante , etc  Nada . Hospedagem sem defeitos .",10,2024-01-05 01:30:19+00,1
" É a terceira vez que me hospedo e acho tudo ótimo: localização, atendimento, café da manhã, piscina… nada a reclamar.",10,2024-01-05 12:52:22+00,1
" The breakfast was delicious and they had a lot of choice. Rooms were spacious and the property was conveniently located.  There were no coffee makers in the room and the gym was rather small. The check in and check out process seemed unnecessarily slow, there was a lot of talking at reception and not much action.",8,2024-01-06 19:34:14+00,0
"Nice hotel, breakfast was good, the facilities were clean, the room has plenty of space and you have a mall crossing the street.",10,2024-01-07 00:00:00+00,1
 Simplismente sensacional  Nada a reclamar,10,2024-01-07 00:20:08+00,1
"Hotel excelente!!! Café da manhã ótimo, atendimento, cordialidade, instalações, localização, tudo! Voltaria sempre que possível!",10,2024-01-07 03:56:12+00,1
"Parabéns a todos do Hotel Cataratas JL by Bourbon!

Especialmente Elogiar a recepção e todos da equipe do Chef Oderman pela atenção, consideração, profissionalismo e competência.

Parabéns especialmente ao William da Recepção.

Deus continue lhes abençoando hoje e sempre!",10,2024-01-07 14:07:56+00,1
" La atención. Llegue a la 14:00 hs como indicaba el check in estaría habilitado para esa hora. La habitación no estaba lista hasta las 14:20. Cuando entró a la habitación no era la que había solicitado. 
Ingrese a la habitación correcta 65 minutos después de llegar. Una verdadera vergüenza.",3,2024-01-07 19:38:55+00,0
 Stanze e struttura belle  Staff poco accogliente,9,2024-01-07 23:47:56+00,0
 Shopping na frente e café da manhã espetacular,10,2024-01-08 00:51:03+00,1
" Espaçosa, muito limpa e super confortável  Piscina pequena e valor um pouco salgado",9,2024-01-08 13:52:55+00,0
" Lugar muito aconchegante e amistoso.
Hotel superou nossas expectativas.
Pessoal acolhedor e muito simpáticos.  Nada a mencionar, não temos reclamações, tudo foi muito prazeiroso.",10,2024-01-08 15:05:57+00,1
" Hotel sempre novo, bonito, confortavel e limpo.",9,2024-01-10 00:37:44+00,0
"Ainda estarei aqui até terminar as diárias que minha família se propôs a reservar devido à nossas férias. Tenho a agradecer ao hotel toda a falta da gentileza dos funcionários e principalmente à cozinha, à qusl foi solicitada uma canja de galinha durante o almoco no quarto, no dia de hoje e me foi servido uma coisinha intragável com batatas cruas, quilos de salsinha para disfarçar o sabor de peixe e um arroz que retiraram do buffet que eu não pude apreciar por não estar me sentindo bem. Muito obrigada. Devo salientar que é muito útil estarmos na frente de um shopping com mercado, onde eu pude comprar torradas e tomates, porque desse restaurante eu não comerei mais nada.",4,2024-01-10 01:01:19+00,0
" Quarto confortável e limpos,café da manhã  maravilhoso ,hotel em frente ao shopping,piscina muito boa!  Pessoas fumando o tempo todo nas áreas da piscina!",9,2024-01-10 11:23:11+00,0
" Garagem, café da manhã, do quarto, localização.  Tudo perfeito.",10,2024-01-10 11:29:19+00,1
" Liked the room, nice ambience overall. 
Good location.",9,2024-01-10 12:55:40+00,0
" Café de manhã excelente e com muita variedade.  Durante um dos café da manhã, houve falta de produtos para consumo. Quando fui servir notei que tinha pouco ovo mexido e pouca linguiça com cebola no recepiente. Faltou atenção do pessoal para a reposição pois fiquei aguardando mais de meia hora para que fosse reposto estes dois itens.",9,2024-01-10 12:56:02+00,0
"Super recomendo, essa é a quinta vez que vou a Foz do Iguaçu, nunca ficamos no mesmo hotel, com certeza esse ano foi o melhor de todos! Amamos!",10,2024-01-11 00:00:00+00,1
"Um excelente hotel, recomendo a todos.",10,2024-01-11 00:00:00+00,1
 Para 4 estrelas nem hidratante corporal eles tem,3,2024-01-11 11:27:17+00,0
 El desayuno es abundante y variado. Y la ubicación es inmejorable!,10,2024-01-11 15:14:43+00,1
 Conforto e atenção dos funcionários.  A água do frigobar não é boa.,9,2024-01-11 15:25:27+00,0
" L'accueil, la disponibilité du personnel. Le service   
de bagagerie. Le décor, l'ascenseur panoramique et la sécurisation des accès aux étages. L'hôtel se trouve en face d'un grand centre commercial: magasins, restaurants et marché... Le confort des chambres.  Les conseils de l'agence de voyage partenaire situé au niveau de l'accueil.
Nous n'avons pas été prévenus des nombreuses fermetures de sentier du parc Iguazu dont ceux qui mènent aux chutes les plus spectaculaires: San Martin et Garganta del Diablo.
Malgré cela le prix d'entrée y est resté le même.
La visite étant plus courte, nous aurions pu  dormir à l'hôtel et ne pas rester une nuit en Argentine...",9,2024-01-11 22:54:06+00,0
" Café a manhã bom, quarto bom, cama ótima, localização muito boa.  Não gostei dos travesseiros.",9,2024-01-12 01:24:10+00,0
" Location,",9,2024-01-12 12:13:12+00,0
" Ótima localização, quarto espaçoso e confortável, ótimo café da manhã, piscina para relaxar, estacionamento. Hotel fica em frente à um shopping center. Facilidade de acesso.",10,2024-01-12 12:45:34+00,1
" Localização, bom café da manhã e organização  Café da manhã tem espaço para ficar ainda melhor",9,2024-01-12 20:22:32+00,0
" Custo benefício excelente! Hotel muito confortável, staff muito atencioso, ótimas amenidades e limpeza impecável!",10,2024-01-12 20:33:34+00,1
 Boas instalações e um staff muito simpático e prestativo. Quartos limpos e agradáveis.  A piscina é pequena (apesar de não termos utilizado as instalações) e os pães do café da manhã podiam ser melhores.,9,2024-01-13 05:55:25+00,0
Ótima estrutura e localização tamanho da piscina pequena para o tamanho hotel,8,2024-01-14 00:00:00+00,0
" O Hotel é muito bem localizado, a cama é confortável, o café da manhã é bom e a garagem é bem ampla. Os quartos são limpos, móveis novos. O hotel oferece um secador muito bom.  O frigobar não tem congelador e não refrigera muito bem apenas conserva o que já está gelado. A TV do meu quarto estava com problema, reclamei várias vezes, porém o problema não foi resolvido. No dia que saímos havia apenas 1 mensageiro para atender todos os hóspedes, como a espera seria longa optamos por nós mesmos transportamos as bagagens que não eram poucas. Lamentável para um hotel dessa categoria.",8,2024-01-14 00:49:25+00,0
 Custo-benefício - preço bom e hospedagem confortável.,10,2024-01-14 09:42:47+00,1
" Localizaçao  Espera elevador ,apenas 2 pequena capacidade",9,2024-01-14 12:03:30+00,0
"Café da manhã não foi satisfatório.
Na hora da correria não conseguiam repor.
Quartos silenciosos, com boa isolação acústica.",8,2024-01-14 12:26:16+00,0
" Eu achei o cafe da manha excelente, muitas variedades e bastante frutas. A localização é centro da cidade o que significa que está de 20 a 30 min das principais atraçoes turísticas da cidade.  O meu quarto que era no primeiro andar e virado para a avenida era um pouco barulhento mas nada muito perturbador. A Piscina é um pouco pequena mas coerente com o valor da diária. De maneira geral, custo benefício bom.",10,2024-01-14 13:16:46+00,1
 Le professionnalisme et la diligence de Pierre à la réception !  Rien,10,2024-01-14 17:07:22+00,1
"O hotel fica numa localização excelente, e frente ao shopping e perto de restaurantes. Hotel bastante limpo e quarto com um bom tamanho e conforto. Café da manhã também muito bom.",10,2024-01-15 00:00:00+00,1
 Great hotel with beautiful facilities.  The room was spacious and well maintained.  Breakfast was fantastic with so many options.  At check in we were overcharged but it was rectified later.,10,2024-01-15 11:45:23+00,1
 Toda a estrutura do hotel é incrível e o café da manhã é fantástico  Atendimento de um funcionário,10,2024-01-15 13:18:53+00,1
" Excelente localização, fácil acesso ao aeroporto e aos destinos turísticos. Café da manhã completo e delicioso. Quarto com limpeza impecável, cama confortável, iluminação aconchegante. Almoçamos no restaurante do hotel e não nos arrependemos, a comida é muito gostosa e servida em quantidade mais que suficiente! Os drinks no bar são ótimos também, feitos com bebidas de qualidade.  Tudo foi de nosso agrado, só temos a elogiar.",10,2024-01-15 22:53:03+00,1
" El desayuno es extraordinario,  con variedad todos los días.  Hubo un intercambio de opiniones con 1 persona del front desk, pero por fortuna se solucionó de la mejor forma para mi.",9,2024-01-15 22:55:52+00,0
"O hotel é bem localizado, equipe preparada, limpeza impecável, café vasto apesar de contar sempre com o mesmo cardápio. Os funcionários sempre solicitos e educados.",10,2024-01-16 00:00:00+00,1
"Excelentes acomodações, com ótimo custo-benefício, além de localização privilegiada.",10,2024-01-16 11:59:43+00,1
" Localização boa, quarto silencioso e espaçoso. 
Café da manhã bem servido e hall bem decorado.
Área externa da piscina pequena, mas agradável.
Ótima pressão do chuveiro.  O banheiro apesar de espaçoso foi mal planejado, não há sequer um local para deixar a roupa apoiada para se trocar/tomar banho.
Não gostamos dos travesseiros pela densidade.
Check in foi o mais longo que experimentei, demoramos quase 30min nisso.
A academia estava com o único aparelho sem funcionar, então só tinham alguns pesos livres (muito leves), uma esteira e uma bicicleta funcionando. Não conseguimos treinar enquanto ficamos hospedados.",8,2024-01-16 16:48:00+00,0
" Ubicación, el confort de las instalaciones, amabilidad y profesionalismo, restaurante y desayunador excelentes !!",9,2024-01-17 17:16:06+00,0
" The location was very good, there were pharmacies, restaurants, bars and a whole mall (including a grocery store) in walking distance. The rooms were also pretty nice and decent in size and cleaning in the rooms was thorough  I was slightly disappointing by the breakfast. There was a lot of variety but as a whole I found the quality of the breakfast to be sub-par compared to the rest of the hotel. And while the pool was very nice and inviting it had a nasty crust of fats and oils on it's border which was very disgusting",8,2024-01-18 14:05:19+00,0
" Muito limpo!  O cafe da manha não é tão variado como imaginamos, mas esta ok",8,2024-01-18 16:32:44+00,0
Estadia dentro expectativa. Localização muito boa. Defronte ao Shopping JL. Seria bom se tivesse mais de 2 elevadores pois são muitos apartamentos e 10 andares.,10,2024-01-19 00:00:00+00,1
" Simpatia e cordialidade dos colaboradores, instalações confortáveis, quarto espaçoso, travesseiros altos, chuveiro bom, café da manhã variado e gostoso. Com certeza voltaria a me hospedar.  Água do frigobar de 350 ml custa R$ 7,00, mas como o shopping é na frente, é possível comprar no Muffato (R$ 2,40) ou na Americanas (R$ 2,99).",10,2024-01-19 10:08:21+00,1
" O Hotel é  excepcional.  Com Sobriedade  e modernidade da decoração,  atendimento solicito e alimentação diferenciada., consegue satisfazer a todos.   (As rabanadas divinas podiam ser oferecidas diariamente, são demais).  Com shopping bem em frente facilita muito nossa estadia.  Tem um estacionamento coberto abaixo do mesmo com preços acessíveis. .  Tudo perfeito.  Quando tiverem quarto para 3 pessoas sugiro priorizarem camas convencionais no lugar de dobráveis.   Depois de 3 dias pedimos a troca e tudo ficou perfeito.  Isso poderia ter sido feito no inicio da estadia.  .",10,2024-01-19 18:05:53+00,1
 Ótima localização e conforto do quarto.  Alguns funcionários são mal educados.,8,2024-01-20 00:07:39+00,0
 Localização  Vazamento no box do banheiro,8,2024-01-20 00:31:50+00,0
 TODO . ESTUVE 3 VRCES EL AÑO QUE PASO Y EN ENERO DE ESTE AÑO.  NADA,10,2024-01-20 02:45:30+00,1
" Super schönes, sauberes Hotel. Sehr freundliche Mitarbeiter. Klasse Frühstück. Absolute Empfehlung für dieses Hotel, da das Preis-Leistungsverhältnis einfach unschlagbar ist.",10,2024-01-20 11:04:30+00,1
 It had a great aroma as you entered. The accommodations were nice.  The breakfast left something to be desired. The coffee was terrible and the food without flavor.,9,2024-01-21 00:23:01+00,0
 travesseiro nao gostei muito porem comprei um e  travesseiro,8,2024-01-21 14:21:06+00,0
The office staff went out of his way to help me in overcoming language difficulties.,10,2024-01-22 00:00:00+00,1
" Quarto amplo, ducha do banho ótima, café da manhã gostoso.  Não ter ar condicionado nos elevadores.",10,2024-01-22 00:58:31+00,1
" Muito bom, completo, para todos os gostos.  Minha expectativa foi atendida plenamente. Sempre me hospedo com a minha família na rede Bourbon.",10,2024-01-22 11:46:26+00,1
" Resumindo, melhor Hotel que já fiquei em Fiz do Iguaçu.  Gostei de tudo",10,2024-01-22 16:32:19+00,1
" location is good, close to shopping mall  most of staff did not speak english",8,2024-01-22 19:10:09+00,0
" TUDO EXCEPCIONAL! MELHOR HOTEL DE FOZ, SEM DÚVIDAS!",10,2024-01-22 22:30:46+00,1
Perfeito para visitar o PY e a cidade de Foz.,10,2024-01-23 00:00:00+00,1
" Desayuno buffet completo y buena ubicación  No cambiaron los cojines de cama desde los anteriores huéspedes, el olor de los cojines de la cama olían a sudor en resumen entregaron sucio. 
Por lo demás la habitación confortable y limpia.",8,2024-01-23 02:59:32+00,0
"Excelente! O hotel fica super bem localizado, de frente pra um shopping e próximo a restaurantes. Tudo muito limpo e bem cuidado. Tem bar, piscina, academia e até uma agencia de viagens no lobby, com bons preços (por vezes até mais barato que dos sites das atrações). Facilita muito!

O check-in foi rápido, Lucas nos atendeu super bem, simpático, explicou sobre o hotel.

O quarto muito bonito e limpo, cama confortável, banheiro de bom tamanho. Nunca vi um blackout tão bom quanto o daqui, quarto fica super escuro. E é bem silencioso também.

Café da manhã variado, tem muita coisa boa, tem até uma estação de tapiocas (muito boas!) feitas por um rapaz extremamente simpático e divertido (esqueci seu nome mas a música continua na minha cabeça hahaha).

Único ponto negativo: numa manhã que estávamos saindo do hotel, aguardando a abertura da porta do estacionamento (que as vezes demora um pouco), um dos manobristas foi tirar um carro. Era um rapaz mais novo e de barba, que viu que estávamos aguardando e, ao invés de abrir pra nós, desviou do nosso carro sem nem olhar pra nossa cara (nem sei como ele passou porque mal tinha espaço), entrou na rampa, abriu o portão com seu controle e saiu. Achei bastante grosseiro, diferente de todos que nos atenderam lá.

Tirando isso, foi ótimo e com certeza me hospedaria lá novamente, caso volte pra Foz.",10,2024-01-23 12:02:52+00,1
Great hotel with very good cost/benefit. The pool is nice (even if somewhat dirty) and you can reach restaurants and a mall by walking. I would easily have rated it 5 stars if the pool was genuinely clean and if the breakfast quality improved slightly. Everything else is excellent and the employees will do their best to keep you happy.,8,2024-01-23 19:39:24+00,0
The employees are kind and helpful.,6,2024-01-24 00:00:00+00,0
" Café da manhã  Wi-Fi não funciona em toda área do hotel, muito barulho a noite",5,2024-01-24 00:01:50+00,0
" Café da manhã farto e delicioso, funcionários muito educados e atenciosos, piscina super gostosa e o quarto muito confortável.  O jantar do restaurante do hotel poderia melhorar um pouco.",10,2024-01-24 02:30:03+00,1
" Boas e agradáveis instalações, limpeza, é em frente ao Shopping (boa alternativa de alimentação), ótimo café da manhã, fácil se locomover por aplicativo, ótima operadora de turismo no hotel, facilitando passeios. Foram muito gentis: via chat do Booking enviei mensagem - que não responderam, vale citar - solicitando informações para aquisição de flores para nossa chegada pois foi aniversário de nossa união e ao chegarmos fomos surpreendidos positivamente com a arrumação especial da acomodação! Grato por isso!  Nada que mereça destaque, valendo citar que que a comunicação via chat não ocorreu: recebi mensagens do hotel através do Booking (aquelas “padrão”) porém, minhas perguntas não foram contestadas.",9,2024-01-24 07:47:09+00,0
" ótimo cafe, boas opções de alimentação  pouco elevador",9,2024-01-24 14:04:30+00,0
 La ubicación  El personal muy lento en la recepción al momento del check in,8,2024-01-24 18:18:41+00,0
" Melhor hotel que já me hospedei. Tudo limpo e novo. Ótima localização na cidade e o benefício de ter um shopping na frente. Café da manhã espetacular, grande variedade de pães, frutas, bolos...e pra quem está de dieta também tem ótimas opções. Funcionários atenciosos e gentis.",9,2024-01-24 18:27:37+00,0
 Hotel muito confortável.                         Boa limpeza e silencioso.  As frutas estavam muito azedas.,10,2024-01-24 23:36:59+00,1
 Отличные завтраки! Отель соответствует цене  Бассейн конечно ужастный! Грязный и не прозрачный!,8,2024-01-25 00:57:50+00,0
" They were very helpful with all our questions, all the needs, they gave us good recommendations and we felt perfect there.  That we our vacationndays in Iguazu had to end :)",10,2024-01-25 02:42:16+00,1
 A recepção deixou a desejar.,9,2024-01-25 17:43:42+00,0
" Do quarto, da limpeza e do café da manhã.  A recepção deixou a desejar no check-in.",8,2024-01-25 17:53:35+00,0
" cama, arrumação do quarto, roupa de cama e toalhas  janelas lacradas",8,2024-01-26 02:39:52+00,0
 A cama grande.  O lençol não era grande o suficiente para cobrir a cama toda,7,2024-01-27 20:58:43+00,0
 Tudo disponibilizado muito satisfatório desde a recepção ao check out  A princípio nada,10,2024-01-27 22:44:11+00,1
" Great location, just opposite mall. Comfortable room, decent size. Breakfast had amazing options.",10,2024-01-28 09:27:30+00,1
 Lençol do colchão é solto e fica saindo da cama,9,2024-01-28 12:28:30+00,0
" Os quartos são liimpos diariamente pela manhã e a localização é muito boa e prática, no lobby há agua saborizada de cortesia e toalhas, sabonetes e shampoos podem ser trocados todos os dias  O estacionamento é ruim e extremamente apertado, parece não comportar todos os veiculos em caso de lotação do hotel, não estava funcionando a abertura com os cartoes do quarto, estacionei todos os dias nas vagas descobertas em frente à avenida, o café da manhã poderia ser melhor e os corredores e ambientes internos do hotel tirando a recepção são muito quentes já que parece não haver ar condicionado nestes ambientes",6,2024-01-28 14:50:15+00,0
"Boa localização, conforto e limpeza muito bom.
Cozinha muito boa.",8,2024-01-29 00:00:00+00,0
Maravilhosa. Hotel muito agradável e de ótima localização.,10,2024-01-29 11:13:28+00,1
"Hotel encantador, muito bom mesmo. O atendimento é 5 estrelas, as instalações são incríveis, os quartos são ótimos, os serviços são maravilhosos.
O Hotel te a disponibilidades de passeios, transportes, dicas, os funcionários são super educados e gentis e tem um Shopping em frente ao hotel. Amei",10,2024-01-30 00:00:00+00,1
 Trata-se de um edifício novo e confortável  Tentamos fazer o check inn uma hora antes do horário previsto e nos surpreendemos com uma resposta negativa do hotel… além disso havia uma fila enorme para o atendimento e o funcionário responsável estava atendendo ao telefone!,6,2024-01-30 01:14:25+00,0
"Una de las mejores de mi vida, excelentes funcionarios principalmente el gerente general el señor Igor. Nota 10.",10,2024-01-30 11:12:17+00,1
" Cama ótima, os travesseiros são maravilhosos, chuveiro ótimo, acústica muito boa, não se escuta barulho, iluminação do quarto ótima, bem diversificada, café da manhã muito bom. Hotel Top.  Pela qualidade do quarto, as toalhas poderiam ser maiores. Só isso...",9,2024-01-30 13:28:46+00,0
Muito boa ótima atendimento.,10,2024-01-30 22:20:25+00,1
Es super lujo,8,2024-01-31 16:32:34+00,0
Incrível,10,2024-02-02 03:27:31+00,1
 Room was large and very well appointed. Excellent shower and nice products. Very nice bar area with helpful staff.  Towels could be larger,9,2024-02-02 08:42:33+00,0
 Espaço.  Localização.  Piscina. Café.  Pode melhorar o check-in.,10,2024-02-02 14:56:45+00,1
" Quarto confortável, tudo muito limpo e um cheiro agradável. Um café maravilhoso!!",10,2024-02-02 14:59:05+00,1
" Localização e cordialidade dos funcionários  Os aparelhos de ar condicionado de dois quartos que ficamos estavam sem a manutenção adequada e fazendo bastante barulho. No hall de entrada do hotel e de um dos andares havia etiquetas coladas no chão que, por lá permaneceram, por alguns dias. Manchas de gordura de mão no painel das TVs.",6,2024-02-02 19:12:43+00,0
" Tudo muito bom, apesar do preço um pouco salgado acabou valendo muito a pena. A localização é excelente, limpeza muito boa, café da manhã maravilhoso, quarto tudo muito bom.  O elevador que tem que colocar cartão toda hora. Preço poderia ser um pouco mais camarada.",10,2024-02-02 20:51:36+00,1
" Two concerns about room facility:
1. Shower floor is slippery, no safety bar installed
2. no USB port",9,2024-02-02 21:00:56+00,0
"Ótimo hotel, o único ponto a melhorar seria a limpeza do piso e revestimento dentro do box do banheiro.",8,2024-02-02 23:32:43+00,0
" Conforto, excelente café da manhã",10,2024-02-04 04:09:42+00,1
 La comida buenísima,8,2024-02-06 00:16:04+00,0
" Bom hotel mas atendimento péssimo, não achavam nossa reserva e nos fizeram esperar 1 hora pra dar checkin. Péssima experiência.  Bom hotel mas atendimento péssimo, não achavam nossa reserva e nos fizeram esperar 1 hora pra dar checkin. Péssima experiência.",5,2024-02-06 00:29:31+00,0
"Fico no hotel faz alguns anos, devido a viagens frequentes a Foz por trabalho. Dessa vez fiquei surpreendido com a queda de qualidade. Toalhas no quarto finas, e duras, não dando nem pra secar. Café da manhã com qualidade bastante inferior, pães mais duros, ovos frios.",6,2024-02-07 00:00:00+00,0
Our stay at this property was excellent. Location was convenient. Staff was very friendly. Rooms were clean and large enough. Would highly recommend this hotel,10,2024-02-07 22:53:51+00,1
 hotel was very beautiful inside and out very modern hotel the staff were very very helpful as my mobile got broken lucas johnny marie new young lady who just started were all very good with me as i never had mobile thank you also to manager rhodina and pierre  nothing,10,2024-02-08 19:29:25+00,1
 everything the staff johnny lucas maria rhodina the manager new girl on reception they were all amazing  nothing,10,2024-02-10 01:59:41+00,1
" Clean rooms, good breakfast and helpful staff.
Nice pool  N/A",9,2024-02-10 17:39:44+00,0
Nice place..,8,2024-02-10 21:12:11+00,0
" Quarto muito bom, cama confortável e chuveiro muito bom.",9,2024-02-11 00:40:57+00,0
 Da cobrança do estacionamento.,10,2024-02-12 12:46:56+00,1
綺麗なホテルで部屋も広く何も問題ありませんでした。目の前がショッピングモールで必要な買い物もすぐできました。,10,2024-02-13 00:00:00+00,1
" Confortável, camas confortáveis.  .",7,2024-02-13 12:32:26+00,0
" Organização, limpeza, atendimento incríveis, além do conforto das acomodações",10,2024-02-13 19:13:14+00,1
"O hotel em si é muito bom, bonito, limpo e confortável.  Café da manhã muito bom. Apenas os funcionários não são felizes, são muito sérios,  talvez um treinamento interno melhoria isto. Localização boa.",10,2024-02-14 00:00:00+00,1
"O hotel no geral é bom, eu aluguei, mas quem ficou hospedado foram meus pais. A única coisa que meus pais não gostaram foi que na hora de fazer o check-in parece que não tinham apartamentos disponíveis e deixaram meus pais mais de uma hora esperando para que um quarto fosse disponibilizado para eles.",8,2024-02-14 00:00:00+00,0
 Limpeza e conforto,10,2024-02-14 09:21:35+00,1
 Estava tudo bom,8,2024-02-14 11:11:00+00,0
 Todo  Nada,10,2024-02-14 13:54:10+00,1
" Hotel excelente!! Localização muito boa, cama confortável, café da manhã maravilhoso, farto e variado. A equipe é muito simpática, tudo maravilhoso!!  A funcionária paraguaia da recepção poderia ser mais ágil e simpática.",10,2024-02-14 14:22:12+00,1
In general I had a good experience in there.,8,2024-02-14 21:34:07+00,0
"O hotel é bom, moderno, o restaurante tem um cardápio enxuto mas super ok. A cama é súper desconfortável, cama velha. A minha queixa maior foram os atendentes do café da manhã , mal educados, falta de empatia para responder aos hóspedes , respondiam com muita rispidez, perguntei a um garçom se ele poderia tirar uns pratinhos para eu sentar na mesa ele me mandou sentar para o lado de fora, me senti super humilhada e nao foi somente eu, vi muitas pessoas sendo distratadas como eu.",6,2024-02-15 00:00:00+00,0
Hotel bem localizado! Café da manhã excelente. Quarto bem distribuído.,10,2024-02-15 04:25:31+00,1
 Conforto e limpeza  Nenhuma observação negativa,10,2024-02-15 12:15:20+00,1
" Calidad de las instalaciones todo nuevo, amabilidad y eficiencia del personal  Todo me gustó",10,2024-02-15 12:28:22+00,1
 Sofá e a cama,10,2024-02-15 15:07:41+00,1
" café da manhã, localização, limpeza, STAFF cordial  em um dia de fluxo maior, a equipe do restaurante não deu conta do serviço",10,2024-02-15 17:35:40+00,1
" Eu adoro ficar hospedada neste hotel. Uma equipe sempre disposta a te ajudar, localização excelente e o melhor café da manhã.  Nada a declarar.",10,2024-02-16 04:16:44+00,1
chique. 😳,10,2024-02-16 14:00:34+00,1
" Very good reception staff, nothing too much trouble",10,2024-02-17 07:35:29+00,1
" Buena ubicación e instalaciones  Precio del restaurante me
Pareció excesivo",10,2024-02-17 10:51:48+00,1
 otimo,9,2024-02-17 14:50:02+00,0
 Café da manhã  O hotel não atendeu nosso pedido no booking para preparar algo especial para nossa lua de mel.,8,2024-02-17 20:10:58+00,0
" Bom hotel, instalações adequadas. Boa relação custo/beneficio  pode melhorar o café da manhã",8,2024-02-18 00:05:23+00,0
" Hotel confortável, bem localizado, café da manhã muito bom e um bar excelente!  Nada a reclamar",9,2024-02-18 00:52:00+00,0
" Nice room
Big bed
Amazing breakfast!!  A bit too far from the falls but close to a nice mall",9,2024-02-18 12:04:24+00,0
 excelente localização e excelente cafe da manha  atendendimento da piscina poderia ser mais rapido,10,2024-02-18 12:29:14+00,1
 cafe da manhã e refeições boas  Area da piscina/lazer deixa a desejar,9,2024-02-18 14:28:05+00,0
 hotel excelente,10,2024-02-19 00:00:40+00,1
" Limpeza, excelente localização, cofre grande, restaurante,",9,2024-02-19 02:50:56+00,0
 It was a lovely hotel and the staff was excellent.  The good was outstanding.,9,2024-02-19 11:02:00+00,0
 The property itself is nice and provides good value for the money. We came to visit Iguazu falls and really did not care about any other things in the city.  The check in experience is not great long wait and slow. The hotel does not have enough staff that can communicate in English.,9,2024-02-19 14:12:35+00,0
" Hotel novinho, cheiroso, muito bem equipado, quartos grandes com camas enormes e muito confortáveis. Café da manhã excelente, com muitas opções de pães e frutas, tapioca feita na hora. Muito bem localizado, em frente a um shopping que tem mercado, academia e restaurantes. Voltaria com certeza!  Elevador bastante demorado. Wifi não funciona bem nos quartos. Meu quarto ficou virado para a avenida, então escutava um pouco de barulho da rua - dava para escutar um senhor que ficava cantando o dia inteiro próximo ao hotel.",9,2024-02-19 14:37:12+00,0
 Todo excelente incluido el desayuno  Nada todo ok,8,2024-02-19 19:07:08+00,0
" Clean, comfortable bed, early checkin possible:-)  Some items missing: paper tissues, shower gel or towels for the 3rd person in our bathroom.
Small one way use bottles, which could be replaced by refillable dispensers (to make it more environment friendly. 
Difficultly in English communication- luckily google helped ;-)

Cleaning of breakfast table could be improved. It could need a quick wet cleaning after collecting dirty dishes to remove all crumps or sticky traces :-(",7,2024-02-20 02:11:09+00,0
Só faltou um ferro de passar roupas e o fornecimento de Barbeador e um ferro e tábua de passar roupas. De resto ótimo local. Em frente ao hotel tem um Shopping Center.,10,2024-02-20 10:34:06+00,1
" Excellent location excellent city, Excellent people.  Nothing to dislike",10,2024-02-20 12:13:25+00,1
" Excelente hotel, todos muito solícitos e simpáticos, acomodações muito confortável.",10,2024-02-20 12:33:05+00,1
酒店位置在市中心区域，是四星级酒店，很干净舒适，吹风机很棒，适合来旅游的居住。,10,2024-02-20 13:53:37+00,1
" Tout s’est très bien passé : belle chambre spacieuse et joliment décorée, lit très grand et confortable, piscine spacieuse et propre, salle de sport bien, très bon buffet de petit déjeuner avec un large choix. L’hôtel est en face d’un centre commercial ce qui est pratique pour manger. A 15 min des chutes brésiliennes en taxi et a 15 min à pied de l’arrêt de bus pour aller aux chutes brésiliennes / argentInes  Un distributeur de savon aurait été appréciable dans la douche",10,2024-02-21 00:21:48+00,1
" 柜枱服務員工效率高，早餐非常豐盛。
酒店對面是大商場，有food court。",9,2024-02-21 00:58:54+00,0
"Esqueci um casaco no hotel. Horas após check-out entrei em contato informando o números do quarto,  enviei fotos e marca do respectivo casaco. Tentei por vários dias informações.  Mas ninguém se responsabiliza ou se dedicou em resolver a situação. Atendimento deixou muito a desejar.",6,2024-02-22 00:00:00+00,0
" Good location 
Close to a supermarket and busstop.  Towels are very old.",7,2024-02-22 04:05:23+00,0
 Well maintained.  N/a,10,2024-02-22 09:49:27+00,1
 La ubicación.,10,2024-02-22 12:19:16+00,1
 Ubicación y costos,8,2024-02-22 16:19:34+00,0
Excelente espaço para eventos,10,2024-02-22 17:57:26+00,1
" Bon accueil. Bonne situation de l'hôtel avec piscine. Ce n'est pas le centre des magasins mais c'est calme, en face d'un supermarché. L'intérêt est de n'être pas trop loin en voiture des chutes de Iguaçu.
La chambre était calme et bien pourvue.
Bon petit déjeuner.  Il doit quand-même y avoir une ou des motos qui ""pétaradent"" la nuit ou qui participent à des rodéos. A vérifier.
Dans l'ensemble la ville est calme et étendue.",9,2024-02-22 18:09:21+00,0
 Me colocaram na primeira noite em um quarto que tinha um barulho infernal,1,2024-02-22 18:22:59+00,0
 Tudo  Nada,10,2024-02-22 20:21:15+00,1
 Very satisfied. The reception staff provided excellent service and patiently answered guests’ questions…,10,2024-02-23 11:38:27+00,1
 Todo y la comida genial  Nada q no me haya gustado,10,2024-02-23 11:58:26+00,1
" Frühstücksbuffet war ok und das Personal an der Rezeption war top  Kellner haben sich beim Frühstück wie beim Nachtessen richtiggehend ""versteckt"" so dass man nicht arbeiten musste.
Chef, welcher die Bestellung beim Nachtessen aufgenommen hat (Restaurant war leer ausser uns), hat diese für eine Person falsch bestellt und behauptet, er habe richtig bestellt. 
An der Bar am Abend, musste man teilw. das Personal suchen und dieses sprach leider nur Portugiesisch. 
Wir haben noch gelacht, als wir bei einem anderen Review über das Hotel gestanden hat, dass der Lift langsam ist. Da an diesen Tagen gerade ein Kongress war und wir im 10. Stock unser Zimmer hatten, war es fast unmöglich ins Zimmer zu kommen, da der Lift wirklich unheimlich langsam ist.",5,2024-02-23 16:55:09+00,0
" Great modern hotel with high tech strategy….we were very very surprised with everything from comfortable rooms, swimming pool, great people around and excellent restaurant …The food was delicious…Thank you  and if we will travel again to Foz Iguaçu we definitely will stay again in this Five stars Hotel  N/A",10,2024-02-23 21:04:01+00,1
Siempre utilizo este hotel por su ubicación y servicios. Tarifa acorde,8,2024-02-24 00:00:00+00,0
"Ótimo atendimento, excelente café da manhã e instalações confortáveis. A localização também é um ponto forte deste hotel.",10,2024-02-24 02:24:29+00,1
" Good location, friendly staff, facilities are nice, bed is super comfortable",10,2024-02-24 03:41:02+00,1
 Tdo perfeito...com certeza irei voltar.,10,2024-02-24 18:38:11+00,1
"Excelente Hotel, com uma localização privilegiada em frente  ao Shopping JL,
Quarto muito espaçoso e confortável, café da manhã muito bom com muitas opções, todos os dias o cardápio tinha variações de alimentos. Tem um restaurante e um café muito charmoso.
Quando voltar a Foz é la que vou me hospedar novamente.",10,2024-02-25 00:00:00+00,1
" Instalaciones modernas, limpias y acogedoras",9,2024-02-25 03:31:55+00,0
" New Hotel, and very nice rooms. Restaurant at location is amazing and staff professional!  All fine",10,2024-02-25 19:42:10+00,1
" El desayuno es variado, las habitaciones son excelentes, tiene buena ubicación casi en centro de Foz y de frente al shopping JL. Excelente todo.",10,2024-02-25 21:40:14+00,1
 Limpo e muito confortável porém quarto um pouco pequeno mas não influencia na nota  Um pouco pequeno o quarto,9,2024-02-25 22:52:35+00,0
Pierre manage a wonderful hotel with an excellent staff,10,2024-02-26 00:00:00+00,1
 Quarto espaçoso  Muita gente,9,2024-02-26 01:12:29+00,0
 COMODIDADE DE LOCOMOÇÃO  RESTAURANTE: COMIDAS CARAS CUSTO BENEFICIO INEXISTENTE,8,2024-02-26 10:49:06+00,0
" No dia que cheguei a noite, me colocaram em um lugar onde não pude dormir toda noite por barulho excessivo de veículos e música de qualidade duvidosa. No dia seguinte reclamei com um funcionário Pierre que não me permitiu falar sequer com o chefe da recepção nem com o gerente geral. Não queria trocar o apartamento por outro. Consegui após muito insistir. Tio bastante mal educado. Consegui falar com o chefe da recepção dois dias depois e pedi gentilmente para ser reembolsado a primeira noite pelo ocorrido e também por ser hóspede frequente. Me falou que ia ver e me retornaria. Não o fez. 
Casualmente o encontrei antes do meu checkout, cobrei uma resposta e disse que havia consultado seus superiores e a resposta era negativa. Na minha avaliação erraram feio com um hóspede que tem histórico no hotel e na Booking.  Descrito acima",1,2024-02-26 11:48:40+00,0
" Good location, close to bus station and mall across the street. Rooms were average, and facilities were not bad. Pool is pretty shaded by the building but ok. Staff was friendly but not lots of smiles.  No free water in the rooms. One of the first times we’ve experienced that at a nice hotel. No coffee maker in the room or robes - I assume these are reserved for their highest price rooms.",5,2024-02-26 14:57:29+00,0
 Tudo,10,2024-02-26 17:24:07+00,1
 Muito bom. Uma boa nlite de sono.  Tudo foi do nosso agrado. Um ótimo hotel urbano.,8,2024-02-27 03:08:18+00,0
"Pros:
- Great room
- Great breakfast selection

Cons:
- Not the best location, however there's a big shopping mall just across the road, which is handy
- The check in and check out were very messy. I did the check online in beforehand to make the process quicker, when I arrived at the hotel, I had to do it all over again. It took over 30 minutes and 5 members of the staff to check me in. At check out, there was a 35 reais charge from the bar, which I didn't consume and the member of the staff couldn't locate. This was refunded.
- The hotel charges 25 reais for a bucket of ice, which is absurd considering what the room rates are.
- When I asked a manager about the ice situation, there was no manager at the hotel, which is unacceptable for any hotel to not have a manager on duty during the nights.",2,2024-02-27 15:22:08+00,0
 Excelente Hotel com boa localização e serviços. Recomendo a hospedagem!,9,2024-02-27 19:41:52+00,0
" Hotel é ótimo, bem novo, instalações muito boas, quarto e banheiro muito novos e limpos. Cordialidade do time é muito boa também. Localização é ótima, tem Shopping em frente, só atravessar a rua. Vale bem a pena, recomendo!  Café da manhã tem bastante opções, no entanto os pães por vezes não pareciam frescos, ovos mexidos um dos dias estava com cheiro forte estranho, tapioca não era muito boa também. Tem oportunidade de melhorar no geral. A piscina é boa, uma instalação legal no entorno, mas eles não mantinham a mesma limpa, bastante sujeira boiando todos os dias.",9,2024-02-27 20:16:26+00,0
" Gostamos muito da equipe, todos são extremamente solicitos!  Não deixam tomar o seu próprio vinho no lobby do hotel ou nesse caso teria que pagar a rolha.",10,2024-02-27 20:29:50+00,1
"O hotel tem excelente localização, o café da manhã é ok e o quarto bastante confortável.  O único ponto negativo foi o atendimento da recepção que, embora sempre educado, é algo robotizado - poderia ser melhorado, se tornando mais humanizado.  Destaco aqui três colaboradores do hotel que foram nota 10, o Rogério, o Felipe e o Oziel, que são exemplos do atendimento humanizado a ser seguido pelos demais colaboradores do hotel. Fora o comportamento mecanizado dos demais colaboradores da recepção, o hotel é nota 10 e deve ser considerado fortemente em Foz do Iguaçu.",8,2024-02-28 00:00:00+00,0
" Hotel excelente. Bem novo e moderno.
Restaurante muito bom.. 
Café top.
Funcionários bem receptivos e muito bem treinados.  Não aplicável",10,2024-02-28 00:44:30+00,1
" Le personnel , le petit déjeuner, la propreté de l’établissement et la localisation  Rien.",10,2024-02-28 01:01:39+00,1
" Very beautiful hotel in the center of Foz do Iguacu, rooms are large and confortable, the breakfast buffet is very rich with lots of choices, beautiful lobby and very nice staff  The accessories and products used in the bathroom are not very good quality and could be better: shampoo, towels, toilet paper…",9,2024-02-28 10:52:20+00,0
" - Great room
- Great breakfast selection  - Not the best location, however there's a big shopping mall just across the road, which is handy
- The check in and check out were very messy. I did the check online in beforehand to make the process quicker, when I arrived at the hotel, I had to do it all over again. It took over 30 minutes and 5 members of the staff to check me in. At check out, there was a 35 reais charge from the bar, which I didn't consume and the member of the staff couldn't locate. This was refunded.
- The hotel charges 25 reais for a bucket of ice, which is absurd considering what the room rates are.
- When I asked a manager about the ice situation, there was no manager at the hotel, which is unacceptable for any hotel to not have a manager on duty during the nights.",2,2024-02-28 14:58:55+00,0
" Excelente hotel, bem planejado, instalações modernas, confortáveis e em frente à um bom shopping.  O café da manhã é muito bom, mas outros serviços da cozinha deixam.à desejar. Falta uma limpeza com peneira na piscina 2 x ao dia.",9,2024-02-28 15:08:40+00,0
 Cama confortável  Ar condicionado e secador meio barulhentos.,7,2024-02-28 17:53:53+00,0
" Hotel increíble. Repetiríamos siempre. 
Muy nuevo, limpio, y fantástico.
La habitación y la cama comodisima, la ducha amplia y relajante. El oscurecedor de la ventana altísima eficacia. Secador de pelo potente. 
Desayuno espectacular, completísimo, delicioso. 
Gimnasio magnífico y piscina encantadora. 
Muy buena atención de l@s trabajador@s.
A 15 min caminando de la estación de autobuses para ir a Cataratas de Iguazú, Argentina y Paraguay. 
Frente a un centro comercial con supermercado. 
Lo recomendamos 100%.  Nada, todo estupendo.",10,2024-02-29 00:19:03+00,1
 Tudo perfeito!  Localização! Café!,10,2024-02-29 01:16:11+00,1
" Propreté, service, taille de la chambre  Un peu excentré ( au bout de Leme), mais bon quartier et bonnes prestations",8,2024-02-29 16:02:31+00,0
" A limpeza  Como brasileira, o pão de sal do café da manhã deixou a desejar. Não era fresquinho.",10,2024-03-01 14:55:09+00,1
Espaço para eventos Top,10,2024-03-02 10:14:53+00,1
Que lugar espetacular voltarei com certeza,10,2024-03-02 20:54:07+00,1
 ubicación y instalaciones  estacionamiento caro y confuso,9,2024-03-03 11:02:56+00,0
 Tudo  Sugiro colocar a opção de um travesseiro mais fino,10,2024-03-03 13:36:29+00,1
" Atendimento, café da manhã , quarto confortável e banho ótimos Parabéns para a Gabrielle, Márcio e Antônio que nos atenderam muito bem  Nada",10,2024-03-03 16:21:17+00,1
" Atendimento do Marcio, Gabrielle e Antônio  Nada",10,2024-03-03 16:23:46+00,1
" Variedade no café da manhã 
Quarto amplo
Excelente localização 
Achei muito legal que a camareira percebeu que os travesseiros estavam muito altos. Aí ela fez questão de deixar travesseiros mais baixos, confortáveis para dormir.  Como estávamos com criança, o acesso e saída com o carrinho do hotel não foi muito confortável. Estar acionando o sistema que o hotel tem cada vez que entrar e sair, é complicado. 
Sentimos falta de uma rampa de acesso.",10,2024-03-03 17:05:44+00,1
" Gostamos de tudo. Hotel cheiroso, boa estrutura, café da manhã farto.  Falta área kids",10,2024-03-03 17:33:25+00,1
 Everything was great! Staff were very friendly and the service was excellent! My child was sick and they prepared special meals for him! We would definitely come back!,10,2024-03-03 18:32:35+00,1
" Excelente atención, un poco lejos del centro, pero al frente está el shopping con buenas tiendas. Buenas instalaciones",10,2024-03-03 21:44:35+00,1
Loved this hotel! Didnt expect to find such quality in Iguazu! Excellent warm service and they even have a gym that was just perfect for a workout after all the sightseeing! Would love to come back,10,2024-03-04 03:44:37+00,1
" Exceptionally clean, although a bit further from the center, uber works just perfectly here - 5 mins and you’re where you want to be. 
Good choice of breakfast options.  Nothing not to like about it",9,2024-03-04 10:57:40+00,0
" Hotel muito bom, com um café da manhã completo com várias opções para quem tem restrição alimentar. 
Staff muito atenciosa. 
Quarto amplo, com cama confortável e chuveiro com bastante volume de água.
Ótima localização.  Sistema do hotel estava offline e não tinham um procedimento alternativo para verificar a disponibilidade de quartos disponíveis/limpos. O check in levou mais de 30 minutos. Problema pontual, mas hotel precisa verificar uma alternativa para o cliente não precisar esperar muito tempo.",9,2024-03-04 11:01:50+00,0
 ok,8,2024-03-04 13:51:00+00,0
" Great breakfast buffet, in front of the shopping mall with a big suprrmarket. 15min away from the falls by taxi/uber.",9,2024-03-04 16:46:36+00,0
" The smell  Too much noise from the outside. Its not a cheap hotel, and the beds are not confortable.",6,2024-03-05 01:50:39+00,0
 Excelente atencion,8,2024-03-05 03:36:46+00,0
"La atención recibida no es acorde al hotel. Llamé a preguntar algo desde la habitación y me dejaron hablando sola sin responder y luego me pasaron con otra persona. Creo que los empleados deberían hablar todos portugués, castellano e inglés porque vi que le hicieron lo mismo a un asiático que les hablaba en inglés pidiendo ayuda y se le quedaron mirando y se hablaban entre ellos para ver qué responderle, les iba a hacer de traductora pero me di cuenta que en un hotel 4 estrellas eso no debería pasar y entonces los dejé resolver... Las habitaciones muy bien, nuevas, limpias. Desayuno muy rico y completo. Sólo no son amables en la recepción. Ni saludan cuando entras y eso que yo saludo. Si el cliente saluda deberían responder y las caras también medio de mal día. La ubicación es excelente, el edificio nuevo y de buen gusto. La próxima vez que vuelva voy a ser un poquito más exigente y haré saber si me siento mal atendida. Me dejaron hacer el check out 1 hora más tarde, eso si me gustó.",8,2024-03-05 04:35:15+00,0
 Limpeza e manutenção  De não ter a rede bandeirantes de tv disponível no apartamento. Existe até um folheto dizendo que este canal 6.1 era disponibilizado mas isso era inverídico conforme a própria recepção me confirmou ao ser questionada da ausência deste canal brasileiro,7,2024-03-05 11:49:24+00,0
 Desayuno ubicación,7,2024-03-05 13:45:07+00,0
 Tout,10,2024-03-06 12:56:07+00,1
"Estive hospedado neste hotel, o serviço é excelente, é bem localizado, café da manhã super bem servido. Ambientes muito limpos, colchão, travesseiros e roupas de banhos de boa qualidade, ducha com boa pressão. Só acho que poderia ter janela no quarto, mesmo que basculante, só pra circular um pouco de ar, apesar de ter ar condicionado e este funcionar muito bem, na minha opinião uma janela cairia bem. Mesmo assim, super recomendo.",10,2024-03-07 18:24:41+00,1
" Atenção na chegada foi excelente, wi-fi excelente, Atenção dos garçons do restaurante.  Ar-condicionado do quarto 718 difícil de manusear, de certo modo fica com muito ruído, depois de muito mexer consegui deixa-lo silencioso, água da piscina estava suja em.certo ponto, aparentemente era de protetor solar ou óleo bronzeador, no banheiro falta uma luz baixa pra quando acordar pela madrugada e precisar ir ao banheiro não ter que acender aquela luz forte, o preço dos chocolates exorbitante, tik tak 14,00 fico sem entender o motivo deste valor, tempo de espera pro elevador alto, o idel seria ter pelo menos mais um, falta garçom pra servir quem está na área da piscina, ou pelo menos ficar a disposição.",9,2024-03-08 12:40:59+00,0
 Excelente café da manhã. Fomos surpreendidos positivamente com cupcake de presente aniversário - o que demonstra o carinho e cuidado com o hóspede.  Não houve.,10,2024-03-08 22:13:54+00,1
"Good hotel, quite, safe, good breakfast, near a shoping center.
One complain - very poor bath tawels.",10,2024-03-09 00:00:00+00,1
" Simplesmente maravilhoso, não tem nada que nos tenha desagradado , estavamos em família e todos amaram a estadia . Hotel cheiroso em todos os seus ambientes , higiene e limpeza impecáveis e o funcionários bem solicitos , educados e bem cordiais. Café da manhã ☕😋 bem variado e tudo fresquinho . Localização ótima , atravessou a rua , você terá o shopping JLcataratas , com supermercado , praça de alimentação , farmácias e tudo mais . Fica a uns 10min do Paraguai e muito próximo ao centro de foz. O serviço de Uber nos atendeu muito prontamente e fizemos vários passeios, na porta também possui um ponto de ônibus para caso precisem utilizar. Voltaremos sem sombra de dúvidas . Dentro do hotel possui o pessoal da loumar turismo com passeios guiados e toda infra estrutura ,  Super recomendo ....  Amamos tudo ❤️😍",10,2024-03-09 23:42:48+00,1
"Um bom custo-benefício. O Wi-Fi deixa a desejar e o quarto onde fiquei, no 402, tinha um ar-condicionado bem barulhento. De resto tudo perfeito, com o café da manhã muito bem diversificado e bem localizado em Foz do Iguaçu.",8,2024-03-10 00:00:00+00,0
" Quarto espaçoso, limpo e confortável.  Travesseiros muito altos e duros mas, quando soube que podia trocar, ofereceram-me um mais confortável.",10,2024-03-10 01:51:38+00,1
" As expectativas com o hotel foram amplamente atendidas. Ver ressalvas abaixo.  Faço apenas duas ressalvas com sugestão para melhorar ainda mais os serviços:
- O café da manhã foi farto e variado, entretanto alguns itens de panificação estavam velhos (nada horroroso, mas não frescos); e
- As toalhas dos quartos eram de qualidade incompatível com o nível do hotel e mereciam ser mais encorpadas e novas.",10,2024-03-10 12:53:14+00,1
"It's we'll located and easy to get to the subway station. With nearby shopping mall, it is also easy to get food , buying grocery and window shopping.",8,2024-03-11 00:00:00+00,0
"Very nice, clean and modern  hotel with an excellent staff",10,2024-03-11 00:00:00+00,1
"Atendimento bom, tiraram várias dúvidas pra gente, quarto sempre bem limpo e café da manhã muito bom também!",10,2024-03-11 09:57:44+00,1
" Estrutura, localização, quartos espaçosos, restaurante (os pratos são deliciosos)",9,2024-03-11 12:20:59+00,0
" o hotel é muito bom, confortável, bem localizado, equipe super atenciosa, muito educados. o garçon que nos atendeu no restaurante a poucos minutos de encerrar foi uma simpatia em pessoa, e nossos pratos chegaram muito rápido. o cafe da manhã é excelente, bem variado. quarto bom, chuveiro quente e farto.  o ar condicionado na recepção congelava! o ar condicionado no nosso quarto fazia barulho. as toalhas de banho deixaram a desejar, podiam ser mais macias.",9,2024-03-11 13:59:53+00,0
" Staff very helpful and friendly 
Pool was very good
Opposite great shopping mall",9,2024-03-11 19:04:02+00,0
" Location is very good, in front of a big shopping mall  Conditioned air makes a lot of noise",8,2024-03-12 01:33:52+00,0
"O JL Hotel By Bourbon é um ótimo hotel. Quartos bem limpos, tudo funcionando, café da manhã excelente, boa localização!! O staff é educado e atento às demandas dos hóspedes!",10,2024-03-12 10:58:01+00,1
" O hotel possui ótima localização de frente para o shopping. O quarto é amplo, a cama extra grande, limpeza todos os dias com arrumação do quarto e o chuveiro possui comandos fora da área de atuação da queda de água o que permite você abrir a água sem se queimar ou tomar uma ducha fria. O café da manhã é variadíssimo, A equipe é muito atenciosa em todos os aspectos: garagem, check in, limpeza, restaurante e piscina. O restaurante é muito bom e os preços são bem razoáveis.  Gostamos de tudo",9,2024-03-12 13:16:19+00,0
" Tudo simplesmente maravilhoso. Bem localizado, na frente do Shopping Center, restaurante com prados finos e preços acessíveis. O café da manhã é muito bom, com grande variedade. Piscina limpa num ótimo local para descanso.  De ter que ir embora do hotel.",10,2024-03-12 20:29:31+00,1
 Hotel muito bom! Só não dou nota 10 porque achei o preço dele meio “salgado” pela estrutura!,9,2024-03-13 01:38:59+00,0
"Comprei minha estadia e passeios pela Decolar, claro que li as avaliações antes e tudo deve ser filtrado.
Minha experiência com meu esposo nesse Hotel foi única, desde a nossa chegada até as acomodações no quarto!
Recepção linda, um cheiro maravilhoso que lembra quando entramos em Shoppings de São Paulo, quarto na medida, limpeza e organização nota 10, café da manhã variado e gostoso!
Superou minhas expectativas!!!
Ah e o melhor em frente ao Shopping JL que é do mesmo Grupo do Hotel, não poderia ser melhor!",10,2024-03-13 07:41:24+00,1
" Conforto, limpeza e dos funcionários atenciosos. 
Café da manhã variado.  Nada a declarar.",9,2024-03-14 01:17:59+00,0
" El hotel es hermoso, muy moderno. 
Llegas y te invade un olor muy rico que lo hace muy personal. Habitaciones muy buenas. Cama gigante y muy buen colchón. Ubicación,  shoping al frente 👌🏼.  La tv podría tener acceso a Netflix u otra plataforma así accedes a tu cuenta, si uno desea.
Pileta... un 7
Y el personal bien,  pero le falta un poco de simpatia...",9,2024-03-14 04:51:54+00,0
 No hubo algo que destacar  Al momento del check in por ser argentinos no recibian dolares tuvimos que buscar cambio caminar afuera fue bastante problema eso,8,2024-03-14 13:28:03+00,0
"Schönes Hotel, freundliches Personal",10,2024-03-15 21:14:33+00,1
" Comfort, space  Lack of toilette paper",9,2024-03-16 22:09:01+00,0
" 호텔의 청결함.친절함.가격.모든 것이
포스 두 이과수 최고의 호텔이라고 생각합니다  전혀 없습니다",10,2024-03-17 00:29:40+00,1
" Atendimento no café da manhã , sempre faltando frutas e outros pratos , era preciso pedir. No último dia  solicitei toalhas de rosto que faltavam no quarto e só depois de uma hora, quando  pedi pela segunda vez é que trouxeram ao quarto.",9,2024-03-17 10:40:52+00,0
" Großes Bett, viel Platz, sehr gutrs Frühstück.  Die Kopfkissen waren zu dick, die Matratzen waren zu hart.",9,2024-03-17 12:48:35+00,0
 Clean and helpful staff. Room was nice with a comfy bed.  Not a great deal to do around the hotel. Pool was dirty and restaurant was average.,8,2024-03-17 14:44:25+00,0
" Check in was very fast and girls who served us was very friendly and politely, because we take early flight she requested at kitchen to make breakfast box for us.  When we did check out we ask for breakfast box but receptionist didn’t not know anything about it said they don’t do breakfast box so leave hotel without breakfast box. I think this is was lack of communication! Can be better next time.",5,2024-03-17 20:41:16+00,0
 Everything and everyone  Nothing,10,2024-03-18 00:15:00+00,1
" Café da manhã, atendimento, localização.  Única coisa que tenho uma leve observação é que achei o colchão um pouco duro. Apenas isso, de resto, tudo perfeito.",10,2024-03-18 00:59:57+00,1
 Tudo  Banheiro com um pouco de cheiro de mofo.,10,2024-03-18 13:56:08+00,1
 El servicio y el desayuno tienen de todo y todo estaba muy rico ☺️,10,2024-03-19 00:57:54+00,1
" Limpeza do hotel 
Café da manhã muito bem preparado
Educação dos funcionários  Me deixaram em um quarto para cadeirante 
Sei que isso não é nada de mais, mas tenho um pouco de receio com estas coisas.",10,2024-03-19 15:05:30+00,1
" Excelente atendimento, ótimo quarto, tudo novo e funcionando.  O buffet da quarta-feira estava com tudo ótimo,  exceto a carne e o frango, muito duros e o frango cru.

Ressalte-se que o café da manhã é excelente.",10,2024-03-19 19:24:07+00,1
Nice place in the central part of foz iguazu. Has a small mall across the street.,10,2024-03-19 20:31:21+00,1
 Cama,10,2024-03-20 02:12:21+00,1
"Estadia mais uma vez decepcionante. Cheguei no hotel após horário de check in e quarto não estava pronto. Sai para almoçar e retornei, e para minha surpresa, minha reserva tinha sido dada como check in e check out no mesmo dia, num claro erro da recepção do hotel. Após mais de 30 minutos e eu perder reuniões de trabalho, falo com gerente e sou liberado para quarto. A recepção do hotel segue lenta e sem qualquer melhoria. Última vez que fico a trabalho, não indico e também não deverá estar na plataforma da empresa.",2,2024-03-21 00:00:00+00,0
This was a beautiful hotel that was centrally located in the city. And there was a convenient mall with restaurants and a food court across the street if you did not want to travel far.  Also there is a grocery for other needed items.,10,2024-03-21 00:00:00+00,1
 Las instalaciones y el desayuno  La atención del personal de la recepción. Solicite un adaptador para cargar el teléfono celular y un computador para realizar el checkin de mi vuelo y me informaron que fuera al shopping del frente. El hotel no cuenta en las habitaciones con servicio de plancha sino que tienes que pagar el servicio de planchado,8,2024-03-21 00:05:23+00,0
" Localização  Alguns produtos vencidos no café da manhã , iogurtes e memso tenho sido avisados comunicou com o mesmo problema no outro dia. Falta opções zero açúcar no café da manhã assim como opções zero lactose .",8,2024-03-21 13:49:56+00,0
 Gostei de tudo  Do travesseiro muito alto.,10,2024-03-21 14:16:11+00,1
"Grata surpresa, hotel muito bom. Parabéns",10,2024-03-21 21:05:44+00,1
" Limpeza, manobristas, restaurante e alimentação muito gosto e prestativos.  O pessoal que atende as pessoas no check in não são calorosos, sempre sisudos, fui pedir um late check out, quiseram me cobrar meia diária, ora algumas pessoas sabem a diferença!!! E o estacionamento pago que ao fazer uma reserva de 5 dias deveria ser cortesia.",8,2024-03-22 12:05:49+00,0
" Wir waren nur einen Tag im Hotel, aber ein late check out bis 13:00 war ohne extra Kosten möglich. Sehr gute Lage in der Stadt, ein shopping center ist direkt gegenüber. Cocktails am Pool waren lecker.",9,2024-03-22 12:12:05+00,0
" Faptul că ne-au dat acces la micul dejun la ora 3 dimineața, înainte de a pleca la aeroport. 
Poziția hotelului este bună, fiind peste drum de un mall, unde poți mânca și-ți poți lua o cartelă cu internet.",9,2024-03-22 13:01:57+00,0
Muy lindo lugar,10,2024-03-23 00:00:00+00,1
 Muito bom com várias opções de pães bolos e frutas  etc.  Gostei de tudo,10,2024-03-23 15:34:44+00,1
" Da localização e conforto do quarto  As toalhas de banho poderiam ser melhores, são muito finas! A comida do restaurante é boa, mas no último dia pedimos um sanduíche natural no restaurante e veio muita maionese e pouco frango.",9,2024-03-24 01:49:15+00,0
" A estrutura do hotel é maravilhosa!!! O lobby do hotel tem um cheiro incrível !!! O café da manhã é muito bom!! Com muitas variedades. Também gostei da localização. Em frente do hotel tem um shopping, então você consegue encontrar tudo que precisa sem sair do local. Fica uns 20 a 30 min das principais atrações.  Gostei de tudo!",9,2024-03-25 11:32:29+00,0
 Tudo perfietio,10,2024-03-25 13:48:05+00,1
" Localização ótima. Café da manhã de boa qualidade, mas poderia ser mais variado.  Área de piscina não atendida pelo serviços de restaurante.",8,2024-03-25 14:23:18+00,0
" Quarto sensacional, cama king size, roupa de cama e banho nova e limpa, o quarto atendendeu plenamente. O café da manhã é maravilhoso, só elogios. Simpatia dos funcionários também foi excelente.  Dar opção ao hospede de entrar e sair com o veículo particular da garagem, ao invés de sempre entregar o veículo para o valet, ou esperar ele trazer o veículo da garagem para sairmos.",10,2024-03-25 17:57:17+00,1
" El desayuno es muy bien servido
Tiene opciones de la cocina local  Un poco de falta de mantenimiento en las habitaciones",10,2024-03-25 23:08:42+00,1
" Localização, conforto instalações  Não tinha ovos no café da manhã!!",8,2024-03-26 02:24:52+00,0
" En la cabecera de la cama tenía una luz .
Era rectangular y filosa,a la altura de los brazos.
De hecho, me golpeé y me hice una herida bastante profunda.
Recomiendo vean este problema.",8,2024-03-26 21:42:25+00,0
"Bom hotel, em frente a um bom shopping, no centro da cidade. Limpeza e quartos excelentes. Voltaria a me hospedar tranquilamente",8,2024-03-27 00:00:00+00,0
" Bom  café da manhã com muita variedade. Hotel com excelente localização na frente do Shopping JL, região central de Foz do Iguaçu, fácil acesso ao aeroporto e todas as atrações da cidade. Vista dos andares superiores tendo magnífico por do sol se voltados para o face oeste.  Atendimento pelos staff já foi melhor nas vezes anteriores que havia ficado neste no hotel (o atendimento só erq diferencial para estrangeiros que eram muito bem tratados). Na recepção vc parecer ser apenas mais um hóspede qualquer e no cafe da manhão ao solicitar qualquer seviço para algum garçon o mesmo tinha uma má vontade para lhe atender (tipo solicitar que limpasse a mesa que outro hóspede havia liberado)",8,2024-03-27 15:46:53+00,0
" Localização excelente, café da manhã maravilhoso! Academia está ótima!",9,2024-03-27 15:48:29+00,0
 El desayuno y la pileta  La falta d aire en en el ascensor y pasillos,8,2024-03-27 19:35:10+00,0
 Acogedora y moderna,10,2024-03-28 00:29:21+00,1
" La
Comida la decoraciom la ubicacion  La limpieza en baños y en la habitaciom",8,2024-03-28 02:19:23+00,0
Check in took a little bit of time because the system was done but our room was great and very clean. Service was excellent and breakfast was better than most for a really good price.,10,2024-03-28 22:30:44+00,1
" O café da manhã excelente, tudo da melhor qualidade e muita variedade.
A localização do hotel excelente com facilidade para o transporte.
Todo atendimento, desde a recepção foi de primeira qualidade, 
Tudo de muito bom gosto. fiquei muito satisfeita com tudo.  Não tenho nenhuma observação a fazer.
Gostei de tudo.",10,2024-03-28 23:53:33+00,1
"Um hotel bom, porém o café pode melhorar um pouquinho.",8,2024-03-29 00:00:00+00,0
"Great hotel in Foz do Iguaçu downtown, near to Shopping, restaurants and tours activities. With good breakfast, spacious room with sunset awesome view when if stay in high floor l. Hotel with good pool, gym. I like to stay here, and probably I will be back",8,2024-03-29 00:00:00+00,0
 Lovely modern hotel - good breakfast choice / nice poor area  Gym could be better with more equipment,9,2024-03-29 11:20:37+00,0
" Good location for city, shopping mall.
Nice breakfast.
Friendly!  Quite some distance to Airport and Iguazu falls.
Noisy at the night - next to main street.",9,2024-03-30 13:18:27+00,0
" Tudo muito bom, serviço de quarto, café da manhã e restaurante  Cobrança da garagem!",10,2024-03-30 20:38:28+00,1
 Great hotel & well priced  N/A,9,2024-03-31 01:00:12+00,0
 Todo perfecto  Nada,10,2024-03-31 17:46:40+00,1
" El desayuno muy completo, la ubicación frente al shopping es muy cómoda, el bar y el lobby muy agradables  Las almohadas eran muy grandes para mi gusto",10,2024-03-31 21:55:36+00,1
"Pontos positivos: o hotel tem boa localização ,no centro da cidade,em frente ao Shopping Center.Quartos de bom tamanho e confortáveis .Cafe da manhã com boa variedade de produtos 
Pontos negativos:poderiam deixar ao menos uma garrafa de água como cortesia,a exemplo dos hotéis desse padrão .A falta de ar condicionado nos corredores dos quartos e elevadores gera muito desconforto. Pessoal de recepção também deveria ter mais orientação no quesito cordialidade e hospitalidade .Achei o atendimento indiferente e frio até .",8,2024-04-01 00:00:00+00,0
 Limpeza e organização,10,2024-04-01 09:59:15+00,1
 La ducha es moderna  El hotel no tiene insonorización! Se escucha todo afuera! El desayuno es de mala calidad. Cantidad pero no calidad.,6,2024-04-01 11:14:51+00,0
" Ubicación y el personal muy atento. Gracias  Las toallas muy viejas, y, la ubicación de las mesas del salón de desayuno, imposible llegar al bufé",9,2024-04-01 12:50:12+00,0
" A internet por muitas vezes não carregava os vídeos, acabei utilizando o plano de dados do meu celular para poder navegar na internet sem travamento.",9,2024-04-01 14:11:31+00,0
 Ubicación  Faltaba cubre-conchon,9,2024-04-01 15:53:42+00,0
 desayuno increíble y super variado!,10,2024-04-01 15:58:16+00,1
" Localização, café da manhã, cordialidade da equipe, cama grande e confortável, chuveiro muito bom  Apenas a qualidade das toalhas poderia ser um pouco melhor. Achei que estavam gastas...",9,2024-04-01 17:05:18+00,0
" Muy buen desayuno, variado y de calidad. Buena predisposición del personal  La habitacion no estaba preparada para una pareja (entregaron una con tres  camas individuales, a pesar de requerirlo en la reserva), hubo que reclamar que la acondicionen. No aceptan dolares para el pago, tampoco cambian en la recepción. Solo reciben moneda local o tarjetas, no nos lo informaron al momento de confirmar la reserva",8,2024-04-01 21:01:52+00,0
"O Quarto é excelente, a cama e ducha são perfeitos",10,2024-04-02 00:00:00+00,1
Un gran lugar céntrico para disfrutar de foz de Iguazú,10,2024-04-02 00:00:00+00,1
 Tudo muito bom! Localização bem central e em frente a um shopping.  Excelente café da manhã.  Quarto ótimo com cama confortável. Funcionários atenciosos.,10,2024-04-02 00:10:16+00,1
 Все было хорошо. В апреле еще приеду на три дня,10,2024-04-02 00:47:30+00,1
" Great location
Rooms were clean and cool
Recent refurbishment of common areas  Extras a bit pricey for Brazil
No air con on the floor landings or elevators
Only 2 elevators for a large hotel that at peak times meant a long wait needed at least 3 if not 4",10,2024-04-02 01:49:59+00,1
 Atendimento  Higiene e limpeza podem melhorar,8,2024-04-02 02:18:59+00,0
 Localização,9,2024-04-02 10:39:27+00,0
" Clean and modern  Street noise, breakfast",7,2024-04-02 12:07:24+00,0
 Todo Excelente,10,2024-04-02 14:24:38+00,1
 Great having a shopping mall across the road. Excellent breakfast  Not as originally advertised online. No coffee and tea facilities or robe and slippers. Info needs to be updated,7,2024-04-03 00:10:29+00,0
" Me gustó mucho el desayuno, muy variado. Las habitaciones limpias y en buenas condiciones, pero un poco reducidas en mi caso nos quedamos en una habitación triple, y me imagine que sería más grande.  El gimnasio no está muy bien implementado, sin toallas o agua cerca.",7,2024-04-03 13:37:50+00,0
 Great location opposite the shopping mall. Evening meals in the restaurant were very good  Staff on the front desk could have been more knowledgeable- we asked how much a taxi to the airport and they didn’t know,8,2024-04-03 19:46:11+00,0
" Localização ,chuveiro excelente  Ducha do banheiro mal posicionada",8,2024-04-05 00:14:28+00,0
 Hotel calidad-precio perfecto. Instalaciones nuevas y limpias. En el restaurante se come muybien y por un precio muy asequible.,10,2024-04-05 10:19:28+00,1
 chuveiro e café da manhã excelentes,10,2024-04-05 14:03:22+00,1
" Nicely located modern hotel with easy access (via Uber) to airport, Itaipu dam and the Cataratas (falls).
Decent and large choice of breakfast items, including fresh fruit. 
Helpful travel bureau in hotel lobby.
They checked us in early - 12ish....thank you.  Although we asked for one large bed, we ended up with two single beds. Not sure if this was a genuine mistake or a comment on a married gay couple wanting to share a bed!",8,2024-04-05 14:35:00+00,0
" La ubicación  El gym con escaso equipamiento.
Las camas.
No había adaptador USB.",8,2024-04-06 12:51:01+00,0
"Bom, a cama muito grande porem desconfortável",6,2024-04-07 00:00:00+00,0
very good to stay,10,2024-04-07 00:00:00+00,1
" Gute Lage, schöner Poolbereich, super Frühstück.",10,2024-04-07 00:01:38+00,1
 Da limpeza  Achei que poderia ser um pouco mais econômico  a diária.,10,2024-04-07 01:00:25+00,1
 La propreté de tout l'établissement. Le buffet du petit déjeuner est très varié et de très bonne qualité. La literie impeccable.,9,2024-04-07 21:43:14+00,0
"Sem defeitos! Hotel cheiroso, novo, café da manhã excelente, quarto lindo, cama enorme e muuuuito boa, banheiro ótimo tb, com chuveiro excelente. Amamos!",10,2024-04-08 00:00:00+00,1
"Lo malo: Mal insonorizado y pesimo desayuno. Piscina sucia.  El café era muy feo. 

Lo bueno: El restaurante estuvo rico. Frente a centro comercial y buena ubicación.

El servicio en general del personal del hotel fue bueno y un milagro porque en general el servicio de los hoteles en Brasil es malo. No tienen la cultura de hospitalidad.",2,2024-04-08 00:00:00+00,0
 Café da manhã muito bom! Limpeza muito bom,9,2024-04-08 01:18:32+00,0
Great hotel. Very modern and clean. Excellent breakfast and great help desk service.,10,2024-04-09 00:00:00+00,1
" Equipe do Hotel super atenciosa, Camas do quarto muito confortáveis, excelente café da manhã, piscina muito boa, bons drinks no bar do Hotel, enfim Hotel excelente !!!",10,2024-04-10 16:14:28+00,1
 gostei muito  localização e custo beneficio,9,2024-04-10 19:27:44+00,0
"Ótima localização, hotel com excelentes acomodações, limpeza impecável, atendimento equipes de frente muito boa, porém os preços praticados nos produtos de Bar considero bastante fora da realidade, muito elevado. Café da manhã com bastante variedades.",8,2024-04-11 00:00:00+00,0
" El personal , muy amable y atento el desayuno muy rico  y los cuartos impecables totslmente recomendable para hospedarse en Foz  de Iguazu  Todo me gusto",10,2024-04-11 10:01:50+00,1
"Muito boa.
Localização ótima",8,2024-04-12 00:00:00+00,0
" Gostamos da acomodação em geral, localização, limpeza, café da manhã, do atendimento do funcionário  Não tenho nada a comentar",10,2024-04-12 12:35:49+00,1
" Hotel bonito e bem localizado. O quarto é muito confortável, chuveiro ótimo, cama e travesseiro bons, ótima limpeza. O isolamento acústico é ótimo, mal se ouve o barulho da rua. Café da manhã muito bom também. Com certeza voltaria a me hospedar neste hotel!  Atenção para toalhas e roupa de cama surradas e com furos, não condiz com o padrão do hotel.",10,2024-04-12 21:06:32+00,1
" Truly surprised by the amazing value for money. Bed was enormous, room very comfortable and clean. Pool area was lovely too, as was the lobby and breakfast. Lovely shopping mall across the road too.  Very little. It could* have been somewhat easier to get a drink - bar wasn’t attended and it wasn’t so easy to go into the restaurant and ask for one. Particularly our on the pool.",10,2024-04-12 23:49:52+00,1
 Todo cerca  Precio alto,10,2024-04-14 17:57:25+00,1
"Já tinha me hospedado no hotel anteriormente, tudo perfeito com a comodidade de ser frente para o shopping e localização ótima. Destaque para camareira de nome Maria e a recepcionista Maria, gentil, competente e providenciou tudo com rapidez no checki-in . Toda a equipe do hotel de parabéns.",10,2024-04-15 00:00:00+00,1
" Ótima localização
Equipe incompetente mas que tenta ser legal e prestativa
Ótimo preço (quando o hotel não dá dor de cabeça)
Otima piscina
Dá pra pedir pros funcionários encher garrafa de água na cozinha (mas podia ter um bebedouro ou filtro)  Wi-Fi péssimo, horrível, horrível. 5mbps. Muito ruim. G1 demora segundos pra abrir. Parece Internet discada.

Hotel não está preparado pra lidar com estrangeiro no mesmo quarto de brasileiro. Muita dor de cabeça desnecessária.

Ar condicionado desliga no 17ºC, só funciona a partir de 19ºC.

Cama tem muito bounce (muita mola, pula muito) e travesseiro é extremamente alto. Desconfortável dormir.

Janela não tem tela, caso você queira abrir.

Corredores super abafados e quentes.

Hotel tentou ser legal e corrigir os problemas, inclusive ""colocaram um brinde na minha cama"", exceto o brinde nunca existiu. Tentaram melhorar a Internet, mas não mudou nada. Me deram uma refeição de brinde, mas nessa altura eu já queria distância.

Hotel foi tão bom que eu preferi perder uma diária e ir passar o dia no Wish, onde tive zero stress e a internet estava perfeita.",1,2024-04-15 02:06:05+00,0
" Quarto grande.   Chuveiro bom.  Restaurante.  Café ruim; frutas verdes, pães velhos ou de pessima qualidade.  Atendimento quase inexistente  Restaurante para jantar péssimo, cardápio feio, fotos dos pratos mais parecia uma gororoba.",4,2024-04-15 09:47:54+00,0
"Estive hospedado no hotel por 5 dias, foi uma estadia muito tranquila e confortável.
Os colaboradores são excelentes, um profissionalismo e cordialidade fora do comum.
As instalações são ótimas, bem dispostas, novas, itens de qualidade.
O café da manhã também não deixou a desejar, o buffet estava sempre abastecido, e os alimentos bem preparados. A localização do hotel é muito boa, de fácil acesso e próxima de vários locais interessantes, inclusive está em frente a um shopping center.",10,2024-04-16 00:00:00+00,1
"Foi tudo ótimo. Quarto amplo e confortável. Café da manhã muito bom.
Atendimento excelente",10,2024-04-16 00:00:00+00,1
"Muito bom hotel. Funcionários educados e prestativos.
Café da manhã bem servido.
Ótima localização.
Limpeza e manutenção muito boa.
Comida saborosa e bem servida no restaurante.
Superou minhas expectativas em tudo.
Limpeza e manutenção ok",10,2024-04-16 00:00:00+00,1
"A cama é grande e muito confortavel, o cafe da manha é maravilhoso, os funcionarios são muito gentis e atenciosos. O hotel é bem limpo e cheiroso, a area de lazer bem aconchegante, e o check in e check out foram bem rapidos, sem nenhum contratempo",10,2024-04-16 00:00:00+00,1
 Limpeza e decoração,10,2024-04-17 12:39:45+00,1
"Todo muy bien, desayuno muy completo,  la habitación muy cómoda, algunos ruidos a la noche, pero no me despertaron y perdí una excursion",6,2024-04-18 00:00:00+00,0
"Foi tudo ótimo! Gostamos do espaço do quarto, ótimo café da manhã, funcionários simpáticos e atenciosos. O shopping em frente facilita bastante. Tem transporte coletivo na porta do hotel. Gostamos bastante!
Pena que não fomos na piscina, não dá pra avaliar, mas o espaço é simpático.",10,2024-04-18 00:00:00+00,1
" Hotel muito bom, localização excelente, funcionários maravilhosos e educados, quarto limpo e confortável, cama boa e grande, tudo muito novo, manobrista, shopping em frente, tem uma funcionária de uma agência de turismo na recepção do hotel, o que facilita o turista a comprar os passeios com muita comodidade.  A única coisa que deixou a desejar foi o café da manhã que embora seja muito bom e farto,  pelo porte do hotel poderia ter mais opções, quase todos os dias as mesma opções para o café, fruta sempre as mesmas, então quem se hospeda por muitos dias sente essa necessidade.",9,2024-04-18 02:41:38+00,0
Nous n'avons réellement pas aimé qu'on nous charge pour un breakfast box car notre avion partait tôt alors que le déjeuner était inclus.,8,2024-04-19 00:00:00+00,0
" O café da manhã e bem variável, oferecendo produtos de qualidade, o quarto e amplo e a localização é excelente  de pagar 28,00 de diaria no estacionamento",9,2024-04-19 17:10:59+00,0
"Really disapointed from the assistance we got from the reception: leaving our luggage for a day even though we were returning to stay there for another two nights - a huge discussion, changing a R$50 bill to smaller bills for the taxi and to tip their own staff - not possible, recommendations for dinner - no suggestions. Those are a few instances, but especially the moodiness of the staff at the receptions is very annoying. Not sure if I would stay here again.",4,2024-04-20 00:45:55+00,0
" Funcionário Júnior nos atendeu de forma exímia! Extremamente solicito ! 

Quarto limpos 
Boa localização 
Em frente Shopping  Recepcionista Shirley nada cordial, não tem empatia para trabalhar com público 

Café da manhã começa às 6 hs porém não está tudo liberado . Não tem omelete , tapioca . Seria ideal tudo estar funcionando.

Restaurante 4.8 de pontuação porém pedimos um prato simples com bife precisou ser trocado 3 vezes pois o ponto carne sempre vinha passado . Desistimos e comemos assim mesmo .

Na piscina não tem nenhum para atender , tem que ir atrás do garçom para fazer pedido . Não tem nenhuma atração . 

Caipirinha veio com muito gelo , aliás só gelo . Não
Recomendo.",8,2024-04-20 10:39:28+00,0
Много чист и супер уютен хотел,10,2024-04-20 11:38:53+00,1
Muita má vontade de vários colaboradores (da recepção) em auxiliar os hóspedes,2,2024-04-20 11:43:13+00,0
"Très bon hôtel moderne et bien situé à foz do Iguaco. Les chambres sont spacieuses avec un très grand lit et une belle salle de bain, coffre dans la chambre assez grand pour mettre le PC portable. On était au 8 éme étage et vue sur le coucher de soleil. Bon petit déjeuner, service voiturier pour 28 réais . Bref une bonne adresse. Pour vous déplacer au chutes de Iguacu prenez un Uber: 3 fois moins cher qu’un taxi",10,2024-04-20 14:22:38+00,1
"새벽에 호텔앞 도로에서 굉음을 내면서 달려서 깊은잠을 자지 못함, 비이상적인 오토바이는 경찰에 신고후 재발방지 필요 합니다",8,2024-04-21 00:00:00+00,0
" CAFÉ DA MANHÃ MUITO BOM,LOCALIZAÇÃO EM FRENTE AO SHOPPING PERFEITO.  PEDI UM LANCHE QUE DEMOROU MAIS DE 1 HORA PARA SER FEITO.A PARTIR DAI FIZ MINHAS REFEIÇÕES EM OUTROS LOCAIS.",9,2024-04-22 01:00:16+00,0
" Good hotel for a short stay. Clean room. Comfortable bed. It is close to the shopping mall.  The breakfast was disappointing. There were a lot of food, but it was very very average. 
The staff should be more responsive. We wanted to get the information about taxis in order to get to the airport, but the reception redirected us to the some kind of travel agency situated in the lobby. Finally when we got the information about the transportation, we were ensured that when we check-out (we informed that it will by at 4 am) it happend that it was impossible to order a taxi. Lucky the uber was working.",8,2024-04-22 01:19:08+00,0
 Sim a localização era muito boa  Os pães não eram gostosos faltou multi grãos  o pão de queijo precisa melhorar,10,2024-04-23 00:00:52+00,1
"Excelente hospedagem e qualidade do hotel e restaurante, funcionários extremamente competentes e educados, recomendo para todos.",10,2024-04-24 00:00:00+00,1
"Hotel super limpo e confortável, chuveiro maravilhoso, equipe super cordial e um mega café da manhã, com grande variedade de pães, doce, salgado, bolos, frutas, tortas, esfiha, sopa, e uma pessoa fazendo tapioca recheada fresca.
Com certeza foi meu hotel favorito de foz.",10,2024-04-24 00:00:00+00,1
Excelente localizacao... funcionarios super eduacados e prestativos ... hotel novo e super limpo... tudo muito maravilhoso.... cafe da manhã com muita variedade ....,10,2024-04-24 00:00:00+00,1
" Do ambiente, atendimento, café da manhã, piscina, localização.",10,2024-04-24 10:17:25+00,1
 Sem carpete nos quartos e limpo  As chaves eletrônicas as vezes não funcionavam,8,2024-04-26 08:59:28+00,0
 De  pagar  a  estadia  no  check in,10,2024-04-26 14:34:02+00,1
" Alles super. Sehr nettes Personal. Touranbieter direkt in der Lobby. Einkaufszentrum gegenüber. Tolle, große Zimmer und gutes Restaurant mit sehr reichhaltigem Frühstück. Wirklich sehr zu empfehlen!  Nichts",10,2024-04-27 12:18:30+00,1
"A grande maioria dos serviços e instalações  boas. Triste são os corredores muito quentes, acredito que não possua Ar condicionado. Existe uma "" muvuca"" zoada no ar devido ao fluxo grande de turistas e eventos no 1º andar. Atendimento não é mais o forte que tinham no passado. O meu quarto o ar condicionado estava com as aletas quebradas e foi péssimo com o ar direcionado p cama.",6,2024-04-27 19:07:11+00,0
 Bien ubicado  Lo que promocionan no es cierto. Ponen fotos del otro hotel Borboun y uno se tienta. Precio muy alto para lo que es.,3,2024-04-28 13:39:23+00,0
" Atendimento rápido e muito bom!
Café da manhã farto e atende as expectativas!
Corredores silenciosos, o que traz um bom sono.
Acredito ser um bom local, bem em frente ao shopping!  Muito turista, então a educação fica a cargo daqueles que tombamos durante o dia!
É perceptível que quem se hospeda são turistas.",9,2024-04-29 13:33:57+00,0
" Estive hospedado entre 16 e 23/04/2024. O hotel é novo. A recepção e os demais funcionários são atenciosos e prestativos. O quarto que fiquei no 10º andar era excepcional, com uma cama king de mais de 2 metros de largura, ótimo espaço para arrumar as roupas e acomodação das malas, ótimo ar condicionado, mesa de trabalho, cofre, TV com boas opções de canais a cabo, excepcional iluminação controlável das cabeceiras da cama e blackout da janela muito bom. Banheiro ótimo, com excelentes bancada e chuveiro. O hotel possui 2 grandes e velozes elevadores panorâmicos, que fazem a diferença. O café da manhã é muito bom. Funcionário me informou que a piscina é aquecida, mas não cheguei a utilizar. A localização é excelente, em frente ao Shopping JL-Cataratas. Há um ponto de atendimento da Loumar Turismo dentro do hotel, que foi de grande utilidade.  Agora ficou difícil. Sinceramente, não temos nada a reclamar.",10,2024-04-29 18:25:59+00,1
" Localização ótima, bom café da manhã e boa limpeza.  Conservação do banheiro.",7,2024-04-29 22:07:17+00,0
 TODO  ME GUSTO TODO,10,2024-04-30 00:59:16+00,1
" excelente todo, muy buena atencion limpieza comodidas, buena cama",9,2024-04-30 16:53:22+00,0
 Todo estuvo lindo muy cómodo cerca del centro comercial  Todo me gustó,9,2024-05-01 00:41:43+00,0
 TODO  ME GUSTO TODO,10,2024-05-02 12:42:11+00,1
" Das Hotel war insgesamt sehr gut. Super Lage direkt gegenüber einer Mall, gutes Frühstück schöne Poolanlage und das Zimmer war top und hatte ein großes Bett. Gutes Preis-Leistungsverhältnis.  Das Personal am Frühstücksbüffet und Pool war nicht sehr freundlich.",9,2024-05-02 15:25:27+00,0
" Todo. El personal súper atento y educado, las instalaciones súper limpias y como nuevas. El desayuno un 10. Pedimos comida en el restaurante y riquísimo. Una estancia perfecta.  Que me hubiese gustado estar más tiempo.",10,2024-05-03 19:43:06+00,1
 Всичко беше много хубаво  Нищо,10,2024-05-04 15:59:23+00,1
 Excelentes instalações. Excelente café da manhã.  É um pouco caro.,10,2024-05-05 11:34:42+00,1
 Limpeza  Amenities,9,2024-05-06 00:34:21+00,0
" Super nice staff! They allowed us to do early check in.
The Breakfast was amazing.
Super central location (right next to a shopping mall with nice stores and restaurants).",9,2024-05-06 00:47:33+00,0
" Localização excelente.  Travesseiros muito altos, duros e desconfortáveis. Dormi muito mal.",7,2024-05-06 01:23:45+00,0
 Tudo desde o Check-in até o check-out.  Não teve,10,2024-05-06 12:53:18+00,1
 Tudo  Bom,10,2024-05-06 13:48:56+00,1
" Tudo excelente, desde a localização, ao quarto, café da manhã, e chuveiro.  O hotel estava bem cheio e só haviam dois elevadores. Era bem demorado conseguir subir e descer.",9,2024-05-06 14:33:39+00,0
"Great hosts all you need and more, love the infraestructure and the employees , just perfect, the localization across the street from the mall is perfect",10,2024-05-07 00:00:00+00,1
Perfeita,10,2024-05-07 00:00:00+00,1
" É um hotel muito bem cuidado com áreas bem limpas e conservadas.
Os quartos muito bem arrumados e limpos.
Todos os ambientes livres de cheiros ruins. Isso é importante.  A falta de edredom foi a única sentida mas não afetou a satisfação da estadia.",9,2024-05-07 02:07:40+00,0
" Garagem. Café da manhã, localização e com funcionários capacitados em cada função.  Tudo perfeito.",10,2024-05-07 11:59:13+00,1
" café da manhã muito bom, limpeza dos quartos impecável. Atendimento da recepção maravilhoso e ágil. Chuveiro bom, camas confortáveis, no geral, tudo muito bom! Espaço compartilhado para trabalhar também é excelente.  Academia poderia ser mais equipada e café da manhã com mais opções para intolerantes à lactose (como queijo sem lactose, leite sem lactose etc)",10,2024-05-07 14:54:28+00,1
" Atendimento Geral  Café da manhã, muitos pratos frios",10,2024-05-07 22:41:17+00,1
" Quarto amplo. Cama confortável. Chuveiro muito bom. Excelente localização. Em frente ao Shopping.  O café da manhã poderia ser melhor. Não havia nem um Tipo de pão  para pessoas com intolerância a glúten ou qq sinalização nesse sentido. As comidas se repetiam
Diariamente. Somente havia queijo
Mussarela e ricota apenas. Nenhuma outra opção de queijo. 

A academia do hotel  poderia ter um bebedouro para quem frequentasse.",8,2024-05-07 23:10:09+00,0
"Excelente atención, estacionamiento se paga aparte, las habitaciones a pesar de ser insonorizadas desde el 4to piso se escuchaba bastante los ruidos de la calle ya que está sobre una avenida muy transitada y a una cuadra corta de otra.
El personal súper cordial y atento, en la recepción después del desayuno hay café caliente y agua fría saborizada que es un detalle que realmente aprecié sobretodo cuando volvés de la calle o venís de ejercitarte.
Linda piscina y ambientación con plantas reposeras y muebles de mesas y sillas para tomar algo, con ducha para limpiarse antes de entrar / salir de la piscina climatizada .
Cuenta con un muy pequeño gimnasio que a pesar que el cartel decía máximo 27 personas a duras penas 6 podíamos ejercitarnos ni hablar si usas colchoneta, aparatologia moderna y buena y contaba al igual que la piscina con toallas y para desinfectar los implementos, todo muy cuidado.
El desayuno impecable con varias opciones de frutas yogures deslactosados sin tacc para los intolerantes, muy ricos fiambres, cereales, facturas y había un chef para los más gourmet si deseaban algo especial.  Muy conforme en general salvo por los ruidos nocturnos de la calle y a pesar que en la foto figura una pava eléctrica en la habitación sólo lo brindan en las de mayor categoría no Intermedia menos en las comunes.
Hay un shopping enfrente con tiendas, súper lojas americanas y patio de comida.
Gracias a todos el personal por hacer muy agradable la estadía y por su gentileza y limpieza y cabe destacar el buen gusto en cada detalle de la decoración de las habitaciones y los ambientes de uso común en general.
Por favor pongan canales que se pueda modificar el idioma del portugués a cualquier otro",10,2024-05-07 23:18:52+00,1
"Limpeza muito boa, tamanho do quarto bom também, café bem servido, boa variedade de frutas, pães e sucos. Restaurante pequeno e com poucas opções de pratos, mas muito agradável e pessoal cordial. Academia muito pequena, 05 pessoas no máximo. Recepção excelente e hotel bem localizado, próximo de quase tudo, inclusive em frente um shopping!",8,2024-05-08 00:00:00+00,0
 Location opposite a mall  Bed wasn’t great. En suite small. Toiletries cheap.,7,2024-05-08 01:38:55+00,0
" excelente hotel, café da manha, atendimento  nada. tudo perfeito",10,2024-05-08 14:52:55+00,1
 excelente  acessibilidade,9,2024-05-08 22:04:29+00,0
"Hotel com ótima localização, serviço e limpeza.
As toalhas deixam um pouco a desejar, sempre limpas, mas percebesse que já tem bastante tempo de uso.
O Café da manhã é bem farto e completo, mas o sabor é nota 08, falta aquele tempero final que te faz ter saudades do café da manhã especial! A ilha de tapioca é sempre aberta após às 8horas e como os passeios sempre antes das 7:30 não conseguimos provar nenhum dia! 
Não temos sol na piscina no período da tarde, por isso não conseguimos aproveita-la!",8,2024-05-09 00:00:00+00,0
"Gostamos da estrutura do hotel e a manutenção  , localização em frente ao shopping ,atendimentos dos funcionários , café da manha 

Ponto negativo - QUALIDADE DAS TOALHAS MUITO PEQUENAS E DURAS  E COLCHAO DURO NAO CONDIZ COM O PADRAO DO HOTEL ESSES ITENS",8,2024-05-09 00:00:00+00,0
"Hotel muito bem localizado no centro de Foz do Iguaçú ao lado de um bom shopping e perto do centro.
Atendimento de todos os funcionários muito bom, são simpáticos e prestativos.
Quarto amplo e muito confortável, chuveiro de ótima qualidade. Bom espaço de lazer (piscina, academia).
Internet de qualidade razoável (poderia ser mais rápida).
Tem um restaurante de boa qualidade, embora um pouco caro e com poucas opções de comida e vinhos (vinho pedido em falta).
O ponto fraco é o café da manhã, muitos pães e salgados mas todos com o mesmo gosto, qualquer pedido extra (ovos, por exemplo) demora muito.
As toalhas foram trocadas todos os dias embora tenhamos seguido a recomendação de deixar penduradas as que não precisavam ser trocadas), sustentabilidade fake.
No geral recomendo e voltaria a me hospedar. Mas poderia melhorar nos dois pontos citados.
nas fotos os pratos pedidos no restaurante.",8,2024-05-09 00:00:00+00,0
Great hotel!,10,2024-05-09 00:00:00+00,1
Hotel referência em foz do iguaçu.,10,2024-05-09 01:16:48+00,1
 Localização e conforto.  Falha nos serviços de estacionamento.,9,2024-05-09 11:42:11+00,0
Excelente hotel 3era vez que vuelvo,10,2024-05-09 18:16:19+00,1
 พนักงานโรงแรมบริการดีมาก และอาหารเช้า ที่เพียบพร้อม,10,2024-05-10 00:28:07+00,1
" Bon hôtel, bien situé
Personnel sympathique",8,2024-05-10 03:28:54+00,0
" Super rapport qualité prix, très bel hôtel, moderne. Super petit déjeuner  Plutôt éloigné des bus etc.",8,2024-05-10 09:50:32+00,0
" Hotel muito bom bem localizado de facil acesso, internet muito boa, funcionarios prestativos e gentis... cafe da manha otimo, jantamos no hotel tambpem a comida estava deliciosa, atendimento excepcional  não tenho nada que não gostamos",10,2024-05-10 12:20:18+00,1
 CAFE DA MANHA ALGUNS SALGADOS FRIOS,10,2024-05-10 23:57:25+00,1
Very good.,8,2024-05-11 00:00:00+00,0
" Todo buenísimo super impecable, moderno, limpio a full, perfumado el personal super amable, cenar es buenísimo ahi",9,2024-05-11 13:06:27+00,0
" The location  The fact that there’s no sauna and the sun is blocked by the building at the pool 

Also the hotel is very inflexible regarding reservations . I booked 4 nights and needed to change the reservation to 3 and they did not allow me . If I left early they would not refund me . I asked to change on the first day giving them 2 days notice . Will never stay at a Bourbon again !",8,2024-05-11 13:54:52+00,0
" Localização , limpeza  Nada a declarar",9,2024-05-11 20:19:20+00,0
" Da hospedagem  Pedi em torno de 18:30 pra passar duas peças de roupa, pedi o serviço expresso, havia conversado com Lucas , por duas vezez, quando foi 20:30 liguei novamente na recepção o rapaz que não recordo o nome disse que não tinha este serviço, questionei que tinha sim, ele disse que logo retornaria, outra pessoa me retornou expliquei a situação, mas disse estar decepcionada pois já estava saindo com meu esposo, com a roupa amarrotada, disse mais 15 minutos ficaria pronta mandou a camareira ela disse 30 minutos...não é grandes coisas mas falei com vários e no check-out não senti muito acolhida, mas tudo bem, relato pra ser ajustado pois por um pequeno detalhe não avalio bem",8,2024-05-12 16:08:15+00,0
" Qualidade, limpeza, simpatia e prestatividade dos funcionários. Comida e bar excelentes.",10,2024-05-13 18:46:10+00,1
 Sim menos banheiros sem ventilação natural  Ventilação banheiros,9,2024-05-14 00:17:13+00,0
" Hotel nuevo. Muy buen gusto en la decoración.
Muy pulcro: se limpiaba permanentemente.
Muy completo y variado el desayuno, con muchas opciones.
Excelente ubicación frente al Shopping JL: que además cuenta con un Supermercado Muffato, con opción de restaurante  Al estar la pileta ( climatizada) en planta baja, tiene sol muy pocas horas de mañana.",10,2024-05-14 13:44:51+00,1
 very clean!,9,2024-05-14 16:59:12+00,0
"Muito bom hotel! Café da Manhã maravilhoso e Cama e jogo de cama limpos e confortáveis.
O único ponto ruim foi que ficamos num quarto conjugado e pensamos que era conjugado com nossos amigos de viagem quando foi informado na recepção, mas quando entramos era com outras pessoas e que causou um pouco de barulho a noite. Mas como chegamos muito tarde, deixamos como estava.",10,2024-05-15 00:00:00+00,1
Maravilhosa. O hotel é simplesmente perfeito.. sem defeito.,10,2024-05-15 00:00:00+00,1
Pésimo hotel,2,2024-05-15 00:00:00+00,0
" buena ubicacion
buen desayuno
Personal habla ingles o español",10,2024-05-16 20:59:20+00,1
" Conforto geral do quarto, refeições, atendimento, garagem segura. Em suma, tudo.  Sem reclamações.",10,2024-05-16 21:41:58+00,1
 L’hôtel est situé en face d’un petit centre commercial ce qui permet d’aller acheter des bouteilles d’eau. L’hôtel est très propres et le personnel très aimable. Les chambres sont spacieuses et la climatisation fonctionne correctement dans la chambre  Le fait de ne pas avoir de bouteilles d’eau dans la chambre,8,2024-05-17 17:44:04+00,0
"O hotel é muito bom, mas ainda tem alguns detalhes que deixam a desejar, o chek in é demorado, mesmo eu tendo feito pela internet e o restaurante tem um atendimento demorado, todas as vezes que eu fui, eu tive que levantar e pedir. O restante é muito bom.",8,2024-05-18 00:00:00+00,0
 Estão  muito bem preparados  para receber os hóspedes.  Tudo  bom.,10,2024-05-18 00:27:44+00,1
 Não me hospedei pedi isenção de taxa com antecedência e fui cobrada sem ter ido  Nunca fui,1,2024-05-18 11:43:01+00,0
" Difícil listar uma única coisa na qual gostei. O atendimento foi muito bom, sempre dispostos a nos auxiliar e esclarecer as dúvidas, as acomodações eram muito limpinhas, confortáveis… voltaria com certeza.  Não se aplica. Fiquei muito satisfeita com a estadia.",10,2024-05-18 12:21:00+00,1
" Hotel excelente, confortável, café da manhã ótimo",10,2024-05-19 11:07:31+00,1
" Quarto excelente, com uma boa cama e um bom chuveiro. O ambiente fica bem escuro com o black-out. Apesar de o hotel estar situado em local de grande movimentação, o quarto é silencioso. O quarto dispõe de um bom secador de cabelo!  O café da manhã é bem variado, contudo, não é saboroso. Talvez esse seria o único ponto a melhorar.",10,2024-05-19 13:11:45+00,1
 Limpeza  Gostei de tudo,10,2024-05-19 13:23:55+00,1
" Atendimento
Quarto confortável 
Custo/beneficio  Acessibilidade/ falta de rampa entrada do hotel",10,2024-05-20 00:07:48+00,1
 excelente atendimento  tudo otimo,10,2024-05-20 11:12:03+00,1
" Café da manhã muito bem servido, ótima localização e atendimentos. Colaborador Rogério muito cortês",10,2024-05-20 18:51:22+00,1
 Excelente desayuno e instalaciones  La ubicación es relativamente lejos del centro y de lugares turísticos de la ciudad,9,2024-05-21 04:21:54+00,0
 Muito bom.,10,2024-05-21 15:36:36+00,1
"Excelente hotel, tudo funciona muito bem. Atendimento amigavel.",10,2024-05-23 00:00:00+00,1
"Boa localização, bom café da manhã, quarto bem grande com uma cama confortavel e espaçosa. Atendimento e limpeza perfeito",10,2024-05-23 00:00:00+00,1
" Very beautiful and clean. Restaurant very good.  The bed could be better, as the pillow, it looks like a plastic on it. Besides it, everything ok.",8,2024-05-23 11:03:12+00,0
" Quarto impecavelmente limpo, muito confortável e iluminação aconchegante. Todas as instalações são muito bonitas, limpas e organizadas.  O isolamento acústico não era tão bom, conseguia ouvir as crianças do quarto ao lado.",9,2024-05-23 12:45:15+00,0
" Instalações,  garagem , quarto muito bom, silêncio  Poderia melhorar a política de late check-out para quem tem voo após as 16 horas.⁹",9,2024-05-23 15:52:40+00,0
 Personnel très aimable. Localisation centrale en face d'un centre commercial. Chambres spacieuses et propres.  La salle de sports était en travaux à l'occasion.,9,2024-05-23 16:53:08+00,0
"Restaurante e bar do hotel muito bom ,serve muito bem",10,2024-05-24 10:14:36+00,1
 Iluminação  Espaço,10,2024-05-24 12:39:10+00,1
" Café da manhã, localização  As instalações da sala de ginástica são apenas razoáveis e requer melhorar e modernizar os equipamento e o tamanho da sala eh pequena",9,2024-05-25 04:17:14+00,0
" Limpeza, quarto muito bom, chuveiro excelente, café da manhã muito bom e localização ótima  O colchão achei desconfortável e os travesseiros um pouco duros",8,2024-05-25 13:41:54+00,0
"Ótimo hotel, com instalações modernas e funcionais. Recepção e demais funcionários prestaram um excelente atendimento. O café da manhã estava bem variado e completo. O restaurante oferece ótimos pratos no almoço e jantar. Quarto limpo e confortável, voltarei a me hospedar neste hotel com certeza. Recomendo.",10,2024-05-26 00:00:00+00,1
Todo muy bien muchas gracias,10,2024-05-26 00:00:00+00,1
" O Café da manhã com muitas opções para comer e beber, com setor de tapiocas doces e salgadas feitas na hora, sopa (canja de galinha), sopa paraguaia, 3 tipos de sucos naturais (laranja, laranja/cenoura/mamão, melancia ou beterraba ou detox que intervalavam a cada dia). O omelete é maravilhoso.  Funciona das 6h às 10h da manhã. Nos fins de semana o salão estava mais cheio entre 9h e 10h da manhã, mas tinham mesas vazias à disposição.

O quarto é espaçoso, com chuveiro e pia do banheiro com água bem quente. Cama acho que era king de tão espaçosa. A piscina do hotel tem água morna e tem toalhas a disposição dos hóspedes. Ao lado da piscina tem uma academia. No hotel tem restaurante para almoço e jantar a lá carte não inclusos na diária. Têm café e água saborizada com frutas e legumes (grátis) ao lado da recepção. Os funcionários falam inglês, espanhol e português (devem falar outras línguas também de tantos turistas estrangeiros que vão à Foz).

Reservei pelo Booking com mais de 6 meses de antecedência e obtivemos bom preço.

O Wi-Fi funcionou bem para assistir streaming.

O registro do chuveiro fica localizado de forma que você não se molha direto ao ligar o chuveiro. Dá para se tomar um banho muito gostoso.

A TV do quarto tem alguns canais legais como Telecine Premium, Telecine Pipoca, HBO, GNT, Comedy Central, Viva e Discovery.

Dá pra ir a pé até o centro na Avenida Brasil onde tem muitas lojas de roupas, calçados e souvenirs (mais barato do que nos pontos turísticos). Na Avenida JK tem a famosa e deliciosa Jauense Confeitaria.

Dá pra pedir Uber e 99 Táxi (este último mais barato) pra ir ao centro, no restaurante Castelo Libanês, na doceria árabe Albayan na frente da Mesquita, ao aeroporto e pontos turísticos.

Em frente tem o shopping JL Cataratas com 1 loja de Duty Free, 1 supermercado, farmácia, loja de câmbio, Lotérica, academia SmartFit, sorveteria, muitas lojas e praça de alimentação. Ao lado do hotel tem loja de câmbio também.  De ter ido embora.",10,2024-05-26 01:32:38+00,1
" Estrutura do hotel impecável.  Café da manhã com várias opções, mas os doces servidos eram do dia anterior e, portanto, duros. Staff HORRÍVEL!! De todos com quem falei, apenas UM foi minimamente agradável, no restaurante. TODOS os outros com cara fechada, apáticos, antipáticos,  grosseiros. Fora isso, tentei trocar minha reserva online e a pessoa que me respondeu alegou que estava fora da data limite (o que era mentira, porque eles mesmos estipularam dia 19). Quando mencionei, ela disse que não havia nenhum pedido de alteração em aberto. Ou seja: HORRÍVEL!! Tudo que você menos quer quando está de férias é se estressar, ainda mais com hotel. Não recomendo mesmo. Pelo mesmo valor, sugiro outros hotéis da categoria com suporte decente em staff.",5,2024-05-26 13:29:03+00,0
"Hotel com boa localização.
Atendimento dos funcionários excelente dando muita atenção.
Limpeza do quarto estava muito boa.",10,2024-05-26 16:59:26+00,1
Recomendo. Ótima localização.  Serviço nota 10. Experiência incrível para àqueles que querem aproveitar Foz do Iguaçu e ir ao Paraguai e a Argentina.,10,2024-05-26 19:47:25+00,1
 Tudo excelente.  O custo da rolha no restaurante.,9,2024-05-26 21:13:44+00,0
Excelente!,10,2024-05-27 00:00:00+00,1
" da cama, dos lençõis e travesseiros",6,2024-05-27 14:32:13+00,0
"Magnífico o hotel! Tudo impecável.Muito limpo e conservado. Super recomendo. Pra não dizer que foi tudo nota dez, apenas um detalhe deixou à desejar. No check out solicitei um saquinho de gelo pra conservação de medicamentos na minha viagem de volta, me alegaram não terem gelo, pois a máquina estava quebrada, porém ao me dirigir ao estacionamento cruzei com um servidor com um carrinho de bebidas cheio de gelo se dirigindo ao salão de eventos 🤷‍♀️ Três ou quatro pedrinhas resolveriam meu problema. Tive q passar num posto de gasolina e comprar um saco , usar as 4 pedrinhas e descartar todo o restante do saco🥴",10,2024-05-28 00:00:00+00,1
"Hotel extremamente organizado,  quarto aconchegante, limpo, banheiro impecável, cafe da manhã com diversidade de frutas, area do bar com drinks sofisticados, excelente custo  benefício, localização maravilhosa pois fica em frente ao shopping,  tudo muito acolhedor, funcionários muitos simpáticos.",10,2024-05-28 00:00:00+00,1
"O quarto muito confortável, e organizado; banheiros limpos e bem equipado. Ótima localização na cidade de Foz do Iguaçu.  E o café da manhã estava maravilhoso, em variedade e tudo fresquinho, um dos melhores que já comi em hotéis. Enfim, recomendo.",10,2024-05-28 00:00:00+00,1
 Ubicación e instalaciones  Es ruidoso por estar al lado de una calle muy transitada.,8,2024-05-28 13:09:31+00,0
"Quarto espaçoso com várias tomadas e limpo, cama muito boa. Nos dias que ficamos houve limpeza diária do quarto, com troca de toalhas.
Gostamos que no banheiro tem registro um pouco longe do chuveiro para não se queimar quando liga a água quente.

Pelas janelas dos corredores pode-se ver de um lado o nascer do sol e do outro lado do corredor o pôr do sol.

O café da manhã funciona das 6h as 10h da manhã e tem muitas opções salgadas e doces, um omelete delicioso, 3 tipos de sucos naturais, máquina de café/cappuccino/leite achocolatado, setor de tapiocas feitas na hora. Os garçons ficam repondo os alimentos mesmo se estiver próximo do horário de fechar quando tem muitos hóspedes.

No térreo tem um academia com poucos equipamentos, esteiras e tv. Ao lado externo da academia tem uma piscina aquecida (estava morna mesmo nos dias frios) e toalhas à disposição dos hóspedes.

Ao lado da recepção tem café e água saborizada (gratuitos).

Na frente do Hotel tem o JL Cataratas Shopping com supermercado, farmácia, academia Smartfit (piso G3), praça de alimentação, lotérica, casa de câmbio, 1 loja dutyfree, loja Havan e muitas lojas. Ao lado do hotel tem outra loja de câmbio. Tem uma boa esfirraria na esquina, saindo a pé do lado esquerdo do prédio do hotel. A avenida Brasil (no centro) dá para ir a pé e lá tem muitas lojas de roupas, calçados e souvenirs (mais baratos do que nos pontos turísticos, tipo 5 chaveiros por 20 reais).",10,2024-05-28 18:06:36+00,1
" Bem localizado . Café da manhã gostoso .  Frigobar do tipo PIADA , incapaz de gelar uma cerveja em TODO O HOTEL . Funcionaria do café da manhã que te interpela 2 x pra saber se vc está de “bico”. Piscina na foto é uma coisa , ao vivo é outra bem pior .",6,2024-05-30 03:50:54+00,0
" Chuveiro era ótimo e limpeza do quarto  Colchão não era confortável, sentia as molas. Café da manhã bom, porém o buffet de tapiocas não tinha horário padrão para iniciar.",8,2024-05-30 23:50:38+00,0
"O quarto é extremamente pequeno para o padrão do hotel, amenities de pouca qualidade e qualquer lotação um pouco acima do esperado, é suficiente para o café da manhã ficar caótico, sobrecarregado os funcionários que ficam com aspecto de esgotados. Detesto ver pessoas sendo prejudicadas. No geral o hotel é um 3 estrelas. Nada de espetacular mas o café é bom desde que não tenha muitos hóspedes.",6,2024-05-31 00:00:00+00,0
"Hotel limpo, organizado, quarto grande com acustica excelente. Ótima localização em frente ao Shopping.",10,2024-05-31 00:00:00+00,1
" Estrutura, limpeza!  Nada",10,2024-05-31 05:02:13+00,1
" O hotel é sensacional, lindo demais. Tudo novo e muito limpo. Localização não poderia ser melhor. Os atendentes são super prestativos e atenciosos. Café da manhã fantástico, com muitas opções de comida.  A cama apesar de ter um tamanho enorme, o que é ótimo, a qualidade das molas poderia ser um pouquinho melhor. A qualidade dos travesseiros também deixou a desejar. Tivemos que pedir travesseiros extras, e a qualidade desses estavam bem melhor do que o que já estavam na acomodação. O tamanho do banheiro também deixa a desejar, muito muito pequeno. Mas em geral o custo/beneficio vale a pena em relação a outros hoteis da regiao.",9,2024-05-31 18:16:05+00,0
 Great location ! Delicious breakfast with many options,10,2024-06-02 11:16:19+00,1
 .  .,9,2024-06-02 14:50:59+00,0
" Prestatividade, café da manhã, localização ( apesar de ser numa avenida ) não tinha barulho, em frente a um shopping  Reservei um quarto triplo, para três adultos, nós forneceram uma cama de casal( até aí tudo bem) e uma cama de armar, o quarto ficou pequeno e toda hora tropeçávamos nos pés da cama de armar!",9,2024-06-02 20:37:43+00,0
 ubicacion  fruta en el desayuno,9,2024-06-02 22:55:42+00,0
 Localização e limpeza  Café da manhã meio bagunçado,9,2024-06-03 00:05:23+00,0
 Maravilhoso o café. Tinha até tapioca e omelete feito na hora. Amei isso  Acho que poderia ter opção também de pão e coisas sem glútem sem lactose e sem açúcar.,10,2024-06-03 15:07:42+00,1
"I really enjoyed the services and the friendly and helpful staffs, especially with the check in.  The location is perfectly right across a nice shopping mall.",10,2024-06-06 00:00:00+00,1
酒店早餐好，服务态度好，房间干净整洁，周围购物、吃饭和娱乐都很方便。需要改进的是，WiFi的密码太复杂，应该尽量简单一些才好！,10,2024-06-06 00:00:00+00,1
 Acomodações excelentes Localização excepcional  Tudo ótimo,10,2024-06-06 00:34:04+00,1
 Café com muitas opções. Tapioca deliciosa!,10,2024-06-06 11:10:04+00,1
"Hotel muito bem localizado, em frente ao Shopping Cataratas.
Café da manhã maravilhosa, variedade enorme de frutas, pães e doces. Um dos melhores cafés dos hotéis que já fiquei.
Quarto limpo, cama confortável, chuveiro ótimo. 
Com certeza voltaria a me hospedar neste hotel.",10,2024-06-07 00:00:00+00,1
"Experiência ótima adoramos muitoooo!!! Foi uma experiência incrível, atendimento maravilhoso e muito bem informado! Café da manhã ótimo!!!!!!!!!
A limpeza do quarto boa e a equipe atendeu muito bem…  super recomendo esse hotel !!!!!!!!",10,2024-06-07 00:00:00+00,1
"Excelência é o nome. O atendimento  foi excelente quanto a limpeza, quanto a estadia e o cafe da manha foi muito bom. Indicaria sem medo para a hospedagem no JL Hotel By Bourbon, alem do ótimo atendimento, a proximidade do Shopping, basta atravessar a rua e há ótimas opções de compras e refeição.",10,2024-06-07 00:00:00+00,1
" O hotel está muito bem localizado, tem excelente café da manhã, uma piscina aquecida e um lobby confortável .",10,2024-06-07 09:38:12+00,1
 Gentileza de todos os funcionários  Nada a declarar,10,2024-06-07 11:49:04+00,1
 Local e atendimento  Conforto da cama e trabesseiros,10,2024-06-07 12:21:49+00,1
"Como sempre, vamos lá!!
Atendimento: nota 10,0 - todos muito atenciosos
Quarto: espetacular, amplo e um bom ar condicionado
Refeição: café da manhã muito bom e jantamos uma noite no hotel, fomos muito  bem atendidos bem como a Refeição estava ótima
Localização: bem localizado em frente ao shopping que aliás tem uma boa praça de alimentação.
Ponto negativo: as toalhas, elas pareciam uma lixa, o hotel merecia toalhas melhores, mas não vamos deixar de dar nota 5,00 por isso,  pois acreditamos que eles vão melhorar este único ponto fraco.",10,2024-06-08 02:32:12+00,1
" Tem uma recepcionista que não fala português, o que dificultou a comunicação",8,2024-06-08 17:30:04+00,0
"Excelente servicio, atención y ambiente. Recomendado.",10,2024-06-09 00:00:00+00,1
" Tudo muito bonito e confortável  Da acomodação nada, tudo certo.

Só a recepcionista que me cobrou algo que eu falei que não tinha pedido.",10,2024-06-09 12:11:18+00,1
" Excelente café da manhã, equipe muito atenciosa, localização excelente.",10,2024-06-09 12:57:07+00,1
" Café da manhã excelente, muita variedade de paes, frutas, pratos quentes e tapioca feita na hora.  Gostei de tudo",10,2024-06-10 00:29:57+00,1
" Cama confortável, quarto limpo e com uma linda vista. Café da manhã farto e variado. Hotel está em frente a um shopping com muitas opçoes de restaurantes e lojas. Fica a 10min do Centro da cidade.  Não possui ferro de passar, mas oferecem o serviço de passadeira (a um custo).",8,2024-06-10 15:38:20+00,0
" Gostei do hotel no geral muito bom e super bem localizado.  Do atendimento na recepção.
Parecem robôs",8,2024-06-10 22:35:30+00,0
"Excelente 😁
Todos os serviços  excelentes.
Limpeza e organização nota 1000
Recepção cordialidade e eficácia 
Roupas de Cama e banho limpos 
Serviço de quarto excelente 
Café da manhã bem servido e variado
Funcionários prestativos e solicitos",10,2024-06-11 00:00:00+00,1
"O Hotel oferece uma hospedagem muito boa, com um bom café da manhã.

O “prédio” é novo e as acomodações são bastante confortáveis!

Confesso que o atendimento da recepção não foi bom, os empregados foram pouco receptivos e amistosos - não me senti a vontade com o atendimento, ao contrario, fiquei incomodado!

l",8,2024-06-11 00:00:00+00,0
 La atencion de todo el personal  Todo estuvo acorde,10,2024-06-11 00:01:48+00,1
" Hotel bem localizado, em frente a um shopping, facilidade de deslocamento para todas as atrações.
Quarto espaçoso, com ótima iluminação, banheiro funcional. Bom café da manhã.  Tive uma péssima experiência no restaurante no dia que cheguei, fui almoçar, pedi um prato que era com contra-filé. Quando o prato chegou a carne era algo duro, cheio de nervos, parecia aparas de limpeza de carne. Devolvi o prato, não foi pedido nem desculpas, não foi sugerido a substituição rápida por outro prato. Atravessei a rua e fui no Madero. Não voltei no restaurante.",8,2024-06-11 14:25:46+00,0
" La ubicación, el desayuno, el personal  El check in fue muy lento y mis padres son  personas de tercera edad y tuvieron que esperar mucho para subir a su habitación",9,2024-06-11 19:27:48+00,0
" El desayuno, la ubicación, el personal muy amable  El check in tardó mucho",9,2024-06-11 19:30:03+00,0
"Excelente, mas bom comparar preco com concorrência.",8,2024-06-12 00:00:00+00,0
" Beautiful new hotel, smelt amazing. Spacious rooms. Good shower. Excellent variety for breakfast. Big mall opposite. Lobby area was very stylish and felt very expensive. Pool was decent size. Gym was ok. Would definitely stay there again.  Check in took a bit of time but that’s the only tiny issue. The hotel was excellent",10,2024-06-12 00:10:57+00,1
" Muy buen hotel, aseo, servicio, ubicación inmejorable.",10,2024-06-12 11:28:47+00,1
" La ubicación, las habitaciones , el restaurante y las instalaciones nuevas",10,2024-06-12 12:56:50+00,1
" Limpeza, conforto e localização  Estacionamento pago, à parte",10,2024-06-12 23:47:40+00,1
 Excelente. Precisamos sair de madrugada e tivemos acesso a alimentos.  As janelas um pouco mais anti ruído. As motos fazem muito barulho.,10,2024-06-13 12:53:33+00,1
" Hotel novo, café com boa variedade de pães etc, quarto confortável,  bom isolamento acústico, ótima localização.  As vezes o ar fazia um barulho chato ao disparar para gelar mas nada de anormal",10,2024-06-13 14:41:53+00,1
 quarto confortável,10,2024-06-13 22:32:14+00,1
"Hotel limpo, bem conservado, TODOS os funcionários super atenciosos. Quarto amplo e aconchegante, chuveiro com excelente queda d'água, café da manhã farto e com muita diversidade. Restaurante com cardápio variado e valores justos. Serviço de estacionamento e vagas externas. Localização privilegiada",10,2024-06-14 00:00:00+00,1
"Gostei muito do hotel, além de ser bem próximo da tríplice fronteira, oferece uma ótima infraestrutura, bom café da manhã, o quarto é mediano mas aceitável. Para quem vai a Foz, conhecer os dois países vizinhos e visitar as Cataratas é excelente.

O preço não é barato, então não é uma boa escolha para quem vai fazer compras no Paraguai ou Argentina.",10,2024-06-14 00:00:00+00,1
" Todos, menos wifi y el gimnacio  La velocidad de su internet y su gimnacio, falta equipar con mas equipo..",8,2024-06-14 11:31:32+00,0
"Bom Hotel, localizado bem em frente ao shopping e com ótima infraestrutura. Recomendo para viagem com a família para curtir a tríplice fronteira e o que há de bom em Foz. Devido ao preço, não recomendo para quem vai apenas para fazer compras.",10,2024-06-14 12:22:08+00,1
Contemporâneo e muito agradável,10,2024-06-15 00:00:00+00,1
" Limpeza e decoração  Toalhas muito ruins e a falta de edredom, cobertor fraquinho.",8,2024-06-15 00:05:28+00,0
" Ubicación inmejorable, frente al shopping. Desayuno muy variado y riquísimo. Personal muy amable!",9,2024-06-15 10:36:23+00,0
" Segunda vez que nos hospedamos - o hotel é bonito, bem novo e clean, e muito confortável  A limpeza do boxe do meu banheiro não estava legal",9,2024-06-15 13:00:51+00,0
 Tudo nota 10  Nada a pontuar,10,2024-06-15 14:52:42+00,1
" Atendimento da equipe foi ótimo. Localização muito boa. 
Excelente atendimento em todos os serviços .  Da equipe de colaboradores. Do atendimento humano e fidalgo recebido. Do café da Manhã . Da localização",10,2024-06-16 00:14:54+00,1
"Achamos o Hotel muito bom, limpo, atendimento cordial.
Ótimo café da manhã. 
Banheiro amplo, piso porcelanato o que ajuda a não reter sujeira como carpete.

A piscina é pequena, mas se não quiser um hotel de laser, está é uma ótima opção. 
Muito boa localização, tem
um shopping em frente.",10,2024-06-17 00:00:00+00,1
"Hotel com excelente localização, conforto e serviços. Fomos muito bem atendidos e com certeza quando voltar a Foz do Iguaçu pretendo ficar no mesmo hotel. No Dia dos Namorados jantamos no Hotel e foi uma experiência maravilhosa com direito a um espumante por casal.",10,2024-06-17 00:00:00+00,1
"O hotel é muito bem localizado, as instalações são boas, o café da manhã é farto, com várias opções. O check-in e o check-out foram feitos com bastante eficiência, com  funcionários educados, bastante solícitos. Foi a segunda vez que estive no Hotel. O banheiro é pequeno, mas confortável, com água quente. A piscina é o ponto alto, para mim, pois é aquecida. As camareiras são simpáticas e atenciosas.",10,2024-06-17 00:00:00+00,1
Excelente custo x benefício e bom restaurante p todas as refeições,10,2024-06-17 00:00:00+00,1
" Hotel bem localizado no centro de Foz, Muito bem consevado! Infraestrutura muito boa, funcionários profissionais e café da manhã com diversas variedades. Recomendo.  Tudo muito bom.",9,2024-06-17 14:05:30+00,0
" Localização, café da manhã e staff.  A péssima qualidade das toalhas, uma delas estava inclusive furada. Um hotel desse nível não pode oferecer aos hóspedes um produto tão ruim.",8,2024-06-17 15:37:54+00,0
Muito bom!,10,2024-06-18 14:44:49+00,1
"Un desastre desde el CH IN mala atencion fakta dr voluntad NO MIRAN A LOS OJOS no les interesa el cliente . 3 habitaciones 3 noches y habitacion humeda y sucia. Front Desk PESIMO de los
peores del mundo. FALTA  RESPETO 
DESTACO  FERNANDO BELL BOYS unico que me presto un CARGADOR ya que olvode el mio en avion",2,2024-06-20 00:00:00+00,0
" Variedades no café da manhã , tudo muito bom...

Quarto confortável e limpeza impecável 

Atendimento do garçom  que nos atendeu no domingo a tarde. Não lembro o nome dele, acho que é  Lima.  Atendimento com pouca cordialidade e acolhimento.  (sorriso,  bom dia e boa tarde)",10,2024-06-20 14:32:12+00,1
" Tudo, ótimo apartamento, tamanho, limpeza, tudo maravilhoso",10,2024-06-20 23:28:16+00,1
"Hotel novo, cama maravilhosa, lençóis de qualidade e cheirosos, elevador rápido, café da manhã com intens de qualidade, variando todo dia. Os bolos fenomenais! Staff cordial, restaurante com pratos mto bons. O único senão pra mim foi o tamanho e a qualidade das toalhas de banho: eram novas, mas poderiam ser a altura do hotel, 4 estrelas!",10,2024-06-21 00:00:00+00,1
"O hotel é excelente, bem localizado e os funcionários são muito atenciosos. Precisam apenas ter maior atenção na limpeza da piscina e arredores, assim como na roupa de cama e banho que não tem qualidade condizente com o hotel.
Como sugestão seria a mudança do local da piscina.  Os hóspedes não conseguem aproveitá-la porque o prédio cobre o sol e a piscina fica toda na sombra.  Dessa forma, seria melhor que a piscina fosse coberta, uma vez que já é aquecida.",10,2024-06-21 00:00:00+00,1
" Confronto, silencio. Limpeza, cafe da manhã.  Poderia ter mais canais de tv a cabo.",10,2024-06-21 01:19:01+00,1
"El hotel es muy bueno,muy moderno .....El desayuno de tipo americano tiene de todo....la ubicación es buena(tienes un shoping frente),depende de lo que vayas a hacer ya que si no tienes auto las atracciones son lejos.....El precio es bueno para el servicio de lujo. Tiene pileta climatizada.",8,2024-06-21 17:10:49+00,0
"Excelente atendimento e serviço. Localização que atende aos interesses de todos que visitem a cidade. Agilidade no atendimento, tanto em check in e check out, interessante para quem viaja a negócios e turismo. Recomendo o hotel sem dúvidas de satisfação.",10,2024-06-22 00:00:00+00,1
 En el baño podría tener más luz sobre el espejo para pintarte o en mi caso no veo bien,9,2024-06-22 12:05:48+00,0
"Nice staff and a good, modern, clean hotel. Breakfast was good!",10,2024-06-23 00:00:00+00,1
Muito bom!,10,2024-06-23 03:29:12+00,1
" O quarto é espaçoso, e o hotel é muito bem localizado. O Wifi funcionou adequadamente, de forma estável.  Café da manhã mudou! Estive no horel durante a pandemia e havia uma grande oferta de itens, principalmente pães doces. Dessa vez não havia bacon e a oferta de pãos foi reduzida.",9,2024-06-23 20:21:59+00,0
" Os funcionários são ótimos. As acomodações são muito boas. Café da manhã muito bom. Ótima localização.  Meu quarto era de frente para a rua, na madrugada tinha barulho. Mas isso é coisa que não depende da adm do hotel. No mais, estava td  perfeito.",10,2024-06-24 01:38:47+00,1
" Todos muito profissionais e atenciosos.  Erraram ao me cobrar no check in e mesmo eu tendo ficado 5 dias no hotel, só me cobraram por WhatsApp após minha saída.",7,2024-06-24 13:34:16+00,0
 Instalaciones nuevas y con una gran atención del personal  Nada. Todo estuvo perfecto. Como estaba planeado,10,2024-06-24 22:59:46+00,1
"Tudo incrível.
Café da manhã maravilhoso 
Cama extra grande
Só os recepcionistas e porteiros ficam de conversas e gargalhadas no balcão, isso fica bem estranho. Mas no mais excelente",10,2024-06-25 00:00:00+00,1
 Excepcional  Toalhas de banho de baixa qualidade em vista a qualidade excelente do hotel.,9,2024-06-25 10:01:00+00,0
" Sim o café excelente salvo o meu comentário so re os frios.
Localização ótima!!! Pir ser central e ter um shopping em frente onde pude ir dar umas voltas qdo voltava dos passeios. 
Fora o shopping era muito perto dos restaurantes fora do hotel. 
Facil de pedir taxi para família toda.
Iria novamente!
Adorei  So nao gostei dos frios do café da manhã , senti falta do queijo prato e n gostei da qualidade do queijo minas. 
Frios eu também n achei a apresentação muito boa. De resto o café é maravilhoso",9,2024-06-25 21:20:40+00,0
"Hotel confortável, muito bem localizado, café da manhã ótimo",10,2024-06-26 00:00:00+00,1
" Quartos amplos , camas confortáveis , café da manhã com várias opções",10,2024-06-26 02:34:44+00,1
" Café da manhã maravilhoso, piscina aquecida muito boa, quarto bem aconchegante!  O atendimento na piscina não funciona!",9,2024-06-27 10:39:47+00,0
" Instalações novas, bem localizado, ótimo restaurante, equipe atenciosa e cordial  Nada",10,2024-06-28 10:27:58+00,1
" Conforto, serviços de alta qualidade e localização privilegiada. O hotel superou as nossas expectativas. Voltaremos.",10,2024-06-28 12:03:18+00,1
Excelente! Personal muy amable. Habitación cómoda. Aseo impecable. Desayuno muy variado tipo buffet. Ubicación muy central.,10,2024-06-28 13:08:29+00,1
" Dimensão do quarto e da cama  A pia (lavatório) do banheiro, não escoava a água adequadamente.
Uma simples limpeza do sifão, resolveria esse problema!",8,2024-06-29 01:02:23+00,0
"Excelente ubicación, servicio muy atento y amable.
Tiene todo lo necesario para descansar y disfrutar.
La pileta si bien es en el exterior, es climatizada, deberían de reforzar la comunicación de este detalle.
Las toallas no estaban en buen estado de calidad.",8,2024-06-29 19:02:51+00,0
 café da manhã  internet,9,2024-06-30 00:36:33+00,0
 Conforto  Acústica ruim.,9,2024-06-30 19:46:21+00,0
Good,10,2024-07-01 00:00:00+00,1
 localização  Tempo check in / out,8,2024-07-01 14:49:30+00,0
" A localização é excelente, as instalações são novas e o café da manhã é uma delícia. Já é a segunda vez que me hospedo lá e pretendo voltar.  Nada a reclamar",10,2024-07-01 23:40:04+00,1
 Top! Café 10.  Ter ficado pouco tempo.,10,2024-07-02 00:12:02+00,1
 O colcháo deveria ser consistente. Estva muito mole e provocou alterações ns estruturs musculsr do cliente!,8,2024-07-02 03:12:27+00,0
 Tudo,10,2024-07-02 07:27:31+00,1
"New (or refurbished) hotel in a great location.  There is a shopping mall across the street with a full supermarket and several quick food options.   Hotel was very clean, room was a good size.  Full buffet breakfast every morning was very good, many hot and cold options.  Front desk staff spoke English very well, we had no trouble communicating.",8,2024-07-03 00:00:00+00,0
" Gostei do conforto do quarto (travesseiro, lençol, toalhas), gostei do cafe da manha (bem variado), gostei da silêncio dos quartos, da localizacao  Nada",10,2024-07-04 02:03:03+00,1
"Localização excelente!!! 
Conforto do quarto, das dependências do hotel.
Café da manhã variado e amplo, excelente atendimento dos funcionários e a limpeza dos quartos irretocável. Tudo maravilhoso!!! Nada a reclamar, inclusive voltaremos!!!!!!",10,2024-07-05 00:00:00+00,1
"Un hotel espectacular. Tuve una estadía de maravilla, las habitaciones amplias y cómodas, instalaciones impecables y buena comida de desayuno. Definitivamente me volvería a hospedar allí, me encantó el hotel, la amabilidad y la atención de sus funcionarios. Su ubicación es buena, tiene un centro comercial cruzando la calle.",10,2024-07-05 00:22:43+00,1
" Espaço interno da suíte  Coxão da cama muito duro, e travesseiro muito alto.",10,2024-07-06 01:43:00+00,1
"Just an excellent hotel all around. Great service. Restaurant was very good. Room was perfect. Also directly across the street from a mall with everything you would need, including a grocery store and various restaurants. There are transports to the nearby attractions with the concierge. There could not be a better place to stay in this area.",10,2024-07-07 00:00:00+00,1
" Cama excelente de tamanho e conforto, apartamento super silencioso, banho nota mil.  De nada.",10,2024-07-07 02:36:12+00,1
 Localização. Hotel confortável. Frente ao Shopping Cataratas e não ficava longe das principais atrações. Excelente café da manhã.  Elevador panorâmico achei um pouco lento.,10,2024-07-07 02:43:12+00,1
" O hotel é excelente, café da manhã delicioso e o restaurante foi uma surpresa agradável.",10,2024-07-08 00:43:47+00,1
 Bem localizado.  Custo muito alto pelo que oferece.,7,2024-07-08 14:43:30+00,0
"Hotel bem localizado, com boa estrutura e bom serviço. A comida do restaurante, no almoço, estava muito boa!
Deixo apenas dois poréns: toalhas de banho pequenas e de baixa qualidade (ásperas) e havia apenas um cobertor bem fino, que não foi o suficiente para conter o frio que pegamos na cidade. Mesmo com ar condicionado mais quente, precisava de um edredom ou um cobertor mais grosso.",8,2024-07-09 00:00:00+00,0
"É excelente, café da manhã espetacular",10,2024-07-09 00:00:00+00,1
very good hotel,10,2024-07-09 00:00:00+00,1
Muito bom!!!,8,2024-07-09 01:42:15+00,0
"Ótimo hotel, ótimo atendimento e restaurante muito bom. Recomendo.",10,2024-07-09 16:09:28+00,1
" Localização perfeita, café da manhã ótimo, funcionários muito atenciosos.  Cama muito barulhenta, travesseiro ruim, toalhas duras, não tem cama de casal eles juntam duas de solteiros.",7,2024-07-10 11:55:37+00,0
" O hotel correspondeu a todas as minhas expectativas , funcionários muito atenciosos, quartos confortáveis e limpos, localização excelente, recomendo com certeza e se voltar a Foz do Iguaçú será lá que me hospedarei.  Nada me desagradou",10,2024-07-10 14:38:12+00,1
" Limpeza e atendimento otimos.
Localização boa em frente ao shopping.  Cafe da manha um pouco bagunçado e barulhento nessa epoca provavelmente devido as ferias (talvez precisaria de mais gente trabalhando para repor as coisas e limpar as mesas)",9,2024-07-10 18:24:38+00,0
Boa localização . Hotel renovado. Boa relação custo/beneficio.,8,2024-07-11 00:00:00+00,0
Me gusto frente al mall,10,2024-07-11 00:00:00+00,1
 Tudo,9,2024-07-11 01:26:09+00,0
 Instalações modernas  Estava tudo muito bom,10,2024-07-11 08:14:16+00,1
 Bom café da manhã e facilidade de estar em frente a um shopping com todos os serviços à frente.  Nada a reclamar.,8,2024-07-11 11:13:30+00,0
 Td ótimo.. do lado do shopping...garagem com carregador de carro eletrico...quarto muito confortável  Nada...td perfeito,8,2024-07-11 11:57:44+00,0
 Tudo perfeito  Não tive qualquer insatisfação,10,2024-07-11 12:29:59+00,1
" Localização perfeita em frente ao shopping 
Funcionários atenciosos 
Quarto confortável",10,2024-07-11 16:56:10+00,1
" Atendimento, limpeza, café da manhã.  Tamanho do quarto. Pequeno para o valor da diária e a eatrutura",10,2024-07-11 18:28:06+00,1
"We were scammed, and that's not a euphemism. We booked a family trip of 37 people 4 months in advance. A couple of days before the accommodation date they called us to tell us that they were giving us an upgrade and they were going to give us better, larger rooms and better services. Upon arrival we found that it was quite an excuse to move from a wing of the hotel that was attached to the thermal services to one that was far away due to the cold weather which was not conducive to the new services of slides and fun that the place offered to the public. that they sent us. Long story short, it was cold and they moved us from a place that was good for being in cold weather to a place that was good for being in hot weather. That was not all, the food was worse, the services in general were reduced. And above all, one had to walk a lot in the elements and cold to get to the other area of ​​the hotel. It didn't have ramps, only stairs, so with an injured hip or a baby stroller it was impossible to access. Something that all these places should surely have as a rule. When we went to complain that we wanted the “better services” that they promised us, they did not respond. In the end we ended up confined to a small area of ​​the hotel without being able to access any of the services since they did not want to enable them due to the weather. The reality is that as foreigners we do not have access to any regulatory entity as a consumer defense.",2,2024-07-12 00:00:00+00,0
 Limpeza  Gostei de tudo,10,2024-07-12 08:43:56+00,1
"Check-in e check-out rápido, funcionários muito prestativos.
Restaurante bom com preço justo 
Chuveiro, climatização e café da manhã muito bons.",10,2024-07-13 00:00:00+00,1
"Ambiente diferenciado, instalações limpas e confortáveis. 
Localização mais próxima em relação às atrações e em frente a um Shopping, que agrega tranquilidade para eventuais demandas e suporte para refeições rápidas.
Bom café da manhã com  opções variadas.
Atendimento cordial por parte dos funcionários.",10,2024-07-13 00:00:00+00,1
" Buena ubicación y buen desayuno  No funcionaba del todo bien el aire acondicionado , por lo demás muy buena experiencia.",8,2024-07-13 02:57:15+00,0
" Welcoming staff but not able to help  Unfortunately, the hotel did not meet our expectations in terms of facilities, the room was smaller than we expected, with no proper duvet etc.  We had to leave earlier and moved to another place, and the hotel refused to refund any of 3 nights we did not spend there.",1,2024-07-13 12:03:59+00,0
"Excelente hotel, de alto padrão! Quarto maravilhoso, cama, travesseiros e chuveiro excelentes! Inclusive, existe um cardápio de travesseiros a disposição. O isolamento acústico, luminoso e térmico é muito bom também. Limpeza impecável, bom atendimento por parte dos funcionários.  Estava bem movimentado durante toda a nossa estadia. A localização é excelente, em frente a um shopping e ao lado de um atacadão. Tem também um guichê de receptivo turístico que facilita muito a contratação de passeios pela região. Minha única ressalva é sobre o café da manhã. Maravilhoso em termos de variedade e qualidade mas sem opções de doces para quem tem restrições alimentares como eu. Hoje em dia muitas pessoas tem restrições alimentares e já é comum os hotéis terem pelo menos 1 opção de bolo/doce para esse público, mas esse hotel não possui nenhuma.",10,2024-07-13 16:33:08+00,1
O ar condicionado do quarto em que ficamos estava quebrado e o quarto não esquentava. Passei a noite congelando.,4,2024-07-14 00:00:00+00,0
" Hotel excelente!  Tudo ocorreu sem problemas, o hotel excelente, falta um atendimento com mais empatia e os elevadores principais demora demais.",9,2024-07-14 11:22:25+00,0
" Café da manhã excelente, limpeza e acomodações muito confortável. Ótima localização!
Acústica do hotel muito boa.  Tivemos problema na chegada, a recepcionista não foi empática com o problema, e não tentou nos ajudar. O problema foi resolvido pela gerência, 
Banheiro tem um pouco de vazamento de água do box.",8,2024-07-14 15:41:01+00,0
"Equipe  atenciosa e gentil .
Excelentes funcionários.
Café  da manhã  com muita variedade  .",10,2024-07-14 16:46:19+00,1
" Elevadores estava com problemas, tirando isso, tudo certo.",9,2024-07-15 12:40:21+00,0
" Ubicacion, confort  Ni funcionaba uno de los asecensores",8,2024-07-15 12:59:40+00,0
"O hotel é muito bem localizado, em frente ao Cataratas JL, numa região central da cidade. Consegui pedir uber/99 com facilidade nessa região, o que foi ótimo. Chegamos antes do horário do check-in que seria às 14:00 e pudemos entrar no quarto ao meio dia, o que foi muito bom pois não são todos os locais que permitem a entrada antes do horário. O café é bem agradável, com muitas opções salgadas, doces e também para quem possui restrições alimentares ou necessita de uma dieta mais fitness. As toalhas oferecidas são de qualidade muito inferior, finas e ásperas, o que foi desagradável. As cobertas também não são boas, pois são como mantas finas. Ao questionar se possuíam cobertas mais grossas e pesadas, eles disseram que não havia mais, então mandaram mais mantas como as que já haviam no quarto. Os elevadores são ruins, um nem estava funcionando, o que fazia com que os hospedes tivessem que esperar muito. Os funcionários são todos educados e prestativos, mas na hora do check-out não há muito papo sobre perguntar como foi a estadia ou desejar que voltemos novamente, então não espere muita cordialidade na sua saída. No mais eu gostei da acomodação, embora ache que pelo preço elevado o hotel tenha que melhorar em alguns quesitos.",8,2024-07-15 14:13:29+00,0
 muita demora e fila com elevadores parados no período da manhã. por mais de uma vez tivemos que pegar o elevador de serviço.,8,2024-07-15 19:33:52+00,0
" Já ficamos hospedados algumas vezes no JL Bourbon e é sempre uma experiência muito agradável. Quartos confortáveis e limpos, café da manhã maravilhoso e equipe educada. Amamos!",10,2024-07-16 14:26:17+00,1
" Bem localizado, ótimo conforto dos quartos, ótimo banheiro , ótima limpeza nos quartos, vários canais na TV, excelente café da manhã, ótimo atendimento do pessoal ….. enfim ótimo custo benefício  O hotel tem dois elevadores para hóspedes e dois de serviço (o acesso aos elevadores de serviço e passando por dentro do bar). Um dos elevadores dos hóspedes estava em manutenção ocasionando uma grande espera",9,2024-07-16 21:49:22+00,0
"Nossa experiência foi excelente,  o atendimento do Sr. Pierre foi excepcional.  Quarto confortável,  café da manhã maravilhoso com diversas opções,  higiene do hotel em geral é impecável.  Funcionários em geral muito atenciosos e prestativos. Indicaremos com certeza.",10,2024-07-17 00:00:00+00,1
"Excelente hotel! Café da manhã com muitas variedades, Atendimento do staff é ótimo! Tudo muito bem limpo. O chuveiro é maravilhoso! A comida muito saborosa!….  …………………………………………………………………………………………………………………………………………………………………………….",10,2024-07-17 00:00:00+00,1
"O Hotel fica bem localizado, o check-in é meio enrolado, fizemos praticamente três vezes (um online, quando chegamos fizemos novamente, como não ainda faltava uma hora tivemos que esperar, quando deu o horário, tivemos que fazer novamente) jantamos uma vez no restaurante do hotel, apesar de não estar cheio, o serviço é demorado contando com poucas pessoas no atendimento, a comida é saborosa e o café da manhã impecável, porém enfrentamos desconfortos durante a hospedagem, o maior foi que ficamos num quarto conjugado,  quando as pessoas do outro quarto falavam (não falavam alto) e/ou quando ligavam a tv, tudo dava para ser ouvido do nosso quarto, tudo que os outros hospedes vizinhos falavam dava para ser ouvido, voltávamos a noite para o hotel, praticamente apenas para dormir, porém o barulho era muito chato, não recomendamos para quem quer passar dias tranquilos e/ou precisa de silencio para dormir, não conseguimos assistir tv,  por causa do barulho vindo do outro quarto e não conseguimos conectar a nenhum streaming por causa da lentidão da internet (que não carregava o filme), outro desconforto que tivemos, foi a falta de troca das toalhas e principalmente a ausência de sabonetes, fomos prontamente atendidos ao entrar em contato com a recepção, porém depois de um dia andando pela cidade, queríamos chegar e tomar um banho, sem ter que esperar por algo tão básico.",6,2024-07-17 00:00:00+00,0
"Sempre ótimo atendimento, limpeza dos quartos, ótimo café da manhã e ótimo ambiente. Fácil localização e acesso para todos os pontos turísticos de Foz, excelente espaço de estacionamento, quartos limpos, atendimento cordial e vale cada momento.",10,2024-07-17 00:00:00+00,1
"Excelente. 
Os quartos ultra limpos. 
Banheiro ultra limpos. 
Check in, check out, rápido. 
Café da manhã, excelente.
Atendimento excelente.
São todos atenciosos, não faltou nada, na chegada e na saída. Ficamos 1 semana...,.............",10,2024-07-17 00:00:00+00,1
" Todo nuevo moderno, pulcro. Las habitaciones son de tamaño adecuado y cómodo. Sus instalaciones excelentes. Tiene gimnasio, pileta, bar y restaurante de primer nivel. Excepcional la ubicación frente al shopping Cataratas JL. Un hote excelente para el turismo business.  Falta de cubrecamas y frasadas. El aire acondicionado no calentaba lo suficiente.",9,2024-07-17 00:56:20+00,0
" Quarto confortável é bom atendimento  Ficamos no hotel 6 dias e um dos elevadores estava em manutenção por todo esse tempo, então sempre demorava 10 min pra conseguir subir e descer . 

Sugeriram de usar um outro elevador de serviço que passa pela cozinha e área de serviço hotel, bem desconfortável para os hóspedes.",8,2024-07-17 02:51:10+00,0
" la piscina es climatizada, punto extra! esta en frente del shopping que tambien suma muchos puntos. El desayuno muy completo y rico.",9,2024-07-17 16:12:29+00,0
"Excelente localização,  próximo a shopping. Quartos com acabamento impecável, limpeza e com espaço amplo.
Equipe atenciosa e sempre receptiva.
Café da manhã com várias opções.
Apresenta segurança aos hóspedes, com serviços de táxi a disposição.",10,2024-07-18 00:00:00+00,1
" Absolutamente tudo, limpeza, atendimento, café da manhã, decoração, tudo neste hotel é impecável.  Não tenho pontos a reclamar.",10,2024-07-19 00:27:46+00,1
" Essa acomodação é um excelente custo benefício. Hotel limpo, equipe cordial e sempre pronta para o atendimento, confortável, café da manhã ótimo, absolutamente excelente.  Gostei de tudo",10,2024-07-19 00:28:10+00,1
" Café da manhã, instalações, atendimento, limpeza e o cheiro delicioso na recepção!  Um dos elevadores estava e manutenção, o que dificultava o acesso aos andares. Porém, foi disponibilizado aos hóspedes tbm os elevadores de serviço e então não precisávamos esperar tanto!",10,2024-07-19 10:42:55+00,1
" El personal, sobre todo del restaurant y limpieza, espectacular 
Muy buen desayuno  No aceptan dólares para el pago. Tuvimos que cambiar a la llegada a un tipo de cambio muy malo para pagar el total de la estadía al entrar. Perdimos dinero.
Hay 2 ascensores y uno de ellos estuvo sin funcionar 4 de los 5 días de la estadía. Lo cual complicó enormemente el moverse dentro del hotel, que estaba full de ocupación.",6,2024-07-19 12:05:24+00,0
" Localização  O ar não estava funcionando corretamente e não consigo ficar em lugares totalmente fechados então ficou um pouco sufocante, pois só funcionou no ar quente",9,2024-07-19 13:43:44+00,0
" Good service. 
Cataratas JL Shopping convenient located across the street.  Cold in the lobby, lobbybar, and restaurant. 
Even on the 10th floor, you could hear the noise of the traffic in the street.",8,2024-07-19 14:52:55+00,0
" O atendimento da Lígia é incrível, o hotel é maravilhoso.",10,2024-07-19 23:06:23+00,1
" La ducha  El huevo del desayunó, tendría que estar más cocido",7,2024-07-20 00:34:48+00,0
Sempre fico neste hotel. Top,10,2024-07-20 00:58:23+00,1
 Ubicacion  Que no funcionaba el ascensor,8,2024-07-20 02:55:40+00,0
" Quarto, roupa de cama e banho, limpeza, café da manhã e a localização (em frente ao shopping)  No dia em que eu estava hospedada, tinha apenas um elevador social funcionando e o hotel estava bem cheio. Fora isso nada a reclamar.",10,2024-07-20 11:08:26+00,1
" Quarto muito bom.
O atendente antecipou o checkin p/ 11hs (normalmente é feito às 14hs).
Preço excelente pelo Booking (pela estrutura oferecida).
Localização muito boa, com shopping em frente. Perto de restaurantes (Uber saindo em torno de 10 reais o trecho).  Barulho da rua ouvido no quarto (isso porque era no último andar).
Deve ser melhor quartos dos fundos em comparação com a avenida e shopping.
Café da manhã com muitas opções mas OK.",9,2024-07-20 15:01:12+00,0
" Ótima localização em frente a shopping center, acesso fácil às atrações.  Variado e farto desjejum.",9,2024-07-20 15:24:59+00,0
"O hotel no geral é bom. Entretanto, o banheiro ficava todo molhado após o banho por problemas no box. A TV não tinha todos canais disponibilizados. Mesmo depois de chamar a manutenção os problemas não foram solucionados",6,2024-07-21 00:00:00+00,0
Be careful of the Tour people trying to fleece you for their Bodgea tours. I found a similar one at 1/6 of the cost.,6,2024-07-21 00:00:00+00,0
 Esqueceram das toalhas de banho,7,2024-07-21 00:05:29+00,0
" Localização excelente, ao lado do shopping. Quarto silencioso, espaçoso e muito confortável.  Cama maravilhosa. O quarto fica bem escuro, muito bom para dormir um pouco mais em alguns dias de passeio.
Funcionários da recepção, estacionamento e camareira muito educados e atenciosos.
Hall de entrada muito agradável.  Por ser um hotel 4 estrelas,  achei o café da manhã razoável. 
Funcionários da cozinha sempre de cara feia e apressados  esbarrando nos hóspedes para a troca das bandejas do self-service. Muitas vezes o espaço de reposição ficava vazio por bastante tempo. 
Os pães muito secos e pouca variedade dos pratos quentes ( que na verdade estavam sempre mornos).",10,2024-07-21 01:08:04+00,1
"Um dos melhores hotéis de Foz. Funcionarios cordiais, limpeza impecável. Área da piscina muito bem servida. Na recepção há um desk da Loumar para comprar ingressos para atrativos e transportes, o que facilita demais.",10,2024-07-21 12:03:15+00,1
" Atendimento dos funcionários, localização e café.  Camas e ar condicionado que não esquentava. Mesmo com a vinda do téccnico, esse afirmou que o hotel usa um aparelho para todos quartos de uma lado do andar, nunca vai funcionar direito.",7,2024-07-21 21:28:18+00,0
" Location, clean, and excellent breakfast.  NA",10,2024-07-21 21:36:14+00,1
"Hotel novo, bem localizado de frente ao Shopping. Suíte com bom espaço e iluminação. Café da manha muito bom, com bastante variedade. Utilizei apenas a área do bar, muito bom. Possui academia e piscina, mas não utilizei. Excelente para curtir Foz do Iguaçu.",10,2024-07-22 00:00:00+00,1
"Hotel bom, vale a pena",8,2024-07-22 00:00:00+00,0
" Breakfast is good
Gym facility is good
Room is clean
Bath room is very good  Elevator is slow
There are only stairs in front of the hotel, difficult to carry heavy luggage up to the lobby.  Fortunately, stuff will help if they are available.",10,2024-07-22 00:12:05+00,1
" Excelente hotel. Boa recepção, equipe atenciosa. Ótimo horário de café da manhã com mtas opções. Corredores silenciosos. Ducha maravilhosa!!!! Camas super confortáveis. Dormimos em uma Queen com uma criança de 5a conosco e dormimos muito bem. Rapidez com o carro, com as bagagens, orientações e tudo o mais bem esclarecidos. Pessoal sempre simpático. Espaço lindo, agradável, em frente ao shopping e próximo a todos os passeios que precisávamos fazer. Gostamos muito e indicamos!!!  Não tenho queixas. Quando chegamos, a TV não estava funcionando e o hotel estava lotado. Era mais de 21h e daí acho que não deu para verificarem, não sei.. Durante a madrugada, o áudio ligou sozinha, nos assustou, mas aí desligamos e Ok. Porém, no outro dia, quando solicitamos novamente, prontamente fomos atendidos, a TV trocada e tudo certo!",10,2024-07-22 13:52:36+00,1
"Muy hermoso hotel, tuvimos una buena experiencia, muy bien ubicado frente al shopping Cataratas. El Desayuno es increíble. Lo único que el aire acondicionado no calentaba mucho en la habitación fuimos en invierno, de igual manera era grande y cómoda.",10,2024-07-22 23:56:06+00,1
"O hotel é muito novo , com excelentes quartos e ótimo e variado café da manhã ! A academia é simples mas dá pra usar ! A facilidade de estar em frente ao shopping é o diferencial ! Escolha quartos que não fiquem de frente para avenida ! É mais silencioso .",10,2024-07-23 09:31:45+00,1
" Small room, few amenities.",6,2024-07-23 16:55:58+00,0
" O café é bom mas nada surpreendente. Tem uma variedade ok mas os pães sempre bem ""borrachudinhos"". Faltou pães e bolos mais macios e saborosos.",9,2024-07-23 18:49:48+00,0
" A estrutura é móveis do hotel São magníficos.  Travesseiro e camas não são confortáveis, ou seja o principal que é uma noite de sono boa, não conseguimos.",7,2024-07-23 20:46:13+00,0
"Excelente estadia. Localizao perfeita, varias opções de refeição por perto, um shopping em frente com mercado. E assim, gostaria ate de agradecer o checkin que deixaram fazer mais cedo, assim que chegamos liberaram nossa entrada! Muito bom! Quarto super confortável, e um incrível café da manha.",10,2024-07-24 00:00:00+00,1
" Gostei de tudo,  da localização em frente ao shopping, do conforto da cama, iluminação moderna e confortável para leitura e itens de cama Boa qualidade. Restaurante e bar muito bom. Ótimo atendimento por parte dos funcionários. Café da manhã excelente. Sempre fico nesse hotel.  do Wi-Fi fraco e por ser mês de julho estava lotado.",9,2024-07-24 00:20:11+00,0
" Situación dentro de la ciudad, frente a un gran centro comercial y relación/precio. Buen bufé de desayuno.",10,2024-07-24 10:59:20+00,1
 Hotel muito confortável. Recomendo.,10,2024-07-24 11:11:29+00,1
Muito conveniente para negócio ou lazer .,10,2024-07-24 21:19:53+00,1
 Tamanho cama  Tamanho toalhas. Muito pequenas,10,2024-07-24 21:29:10+00,1
" Location is great! Just in font of the big mall. 
Very helpful staff!  Walls are too thin. I could hear my neighbours.",8,2024-07-24 23:47:01+00,0
"Excelente Hotel, café da manhã e acomodações muito boas. Colaboradores educados e solícitos. Tudo muito limpo e novo, localização privilegiada. Se tiver oportunidade voltarei, Indico sem ressalvas. Minha experiência foi perfeita 😃😃",10,2024-07-25 00:00:00+00,1
 Excelente e variado café da manhã  Nada,10,2024-07-25 09:34:28+00,1
" Chegamos mais cedo, nos deixaram fazer o Checkin antecipado, o que é uma raridade. Café da manha perfeito, muita variedade e tudo delicioso. Cama gigante e confortável, banheiro muito bom e  chuveiro com agua volumosa e quentinha. Quarto escuro!",10,2024-07-25 13:41:09+00,1
Excelente hotel,10,2024-07-25 14:37:25+00,1
Vou sempre à Foz e fico em hotéis variados. Este é o que mais gostei na região mais central. Serviço muito bom; ck in e ck out rápidos; quarto confortável com boa vedação das cortinas; cama muito boa e chuveiro também. Para melhorar: internet fica lenta nos horários de pico e TV com poucos canais disponíveis.,10,2024-07-25 20:55:01+00,1
" Da limpeza, organização e localização e funcionários muito prestativos e educados, café fantástico  A acústica não é boa.",9,2024-07-25 22:52:17+00,0
"Gostei muito do apto que fiquei. Uma decoração sofisticada, iluminação perfeita, banheiro amplo, itens de cama e banho de Boa qualidade, tecnologia nos elevadores com cartão ótimo café da manhã, Boa localização e excelente atendimento por parte dos funcionários.",8,2024-07-26 00:00:00+00,0
 El personal muy amable y todo funciona muy bien  Nada,10,2024-07-26 03:08:10+00,1
"Excelente hotel, localização muito boa de frente para o shopping, serviço excepcional, restaurante interno muito bom.",10,2024-07-26 16:54:06+00,1
"Había leído comentarios negativos sobre la limpieza y los ruidos, pero nosotros no tuvimos ningún problema. No sé escuchan ni los ruidos de la calle y eso que nuestra habitación daba a la avenida. 
Fuimos en familia y nos dieron dos habitaciones conectadas, muy cómodo y amplio, los chicos con una cama cada uno y su baño, excelente para la organización familiar!!
El hotel es muy lindo. Tiene ascensores panorámicos. El hotel está frente al shopping y a un supermercado grande, dónde tambien se puede almorzar.
Nosotros cenamos en el hotel por comodidad, y la comida y la atención súper agradable.
Tiene piscina y espacio para sentarse a disfrutar del aire libre.",10,2024-07-27 00:00:00+00,1
" A localização é ótima. A limpeza e o conforto do hotel nota 10 também. Eu fiquei no 10° andar, a visão era linda. A atenção dos funcionários merece um destaque especial; eles são muito simpáticos e estão sempre à disposição.  Precisei de um computador  para comprar ingressos, devido a um problema no celular,  e não havia disponibilidade.
Creio que o estacionamento poderia estar incluso.",9,2024-07-27 00:31:16+00,0
 Sauber / gute Lage  Das Personal ist freundlich aber nicht mehr ! Sie machen ihren Job aber ich fühlte mich nicht als Gast besonders verwöhnt,8,2024-07-27 02:12:13+00,0
" Hotel muito bem localizado e ótimo café da manhã, quarto silencioso e espaçoso.  Gostei de tudo.",10,2024-07-27 10:07:51+00,1
" Friendly service (one of the maintenance guys even fixed my wife's glasses while we were there), convenient location right across a shopping mall, very nice breakfast with lots of options, comfortable and clean rooms. Our room was listed with a queen bed but it seemed larger than a king bed.  Nothing",10,2024-07-27 14:56:31+00,1
" La ubicación, el personal salvo el personal al momento del check out (balcón) dado que le faltó calidez en el trato. En el desayuno el personal que limpiaba las mesas no era delicado en el manejo de los cubiertos (muy ruidoso) y en algún caso no pidió permiso para retirar los platos.
El hotel en cuanto a edificio.  Ruido exterior, ducha de limpieza íntima goteaba, luces blancas.
Ascensores escasos y con problemas. Tuve con salir (check out) por el área de servicio para llegar al Sub suelo 1.",8,2024-07-27 15:54:46+00,0
" Había leído comentarios negativos sobre la limpieza y los ruidos, pero nosotros no tuvimos ningún problema. No sé escuchan ni los ruidos de la calle y eso que nuestra habitación daba a la avenida. 
Fuimos en familia y nos dieron dos habitaciones conectadas, muy cómodo y amplio, los chicos con una cama cada uno y su baño, excelente para la organización familiar!!
El hotel es muy lindo. Tiene ascensores panorámicos. El hotel está frente al shopping y a un supermercado grande, dónde tambien se puede almorzar.
Nosotros cenamos en el hotel por comodidad, y la comida y la atención súper agradable.
Tiene piscina y espacio para sentarse a disfrutar del aire libre.
Además tenía instalaciones para personas con dificultad motriz y barras de seguridad en los baños que es la primera vez que veo en un hotel, y eso q he viajado mucho!!",10,2024-07-27 21:12:17+00,1
" Excelente café da manhã com muita variedade, localização em frente ao shopping JL e um posto de atendimento da agencia de turismo dentro do hotel.  Só não gostei quando percebi no aeroporto que meu carregador power bank nao estava na mochila. A mochila tem espaço proprio para o power bank, fica proximo ao ziper, facil de abrir e manipular, e só fui sentir a falta quando precisei carregar o celular no aeroporto.",10,2024-07-28 13:16:07+00,1
" Hotel muito bom, café da manhã maravilhoso, colaboradores muito atenciosos .  Apenas o ar condicionado do quarto não funcionou, estava muito quente.",10,2024-07-28 13:45:42+00,1
" É difícil especificar o que há de melhor no hotel,  pois tudo é muito bom. Vou pontuar dois aspectos muito relevantes: a localização por estar em frente a um shopping e a qualidade do café da manhã.",10,2024-07-28 14:58:58+00,1
 Café  Wifi,8,2024-07-29 00:23:28+00,0
 Cama confortável,10,2024-07-29 11:21:20+00,1
 La ubicación y el desayuno,10,2024-07-29 15:44:17+00,1
"O hotel é lindo ! Novo , moderno , cheiroso e super bem localizado ! Café da manhã muito bom ! Quartos ótimos , chuveiro também . A única ressalva que já tinha lido em alguns comentários são as toalhas do quarto pois realmente são bem finas e ásperas ,o que para o padrão do hotel não combina , somente para agregar como melhoria . O atendimento é muito bom ! Voltaremos com certeza !",10,2024-07-29 20:01:10+00,1
 Tudo na nossa estadia foi muito bom  Nada,9,2024-07-29 20:23:53+00,0
" Iluminação, decoração.  Wi-Fi no quarto. A porta do banheiro não fecha. Cama faz barulho",9,2024-07-29 23:52:04+00,0
" Atendimento cordial e eficiente, ótimas instalações, localização, restaurante e café da manhã ótimos.  toalhas de banho muito gastas e não havia no quarto a opção ""não perturbe"" caso quisesse avisar que não precisaria de limpeza no quarto, o que economizaria os serviços desnecessários do hotel...",8,2024-07-30 12:54:06+00,0
" Café da manhã muito bom, com qualidade, variedade e reposição rápida.",10,2024-07-30 16:10:31+00,1
"Excelente estadía, buena ubicación, excelente desayuno, limpio y personal muy amable atención las 24 horas. 100% recomendado. Al frente cuenta con un Mall donde se encuentra de todo, plaza de comidas, variedad de tiendas y supermercados.",10,2024-07-31 00:00:00+00,1
"Ótima localização, ótimo restaurante, ótimo quarto. Atendimento muito bom pelo pessoal do hotel. O café da manhã é bom. O único senão é a piscina que não bate sol em nenhum horário e os elevadores na parte da manhã, insuficientes para o movimento do hotel.",8,2024-07-31 00:00:00+00,0
" Equipe atenciosa e muito prestativa, fiquei muito satisfeito  Localização do hotel",9,2024-07-31 00:39:51+00,0
 El menú del desayuno,10,2024-07-31 00:59:18+00,1
 Hotel novo quartos confortável ótima localização o restaurante do hotel e muito bom  Café da manhã deveria ter mais opções,10,2024-07-31 01:02:28+00,1
 Localização excelente,10,2024-07-31 13:33:58+00,1
"Hotel maravilhoso, conforto boa comida apartamento limpo e cama macia, mas o que me chamou a até foi o atendimento personalizado e solicito da Roseli maître, sempre atenta s tudo…
Equipe de garçons bons e simpáticos 
A Patrícia muito atenta a todos
Cozinha a Roseli comentou que tem um time muito bom, feito pelo Alceu Vieira  um cardápio maravilhoso e que se vc tiver de dieta esqueça rsrs…
Tudo muito bom pessoal, vale a pena
Cozinha show de tapioca e omeletes maravilhosas 
Meninas educadas, Geni, Ivonete, Edson, Elezia…
Excelentes, voltaremos em breve
Parabéns Mabu Thermas",10,2024-08-01 00:00:00+00,1
 la gente. excelente atención,10,2024-08-01 13:33:39+00,1
Cobram estacionamento até para motos,8,2024-08-02 00:00:00+00,0
"O hotel está estrategicamente localizado em frente ao shopping JL, que além de supermercado tem boas opções de restaurantes (destaque para o árabe All Badawi). No lobby está localizado o balcão da Loumar onde você pode agendar excursões etc. Ótimo café da manhã, hotel limpo, quartos amplos.",10,2024-08-02 00:00:00+00,1
" Nice hotel, looks new inside. Massive bed in the room (California King?). All the facilities you would expect from a 4 star hotel.  Breakfast was good but I really didn't enjoy those scramble eggs and sausages. Good selection of pastries though.",9,2024-08-02 02:01:37+00,0
" O hotel tem uma decoração moderna, quartos são amplos e bem arejados! Pedimos quarto conjugado e foi excelente pois estávamos viajando com filhos adolescentes! O café da manhã é muito bom e variado. O restaurante do hotel tb serve boas refeições à noite! Academia em ótimas condições. O hotel fica em frente a um shopping, com várias facilidades por perto! Se estiver de carro tem estacionamento e é bem fácil se deslocar aos parques. Ah, e dos andares mais altos a vista é espetacular!  A piscina dizia ser aquecida mas estava fria.
Poderiam disponibilizar uma água  no quarto na chegada e ter cafeteira.",10,2024-08-02 02:06:18+00,1
"Estive no hotel essa semana com meu esposo e meu filho.
Nunca havíamos nos hospedado lá.
A recepção é muito bonita,limpa e os funcionários sempre educados.
O elevador está dando medo, fica dando uns trancos.
O quarto muito pequeno para 3 pessoas,e pasmem é o dobro do preço de um quarto de casal.
A cama de solteiro é horrível, muito pequena.
Meu filho ficou super mal acomodado.
O colchão de casal e de solteiro são horríveis.
Todos os dias acordávamos com dor na coluna.
Na minha opinião deveriam trocar esse colchão urgente.
Não recomendo o hotel",6,2024-08-02 18:20:51+00,0
" A localização é boa, bem de frente ao shopping JL Cataratas.  Os funcionários são solícitos e atenciosos.  O café da manhã é bom, com boa variedade e bom atendimento.  O quarto não possui bom isolamento acústico mesmo as janelas sendo lacradas, pois o barulho da avenida é constante e chega a incomodar dentro do quarto.  As camas são péssimas.  A cama de solteiro é uma cama dobrável, do estilo de cama de acampamento e o valor que cobram pelo quarto com 3 pessoas é praticamente o mesmo valor de reservar 2 quartos.  A cama de casal o colchão é de molas, horrível, que afunda muito e que impossibilita uma boa noite de sono devido a dores no corpo dado a instabilidade do colchão.",5,2024-08-02 23:36:05+00,0
" A localização é boa, bem de frente ao shopping JL Cataratas.  Os funcionários são solícitos e atenciosos.  O café da manhã é bom, com boa variedade e bom atendimento.  O quarto não possui bom isolamento acústico mesmo as janelas sendo lacradas, pois o barulho da avenida é constante e chega a incomodar dentro do quarto.  As camas são péssimas.  A cama de solteiro é uma cama dobrável, do estilo de cama de acampamento e o valor que cobram pelo quarto com 3 pessoas é praticamente o mesmo valor de reservar 2 quartos.  A cama de casal o colchão é de molas, horrível, que afunda muito e que impossibilita uma boa noite de sono devido a dores no corpo dado a instabilidade do colchão.",5,2024-08-02 23:37:30+00,0
" New hotel, nice and clean. Comfortable bed. Cozy restaurant. In front of the shopping mall. Good breakfast. Real 4 stars hotel.  All was according to expectation. We stayed there for one night only.",8,2024-08-04 10:44:06+00,0
 Quarto bonito e móveis modernos  O ar do quarto não estava funcionando,6,2024-08-04 22:47:18+00,0
"Mesmo sendo um hotel mais executivo, fui em família e fomos muito bem recebidos, o hotel é lindo, cama confortável e quarto espaçoso, limpeza impecável, atendimento excelente, café da manhã caprichado, localização muito boa! Tudo perfeito!",10,2024-08-05 00:00:00+00,1
"Hotél ótimo e bem localizado, em frente ao shopping da mesma rede. Aliás, no shopping tem um restaurante arabe (All Badawi) que nos surprendeu. 
Único ponto negativo do hotel é que não tinha bacon no café da manhã. ;) Mas isso é apenas um detalhe simples de implementar.
Enfim, o hotel nos atendeu super bem. Recomendo!",10,2024-08-05 00:00:00+00,1
"A clean, modern hotel which should have been perfect but let down by (some) grumpy staff both on reception and in the dining room. The check in experience was pretty abysmal and I felt we were tended to by someone who felt we were an inconvenience to her! The guy who took our bags to our room was the complete opposite however - very friendly. The restaurant food wasn’t the best either I’m afraid. We ate in the restaurant once but decided to eat outside afterwards. The restaurant manager was perfectly friendly but there was one guy (wait staff) who obviously hated his job and let it show! We ordered the chicken soup which consisted of a mass of long thin rubbery strands of chicken and scrapings of carrot- all quite inedible! The main course was better - pasta al fredo.",6,2024-08-05 00:00:00+00,0
" Ótima localização, tudo limpinho, recepcionista muito simpático e atencioso, café da manhã muito bom, para quem não gosta de cafe de máquina como nós, um cafezinho coado faz toda diferença!  Não tive nada a reclamar.",9,2024-08-05 11:47:33+00,0
" Café da manha excepcional.
Equipe do hotel extremamente educada e prestativa.
Excelente localização. O hotel ainda fica na frente de um Shopping.
Quarto espaçoso. Cama enorme.
Tudo perfeito!",10,2024-08-05 12:14:03+00,1
 Excellent location and services. Also the local service/support to contract tours was amazing.  The access to car could be facilitated.,9,2024-08-05 18:35:33+00,0
Muito satisfeita,10,2024-08-06 00:00:00+00,1
The service was great. They were very helpful. The hotel was clean. Very pleasant. Will book again.,10,2024-08-06 00:00:00+00,1
"En general muy buena experiencia, amabilidad del personal, limpieza del lugar, el desayuno muy variado, rica la comida y tragos del restaurante.
Aconsejaría arreglar el calefactor de la habitación y que la persona que hace la cama, lo haga de manera más prolija. El menú del restaurante no era muy variado.",10,2024-08-06 00:00:00+00,1
" Excelente quarto, limpo, organizado, com tamanho muito bom.  Isolamento acústico ruim no quarto que ficamos, escutamos tudo que o vizinho fazia, inclusive precisei ligar na recepção pela madrugada, e a tv ficava piscando o tempo todo, como se estivesse desligando",9,2024-08-06 08:04:21+00,0
 Tudo!  Nada,10,2024-08-06 09:18:18+00,1
" Café da manhã muito bom, garagem disponível com custo (R$ 28/dia), equipe bem atenciosa.  Poucas pessoas no check in/check out.",9,2024-08-06 10:17:14+00,0
" Boa tarde!
Quer dar os parabéns ao recepcionista Pierre, vou super atencioso. Excelente profissional.",9,2024-08-06 16:04:13+00,0
" O hotel é belíssimo, o aroma do ambiente é ótimo, o café da manhã é excelente e com uma extensa variedade. O quarto é muito bonito, confortável e extremamente limpo. Com certeza irei me hospedar novamente.",10,2024-08-07 01:16:35+00,1
" Excelente hotel! Quarto super confortável, atendimento excelente, café da manhã farto, saboroso, de ótima qualidade. Recomendo com toda certeza.  Gostei de tudo. Se posso recomendar algo, é apenas para que continuem; que mantenham o bom nível de atendimento sempre.",10,2024-08-07 13:42:57+00,1
Servicio muy bueno. El desayuno excelente. Todo perfecto,10,2024-08-07 23:32:55+00,1
 A estadia foi excelente. Quarto muito confortável. Café da manhã muito bom. Equipe e localização muito boas.,9,2024-08-08 16:35:34+00,0
"Ótima localização...quartos limpos ..cama confortável...café da manhã maravilhoso...
Segunda vez que me hospedo nesse hotel e nada a reclamar",10,2024-08-08 19:56:17+00,1
"El hotel en general super lindo y bien ubicado, limpio y muy bien cuidado. La cama sí extremadamente dura y no tenian edredón :(
El desayuno normal, los huevos no me gustaron mucho y la naranja del desayuno no era rica, el resto super bien en general.",6,2024-08-09 00:00:00+00,0
 Everything,10,2024-08-09 00:13:20+00,1
 Localização e limpeza  Não tenho queixas,9,2024-08-09 12:58:01+00,0
" MUITO BOM, TRANQUILO",10,2024-08-09 13:02:07+00,1
 Ótima localização. Colaboradores atenciosos. Limpeza impecável. Café da manhã muito bom.  Nada a apontar.,9,2024-08-10 10:03:16+00,0
" Hotel muito bonito , quartos amplos e confortáveis . Café da manhã com várias opções",10,2024-08-10 10:28:30+00,1
" Super Lage, edle Ausstattung, mega Frühstück. Nettes Personal.  Klimaanlage etwas laut",9,2024-08-10 20:33:21+00,0
"Excelente localização, serviço e infraestrutura.",10,2024-08-11 00:00:00+00,1
" No tengo nada de qué quejarme! Hotel precioso y cómodo a la vez, me hubiera gustado tener más tiempo para haber quedado más días.",10,2024-08-11 14:37:44+00,1
 The facility and staff were excellent. Very professional. I was happy the desk staff spoke english as I was travelling from canada. The location across from the shopping center was perfect and was central to restaurants and bars. Highly recommend,10,2024-08-11 16:57:46+00,1
" Ubicación  Los almohadones eran muy incómodos, mucho ruido",8,2024-08-12 00:02:10+00,0
 Todo !!,10,2024-08-12 00:06:27+00,1
" O hptel ficou de enviar as NFs do pagamento e, até o momento não enviaram, 4 dias apos o check out. INCRIVEL",7,2024-08-12 11:31:19+00,0
" It's a sure choice in a city where picking a hotel can be tricky! The alternatives are either old, too expensive or both. This is brand new hotel very well located, in front of a good shopping center with many stores and options to have lunch/dinner. The staff is kind and efficient, the facilities are new, clean and beautiful. Nice breakfast too.",10,2024-08-12 12:30:20+00,1
" Do apartamento, do restaurante.",10,2024-08-12 12:43:11+00,1
 Siempre muy buena atencion y ubicación excelente. Precio calidad buena,10,2024-08-12 20:05:20+00,1
" Quartos grandes, limpos, modernos, hotel em geral muito bonito.  Atendimento LIXO, nota zero, equipe trata você bem pelo carro que você chega pra fazer check-in",1,2024-08-12 22:43:25+00,0
"Pontos positivos: localização, quarto confortável e limpo, e café da manhã.
Pontos negativos: demora excessiva para que o carro fosse trazido do estacionamento e preço do estacionamento divergente entre o site e o balcão.",8,2024-08-13 00:00:00+00,0
"Hotel muito bem localizado em frente ao Shopping JL que possui varias opções para alimentação e um supermercado. Ponto de táxi e ônibus em frente, inclusive com um ônibus que leva até Ciudad de Leste por R$ 15,00 e evita a fila da imigração. Atendimento de todos os funcionários excelente. Todos muito educados e solicitos. Café de boa qualidade. Limpeza muito boa. Wi-Fi de boa qualidade. Só não gostamos da qualidade dos travesseiros: muito alto e duro e nos causaram dores no pescoço. Toalhas um pouco ásperas.",8,2024-08-13 00:00:00+00,0
 A conservação e manutenção do hotel é excelente,10,2024-08-13 09:44:54+00,1
 Das instalações,9,2024-08-13 11:35:33+00,0
" Sensacional! Diversas opções de paes, bolos, doces e salgados. Opções de cafés de máquina e passado. Estação de tapioca e muitas opções de frutas e pratos quentes.",10,2024-08-13 11:43:29+00,1
" Siempre impecable, es un hotel que suelo visitar mucho, tiene muy buen desayuno y una maquina de cafe que hace ricos cafe, jugos naturales y una variedad de panes, tortas, frutas y comidas en general",10,2024-08-13 12:40:12+00,1
Melhor não precisa! Tudo perfeito!,10,2024-08-14 17:38:57+00,1
"Muito bom o hotel, excelente serviço e excelente acomodação.",10,2024-08-14 23:22:19+00,1
" Padrão de qualidade na acomodação. Localização excelente, hotel novo.  Estrutura,limpeza, café da manhã…",9,2024-08-16 11:15:15+00,0
 Tudo perfeito,9,2024-08-16 15:35:25+00,0
 localização e conforto  preço alto.,8,2024-08-16 21:34:48+00,0
"O hotel é muito bom, já me hospedei diversas vezes aqui no verão .Café da manhã maravilhoso, muitas opções, ovos e tapiocas que tinhas pedidas na hora. Quarto silencioso, ótimo chuveiro, lençóis limpos e toalhas cheirosas.
Pontos a melhorar: Colocar uma rampa de acesso na recepção ou funcionários para ajudar com as malas. Malas e caixas de vinhos que não tem como acessar se não for usando o elevador de cadeirante ou subir os degraus no braço . Outro ponto crítico é o ar condicionado. Embora split no quarto fui informada que é central e não posso regular a temperatura que eu quero. Estava calor e o ar frio não abaixava menos que 19 graus , porque a temperatura lá fora estava menor. E eu com isso? Desculpa mais que esfarrapada. Não me hospedei em um albergue para aguentar uma temperatura média porque o ar é central . Por este ponto importante para mim eu não voltaria neste hotel. Desta vez vim no inverno e passei calor no apartamento. Dormi muito mal.",8,2024-08-17 00:00:00+00,0
" Great facilities, close to local amenities. The rooms were large and the bed was massive! The breakfast was great.  Nothing to complain about!",10,2024-08-17 00:02:09+00,1
"No está en el centro pero muy bien comunicado con transporte público, muy buen desayuno, consulten por platos al mom nto, omelette por ejemplo",8,2024-08-17 11:57:00+00,0
 Bom atendimento e conforto.  Gostei de tudo.,10,2024-08-17 19:48:39+00,1
" Buenas instalaciones, actualizadas, limpias. Personal Servicial. Todo excelente  El teléfono de la habitacion no funcionaba",9,2024-08-18 00:46:57+00,0
" Great location. JL Mall is right across the hotel. It's super handy & have a food-court too and lots of coffee shops etc...
Breakfast was yummy with plenty of selections. Had a fillet mignon for dinner and it's pretty good.
Room is modern and spacious, but mine is facing west re: afternoon sun, but I had a pleasant stay overall.  The check-in guy wrote me down as Americano, even though my Australian passport is clearly written at the front. LOL.
It wasn't a busy time ...... so ? who knows. But no big deal.",9,2024-08-18 02:55:41+00,0
"Boa no geral, embora quando precisei ligar para a recepção, várias tentativas e o ligação não foi atendida. Liguei no restaurante e a pessoa muito gentil encaminhou minha demanda por mais cobertores. Absurdo uma recepção, centro nervoso do hotel, não atender a ligação interna de um hóspede.",8,2024-08-18 07:53:28+00,0
"Excelente opção de hotel em Foz. Localização ótima, ao lado do Shopping e entre Ponte da Amizade e Argentina. Aproximadamente 7 km de cada acesso. 
Conta com quarto amplos e limpos, cama grande e chuveiro forte. Restaurante também com excelentes opções e atendimento cordial.",10,2024-08-19 00:00:00+00,1
Deben ajustar la actitud de servicio del personal. Los ascensores son insuficientes en horas pico. Pero el hotel es cómodo y bien ubicado frente a un Centro comercial muy completo. Desayuno bueno y comedor amplio. Deben enfatizar la atención y reconocer los clientes frecuentes.,8,2024-08-19 00:00:00+00,0
"Ótimo hotel!
Funcionários proativos, atenciosos e cordiais.
Ambiente muito acolhedor, limpo e organizado.
Habitação confortável, com ótima condição de higiene e arrumação.
Ótima localização, próximo ao comércio, restaurante e infraestrutura de transporte.",10,2024-08-19 00:00:00+00,1
" Ótima localização, café da manhã excelente, instalação confortável e um cheirinho maravilhoso",10,2024-08-19 00:44:45+00,1
" Localização.  No café da manhã, diversos itens estavam frios, em todos os dias, como salsicha, ovos mexidos, calabresa.
A fechadura do quarto que meu pai estava hospedado pifou. Demorou, por volta, de umas 3 horas para abrirem. Ele já tem idade e teve que ficar do lado de fora esperando. Se não fosse ele pressionar e ''brigar'' na recepção, teria demorado ainda mais.",7,2024-08-19 02:45:27+00,0
 Cortina do quarto veda bem a luz. Silencioso e equipe toda muito atenciosa,10,2024-08-19 18:17:39+00,1
" O café da manhã  O atendimento no front desk não é simpatico, burocrático, é um hotel que parece destinado mais a negócios do que para turismo.
A recepção difícil de contactar. No telefone só são disponíveis 2 números, recepção e cozinha.
Ligamos para a recepção para pedir um edredom a noite pois estava um pouco frio, após ligarmos 5 vezes, não fomos atendido. Tentamos o ramal da cozinha, e uma pessoal atenciosa acabou nos auxiliando, mas o pessoal da cozinha nos ajudou, não a recepção.
Fiquei no 5o andar no lado da frente do Hotel, é super ruidoso, fica  uma avenida muito movimentada em frente a um shopping.",6,2024-08-19 23:17:25+00,0
"HOTEL SENSACIONAL. TUDO NOVO E ELEGANTE, FICA EM FRENTE A SHOPPONG O QUE FACILITA BASTANTE A VIDA. FUNCIONARIOS MUITO ATENCIOSOS E RAPIDOS PRA RESOLVER NOSSAS NECESSIDADES.
OS TRAVESSEIROS SÃO MUITO MACIOS
PESSOAL DO RESTAURANTE A NOITE SÃO MUITO CORDIAIS.",10,2024-08-20 00:00:00+00,1
Excelente localização e muito conforto,10,2024-08-20 01:37:32+00,1
" Muito bom, hotel moderno e aconchegante  A internet nao foi rapida nos quartos",8,2024-08-20 19:29:07+00,0
"Confortável, bem localizado",8,2024-08-21 00:00:00+00,0
 Cama  Vaso banheiro,8,2024-08-21 00:03:33+00,0
"Localização boa, em frente ao shopping JL Cataratas, quarto aconchegante, com opção para 3 pessoas, bom chuveiro e tem secador profissional.
Há uma piscina que parece ser climatizada
O que pode melhorar: cobertor fino e áspero, elevador abafado.",8,2024-08-22 00:00:00+00,0
"Hotel com localização excelente, muito novo, chuveiro maravilhoso e café bom. Porém, achei os colaboradores da recepção pouco receptivos, não são todos, mas a maioria. Na hora de sair, apenas perguntaram da taxa de turismo e nem um tchau ou boa viagem. Comparando a outros hoteis da região sul q já fiquei..faltou um pouco mais simpatia.",8,2024-08-22 12:59:11+00,0
" Limpeza, café da manhã muito bom, cama confortável.  A academia requer maior manutenção dos aparelhos.",9,2024-08-22 13:03:09+00,0
 Si departamento  La zona,9,2024-08-22 18:54:05+00,0
Limpa e bom atendimento. Cafe da manhã ótimo.,8,2024-08-23 00:00:00+00,0
"Hotel bem localizado, bom café da manhã, lindo hall de entrada. Bom restaurante. A limpeza do quarto ficou um pouco a desejar. O ponto negativo; travesseiros HORRÍVEIS. Estou com dores no pescoço até hoje 3 dias depois",10,2024-08-24 00:00:00+00,1
" Limpeza, cortesia  Nada",10,2024-08-24 10:29:29+00,1
" Sinceramente gostei de tudo vcs estão de PARABÉNS  Gostei de tudo 
Nada negativo",10,2024-08-24 11:59:37+00,1
" Modern and clean  Staff were a bit stand off, didn't seem overly friendly",9,2024-08-24 19:49:35+00,0
" El hotel está lindo. El desayuno muy rico, completo  Por el precio me esperaba más, y al final termine pagando un poco más de lo que salía en Booking..",8,2024-08-25 03:31:45+00,0
" Gosto de tudo. O quarto, o banheiro. Tudo limpo e organizado!  Nada a reclamar, a não ser o custo elevado dependendo da data.",10,2024-08-25 17:59:37+00,1
 EXELENTE,9,2024-08-26 11:13:11+00,0
 Do banheiro.  Quarto pequeno.,8,2024-08-26 13:01:08+00,0
Muito bom o lugar recomendo,6,2024-08-26 15:40:24+00,0
" Em frente ao shopping, disponibilidade de travesseiros com diferentes modelos, bom café da manhã com um bom espaço  A piscina é pequena, porém é aquecida",9,2024-08-27 12:41:42+00,0
"Hotel com estrutura nova, bem limpo, atendimento ótimo, cama confortável café da manhã bem variado.",10,2024-08-28 00:00:00+00,1
 Limpeza  Nada que mereça comentário,8,2024-08-28 12:36:23+00,0
 El desayuno  Por ahí le falta un espacio para niños,10,2024-08-28 20:05:45+00,1
" La facilité check in check out,  le peu de personnel parlant anglais, l'excellent petit-déjeuner,  le très bon restaurant de l'hôtel, le centre commercial en face pour manger au poids  La vue de la chambre (un détail pour 2 nuits)",8,2024-08-28 21:33:55+00,0
"Muito boa a estadia em todos os sentidos, um ótimo café da manhã,  com produtos para quem tem intolerância a lactose. Muito bom, equipe de primeira.",10,2024-08-28 21:38:52+00,1
" Muy lindo hotel , moderno limpio muy atento el Personal  Todo me gusto",10,2024-08-28 22:04:04+00,1
"Estrutura impecável, atendimento excelente como sempre de toda equipe, manobristas, recepcionistas, camareiras. Café da manhã é completo e muito bom, quarto limpo e confortável. Localização excelente, fácil para acessar restaurantes e atividades na cidade.",10,2024-08-29 00:00:00+00,1
"Quase tudo muito bom, mas a internet é impossível de ser utilizada, pois é somente wifi e de péssima qualidade o que nos inviabiliza trabalhar.
Sugiro que disponibilizem cabo com melhor infra para os hóspedes, caso contrário teremos que buscar alternativas para nossas constantes hospedagens em Foz e CDE",6,2024-08-29 00:00:00+00,0
"O hotel, no geral, é excelente. Tirando a desfeita e falta de educação de uma recepcionista da manhã (ruiva). 

No check-out, queriam que eu fosse embora sem o meu troco, sendo que, na ocasião de reservar, nem um desconto oferecem. Eu não voltaria, tem outros hotéis com valores bem mais acessíveis financeiramente e com muito mais vantagem.",6,2024-08-29 00:00:00+00,0
"Hotel excelente , ótima localização, cordialidade, serviços e conforto. 
Quarto muito amplo, roupas de cama e banho de primeira qualidade, serviço de restaurante maravilhoso, caé da manhã completíssimo, serviços dos colaboradores realmente de qualidade e gentileza.
Eu recomendo.",10,2024-08-29 00:00:00+00,1
Confortável e bem localizado. Equipe bem treinada e atenciosa. Café da manhã bem servido. Recebemos da equipe da recepção a indicação de um motorista que fez toda a diferença em nossa viagem. A proximidade com o Shopping também é diferencial quando estamos em grupo. Voltaremos com certeza!,10,2024-08-29 00:00:00+00,1
 Atendimento .  Camas .,8,2024-08-29 17:58:12+00,0
 A localização é excelente. O quarto tem uma boa vedação do barulho dos carros na avenida. O café é excelente e tem tapioca a pedido para o garçons  A piscina ao lado do restaurante não é legal por falta de privacidade.,10,2024-08-30 17:18:54+00,1
 A localização é ótima e o quarto confortável  As toalhas de banho não condizem com o hotel. Falta bacon no café da manhã,9,2024-08-30 20:46:36+00,0
 Localização.  Limpeza.  Atendimento.  Eficiencia dos funcionarios.  Cafe bom.  Academia.,10,2024-08-30 22:26:02+00,1
"Hotel muito bom, já fiquei outras vezes.
Atendimento Excelente.
Deixou a desejar que o ar condicionado não estava funcionando corretamente para o ar quente, quarto estava muito gelado, foi chamado o técnico duas vezes e não resolveu.",6,2024-08-31 00:00:00+00,0
 Localização,7,2024-08-31 14:05:29+00,0
" Cama enorme e confortável, travesseiros ótimos, tudo com uma roupa de cama limpa e cheirosa.  O chuveiro era excelente e a localização muito boa. Café da manhã gostoso e bem variado.  O quarto que peguei estava um freezer, terrivelmente gelado, só não pedi pra trocar porque ficaria uma noite só. O ar condicionado não esquentava, e a janela não parecia estar bem vedada, por isso acho que o quarto esfriou. Talvez seja um problema apenas na unidade 622, mas estragou minha experiência porque todo o resto das instalações do hotel são realmente muito boas.",7,2024-08-31 16:55:59+00,0
" Todos os funcionários são muito prestativos, o hotel é muito bem localizado e também possui um belo café da manhã  Tudo muito bom",10,2024-09-01 02:33:11+00,1
" El hotel es muy grande, la cama era muy cómoda y la habitación amplia. Cenamos 3 días allí porque nos encantó la carta, se cena fenomenal.  Poca variedad en el desayuno y la piscina estaba un poco sucia",9,2024-09-01 15:29:14+00,0
" Hotel novo, bem decorado e bem localizado",10,2024-09-01 23:04:40+00,1
"SÓ ACHEI PÉSSIMO OS ELEVADORES, sem sincronia adequada, e muito lentos",10,2024-09-02 00:00:00+00,1
" Sim, boa localização, mesas suficientes variedade de sucos e opções de comida.  A parte de queijos e guarnições quentes. A parte da cozinha para fazer algo diferente se tem não foi oferecido, como omeletes, tapiocas, etc.",8,2024-09-02 00:25:56+00,0
" DA localização, da acessibilidade e da atenção da equipe de recepção!  Acho a relação custo benefício desiquilibrada.",8,2024-09-02 13:19:02+00,0
" Quarto espaçoso, cama grande , ótima localização em frente ao shopping  Gostei de tudo",10,2024-09-02 23:25:59+00,1
 Café da manhã e localização  bar e serviço de quarto apenas até a meia noite,8,2024-09-03 05:02:28+00,0
" Limpeza, atendimento,localização, espaço físico….  Nada.",10,2024-09-03 05:26:52+00,1
" O hotel é  excelente!!! Adoro tudo nele. Porém,  poderia ter um preço mais acessível. Estou sempre com grupos de pessoas, geralmente 30 pessoal, mas ja não consigo mais usar o hotel.para esse fim(negocios/trabalho), pelo preço .
Uso geralmente o Bella Itália, que não é  tão  chique, mas é  confortável e ótimo café da manhã. 
Mas quando vou sozinha, uso o JL pela comodidade do shopping , mais próximo e belo co forte. Jl eu adoro!  Valores",10,2024-09-03 10:16:16+00,1
"Otima experiência o JL bourbon. Desde o atendimento dos funcionários até o conforto e localização do hotel. Café da manhã bem diversificado e de ótima qualidade. O hotel fica muito bem localizado (de frente a um grande shopping de Foz), facilitando bastante para utilizar Uber.",10,2024-09-04 00:00:00+00,1
"Hotel muito bonito e aconchegante, o quarto é ótimo, chuveiro muito bom, os funcionários são super educados e atenciosos. O café da manha é muito bom, dispõe de muita variedade de alimentos. No geral o hotel é ótimo, amei minha estadia no JL Hotel.",10,2024-09-04 00:00:00+00,1
"Muito boa a estadia, hotel excelente com boa alimentação muito boa, acomodação muito boa com ar condicionado, cofre e armários, banheiros limpos e quartos limpos e arrumados, hotel bem localizado e com a estrutura excelente e recomendo a todos!",10,2024-09-04 00:00:00+00,1
"A estadia foi excelente. O café da manhã senti falta de produtos para dietas especiais, como diet e sem glúten.",10,2024-09-05 00:00:00+00,1
"O melhor hotel que já ficamos em Foz. O hotel inteiro é novo e reformado, tudo é novo e bem projetado. Piscina pré aquecida, café da manhã com ingredientes frescos e novos. Atendimento excelente, funcionários uniformizados e treinados. Facilidade de deslocamento, shopping em frente, ótimo bar e restaurante no próprio hotel. Não ficaremos em nenhum outro nas próximas.",10,2024-09-07 10:25:00+00,1
 Excelente hotel...super bien ubicado ...me encantó.  Todo ok,10,2024-09-07 13:23:36+00,1
"Hotel com aparência de novo, áreas comuns muito bem decoradas.
Quarto com cama king e travesseiros confortáveis, o ponto negativo é para a cama auxiliar que compôs o quarto triplo que reservamos, espaço apertado e a cama era uma daquelas dobráveis, o que reduz o conforto. 
Restaurante muito bom, comida com o preço elevado, mas a qualidade compensa.
Achei alguns recepcionistas desatentos e um pouco desinteressados.",8,2024-09-08 00:00:00+00,0
"Infelizmente uma experiência ruim nos detalhes.
Na reserva fiz apenas um pedido: quarto silencioso, se possível andar alto. Na recepção fiz o mesmo pedido. Reserva de duas camas Queen.
Fomos encaminhados a quarto de uma cama King, apenas no 5º ANDAR, de frente para avenida (6 pistas, movimentada, ao lado de um bar com música ao vivo) e as janelas de vidro simples, sem proteção acústica. O sono fica prejudicado pelo barulho (outros amigos que estavam em apartamentos dos fundos, tiveram melhor experiência). A limpeza e arrumação do quarto é fraca, vídeo foto acima ( deixado no banheiro após a arrumação) e esqueceram de deixar toalhas de banho... A recepção apesar de ignorar o pedido é amigável,como TB bom serviço de restaurante e café da manhã. O quarto é espaçoso e tem bom banheiro e o ar condicionado funciona bem. Boa cama e travesseiros, cabeceira com tomadas e luz, bem adequado. Se não fossem os detalhes importantes, mereceria uma nota melhor.",4,2024-09-08 00:00:00+00,0
Excelente 👌 volvemos pronto 😀,10,2024-09-08 09:55:16+00,1
 Café da manhã  muito  bem  servido e variado!,10,2024-09-08 18:14:53+00,1
"Hotel novo, muito limpo,  recepcionistas atenciosos. Café da manhã excelente.
Piscina externa aquecida, as crianças adoraram.
Localização muito boa, na frente do JL Shopping,  fácil para chegar aos diversos pontos da cidade. Fizemos o check in tarde e não tivemos problemas",10,2024-09-09 00:00:00+00,1
"Un muy buen servicio, con calidad y calidez fuimos atendidos con gran calidad, increíbles recomendaciones de lugares, para comer y visitar, las alunadas son su sello particular deberían ponerlas a la venta, un gran desayuno el mejor que tuvimos en toda nuestra estancia",10,2024-09-09 00:00:00+00,1
" Quarto e banheiro espaçoso, hotel parece novo e muito bem cuidado, bom café da manhã, boa localização  Ter que pagar à parte pelo estacionamento, sentimos falta de um edredom (só tinha cobertor), pouco elevador para atender o fluxo de hóspedes (além de faltar um ar neles)",7,2024-09-09 03:08:59+00,0
The staff were really helpful. The room was really excellent. It was nice very comfortable. The food was extra. It was very delicious and I will be staying there again next time I’m around that area. I would highly recommend you to stay there and it’s very economical,10,2024-09-10 00:00:00+00,1
Amei o hotel!!!,10,2024-09-10 23:16:16+00,1
Muito bom!!,10,2024-09-11 00:00:00+00,1
"Localizado próximo ao shopping, região central, excelente localização",10,2024-09-11 00:00:00+00,1
" The breakfast and hospitality l, and it was clean and organized  The pool was a little dirty",9,2024-09-11 01:06:44+00,0
 Clan and good quality building. Good breakfast.  Bar at the pool - staff was moving around pretending not to see you when you wanted to order,9,2024-09-11 17:42:46+00,0
Me encantó el hotel el desayuno muy bueno y la ubicación lo mejor,8,2024-09-12 00:42:14+00,0
 Excelente localizacao. Otimo custo beneficio para quem esta a trabalho.,10,2024-09-12 12:20:58+00,1
" Hotel limpo com excelente estrutura e custo benefício. Café da manhã farto além de comida deliciosa de almoço/janta. Super recomendo!  Acredito que um bom investimento seria melhorar o jogo de cama. Lençol áspero e curto, trazendo certo desconforto durante a noite.",10,2024-09-13 04:24:21+00,1
" Great location and everything is great. Restaurant is good too but it takes long. But there are too many good options around, no need to bother. Parking always packed with cars, so calculate a few extra minutes to have cars blocking to be removed.  Restaurant takes long. But there are too many good options around, no need to bother. Parking always packed with cars, so calculate a few extra minutes to have cars blocking to be removed.",10,2024-09-13 21:32:19+00,1
"В отеле ночевали всего одну ночь
Засели и быстро
 в номере есть недостатки на которые можно не обращать внимания
Завтрак не самый лучший, но голодным не останешься
Wi-fi Работает исправно
В бассейны не ходили так как не было время инфраструктуры никакой не пользовались",8,2024-09-14 00:00:00+00,0
" The staff was extremely helpful and very friendly. The dishes of the restaurant are also delicious. The room is indeed silent  The chair in the room is really unsuitable to work on, giving me a nasty back ache. Initially, the chair was even broken, but was replaced right away when I requested it. Unfortunately it's the lack of ergonomics of the chair which makes it unfit for working several hours (design over comfort).",7,2024-09-14 00:21:28+00,0
"Excelente. Funcionários atenciosos, educadíssimos e gentis. Excelente café da manhã. Excelente bar e restaurante.",10,2024-09-14 10:38:22+00,1
"Eu e minha familia adoramos o hotel, fomos muito bem acolhidos, ótimo café da manhã, ótima localização.",10,2024-09-15 00:00:00+00,1
" Localização muito boa, quartos muito bons, equipe sensacional, todos extremamente educados e prestativos, o café da manhã maravilhoso, muitas opções, o restaurante incrível, cardápio diverso e as opções que comemos muito boas. Nota 1000 de 10! Indico demais!  Realmente não tenho o que falar sobre não gostar.",10,2024-09-15 13:48:04+00,1
 El personal y las instalaciones. Ubicación muy buena frente a un shopping.  1 de los 2 ascensores para huéspedes no funcionaba. La maquina de cafe de especialidad de rompió una mañana. El estacionamiento donde estaba mi vehículo (subsuelo -2) el ascensor de huéspedes no llegaba ya que llegaba al -1.,5,2024-09-16 00:06:50+00,0
" Funcionarios 
Limpeza  Só um Elevador por que autro estava com defeito plena fim de semana com muitos hóspedes não foi nada agradável aguardar 15 minutos para subir e descer",5,2024-09-16 00:17:00+00,0
" O quarto é espaçoso, bem montado, com lugar para guardar as roupas e as malas, toalhas e roupa de cama bem limpas e um secador de cabelos muito bom. O hotel é cheiroso, a piscina é aquecida com toalhas disponíveis, o restaurante tem opções com preços muito bons e um café da manhã 5 estrelas. E tem um shopping em frente.  Gostei de tudo. Como sugestão faltou uma chaleira com sachês para café e chá no quarto.",10,2024-09-16 17:54:26+00,1
" Ubicación, limpieza, habitaciones y desayuno  Funcionaba un solo ascensor de los dos principales",9,2024-09-16 18:28:19+00,0
"Hotel muito bom, bastante confortável, funcionários muito educados e prestativos.
Comida excelente. Café da manhã farto e variado.
Cama muito confortável. Valeu a pena.",10,2024-09-16 20:58:11+00,1
" Η τοποθεσία ήταν πολύ βολική, δίπλα σε εμπορικό κέντρο. Τα δωμάτια ήταν καθαρά  Το μπάνιο θα μπορούσε να είναι μεγαλύτερο και το κάθισμα της λεκάνης της τουαλέτας χρειαζόταν αλλαγή αλλά τίποτα από αυτά δεν μας δυσκόλεψε ιδιαίτερα",9,2024-09-17 09:48:53+00,0
" O quarto é espaçoso, bem montado, com lugar para guardar as roupas e as malas, toalhas e roupa de cama bem limpas e um secador de cabelos muito bom. O hotel é cheiroso, a piscina é aquecida com toalhas disponíveis, o restaurante tem opções com precos muito bom que cabe no nosso bolso.  um upgrade seria perfeito.",9,2024-09-17 21:03:56+00,0
The hotel room was comfy and spacious enough and the facilities were good.  We enjoyed our stay there for 3 nights.,10,2024-09-18 00:00:00+00,1
 TODO . Es la décima vez que voy en 2 años  NADA,10,2024-09-20 00:07:15+00,1
"Estrutura maravilhosa, bem localizado em frente ao Shopping JL.
café da manhã várias opções para todos os gostos, pena que o pão de queijo muito duro! Cuidado quem tem Lentes nos dentes corre risco de quebrar…...
Apartamento muito limpo e organizado, uma única ressalva vai para o colchão que por ser de mola  apresenta falhas nas mesmas dificultando assim uma boa noite de sono, incomoda bastante tipo uns buracos moles no colchão. 
Por isso não sei 5 estrelas em todos os quesitos…
Quando voltar a Foz com certeza me hospedarei novamente…",10,2024-09-21 00:00:00+00,1
Perfeito!,10,2024-09-21 18:35:18+00,1
" Funcionários prestativos, muito gentis. Em frente ao shopping. Tudo muito bom.",10,2024-09-22 18:45:20+00,1
"Hotel com instalações novas, bem limpo a aconchegante. Bom atendimento dos funcionários e bom café da manhã (comidas).
Pontos ruins, fiquei 3 diárias no hotel, desde de que cheguei até sair um dos elevadores estava com problemas. Isso resultou num grande congestionamento no outro elevador.
No café da manhã por dois dias seguidos a máquina de café dava problema de desligar, pelo que eu vi tinha muita coisa ligada na mesma tomada.
Eu reveria a qualidade do colchão do quarto 620. Bem ruim, pois dava pra sentir as molas.",8,2024-09-23 00:00:00+00,0
 10 puntos  Nada,10,2024-09-23 00:35:54+00,1
" Localizaçao,cafe da manha e acomodaçoes  tudo perfeito",10,2024-09-23 17:26:51+00,1
" O café da manhã é muito generoso, a localização é ótima e os atendentes , tanto do bar como da administração e motoristas são ótimos.",10,2024-09-23 17:33:41+00,1
 Das Hotel ist wunderschön. Das Zimmer und das Bett waren sehr komfortabel. Wahrscheinlich das beste Frühstücksbuffet überhaupt. Gegenüber ist ein Shopping Center mit Supermarkt und Restaurants. Die Stadt ist uninteressant. Bis zu den Wasserfällen ca. 20 min. Die sind einfach einzigartig.  kaltes Wasser im Pool,10,2024-09-24 11:31:35+00,1
" Erg leuk dat de dame aan de balie Nederlands sprak na vele weken van reizen wel een leuke verrassing. 
Mooie kamer gekregen. SUPER  Geen enkele punt dat ik kan bedenken.",10,2024-09-24 16:58:37+00,1
" Gostei de tudo!  Dos travesseiros, muito altos. Acordei com torcicolo.",10,2024-09-25 00:29:38+00,1
" Acomodação excelente, limpo, espaçoso, ótimo café da manhã.  Funcionários da recepção mal humorados e criando reservas feitas pelo booking que estavam corretas.",9,2024-09-25 10:09:24+00,0
" Location, Breakfast and very clean...",10,2024-09-25 13:46:15+00,1
" The restaurant and the warm welcome of the staff at the reception.  The women in charge of the activities booking. She was not professional at all, and she forgot to book our transportation on the day we were supposed to go to the Argentine side. As she found a plan B at the last minute, we had to pay an extra cost. It is unacceptable.",10,2024-09-25 22:01:10+00,1
" Nos hospedamos por três noites e o hotel superou as nossas expectativas. Bem localizado, quarto amplo e bem limpo.
Café da manhã com muitas opções.  Dos travesseiros e das toalhas de banho (muito desgastadas).",10,2024-09-26 12:53:28+00,1
Very nice hotel and close to shopping mall.,10,2024-09-27 00:00:00+00,1
" Das instalações, café da manhã e proximidade do hotel com as atrações.  Alguns funcionários demonstraram um mau humor não justificável. Uma falta de empatia e cortesia com os hóspedes.",10,2024-09-27 00:38:25+00,1
 Practicamente todo  Pocos ascensores,8,2024-09-27 01:19:41+00,0
" Conforto, espaço e limpeza.  
O secador de cabelos bem potente!",9,2024-09-27 10:07:25+00,0
"Das Hotel entspricht internationalen Standards. Personal spricht Englisch und ist sehr freundlich. Zimmer sind sauber und Internet arbeitet schnell.
Reisebüro im Hotel, habe eine Tour gebucht und es funktionierte alles. Gegenüber vom Hotel befinden sich ein Einkaufszentrum mit Resteraunts und es gibt auch eine Wechselstube.",10,2024-09-27 17:58:22+00,1
 Localização e instalações.,10,2024-09-28 02:34:57+00,1
Excelente.,10,2024-09-28 20:39:52+00,1
 Café da manhã e chuveiro,10,2024-09-30 00:56:13+00,1
 Bueno  Mi reserva fue cama matrimonial y me dieron una habitación con 3 camas,10,2024-09-30 02:00:24+00,1
" Ubicacion
Limpieza  Las personas atendiendo en el lobby parecia que no estaban bien entrenadas, tardamos mucho para que nos registren y eso que ya habiamos hecho todo por Booking. Y el dia de salida, vuelta a tardar mucho en el mostrador.",7,2024-10-01 13:01:43+00,0
" las instalaciones, muy comodo, excelente cochera  nada",10,2024-10-02 00:44:01+00,1
Excelente de punta a punta,10,2024-10-02 22:30:33+00,1
"Realicé la reservación muy a último momento, cuando ya no tenía muchas opciones en los hoteles del centro que eran de mi interés, pero la experiencia resultó muy buena.
Lo que me gustó:  Los interiores modernos sencillos pero con buen gusto.  El personal amable que siempre procuró hablar español.  El desayuno bufet, muy variado y delicioso.  Tener crusando la calle el centro comercial que ofrecía una buena variedad de opciones de restaurantes así como de comercios. El espacio de estacionamiento en el mismo subsuelo del hotel.
Lo que no me gustó:  Pocas opciones de canales en la TV.  El equipo acondicionador de aire no estaba en las mejores condiciones.  La distancia a los restaurantes bien calificados del centro, que requería de na camiata de 25 minutos por calles muy solitarias que en la noche ya daba un poco de miedo transitar. Lo peor, fue que cuando el salón comedor se encontraba lleno a la hora del desayuno, el personal que debía limpiar las mesas que quedaban vacantes, eran poco y muy lento.  Al final uno terminaba desyunando rodeado de toda la vajilla sucia y restos de comida del huésped anterior.
En términos generales, fue una buena experiencia, a un precio razonable.",8,2024-10-03 00:00:00+00,0
"Local é  bom pois shooping com mercado bem em frente...ponto fácil de acesso para todos os passeios...quarto limpo e amplo...café da manhã na média,  poderia ter mais opções para intolerantes etc...ah e o café nunca estava quente de verdade...me hospedaria de novo caso necessário",8,2024-10-03 00:20:25+00,0
" Los interiores modernos, la ubicación que gracias al centro comercial que esta enfrente cuenta con muchas opciones de comida. Personal muy amable que se esforzaba en hablar español.  Cuando el comedor se encontraba lleno para el desayuno, el personal era muy lento para limpiar las mesas que quedaban vacantes.  Uno terminaba desayunando en una mesa llena de vajilla y restos de comida del huesped anterior.  Queda un poco alejado de los restaurantes bien calificados del centro de Foz, prácticamente requiere de una caminta de 25 minutos por calles muy solitarias que por la noche ya causa un poco de temor.",9,2024-10-03 13:45:47+00,0
" Limpeza, café, atendimento",10,2024-10-03 15:21:36+00,1
"Ótimo hotel,excelente café da manhã,acomodações adequadas com bons colchões,chuveiro excelente,frigobar (preços altos),tv por assinatura com bons canais.Localização ótima,em frente ao shopping JL cataratas,que inclusive tem supermercado.Restaurante a la carte muito bom também!Tem um atendimento de uma agência de turismo no térreo,onde comprei todos os passeios.",10,2024-10-04 00:00:00+00,1
"Good size hotel room with comfortable bed. Breakfast food very good with large choice although coffee /tea machine was not working for 2 days. 
Problem I had with this hotel was the reception staff. When I approached the receptiod desk to check out, I dont expect all 5 staff to lower their heads to access their keyboards and try to ignore me!  I would have expected a ""how may I help you"" or a ""how was your stay with us"".  Training in customer service is required.. The opposite service was provided by the room service and breakfast table staff who could not do more to help.
One of the 2 elevators was not working for the 3 days we were there and looking at other reviews it seems that this is an ongoing problem.",4,2024-10-04 00:00:00+00,0
" TUDO EM ORDEM  SOU UM POUCO GORDO, E A SABONETEIRA FICA JUNTO COM O CHUVEIRO, DIFICULTANDO O
BANHO, BATENDO VARIA VEZES.
PORIQE NÃO COLOCAM A FRETE DA DUCHA ???",6,2024-10-04 22:41:47+00,0
 Quarto e banheiros espaçosos. Roupa de cama e banho de ótima qualidade. Limpeza boa e café da manhã variado e gostoso.  Nada a reclamar,10,2024-10-05 00:04:28+00,1
" Atenderam pedido por um apartamento que permitisse um bom descanso pra minha esposa, sem barulhos ou perturbação  A demora em atender uma solicitação. Pedi na recepção pra porem um tapete no banheiro. Passado uma hora que não traziam, tornei a pedir e só trouxerem no dia seguinte. Também pedi de manhã pra arrumarem a tampa do vaso sanitário que soltou e só foram atender de tarde. Tbm os canais de TV eram extremamente limitados",8,2024-10-06 00:26:24+00,0
"Apesar de um pequeno escorregão logo na entrada ao quarto, junto a ducha higiênica, o hotel é irrepreensível. Bem localizado, tem atendimento de agência de turismo in loco, restaurante gourmet, muito bom café da manhã e ambientação geral de muito bom gosto. O staff tem ótimo comportamento e tudo acontece fluidamente.",10,2024-10-06 00:43:54+00,1
" Café da manhã muito bom, apenas com pouca mudança entre os dias em que estivemos lá. Localização excelente, de frente para um grande shopping, próximo aos principais locais do centro da cidade. A cama é muito confortável, chuveiro excelente, tudo muito bom! Quando voltarmos à Foz com certeza ficaremos no JL.",10,2024-10-07 00:30:25+00,1
 部屋が広くて清潔。また大型ショッピングモールの目の前で食事、買い物にとても便利。朝食もとても充実していた。またロビーで水とコーヒーが無料で飲めるのも良かった。  無いがあえていうと朝食に生野菜があると更に良い。,10,2024-10-07 02:19:07+00,1
" Very good location near the mall which is convinient especially after waterfalls visit. Business hotel, spacious room good breakfast.  The personnel didn t speak english and some of them need training in basic things e.g. check in & out process.Unfortunately we didn have a good experience on that.",8,2024-10-07 15:11:30+00,0
 Td estava otimo  Td estava perfeito,10,2024-10-08 00:28:19+00,1
 Todo es excelente recomendable 100  x 100  Todo esta excelente,10,2024-10-08 11:11:36+00,1
" Elevadores demorados e em qtdde insuficiente, FORA DO PADRÃO BOURBON",9,2024-10-08 13:26:46+00,0
" Unbeatable location with a very good mall across, modern interiors, lovely lobby with complimentary coffee, enjoyed breakfast (local & international fare). Dined at restaurant twice and both food and service were excellent.  Room facing the main road cops all the noise. I asked reception upon checking in which way room 306 faced and was told the rear of hotel, however turned out to be the opposite.",9,2024-10-09 09:07:09+00,0
 Café da manhã bem servido e ótima localização  Limpeza do quarto e atendimento da recepção,8,2024-10-09 14:32:29+00,0
 Localização e serviço  A piscina não era aquecida como me foi informado,10,2024-10-10 01:16:57+00,1
" Tudo limpo e organizado, os funcionários são extremamente educados e cordiais.  Gostamos de tudo",9,2024-10-10 13:38:13+00,0
"Estrutura excelente, ótima localização, equipe muito cordial. Desde o check-in até o check-out todos os funcionários muito atenciosos, cuidadosos com a bagagem e muito prestativos sempre que solicitei alguma informação ou serviços.",10,2024-10-11 00:00:00+00,1
"Sem reclamações! Foram dias maravilhosos de uma estadia perfeita. Próximo de tudo. Super recomendo o hotel! 
Que chuveiro maravilhoso!! Quarto muito bom, que apesar da janela ser virada para rua principal, é super silencioso. Nós amamos e recomendamos!",10,2024-10-11 00:00:00+00,1
"Hotel muito confortável e bem localizado, com silêncio suficiente para uma noite de sono reconfortante.
Nossas ressalvas ao hotel:
1) café da manhã muito repetitivo
2) funcionários bastante frios e apáticos no trato com os hóspedes, não há acolhimento. Aparenta estarem trabalhando tristes. Exceção ao Fernando manobrista, muito prestativo nos ajudou com os pacotes de compra até o elevador.
3) Nos cobraram pelo estacionamento, mas em nenhum momento nos informaram que era pago, no momento do check in. (Foi estornado).",8,2024-10-11 00:00:00+00,0
"Hotel maravilhoso, com toda infraestrutura para receber os hóspedes, incluindo Wi-Fi nas áreas comuns, piscina, academia, restaurante/bar, recepção com funcionários gentis e educados, espaço muito limpo e com decoração clean e funcional, mobiliário da recepção muito confortável e de bom gosto. O hotel possui estacionamento próprio.

Super recomendo o hotel pelo atendimento e localização e voltarei em outras oportunidades.",10,2024-10-11 02:48:38+00,1
 A internet as vezes não funcionava.  A acomodação e o silêncio.,8,2024-10-11 12:15:27+00,0
" Beds are so comfy,",10,2024-10-11 13:00:10+00,1
 O conforto da cama  Tudo de excelente qualidade,10,2024-10-11 21:38:48+00,1
"Estutura fisica moderna, limpeza das dependencias internas bo e acomodação e espaços da suite muito boa - bem localizado e muito boa conservado - decoração muito bem elaborada ... gostei muito e voltaria a estada com certeza... 
Recepcionistas muito solicitos e educados.",10,2024-10-12 00:00:00+00,1
fantastic place. Excellent service. Will come back,10,2024-10-12 00:00:00+00,1
Lovely hotel,10,2024-10-12 00:00:00+00,1
" This is a very high-class establishment. Upon arrival, we were met by the bell boy who immediately helped us with our bags. The staff were very attentive. The rooms are spacious with an enormous & very comfortable bed. The shower has great pressure, and the view from the room (on floor 10) was magnificent. The breakfast was also very varied and very high quality. And it starts from 6amfor anyone who is starting an early tour of the waterfalls in the morning. 

There is a heated outdoor pool and a 24-hour gym, neither of which we were able to take advantage of on this occasion as we were too busy.

Here's a tip, if you can do the Brazil & Argentinian sides of the falls over 2 days, then do, we did both in one day, and while it was incredible, it was an over 12 hour day and very tiring. 

There is also a great and very large shopping mall right across the street from the hotel that is very much worth a visit.  The only downside was that we didn't spend more time here. Another day would have been ideal. I would even recommend staying 4or 5 days here.",10,2024-10-12 14:31:32+00,1
One of my best favorite hotel while visiting Brazil. It was the best hotel and location.,10,2024-10-12 22:14:11+00,1
"Hotel com tudo novo,quartos grandes e confortáveis, ambientes muito bem decorados,ótimo café da manhã, staff atencioso.",10,2024-10-13 00:00:00+00,1
"Exceptional breakfast, clean hotel, not so friendly staff. The room was big with a fridge. The staff could do with some customer care training, especially in the dining area. In the 3 days I was there, the 2 staff continually chatted with each other.",8,2024-10-13 00:00:00+00,0
" JL Hotel Bourbon in Foz do Iguaçu offers an excellent location, right across from a mall, which is convenient for shopping and dining. The area feels very safe, and we appreciated the warm and helpful staff, from the receptionists to the bartenders. They really went above and beyond to make our stay pleasant. The rooms were spotlessly clean, and the hotel is well-maintained overall. We were lucky to have a nice view from our room, which added to the experience. The breakfast was a standout feature, with an impressive variety of delicious options—definitely one of the highlights of our stay. While we didn’t get a chance to check out the pool area, it looked inviting. The hotel also offers an on-site travel agent where you can book trips and car rentals, which is a great added convenience, even though we didn’t personally use it. The room itself was very comfortable, with a cozy bed and a fantastic shower. Overall, it was a great experience and exceptional value for money.  Honestly, there wasn’t much to complain about during our stay at JL Hotel Bourbon. Everything from the location to the service, cleanliness, and comfort exceeded expectations. If I had to mention something, it would be that we didn’t use the pool or travel services, so I can’t speak to those features personally, but they seemed well set up.",10,2024-10-13 10:37:09+00,1
"Hotel maravilhoso com quarto espaçoso, bem limpo e super bem cuidado. Como era aniversário do meu marido, quando chegamos do passeio, tinha um cupcake na mesa, o que foi um gesto super bacana! Com certeza voltaremos futuramente!",10,2024-10-14 00:00:00+00,1
"Quarto e café da bons. Cama excelente, mas a toalha de banho é péssima.",8,2024-10-14 00:00:00+00,0
" garagem, café da manhã, localização.8",9,2024-10-14 14:03:05+00,0
"Das Hotel war insgesamt enttäuschend. Ich kann nicht verstehen, dass dieses Hotel so viele gute Bewertungen hat und gewisse Leute von einem internationalen Standard reden. Da merkt man, dass gewisse Leute keine Ahnung haben wovon sie reden
. Das Personal war unaufmerksam und mehr mit ihren Smartphones beschäftigt, man spürte deutlich, dass sie keine Lust hatten zu arbeiten. Unser Zimmer war dreckig (klebriger Boden), und die Lärmisolation war schlecht – man konnte den Strassenlärm deutlich hören. Auch das Frühstück war enttäuschend: auf den Bildern sah es gut aus, aber in Wirklichkeit war es qualitativ schlecht. Zudem wurden die Tische nicht abgeräumt oder gereinigt. Wir haben uns hier leider sehr unwohl gefühlt und würden nicht wiederkommen.",4,2024-10-14 14:12:32+00,0
"Ótimo localização com supermercado e shopping ao lado, bom atendimento e limpeza.
O café da manhã também é muito bom, incluindo o menu do restaurante que tem ótimos pratos.
Os quartos tem um bom tamanho para um casal e o atendimento de quarto é cordial.",10,2024-10-15 00:00:00+00,1
"MUY BUENA UBICACION FRENTE A UN SHOPPING. MUY COMODAS LAS INSTALACIONES Y MUY AMABLE EL PERSONAL DE RECEPCION. CONFORTABLES LAS CAMAS Y AMPLIAS LAS HABITACIONES. EL DESAYUNO MUY VARIADO PARA TODOS LOS GUSTOS.
NO ATENDIERON EN FORMA EFICIENTE LOS MOZOS , QUE EN UNA CENA DE 6 PLATOS TRAJE 3 CAMBIADOS. PERO REGRESARIA SIN DUDA.",10,2024-10-15 00:00:00+00,1
"Tive uma experiência maravilhosa no hotel desde a chegada na recepção até o capricho na limpeza e arrumação dos quartos. As camas são de mola, bem confortáveis e o hotel disponibiliza um menu de travesseiros nos quartos. Ar condicionado no quarto funcionando perfeitamente assim como o frigobar. O banheiro tem secador de cabelo e kit de higiene pessoal, além de um espelho para maquiagem. 
O hotel possui um café da manhã bem variado e que agrada a todos os paladares. Na recepção temos sempre um café e uma água aromatizada à disposição dos hóspedes e o WI-FI funciona perfeitamente em todo o hotel. O hotel tem uma piscina ao ar livre e academia para quem deseja manter a forma, mesmo em viagem. 
A localização é excelente e certamente me hospedarei outras vezes no hotel.",10,2024-10-15 00:00:00+00,1
"Hotel muito bem localizado, o que facilitou o transporte para os locais turísticos.
Café da manhã muito gostoso  e jantamos muito bem no restaurante do hotel , no dia de passeio mais cansativo, que preferimos não sair à noite. 
Vale muito a pena.",10,2024-10-15 00:00:00+00,1
 Todo.  Que el recepcionista que me atendió no hablaba español encontrándose un hotel en zona de frontera. Me cobró y me llevaron a una habitación con una cama king pero éramos 3 adultos. Habiendo sacado casi 1 año con anticipación una habitación triple superior. Que eran dos camas mínimo queen. Me queje y luego me llevaron a otra habitación con una cama cucheta de hierro y nos encontramos todo apretados . Me queje y al otro día nos llevaron a una habitación con 3 camas individuales. Un desastre . Se excusaron que era feriado. No es el probl mío pero bien que me cobraron . Recomiendo verificar habitación antes de pagar,7,2024-10-15 11:02:21+00,0
" Ubicación, instalaciones, edificio bastante nuevo  Estuve en el mismo hotel en 2022, el desayuno empeoró, el área de la piscina estaba siempre sucia . La bacha del bañó era demasiado chica . Las toallas no son de un hotel 4*",8,2024-10-16 10:43:28+00,0
 Instalaciones nuevas  El desayuno me pareció austero,10,2024-10-16 23:26:46+00,1
" Localização, equipe, limpeza. acomodação.  Pedimos para configurar os canais da TV (Não estava pegando todos) e NÃO FORAM.

Gostaríamos de beber um vinho, que compramos, na piscina ou no restaurante, mas teríamos de pagar alem da rolha (R$ 65,00) o balde com gelo (R$ 25,00), não achamos justo.",9,2024-10-17 10:28:16+00,0
" La ubicación. En el mismo centro de la ciudad, cerca de todo.  Que no tenían adaptador para cargar los celulares.",9,2024-10-18 19:13:27+00,0
"Hotel maravilhoso, de frente ao shopping. Atendimento de todos os funcionários muito bom, educados e proativos. O apartamento extremamente limpo e confortável, café da manhã de ótima qualidade, com certeza em outra oportunidade voltarei.",10,2024-10-19 00:00:00+00,1
"Maravilhoso hotel. Atendimento super, mas gostaria de destacar a Edi (camareira) e o Luiz (garçom) como são excelentes colaboradores e prestativos. .. Parabéns,  recomendo.",10,2024-10-19 07:26:49+00,1
" Todo estuvo excelente, el desayuno muy rico, las instalaciones del hotel son muy bonitas.",9,2024-10-20 11:16:59+00,0
" Location was pretty good. The mall across the road was convenient. Room service works without calling number, it uses a QR code in the menu, which was surprising.  For a place that claims it an international 4 star, this is NOT the case. WiFi is terrible and almost unusable in the room. Breakfast very poor ok if you like bread. Attitude of the majority of staff was rude bordering on arrogant. Almost no one speaks English or Spanish and when they talk to you they all assume you speak Portuguese. Cleaning of room non existent, in 3 days they did not change sheets, did not clean floors or desk. Windows do not close properly. They actually refused to supply a kettle for the room.",2,2024-10-20 12:49:28+00,0
" Hotel com ótima localização, limpeza impecável e muito confortável.  A única coisa que me incomodou foram as toalhas. Um hotel do nível do JL poderia investir em um enxoval melhor.",10,2024-10-20 13:32:46+00,1
" Cama confortável,  chuveiro muito bom e café da manhã gostoso.  Nada",10,2024-10-20 21:30:41+00,1
"Vazamento na pia do banheiro, fora isso o hotel é magnífico, com excelente localização e de muito bom gosto e segurança …………., tudo muito limpo e decoração impecável. O fato de estar em frente ao shopping tornou a estadia incrível….   …………… ..",10,2024-10-21 00:00:00+00,1
"Bel hôtel moderne et très joli.
Très pratique, supermarché juste en face dans le centre commercial.
La chambre était grande et belle. Tout était dans un état neuf.
Hotel calme et bien insonorisé. Petit déjeuner varié. Restaurants nombreux autour.",8,2024-10-21 00:00:00+00,0
"O hotel é lindo e bem organizado. Mas tem aspectos que precisam  ser revistos para um hotel desse porte: café da manhã ok, mas repetitivo, as toalhas de banho e rosto, são muito ásperas, os lençóis finos demais e as colchas do quarto de casal eram de solteiro inclusive, sem nenhuma qualidade. Funcionários pouco simpáticos.",8,2024-10-21 00:00:00+00,0
"Eu gostei muito da parte da hotelaria. No entanto, o restaurante deixou muito a desejar. O serviço dos garçons também é muito deficitário. Demorado e desatento.  Precisa melhorar muito. Meu salmon estava totalmente esturricado. O risoto sem gosto. Não recomendo o restaurante.",8,2024-10-21 00:00:00+00,0
"Experiência excelente! Quarto muito bom, ótimo banheiro, limpeza diária perfeita, ótimo café-da-manhã, piscina excelente e staff muito educado.Único pequeno porém é que a janela do 1002 não fechava completamente, deixando de vedar o som da avenida.",10,2024-10-21 00:00:00+00,1
"O Hotel proporcionou uma experiência fantástica com atendimento impecável desde a chegada. Os quartos eram confortáveis e limpos. A equipe foi atenciosa e prestativa, ajudando em qualquer necessidade. A localização central e as comodidades como guarda de malas ajudou bastante em nosso último dia. Recomendo o hotel.",10,2024-10-21 00:00:00+00,1
"O hotel é muito limpo, confortável e moderno. O quarto é bem amplo, possui ótimo espaço para malas, banheiro muito limpo e chuveiro forte e quente. Fiquei muito feliz por terem opção vegana no cardápio, que é o risoto de tomate! A equipe do checkout também foi muito cordial.",10,2024-10-21 00:00:00+00,1
" Very comfortable and well appointed room.  Excellent facilities in the hotel - restaurant, pool area.  Well located near Foz centre.",9,2024-10-21 10:58:04+00,0
" Café da manhã bom porém faltou itens para quem tem restrições, o atendimento bem cordial, localização excelente, o quarto bem confortável o chuveiro ótimo.  a limpeza do quarto foi bem superficial, e faltou itens para pessoas com restrição alimentar tanto no café da manhã quanto no cardápio do restaurante",8,2024-10-21 16:33:23+00,0
"Das Hotel war insgesamt enttäuschend. Ich kann nicht verstehen, dass dieses Hotel so viele gute Bewertungen hat und gewisse Leute von einem internationalen Standard reden. Da merkt man, dass gewisse Leute keine Ahnung haben wovon sie reden. Das Personal war unaufmerksam und mehr mit ihren Smartphones beschäftigt, man spürte deutlich, dass sie keine Lust hatten zu arbeiten. Unser Zimmer war dreckig (klebriger Boden), und die Lärmisolation war schlecht – man konnte den Strassenlärm deutlich hören. Auch das Frühstück war enttäuschend: auf den Bildern sah es gut aus, aber in Wirklichkeit war es qualitativ schlecht. Zudem wurden die Tische nicht abgeräumt oder gereinigt. Wir haben uns hier leider sehr unwohl gefühlt und würden nicht wiederkommen.",4,2024-10-22 00:00:00+00,0
"Super hotel económico y muy cómodo. Super limpio. Las mejores almohadas que me.han tocado.

El desayuno bien 

La ubicación está excelente.

Todos nos trataron super bien desde que llegamos y nos dieron tips de la ciudad. 

Lo recomiendo amplamente",10,2024-10-23 00:00:00+00,1
" Tudo
Quarto excelente 😎 vista maravilhoso e bem amplo
Banheiro super limpo e grande 
Café da manhã divino  Gostei de tudo",10,2024-10-23 20:20:50+00,1
El hotel esta increíble. Super limpio y con camas extremadamente cómodas. La ubicación es buena. Lo recomiendo amplianente,10,2024-10-24 00:00:00+00,1
"Check- in lento. Quarto com bom tamanho, muito limpo, cama confortável e várias opções de travesseiros. Mas falta um item basico: cafeteira ou chaleira elétrica. O banheiro tem um bom chuveiro, secador potente e oferece amenities básicas.  É preciso padronizar as toalhas de banho porque um dia era normal e dia seguinte  uma lixa.  A rede Bourbon poderia sugerir também ao hóspede neste hotel a opção de não colocar a toalha para lavar diariamente poupando assim recurso natural além de economia para hotel. A área comum é agradável, tem uma garrafa com café e uma jarra com água saborizada. O café da manhã é bom e o que é oferecido é saboroso, fresco e de boa qualidade ( excelentes sucos naturais). Os funcionários são atenciosos e prestativos. A localização é ótima com tudo próximo. Não é um hotel para família.",8,2024-10-24 00:00:00+00,0
"Hôtel moderne, joliment décoré, de bon standing international, propre avec un accueil pro et agréable. 
Belle salle de restaurant. Les chambres sont spacieuses et calmes. 
Peignoirs et chaussons fournis. 
Très pratique avec des restaurants et un grand centre commercial qui abrite un super marché juste en face. 
Petits déjeuners très corrects et variés.",8,2024-10-25 00:00:00+00,0
"Primeiro, check in muito lento. Quarto com um bom tamanho, muito limpo, cama confortável e várias opções de travesseiros. Mas falta um item simples  : cafeteira ou chaleira elétrica. O banheiro tem um bom chuveiro, secador potente e oferece amenities básicas.  É preciso padronizar as toalhas de banho porque um dia era ok mas  no dia seguinte era uma lixa.  Atualmente, a maioria dos hotéis solicita ao hóspede, se possível, não colocar a toalha para lavar diariamente: poupar recurso natural e economia para o estabelecimento. Acredito que o Bourbon também poderia adotar esta prática neste seu hotel. A área comum é agradável, tem uma garrafa com café e uma jarra com água saborizada. O café da manhã é bom com opções saborosas, frescas e de qualidade ( excelentes sucos naturais). Os funcionários são atenciosos e prestativos. A localização é muito boa para quem quer ficar no centro. Não é um hotel para família.",8,2024-10-25 01:45:54+00,0
Abbiamo soggiornato dal 5 al 9 ottobre. Tutto meraviglioso! Dipendenti ben addestrati. Camera e bagno molto puliti e ottima posizione di fronte al centro commerciale. Lo consiglio.,10,2024-10-25 23:53:20+00,1
"MARAVILHOSO, recomendo .",10,2024-10-26 00:00:00+00,1
"The property was clean and tidy and it is well situated. 
For an international hotel in a peak tourist area I am surprised that majority of the staff ONLY speak Portuguese. I speak Spanish and English and almost no Portuguese. I appreciate that the hotel is located in Brazil; however given it is located in a peak tourist area it is not really good enough. 
I ordered room service one night and requested a bottle opener to open some beer I’d bought. The staff in the restaurant said “yes”, but the room service attendant didn’t bring one. When I friend to explain he didn’t speak anything other than Portuguese. He went down to reception / the restaurant and told them what happened. They called my room, but again the person calling only spoke Portuguese. She then hung up on me when I didn’t understand her. They then called back at which point I refused to answer as there was no point in trying to talk over the phone, as I had expressed my desire to do this the day before. 

The hotel would benefit greatly from having staff trained to speak more than one language, especially in a peak tourist area so close to the Argentine boarder (where they speak Spanish!)

On my last day they turned off access to my room before check out time. I discovered this by trying to open my room with my key which did not work. I then had to return to reception and try to explain that they had locked me out and my stuff was still inside my room. 

Overall not a fantastic experience which is a shame.",6,2024-10-26 00:00:00+00,0
" Tudo! Localizacao, quarto, cafe da manha, funcionarios contentes, tudo excelente!!!",10,2024-10-26 01:26:24+00,1
 The restaurant staff is amazing!,9,2024-10-26 02:52:43+00,0
" Hotel was clean and to a high standard  Friend had to ask for more toilet roll 3 times and wait 30 mins, when he had a bad stomach issue",8,2024-10-26 11:41:54+00,0
 ubicacion  instalaciones,10,2024-10-27 01:14:31+00,1
Excelente opção de hotel em Foz. Bem próximo a um shopping e boa localiazação. hotel novo!,10,2024-10-28 00:00:00+00,1
 La ubicación  Me gustó todo,9,2024-10-28 02:57:53+00,0
 Acomodações,9,2024-10-28 12:06:18+00,0
" localização, café da manhã, quarto.
Na área da piscina, após um bom tempo de atendimento, a srta Debora foi muito prestativa, atendeu com sorriso e disposição, na parte da tarde.  Atendimento deixou muito a desejar... na recepção (moça ruiva) para remagnetizar o cartão - funcionária distraída e desatenta, no café da manhã (mesas sujas, e equipe sem disposição para adequar), serviço de bar na piscina, precisávamos procurar garçons, deu a impressão que estávamos lhes pedindo favores enquanto que o preço dos itens são bastante elevados.",6,2024-10-28 12:09:30+00,0
 Café da manhã excelente. Localização do hotel perfeita.  O atendimento na recepção poderia ter sido mais calorosa e prestativa.,8,2024-10-29 10:02:55+00,0
 Muito bom o café da manhã e a localização excelente,9,2024-10-29 16:53:35+00,0
" Quarto bem aconchegante, limpo... localização boa, só precisa atravessar a rua e tem um super shopping em frente. Café da manhã diverso, com várias opções.  Tive um problema com a contagem da água no frigobar. Sugiro ficar de olho quanto ao consumo, pois eu não consumi nenhuma água (quando cheguei, já fui ao shopping e comprei) e me cobraram 5 águas.",7,2024-10-29 17:33:05+00,0
Excelente hotel em frente ao shopping.,10,2024-10-30 00:00:00+00,1
"Mein zweiter Aufenthalt in diesem Hotel. Direkt gegenüber einem großen (und guten) Einkaufszentrum gelegen, in sicherer Umgebung - sehr praktisch. Die Zimmer sind groß, das Personal hilfsbereit und das Frühstück ist gut.",10,2024-10-30 00:00:00+00,1
" Já me hospedei várias vezes, e o  que mais gosto é que a manutenção das instalações permanece impecável .",10,2024-10-30 13:44:49+00,1
"satisfatório, mas há outras opções na cidade com o mesmo valor. sem garçons na área externa (piscina), tivemos que entrar molhados no bar para solicitar atendimento.
Café da manhã abre as 06:00, porém para pedir omelete ou tapioca, somente a partir das 07:00h...",6,2024-10-31 00:00:00+00,0
" The hotel desk staff were excellent.  The room was comfortable.  The breakfast was fine.  The concierge was excellent.  The waiter at dinner refused to let my wife and I share an entree.  It wasn't about the money.  We would have paid a fee for the second plate 
  We knew we did not want big meals and don't like seeing food go to waste. Nevertheless,  that is what we were forced to do",10,2024-10-31 14:44:14+00,1
"Excelente hotel! El desayuno super completo, realmente nos sorprendió, y muy sabroso todo. La habitación en muy buenas condiciones. El personal muy atento y amable y el hotel tiene un ubicación excelente también. En la próxima ida a Foz volveré sin dudas, super recomendado!",10,2024-11-01 00:00:00+00,1
" Localização, conforto, limpeza e ambientes comuns.  Cafe da manhã poderia melhorar
A iluminação do banheiro é deficiente.",9,2024-11-02 00:25:03+00,0
 Localização !  O elevador teve algumas falhas de não abrir no andar correto por ex,8,2024-11-02 15:59:33+00,0
"El cuarto muy comodo y amplio, cama con colchon excelente, servicio de habitacion muy bueno. El personal muy atento y esmerado, pero hay la barrera del idioma. Casi nadie habla ingles o espanol, solo portugues, lo que hace la comunicacion muy dificil. Parecen estar mas enfocados en el turismo interno mas no en el internacional.",10,2024-11-03 00:00:00+00,1
"Si buscas un lugar para descansar , este NO ES EL LUGAR , las camas son viejas , tienen huecos y NO se duerme bien . La primer noche dormimos muy mal le comenté al de la recepción , nos cambiaron de habitación ( por ende tuvimos que juntar todas nuestras cosas y cambiarnos a otra ) y nos fuimos a otra peor . La verdad deja mucho que desear , no volvemos más .",2,2024-11-03 12:52:10+00,0
 Tudo cerfto,9,2024-11-03 19:00:34+00,0
 Las camas muy incómodas al igual que las almohadas y mala climatización,3,2024-11-04 01:19:22+00,0
 Muy variado . Excelente  Solo hablan portugues   Debe ser bilingues,10,2024-11-04 02:10:49+00,1
 chambre grande,8,2024-11-04 13:10:57+00,0
"Hotel muito bom! Localizado bem no centro de Foz do Iguaçu, em frente ao shopping Cataratas, de fácil acesso. Café da manhã com muita variedade de alimentos e sucos. Atendimento fácil e rápido, atendentes atenciosos!",8,2024-11-04 14:00:34+00,0
" localização do hotel, atendimento, café da manhã",10,2024-11-04 19:32:07+00,1
"Bom custo X benefício 
Localização excelente em frente a um shopping
Quartos de bom tamanho.
Bons serviços e atendimento 
A reposição de produtos no café da manhã deixa a desejar na hora de pico.
A iluminação do banheiro é deficiente.
Faltou empatia/cortezia ao solicitar que gelasse uma garrafa de espumante para levar na casa de um amigo, foi negado pela recepção do restaurante.",10,2024-11-05 00:00:00+00,1
"Excelente hotel! Atendimento impecável, funcionários atenciosos e sempre dispostos a ajudar. Quartos limpos e confortáveis, com ótimas comodidades. Café da manhã variado e delicioso. Localização privilegiada, próximo de atrações turísticas.",10,2024-11-06 00:00:00+00,1
Adorei,10,2024-11-06 17:40:43+00,1
" O Hotel é ótimo. Atingiu todas as minhas expectativas em relação às acomodações, refeições, serviço de quarto, etc.  Reservei pelo booking um quarto com duas camas de solteiro para 1 pessoa. 
Uma semana antes da viagem liguei para solicitar o acréscimo de uma pessoa no meu quarto, minha colega de trabalho. 
Na entrada fui informada de que não havia reserva para duas pessoas e que o quarto era com uma cama de casal.",7,2024-11-07 09:44:18+00,0
" La atención
La limpieza
La comodidad",10,2024-11-07 14:56:06+00,1
"Fizemos uma reserva de dois quartos para uma data e foi necessário remarcarmos para uma nova data. Primeiramente, quero agradecer a prontidão do Pierre (telefone) e da Luana(email), por terem realizado a alteração sem burocracia e dificuldades.
Como chegamos de madrugada (01/11/24) não tivemos problemas com checkin, foi bem rápido. O único problema foi que reservamos um quarto com cama de casal e uma de solteiro e chegando no quarto estavam 3 camas de solteiros. Porém, o Robson (espero ter acertado o nome) que levou nossa bagagem, foi extremamente prestativo e eficiente e resolveu tudo no mesmo momento. Nossa gratidão a ele.
Os quartos são espaçosos, o serviço de quarto funciona todos os dias e muito bem, quartos limpos, toalhas trocadas todos os dias. O chuveiro é um espetáculo a parte! rsrsr
Café da manhã saboroso, mas bem repetitivo. Somente uma coisa ou outra que muda de um dia para o outro, mas isso não  desabonou a nossa experiência no geral.
O ambiente da piscina bem tranquilo e agradável com toalhas disponíveis no local.
O wi-fi funcionou perfeitamente durante toda nossa estadia, o que foi um grande diferencial na escolha do hotel, visto que precisei trabalhar em alguns dias.
A localização ajuda demais, tanto para os passeios, quanto para se virar com alimentação e compras de ultima hora, visto que está em frente ao shopping JL.",10,2024-11-07 21:12:45+00,1
Boa localização e atendimento,8,2024-11-08 00:00:00+00,0
"Hotel muito bom, localização excelente!
As toalhas poderiam melhorar.
No café faltou em um dos dias manteiga.",8,2024-11-08 00:00:00+00,0
 Travesseiros plastificados!!! Péssimo para dormir!! A noite de sono foi horrível em função desse tipo de travesseiro.,7,2024-11-10 01:41:08+00,0
"Ótimo hotel, funcionários cordiais. Limpeza boa, café da manhã bom. Jantei no restaurante e achei a comida boa e de acordo com valor cobrado no prato, garçom atencioso. Boa localização. Minha segunda estadia e nunca tive problemas. Recomendo.",8,2024-11-11 00:00:00+00,0
" Hotel com facil acessibilidade para atividades na região, cafe da manha e quartos que atendem bem as necessidades. Precisa melhorar e a cordialidade dos funcionarios, exceto a equipe do restaurante e da limpeza dos quartos, os demais parecem um robo, na recepção só pensa em passar o valor da conta, não e feita nenhuma pergunta sobre a estadia como foi. No cafe a atendente sequer da um por dia, só que anotar o quarto.  Da falta de cordialidade dos funcionarios (recepção), parecem um robô, limitando a fazer somente o seu serviço.",8,2024-11-11 12:17:53+00,0
Bom lugar para descanso com a familia nessa maravilhosa cidade que é foz do iguaçu,8,2024-11-11 16:07:57+00,0
 Confortável  Não gostei porque não colocaram meus filhos num quarto ao lado do nosso e isso me gerou um pouco de insegurança,8,2024-11-12 09:13:52+00,0
" Hotel com estrutura novíssima, limpeza impecável, cama imensa e confortável e ótima localização.",10,2024-11-12 10:26:38+00,1
Great hotel - good location - impressive breakfast- very friendly service at breakfast especially the extremely busy Natal who was so prompt with any orders - the food at their restaurant was excellent - their chef is amazing,8,2024-11-12 10:33:12+00,0
"Hotel muito bom, cama confortável, chuveiro, secador e ar condicionado bem potentes, apenas o travesseiro que não achamos muito confortável.
Ficamos no quarto superior duplo para um casal, lugar aconchegante e espaçoso para organizar as nossas coisas.
O pessoal do hotel são atenciosos, nosso check in e check out foi super rápido.
Ótima localização perto do centro e shopping, voltaria nesse lugar e recomendo!",10,2024-11-12 16:06:56+00,1
"Hotel muito bom. Limpo, silencioso, atendentes fora de série, principalmente o Sr. Rogério (acho que era esse o seu nome), quartos ótimos, podia melhorar o café da manhã com reposição mais rápidas (ex. tinha um pão com passas que só consegui comer 1 dia em 5), enfim voltarei a me hospedar. Ótima localização",10,2024-11-13 00:00:00+00,1
" Localização sensacional, café excelente com muitas opções de doces e salgados, quartos amplos com com camas enormes, super limpos e silenciosos, piscina aquecida, funcionários solícitos e educados, enfim, estrutura exemplar!  Não é que não gostei, mas algo que poderia melhorar é a velocidade da internet e andares mais altos.",10,2024-11-13 11:31:15+00,1
"Hotel lindo, limpo, tudo novo, decoração de muito bom gosto, com funcionários educados. Café da manhã completíssimo. Super recomendo e destaco a ótima recepção do Pierre.",10,2024-11-13 11:49:12+00,1
" Excelente desayuno, cama y almohadas muy comodas",8,2024-11-13 20:07:23+00,0
" Clean, convenient, modern and good safe location. Breakfast was amazing!  Bar service was extremely slow.",9,2024-11-14 04:41:25+00,0
" Ótima localização, fácil acesso para as garagens, um bom café da manha e um pessoal de apoio altamente qualificado e simpático.  Não tenho nada a reclamar.",10,2024-11-14 11:12:37+00,1
" Estaba bien ubicado, y el desayuno muy bueno  La cama incomoda, y muchos ruidos",5,2024-11-14 18:39:36+00,0
The hotel is rather large and it seemed that they are well accustomed to big crowds. The check-in procedure was smooth and effective and the breakfast buffet large enough to accommodate the crowd. Gym is small but open 24 hours. The hotel is also just across the street from a large shopping mall so anything a tourist may need is within easy reach.,10,2024-11-15 00:00:00+00,1
"Hotel maravilhoso! Quartos confortáveis e atendimento muito bom. A localização é ótima e o shopping em frente ao hotel supre com todas nossas necessidades. O café da manhã contém todos os itens para um bom desjejum. A única observação é qto as toalhas de banho q precisam ser um pouco mais confortáveis, mas isso não tira em nada o glamour do hotel. Com certeza voltaria outra vez.",10,2024-11-15 00:00:00+00,1
 Fast and effective check-in. Huge buffet for breakfast so quick turnaround even on a busy morning. Gym open 24 hours.  Street facing rooms are rather loud from the constant traffic.,8,2024-11-16 00:51:34+00,0
" Café da manhã fantastico,  quartos muito bons, restaurante muito bom, ótimos pratos e preço justo , atendimento excelente.  Academia muito pequena, piscina inativa,estacionamento não incluso na diária e muito caro.",9,2024-11-16 02:31:11+00,0
" Limpeza e espaço nos quartos. Restaurante excelente, com ótima comida e atendimento.  Travesseiro muito pequeno e macio.",10,2024-11-16 09:36:10+00,1
 De tudo muito bom 👍,10,2024-11-16 17:06:47+00,1
" Hotel bem localizado, quarto amplo e café da manhã farto e variado.  Nos colocaram em um quarto geminado e não havia proteção acústica entre os quartos (estudávamos que era falado no outro quarto e vice-versa). Também dava para ouvir bem as pessoas passando e falando no corredor.",9,2024-11-16 18:12:13+00,0
" Acomodação  Café da manhã, poderia termais opções saudáveis.",10,2024-11-16 23:53:19+00,1
" Localização, funcionários e quarto muito bom  Academia não tem praticamente nada, café da manhã podia ter um pouco mais de coisa, mas mesmo assim ainda é muito bom",9,2024-11-17 11:45:34+00,0
 Todo impecable!!  Nada todo estuvo maravilloso!!,10,2024-11-17 13:22:15+00,1
 Todo bien,10,2024-11-17 15:06:41+00,1
 Magnifique établissement presque neuf avec très bon petit déjeuner buffet et un personnel attentionné !,9,2024-11-17 22:03:58+00,0
"Já é a 2ª vez que fico hospedada.Gosto bastante.Excelente localização! Hotel muito limpo.Bom café da manhã.Chuveiro é ótimo,cama confortável,lençóis macios,restaurante dentro da minha expectativa,com excelente carta de vinhos.Funcionários atenciosos.Sempre indico aos amigos.",10,2024-11-18 00:00:00+00,1
"Hotel novo, instalações lindas, quarto amplo, tv smart, tudo moderno, roupa de cama e banho limpíssima, funcionários educados e solícitos, piscina ótima, café da manhã delicioso. Hotel em frente ao shopping JL, o que facilita muito. Ótima localização.",10,2024-11-18 00:00:00+00,1
"Hotel muito bem localizado, com instalações novas e bem conservadas. Funcionários atenciosos e cordiais. Quarto amplo, chuveiro excelente e camas confortáveis. Café da manhã bem servido e variedades de pratos quentes e frios, bem como de paes.",10,2024-11-18 00:00:00+00,1
"Achei o hotel é excelente, cama e chuveiro ótimos, super bem localizado, cheiroso, café da manhã espetacular (com variedade e qualidade). O serviço prestado pelos funcionários tb merece elogios, sobretudo a camareira Iraci, impecável na arrumação/organização do quarto.",10,2024-11-18 00:00:00+00,1
" Me hospedei 5 anos seguidos neste hotel, o ponto forte é a localização, pois esta de frente para um Shopping, desta forma você tem acesso a tudo que seja necessário.  Desta vez, e provavelmente a ultima minha experiência foi bem ruim, primeiro o atendimento elegante, deu lugar para um atendimento impessoal, segunda os lençois estavam sujos, terceiro o café da manhã estava desorganizado causando filas e por ultimo e para mim o pior foi o fato de que em nosso ultimo dia da estadia, a porta de nosso quarto foi aberta as 7:30 da manhã por uma pessoa da equipe, que demonstrou a completa desorganização.",5,2024-11-18 11:34:03+00,0
" Limpeza, localização, conforto",9,2024-11-18 13:52:23+00,0
"O Hotel é excelente, cama e chuveiro ótimos, super bem localizado, cheiroso, café da manhã espetacular (com variedade e qualidade). O serviço prestado pelos funcionários tb merece elogios, sobretudo a camareira Iraci, impecável na arrumação/organização do quarto.",10,2024-11-18 14:13:20+00,1
" Limpa, nova e confortável  Achei que poderia ter mais elevadores no hotel, mas não comprometeu a hospedagem",8,2024-11-18 17:34:42+00,0
 Tudo muito bom? Ótimos quartos e Em especial o café da manhã,10,2024-11-19 12:40:09+00,1
" El espacio de la pileta es muy acotado.
El personal no se esfuerza lo suficiente en hacerte sentir cómodo.",7,2024-11-19 13:06:59+00,0
 Muy lindo hotel y el desayuno impecable  Que no andaba el aire acondicionado en la habitacion,7,2024-11-19 17:59:22+00,0
" otimo café , barzinho razoavel",10,2024-11-20 22:25:54+00,1
 Conforto e localização  Nada,10,2024-11-21 11:28:52+00,1
 De tudo ótimo atendimento comida maravilhosa,10,2024-11-22 11:08:20+00,1
" Desayuno excelente y variado, ubicación frente a un mall, para comer, comprar y distracción. La habitación muy confortable, comoda, servicio de limpieza espectacular. personal muy amable y dispuesto a ayudar.  A futuro, deberían implementar 2 ascensores mas y de mayor tamaño. A las horas peack, hay demora en subir o bajar a las habitaciones.",10,2024-11-23 02:48:11+00,1
" Отличный отель, довольно новый. Завтрак разнообразный, есть несколько видов горячего, фруктов, закусок, выпечки. Зал для завтрака большой, много места всем хватает, но и народу много. Номер большой, сантехника вся в отличном состоянии. Не блокируют дополнительных депозитов на карте. Рядом есть обмен валют, можно заране обменять на аргентинские песо перед поездкой на аргентинскую сторону. Напротив большой трговый цент с фудкортом и супермаркетом. Такси до водопада 70-80 реалов. Полетать на вертолете 115 US$ на человека. Отель соответствует 4 звездам и цене.",10,2024-11-23 16:11:50+00,1
 The location was perfect across street from shopping mall Breakfast was very good.  Seems property was trying to squeeze every dime. No courtesy bottles of water in room and no courtesy coffee in room. The hot water supply tends to diminish during peak demand times.,9,2024-11-23 18:15:23+00,0
" Café da manhã excelente, quarto amplo, shopping em frente ao hotel e a possibilidade de parcelamento do pgto da estadia.  Toalhas de banho finas e bem usadas, reposição de itens de higiene ruim",9,2024-11-24 12:13:48+00,0
" Localização, equipe colaboradores e café da manhã.  Espaço para as roupas e malas",9,2024-11-25 00:21:32+00,0
"Hotel excelente. Ótimos quartos, café da manhã, cama confortável e chuveiro excelente.",10,2024-11-25 12:56:44+00,1
" Localizacao muito boa. Cafe da manha farto e gostoso.  Nada especifico. Nao usei todas as dependências do hotel, portanto nao posso avaliar tudo",8,2024-11-25 13:01:09+00,0
 Instalações novas e bem cuidados. Limpeza e presteza dos funcionários 24horas. Localizado em frente ao shopping center.  Sala de ginástica.,9,2024-11-25 16:02:41+00,0
"Lugar excelente! Recepcionistas rápidos e atenciosos. Hotel limpo e quartos aconchegantes.
Voltarei se Deus quiser mais vezes.",10,2024-11-26 02:33:08+00,1
" Atendimento maravilhoso de todos da recepção, quarto espaçoso, cama enorme e confortável, café muito gostoso e com variedade, localização maravilhosa.  Nada!",10,2024-11-26 11:46:31+00,1
" Localização.  Instalações necessitam de reparo urgente. Hotel com idade avançada. Banheiro velho e móveis antigos. Água do chuveiro não mantém a temperatura constante e oscila demais. Isolamento acústico péssimo e você ouve tudo que acontece nos quartos próximos e corredores. 
Café da manhã okay.",4,2024-11-26 15:50:18+00,0
" Amazing hotel, very comfortable and great breakfast.  Nothing.",10,2024-11-26 16:33:21+00,1
"Perfect hotel for visiting Iguazu Falls. The hotel is modern and exceptionally clean, and the staff was extremely friendly. The hotel has is an affordable garage underneath if needed. The food in the restaurant is good and there's also a grocery store across the street in the shopping mall.",10,2024-11-27 00:00:00+00,1
Excelente acomodação e localização,10,2024-11-28 18:35:55+00,1
Muito bom atendimento perfeito,10,2024-11-28 18:46:00+00,1
"Hotel bardzo przyjemny poza nieprofesjonalną, nieelastyczną i niemiłą obsługą. Mimo ewidentnej pomyłki w systemie rezerwacji Pan menadżer (Suzuki) i Pani recepcjonistka okazali się nieugięci i wymusili na mnie nienależną dopłatę do drugiej osoby w pokoju dwuosobowym. Skandalicznie nielogiczne i nieprzyjemne zachowanie zepsuło naszej grupie pobyt w Foz.",6,2024-11-28 22:03:17+00,0
" Wystrój i czystość hotelu. Hotel bardzo przyjemny. Jedzenie w restauracji dobre. Śniadania urozmaicone  Obsługa recepcji nieprofesjonalną, nieelastyczną i niemiłą. Mimo ewidentnej pomyłki w systemie rezerwacji Pan menadżer (Suzuki) i Pani recepcjonistka okazali się nieugięci i wymusili na mnie nienależną dopłatę do drugiej osoby w pokoju dwuosobowym. Skandalicznie nielogiczne i nieprzyjemne zachowanie zepsuło naszej grupie pobyt w Foz.",4,2024-11-28 22:06:09+00,0
"O hotel é  muito bonito, os ambientes espaçosos  e agradáveis, os quartos muito bons a comida e o restaurante  ótimos, a única  coisa que eu achei  que poderia melhorar é  que os corredores dos andares não  são  climatizados  e foz é  sufocante nessa época do ano  então  acho que poderia ter mais ventilação",10,2024-11-29 00:00:00+00,1
 早餐美味可口，地理位置交通方便  无,10,2024-11-29 00:38:51+00,1
"Propaganda enganosa da Black Friday, superfaturaram os valores e inventaram 40% de desconto para parecer que é black friday.",2,2024-11-29 03:05:25+00,0
"Hotel muito bom, com localização central e tem um shopping em frente....atendimento muito bom.",10,2024-11-29 12:54:56+00,1
"Quartos confortáveis, cama boa, excelente café da manhã, ótimo atendimento.",10,2024-11-29 20:35:35+00,1
Otimoooo,10,2024-11-30 10:27:14+00,1
"Todo lo bueno que tiene el hotel, se ve opacado por la deficiente atención del personal femenino que atiende en recepción . Tanto mi check in, como mi check out, fue decepcionante. No volveré",2,2024-11-30 23:33:11+00,0
 Der Zimmerservice hat unsere Zimmertüre offen gelassen.,7,2024-12-01 14:21:26+00,0
" Instalação moderna e em frente ao shopping  Colchão antigo, desgastado, travesseiros sem conforto algum e roupa de cama de péssima qualidade. Por cancelamento de voo, a Azul me alocou no hotel que continental inn que, apesar de antigo, colchao, roupa de banho e cama eram 10.",8,2024-12-01 15:37:32+00,0
" Localização e estrutura  Colchão antigo, desgastado, travesseiros sem conforto algum e roupa de cama de péssima qualidade. Por cancelamento de voo, a Azul me alocou no hotel que continental inn que, apesar de antigo, colchao, roupa de banho e cama eram 10.",8,2024-12-01 15:38:06+00,0
" Instalações e estrutura  Colchão antigo, desgastado, travesseiros sem conforto algum e roupa de cama de péssima qualidade. Por cancelamento de voo, a Azul me alocou no hotel que continental inn que, apesar de antigo, colchao, roupa de banho e cama eram 10.",8,2024-12-01 15:38:47+00,0
Incrivel nossa hospedagem.,10,2024-12-02 00:00:00+00,1
"cafe da manha e limpeza do hotel excelentes, nao tive nenhum problema nas estadias, o que não avaliei e porque nao utilizei, somente achei a area de lazer muito pequena com a piscina precisando de manutenção tais como pintura e outras coisas",8,2024-12-02 00:00:00+00,0
" Excelente todo el servicio y personal, ubicación increíble",10,2024-12-02 00:25:44+00,1
 El lugar era bastante lindo y agradable  Deberían de ver la filtración del inodoro. A veces filtraba el agua por debajo,7,2024-12-02 00:30:55+00,0
" Café da manhã excelente, ótimo atendimento, cama grande e confortável.",10,2024-12-02 01:16:27+00,1
"Hotel espetacular, serviço de quarto ótimo ... Hotel excelente",10,2024-12-02 01:23:44+00,1
" No geral ótimo, muitos chineses  perdidos.",10,2024-12-02 11:42:35+00,1
"Excelente hotel, na medida certa, bons quartos, boas instalações, atendimento excelente. Restaurante, bar e café também oferecem qualidade.

Fica bem localizado em frente ao shopping. 

Uma boa pedida tanto em visitas a trabalho como a turismo.",10,2024-12-03 00:00:00+00,1
" Recepção, café, quarto amplo, ótimo chuveiro, ótima cama",10,2024-12-03 00:05:15+00,1
Sensacional o hotel,10,2024-12-03 01:52:53+00,1
 CAFÉ DA MANHÃ MUITO BOM! UM EXCELENTE QUARTO E MUITO LIMPO E ACONCHEGANTE  O CHECK IN UMA BAGUNÇA ABSURDA E VARIOS FUNCIONARIOS NA RECEPÇÃO E SOMENTE UM PODIA ATENDER TANTO CHECK IN QUANTO O CHECK OUT,9,2024-12-04 13:57:57+00,0
" Instalacoes optimas
Localizacao perfeita (mesmo em frente do centro comercial)
Pequeno-almoco/cafe da manha bastante razoavel
Vista fantastica para quem fica nos ultimos pisos  o atendimento no check in nao foi o melhor (a pessoa que nos atendeu nao foi mal educada, mas tambem nao pareceu muito destinada a atender pessoas, tinha pouca paciencia para as nossas perguntas, e quase nao falou durante os 10min que passou a olhar para o ecran e a digitar coisas).",8,2024-12-04 17:11:40+00,0
" Muy buena ubicación, buen desayuno, habitación comoda.",9,2024-12-05 01:03:17+00,0
"Un Hotel ubicado en dos avenidas de mucho transito.
Ademas el recepcionista no fue nada amable con nosotros ademas de hacernos esperar 4 hs para poder acceder a las habitaciones. Deberian
ser mas agradables con los turistas No Brasileros porque el mismo no mostro el mismo trato con locales. Es una pena siendo parte de la Cadena Bourbon.
Por lo pronto no nos volveriamos a quedar alli en Foz teniendo tantas ofertas con mucha mejor atencion",6,2024-12-05 15:18:33+00,0
" Estrutura moderna  Camas com colchao super mole de uso, causando dores nas costas, e roupa de cama e banho velhas, finas e pequenas.",7,2024-12-06 02:00:11+00,0
 Acomodações.  Não pude fazer uma late check-out de mais 1 hora sendo que precisava fazer uma reunião.,8,2024-12-06 09:59:51+00,0
" Silêncio no quarto, excelente café da manhã e atendimento. Localização perfeita.",10,2024-12-08 02:03:21+00,1
" É um bom local, de frente pro shopping, boa estrutura, bons funcionários. Ótimo atendimento.  Bem higienizado. Ótimo café da manhã .  Nada a declarar.",9,2024-12-08 13:07:39+00,0
"Thank you for reaching out!  It was a great experience, everyone was very helpful and friendly form the moment I arrived.
Excellent location with the shopping center across the street!!
Also de room was quite nice with amenities and a nice view of the city 
The only downside was the guy at the restaurant giving me a bit of attitude when I went downstairs to request a cup of ice, it seems he was not happy about it… other than that it was a very good experience.",10,2024-12-09 00:00:00+00,1
"La propiedad buena, el personal poco amables.",6,2024-12-09 00:00:00+00,0
Bueno,8,2024-12-09 00:00:00+00,0
"Sendo essa a segunda vez que eu me minha esposa nos hospedamos nesse hotel, conclui-se que a nossa experiência nas duas vezes foram maravilhosas, hotel eficiente desde o check in ao check out, com staff de qualidade. o hotel prima no atendimento na educação de todos os funcionários nos cuidados com os hospedes, na limpeza de todos os cômodos. Aproveitando gostaria de destacar a eficiência da Camareira Flavia que nos atendeu no quarto 909, bem como de todos os funcionários que atendem no café da manha, no restaurante desde as recepcionistas, bem as que atendem às mesas. HOTEL MARAVILHOSO! RECOMENDAMOS.",10,2024-12-09 00:00:00+00,1
"Muy bonitas y limpias instalaciones, el desayuno 10/10, la ubicación excelente. Mejoraria el servicio de estacionamiento, ascensores y la atención al huésped. (No fueron muy amables con nosotros al reclamar la camioneta en el lobby).
De todas maneras tuvimos muy buena estancia.",8,2024-12-09 00:00:00+00,0
"Achei o hotel excelente,  boa localização,  ótimo atendimento da equipe em geral, todos sempre gentis. Quarto muito bom também, espaçoso e agradável.  Assim como o café da manhã,  variado e fresco. Pretendo voltar outras vezes  e indicar para os amigos.",10,2024-12-09 00:00:00+00,1
"Muy buen servicio en general, calidad por lo que uno paga, ubicación  del hotel super fácil llegar y moverse por la ciudad, el desayuno muy variados, área de piscina muy buena y la limpieza general del hotel un 10, muy eficiente para ayudar el personal",10,2024-12-09 00:00:00+00,1
Hotel com estrutura física muito boa.  Equipe de frente cordial e atenciosa. Tive um problema de uma cobrança que ao meu ver foi abusiva. Não consegui falar com uma pessoa responsável  (supervisor) para discutir o assunto. Mesmo tentando em ocasiões e horários diferentes.,6,2024-12-09 00:00:00+00,0
" limpeza muito boa. 
Sempre limparam de um dia para o outro.  O café da manhã não estava como esperava.
Faltou o suco, ou os que tinham não eram bons.",8,2024-12-09 12:12:25+00,0
" La ubicación fue perfecta teníamos el shopping en el frente y para la entrada y salida fue muy buena, las habitaciones súper amplias y la limpieza y atención incluso en el comedor fue excelente!!!  El carro teníamos que dejarlo con ballet parking y teníamos un horario a seguir por lo cual cuando tocaba pedirlo no podíamos retirarlo nosotros sino que ellos lo acercaban a la entrada y tardaban de 30min a una hora por lo cual si tienes actividades como era nuestro caso llegamos retrasados y cuando pedimos ver que pasaba luego de esperar en recepción nos salieron con una mala respuesta",9,2024-12-09 13:38:15+00,0
 Tudo muito bom.  Precisamos de ferro e prancha de passar roupas e apenas foi oferecido serviço de lavanderia.,10,2024-12-09 14:14:19+00,1
 It was clean and well located. Rooms were neat and spacious. Breakfast was delicious  When arriving with our car we have to hand in our keys so the staff would park it. They didnt let us do it ourself .  The problem was when we wanted to go somewhere.  It took between 20- 30 min to get our car( it happened several times) and the staff were kinda rude when we were asking were our car was. We were late to the cataratas because of that,9,2024-12-09 21:30:56+00,0
"Como sempre, bem recebido no hotel, atendimento impecável, cordialidade de todos os funcionários, café da manhã incrível e a habitual limpeza dos quartos. O JL é uma extensão de nossa casa, sendo que todas as vezes que estou em Foz do Iguaçu (a negócios ou com a Família) sempre fico/ficamos no melhor hotel de custo/benefício. Continuem sempre assim!!! Valeu JL",10,2024-12-10 00:00:00+00,1
" Alguns itens cafe manha, como ovos mexidos deveriam rever a receita. Sucos deveriam manter os mesmos, alguns trocam a cada dia.",9,2024-12-10 01:36:32+00,0
" Manobrista!  Demora no check in, fila de gente!",10,2024-12-10 12:49:18+00,1
"The hotel was convenient and clean.  The big problem is all the noise you hear inside your room from all the traffic and music outside.  We had two rooms that were adjoining and had the hotel come to the room to “so called” shut the windows tightly.  This did not help at all.  All night long you hear horns, loud cars, music from cars etc. We would never stay here again due to not being able to sleep.",4,2024-12-11 00:00:00+00,0
"Hotel excepcional!

Fiquei 1 semana com minha esposa e filha e foi uma das melhores experiências em hotéis que já tivemos.

Localização maravilhosa, na frente do shopping JL e também próximo a vários restaurantes, próximo também aos pontos turísticos (15, 20 minutinhos), quartos grandes, limpos, com camas enormes, café da manhã maravilhoso, com MUUUITAS opções de doces e salgados, piscina limpa e climatizada, funcionários solícitos e muito simpáticos, realmente o hotel merece a fama e também a nota que tem!

Não sei se alguém do hotel irá ler essa avaliação, mas se ler, fica uma dica: Melhorar a velocidade da internet principalmente nos andares mais altos.

Porém de resto, tudo foi top, fiz meu checkout hoje porém ja com a certeza de que quando voltar, farei questão de me hospedar aqui no JL novamente!",10,2024-12-12 08:33:18+00,1
 Tudo perfeito!,10,2024-12-12 13:30:08+00,1
" Me.cobraron estacionamiento siendo que no especifica en la página del hotel
Y",5,2024-12-12 15:37:30+00,0
"Pior hotel que já me hospedei!
Recepcionistas, PESSIMOS MAL EDUCADOS, sem treinamento nenhum para atendimento ao público!

Super mal educados, arrogantes me senti como se eles estivessem me fazendo um favor e não eu pagando!",2,2024-12-12 19:31:58+00,0
 Tudo.  Sinal de internet estava bem fraco.,9,2024-12-13 00:41:34+00,0
 Todo muy limpio y nuevo  El personal de recepción puede ser más cortés,9,2024-12-13 20:10:40+00,0
 Funcionários muito bem educados e prestativos. Café da manhã excelente.,9,2024-12-14 02:50:28+00,0
" Cama gigante!  A limpeza do hotel deixou muito a desejar, assim como a limpeza do buffet de café da manhã!",8,2024-12-14 14:44:37+00,0
 excelente café colonial e restaurante,10,2024-12-14 14:53:11+00,1
"The hotel offers a pleasant stay with spacious, newly renovated rooms and friendly staff who communicate effectively in English. The breakfast was good, and the overall experience was comfortable and welcoming.",10,2024-12-14 18:24:08+00,1
"Tudo muito bom, de qualidade, limpeza, atendiemto, a única coisa que achei duro o colchão.",8,2024-12-15 00:00:00+00,0
"Muito bom o hotel! Recomendo em todos os sentidos. Otimo cafe da manha, quartos limpos e bem arrumados. Hotel novo com boas instalações. Quarto espacoso, roupas de cama e banho trocadas todos os dias. Cafe da manhã bem variado e com comidas muito boas.",10,2024-12-16 00:00:00+00,1
" Quarto arrumado, limpo, espaçoso  Nada.",10,2024-12-16 01:16:01+00,1
 Poderia melhorar a qualidade dos itens do café da manhã,9,2024-12-16 11:21:07+00,0
"Hotel bom, bem localizado quarto grande, banheiro bom. Limpeza do quarto não é das melhores,…de resto ok.",8,2024-12-16 17:48:44+00,0
" Café da manhã, localização e o trabalhos dos funcionários  Chuveiro sem pressão quando na água quente",8,2024-12-17 13:47:11+00,0
"I had a brilliant stay here, in a room with a great view. The staff were very attentive and the breakfast was great. I left a little gift for the lady who cleans the rooms and after some time the hotel messaged me to check it was true, which shows their attention to security and having the right people working with them. I'll definitely stay here when next in Foz",10,2024-12-17 18:32:24+00,1
 Gostei da localização. Funcionários atenciosos. Café da manhã. Isolamento acústico e cortinas blackout perfeitas para o descanso.  Não tenha nada q não tenha gostado !,10,2024-12-18 15:41:51+00,1
" Estadia  Na chegada fui abordado pelo manobrista, muito educado pediu para levar o carro até o estacionamento, porém não informou que teria custo algum, no final tive que pagar R$ 28,00",10,2024-12-18 20:56:07+00,1
"Clean room. very good buffet breakfast. convenient location. Nice mall across the street. Approx 25 minute drive to Foz (Falls). We prefer a less firm bed than the hotel has but still slept comfortably. Single pane windows allowed outside noise. (We were on street side on 8th floor) Air conditioner was efficient but occasionally a bit noisy. Secure parking (some still are clueless oh how to properly park) Last day/night of stay the hotel wifi had no internet connection. If international, be sure to bring adapters for Brazil recessed receptacles. No ice machines available to guests. Only by request.",8,2024-12-19 00:00:00+00,0
 Localização  Wi-Fi ficou inoperante nos últimos dias,8,2024-12-19 09:19:58+00,0
 Mucho  Nada,10,2024-12-21 00:53:35+00,1
 Do quarto.  Do café da manhã.,10,2024-12-21 10:37:51+00,1
 Localização! Em frente ao shopping. Muito central. Café da manhã ótimo!  Academia muito pequena.,10,2024-12-21 14:13:05+00,1
" Excelente ubicación  El proceso de check in es muy lento!!! Aunq lo hicimos x web, en la recepción el personal muy lento y mal predispuesto. El personal de check in de la noche es uno solo y al haber mucha gente hay q esperar mucho tiempo!!!",10,2024-12-21 17:29:45+00,1
"Lindo lugar, impecable, ubicación privilegiada al frente de un mall y cerca de muchos lugares de atractivo turístico,buen desayuno, amabilidad siempre de los chicos de recepción cuando necesitábamos algo, sin duda lo recomendaría y volvería",10,2024-12-23 00:00:00+00,1
 todo etuvo excelente  el cobro por el estacionamiento,9,2024-12-23 09:43:12+00,0
"Lindo hotel, ubicación privilegiada al frente un mall y de muchos lugares turísticos, buen desayuno y amabilidad de todos al momento de requerir ayuda, lo recomendaría y volvería",10,2024-12-23 12:58:03+00,1
" Localização, quartos.  Café da manhã, razoável. Nos ovos mexidos alertei a funcionário que tinha um ovo estragado misturado e ela falou que o cheiro do ovo que era forte e não retirou os ovos do expositor, mas tinha parte escura nos ovos mexidos com cheiro caracteristico de ovo podre. O ar condicionado começou a fazer barulho incomum, solicitei o reparo e até a minha saída não houve o reparo.",10,2024-12-23 14:22:39+00,1
"Buena habitación, muy silenciosa, el aire acondicionado funciona bien, la cama y almohadas muy buenas,  la atención del restaurante y los mozos excelente!! Desayuno excelente mucha variedad.  Room service y frigobar muy buena atención!! Muy recomendable!!",10,2024-12-24 00:00:00+00,1
" Propreté et personnel
Aimable  Tout était parfait",10,2024-12-24 10:27:44+00,1
" Toda la atención e instalaciones  Todo '
Me gusto",10,2024-12-24 12:25:56+00,1
"I stayed two nights in the hotel. Location is good, near shopping center, the exchange office is next to the hotel.
room was good not big not small.
staff were kind and helpful. 
Breakfast overally was good. coffee and detox water is ready everytime in lobbey!",8,2024-12-25 00:00:00+00,0
Everething went by as we expected.,10,2024-12-26 00:00:00+00,1
Katastrophe,2,2024-12-27 00:00:00+00,0
 quartos  area de lazer - piscina,9,2024-12-27 12:58:04+00,0
"Ótimo quarto, café da manhã muito bom, localização privilegiada.",10,2024-12-28 13:35:02+00,1
" Cordialidade dos funcionários excepcional! Destaque para o Pierre, que fez nosso check-in, muito atencioso e prestativo! Todos os funcionários com sorriso no rosto e muito atenciosos. 
Café da manhã diverso e saboroso. 
Acomodação confortável.",9,2024-12-28 19:01:57+00,0
 Location is great.  We would like to have more variety of fruits at the breakfast 😋 😀,9,2024-12-29 19:50:43+00,0
"Hotel mandou link para fazer check in on line. FIZ, recebi mensagem de sucesso E NAO SERVIU PARA NADA, pois tive que fazer de novo ao chegar no estabelecimento, o que me aborreceu. 
Os elevadores do hotel nao dao conta do fluxo de hospedes, nao tem climatização no elevador e demora demais. 

Ja fiquei neste estabelecimento outras vezes, mas dessa vez me arrependi.",2,2024-12-30 00:00:00+00,0
"Fomos super bem recebidos no hotel, inclusive permitiram nosso check-in antes do horário. Nossa estadia foi maravilhosa em todos os sentidos. Ótima localização,  ótimas acomodações, cafe da manha farto e funcionários super atenciosos. Já temos planos para voltar.",10,2024-12-30 00:00:00+00,1
"We had such a great stay at JL!  You can’t go wrong booking here.  The room and grounds were clean, I felt very safe, there is a shopping mall and grocery store nearby.  The restaurant was very good.  We had dinner, but the breakfast buffet also looked delicious with lots of choices!",10,2024-12-31 00:00:00+00,1
" Limpeza, instalações",9,2024-12-31 00:04:54+00,0
" Excelente ubicación, amabilidad del personal, instalaciones cómodas, variedad de servicios.",10,2024-12-31 01:01:22+00,1
" La pileta, el área en común, la seguridad, la atención, la amabilidad, la ducha.  Lo único que no me gustó es que en nuestra habitación faltaba la  mesa de luz del lado derecho de la cama y que en la mitad de la cama hay una luz en la pared que tiene un aplique muy grande y uno se puede golpear la cabeza.",9,2024-12-31 12:42:39+00,0
"Funcionários estão com má vontade de atender, serviço pedido na piscina não são atendidos, café da manhã com poucos funcionários, quem toma café mais tarde encontra o chão sujo, é segunda vê, bem diferente da anterior, não será a minha próxima opção.",6,2024-12-31 15:05:50+00,0
 Parfait et propre et positif,10,2025-01-01 13:09:52+00,1
" Excelente localização, com quarto amplo e muito confortável. Atendimento impecável! O café da manhã oferece muitas opções e é delicioso. A recepção conta com um posto de atendimento da agência Loumar Turismo, ideal para a compra de ingressos e contratação de passeios.",10,2025-01-01 22:07:23+00,1
" A localização boa, bem na frente do shopping. Fácil acesso mas café da manhã comparado com hotéis da mesma categoria deixou de desejar.  Ar-condicionado barulhento.",5,2025-01-02 01:43:35+00,0
 TODO! EL GIMNASIO ESTUVO BUENO TAMBIEN! Y EN EL DESAYUNO EL MOUSSE DE MARACUYA !!  QUE NO HABLARAN CASTELLANO,8,2025-01-02 13:52:37+00,0
" Atendimento de toda equipe excelente, atenciosos em todos os aspectos  Nada a ponderar",10,2025-01-02 15:57:30+00,1
" Buen desayuno, pieza cómoda y grande  Los ascensores muy lentos subdimensionsdos con respecto a la cantidad de huéspedes. El aire tenía su paleta de dirección rota,pedimos que nos habilitarán netflix en el televisor, y en 4 días no apareció ningún tecnico",8,2025-01-02 23:31:06+00,0
"Hotel bem localizado. Amplo. Estacionamento coberto com várias vagas. Atendimento impecável e cordial. Apartamentos limpos, espaçosos com tudo funcionando bem. Café da Manhã sempre com reposição. Apenas uma ressalva. Preços dos produtos e bebidas fora da realidade.",10,2025-01-03 00:00:00+00,1
"JL bourbon cataratas foi excelente. Atendentes são muito atenciosos , a estrutura do hotel é muito boa, quarto silencioso e agradável. Café da manhã ótimo e shopping em frente completa com absolutamente tudo que se possa querer. Voltaremos com certeza.",10,2025-01-03 00:00:00+00,1
 Quarto espaçoso e colchão confortável.  Toalhas de banho velhas e ressecadas.,9,2025-01-03 00:04:51+00,0
" Confortável, limpa e funcionando perfeitamente  Nada a declarar",10,2025-01-03 08:56:42+00,1
" Atendimento de todos os funcionários em especial a Beatriz da recepção. O restaurante funciona muito bem e a comida é otima, o hall é bem decorado, o quarto limpo e bem arrumado. Só falta um hidratante. Nada a reclamar. O preço é um pouco salgado  nada a reclamar",10,2025-01-03 14:41:50+00,1
 LOCALIZAÇÃO  COMIDA E PISCINA SUJA E TUMULTO.MUITA GENTE.,8,2025-01-03 20:42:22+00,0
" Boa localização. Café da manhã razoável. Cama e travesseiros confortável.  Atendimento da recepção poderia ser melhor, com treinamento do pessoal.",8,2025-01-03 22:42:25+00,0
"Excelente hotel. Fica bem próximo ao centro da cidade. Em frente, há um shopping grande. Os quartos são amplos, confortáveis, bem refrigerados. Ótimo café da manhã com muitas opções de comida e bebida. O restaurante do hotel também é muito bom com preços razoáveis. Super recomendo!",10,2025-01-04 00:00:00+00,1
Right in the heart of Fox do Iguazu. Clean and the staff speaks at least 3 languages. Great value. Comparable to Hilton but probably even better.,10,2025-01-04 00:00:00+00,1
" Localização e estacionamento privado.  Area da piscina sem funcionários, mesas não eram limpas após os hospedes desocuparem o espaço, bar da piscina sem bartender e piscina pequena. Cafe da manhã nada tradicional.",7,2025-01-04 07:52:40+00,0
Wifi nao bom.,4,2025-01-05 00:00:00+00,0
"Excelente localização, café da manhã muito bom e variado, quarto confortável.",10,2025-01-05 00:00:00+00,1
 Atteggiamento staff reception,5,2025-01-05 09:19:31+00,0
 Muito limpo funcionários educados  Tudo ótimo,10,2025-01-05 11:44:45+00,1
" Localização excelente.  Funcionários educados mas não são prestativos,café da manhã com instalações sujas ,reposição lenta e muitos produtos não retornavam, no quarto as paredes banheiro com manchas e a cama King com lençóis pequenos que  saíram obrigando a ficar a arrumando , infelizmente não é mais uma boa opção, usando o logo do Bourbon é injusto!",4,2025-01-05 13:32:16+00,0
" O hotel é muito bom.  As toalhas são um pouco ásperas, mas nada que me incomodasse.",10,2025-01-05 14:42:56+00,1
" Localização, limpeza e estrutura.  Ar condicionado.",8,2025-01-05 15:07:18+00,0
"Não tive uma boa experiência com esse hotel, diferente da experiência de 2022/23, o café da manhã estava com o salão sujo, se caia um pão no chão as 6 da manhã ficava lá até terminar o café,  várias pessoas ajeitando a mesa, faltava reposição de  produtos, cama King com lençol pequeno  ficamos em contato com o colchão sem capa ou protetor difícil imaginar que tem bourbon no nome,  falta gerência.",4,2025-01-06 00:00:00+00,0
"We had originally booked a hotel in Argentina with Hotels.com which we found out was closed when we arrived at the abandoned hotel. 😡. So, we scrambled to find a hotel for New Year’s Eve.  When we arrived at the hotel, they upgraded our room.  The breakfast was fantastic which included fresh seasonal fruits.  The hotel was located across the street from a mall.  The mall had the best food court I’ve ever been to and the prices were 1/3 of the food in Argentina.  The mall also had a huge grocery store.  The pool area was lovely.  The restaurant in the hotel was great and not overly expensive.  The hotel had a New Year’s Eve party but unfortunately due to our late booking, no tickets were available.  But the hotel directed us to the downtown area which was about a mile from the hotel which had some amazing steak houses which again were a fraction of the meals in Argentina.  The staff was friendly and helpful.  Our out of business hotel in Argentina was a blessing in disguise because we would never had stayed here.  It was my favorite hotel out of the five hotels we stayed in during our two week visit.  Crossing the border can be a little time consuming but we had no issues.  This would be my first choice on my next visit.",10,2025-01-06 00:00:00+00,1
"A única ressalva que faço é em relação ao horário de check-in. Poderiam ser um pouco mais flexíveis, deixando entrar mais cedo caso tivessem quartos disponíveis. Pagar um valor para entrar antes, pra quem vai ficar uma semana, achei meio desagradável. Em relação ao restante, foi excelente!!! O hotel é limpo, quartos bons, cama ótima, café muito bom, atendentes atenciosos, bem localizado, prático por ter um Shopping na frente e bonito. Não tenho do que reclamar das instalações e serviços. Para quem passeia muito como eu, é muito melhor que ficar em um resort e pagar mais.",10,2025-01-06 00:00:00+00,1
Café da manhã maravilhoso! Excelente serviço. Piscina aquecida.,10,2025-01-06 11:58:21+00,1
 Estruturas  Café com pão mofados,9,2025-01-07 17:30:46+00,0
 Ubicación... Personal.. las habitaciones..la limpieza,8,2025-01-07 21:22:03+00,0
" Cafe da manhã muito bom, acomodações ótimas, cama king, duchinha higiênica no banheiro, localização excelente em frente ao shopping, bom restaurante , piscina  Grande parte do piso em torno da piscina e também o próprio piso da piscina sao extremamente escorregadios causando perigo.
Falta no box do banheiro uma barra de apoio para prevenir quedas",9,2025-01-08 11:30:57+00,0
 Muy mala atencion personal a la noche,3,2025-01-08 12:04:42+00,0
 O café da manhã era espetacular. O custo beneficio do quarto.  Fato do café da manhã encerrar as 10:00h tds os dias. O fato de que é carpete nos corredores dos quartos. Piscina muito pequena para um hotel 4 estrelas. Garagem muito apertada. Não avisaram que todo o Hotel era 220V embora a cidade seja 110V.,9,2025-01-08 20:48:18+00,0
" Muy limpio, habitaciones amplias y el desayuno está bueno",10,2025-01-09 00:01:42+00,1
" A really nice hotel, for a very reasonable price. 
We were not sure what to expect, but even for only $100 it feels like luxury hotel. Amenities are very good. Staff friendly, and central location.  Nothing",10,2025-01-09 10:48:09+00,1
 Maybe the best breakfeast I had in a hotel in recent years.,10,2025-01-09 11:57:14+00,1
 Ótimo café e também muito boa localização. Em frente ao shopping JL e acesso fácil a Argentina e Paraguai.,10,2025-01-09 13:08:38+00,1
 Limpio y cómodo  No tenía mucho sentido el online check-in porque igual se tardaba..,9,2025-01-09 19:45:31+00,0
" quarto muito bom com muito espaço, bem decorado, cama excelente.  estacionamento pago a parte da acomodação",10,2025-01-09 20:18:01+00,1
"Hotel ótimo com preço justo, excelente quarto. Banheiro super limpo e roupa de cama ótima. Destaco o Sr Natel no serviço do café da manhã e a Edi responsável pela arrumação do 2o andar. Profissionais de altíssima qualidade, prestativos e educados.",10,2025-01-10 00:00:00+00,1
"A estadia foi razoável, tivemos alguns contratempos pela falta de comunicação dos funcionários, este é o segundo ano que hospedamos com eles, saímos desapontados, com certeza irei ver outras possibilidades no próximo ano.",6,2025-01-10 00:00:00+00,0
 Face a centre commercial avec restaurants  Un peu éloigné des chutes,8,2025-01-10 11:39:28+00,0
" Quartos muito confortáveis, limpeza, restaurante fomos muito bem atendidos.",10,2025-01-10 13:14:09+00,1
숙소와 식사 모두 대만족 ^^,10,2025-01-11 00:00:00+00,1
" Hotel excelente! Tudo novo, muito bem arrumado. Climatização excelente! Quartos grandes, camas muito boas, roupas de cama e banho boas. 
Localização excelente!  Nenhuma reclamação.  Excelente café, excelente restaurante. Funcionários eficientes.  Gostei de absolutamente tudo.",10,2025-01-11 00:19:18+00,1
" O cafe poderia ter opcoes mais saudaveis....A comida no restaurante era muito bonita, mas sem gosto.....",8,2025-01-11 12:52:08+00,0
"Excellent property with clean rooms, towels, breakfast and english speaking staff. Very impressed with the hotel and the price point. The breakfast was excellent and the concierge was very helpful in helping us find a restaurant on January 1st when many of the restaurants were closed.",10,2025-01-12 00:00:00+00,1
 Excelente,10,2025-01-12 13:36:52+00,1
 Das gute Essen und der schöne Pool  Die Aussicht,9,2025-01-12 19:02:03+00,0
"A princípio foi um pouco incomodo, pois ao chegar precisei levar minhas bagagens pra o apartamento (dia 29/12 apto 303), devido a correria dos funcionários, enfim...
Mas depois ficou tudo bem, pois a cordialidade e a maneira com que fui tratado, superou completamente.",10,2025-01-13 00:00:00+00,1
"Hotel e funcionários são excelentes,
Tudo muito novo e moderno, piscina climatizada , quarto amplo e completo,......,..,....,..........................................................................................  .....",10,2025-01-13 00:00:00+00,1
"Hotel quase perfeito . Daria 10 a todos os quesitos, tudo maravilhoso. Só a entrega do carro vindo da garagem( paga) foi um pouco demorada
Bom quarto, bom café da manhã, serviço e atenção da equipe, bom restaurante e uma are de piscina muito gostosa",10,2025-01-13 00:00:00+00,1
 Hermoso todo. Desayuno excelente y buenísima ubicación  Pasar frente a la Recepción para ir hasta el área de piscina.,10,2025-01-13 13:17:18+00,1
" O café da manhã é muito bom. Ser de frente com o Shopping Cataratas é muito cômodo.  Os elevadores são muito demorados, quando tem muita gente demora bastante. Cheguei a ficar mais de 10 minutos esperando, sendo que estava no segundo andar. 
Não tem ar-condicionado no hall dos andares, e como foz é bem quente, estava uma sauna. 
Para ir e voltar da piscina você precisa passar em frente a recepção, então ficava meio chato passar de toalha e roupas de banho ali, com fluxo dos outros hóspedes.
Estavam pintando o nosso andar, com isso tinha um cheiro suave de tinta.",7,2025-01-13 16:12:55+00,0
 La calidad y servicios del hotel,10,2025-01-13 18:14:35+00,1
 Já me hospedei outras vezes e gosto muito desse hotel.  Piscina pequena para o tamanho do hotel.,10,2025-01-13 20:43:36+00,1
" Atendimento ok,  Nada",10,2025-01-13 21:16:34+00,1
"Un lugar muy limpio, la atención muy buena buenos desayunos con variedad de platos, volvería nuevamente muy recomendado....",10,2025-01-13 22:00:10+00,1
"Excelente o quarto é perfeito arejado, com uma acústica perfeita e o café da manhã tudo muito novinho e saboroso e com uma variedade sensacional, funcionários sempre atenciosos, Diversidade de bebidas sempre 3 opções de suco natural e mais uns 9 tipos de bebidas quentes, exemplo: café..",10,2025-01-14 00:00:00+00,1
" Muy buen hotel excelente cuarto grande nuevo , top, piscina linda buen servicio, el Café da manhã un espectáculo , show de bola.  Nada",10,2025-01-14 00:14:22+00,1
" Equipe atenciosa. Quarto bem equipado, ótimo chuveiro. Bem localizado, com shopping em frente. Um funcionário da agência de turismo Loumar disponível nas dependências.",9,2025-01-14 00:48:56+00,0
" Café da manhã muito bom e com bastante opções, hotel bonito e limpo e staff gentil",9,2025-01-14 09:52:10+00,0
" Localização  Suco laranja no dia 11/1 estragado com gosto amargo de azedo….no café da manhã 
Omelete no café da manhã do dia 12/1 veio totalmente mal passado me causando vômitos e diarreia que estragaram os últimos dias de passeio pois tive que ficar dentro do hotel",5,2025-01-14 16:20:25+00,0
"Hotel fantástico, bem localizado (fica em frente a um Shopping), moderno, limpeza nota 10, funcionários sempre pronto a te ajudar, café da manhã excelente, comida no restaurante impecável, com um preço justo, tudo muito bom. Somente duas coisas não me agradaram: a temperatura das bebidas e os travesseiros muito altos (EU gosto de mais baixos e macios). Cervejas praticamente em temperatura ambiente. Mas do resto, tudo nota 10. Recomendo a todos...",10,2025-01-15 00:00:00+00,1
 TODO EXCELENTE  NADA QUE NOMBRAR,10,2025-01-15 12:29:56+00,1
" Café da manhã ótimo, atenção dos funcionários e explicações muito bem feitas. Opção de 1 hora de late check-out foi primordial para que eu pudesse tomar um banho e almoçar no shopping que fica bem em frente ao hotel.",10,2025-01-15 13:11:18+00,1
" A localização é boa. Fica em frente a um shopping e era bem centralizado na cidade.
O quarto é muito bonito e espaçoso.
As áreas comuns são muito elegantes e confortáveis.  O café da manha é típico de hotéis brasileiros. Mas, pelo preço, deixou a desejar.
Os preços dos itens do cardápio do restaurante e bares eram absurdos.",8,2025-01-15 19:25:05+00,0
"Ficamos muito satisfeitos com o Hotel, desde o atendimento do manobrista - Felipe, no check in, pela camareira Flavia que foi um amor de pessoa nos cuidados e arrumação de nosso quarto e pelo pessoal da área do café da manhã que sempre estavam fazendo a reposição dos alimentos. Por falar em café da manhã achamos excelente, muito farto, pois tinha muita variedade de frutas, pães, queijos e frios, comidas, cereais, bolos, etc. As instalações do Hotel são modernas e a decoração muito bonita. O quarto também é muito bom e espaçoso e as camas muito confortáveis, o ar condicionado bom e um banheiro muito amplo. Outro ponto alto é a localização do hotel que é de frente ao Shopping JL que é uma vantagem, além de ser fácil de ir as principais vias de acesso que levam as atrações de Foz do Iguaçu. Como pontos a melhorar (se possível): Os elevadores poderiam ter ar condicionado, bem como o corredor de acesso aos quartos (a cidade é bastante quente).  O chuveiro também poderia melhorar pois não tinha muita pressão. Em resumo foi uma estadia muito boa e com certeza em uma próxima oportunidade voltaremos a se hospedar no Hotel JL by Bourbon.",10,2025-01-16 00:00:00+00,1
"Bom atendimento, hotel novo atendentes educados e prestativos. Gostei da opções de check-in no saguão rápida e ágil. Otima estrutura, quartos, banheiros piscina e o bar. Tudo Ótimo. Ficamos 4 dias em Foz, todos no Hotel. Espero voltar em breve.",8,2025-01-16 00:00:00+00,0
" O hotel está em excelente localização, os quartos são bem confortáveis e muito bem cuidados. Gostamos muito do café da manhã, com bastante variedade e as camas são muito confortáveis.  Tivemos um pequeno contratempo no check-in, mas logo foi resolvido e ficou tudo certo.",9,2025-01-16 01:06:08+00,0
"Pelo preço e por ser um hotel 4 estrelas, eu esperava mais, pois assim que chegamos ao realizar o check-in o hotel tinha reserva somente para uma pessoa, sendo que fizemos corretamente a reserva, tanto que pagamos o valor igual aos nossos familiares em casal que também estavam hospedados no hotel. O atendente simplesmente lavou as mãos e não levantou uma palha para nos ajudar. Disse que da parte do hotel nós teríamos que pagar um adicional de mais 700 reais pelas 3 diárias. Tentamos tratar com o hotéis.com mas sem sucesso, então exaustos, querendo somente descansar e um tomar um banho quente, pagamos a diferença e seguimos em frente. Café da manhã é bem comum, os preços de bebidas e refeições no hotel são altíssimos, em resumo eu jamais votaria nesse hotel, pois a experiência que tivemos não vale nem a metade do valor que pagamos, foi uma decepção. Sem mencionar que o estacionamento também não é incluso nas diárias.",2,2025-01-16 19:30:31+00,0
"Ótima estadia, café da manhã maravilhoso com muitas opções, quarto bonito e bem limpo, funcionários atenciosos.",10,2025-01-16 23:54:18+00,1
"É a terceira vez que me hospedo neste hotel tudo perfeito, destaque para camareira do meu andar. Fiquei no quarto 721. Tudo muito limpo.",10,2025-01-17 00:00:00+00,1
"Primera vez que estuvimos en el hotel y me pareció precioso por dentro, con piscina climatizada y un desayuno maravilloso, con muchas opciones. Me gustaría agradecer a todos, en especial a Beatriz de recepción que fue muy amable, se preocupó de que estuviéramos cómodos y nos ayudó con el turismo en la ciudad, se lo agradezco mucho.",10,2025-01-17 00:00:00+00,1
" Cafe da manhã muito bom, localização excelente, equipe simpática e solicita, limpeza nota 10, hotel entrega o que promete com acréscimo. Gostei muito. Voltarei sem dúvida.  Não percebi nada negativo.",10,2025-01-17 00:12:46+00,1
 El desayuno  La comunicación,9,2025-01-17 00:54:43+00,0
 Qualidade da roupa de cama e conforto da cama e travesseiros  Gostei de tudo,10,2025-01-17 03:20:28+00,1
" Hotel molt net i instal•lacions modernes.
Bon restaurant i esmortzar molt variat",9,2025-01-17 09:44:08+00,0
 Excelente opción,10,2025-01-18 12:03:17+00,1
"Hotel muito bom! Ponto perfeito! Quartos ótimos, a única sugestão é a inclusão de barras dentro do box, pra evitar quedas durante o banho. Café da manhã com bastante itens, pra todos os gostos. Atendimento perfeito! Destaque para o jantar a la carte, com comida deliciosa!!",10,2025-01-18 14:36:57+00,1
" Quartos amplos e limpos  A piscina não é aquecida como informado 
Ela é climatizada.
São coisas diferentes",10,2025-01-18 15:20:32+00,1
"Hotel con excelente ubicación.
Te cobran 30 reales al día por usar el estacinamiento.
Desayuno muy rico
Enfrente al shopping, podes cruzar caminando al shopping.
Habitaciones limpias y amplias
Sólo que te cobran 30 reales por el estacionamiento por día.",10,2025-01-18 22:04:06+00,1
" Localização perfeita em frente a um shopping é perto de tudo, hotel bem confortável!  Restaurante do hotel o garçom não foi simpático e acabamos nem jantando lá  pq ele escolheu outra turma pra dar atenção , mas fora isso perfeito porque fomos pro shopping gastamos metade e comemos super bem",10,2025-01-19 13:03:51+00,1
" O café da manhã é muito bom. A localização é maravilhosa, fica em frente ao shopping.",9,2025-01-19 13:26:51+00,0
 Quarto confortável  Literalmente os paes estavam secos no café da manhã.,8,2025-01-19 19:15:11+00,0
" Ótima localização em frente ao Shopping  Não gostei da roupa de cama. 
Faz muito barulho ao se mexer.",8,2025-01-19 20:14:03+00,0
" Excelente localização. Tudo muito limpo e aconchegante. Café da manhã muito bom, mas pela estrutura do hotel ee por se tratar de um Bourbon esperava mais. Restaurante com preços justos e comida excelente, muito saborosa.  Nada",9,2025-01-19 23:12:00+00,0
"Hotel nota 10 em todos os quesitos! 
Novo, limpo, agradável, quarto espaçoso, cama excelente, chuveiro excelente, muito bem localizado, funcionários educadíssimos e prestativos, café da manhã sensacional!
Voltarei com toda certeza e recomendo de olhos fechados!!!",10,2025-01-20 00:00:00+00,1
"Ótimo hotel, tanto na localização,  limpeza, gentileza dos funcionários e café da manhã maravilhoso. Piscina acessível e aquecida. Estacionamento muito bom.  Não tive tempo de ir na academia. Opções de passeios em um stand de vendas dentro da recepção.  Muito bom.",10,2025-01-20 00:00:00+00,1
"Hotel bem localizado, com ótimas instalações. Deveriam dar uma atenção maior ao serviço de manobrista, ainda mais por ser cobrado. No mais, tudo otimo!
Também rever algumas camas. A do meu quarto, quando um se mexia o outro praticamente “pulava” ao lado. 
A quantidade de elevadores deixa um pouco a desejar, principalmente na alta temporada. Mas nada que atrapalhe o passeio e descanso. Tvz rever a questão de 2 elevadores apenas para serviços na alta temporada.",10,2025-01-20 00:00:00+00,1
"Zimmer war gut, groß und sehr sauber. Aber der Frühstück war nicht super lecker, gab es viele Optionen aber nur wenige waren gut. Sehr gute Lage gegenüber JL Cataratas shopping",8,2025-01-20 00:00:00+00,0
" Localização e custo-beneficio. Loby bem apresentado e quartos ok.  Manutenção do hotel não está em dia (ventilação banheiro não funcionando, aletas do ar condicionado também não, pintura e conservação em geral).

Limpeza. Encontrei uma barata em meu quarto e outra no espaço para café da manhã. 😕",7,2025-01-20 14:23:28+00,0
"Świetna lokalizacja, ładne pokoje, obsługa bardzo pomocna, fajny basen i przepyszna kuchnia, na śniadaniach bardzo duży wybór.",10,2025-01-21 01:08:58+00,1
 Tudo muito limpo e confortável! Excelente o Atendimento dos funcionários! Localização espetacular!,10,2025-01-21 11:09:04+00,1
" Really nice Hotel, Staff on Reception were very helpful.  Rooms very comfortable, and breakfast was excellent.  Extremely Friendly Staff throughout the Hotel.",10,2025-01-22 13:39:01+00,1
" Localização, conforto",9,2025-01-22 17:48:44+00,0
 Gut  Nix,5,2025-01-22 23:49:30+00,0
"For international travelers advice, There have no English speaking staffs, It no easy to communicate.
Facility clean but not updated , no USB  for phone charge ,you have to bring 110 v adapter from 220 v outlet. Taxi to airport are convenient in front of door .",6,2025-01-23 00:00:00+00,0
very clean everything!! many restaurants around hotel!!,10,2025-01-23 02:53:57+00,1
" Great value for money. The breakfast is very complete. Comfortable room with a good size. The restaurant serves good food, and the staff is friendly. The pool is large and great for relaxing in the late afternoon.  On the downside, the location is far from the park. If you’re visiting the waterfalls, consider staying closer to the forest, away from the city.",9,2025-01-23 20:07:33+00,0
Quarto muito confortável e em frente ao Shopping Cataratas JL. Basta atravessar a tua e tem uma faixa de pedestre. Recomendo !,10,2025-01-24 00:00:00+00,1
" Colchão, espaço do quarto, tamanho do banheiro, roupas de cama ,  etc
Tudo impecável 
O café da manhã é muito bom mesmo!  O chuveiro poderia ser trocado por outro com jato mais regular.",10,2025-01-24 02:22:31+00,1
 Cercanía al centro y shopping  Pileta chica para la cantidad de huéspedes,9,2025-01-24 11:19:00+00,0
" Atendimento, café da manhã, piscina e espaço em geral.  Ar condicionado antigo, acredito que com muito ácaro e nao gelava, quarto 421.",8,2025-01-24 12:03:47+00,0
" O quarto, a localização e café da manhã.  Os sabonetes são muito baixa qualidade, destoando do padrão do hotel e até do valor da diária. Isso foi muito nítido.",9,2025-01-24 22:48:25+00,0
" O hotel é maravilhoso, excelente localização, em frente ao shopping. Comida deliciosa.  O serviço do restaurante é muito lento, precisa treinar mais os colaboradores.",10,2025-01-25 01:23:22+00,1
" Ubicación  El trato....
Los paraguayos también merecemos atención excelente...y es obligatorio que también manejen el español. 
Solo fuimos para recibir el año...nuevo
Y el costo es alto para lo q ofrecen
Hemos estado en otros hoteles ...allí en Foz
Y son mejores que el Borbom. 
La piscina sucia. También 
Como medica q soy no me bañaría en esa piscina 
Nunca más con uds.
Fue un regalo 🎁 para mi esposo...y salí muy triste de allí...",5,2025-01-25 13:31:34+00,0
" Localização e conforto. Instalações novas, excelente café da manhã e funcionários atenciosos.",10,2025-01-26 00:42:38+00,1
"Nossa estadia foi otima, pessoal educado, quartos otimos e café da manhã delicioso.",10,2025-01-27 00:00:00+00,1
" La cama, almohadas y el correcto funcionamiento de las cortinas blackout.  Se escuchaban muchos ruidos de la calle. El aire acondicionado de la habitación no enfriaba lo suficiente. El café del desayuno no era rico pero me pareció muy raro que en el bar sirvan otro café, este si tenía mejor sabor. El WiFi solo se podía usar en planta baja y el internet en la tv era muy lento.",8,2025-01-27 19:44:06+00,0
 O café da manhã,9,2025-01-27 21:28:11+00,0
Good hotel.,10,2025-01-28 00:00:00+00,1
" Limpeza  O hotel não esta na zona central, tem a facilidade de estar proximo de um shopping, mas fora isso não existe muito na área para conhecer ou ir jantar.",8,2025-01-28 01:19:15+00,0
" El desayuno y servicio de bar, tanto  en el sector piscina como en el lobby  La atención del personal en recepción..",6,2025-01-28 03:01:19+00,0
" A localização é ótima dado que é em frente a um shopping. Achei o hotel muito agradável, com café da manhã muito bom.",9,2025-01-28 14:18:53+00,0
" Todo muy bien, ubicación las instalaciones el trato del personal, el desayuno  Nada para observar",9,2025-01-28 15:28:58+00,0
 Ottima tutta la struttura. Il personale molto disponibile. Ottima la colazione ed il ristorante. Di fronte all’hotel c’è un ottimo centro commerciale.  Nella hall e ristorante/colazione veramente troppo freddo. Aria condizionata esageratamente fredda,9,2025-01-29 00:09:23+00,0
"A primeira vez que fui foi bom. Na segunda, o Wi-Fi não funcionava direito, era lento pra burro, o quarto era desconfortável, a cama era ruim, o ar condicionado não funcionava direito (ainda ficava muito quente), o atendimento não conseguia fazer nada.. Foi um desastre. Fui pro wish ser feliz, perdi minhas diárias pagas, mas não me arrependo. A primeira vista o hotel é legal, mas quando surgem problemas, tem que fugir.",2,2025-01-29 14:00:38+00,0
"Hospedagem incrível!
Começando pela localização, bem central em frente ao shopping o que dá uma variedade de refeições, além do fácil acesso ao Paraguai e restaurantes da cidade.
O café da manhã é divino, uma pequena variedade mas tudo de qualidade e fresco..tem até uma estação de tapioca!
Colaboradores prestativos e educados.
A piscina de tamanho ideal, limpa, e gostei muito dos drinks disponíveis, preço justo e qualidade excelente muito semelhante ao que encontra em bares próximos.
O quarto é grande, ar condicionado na medida e o chuveiro delicioso!
Os preços das refeições no hotel também são acessíveis!",10,2025-01-29 21:41:28+00,1
Excelente,10,2025-01-30 00:00:00+00,1
"O hotel é muito bom, limpo e agradável.
O café da manhã é satisfatório, com variedade de itens e uma funcionária especialmente destacada para fazer tapioca das mais variadas. 
A localização é em frente ao Shopping e próximo da ponte da amizade.",8,2025-01-30 00:00:00+00,0
"Excelente hotel 4 estrellas, con todas las de la ley.- No es la primera vez que me hospedo en el y jamás me desilusiona.- Habitaciones espaciosas, cama 2 x 2 metros, excelente calidad de sábanas, muy buenas toallas, diversidad de almohadas, el control de la temperaturea del aire lo hace uno, ya que el hotel te lo deja en 19º y hace frío.-  El baño es amplio y cómodo, con toalñlas para piso, manos, rostro y cuerpo mas shampoo y crema de enjuague y otro ameitis.- La piscina es de agua templada en verano y en invierno, tiene gimnasio, 2 subsuelos para cocheras con valet parking, y el desayuno, uno de los mejores del sur de brasil, sumados Parana, Santa Catarina y Río Grande do Sul.- De todo, e incluso en vivo hacen las tapiocas dulces o saladas y a pedido del comensal.- Es mi casa, fuera de casa.-",10,2025-01-30 00:00:00+00,1
" El desayuno muito completo  El precio del late check out .
El shaampo..más ascensores 
Check in muito lento como una tartaruga",9,2025-01-30 00:07:41+00,0
 Comfortable and good food  The toilet bowl is suck，water cannot go away,10,2025-01-30 11:35:34+00,1
" El desayuno excelente por su variedad y calidad. La ubicación bien, solo q tuvimos confusion por la existencia de otro hotel bourbon, al q fuimos y no era.  La no existencia de bidet. Aunque existe un reemplazo con un lavador.",10,2025-01-30 12:10:19+00,1
" Olha, eu faço questão de elogiar o café da manhã, excelente, o espaço da piscina muito aconchegante, a suíte limpa, cheirosa e acolhedora, mobiliada de forma adequada para o conforto do hóspede. Boa acessibilidade e localização muito boa. Defronte ao hotel há um bom shopping e ainda próximo um supermercado.  Falta de ar condicionado no elevador panorâmico.",9,2025-01-30 13:09:18+00,0
" Muy buena atención en la recepción, la limpieza del cuarto. Muy buena Flavia muy atenta y muy eficiente en la limpieza de nuestro cuarto",10,2025-01-31 00:22:09+00,1
" A reggeli szuper és friss. A szálloda nagyon jó elhelyezkedésű, szemben egy mall.",10,2025-01-31 00:44:49+00,1
"Clean, modern, good pool area and many restaurant choices in the shopping centre just over the road.",10,2025-02-01 00:00:00+00,1
"Excelente el hotel muy recomendado tanto en habitaciones, estacionamiento, desayuno, y mejor que esta al frente del shopping!!!",10,2025-02-01 01:19:51+00,1
"O JL Hotel Bourbon, é um hotel moderno, frente ao Shopping JL Cataratas, com conforto e uma piscina aquecida.",8,2025-02-01 01:20:56+00,0
A Area da recepção precisa de melhorias. Restante dos funcionários/serviços impecável.,8,2025-02-01 11:29:41+00,0
" Tudo perfeito! Quartos com mobilias novas, banheiro muito bom. Parabéns para todos os colaboradores do hotel. Olha na foto o carinho que tivemos ao chegar de um dia de compras 🥰",10,2025-02-02 02:56:41+00,1
 Hotel novo e excelente custo benefício.  Nada a relatar.,10,2025-02-02 19:09:36+00,1
"Hotel fantástico. Ótima localização, funcionários gentis e educados, comida maravilhosa com bons preços, café da manhã maravilhoso. Limpeza impecável...",10,2025-02-02 22:29:28+00,1
"Sempre que vou a foz do Iguaçu me hospedo no hotel JL, é um hotel muito limpo, café da manhã farto com pratos sendo feitos na hora e uma variedade imensa, grato pelas meninas da limpeza, que nunca tenho do que reclamar, os quartos sempre estão impecáveis! Desta vez fui com meu neto e decidi que iria fazer um tour pelos restaurante de Foz, pra ele conhecer, perguntei a mocinha da recepção, Beatriz o nome dela.. ela me indicou os melhores, tanto para o jantar como para o almoço. Ela sabe tudo! Vlw Beatriz você foi nota 10 pela simpatia e atenção. Logo mais estou aí de novo, um abraço do José Carlos pra toda equipe JL.",10,2025-02-03 00:00:00+00,1
"Muy buen hotel. Hermosas habitaciones modernas y amplias, excelente desayuno,  bar y restaurante.  Estacionamiento,  zona de piscina y gym. Justo enfrente del shopping!.
Muy buena relación precio-calidad. Muy buena atención,  espacios comunes y entorno con muy buen gusto  .",10,2025-02-04 00:00:00+00,1
 La ubicación y el excelente trato del personal del hotel  Sin comentarios,10,2025-02-04 02:34:30+00,1
 Excelentes quartos e equipe muito cordial e solícita  Demora na entrega de veículos do estacionamento,10,2025-02-04 11:20:45+00,1
" - O quarto não estava disponível no check-in. Tivemos de aguardar por 3 horas. 
- Acabou o pão no café da manhã e não repuseram 
- Custo elevado pelo o q ofereceram",4,2025-02-05 13:49:49+00,0
"Ubicación privilegiada (frente a shopping de mucha utilidad), cercano a aeropuerto y principales atractivos, idóneo para personas discapacitadas. Viajé con mi madre tercera edad, movilidad reducida y mi pequeño de 6 años y es óptimo para todas las edades e intereses.",10,2025-02-06 00:00:00+00,1
 El desayuno.  La distancia hasta la terminal.,10,2025-02-06 11:34:58+00,1
 no geral foi bom  pessoal do checking precisa melhorar no atendimento,8,2025-02-06 15:35:30+00,0
" Limpeza, estrutura do hotel, bom café da manhã, área da piscina, localização centralizada e em frente ao shopping .",10,2025-02-06 18:33:47+00,1
"Amei! 
Pessoal super solícito e educado. 
Quarto espaçoso, café da manhã variado, chuveiro excelente.

Voltarei com certeza",10,2025-02-08 00:00:00+00,1
" L'hotel est super comfortable, les facilites correspondait a mes attentes. Le quartier est calme et securitaire. Fortement recommendable pour decouvrir les chutes Iguazu du cote Bresilien.",9,2025-02-08 00:42:54+00,0
"Precio muy alto para el servicio que ofrecen, piscina muy pequeña. Lo único bueno es el Shopping de enfrente",6,2025-02-09 10:24:01+00,0
 Lovely clean and modern property. Comfortable beds and good shower. Breakfast was great and had a lot of options. Right across a mall with good food options.  Staff could be better informed on letting us know that coffee in the room is available and free.,10,2025-02-09 14:59:06+00,1
" Très bel hôtel, avec des chambres conforts bien équipées. Petit déjeuner varié et goûteux. Piscine et abords top. Emplacement idéal. Nous recommandons.",9,2025-02-10 11:38:27+00,0
"Muy mala mi experiencia con JL Hotel Bourbon de Foz me han cobraron dos veces el alojamiento en mi tarjeta de crédito por la garantía en la Recepción del Hotel y no corresponde, ya que antes de ingresar ya pagamos el importe para alojarnos en el lugar y hasta ahora el Departamento Financiero no me resolvió el inconveniente que fue el 19/11/2023.",2,2025-02-11 15:30:57+00,0
" Hotel bom, confortável, comida muito boa. Localização excelente para o que eu precisava.  Limpeza do banheiro pode melhorar, e precisei ficar mais um dia,pois minha irmã não estava passando bem, e não consegui mais uma diária. Entendo que o hotel estava lotado, mas não foi um experiência agradável ter que sair e ir para outro hotel. Travesseiro com cheiro ruim.",8,2025-02-11 16:00:45+00,0
"Hotel excelente em localização, atendimento e limpeza. Única sugestão colocar tarjetas em inglês para estrangeiros no restaurante e café da manhã. Alguns estrangeiros estavam com dificuldade de comunicação com a equipe de atendimento do hotel.",10,2025-02-12 00:00:00+00,1
"Localização: boa, em frente ao shopping
Atendimento: achei atendente que nos atendeu no checkin uma pessoa “que não está disposta a ajudar” parece que tá fazendo um favor e de mal humor.
Café da manhã no primeiro dia (segunda) fomos às 7h e estava horrível, nos outros dias fomos na aberta estava excelente como de habitual.",8,2025-02-12 00:00:00+00,0
"Localização: boa, em frente ao shopping
Atendimento: achei atendente que nos atendeu no checkin uma pessoa “que não está disposta a ajudar” parece que tá fazendo um favor e de mal humor.
Café da manhã no primeiro dia (segunda) fomos às 7h e estava horrível, nos outros dias fomos na aberta estava excelente como de habitual.",8,2025-02-12 00:00:00+00,0
" Excellent location in front of a shopping mall, good  breakfast and facilities  They gave us a room with a 2m*2m bed, which was nice but the sheets didn’t cover the sides of the mattress so the bed was no properly made",8,2025-02-12 00:40:11+00,0
 Chuveiro  Barulhento,5,2025-02-12 02:27:16+00,0
"Eu não ia postar as minhas reclamações, preferi resolver internamente…porém, me deixaram de lado. O hotel é bonito, mas tem vários problemas básicos. O box do banheiro estava com chumaços de cabelo quando chegamos, reclamei na recepção e não houve nem um pedido de desculpas. Disseram que iam me trocar de quarto, mas começaram a atender outras pessoas na minha frente. Café da manhã fraco para hotel 4 estrelas, além disso, tinha cascas de ovo grandes no ovo mexido. Isso aconteceu em 12 horas de estadia, vamos ver o que vem pela frente.",4,2025-02-12 17:07:58+00,0
"Solo estuvimos una noche. El hotel es muy lindo. La habitación amplia, limpia y cómoda, buena ropa de cama y toallas. El baño , para mi gusto, muy chico.
Frente a un shopping.
Cenamos en el restaurante, muy bueno.
Buenos ascensores.
El desayuno bien, nada para destacar.",8,2025-02-13 00:00:00+00,0
" Es buen hotel, buen desayuno  No tiene rampa de entrada. La accesibilidad es complicada",9,2025-02-13 01:46:22+00,0
 Breakfast  Bit of a way out of centre,9,2025-02-13 17:36:40+00,0
 La ubicación,8,2025-02-13 19:09:02+00,0
 Cafe da manhã excelente. Limpo e pessoal atencioso.,10,2025-02-14 09:42:35+00,1
"Sempre que vamos a Foz, ficamos neste hotel! Do temos que agradecer! Cama boa, quarto bom, banheiro bom! Piacina com aquecimento mto boa! Servico de qualidade de todos no hotel! Cafe da manhã maravilhoso, com uma grande variedade de frutas, pães, cafe!",10,2025-02-15 00:00:00+00,1
"I liked the hotel.  The location was good (right across from the Mall).  The pool was excellent as was the food we enjoyed (burger & fries).  The gin and tonics were EXCELLENT.  What I didn't like about the hotel is that when you left the room the electricity turned off.  That meant, if you left your cell phone to charge - it didn't charge.  That also meant the AC turned off and you always returned to a hot stuffy room.  

One other thing.  Our check in took FOREVER and I accidently left my photos/videos on the front desk.  We were there for 24 hours and they never bothered to let me know I left my items on the front desk counter.  I didn't catch it until the next day AFTER we checked out.  Our guide was nice enough to call the hotel and figure out I had left them there.  Our other guide was nice enough to go by and pick them up.  Was rather disappointed that the hotel didn't return the items.  FYI, my friend and I were in 10 physical photos, so it wouldn't have been hard to figure out who we were.",8,2025-02-16 00:00:00+00,0
 Conforto do quarto foi incomparável. Blackout é o melhor que já vi em um ambiente de hotel. O difícil é acordar com o quarto tão escuro. Silêncio nos corredores e janelas que impedem ouvir o barulho da rua. Todo quarto é perfeito.  O elevador nem sempre dá conta do volume se pessoas e aí é necessário usar o elevador de serviço que ostenta uma placa de proibição de acessso.,10,2025-02-16 02:25:52+00,1
 清潔綺麗部屋大きいCPたか  無し,10,2025-02-16 03:29:00+00,1
 It was so clean and the breakfast was amazing  We were asking for slippers and there was nothing available!,8,2025-02-16 15:00:25+00,0
"Hotel confortável, muito acolhedor e atingiu todas expectativas, além de ser muito bem localizado, muito limpo e muito bem conservado com uma equipe bem cordial e o café da manhã extremamente farto e delicioso.  Piscina e saunas funcionando muito bem é uma academia compacta",10,2025-02-17 00:00:00+00,1
 Localização muito boa. Funcionários educados e prestativos.,9,2025-02-17 09:46:34+00,0
" Hotel bem localizado, café da manhã variado com opções para todos os gostos. 
Ótimas opções no restaurante.  Novamente o check-in e o check-out foram demorados.",9,2025-02-17 11:16:56+00,0
" Quarto, cama bem confortável! Localização OK  Nas áreas comuns não há ar condicionado o que é lamentável!
Numa sensação térmica de aprox 40o graus voce quase desmaia dentro do elevador e nos corredores!
Economia que causa MUITO DESCONFORTO!
No café da manhã o ambiente deixa a desejar no aspecto limpeza! o chão estava muito sujo!",7,2025-02-17 13:15:49+00,0
 La ubicación es muy buena.,10,2025-02-17 20:26:12+00,1
"Wunderbares Hotel und perfekter Ausgangsort für Touren in die Nationalparks. Personal sehr freundlich. Vor allem Henzo vom Service hat uns sehr geholfen, eine Iguacu Tour nach Argentinien zu planen und uns mit seinen tollen Tipps zu einem unvergesslich schönen Tag verholfen. Vielen Dank dafür!",10,2025-02-17 21:12:48+00,1
"Wir machen zur Zeit 4 Tage in diesem Hotel Urlaub. Wir haben ein wunderbares Zimmer im 6. Stock, sehr sauber, sehr gutes Bett und schöner Aussicht auf die Stadt.
Der Grund für diese Bewertung ist aber Enzo, ein Mitarbeiter der Rezeption. Er ist sehr freundlich und hilfsbereit. Ausserdem spricht er hervorragend Englisch, was in Brasilien keine Selbstverständlichkeit ist. Wir wollten gerne die Wasserfälle auch auf der argentinischen Seite besuchen und fragten ihn dazu, wie wir am besten einen Guide oder eine Tour buchen könnten. Er schlug uns vor, für uns ein Taxi zu buchen, dass uns über die Grenze fährt und am Park absetzt. Zu einer vereinbarten Zeit würde uns das Taxi dort wieder abholen und zurück nach Brasilien ins Hotel fahren. Einen Guide im Park würde man seiner Meinung nach nicht brauchen, es sei alles gut alleine zu finden.
Lieber Enzo, muito obrigada. Um dia formidable e tudo perfekto.
Alles hat super geklappt. Morgens um 7 Uhr war der Fahrer da, wir wurden sehr angenehm gefahren. Auch an der Grenze alles reibungslos. Am Nachmittag war der Fahrer Punkt 16 Uhr da und erst vor dem Hotel wurde die Hin und Rückfahrt abgerechnet.
Ohne diesen wunderbaren Tipp und Enzos geduldige Erklärungen hätten wir eine sehr viel teurere Tour gebucht.
Danke Enzo.",10,2025-02-17 21:30:30+00,1
"Ótimo atendimento, localização, o  café da manhã é  estupendo. A cama creio que é a mais confortável do mundo, sensacional!!! Super climatizado, todos os funcionários te atendem super bem, certamente foi uma experiência maravilhosa para todos da minha família.",10,2025-02-18 00:00:00+00,1
 Un hotel nuevo y muy bien decorado! Instalaciones en excelente estado! El personal increíble. Destino excelente.  Todo muy bien,10,2025-02-18 03:33:48+00,1
" Davanti al centro comerciale JL, E' un 5 stelle  meritato",10,2025-02-18 07:22:33+00,1
"Hermosos hotel. Excelente atencion del personal. Las áreas comunes impecables. Lo único a mejorar es que no le corten a uno el acceso al Wi-Fi a la hora de haber hecho el check-out, dejarlo más tiempo porque como en mi caso tuve que quedarme en la sala un poco más de 2 horas esperando recogida.",10,2025-02-19 00:00:00+00,1
" tudo muito novo e limpo, amplo, café da manhã dos melhores que há na região.  o travesseiro não gostei, devia ser pluma porém pouco confortável, na próxima escolherei ali se ficar em Foz e levarei meus travesseiros, se a mensagem chegar a eles e trocarem, mais uma surpresa positiva, porem no conjunto e no geral foi excelente e travesseiro de hotel, em geral, tbem não é como os nossos.",10,2025-02-19 14:17:35+00,1
 Si,10,2025-02-20 01:29:48+00,1
"Quartos limpos e confortáveis. As camas são enormes, nunca vi algo assim, mesmo em hotel 5 estrelas. O café da manhã é razoável, até que tem bastante opções. Fica devendo pela academia de musculação que é praticamente inexistente.",10,2025-02-20 03:31:48+00,1
El hote excelente pero falta mayor simpatía de los que atienden en recepción,8,2025-02-20 23:16:29+00,0
"Otima localizacao, bom cafe da manha",8,2025-02-21 00:00:00+00,0
"We stayed 2 nights at this lovely modern hotel. The staff werevery helpful and welcoming. Our room was lovely with great views. Very clean, comfortable and quiet rooms. 
Breakfast was good and there's a nice, small pool area. We found a couple of decent restaurants within a few minutes walk.",10,2025-02-21 00:00:00+00,1
" Sehr schönes und sauberes Zimmer. Direkt neben einem grossen Einkaufszentrum. Würde ich nochmals buchen  Fand es schade, dass es im Aussenbereich (Pool,bar) keine Möglichkeit gibt zu rauchen.",9,2025-02-21 00:07:01+00,0
" La ubicación excepcional, frente a shopping que tiene todo. El desayuno completísimo.  Tal vez faltaría un poco de entrenamiento en recepción ya que la atención de un asistente no fue cordial o tal vez se puso nervioso por qué no entendía Portugués y él no habla Español, terminó hablándome en Inglés de mala manera.",10,2025-02-21 00:34:36+00,1
" Besonders hervorzuheben war das Personal an der Rezeption. Henzo war besonders freundlich und sehr hilfsbereit in Bezug auf unsere Fragen zu einem Besuch in Argentinien. Er spricht hervorragend Englisch, was in Brasilien eher selten ist. Aber auch alle anderen vom Frontdesk waren sehr nett. Das Hotel ist noch relativ neu und alles ist in einem guten Zustand. Schöne Zimmer und sehr sauber. Direkt gegenüber ist ein hübsches Einkaufszentrum. Man kann dort schön shoppen und auch oben im Foodcourt etwas essen. Der Aufzug des Hotels ist aus Glas, man hat einen tollen Ausblick.  Das Frühstück bietet eine große Auswahl, war aber eher nicht so unser Geschmack. Super sind die frischen Säfte, von Detox über rote Beete bis zu Orange. Das Personal beim Frühstück war eher nicht sehr freundlich.",9,2025-02-21 09:52:51+00,0
 Las instalaciones espectaculares! La ubicación y amenities,10,2025-02-21 13:52:04+00,1
" Dos funcionários e da cama , banheiro com tampa do vaso solta. A tampa é diferente em tamanho do vaso,  não tem como dar certo esse tipo de gambiarra  A TV é  laica, para quem tem religião não tem um canal sequer.  Pães fatiados do café da manhã eram quase todos os dias secos e velhos.",8,2025-02-21 23:08:33+00,0
Equipe bem treinada e atendimento impecável,10,2025-02-22 00:00:00+00,1
 excelente lugar,10,2025-02-22 17:52:48+00,1
 Great location,10,2025-02-23 18:54:29+00,1
 Very clean rooms. Helpful stuff. Good location  Gym was quite outdated.,8,2025-02-23 20:44:12+00,0
"Very pleased with my choice- I arrived early and they were able to provide me with a room earlier than expected (which was great after an early morning flight from Buenos Aires).  Lovely places to sit around the pool at back of the hotel.  A nice bar area and the morning breakfast provided an ample amount of choice.  The shopping mall is located right across the street with a very handy crosswalk more or less in front of the hotel (as an aside, the shopping centre was a great place to obtain necessities forgotten (eg bug spray) and was a very hopping place with lots of families taking advantage of the restaurants, movie theatres and play areas for children).  I highly recommend this hotel for a place to stay- a staff member spoke excellent French and staff members spoke some English- in a pinch, google translate comes in handy.  Lastly, the area felt very safe.",10,2025-02-24 00:00:00+00,1
"Hotel com ótima localização , quarto e banheiros confortáveis e limpeza excelente. Piscina e academia bem equipados ,café da manhã ótimo .
E a equipe em geral do hotel é nota 10, muito atenciosos  e prestativos .
Tem um restaurante que atende bem para quem não quer sair para jantar fora.",10,2025-02-24 00:00:00+00,1
 Hotel novo e moderno.  Tudo ótimo,9,2025-02-24 00:05:39+00,0
 Cama muito espaçosa,10,2025-02-24 01:04:11+00,1
"Hotel novo, bem localizado com ótimo serviço de recepção e manobristas atenciosos .  Excelente café da manhã , mesmo sob forte demanda, com variedade de  sanduiches especiais feitos na hora .  Piscina Limpa e agradável . Apartamentos com decoração agradável, ar condicionado perfeito e sem odores . Limpeza e manutenção geral ok . Ótima academia e banheiros que atendem a piscina ,l muito  limpos e com aromatizante de ambientes de qualidade !  Uma grata surpresa .",8,2025-02-25 00:00:00+00,0
" La cena estaba bastante pésima, por lo demás todo genial.",9,2025-02-25 15:16:28+00,0
 Location and facilities are prettty good.  Mattress comfort could be improved.,9,2025-02-27 16:18:44+00,0
" Limpeza, silêncio, conforto",10,2025-03-01 13:37:34+00,1
" Everything was great but air conditioner. First night, it smelled bad and released lots of allergens, which made our eyes congested and lots of sneezing. The second night, it was much better. I am doubted it was infected by allergens. The room was not fresh for the first night.  Breakfast was great, and the location is across JL mall, which is an advantage.",6,2025-03-01 22:30:53+00,0
" Portas não fecham direito na entrada do quarto. Tive que apoiar pra travar a porta todos os dias.
Poucos canais na televisão.
A privada tem pouca água e entupiu duas vezes.
Elevador panorâmico quebrou três vezes em dias diferentes. Elevador lotados todos os dias.
Papel de chocolate atrás do vaso sanitário antes da minha chegada. Ninguém observou a sujeira.",5,2025-03-03 12:33:21+00,0
"El hotel es muy bueno en general. Las habitaciones son muy pequeñas. El desayuno es excepcional. Tienen pocos lugares en la cochera y no está bien señalizado el ascensor de los  huéspedes ( subimos en el primero que encontramos y era el de servicio)
Una gran contra, los recepcionistas no son muy claros con las explicaciones al momento de reservar!!!! Tengan cuidado con eso.
A nosotros nos cobraron 2 días de estacionamiento y no tenían lugar para la segunda noche.....hace 15 días que estaremos la devolución que prometieron hacer",6,2025-03-05 01:55:34+00,0
 O café da manhã muito bom e localização muito boa . E conforto  O preço muito caro,7,2025-03-05 02:33:45+00,0
" café da manhã, quarto  poucos elevadores",10,2025-03-05 13:45:30+00,1
 Todo,10,2025-03-05 16:00:57+00,1
" Quarto espaçoso, ótimo ar condicionado e muito silencioso. Bem na frente de um shopping e próximo ao terminal de ônibus da JK. Café da manhã muito variado, para todos os gostos. Recomendo!  Nada",10,2025-03-05 23:01:51+00,1
"Very good location, shopping mall is just crossing the street so many food options in the area!",10,2025-03-06 00:00:00+00,1
Local incrivel,10,2025-03-06 00:00:00+00,1
"Great hotel. Clean and modern. Friendly staff who assisted us with a 1 am check in and no hassle. Also helped us arrange taxis to the falls.
The location next to the mall was useful to exchange money n for dinner options after a long day at the falls.",10,2025-03-06 00:00:00+00,1
" Ótima localização no centro da cidade. Há um shopping com mercado muito bom bem em frente, só atravessar a rua. Próximo a muitos restaurante. Funcionários atenciosos.
O quarto é espaçoso com cama confortável. Estacionamento disponível mas pago.  Nada que mereça registro.",9,2025-03-07 11:51:32+00,0
 Localização  Café da manhã,8,2025-03-07 12:16:57+00,0
 Quartos amplos e espaçosos  Tamanho das acomodações,8,2025-03-07 14:45:19+00,0
"Modern facility with good location across the street from an upscale shopping and dining mall. Clean, comfortable room. Excellent breakfast buffet.",10,2025-03-08 00:00:00+00,1
" El desayuno, es genial.  No andaba un ascensor,  y el que andaba, sin aire acondicionado,  un calor cada vez que sabías al ascensor.  
Otra cosa, no había una pava eléctrica,  que ya es común en cualquier habitación de hotel.. y la respuesta del personal,  deja mucho que desear.",5,2025-03-08 11:48:56+00,0
 Simpatia e disponibilidade dos funcionários.,9,2025-03-09 11:52:46+00,0
"Hotel incrível, bem localizado, com uma café da manhã delicioso e o custo benefício excelente. Bem limpo, arejado, com tudo de excelente, até o secador de cabelo. Nem precisaria ter levado o meu. Tem um balcão de informações turísticas na hall, com vendas de passeios e ingressos das atrações, o que facilita o acesso sem maiores transtornos. Recomendo demais!! Voltarei.",10,2025-03-10 00:00:00+00,1
"Foi tudo muito bom, cama excelente, localização excelente, recomendo.",10,2025-03-11 00:00:00+00,1
" muy completo  los colchones y esperar el ascensor porque dos, no alcanzan para toda la gente en los horarios pico",9,2025-03-11 13:32:34+00,0
" Relativ neues Hotel, ruhige Zimmer, sehr gutes und reichhaltiges Frühstück  Leider waren bei meinem Aufenthalt sehr viele und wie man sie kennt und fürchtet, laute und rücksichtslose Chinesen da. ""Normale"" Gäste haben lieber vor dem Frühstücksraum gewartet, bis abgezogen sind und wieder zivilisierte Ruhe herrschte.",8,2025-03-12 11:01:06+00,0
 Localização quarto estrutura  Café da manhã não tem álcool para higiene das mãos.  O ovo mexido muito molhado . Os pães não são saborosos . Salada de frutas muito picada estava derretendo .,9,2025-03-13 12:00:24+00,0
" Me gustó la ubicación y el hotel en general estaba bien  Muy lento el check in y el check out. 
El desayuno regular. En la habitación falta un cubrecamas o una manta más abrigada. La manta que había era muy chica para el tamaño de la cama y estaba agujereada.",7,2025-03-14 00:49:01+00,0
 Breakfast was very good; Room was excellent; Good location,9,2025-03-14 14:07:27+00,0
 Great location- walking distance to restaurants. Excellent breakfast included. Seamless checkin,9,2025-03-14 18:02:20+00,0
Internet estava muito fraco mesmo. Não dava nem abrir paginas menos ainda abrir e-mail.,8,2025-03-15 00:00:00+00,0
"O hotel estava com um evento. À noite a banda tocava música boa, mas em som absurdamente alto para quem não era da festa e precisava dormir.
Solicitado troca de apartamento, para mais longe do evento, o pedido foi prontamente atendido - mas ainda assim um transtorno.
Travesseiros e café da manhã podem ser muito melhores.
Boa internet.",8,2025-03-16 00:00:00+00,0
"Reservé una habitación triple y la cama single era un catre, siquiera era un sommier. Pedí el cambio y lo hicieron. Luego empezó a hacer ruido el aparato donde va la tarjeta de ingreso a la habitación, dijeron que iban a cambiar y cuando volvimos a la medianoche no lo habían cambiado (salimos por 4, 5hs) y nos tuvimos que cambiar de habitación a la medianoche porque no solucionaron el ruido del aparato. La verdad al principio muy mal servicio y luego fue mejorando.",6,2025-03-17 00:00:00+00,0
"Conforto da cama excelente. Quarto 410. Estivemos com a família durante o carnaval e aproveitamos o passeio do macuco nas cataratas. Aventura incrível. Tomar banho de cascata foi demais. Localização ótima em frente ao shopping, Visitamos também Itaipu. Obra grandiosa e maravilhosa da engenharia.",10,2025-03-17 00:00:00+00,1
"Bom hotel, mas, não apresenta uma boa relação custo x benefício. Localização privilegiada. No entanto, a piscina e arredores carecem de cuidados, a área não estava limpa no momento em que decidimos usar a piscina, o que nos desanimou de usar nos dias seguintes. No restaurante, erros e demoras na entrega dos nossos pratos, mas a comida estava muito boa (sabor e apresentação excelentes). O café da manhã foi marcado pela ausência de opções  sem glúten ou sem lactose. A opção de tapiocas feitas na hora não estava disponível. Em nosso último dia de hospedagem (uma terça-feira de carnaval), muitos hóspedes estavam deixando o hotel... notamos que o café da manhã deixou a desejar neste dia.",6,2025-03-17 00:00:00+00,0
"Hotel muito bonito, com aparência de novo, funcionários cordiais e sempre prontos para atender, café da manhã muito bom, com produtos sempre sendo repostos, tive um probleminha com cofre e o cartão que ficava desmagnetizado, mas fui prontamente atendido, uma pena que foram somente 2 noites, voltaria a me hospedar com certeza",10,2025-03-17 00:00:00+00,1
" Localização excelente. Bom café da manhã, funcionários prestativos e educados!",10,2025-03-17 00:21:41+00,1
" Door man/ porter  Reception staff all sour faced.
Arrived 11am. I was sick. No Made us wait right till 2pm to check in
THAT IS WHEN CHECK IN IS EVERY HOUR THEY TOLD MY HUSBAND EVEN THPUGH I WAS ILL . 100 PLUS ROOMS AND ALL OF A SUDDEN ALL CLEAN AT 2PM. NOT GOOD FOR BUSINESS",7,2025-03-17 11:14:38+00,0
" El hotel hermoso, las camas muy amplias y comodos, desayuno abundante. En frente del shopping  Las llaves magneticas dejabas de funcionar con frecuencia, en la recepción te reseteaban la llave solo con numero de habitación sin pedirte ninguna tipo de identificación. Un dia nos confundimos de piso y abrimos una habitación que no era nuestra. Por todo esto, temiamos por la seguridad de la puerta de la habitación. 
En el desayuno a uno de los mozos le agarraba ansiedad por limpiar la mesa, y te sacaba el plato sin haber terminado de comer.",8,2025-03-17 11:54:31+00,0
 Desayuno muy completo y variado. Ubicacion excelente,9,2025-03-17 13:04:07+00,0
 Muito bom e muito variado,9,2025-03-17 20:36:43+00,0
" Tudo novo, muito bem conservado, wi-fi muito bom, limpeza impecável, café da manhã excelente e o serviço do restaurante do hotel é muito bom",10,2025-03-17 21:09:05+00,1
Hotel em ótima localização. Atendentes educados. Café da manhã delicioso. Preço justo. Piscina aconchegante. Local perfeito para desfrutar com os amigos e familiares. Recomendo a estadia. Vale a pena e ainda é na frente de um shopping. Perfeito.,10,2025-03-18 00:00:00+00,1
"Excelente experiencia. 

El Hotel está muy bien ubicado, con buenas instalaciones. La habitación era espaciosa, muy limpia. El desayuno muy completo. La atención del personal sensacional, muy atentos y proactivos. 
También comimos en el restaurante que tenía muy buena relación calidad y precio. 
La piscina tenía una excelente temperatura y servicio de bar.

Realmente superó nuestras espectativas.",10,2025-03-18 00:00:00+00,1
"o hotel fca bem localizad e tem uma excelente infra estrutura e cafe da manha 
Tem um shoping em frente, tem guia turistico na recepcao oferecendo os passeios, gostei bastante do atendimento geral , vale a pena apesar do custo ser alto de hospedagem em foz",8,2025-03-18 00:00:00+00,0
 TODO. Vine arias vices porque es excelente  NADA,10,2025-03-18 00:50:27+00,1
"Todo muy bien. Únicos detalles: hacia mucho calor los días que nos hospedamos y se siente en los pasillos de las habitaciones la falta de acondicionamiento. La pileta y el solarium son bastante chico y después del mediodía ya no da nada de sol por la orientación.
Eso es lo único que objetaría. Pero la ecuación costo-calidad de servicio es buena.",8,2025-03-19 00:00:00+00,0
 Great staff and a lovely hotel. Quite central and only 20 mins taxi from the airport. The staff were all so lovely and helpful and even helped us in the middle of the night when we were feeling sick and needed to go to the pharmacy.  Our first room was facing the road and it was very loud. We asked and they moved us to the other side which was much quieter!,9,2025-03-19 12:02:31+00,0
Boa academia e café manhã,10,2025-03-19 12:46:15+00,1
"Las habitaciones se destacan por su pulcritud. El hotel es moderno, ofrece un ambiente agradable y está bien perfumado. El desayuno buffet es excelente, con opciones variadas y saludables. Además, el personal es amable y eficiente, lo que contribuye a una experiencia acogedora. Como un plus, frente al hotel se encuentra un gran shopping, ideal para hacer compras o buscar opciones de diversión",10,2025-03-20 02:54:28+00,1
"Es bien caro pero lo vale. Tiene pileta climatizada. El desayuno tiene pocas tortas y pocos panificados dulces. Pero es muy completo en frutas y comida salada como sopas, pizza, carne. La atención es esmerada.",10,2025-03-21 00:41:30+00,1
" Tudo  Ficar ligando cedo para saber se precisava arrumar o quarto, muito incômodo",10,2025-03-21 04:19:45+00,1
"Excelente  ubicación cerca de todo.!!!! Shoping JL en frente, shoping Palladium a 10 minutos,  dutty a 15 minutos , ciudad del este a 16 minutos , el desayuno maravilloso de 06 hs a 10 hs ...calidez en la atención. Un 10",10,2025-03-21 05:19:59+00,1
" O hotel é muito bom e bem localizado, diante de um shopping com farmácia e mercado. É bonito, confortável, quartos espaçosos, camas boas, excelente blackout e cortinas, silencioso. Banheiros bons, espaçosos, ducha ótima. Ótima iluminação e decoração sóbria e de bom gosto. Corredores espaçosos. A equipe é muito eficiente e atenciosa; tenta resolver toda solicitação com rapidez e gentileza. O restaurante é bom, com preços justos. A área da piscina e sala de exercícios são também muito boas. Enfim, um quatro estrelas que honra sua categoria.  Não há um verdadeiro armário no quarto, e teria espaço para isso. Apenas algumas poucas prateleiras no baixo e um espaço para pendurar roupas. 
Um outro aspecto que poderia melhorar é o café da manhã. Apesar de muito farto, a parte aquecida nem sempre está quente; e o sabor do que é proposto não é sempre bom, por vezes mesmo sem sabor. Os bolos, por exemplo, podem ser bem secos e ruins. Isso poderia ser melhorado. 
Um outro aspecto a ser revisto seria a utilização de elevadores de serviço no horário de grande fluxo de hóspedes partindo ou chegando. Por vezes podemos esperar até 10 minutos para conseguir descer com bagagens.",9,2025-03-21 11:41:06+00,0
" Вкусная еда, очень быстро постирали одежду.  Вид из окна на серый некрасивый мол.
Мало сотрудников говорит по-английски.
Зачем-то в номере стояла вторая кровать на 1. А нужная большая кровать из-за этого была смешена так, что выступающая лампа была прямо над подушкой, было страшно удариться.",7,2025-03-21 12:35:24+00,0
" Excelente localização,  excelente serviços e estrutura fantástica, além de excelente segurança nos elevadores e andares.  No restaurante a minha experiência foi apenas nas massas, mas o nhoque ou foi mal cozido ou estava extremamente cheio de farinha para um macarrão artesanal como dito pelo garçom. Falta melhores opções de itens no frigobar, água poderia ser de melhor marca e qualidade, assim como snacks.",10,2025-03-22 13:53:31+00,1
" A recepção é os quartos são excelentes, o atendimento de todos os funcionários é muito bom. Estacionamento fácil e a melhor localização bem de frente ao shopping Bourbon.",10,2025-03-23 10:36:09+00,1
"Muy buen hotel. Habitaciones y baño pequeños.
Limpieza 10
Comida 10
Desayuno excelente.",8,2025-03-23 15:20:04+00,0
 A localização era ótima próximo a várias coisas. Bem em frente tinha um shopping Center e um supermercado. O quarto era espaçoso e silencioso e muito confortável. O blackout era perfeito e deixava o quarto bem escuro proporcionando ótimas noites de sono até mais tarde. O café da manhã era excelente com várias opções e os funcionários muito prestativos e atenciosos. Foi uma ótima estadia e com certeza recomendo.  Nada a melhorar,10,2025-03-23 18:45:02+00,1
"Hotel confortável, bem localizado com café da manhã bem farto e saboroso",10,2025-03-23 20:30:07+00,1
"pontos positivos: o hotel está bastante conservado, cama confortável, roupas de cama de qualidade, ambiente silencioso, corredores limpos, lobby, bar, jantar, piscina e etc muito bem decorados e de muito bom gosto e atemporal, moveis confortaveis e em cores neutras. Outro ponto de destaque foi o otimo atendimento desde o auxiliar Junior, nos prestando informaçoes e dicas de Foz e regiao, os garcons Alberto que faz drinks deliciosos e um cafe expresso excelente no bar do lobby, e no cafe da manha o Signelson e o Junior fazem a diferença no atendimento. A deyse da loumar tour tambem muito atenciosa, o pessoal da recepção sempre muito atentos e solicitos e nos atenderem sempre com muita eficiencia quanto solicitados. Nos sentimos muito acolhidos e voltando a Foz, sem duvida repetiremos o JL.

os pontos negativos ficam pros travesseiros muito altos e pouco macios, nao sei se pelo uso de capa protetora, a experiencia nao foi agradável, pois mesmo o hotel rapidamente nos atendendo com travesseiros mais finos, o uso continou desconfortável, outro ponto que deixou a desejar é que nao houve um padrao na qualidade das toalhas de banho, sendo necessário solicitar a troca 2 dias pois e em 1 dia nao foram colocadas as 2 toalhas de rosto. infelizmente tivemos a péssima sorte de encontrar uma barata pequena caminhando a noite, no escuro em cima da cama de solteiro, comentei com o Rodrigo e mostrei a foto, que prontamente reforçou a limpeza do quarto.",10,2025-03-25 00:00:00+00,1
"Hotel bem localizado e com ótimo serviço. Na cidade, em frente do shopping center,e numa área calma e sem barulho.
Hotel novo, com ótimas instalações, super limpo e quartos espaçosos.
O pessoal muito simpático a prestativo, desde a recepção, à camareira, ao serviço de restaurante e café da manhã.
Uma piscina espaçosa.
Recomendo o hotel",10,2025-03-25 00:00:00+00,1
" Desayuno excelente aunque no tenía croissants. El personal del bar y restaurante son maravillosos. Muchas gracias  La pileta podría estar más limpia. Y el personal de check in no atiende con rapidez, aunque te vean parado esperando.",10,2025-03-25 02:49:44+00,1
 ABSOLUTAMENTE TODO  NADA,10,2025-03-25 02:52:19+00,1
Very morden accomodation and other facility.,10,2025-03-25 15:22:59+00,1
" Quarto confortável cama limpa, piscina, recepção do hotel muito prestativa,sempre me hospedo no Bourbon por isso, funcionários muitos bem instruído e educados.",10,2025-03-25 15:39:23+00,1
" Café da manhã muito bom e excelente localização  O tamanho das garrafas de água no frigobar, poderiam ser de 500 ml.",10,2025-03-25 17:13:26+00,1
nice room and good breakfast,8,2025-03-26 00:00:00+00,0
" La habitación, y la zona de piscina",9,2025-03-26 00:50:38+00,0
" I can't ask for a better hotel and location. 

This place had it all especially for solo travellers. The mall across from the hotel has everything you need.  Nothing major, the elevator had technical issues and the pool could have been cleaner. But overall it was an awesome stay .",10,2025-03-26 18:55:15+00,1
 Todo muy bien. Excelente servicio 👏,10,2025-03-26 19:26:46+00,1
Bem localizado,8,2025-03-26 19:56:42+00,0
" Lage recht gut, Bus, Taxi und Shoppingcenter gegenüber vom Hotel, Frühstück jeden Tag dasselbe  1 Woche  dort , gebe 3-4 🌟.",7,2025-03-27 10:52:12+00,0
"Muito boa, atendimento impecável, limpeza em ordem. Podem melhorar o café da manhã.",8,2025-03-28 00:00:00+00,0
" The rooms are clean and comfortable. It is centrally located with access to shops and restaurants nearby. In fact, there's a mall right across the street! The pool are is very relaxing and welcoming. The breakfast buffet offers plenty of variety and was quite delicious as well. For a short stay, it was perfect!  Check-in and check-out was incredibly SLOW. I don't think I've ever experienced any place slower. Maybe they just expected everyone to do everything online? But if you're doing so at the front desk, prepare for a looooong wait. Even with only 2 people in front of me, it took almost an hour!! What could you possibly be ""checking in"" for that long, idk...",9,2025-03-29 22:27:43+00,0
Super!,10,2025-03-30 13:08:34+00,1
 Great breakfast buffet.   King bed was huge.   Good bathroom and great shower.    Had plenty of room for the single traveler.  N/A,10,2025-03-30 20:52:49+00,1
"FOI A TERCEIRA VEZ QUE ME HOSPEDEI NO HOTEL COM MINHA ESPOSA. FUNCIONÁRIOS EDUCADOS E ATENCIOSOS, ESPECIALMENTE O PIERRE, O JÚNIOR E A FLÁVIA. LIMPEZA TOTAL, PISCINA DEVIDAMENTE AQUECIDA, CAMA CONFORTÁVEL, ÓTIMA LOCALIZAÇÃO. O ÚNICO SENÃO É A FALTA DE UMA SAUNA, APESAR DE TER ÁREA DE GINÁSTICA BEM APARELHADA;",10,2025-03-31 00:00:00+00,1
" Atendimento, localização e serviços excelentes!
Acomodações bem limpas.
Serviço de quarto ágil e gentil!  Tudo excelente!",10,2025-03-31 12:01:38+00,1
"Exceptional Experience!

Everything exceeded my expectations! The service was outstanding, and the staff was incredibly friendly and welcoming.

A quick note for black tea lovers—be sure to bring your own, as it’s not available here.

Overall, a fantastic experience. Thank you, and I’ll definitely be back!",10,2025-03-31 16:26:38+00,1
"Very nice hotel, nice, clean and neat.   Good breakfast.",10,2025-04-01 00:00:00+00,1
"Excelente!
Ambiente limpo, organizado e aconchegante.
Equipe extremamente proativa e cordial.",10,2025-04-01 00:00:00+00,1
 La ubicación,10,2025-04-01 14:26:03+00,1
"Had a great stay here while travelling to see the Falls. Very nice hotel that looks clean, had good breakfast variety and a convenient gym. There is an in-hotel restaurant which had good food but it is also situated opposite a mall with restaurants and supermarket.",10,2025-04-01 18:35:44+00,1
"Minha experiência é sempre maravilhosa.
Em frente ao shopping, próximo de supermercado e farmácia.
Os funcionários atendem com uma educação e cordialidade . Extremamente atenciosos .
Agradeço Signelson , Pierre , Carlos ( manutenção) , Enzo recepção.Todos fantásticos.",10,2025-04-02 02:32:31+00,1
"Na chegada, o hotel me surpreendeu pela beleza das instalações e por ser super cheiroso. O quarto achei bem confortável.
Porém, já no segundo dia houve um incidente: ao chegar no quarto após um dia de passeios, nosso cofre estava aberto e sumiram 18mil pesos argentinos da minha carteira. Hoje fez uma semana e o hotel não fez nada. Tentei falar várias vezes com o gerente do hotel, mas nunca consegui o e encontrar. Farei um BO na PM de lá para registrar o ocorrido já que o hotel não se importou com o fato.
Dica: não usem o cofre de lá.",6,2025-04-02 19:20:49+00,0
" Hotel bem localizado, limpo, comida boa, acomodação perfeita! Recomendo",10,2025-04-03 03:10:29+00,1
" Atención, calidad y servicio  Todo excelente",10,2025-04-04 00:08:04+00,1
" Bom café da manhã, boa localização, fica em frente ao Shopping e a caminho de todos os passeios, quarto confortável, limpo.",9,2025-04-04 18:11:13+00,0
"Everything was excellent from check-in to check-out. Room is comfortable , good quality sheets and pillows. 

Gym is clean but the machines need some maintenance and WD-40. Pool clean and warm. Nice tables and lounge chairs. 

 Decent breakfast and dinner options. 

Location is best suited for business or shopping since it’s at least 30 minutes from the Iguazu Falls. There’s a convenient shopping mall across the street. 

Suggestions for improvement:
Use better quality toiletries and put a coffee maker in the room. That’s all; thanks.",10,2025-04-05 00:00:00+00,1
" O hotel é maravilhoso em todos os sentidos, numa excelente localização! Indico e com certeza voltarei!",10,2025-04-05 01:16:43+00,1
" Tout, très luxueux et confortable, système guide touristique exceptionnel, formidable repas et accueil.",10,2025-04-05 12:50:53+00,1
"Excelente hotel , apenas uma ressalva para a acustica nao tem muito bloqueio de ruido. Principalmente os quartos de frente da avenida.",10,2025-04-06 00:00:00+00,1
"Very clean with good service. The bed was very comfy and very good breakfast. No complementary water in the rooms though, which seems typical in Brazil. Highly recommended for a four star hotel.",8,2025-04-06 12:14:54+00,0
"Só não coloco 10 estrelas porque não tem kkk!
Excelente hotel ,localização ,café da manhã ,recepcionistas atenciosos e extremamente educados. Localização maravilhosa ! Amei ficar hospedada nesse lugar incrível. 😍😍👏🏼👏🏼",10,2025-04-06 19:48:04+00,1
" Hotel ejecutivo, cómodo, chico. Buena atención en recepción pero PÉSIMA en el restaurante, quisimos celebrar un cumpleaños y pasamos muy mal",6,2025-04-07 09:40:46+00,0
" Limpeza, segurança e localização.  Café da manhã médio, camas barulhentas, e travesseiro duros, tv que não funciona e ar condicionado barulhento.",8,2025-04-07 11:22:05+00,0
" Achamos a estrutura do hotel e os funcionários excelentes. O quarto é bem equipado, a localização do hotel é privilegiada e o café da manhã é muito bom. Ampla variedade de itens, frescos e com serviço de qualidade até o horário próximo ao de finalização do horário previsto para ocorrer o café da manhã.  Infelizmente ficamos no primeiro andar, de frente pra avenida principal e a janela não tem uma vedação tão e as vezes o barulho de veículos atrapalhava. Mas nada que estragou a nossa estadia e tirasse os pontos positivos que o hotel nos ofereceu.",9,2025-04-08 01:40:58+00,0
"PROs: 
- location was infront of a mall which was nice. 
- breakfast was nice with hot and cold options 
- room was clean

CONs: 
- No microwave in the room, and they do not warm your food in the kitchen based on some internal protocols. So if you have infant food or special diet and carry your food with you, you are on your own! 
- no freezer to keep your food. Their kitchen will ABSOLUTELY NOT keep your food. The mini fridge has a tiny freezer compartment in the upper right corner for one small container. 
- no kettle or tea/coffee provided in the room. No complementary water.
- gym equipment unsafe and broken 
- location is 30 minutes away from the brazilian side of the fall, border to cross knto Argentina and the brazil foz airport. Cost of uber is roughly 40-45 real each way. Taxi os much more expensive ~120 real.",8,2025-04-09 00:00:00+00,0
"PROs:
- location was infront of a mall which was nice.
- breakfast was nice with hot and cold options
- room was clean

CONs:
- No microwave in the room, and they do not warm your food in the kitchen based on some internal protocols. So if you have infant food or special diet and carry your food with you, you are on your own!
- no freezer to keep your food. Their kitchen will ABSOLUTELY NOT keep your food. The mini fridge has a tiny freezer compartment in the upper right corner for one small container.
- no kettle or tea/coffee provided in the room. No complementary water.
- gym equipment unsafe and broken
- location is 30 minutes away from the brazilian side of the fall, border to cross into Argentina and the brazil foz airport. Cost of uber is roughly 40-45 real each way. Taxi is much more expensive ~120 real.",8,2025-04-09 16:36:31+00,0
"Excelente hotel, café da manhã completo, ótimo atendimento, ótima localização e quartos muito confortáveis e limpos. Quero destacar especialmente o atendimento do Alberto, que foi extremamente atencioso e prestativo durante toda a nossa estadia, fez toda a diferença com sua simpatia e disposição em ajudar.",10,2025-04-11 23:53:08+00,1
" Todo muy lindo, muy buena atención. 
Desayuno espectacular
Habitaciones muy cómodas ..
Super recomendable",10,2025-04-12 12:14:49+00,1
" Hotel Muito Bom.
Novo.
Localizaçao Otima.",10,2025-04-12 13:35:22+00,1
Excelente hotel 🏨👏🏻👏🏻👏🏻,10,2025-04-13 12:26:37+00,1
"Foram se uma elegância inigualável em cada detalhe durante nossa permanência!
Pude ocupar o espaço como hóspede e também ministrando um curso. 
Tanto o restaurante, quanto o coffe break são requintados, no formato gourmet.
Bem localizado, encontra-se na frente do shopping JL.",10,2025-04-14 00:00:00+00,1
"Apesar da minha estadia ter sido curta, menos de 24 horas, a experiência foi satisfatória porque encontrei um quarto limpissimo, uma cama enorme e roupa de cama aconchegante e cheirosa. No restaurante tive a oportunidade de provar um Risoto de Fungi com torcedor de filé maravilho. O café da manhã farto e diversificado. Ministrei uma Oficina na conferência da AGP e a infraestrutura para eventos é muito boa.",10,2025-04-14 00:00:00+00,1
" Excelente hotel , ótima localização , café da manhã delicioso , restaurante com comidas e vinhos sensacionais . 
Colaboradores super educados de todos os setores .",10,2025-04-14 18:39:58+00,1
"The location, cleanliness and staff are great!  In front of the best shopping mall in the city.",10,2025-04-15 00:00:00+00,1
" Atendimento dos funcionários Beatriz (recepção)  e José Luiz (restaurante) excepcionais.
Ambiente do hotel é maravilhoso, muito acolhedor e confortável.
Os quartos são muito bonitos, limpos e bem conservados.
A vista panorâmica do elevador é tudo.
O café da manhã é muito gostoso e variado.  Almoçamos e jantamos no restaurante do hotel e percebemos uma diferença entre o almoço e o jantar, sendo que no jantar foi tudo muito bem, mas no almoço tivemos algumas ocorrências, como prato extremamente salgado, onde foi necessário a devolução do prato, que não foi cobrado e pedimos um outro onde foi solicitado um item extra que não veio, que não foi cobrado ok, mas acabou por nos entristecer um pouco.",10,2025-04-15 12:22:23+00,1
" Frente al mall, el lugar era céntrico 
Las piezas muy cómodas",8,2025-04-15 16:37:39+00,0
" Localização e conforto!
Ficamos no quarto 914, com ótima vista.
Café da manhã com opções pra atender vários gostos e manias!
Pra mim, cafezinho a disposição na recepção do hotel me ganha totalmente.
E este hotel ainda oferece água saborizada e balinhas.
A piscina, bar e áreas de convivência não utilizei, mas me pareceram  confortáveis e bonitas.
O shopping JL Cataratas a pouco metros da recepção e com total acessibilidade a qualquer hora é o diferencial deste hotel em Foz do Iguaçu.
Área de embarque e desembarque na porta do hotel com facilidade e segurança.
Resumindo, VOLTAREMOS!!!!! e Recomendamos!  Ausência de barras de segurança dentro do box do banheiro e bebedouro na academia!
Como sugestão, uma jarra elétrica no quarto.",10,2025-04-16 17:40:37+00,1
"O staff foi extremamente cordial e profissional, desde o check-in, até o check-out. O quarto estava impecável e o hotel superou todas as minhas expectativas. Muito bem localizado e prestou todos os serviços com excelência. O café da manhã é diversificado e a área da piscina proporciona um momento de relaxamento.",10,2025-04-17 00:00:00+00,1
The hotel is quite noisy even at late night being close to a big shopping mall and main streets. Towels were missing on our first night. They don’t provide many towers. In total two shower towers and two face washing towers. The room is clean but old. All the power outlets are 220v. Asked for converter but they don’t have. No electrical kettle for hot water. Overall a little below average experience.,6,2025-04-18 00:00:00+00,0
The staff are very helpful and the breakfast was really good.,10,2025-04-18 00:00:00+00,1
"Hotel com uma infraestrutura excelente, ótima localização, funcionários atenciosos e simpáticos.
Além de contar com ótimas opções de comidas e bebidas, oferece uma estadia completa com serviço de quarto e são muito solícitos quando necessário.
Parabéns pelo excelente trabalho!
Espero voltar em Foz e já sei onde ficar!",10,2025-04-18 17:26:57+00,1
Perfeita nossa estadia. Cama espetacular. Banheiro c tamanho bom e c água quente na pia. Ar condicionado em perfeito estado. Café da manhã bom. Se Deus quiser qdo em Foz me hospedarei de novo lá. Não tem área kids.,10,2025-04-18 22:59:33+00,1
" 길건너편에 큰 쇼핑몰이 있음. 
꺄끗하고 조용한 호텔로 조식도 훌륭함.  객실이 3명이 쓰기에 좁아 침대 3개 놓고 여유공간이 전혀 없음
가족 휴가라기 보다 비지니스 호텔로 사용하기 적당함.",9,2025-04-19 01:31:20+00,0
 Todo y el servicio de valet parking lo máximo  Nada,10,2025-04-19 12:45:36+00,1
" Limpeza, conforto. Café da manhã muito bem servido.  A acústica do quarto",10,2025-04-19 13:53:01+00,1
" La ubicación excelente, el personal excelente, las habiraciones muy cómodas limpias, el desayuno muy completo y delicioso  Una sugerencia es proveer de más cucharitas para el desayuno, ya que ni un solo día pudimos disponer de ellas",10,2025-04-19 14:46:46+00,1
"Mi estadía en el hotel JL fue simplemente increíble. Desde el momento en que llegué, el personal fue muy acogedor y amable, haciéndome sentir como en casa. La decoración del hotel es elegante y moderna, lo que crea un ambiente cálido y confortable.

La habitación era espaciosa y estaba equipada con todas las comodidades que uno puede esperar de un hotel de calidad, incluyendo una cama cómoda, Smart TV y una zona de trabajo.

El desayuno fue excepcional y se adapta a todos los gustos y preferencias. Desde opciones saludables como frutas frescas, yogur y cereales hasta diferentes tipos de fiambres, pan recién horneado y deliciosos budines.

Definitivamente, recomendaría JL a cualquiera que esté buscando una estadía de confort en la ciudad de Foz.",10,2025-04-19 17:04:22+00,1
" Hotel relativamente novo.  Nós venderam um hotel para 3 pessoas (2 adultos e uma criança de 8 anos) e na hora do check inn tentaram cobrar por uma cama auxiliar para a criança. Resumindo dormimos em 3 na mesma cama, mas me recuso a pagar 30% do valor da estadia para uma cama extra.",1,2025-04-19 23:43:50+00,0
"Hotel com excelente custo x beneficio, localizado em frente ao Shopping Cataratas.
A cama (quarto de casal) foi a maior já vista por mim num hotel (realmente impressionante o tamanho e o conforto).
Quarto, localizado no 3 andar, estava extremamente limpo e assim se manteve durante toda a estadia (7 dias).
O café da manhã estava muito bom.
Fizemos um jantar no restaurante e achamos os preços bem adequados. A comida estava deliciosa. Recomendo !
O hotel também possui um posto da Loumar Turismo no saguão principal, o que facilitou bastante o planejamento dos passeios.",10,2025-04-20 00:00:00+00,1
" Clean and modern hotel with good location next to a shopping mall. The receptionist recommended a great driver who took me to the Falls in Argentina and back for a very good price.  The pool is tiny.
There are no complementary water bottles in the room.",9,2025-04-20 09:32:15+00,0
 Tudo moderno. Ótima localização. Bem equipado.  Demora no check in .,9,2025-04-20 13:39:27+00,0
"Camas muito confortáveis, comida deliciosa e variada, área de lazer razoável , academia pequena, piscina de água morna, quartos maravilhosos , , , funcionarios atenciosos e local bom e estrutura boa e firme.Adorei, gostei muito da estadia",10,2025-04-21 00:00:00+00,1
 Great restaurant and breakfast with an excellent staff.  Nothing,9,2025-04-21 10:39:37+00,0
Productos del frigobar caros,10,2025-04-21 11:41:44+00,1
" Desayuno, habitación",10,2025-04-21 12:13:31+00,1
" Piscina y habitacion. Cochones muy comodos. Muy bueno el servicio de limpieza  QUe no tenga un area de entretenimiento, pool u otra recreación.",9,2025-04-21 14:05:27+00,0
"Great stay at Bourbon Hotel in Iguazu! The location is convenient, the rooms are clean and comfortable, and the staff is friendly and helpful. The breakfast was excellent, and the pool area was a nice bonus. Would definitely recommend for a relaxing stay near the falls.",10,2025-04-22 00:00:00+00,1
" Habitación y desayuno  En el desayuno, dependiendo la hora, puede ser un poco complicado porque hay mucha gente",9,2025-04-22 08:57:38+00,0
" O hotel é muito organizado, limpo, bonito, com atendimento impecável e o quarto tem uma ótima relação custo benefício.  O único ponto negativo é a falta de isolamento acústico da janela para a rua. Com as motos que fazem muito barulho acelerando na avenida até por volta de 2h da manhã, é bem difícil de dormir para quem tem sono relativamente leve.",9,2025-04-22 11:29:55+00,0
" Gostei da acomodação, em especial o barman Marçal, drinks ótimos, atendimento com gentileza,simpatia,acolhedor.",10,2025-04-22 11:40:49+00,1
"Restaurante muito bom.
Café da manhã muito bem servido.
Quarto com chuveiro ótimo.
Funcionários muito profissionais.
Único senão é o controle remoto do ar condicionado. Deveria ter um manual de utilização.",10,2025-04-22 15:58:45+00,1
" O hotel tem uma localização ótima (embora esteja afastado do terminal de transporte urbano, para quem usa ônibus). Está novo, bem cuidado. A limpeza é ótima e a acomodação é muito confortável.  Em razão de o hotel estar com alta ocupação os elevadores ficavam congestionados e quem estava nos andares mais baixos não conseguia pegar o elevador com espaço.
Com relação ao café da manhã tudo era muito gostoso, mas também ficava lotado, então virava uma bagunça. Há um espaço do restaurante que poderia ser utilizado mas era deixado com a mesa posta para o jantar, fazendo com que as pessoas não pudessem utilizar mesmo estando a poucos passos do buffet.
Questionamos uma funcionária se poderíamos sentar em uma mesa externa (na piscina) - já que não havia lugar para nós, e foi autorizado. Porém depois fui chamada à atenção por isso, o que achei desnecessário. Afinal, ninguém merece tomar o café da manhã em um local em que sequer é possível conversar sem gritar.",8,2025-04-22 20:17:05+00,0
 Localização  Cafe da manhã deixa a desejar,6,2025-04-22 23:06:52+00,0
"Excepcional el personal, viajo bastante, muy pocas veces he visto personal tan amable, siempre sonrientes, preocupados por ayudar, y consentir en todos los requerimientos posibles al huésped, desde la recepción, hasta el personal de limpieza, restaurante, mantenimiento,  FELICITACIONES.",10,2025-04-24 02:14:48+00,1
 Os quartos extremamente limpos  Nada,10,2025-04-24 11:16:51+00,1
"Una Experiencia Maravillosa!!
Instalaciones impecables, el equipo muy cordial e idóneo, el desayuno 10/10",10,2025-04-24 15:43:59+00,1
"Muito bem localizado, em frente a um shopping center, ótima acomodação. Café da manhã muito bom, jantar fora é melhor",10,2025-04-24 23:54:23+00,1
" Staff, breakfast and cleaning  The bed is not so confortable",10,2025-04-25 13:46:24+00,1
 Apartamentos espaçosos e limpos.  Nada a declarar,10,2025-04-25 14:37:04+00,1
" De tudo: do atendimento da recepção, restaurante, limpeza e localização.  Gostei de tudo.",10,2025-04-25 18:08:35+00,1
" A cama, lençol e roupa de banho  Falta de uma luz fraca para chegar no banheiro à noite, o black out do quarto era ótimo, mas chegar ao banheiro a noite era difícil.",10,2025-04-26 00:04:17+00,1
una exelente opción para el descanso y la buena atención que tienen es excelente,10,2025-04-26 11:50:13+00,1
" Hotel bem estruturado,  quarto espaçoso,  cama bem grande e boa. Roupa de cama e banho limpas, bons travesseiros.  Banheiro limpo e ducha muito boa. Café da manhã excelente e completo.  Não tive nenhum ponto negativo a reclamar",10,2025-04-26 11:57:34+00,1
"Muito bom hotel, muito bem localizado, de frente ao um bom shopping. Atendimento cordial dos funcionários, bom café da manhã. Um único questionamento foi o fato dos elevadores demorarem muito para atender, e poucas vagas disponíveis na garagem. Recomendo!!",8,2025-04-26 23:59:35+00,0
"Hotel muito bom, organizado,  limpo. Funcionários atenciosos e simpáticos. Quartos espaçosos , roupa de cama e banho de boa qualidade e limpas. Banheiro limpo,  ducha muito boa..",10,2025-04-27 20:32:53+00,1
"Péssima experiência, se vc for comer alguma coisa no frigobar e da mesa  pergunta o preço primeiro, pois tomei prejuízo nesse hotel!!!!",2,2025-04-27 21:23:13+00,0
 Excelente  Gostei de tudo,10,2025-04-28 00:56:35+00,1
 Todo  Faltan croissant en el desayuno,8,2025-04-28 10:58:11+00,0
 Excelente café da manhã.,10,2025-04-28 11:09:11+00,1
" Localização ótima em frente ao shopping
Carregador para carro elétrico
Café da manhã excelente",9,2025-04-29 14:33:38+00,0
" Desde a chegada à propriedade fomos recebidas com muita atenção e carinho. A localização é excelente, de frente para um grande shopping ( com supermercado), o que nos facilitou comprar os lanches para os passeios que teríamos. O quarto é grande, chuveiro delicioso... tudo limpinho e aconchegante. O café da manhã é ótimo (  fiz um pedido especial para a minha dieta e fui atendida prontamente!). No café da manhã do domingo de Páscoa, os hóspedes tiveram uma surpresa super fofa: uma mesa inteirinha de chocolates de todos os jeitos e formatos! Me surpreendeu!
O restaurante tem um cardápio diversificado e delicioso... os drinks são maravilhosos!  De não ter ficado mais tempo",10,2025-04-29 16:32:54+00,1
Petit déjeuner,10,2025-04-30 00:00:00+00,1
"Me sorprendió la amabilidad y predisposicion de todo el personal, impecable las instalaciones.  Desayuno recomendable,  superó mis expectativas y las de mi esposa. La ubicación es ideal, frente a un lindo shopping y a pocos minutos de los restaurantes",10,2025-04-30 00:00:00+00,1
 Atendimento,9,2025-04-30 11:08:51+00,0
"Estive apenas buscando hóspedes, mas me falaram que o hotel é show",10,2025-04-30 14:26:46+00,1
" Organização e limpeza  De pagar estacionamento, pois na reserva do booking está como estacionamento gratuito.",7,2025-05-01 15:30:59+00,0
 Ótimas instalações e o café da manhã também é muito bom!,10,2025-05-02 00:33:30+00,1
"Hotel excelente!
Equipe de serviço sempre muito atenciosa e proativa.
Ótima infraestrutura, higiene, organização e localização.
Hotel excelente!
Equipe de serviço sempre muito atenciosa e proativa.
Ótima infraestrutura, higiene, organização e localização.",10,2025-05-03 00:00:00+00,1
Muy buen servicio,10,2025-05-04 21:35:24+00,1
 Localização. Em frente ao Shopping JL Cataratas  Basicamente gostei de tudo,9,2025-05-05 11:44:56+00,0
"O hotel é muito bom. Tem uma excelente infraestrutura, está muito bem localizado e a equipe é extremamente simpática e prestativa.
Facilidade ainda ter um shopping na frente do hotel.",10,2025-05-06 00:00:00+00,1
" Les parties communes, le patio et la piscine. Très bon petit déjeuner.
L’emplacement avec centre commercial en face.  Le bruit de l’extérieur. 
Salle de bain vétuste avec mur abîmé.",7,2025-05-06 19:56:35+00,0
" Localização e atendimento das pessoas.  Como foi nossa 4° hospedagem, percebemos queda na qualidade do café da manhã, por exemplo,  gôndolas sem funcionar e muita industrialização.",8,2025-05-06 20:33:31+00,0
"Hotel impecável , muito limpo e quartos e camas confortáveis . Fora a localização no centro e em frente ao shoping . A única questão é a piscina que não pega sol",10,2025-05-07 00:00:00+00,1
"Hotel cómodo y agradable, ademas que están bien cuidadas las habitaciones y se ve bastante moderno el hotel, en cuanto la atención el personal amable y explica todo de manera clara.
El servicio a la habitación funciona sin problema.
El único pero es el gimnasio que una de las maquinas se nota que le hace falta un poco de mantenimiento.
Pero lo recomiendo.",8,2025-05-07 16:10:03+00,0
 Café da manhã e localização,9,2025-05-07 20:35:23+00,0
" Da atenção dos funcionários do atendimento em quarto e dos funcionários do restaurante.  Reservei pelo Booking.com Na hora da reserva não me informaram que o pagamento seria na entrada. Por outro lado não sou estrangeiro e nem tenho negativação, muito pelo contrário, meu cadastro é muito bom, ou seja, o hotel não precisaria cobrar na entrada. Achei desrespeitoso. Outro dado, no dia anterior havia acabado de pagar no Bourbon de Londrina que é da mesma cadeia, ou seja, já tinha histórico com vocês.
Outro problema como fiquei doente (dengue) saí dois dias antes e me cobraram os quatro dias. Também foi desagradável
Dei nota 3 por este motivo, pagar antecipado e cobrarem quatro dias sendo que fiquei dois.",3,2025-05-07 22:44:24+00,0
Todo bien,10,2025-05-08 00:00:00+00,1
 Demasiado ruido generado por los encargados de la limpieza en el desayuno.,8,2025-05-08 12:08:05+00,0
" La ubicación del hotel es lo más recomendado  Me cobraron un snack que no consumí del minibar. Luego de una gestión no me lo cobraron, pero eso no puede pasar. 
No poder tener la posibilidad de hacer check in temprano o check out tardío",5,2025-05-08 15:22:16+00,0
" Todo , es fantástica la atención y las instalaciones, las habitaciones . Es un hotel de primera, todos muy cordiales y atentos a cualquier cosa que se necesite. El desayuno es excelente, variado. El restaurante tremendo y no es caro . Conviene almorzar y cenar allí . Todo de primera.  Teníamos un vuelo aéreo de madrugada al dejar el hotel y no pudimos desayunar . Tampoco nos ofrecieron algo , sería bueno que cuando el huésped no puede desayunar , el hotel tuviera la delicadeza de ofrecer  algún snack y café para llevar . Teniendo en cuenta la categoría de hotel sería un gesto importante. Pero no le resta puntos , es excelente.",10,2025-05-08 22:01:20+00,1
" El desayuno excelente, variado y bastantes elecciones",10,2025-05-09 12:50:45+00,1
 Estrtura e cafe manha  Toalha banho,10,2025-05-09 20:59:11+00,1
"Ótima estadia em Foz. Hotel bem localizado, fica em frente ao Shopping JL Cataratas. Estrutura boa com piscina, academia e um ótimo restaurante interno.
Gostamos do café da manhã e dos funcionários.",10,2025-05-10 01:34:01+00,1
" Localização excelente, quarto muito bom e café da manhã caprichado.  O carro fica num estacionamento que só os funcionários acessam , inclusive a chave fica com o hotel. Um dia precisei esperar mais de 10 minutos para alguém trazer o carro pois os funcionários estavam ocupados.",8,2025-05-10 02:51:03+00,0
 Ubicación  Sin variedad de frutas en desayuno,9,2025-05-10 19:45:24+00,0
"Fora o fato de não ter um simples ferro de passar para empréstimo, todo o restante estava impecável. O estacionamento é amplo e organizado com vagas grandes, a recepção é ágil, os quartos sao amplos e de configuração inteligente, os corredores são largos e o restaurante é excelente. O café da manhã é variado e organizado.",10,2025-05-11 17:21:18+00,1
This is one of the best of its class hotels in the area.,10,2025-05-12 00:00:00+00,1
"Ein wirklich schönes Hotel mit nettem Personal, schönen Zimmern die sehr gut gereinigt werden und ein super Frühstück. Shoppingcenter und Restaurants sind fußläufig zu erreichen also auch eine großartige Lage. Alles in allem war es ein perfekter Aufenthalt. :)",10,2025-05-12 00:00:00+00,1
" Tudo no hotel nos agradou. A localização é excelente.
Limpeza e atendimento.
Os serviços disponibilizados pelo hotel, foram excelentes.
Café da manhã ótimo",10,2025-05-13 14:09:10+00,1
 PERFEITO,10,2025-05-13 18:48:11+00,1
Ótimo,10,2025-05-15 00:00:00+00,1
 Sim  O colchão da cama estava com ondulação,9,2025-05-15 16:18:51+00,0
Bom hotel e com boa localização.,8,2025-05-15 23:16:14+00,0
"Ótimo hotel, quarto muito bom, limpo e confortável. Restaurante maravilhoso com preço justo. Ótima localização. Ótimo custo X benefício.",10,2025-05-16 16:28:11+00,1
" Nice and large room, great breakfast buffet. The mall accross the road was very convenient. A great place for a short stay to visit Igacu Falls.  Check-in was very slow",10,2025-05-16 16:31:59+00,1
"Hotel bem localizado (shopping em frente), recepção muito gentil, ótimo restaurante, bastante confortável.",10,2025-05-17 00:00:00+00,1
 Hotel em si muito bom  A equipe de atendimento tive um problema com meu aplicativo de pagamento no qual a equipe pediu pra ver meu saldo em conta mesmo vendo o saldo consideravelmente alto assim mesmo meio que forçou a barra quase chegando a extorsão que se eu não conseguisse um cartão com alguém emprestado pra fazer o pagamento eles reteriam meus pertences e eu não poderia passar a noite aqui,2,2025-05-17 00:03:38+00,0
"Hotel limpo, localização em frente a um shopping, atendentes educados, cama excelente.  Precisa melhorar o café da manhã e as refeições de uma forma geral. Por exemplo o risoto estava com arroz cru.",6,2025-05-18 00:00:00+00,0
" O hotel é excelente, café da manhã super variado e fresquinho, o conforto é um diferencial.",10,2025-05-18 14:39:45+00,1
" Ótima localização, hotel confortável, bons serviços em geral, incluindo o restaurante.
Postura do coordenador da recepção, e maneira discreta e resolutiva para atender a necessidade do cliente.  Atendimento na chegada. Inflexibilidade da recepcionista para atender um pedido antecipado.
No checkout, insensibilidade e inflexibilidade na recepção para atender uma necessidade prioritária do cliente de antecipação por volta de 15 minutos do serviço de café da manhã que acentuou a insatisfação quando sob pressão e necessidade nós, hospedes, identificamos serviços antecipados realizados  outros hóspedes evidenciando tratamento diferenciado e não ouvir a necessidade do cliente. A evidência acentuou quando, ao conversar com o gerente do restaurante a informação obtida sobre horário de atendimento do café foi completamente contraditória à afirmativa peremptória da recepcionista. Total insatisfação e prejuízo para nós clientes na saída.",8,2025-05-18 23:04:31+00,0
" Quarto bom, café da manhã bom!",10,2025-05-19 01:03:17+00,1
 Localização e Café da Manhã excelentes.  Travesseiros muito altos e desconfortáveis.,9,2025-05-19 07:57:07+00,0
 Quase tudo.  Travesseiros muito altos e desconfortáveis.,9,2025-05-19 07:58:37+00,0
" Cama confortável, café da manhã muito bom.  Elevador pequeno",10,2025-05-19 10:46:42+00,1
" O Bourbon JL é um hotel excelente. A localização é ótima, em frente a um Shopping. O hotel é muito limpo, tem um café da manhã bom e as acomodações são ótimas.  Não é um hotel barato! Entretanto cobram R$ 30,00 do estacionamento ao dia. Seria melhor incluir este valor na diária do hotel que cobrar este excedente na hora do check out.",10,2025-05-19 14:05:19+00,1
" Localização 
Custo/beficio  Demora exagerada dos elevadores
Qualidade toalhas é pessima",7,2025-05-19 15:37:53+00,0
" We did not stay a full overnight due to a flight change.  We asked could they do a takeaway breakfast which was refused.  Menu for dinner had changed to a buffett to accommodate a large group.  No vibe in hotel, quite a distance from falls staff weren't very accommodating",7,2025-05-20 13:52:57+00,0
" Quarto amplo, cama boa, chuveiro bom.",8,2025-05-20 17:27:22+00,0
 Convengamos que básicamente todo.  Ir por la escalera de servicio al parking.,10,2025-05-20 20:02:47+00,1
"Amei o hotel!!
Todos muito educados!
Comida deliciosa!
Bar com muita variedade de bebidas, porém cardápio de petiscos bem limitado.
Café da manhã excelente!
Amamos !
Nos sentimos em casa!",10,2025-05-21 00:00:00+00,1
 Hotel em reforma e com muito barulho durante o dia.,8,2025-05-21 00:17:25+00,0
" Cleanliness  Two lifts ..insufficient
Bar poorly stocked and managed",8,2025-05-21 02:59:52+00,0
"Amei este hotel!
Dos funcionários ao bar, restaurante, piscina e quarto eram ótimos, banheiro excelente!
Foram 6 dias espetaculares!
O café da manhã deles era ótimo!
Quero voltar muito em breve e ficar mais uma semana!
Obrigada a toda equipe!!!!",10,2025-05-22 00:00:00+00,1
" Pessoal, localização e gentileza.",10,2025-05-22 09:29:23+00,1
 Todo  Escaleras para entrar,10,2025-05-22 11:49:13+00,1
" Hotel con Ubicación Perfecta, Cómodo y buena limpieza. Personal atento y cordial, tener un centro comercial en frente. Con múltiples opciones gastronómicas y compras.",10,2025-05-23 00:00:03+00,1
"Me hospedé acá 22/05 para pasar mi cumpleaños desde Buenos Aires, les avisé a todo el personal y no fueron capaces ni de darme una velita, el peor cumpleaños, fui muy ignorada . Horrible el trato! Si SOS argentino considera que son todos brasileños y no les importas",2,2025-05-23 12:36:47+00,0
 La cama,9,2025-05-23 16:01:37+00,0
" Café da manhã  O Restaurante do Hotel para refeições de almoço e jantar deixou um pouco a desejar. Isso nem foi um grande problema, dadas a opções próximas ao Hotel.",8,2025-05-23 18:23:08+00,0
"Ótima localização , café da manhã maravilhoso",10,2025-05-25 00:00:00+00,1
" Las habitaciones muy bien , el aseo muy bien , el personal en la recepción muy bien y la ubicación excelente.  El servicio en el desayuno.  No hay muchas opciones para los que solo comemos carne y pollo halal y no comemos nada de cerdo.
Al pedir los huevos se tomaban mas de una hora para llegar o nunca llegaban.  Del resto no tengo queja todo lo demás excelente.  Si deberían mejorar el desayuno y mejores cafeteras y tostadoras del pan.",9,2025-05-25 16:12:01+00,0
" Excelente, ótima localização, café da manhã Excelente e farto.  Um ou outro recepcionista, a gerência precisa ficar atenta com isso.",10,2025-05-26 00:03:39+00,1
" O hotel é excelente em tudo. Já é a 3º vez seguida que me hospedo nesse hotel quando vou à Foz. 
Instalações modernas, confortáveis, funcionários educados e solícitos, café da manhã maravilhoso, com muitas opções de salgados, doces, sucos e até tapioca e omeletes feitos na hora, localização perfeita, em frente a um shopping, restaurantes, bares, farmácias, postos de gasolina e a 15 minutos da ponte da amizade. Com certeza é minha segunda casa quando vou até Foz.  Não é uma crítica, porém algumas pessoas podem se incomodar um pouco com o barulho da avenida, caso peguem os quartos da frente.",10,2025-05-26 00:29:21+00,1
 Las instalaciones  La atención en la recepción,8,2025-05-26 01:59:12+00,0
"Hotel com ótima localização. Café da manhã gostoso, com tapioca personalizada e preparada na hora (como sugestão, acho que poderiam descascar, retirar as sementes e cortar os mamões para comodidade do hóspede; penso que acrescentar bacon frito em fatias também melhoraria bastante). Quartos com amplo espaço, confortáveis e com vista bonita (em andares mais altos), chuveiro ótimo, banheiro bem equipado, ar-condicionado eficiente e moderno, mas a TV é pequena e os travesseiros poderiam ser mais confortáveis! Ponto negativo é a cobrança de diária da garagem, prática essa que considero abusiva, uma vez que o valor das diárias com taxas já deveria contemplar estacionamento incluso sem custo adicional. Em conclusão, vale a pena, mas tem alguns pontos a melhorar!",8,2025-05-26 23:41:46+00,0
"Adorei a experiência!  Hotel muito confortável,  cama maravilhosa, 
excelente localização (em frente ao Shopping JL Cataratas), cafe da manhã delicioso, piscina aquecida e colaboradores sempre dispostos a te atender. Recomendo muito!",10,2025-05-27 00:00:00+00,1
" La habitación es limpia y el restaurante es excelente. La ubicación es buena por qué enfrente está el shopping.  No me gustó el trato de la recepción del hotel.
Mi marido comentó que era mi cumpleaños quería hacerme una atención con una torta no hubo ayuda creo que no entendían el español.
También pregunté cómo llegar a puerto Iguazú en easy bus me respondieron que estaban ocupados que no tenían la info le dije que tenía un día para averiguar jamás me llamaron para ayudarme.",7,2025-05-27 00:07:07+00,0
"Un hotel para adultos. Si vienen con niños es para estadías cortas, no dan cama para ellos hasta los 9 años.
Detalle: No hay cucharitas pequeñas en desayuno para revolver, solo remitos plásticos. Hay huevos revueltos pero no tocino/bacon.
Buena atención y frente al shopping donde hay de todo.
Buen restaurant.",8,2025-05-27 11:46:08+00,0
"Hotel em excelente conservação e muito limpo. Possui quarto confortável com excelente cama e um chuveiro espetacular. Tem um barzinho no hotel que faz lanches e drinks e com um excelente atendimento, principalmente do Marçal. O café da manhã é muito bom e o restaurante excelente. A academia é bem simples e não utilizei a piscina. Foi muito tranquilo o atendimento no check in e check out. A localização é ótima, porque fica em frente ao shopping e é de fácil acesso para táxi e Uber. Super recomendo o hotel, foi uma excelente experiência em Foz do Iguaçu.",10,2025-05-28 00:00:00+00,1
 Limpieza y comodidad,9,2025-05-28 00:04:56+00,0
" O hotel muito confortável, com uma cama maravilhosa! Ótimo café da manhã e localização.  Colaboradores simpáticos e sempre prestativos.",10,2025-05-28 12:24:06+00,1
"Muy lindo hotel la ubicación  frente a unos de los shopings,el estavionamiento es de pago,las habitaciones cómodas y espaciosas el desayuno muy bien,wigi con buena señal,viaje en mayo me hubiera gustado que la piscina esté más climatizada por lo demás todo muy bien",10,2025-05-29 00:00:00+00,1
 No me gustó la atención de la recepcionista,5,2025-05-29 17:22:20+00,0
" Atendimento,  localização (próximo ao shopping) ambiente,  café da manhã muito bom.  Nada a mencionar!",9,2025-05-29 22:58:04+00,0
 La comida. Regular. El pescado quemado por el frío. El filete a la Parmegiana solo gusto a tomate.,8,2025-05-30 16:40:14+00,0
" Es la 8va. vez que nos alojamos en el hotel y siempre nuestra estadía es perfecta. La ubicación frente al shopping,  el desayuno exquisito, pero esta vez quiero destacar la EXCELENTE atención de el encargado del BAR el señor MARSAN , atento,  simpático,  la mejor persona de todo el hotel, siempre con una sonrisa, el resto del personal se limita a hacer su trabajo y nada más....MARSAN merece un 10 !!!!! Gracias por hacernos sentir tan bien y ojalá valoren tu trabajo !!!  Así como valore el trabajo de MARSAN , no tuvimos una buena experiencia con el encargado del hotel, quien fue muy frío y antipático ante una consulta que le hicimos, lamentablemente no le pregunte su nombre.....",10,2025-05-30 17:14:32+00,1
"Pela segunda vez hospedada neste hotel, sempre muito bom.
Comida boa, pessoas atenciosas, boa localização e muito limpo e aconchegante os quartos.",10,2025-05-30 22:00:08+00,1
Recomendo muito.,10,2025-05-30 22:22:09+00,1
 Do atendimento dos funcionários em especial o Marçal do bar café e do Walter do restaurante.  Serviços de manobristas muito demorado.,8,2025-05-31 13:00:29+00,0
"Hotel muito bom e muito bem localizado. Bar e restaurante são fantásticos, com preço condizente com a qualidade e compatível com bons restaurantes da cidade. O atendimento do Marçal é espetacular, muito atencioso, educado e caprichoso. Obrigado a todos do hotel por tornar nossas férias fantásticas.",10,2025-05-31 16:50:53+00,1
Ótimo custo benefício,10,2025-06-01 00:00:00+00,1
"Hotel novo, bem cuidado, excelente atendimento na recepçao, restaurante e cafe da manhã. Quarto confortavel e limpeza impecavel.",10,2025-06-01 00:00:00+00,1
"Ótimo hotel, com café da manhã farto, quarto confortável e atendimento muito bom pela equipe.",10,2025-06-01 01:19:17+00,1
 Café da manhã bom e completo. Localização boa.  As toalhas e roupas de cama estão antigas e pouco confortáveis.,8,2025-06-01 11:35:32+00,0
" Confortável, atendimento simpático, restaurante no hotel e bem em frente ao shopping. Recomendo.",10,2025-06-01 15:29:39+00,1
 La excelente atención en el restaurante y la comida fue de lo mejor  Antes no se cobraba x el estacionamiento.,10,2025-06-02 00:42:59+00,1
" la ubicacion, frente aL shopping JL Cataratas, a 20 minutos caminando del centro de Foz, la decoracion es de muy buen gusto, el desayuno muy completo y variado , la limpieza muy buena, la atencion del personal en general buena, pero debo destacar especialmente la del Barman el señor MARSAN, super amable, simpatico, atento, educado, es la novena vez que me alojo en este hotel y nunca habia recibido un trato tan cordial.  En una oportunidad tuve que hacer una consulta y el encargado general del hotel no fue nada educado cuando tuvo que darme una respuesta. Lamentablemente no pregunte su nombre. NO deberia tratar asi a un cliente.....",10,2025-06-02 01:03:58+00,1
 Todo excelente. Muy buen hotel  Lo unico para decir es q los ascensores no funcionaban bien.,10,2025-06-02 02:14:10+00,1
 Ótimo café da manhã e quarto muito novinho,10,2025-06-02 02:32:54+00,1
 Las instalaciones impecables! El personal muy atento! Todo excelente,10,2025-06-02 13:27:27+00,1
Muito bom atendimento e o tamanho do quarto.,10,2025-06-03 00:00:00+00,1
 La amplitud,7,2025-06-03 02:41:02+00,0
"A melhor parte da nossa estadia era a hora de descansar, pois muito confortável o quarto.
Quarto amplo, extremamente limpo, confortável, além de bonito, os colaboradores do hotel são educados e gentis. Café da manhã bem servido.
Na frente tem um shopping center, onde lanchamos e jantamos na praça de alimentação, além de boas lojas.
Eu nada mudaria, está tudo certo.",10,2025-06-04 00:00:00+00,1
"This is a great option for a hotel in Foz do Iguaçu. Staff are friendly and accommodating, the room has all expected amenities, and breakfast is amazing.",10,2025-06-04 00:00:00+00,1
" Clean rooms , helpful staff, good location, and a good breakfast with quite a few options.",10,2025-06-04 08:39:46+00,1
" Limpio, moderno, cómodo y bien ubicado  No aplica",10,2025-06-04 11:22:37+00,1
" La limpieza y atención  El tener que usar la tarjeta en el ascensor, y en el desayuno si bajas 9:30 no se encuentra todo ya que no se reponen algunas cosas",10,2025-06-04 12:14:08+00,1
" Tudo. Limpeza,conforto.  Nada",10,2025-06-04 19:05:54+00,1
 Localização e prédio novo.  Banheiro sem exaustão.,9,2025-06-05 11:41:04+00,0
" Café da manhã excepcional, completo, inclusive com buffet de tapioca feita na hora, começando desde as 6 hs da manhã para quem sai cedo para os passeios. Quarto super limpo. Atendimento sempre cordial. Estacionamento com manobrista",10,2025-06-05 23:51:57+00,1
atendimento ruim. ap com cadeira quebrada. cafe da manha ruim.,4,2025-06-06 00:00:00+00,0
"Terceira hospedagem nesse excelente hotel. Café da Manhã com muitas variedades e qualidade, apto confortável, ótima limpeza, atendimento com qualidade e localização fantástica. Voltaremos outras vezes.",10,2025-06-06 00:00:00+00,1
"O melhor café da manhã que conheci até hoje.Limpeza, e organização perfeitas! Restaurante com excelentes pratos, camas enormes e confortáveis. Quartos confortáveis com tudo funcionando perfeitamente, cofre, tv , frigobar, ar condicionado, vista maravilhosa!",10,2025-06-06 00:00:00+00,1
"Excelente custo beneficio. Hotel limpo, atendimento cordial e café da manhã excelente. Boa opção em Foz do Iguaçu, bem localizado em frente a um grande shopping, supermercado. Jantamos em restaurante italiano próximo chamado Máfia, excelente",10,2025-06-06 00:00:00+00,1
"Hotel perfeito!!!
Acolhedor, limpo e muito confortável.
Super indico a hospedagem.
Minha segunda estadia no hotel.
Estive em Foz com minha família de férias em dezembro/23 para o Ano Novo.
E minha segunda experiencia atual também muito agradável.",10,2025-06-06 00:00:00+00,1
"Excelente ubicación y trato del personal. Buena relación calidad-precio. Pero no apto para familias. No es aceptable lo que nos dijeron ""hasta los 8 años el niño duerme en la cama con los padres"", preferimos cobren más al principio y otorguen una habitación con otra cama.
 Tampoco nos gustó la falta de cucharitas en el desayuno y que las mesas estén vacías, hasta las servilletas teníamos que llevar, 3 viajes por persona ida y vuelta al buffet para poder desayunar. Reduciríamos además las opciones saladas a cambio de tener bacon junto con los huevos revueltos y mermeladas de mayor calidad.",6,2025-06-06 00:00:00+00,0
"Adorei minha hospedagem. A localização é excelente, em frente ao JL Shopping. Café da manhã bem diversificado. Quarto confortável, acomodou bem 03 pessoas. Ainda possui ponto de carregamento de carro elétrico. Voltarei com certeza. Não usei a piscina porque estava frio e não é aquecida.",10,2025-06-06 00:00:00+00,1
" Hotel muy bien ubicado, en el centro de la ciudad y frente al shopping Cataratas JL Habitaciones modernas y bien mantenidas. Nos permitieron entrar a la habitacion ni bien llegados, antes de la hora de check in. Desayuno abundante y delicioso. Amabilidad del personal del hotel, tanto en recepción como el servicio de housekeeping. Cafe y agua de cortesia en el hall del hotel. El wifi bien.  La piscina no es climatizada. El hotel tiene solo dos ascensores, en momentos se hacia complicado el subir o bajar, sobre todo en fin de semana.",10,2025-06-06 10:57:09+00,1
" A localização, limpeza e café da manhã excelente. Na portaria o atendimento do Fernando show.  Na recepção o atendimento da Mônica foi desagradável demonstrando falta de educação.",8,2025-06-06 16:45:35+00,0
" Posizione e pulizia  Colazione mediocre 
Personale non disponibile e molto scortese soprattutto alla reception 
Organizzato transfer con loro per il lato argentino. Alla reception ci hanno detto un prezzo, al momento del a pagamento un altro più alto 
Bagno ceco con ventola non funzionante 
Check out alla mattina presto per volo anticipato, ci hanno negato la colazione prevista da asporto nonostante fosse pagata",1,2025-06-07 00:08:04+00,0
 Front desk staff was very helpful.  Room AC was inconsistent.,9,2025-06-07 01:57:00+00,0
" Hotel moderno nel centro di Foz Iguazou ben bilanciato  per poter visitare sia il lato argentino che quello brasiliano.
Camera ampia e accogliente . Stuttura nel complesso elegante . Colazione buona ma migliorabile.  Ho pagato due volte la camera e per il rimborso ho dovuto aspettare più del dovuto .",9,2025-06-07 08:14:23+00,0
" Localização excelente 
Cafe da manha bem sortido  Um dos Elevadores deu problema no dia 
Os equipamentos da sala de ginastica",9,2025-06-07 10:09:43+00,0
"Excelente hotel, excelente desayuno, todo limpio",10,2025-06-07 11:14:14+00,1
"Ubicación: Excelente
Instalaciones: Excelente
Personal: Súper amable
Limpieza: Se saltaron la limpieza del cuarto pero nada que no pudieron solucionar.
En general el hotel es excelente y totalmente recomendable, está ubicado frente a un shopping con supermercado, lo cual facilita muchísimo cualquier necesidad!",8,2025-06-07 11:23:45+00,0
"Hotel muy bueno, lindo, cómodo con buen servicios de desayuno y una excelente ubicación.",8,2025-06-07 11:43:00+00,0
"Excelente ubicación frente al Shopping Cataratas JL, habitación amplia y limpia ,  estacionamiento incluido, Desayuno completo y excelente, con servicio de cocina hasta las 00hs inclusive.",10,2025-06-07 16:08:24+00,1
Excelente ubicación. Habitaciones amplias y limpias. Desayuno completo.,10,2025-06-07 16:17:52+00,1
" Quarto amplo.  Precisa passae por manutenção, box vaza agua, pintura ja aprenta desgaste, faltam gavetas no quarto para estadia mais longa e b
Util.",8,2025-06-07 19:26:35+00,0
" Limpeza e atendimento da camareira.  Atendimento na recepção, em especial a Malu. Infelizmente não tem nenhum tato no atendimento. Cheguei para fazer o checkin e tive uma péssima experiência, uma cara de quem não queria estar ali. Não foi nada simpática e amigável. Me deu um quarto errado mesmo eu antes ter confirmado o lado e tamanho da cama antes. Enfim, acredito que a a primeira impressão importa muito, acaba influenciando diretamente em toda a jornada de satisfação do hóspede. Como já me hospedei desde sua inauguração um total de mais ou menos 10 vezes, o café da manhã decaiu muito, o que adianta ter várias opções mas nada gostoso, precisam reavaliar isso urgente.",9,2025-06-07 20:41:47+00,0
" La limpieza y el desayuno  1. EL ASCENSOR !!!!!!! De terror, te subía y bajaba.
2. La oscuridad del hotel en general 
3. Que llegue con una reserva por 750 reales y me querían cobrar 1400 
4. El shampoo y crema de enjuague muy escaso
5. Que no hay bidet 
6. Que olvidamos un cargador de celular, envié un mensaje al hospedaje y no respondieron",6,2025-06-08 05:22:09+00,0
" Tudo novo, funcionários atenciosos, shopping em frente. E um estande de turismo bem no saguão do hotel, com preços bons, pra resolver a vida de quem não quer esquentar a cabeça montando passeios! Pra completar, o barman faz drinks maravilhosos pra fechar a noite!",10,2025-06-08 10:48:45+00,1
" Localização excelente, um ótimo café da manhã com opções variadas e o quarto é confortável  Só tem travesseiros muito altos e a internet não é boa",9,2025-06-08 10:53:10+00,0
 Quarto,10,2025-06-08 13:46:50+00,1
"Excelente servicio, habitaciones cómodas y limpias!
Desayuno delicioso y variado.
Muy recomendable.
Ubicación muy buena.",2,2025-06-08 14:10:31+00,0
" O atendimento é excelente em todos os ambientes, em especial o Diego do bar, que além de fazer uma caipiroska maravilhosa também nos deu excelentes dicas para facilitar nossas compras no Paraguai, e o Natel do restaurante, que sempre trazia pão de queijo quentinho na nossa mesa, fizeram toda a diferença, aliás o café da manhã é excepcional!
O hotel é novo, tudo está em perfeitas condições, os quartos são excelentes, limpos, confortáveis e de bom tamanho, a cama é gigante e o banheiro tem uma bancada grande, excelente pra quem gosta de deixar todos os cremes e itens de perfumaria em cima da pia pra facilitar o uso no dia a dia.
A localização também é perfeita, em frente a um shopping com praça de alimentação e super mercado muito bom dentro, super recomendo!  O único inconveniente que eu tive foi com o ar condicionado do meu quarto que só estava ventilando ao invés de resfriar, pedi pra arrumar más não adiantou, continuou ruim... sorte que só senti calor uma noite (foi quando descobri que o ar estava ruim), pra quem gosta de dormir com o ar ligado recomendo testar logo que entrar no quarto e, se estiver ruim já troca logo de quarto! ;-)",10,2025-06-08 15:15:14+00,1
Excelente atención! Y el desayuno riquísimo !,10,2025-06-09 00:00:00+00,1
Excelente serviço e estadia. Hotel bem localizado e com a praticidade de estar em frente a um shopping.,10,2025-06-09 00:00:00+00,1
"Estava muito bom mas precisam se atentar para o elevador que sempre quebra 
Não era assim",8,2025-06-09 00:00:00+00,0
"Buenisimo Hotel con buena ubicacion frente al Shopping cataratas, buena atencion al cliente y desayuno espectacular, las habitaciones comodas y limpias, lo bueno es que tambien te dejan estar en la piscina hasta tarde compartiendo con la persona con quien vas acompañado y puedes consumir cosas del mismo hotel o puedes traer de afuera sin problemas en caso de que la cocina del hotel cierre",10,2025-06-09 00:00:00+00,1
Muito boa a estadia.,8,2025-06-09 00:00:00+00,0
" La comida y las habitaciones  Los ascensores o elevadores, solo funcionaban 2 y siempre estaban llenos",8,2025-06-09 00:03:07+00,0
 Conforto e localização  Muito barulho na localização por ficar na avenida principal da cidade.,10,2025-06-09 11:17:42+00,1
" Excelente suíte, cama, bar e restaurante  Nada específico",10,2025-06-09 11:23:38+00,1
"Buenisimo Hotel con buena ubicacion frente al Shopping cataratas, buena atencion al cliente y desayuno espectacular, las habitaciones comodas y limpias, lo bueno es que tambien te dejan estar en la piscina hasta tarde compartiendo con la persona con quien vas acompañado y puedes consumir cosas del mismo hotel o puedes traer de afuera sin problemas en caso de que la cocina del hotel cierre",10,2025-06-09 14:36:08+00,1
 Preços um pouco elevados para a categoria.,8,2025-06-09 19:59:16+00,0
" Zimmer recht modern, sehr sauber. Personal einfach nur top. Frühstück sehr gut. Würde ich wieder buchen  Zimmer zu Hauptstr. sehr laut, haben direkt nach einem anderen Zimmer gefragt und auch bekommen.",9,2025-06-09 22:01:40+00,0
"Recepção  Pierre incrível, educado e prestativo. Quarto sensacional, tamanho , limpeza e conforto . Já o café da manhã podia melhorar , o café sempre morno na garrafa , café começa às 6:00 e cheguei às 7:30 o café da garrafa morno pra frio e a máquina parada porque a funcionária Estava carregando os ingredientes . Acredito q esse serviço deveria ser feito antes da abertura do restaurante para o café ,",8,2025-06-11 00:00:00+00,0
" Conforto, isolamento acústico, limpeza, café da manhã, time de funcionários.  Sopa rala e sem graça no jantar. Em contrapartida, a tilápia estava boa.",9,2025-06-11 03:21:52+00,0
 Agradecidos por la predisposición del equipo que lleva adelante ese hermoso emprendimiento hotelero. Nos resolvieron todos los pedidos . Muy atentos en cada momento.  Ideal la ubicación frente al Shopping y de paso para todo.  Muy recomendable! Gracias por todo!,10,2025-06-11 13:10:10+00,1
 UM bom café da manhã. Localização ótima em frente ao shopping.  O vaso sanitário entupiu duas vezes.,9,2025-06-11 19:21:34+00,0
Muy buen hotel excelente atención,10,2025-06-12 03:52:28+00,1
 Todo  Nada,10,2025-06-13 00:23:39+00,1
"Ottimo hotel di fronte al centro commerciale Cataratas. Personale molto gentile, alle 23:00 ci siamo accorti che non funzionava il telecomando e in 10 minuti sono venuti in stanza ad aiutarci. Colazione a buffet ampia sia dolce che salato, pulizia in camera tutti i giorni. Tutto perfetto.",10,2025-06-13 16:17:15+00,1
"muy bueno.
exelente atención.",10,2025-06-13 19:55:25+00,1
"Instalações excelentes, quarto silencioso (fiquei em um no último andar, no lado oposto à avenida frontal), amplo e confortável.
Há um shopping em frente ao hotel que facilita alguma necessidade rápida.
Entretanto, para os restaurantes é necessário uma caminhada ou pegar um transporte.
Há hotéis de boa qualidade mais próximos do comércio.",8,2025-06-14 00:00:00+00,0
" Las instalaciones, el personal y el desayuno",9,2025-06-14 00:54:04+00,0
" Já é a segunda vez que me hospedo no JL e mais uma vez só tenho elogios! Quarto maravilhoso, funcionários sempre prestativos e simpáticos.",10,2025-06-14 01:38:49+00,1
"Excelente hotel, bem cuidado, limpo, em frente ao shopping Cataratas e a um mercado.",10,2025-06-14 10:17:47+00,1
 Cafe da manha muito bom e com muitas opções. Localização perfeita para realizar os passeios com tranquilidade. Fomos de caminhonete e conseguimos fazer os passeios por conta e deu muito certo. O hotel é confortável e em frente ao shopping JL Cataratas. Estacionamento bom também. Nossa experiência foi ótima e voltaremos com certeza em nova oportunidade.,10,2025-06-14 12:25:06+00,1
 Le confort l’emplacement et super petit déjeuner pour un très bon rapport qualité prix,10,2025-06-15 11:28:26+00,1
"Muito bem localizado, hotel muito organizado e limpo. Os quartos são bem confortáveis. O café da manhã é bem diversificado e saboroso. O atendimento é ótimo, todos são muito atenciosos.",10,2025-06-15 12:55:56+00,1
" My first room was very noisy, but the girl on the reception (Monica) helped me immediately and changed my room to another side of the building. She was very helpful.",7,2025-06-15 21:45:10+00,0
"O Hotel tem uma localização privilegiada, perto de tudo !.
Funcionários atenciosos e corteses.
Amei o apto bem iluminado...
Espero voltar em breve !",10,2025-06-16 00:00:00+00,1
O café da manhã é ótimo.  O hotel é bastante bom.,8,2025-06-16 01:55:34+00,0
" O hotel é bom no geral. Tem quartos agradáveis e limpo. O café da manhã também é bom. O problema é o atendimento e a organização.  O atendimento e a falta de organização. Cheguei com um grupo de 7 casais com uma reserva de 7 (!!!) quartos. Por algum erro interno eles me disseram que 2 quartos era somente pra uma pessoa e queriam me cobrar 190 reais a mais por pessoa, mesmo eu mostrando a reserva com todos os quartos COM O MESMO NOME E O MESMO VALOR. Demoraram 1 hora pra fazer o check in de todos. Perdemos tempo de passeio. Um amigo pediu para passar uma calça e perderam a calça no hotel, ele perdeu mais tempo até conseguirem encontrar a roupa. Coisas que não se espera de um hotel desse valor.",5,2025-06-16 10:52:50+00,0
 Otimo café da manhã  Nada a reclamar,10,2025-06-16 13:42:12+00,1
" Hotel siempre lindo, moderno, cómodo. Buen desayuno!!  El AA no funcionaba por la noche. A las almohadas le ponen funda plástica debajo de la funda de algodón, muy incómodo.",10,2025-06-16 14:14:02+00,1
" Localização, limpeza, café da manhã e conforto.  Os travesseiros poderiam ser melhor, poucos canais na tv e elevador problemático.",10,2025-06-16 16:44:14+00,1
" ES MUCHÍSIMO MEJOR DE LO QUE ESPERABA, UNA UBICACION EXCELENTE UN CENTRO COMERCIAL ENFRENTE DEL HOTEL, EN GENERAL LO RECOMIENDO AMPLIAMENTE Y REGRESARIA CON MUCHISIMO GUSTO.  DEFINITIVAMENTE NO HAY NINGUN PUNTO NEGATIVO.",10,2025-06-16 17:13:13+00,1
Excelente hotel funcionários educados prestativo quartos limpos e cheiroso chuveiro ótimo super quente hotel silencioso café da manhã excepcional,10,2025-06-17 00:00:00+00,1
"Hospedagem perfeita, tudo muito bom, encantada com o conforto e o hotel maravilhoso, essa rede nunca decepciona, nota 1000",10,2025-06-17 00:00:00+00,1
"Ótima  localizaçã!café da manhã  muito bom ,serviço  de quarto excelente,limpeza em todos os ambientes,funcionários sempre recebendo a todos  com sorriso.",10,2025-06-17 00:00:00+00,1
Nos hemos sentido muy cómodos y a gusto al alejarnos en el hotel . La experiencia ha sido más que satisfactoria.  Felicitaciones por estar atentos a cada detalle para que la estadía de cada hueped sea placentera.,10,2025-06-17 00:00:00+00,1
 Excelente todo,10,2025-06-17 00:02:11+00,1
" Todo espectacular. No hicimos uso de todas las instalaciones, ya que tomamos varios tours durante la estadía, pero la calidad de la atención y las instalaciones sobrepasaron nuestras expectativas. El desayuno bufet exquisito y muy variado.",10,2025-06-17 23:59:44+00,1
" Localização  Cafe da manhã repetitivo, muito barulho hotel estava fazendo algum tipo de reforma .",5,2025-06-18 10:42:03+00,0
" Todo  Las almohadas y la cama eran duras., no dormí bien",10,2025-06-19 11:50:58+00,1
" Acomodação excelente, bem localizado, limpa e atendimento excelente.  Achei tudo ótimo",10,2025-06-19 13:21:17+00,1
"Tivemos um excelente acolhimento, adoramos o quarto, cama muito confortável e o café da manhã perfeito.  Outro ponto excelente foi a localização do hotel, acertamos em cheio na escolha.",10,2025-06-20 00:00:00+00,1
" Excelente desayuno 
Cama muy cómoda 
Instalaciones en muy buen estado  La tarjeta de la habitación se desconfigurana todos los días",9,2025-06-20 01:56:18+00,0
Espetacular,10,2025-06-20 02:14:22+00,1
 Excelente en todo sentido!,10,2025-06-20 15:18:24+00,1
" el restaurante MALISIMO,desayuno mediocre  la comida",1,2025-06-20 20:20:25+00,0
"This is a very good hotel if you’re visiting the falls (Brazil side), the location is fantastic and is opposite a shopping centre. The rooms are very modern, with a very nice bathroom, the beds are comfortable. The hotel offers a brilliant breakfast included in the price. We didn’t have time to use the swimming pool but there is one available. The hotel is well maintained, modern and great value for money. Highly recommend JL Hotel by Bourbon when in Foz.",10,2025-06-21 14:27:28+00,1
Ótimo custo benefício.,10,2025-06-22 00:00:00+00,1
"Instalações excelentes, quarto silencioso (fiquei em um no último andar, no lado oposto à avenida frontal), amplo e confortável. Há um shopping em frente ao hotel que facilita alguma necessidade rápida. Entretanto, para os restaurantes é necessário uma caminhada ou pegar um transporte. Há hotéis de boa qualidade mais próximos do comércio.",8,2025-06-22 00:00:00+00,0
Hotel muito bom!!! Atendimento excelente!!!,10,2025-06-22 00:00:00+00,1
Hotel de excelência em Foz,10,2025-06-22 11:32:44+00,1
Muy lindo hotel frente al shopping. Excelente desayuno. En el centro de foz.,8,2025-06-23 00:00:00+00,0
"Ótimo hotel, muito bem localizado. Recomendo",10,2025-06-23 00:00:00+00,1
"Excelente acomodação, limpa e confortável",10,2025-06-23 00:00:00+00,1
 Great hotel. Little pricey because of Holliday weekend. Very good breakfast,8,2025-06-23 00:07:00+00,0
" Café da manhã maravilhoso, funcionários atenciosos e excelente localização.",9,2025-06-23 01:32:13+00,0
" Tudo perfeito. Atendimento, instalações, localização.",10,2025-06-23 01:41:11+00,1
"Muy lindas habitaciones, y el desayuno excelente! Muy buena ubicación.",8,2025-06-23 02:40:44+00,0
" Localização excelente. O shopping JL Cataratas é em frente ao hotel. Equipe muito educada e muito atenciosos. Café da manhã excelente, o buffet é bem variado.",9,2025-06-23 12:25:52+00,0
" Quarto extremamente agradável, iluminação quente (sem luz branca!!), Chuveiro com pressão ideal, limpo e organizado mesmo estando lotado o atendimento foi maravilhoso. Café da manhã com MUITAS opções e opção de pedir omelete feito na hora. Já me hospedei antes e sempre que preciso ir a Foz fico hospedado no JL.",10,2025-06-23 13:07:01+00,1
" Hotel excelente. Tudo maravilhoso. 
Melhor hotel que já fiquei. 
Funcionários atenciosos.
Voltarei mais vezes.  Não teve.",10,2025-06-23 18:07:09+00,1
" Localização excelente, em frente ao Shopping.  nada",10,2025-06-24 16:36:50+00,1
 Localização  Piscina sem cobertura,9,2025-06-24 19:43:54+00,0
"Funcionarios educados, otima localização. Shopping ao atravessar a rua, quarto otimo!!",10,2025-06-25 18:41:49+00,1
 Ottima colazione  Letto fin troppo grande e bagno piccolo,9,2025-06-27 12:11:52+00,0
"Sobrenatural!!!
Quarto cheiroso e escuro. Espaçoso. 
Cafe da manha sensacional,  muito diferenciado e inovador !
Pessoas gentis!!! 
Amei muito! Obrigada !!!
O recepcionista angolano foi perfeito ! Gentil - super carinhoso !",10,2025-06-28 00:00:00+00,1
"Frente al shopping JL Cataratas, gran desayuno, muy bien conectado con buses o uber, habitación cómoda cerca de todo. Zona segura bien conectada a cataratas  y ciudad del Este ( el easy bus pasa enfrente y te deja de regreso en la puerta)y Represa itaipu. Con piscina y gym.",8,2025-06-28 00:00:00+00,0
"Otimo custo x benefício, bem localizado, bon restaurante p almoço e jantar",8,2025-06-28 00:00:00+00,0
 Conforto  Cxxx,10,2025-06-28 13:53:51+00,1
"Eu estou amando ficar nesse hotel, o quarto é perfeito com cama maravilhosa e a limpeza também é de excelência sem contar a vista, fica de frente ao shopping, a equipe de colaboradores são de excelência e o café da manhã não tem nem o que falar, só elogios",10,2025-06-28 20:35:13+00,1
" Estrutura muito boa, camas confortáveis, atendimento excelente e café da manhã super completo",10,2025-06-29 01:07:33+00,1
" Do quarto. Bem espaçoso, ainda que voltado para a rua, era silencioso.  Não é que não gostei, mas achei o café da manhã fraco, estava um pouco mais simples do que em outras vezes que me hospedei.",9,2025-06-29 01:42:14+00,0
 ROUPAS DE CAMA INCLUSIVE O COBERTOR ESTAVAM SUJOS E ENCARDIDOS,8,2025-06-29 13:01:29+00,0
"Muy buena experiencia en el hotel! Destaco la amabilidad del personal y la variedad del desayuno. 
La habitación es muy amplia y las almohadas son muy cómodas! La ubicación es ideal, queda frente al shopping y al supermercado.
Si piensas ir a Ciudad del Este, la parada del bus queda en frente del hotel, y a la vuelta,te deja en la puerta!",10,2025-06-30 00:00:00+00,1
 A localização  Do ar condicionado,7,2025-06-30 01:23:30+00,0
" A localização é excelente, embora distante do parque das Cataratas. O quarto é grande e muito confortável. Também merece elogios o restaurante do hotel, tanto para o café da manhã quanto para outras refeições. O atendimento dos recepcionistas é muito cordial e solicito. A avaliação geral é positiva.  Só não me agradaram as toalhas. Achei incompatíveis com o padrão do hotel.",10,2025-06-30 11:52:06+00,1
"O hotel é ótimo, muito bem localizado, o quarto é bem limpo e espaçoso. O café da manhã é bem completo e o atendimento é excelente!! Recomendo muito!!",10,2025-06-30 18:20:24+00,1
" Este hotel es siempre una excelente opción. Habitación cómoda, buen desayuno, instalaciones modernas, bien ubicado.  La llave tarjeta de la habitación deja de funcionar antes del horario del check out. El AA de la habitación no funciona por las noches.",10,2025-06-30 20:17:50+00,1
" Hotel bem localizado,  café da manhã excelente, em frente a shopping, fácil ir para as atrações turísticas.
Funcionários educados e gentis  Tudo estava perfeito",10,2025-07-01 12:53:18+00,1
" The room was clean and spacious, and the bed was very comfortable. The hotel has an excellent location, and there is a great mall just across the street with lots of options for eating and shopping (super convenient - grocery store, pharmacy, etc).  The check in process felt a little slow, but is usually does in Brazil because the hotels have to gather so much information on all the guests and complete documents. We wish it would have taken less than 30 minutes.",10,2025-07-01 16:57:49+00,1
 La comida del restaurante no está muy buena  y el tiempo para el check in es largo aparentemente no tiene buen sistema y se demora.,8,2025-07-02 11:43:22+00,0
" Las habitaciones 
El desayuno 
La ubicación  Las almohadas pero me las cambiaron 
El aire acondicionado no enfriaba hasta que pedimos asistencia",9,2025-07-03 14:32:35+00,0
 Gostei do café da manhã  Pagar o estacionamento a parte.,10,2025-07-03 23:40:12+00,1
 Tudo muito bom.  Nada,9,2025-07-04 12:42:25+00,0
 Todo genial muchas gracias,9,2025-07-04 13:35:56+00,0
Liked the freshly squeezed orange juice. The carrot cake and cornbread was very good. They should have a made to order egg station. Only 1 elevator was working. Tour booking conveniently located in the lobby. Highly recommend the Rafain show and dinner,8,2025-07-05 00:00:00+00,0
"Magnífico hotel, impecável, café da manhã maravilhoso, atendimento funcionários atenciosos e cordiais, quarto grande, roupas de cama impecável, hotel tudo novo e muito cheiroso. Super recomendo",10,2025-07-05 00:00:00+00,1
"Ótimo hotel , ótima localização , funcionários solicitos e o hotel receber as malas antes do checkin e depois do checkout faz muita diferença já que nosso vou chegou cedo e saiu só a noite",10,2025-07-05 00:00:00+00,1
"Gostamos muito da estada, conforto e segurança com excelente localização. Café da manhã muito variado e saboroso. Serviço de qualidade com staff muito atencioso. Exceção apenas ao alto nível de ruído da rua pois nosso quarto era na frente do hotel.",10,2025-07-05 00:00:00+00,1
 Todo Perfecto  Tema ascensores,9,2025-07-05 19:25:47+00,0
" Супер отель, мы провели 2 ночи. Удобная кровать, чисто. Через дорогу огромный шоппинг центр с кучей ресторанов и супермаркет. Вкусный завтрак.  Все супер!",10,2025-07-05 22:52:41+00,1
Hotel muito moderno e confortável e com atendimento profissional. Localização excelente e demonstra muita confiabilidade,10,2025-07-06 00:00:00+00,1
 Localização e limpeza.  Travesseiros,10,2025-07-06 00:01:41+00,1
" Las camas súper cómodas, la ducha y el desayuno",10,2025-07-06 10:22:43+00,1
"Já havíamos ficado aqui outra vez, porém agora tivemos uma experiência que deixou a desejar em alguns pontos. O quarto,  virado para a rua, é bem barulhento. Dizem que as janelas são antirruído mas não isolam o barulho de fora. Vazamento enorme de água no banheiro que sai do box e inunda tudo. Uma chaleira elétrica no quarto seria tão bom! É meio básico.
Lençóis barulhentos, pareciam uma lona. Um ponto positivo: secador de cabelos 2100w! Difícil encontrar, e para quem usa faz muita diferença.",6,2025-07-07 00:00:00+00,0
"Excelente, perfeito",10,2025-07-08 00:00:00+00,1
"Excelente hotel, muito bem localizado, servido de 1ª e preço super justo.",10,2025-07-08 00:18:34+00,1
 La ubicación  Que para el flujo de personas hay solo un ascensor y según el piso donde uno se aloja de repente no alcanza a subir,9,2025-07-08 04:41:17+00,0
" Elevador quebrado, e vazamento de água no box do banheiro ( do espaço do chuveiro para parte seca )",10,2025-07-08 11:14:20+00,1
 Très bon petit déjeuner et emplacement parfait  Ras,10,2025-07-08 11:24:14+00,1
 Café da manhã ótimo! muito bem servido. Apreciamos muito a atenção e presteza dos que compõem a equipe. Destaque especial para o Natel. Atencioso e solícito.  Sem comentários. Tudo ótimo!,10,2025-07-08 17:13:15+00,1
 Local.,10,2025-07-08 18:15:02+00,1
"Las habitaciones hermosas! La cama 10 puntos wl baño muy moderno. El loby  del hotel realmente  cómodo  tiene sillones para todos los gustos y excelente diseño!
La atención es personal y todos son amables",10,2025-07-08 21:14:00+00,1
Liked the shopping mall across the street. We ate at the food court and Churascarria Mania a few times. Breakfast was good. I would recommend adding an egg station and the breakfast area was very cold. I would recommend adding heating so guests are more comfortable. Only 1 elevator was working our entire stay. There is also a grocery store 3 minutes away. The staff was really good. Bonus. You can book your tours at the hotel. We booked the dinners and show at Rafain and loved it.,8,2025-07-09 00:00:00+00,0
"Tuvimos una estancia encantadora. Todo el personal fue muy amable y atento. El hotel está impecable, muy cuidado. El desayuno es variado y abundante: opciones saladas, frutas frescas, yogures, panes, estación dulce y una barra donde preparaban tapiocas a gusto. También hay máquina de café con opciones como capuccino, mocaccino y más. Realmente una experiencia muy agradable.
No andaba un asendor lo q complicó un poco y no había USB o adaptadores para una emergencia si uno llega de noche el resto impecable.",10,2025-07-09 00:00:00+00,1
" Sistema de garagem do carro funcionou bem.

Localização boa.

O funcionário que ajudava nas malas e carro, muito prestativo e educado.  Fui viajar com um bebê de 4 meses e tudo que minha família e eu queríamos era descansar. Ao chegar as 20h, o sistema de ar condicionado do quarto não estava funcionando. A temperatura estava em 9 graus e com um bebê no quarto. Mesmo depois de 8 horas de viagem, tive que esperar até as 23, com fome e sede para trocar de quarto. Eles não tiveram a capacidade de oferecer UMA água. 

2 dias depois, tive o mesmo problema e descobri com alguns funcionários que é um problema recorrente no hotel. Novamente, tive que trocar de quarto, e fiquei sem comer mais 1 noite. Não bastasse todos os problemas que tivemos, o funcionário me pergunta se eu não quero abrir a janela (absurdo)!! Ainda assim, colocaram em um novo quarto com obra no quarto ao lado! Ao acordar, o corredor está com muito cheiro de maconha.

Um dos dias, ao pegar o carro, estava com cheiro muito forte de cigarro!

No domingo, o café da manhã estava insuportável de tanta gente. Resumo: o hotel recebe onibus de turismo para tomar café ali. Pedi um omelete e estou esperando até hoje.

No último dia, e já no 3 quarto, o ar não funcionou novamente. Surreal.

O pior? O hotel não faz nada e eu já tive que pagar tudo no checkin. O mínimo, seria não pagar metade do que foi pago.

Completo descaso!

Achei que iria ficar num hotel 4 estrelas, mas a experiência foi a pior possível.

Obs: apenas 1 elevador funcionando durante toda a estadia de 5 dias.
…",3,2025-07-09 00:34:52+00,0
" 1. The rooms are spacious and clean. Shower is hot from the first second, the bed is comfortable. 
2. Breakfast is great and served at 6 am promptly. All food is “home made/baked”. There is a great variety and they change a few items every morning.  1. One of the elevators didn’t work during my 3-days stay. And one elevator isn’t enough for the amount of guests. 
2. There is no warm blanket in the room, just think sofa blankets. I had to ask for the second one because it was cold at night. 
3. The gym is tiny and poorly equipped. The swimming pool is also small and cold, although they claimed that it will be warmed up.",8,2025-07-09 10:37:03+00,0
 Café da manha  Ar condicionado nao gelo,10,2025-07-09 21:04:32+00,1
"Bom hotel, bons pratos no cardápio.",10,2025-07-10 00:00:00+00,1
" Hotel excelente, boas instalações, funcionários educados e solícitos, quartos de bom tamanho, café da manhã bom e excelente localização, bem na frente do shopping.  Na verdade não houve nada que não gostamos, indo a Foz de Iguaçu, me hospedaria lá de novo.",10,2025-07-10 01:24:19+00,1
" Hotellet var bra, läget var också bar!  bra",8,2025-07-10 12:57:00+00,0
" Hermoso hotel, muy confortable. Muy buen desayuno. Muy buena relación precio calidad",10,2025-07-10 13:31:36+00,1
" Ótimo, bem localizado",10,2025-07-10 13:53:44+00,1
" O quarto é muito bom, espaçoso, confortável, com local para as malas e cabide para roupas. O chuveiro tb é muito bom. Café da manhã excelente!  Apenas um elevador estava funcionando, o que causou muitas filas e demora. Fiquei 03 dias e não houve nenhum sinal de que seria consertado. Os preços do frigobar são abusivos.",9,2025-07-10 14:24:08+00,0
" Do quarto, do banheiro, de tudo. Até já indiquei. Adorei esse Hotel. Com certeza vamos voltar.  Não tenho nada a reclamar.",10,2025-07-10 18:56:33+00,1
" Ótima localização, atendimento e conforto.  Travesseiro muito alto.",10,2025-07-11 16:57:03+00,1
"Tudo ótimo. Cama confortável, bom chuveiro, tudo bem conservado. Sem cheiro de mofo. Gostei muito do café da manhã e da simpatia da atendente Raimunda que serve tapioca,  super alto astral e gentil, recebe os hóspedes sorrindo.",10,2025-07-13 00:00:00+00,1
"O hotel fica ao lado de um shopping grande e bem próximo ao centro, o que facilita muito tanto para quem está a trabalho quanto a lazer.
O quarto é simples, mas confortável, e o café da manhã também é bem servido.
Para quem busca praticidade com conforto, é uma ótima opção. Recomendo!",8,2025-07-13 00:00:00+00,0
"Um dos melhores Hotéis de Foz do Iguaçu para quem quer curtir a cidade e as Cataratas.
Localizado em frente ao Shopping JL em uma das melhores localizações para se hospedar.",10,2025-07-13 02:54:16+00,1
" Amamos tudo!! Acomodação, Café da manhã, funcionários, localização … tudo perfeito",10,2025-07-13 12:18:06+00,1
" Ar condicionado não funcionou no quarto. Solução dos funcionários abrir janela. 
Muito barulho da rua.",1,2025-07-13 15:20:02+00,0
" La ubicación, la atención del personal  No vi que tuviera spa",10,2025-07-14 00:06:09+00,1
" Hotel incrível. Vou sempre para foz e nesse hotel foi minha primeira vez, agora só me hospedo nele.  Tudo excelente",10,2025-07-14 12:02:04+00,1
" Hotel bem decorado. Cama grande e confortável e chuveiro bom. Café da manhã muito bom. O shopping da frente é bom!  Quarto com vista pra avenida principal (do shopping) extremamente barulhento. Se tiver algum problema para dormir, peça para acomoda-lós do outro lado, que tem uma avenida também mas o barulho é menor. Valor dos itens do frigobar sem noção de caros.",7,2025-07-14 16:25:05+00,0
Excelente!!,10,2025-07-14 21:53:53+00,1
"Café da manhã razoável. Conforto de cama e colchão médio. Nada demais 
Deixa a desejar no conforto.",6,2025-07-15 00:00:00+00,0
"Excelente localização, atendimento e condições gerais!
Recomendo!",10,2025-07-15 00:00:00+00,1
 Un poco caro,10,2025-07-15 00:03:49+00,1
"Quarto limpo, espaçoso, chuveiro maravilhoso e o café da manhã digno de uma rainha..",10,2025-07-15 17:43:21+00,1
" Ótima localização, excelente limpeza, funcionários atenciosos e café da manhã excelente. Super recomendo.",10,2025-07-15 17:51:07+00,1
 Ducha maravilhosa  Valor diária,8,2025-07-15 18:37:43+00,0
" Bom café da manhã, muitas opções.  O hotel possui um sistema de ar condicionado problematico, todo o pessoal do hotel já é ciente desse problema mas quando surge reclamação a respeito, fingem não saber do que se trata, como se fosse a primeira vez que tivesse ocorrido. É um sistema de ar quente/ar frio, e a depender da época do ano, mesmo estando uma temperatura um pouco fria na cidade, alguns hospedes querem que o ar do quarto esquente, enquanto outros querem que o quarto esfrie. Mas ocorre com frequência do ar somente aceitar a função esquentar o ambiente, mesmo você selecionando esfriar ou ventilar, o ar do quarto vai apenas esquentar. Lhe obrigando a manter janela aberta. Caso você se queixe vão lhe oferecer a troca do quarto, mas o proximo quarto vai apresentar o mesmo problema, pois ele ocorre em todo o hotel, e ocorre há muito tempo, pois conversei com pessoas do quadro de funcionários que me confessaram já saber do problema faz muito tempo. Mas absolutamente nada é feito para resolver. Acho esta situação totalmente inaceitável para um hotel que se diz de categoria alta. Passei momentos de desconforto e estresse num momento onde eu planejava apenas descansar e aproveitar minhas ferias. Não recomendo a ninguém ficar no JL Hotel baseado neste desrespeito total com seus clientes.",4,2025-07-15 21:43:35+00,0
1 semana com elevador quebrado no mês de férias …,10,2025-07-16 00:00:00+00,1
"Muito bem localizado defronte a um shopping que lhe da vatias opcoes.
Funcionarios bem atenciosos, recomendo.",8,2025-07-16 16:18:01+00,0
 El desayuno y la hospitalidad del personal,9,2025-07-16 16:46:21+00,0
"O hotel é excelente. Quarto confortável e cama excelente. Localização perfeita, em frente a um shopping. Atendimento ótimo de todos os profissionais",10,2025-07-17 00:00:00+00,1
"O hotel é excepcional. Extremamente limpo e bem conservado, além de organizado.
Os funcionários são excelentes, além de muito educados e prestativos.",10,2025-07-17 00:00:00+00,1
"Good staying, clean bedroom, king size bed. Excellent breakfast with large variety of food. Cons: slow check in/out process.",10,2025-07-17 00:00:00+00,1
"O hotel é muito bom, a recepção o serviço é ótimo. O grande ponto ruim é o serviço do pessoal do café da manhã, me surpreendeu pela forma brusca e seca de atender, no primeiro dia fui me servir de tapioca e havia uma placa escrito:"" Tapioca solicitar ao garcon.!"" Nada de mais, me direcionei ao metre e este foi brusco.
No segundo dia, chegamos para tomar café as 9:50 ( café da manhã até as 10hs) tanto o metre como a moça responsável foram desagradáveis, secos e no bastante mal educados, a moça falava "" tira toda a comida para pararem de comer "" para o garçom, me direcionei e pedi um omelete, ela disse que a cozinha estava encerrada, perguntei as horas e ela respondeu 9:52, quando questionei o horário do café, ela fez uma expressão desagradável e resolveu atender meu pedido.
Achei bem ruim a equipe do café da manha.",8,2025-07-17 02:06:08+00,0
 Localização atendimento e café da manhã excelente  Ar condicionado barulho,10,2025-07-17 02:06:42+00,1
" La ubicación privilegiada, la amabilidad del personal , las habitaciones cómodas y el desayuno excelente  Todo me gustó",10,2025-07-17 02:18:22+00,1
" Conforto, instalo, educação e simpatia dos funcionários, conforto e limpeza dos quesitos e roupas de cama e banho. Parabéns  Nada",10,2025-07-18 01:12:56+00,1
"Hotel excente em Foz. Fica no centro perto da ponte da amizade com ponto de táxi em frente. Pagamos 25 pilas até a ponte. Em frente ao Shopping JL. Perto de tudo. Hotel muito confortável e limpo. Cheiroso, bem decorado, cheio de gringos. Staff muito atencioso e simpático. Tive problemas com o ar condicionado e precisaram dar um reset no andar inteiro. Resolveram rápido e satisfatóriamente. Roupas de cama impecáveis, banheiro limpo e adequado, amenities de boa qualidade. Bom sortimento de bebidas e vinhos. Café da manhã muito bom com ilha de tapiocas. Nada de negativo.",10,2025-07-18 19:33:35+00,1
"The hotel is in a quiet place with good sound insulation. I slept well. The room has all the necessary amenities, but the bottles of water are not free.",10,2025-07-19 00:00:00+00,1
"Excelente hotel, habitaciones muy cómodas, servicio a la habitación, restaurante dentro del hotel. El desayuno que ofrecen es realmente delicioso, muy variado (inicia a las 06 am y termina 10 am).",10,2025-07-19 23:42:04+00,1
 Las instalaciones y el personal muy amable y predispuesto. Me permitieron hacer el check in antes. Buena ubicación  Las máquinas del gimnasio necesitan mantenimiento.,9,2025-07-20 15:57:23+00,0
" Excelente! Quadros limpos e confortáveis, café da manhã com muita variedade, restaurante muito bom, muito bem localizado de frente de um shopping e um supermercado. Academia com aparelhos novos mas merecem um cuidado maior.  Academia pode melhorar",10,2025-07-20 17:56:46+00,1
" Ubicación  Nada, todo excelente",9,2025-07-20 21:56:30+00,0
"Ótima localização, atendimento, organização. Vou retornar com certeza!!!",10,2025-07-21 00:00:00+00,1
" El desayuno completísimo, y muy variado.  La ubicación espectacular.  poca informacion en recepcion, sobre cosas cotidianas que un viajero necesita saber. por ejemplo actividades en el hotel, posibilidades de uso de la piscina en invierno. Creo que diariamente habia actividades infantiles, pero nadie nos supo explicar.  muy poco familiarizados con el idioma español",9,2025-07-21 13:20:48+00,0
"Hotel confortável mas o ar condicionado parou de funcionar, avisamos a recepção mas não resolveu,  passamos frio",10,2025-07-21 15:34:44+00,1
" Limpeza, localização  O elevador quebrado os oito dias q passamos",9,2025-07-21 18:04:18+00,0
Fabulous Hotel! Awesome location!,10,2025-07-22 00:00:00+00,1
 Localização e comida  Travesseiros muito altos,10,2025-07-22 12:40:37+00,1
" Localização  o ar condicionado não funcionava, a ducha do banheiro não funcionava e nos colocaram em apartamento muito barulhento.",4,2025-07-22 18:15:05+00,0
" A Limpeza!
Os funcionarios muito atenciosos, principalmente a camareira do 3o. andar!
A localizacao, bem central facilitava o acesso aos paceios.  O cafe da manha um pouco confuso! A ilha de tapioca, subutilizada com uma funcionaria pouco solicitada, quando poderia estar oferecendo no mesmo espaço, ovos e omeletes frescos, o que tornaria o trabalho mais dinamico e agradavel aos hospedes!",8,2025-07-22 18:18:42+00,0
"O hotel é muito bem localizado, bem central e na frente de um shopping center, o que facilita muito quando estamos col crianças.

Os quartos eram ótimos, muito limpos e climatizados. Com camas confortáveis e muito grandes. O chuveiro era excelente.

Café da manhã bem diversificado e saboroso.

O bar 🍸  é muito bom, com ótimos drinks.",10,2025-07-22 21:24:56+00,1
"Hotel com boa localização, em frente ao shopping o que pode ser útil para resolver diversas coisas. Quarto com tamanho bom, cama e roupa de cama de boa qualidade. Chuveiro ótimo, porém, toalhas de qualidade ruim. Serviço de limpeza diário impecável. Preços de frigobar abusivos. Café da manhã b9m, boa variedade e bem servido. Hotel consegue atender bem , mesmo lotado. Para jantar recomendo fortemente o restaurante do hotel,  boa comida, saborosa , com preços melhores do que praticados nos restaurantes da cidade. Serviço de atendimento ótimo. De um modo geral atendimento excelente.",8,2025-07-23 00:00:00+00,0
 Todas las instalaciones  Un poco tosco cierto personal de recepción,10,2025-07-23 21:58:41+00,1
"Hotel maravilhoso, limpo, organizado e muito confortável. Adoramos nossa estadia. Café da manhã muito bom! Certamente voltaremos.",10,2025-07-24 00:00:00+00,1
"Gostamos muito do hotel e atendimento. Todos funcionários nos atenderam bem e foram gentis e eficientes. A arrumação e limpeza eram bem executadas. Café-da-manhã bem variado e bem-feito.
Camas bem espaçosas, apenas o travesseiro achei um pouco alto. A ducha tinha regulagem muito boa e rápida, sem necessidade de ajustar e ficar esperando a água chegar à temperatura desejada.
A TV tinha alguns canais de TV aberta e fechada, além do app Netflix na TV, onde pudemos acessar nossa conta. Seria melhor ainda se tivesse possibilidade de transmitir do celular para a TV.
O WifFi funcionou muito bem também, com boa velocidade e estabilidade em todas as dependências do hotel.
Se tivesse que pontuar algo, seria apenas que o secador de cabelo fazia um ruído anormal  na ventoinha, apesar de funcionar normalmente e a parede do banheiro tinha alguns arranhões atrás do espelho retrátil de aumento e um dos elevadores entrou em manutenção num período de manhã em 1 dos dias, o que acabou me impedindo de voltar para buscar um documento para um passeio que eu tinha de fazer, pois o único elevador em funcionamento no momento demorava muito entre os andares.
Mas no geral, é um hotel bonito, muito agradável e com ótimo atendimento. Voltaria com certeza com a família.",10,2025-07-24 00:00:00+00,1
" El hotel es comodo, muy buenas instalaciones, moderno, muy bien localizado, el desayuno aceptable y el personal muy atento",10,2025-07-24 10:56:01+00,1
" Ótima localização, òtimo café manhã  Nada a declarar",10,2025-07-24 13:33:09+00,1
"Ficamos num quarto com cama king. Muito espaçoso e confortável.
Café da manhã excelente e com muitas opções. Atendimento gentil e simpático de todos os funcionários com os quais tivemos contato.
Para ser perfeito, poderiam melhorar a qualidade das toalhas de banho. Alguns dias deixaram toalhas que já deveriam ter sido tiradas de uso. Muito pequenas e finas.",10,2025-07-25 00:00:00+00,1
 Nice location. New and clean facilities. Good view over the city.  Checking in took unusually long.,10,2025-07-25 12:16:35+00,1
"Muito bom, mais nessa categoria não ter smart tv e todos os canais de jogos de futebol na atualidade...ta de brincadeira!",8,2025-07-26 22:03:39+00,0
" Hotel novo e limpo. Cama e chuveiro bons.  Atenção quando for reservar com crianças! Falam que não cobram, mas somente se a criança dormir na cama dos pais 🫠
Cama extra por 190 reais por noite, só ficamos sabendo quando chegamos ao quarto.",6,2025-07-27 18:23:03+00,0
 Hotel muito bem localizado e quartos silenciosos.  Café da manhã melhorar qualidade dos sucos muito aguados e pão de queijo ruim.,10,2025-07-27 19:23:22+00,1
"The hotel is in a great location, with a nice mall right across the street featuring a good food court. There are also plenty of restaurants within walking distance. The room is adequate, and the breakfast is delicious.",10,2025-07-27 23:57:05+00,1
"Ótimo hotel, limpo, funcionários gentis e ótima localização. Voltando a Foz, ficaria lá novamente.",10,2025-07-28 00:00:00+00,1
" O Hotel JL Bourbon se destaca como uma excelente opção de hospedagem, especialmente para quem busca conforto e bom atendimento. Um dos pontos mais elogiados é o quarto, descrito como muito amplo e confortável, o que proporciona uma estadia bastante agradável, seja para descanso ou trabalho. A cama de qualidade e o ambiente silencioso reforçam a proposta de bem-estar e tranquilidade, elementos essenciais para uma boa experiência hoteleira. Além disso, a cordialidade da equipe demonstra um cuidado especial com o atendimento ao cliente, aspecto que valoriza ainda mais o serviço prestado. Por fim, o café da manhã é mencionado como impecável, sugerindo variedade, qualidade e atenção aos detalhes. Esses fatores combinados posicionam o JL Bourbon como uma opção de alto nível em sua categoria.  Elevador sempre cheio devido a lotação e o freegobar não funcionava direito",10,2025-07-28 13:39:23+00,1
"BOM HOTEL - OTIMA LOCALIZAÇÃO.  DEIXA A DESEJAR NO SERVIÇO VENDIDO A ANUNCIADO SOBRE PETS...  COBRAM 240 POR DIA A MAIS NA DIARIA PARA UM PET..  NAO TEM LOCAL ADEQUADO PARA FICAR, NAO PODE DEIXAR NO QUARTO, TEM RESTRIÇÃO DE LOCAIS.   FUMANTE NÃO PAGA NADA A MAIS E TEM ESPAÇO RESERVADO.. UM PER PAGA 240.00 POR DIA E NAO TEM ESPAÇO  COMO PODE ???",6,2025-07-29 00:00:00+00,0
 Todo excelente. La comida del restaurante exquisita.  La ubicación.  Volvería sin dudarlo.!,10,2025-07-29 10:21:58+00,1
" Gostei de tudo, localização em frente ao shopping, limpeza, quarto espaçoso, café bem servido e eles começam o café (não sei se somente alguns dias da semana) a partir das 06:00 da manhã, o que é perfeito para quem está em viagem.",10,2025-07-29 11:46:09+00,1
" Decoração, café da manhã  Barulho da rua, alarmes de carros. No horário do café da manhã, vc fica literalmente preso no seu andar, pois existem apenas dois elevadores para atender a 10 andares de apartamentos.",8,2025-07-29 11:56:55+00,0
" Fui muito bem atendida pelo Erik que fez meu check in. Ele é muito atencioso, simpático e prestativo. Gostei muito do hotel. A qualidade do café da manhã é sensacional! Tinha um senhor na entrada do café (não recordo o nome) que tb foi sempre muito gentil, atencioso e simpático. Parabéns à equipe, o hotel é maravilhoso. Fica bem localizado, em frente ao shopping JL Cataratas e ao mercado o que tb facilita muito. Voltaremos mais vezes!  As janelas não são vedadas de barulhos. Sendo assim, mesmo em andar alto é possível escutar o barulho dos motores das motos e caminhões.",10,2025-07-29 13:47:08+00,1
Room was lovely and cozy! There was a mini bar and we ordered room service. The mushroom risotto was delicious! The staff were super friendly which we loved! The breakfast had loads of options! We really enjoyed staying here and would recommend it!,10,2025-07-30 00:00:00+00,1
"Excelente Hotel. Nuevo, limpio, bien ubicado, cómodo, moderno. El personal es muy amable. Las habitaciones son grandes y cómodas. El desayuno excelente.
La ubicación es estratégica, ubicándose frente al shopping cataratas. 
100 % recomendable.",10,2025-07-30 00:00:00+00,1
"Hotel razoável,  nada de extraordinário....!!!!",6,2025-07-30 00:00:00+00,0
"Excelente acomodação e atenção dos funcionários. Atendendo até alguns pedidos particulares,  com muita gentileza.  Amei",10,2025-07-30 00:00:00+00,1
"Ótimo atendimento, cama confortável e quarto muito limpo. 
Café da manhã maravilhoso, tapioca fresquinha feita na hora! 
Muito bem localizado 
Conta com restaurante e bar.",10,2025-07-30 00:00:00+00,1
Atendimento excelente.  Limpeza impecável. Quarto espaçoso. Café da manhã maravilhoso. Ótima localização. Super indico!,10,2025-07-30 00:00:00+00,1
"A localização é muito boa de frente ao Shoping JL com boa praça de alimentação!
A higiene ótima
Area comum bem bonita
Café da manhã com bastante variedade
Quartos confortáveis com chuveiro muito bom",10,2025-07-30 00:00:00+00,1
" Habitaciones amplias, bastante nuevas. Enfrente de un buen centro comercial. Alejados de las entradas a los parques nacionales, pero en coche no tanto. Buen desayuno.  Quizás para un hotel de esta categoría, café y te en las habitaciones y agua de cortesía.",9,2025-07-30 12:53:49+00,0
"Hotel maravilhoso! Amamos a experiência. Café da manhã delicioso, e o quarto super amplo . Recomendo a todos os casais para lua de mel 😍",10,2025-07-31 00:00:00+00,1
 Excelente ubicación y diseño del hotel,10,2025-07-31 17:16:13+00,1
" desayuno muy bueno y variado , habitacion y baño exelentes , ubicacion muy buena",9,2025-07-31 20:38:25+00,0
" The breakfast was genuinely superb, a huge range of options that could keep you going all day.  The lift capacity was too small for a hotel of its size and did not seem to have any stairs - if they did I couldn't find them. This meant waiting, often for multiple lifts to come along which were already full before one was available.",8,2025-08-01 01:15:34+00,0
" Clean and tidy hotel, great location close to shopping center, comfortable rooms, good breakfasts.  N/A",9,2025-08-01 10:14:17+00,0
"O hotel é excelente! o quarto tem um tamanho bom para 3 pessoas, o chuveiro é ótimo, tem shampoo, sabonete, secador de cabelo. O café da manhã é maravilhoso, com muitas opções.",10,2025-08-01 12:43:02+00,1
" Good location, very good breakfast.",7,2025-08-02 10:48:17+00,0
Ótimo,10,2025-08-02 11:30:56+00,1
Glória,10,2025-08-02 11:30:59+00,1
Perfeito para uma lua de mel amei.,10,2025-08-02 11:31:00+00,1
Maravilhoso,10,2025-08-02 11:31:03+00,1
Ótimo,10,2025-08-02 11:31:03+00,1
Top,10,2025-08-02 11:31:07+00,1
Maravilha 😊,10,2025-08-02 11:31:14+00,1
O melhor,10,2025-08-02 11:31:15+00,1
"Amei o hotel , muito receptivo voltarei mais vezes.",10,2025-08-02 11:31:22+00,1
Local muito aconchegante maravilhoso ótimo para a família,10,2025-08-02 11:31:26+00,1
Ótimo,10,2025-08-02 11:31:29+00,1
Hotel aconchegante e luxuoso.,10,2025-08-02 11:31:31+00,1
Ótima hospedagem,10,2025-08-02 11:31:34+00,1
Ótimo amei quero ir mais ❤️😘,10,2025-08-02 11:31:35+00,1
Ótimo lugar gostei de mas super recomendo 👍🏻🤌🏻,10,2025-08-02 11:31:38+00,1
Muito bom,10,2025-08-02 11:31:39+00,1
Ótimo sem palavras,10,2025-08-02 11:31:44+00,1
"Extraordinária, um luxo",10,2025-08-02 11:31:45+00,1
"Amei, super recomendo!",10,2025-08-02 11:31:46+00,1
"Ambiente perfeito
Acomodação maravilhosa
Comida deliciosas",10,2025-08-02 11:31:47+00,1
"Ótimo lugar, e ótimo atendimento!",10,2025-08-02 11:31:48+00,1
Ótimo estadia,10,2025-08-02 11:31:50+00,1
Muito bom,10,2025-08-02 11:31:50+00,1
Experiência única nesse lugar incrível 🤩,10,2025-08-02 11:31:52+00,1
Top,10,2025-08-02 11:32:01+00,1
Lindo lugar não acham estilo chamativo cheio de coisas boas pra se conhecer vale a pela conferir,10,2025-08-02 11:32:02+00,1
Lindo lindo,10,2025-08-02 11:32:03+00,1
Muito bom mesmo,10,2025-08-02 11:32:04+00,1
😍,10,2025-08-02 11:32:16+00,1
Um Hotel Extremamente Agradável,10,2025-08-02 11:32:19+00,1
Muito bom,10,2025-08-02 11:32:27+00,1
Top esse hotel recepção excelente,10,2025-08-02 11:32:30+00,1
Lugar top,10,2025-08-02 11:32:34+00,1
Ok,10,2025-08-02 11:32:36+00,1
Otimo,10,2025-08-02 11:32:39+00,1
Excelente,10,2025-08-02 11:32:50+00,1
Muito bommm,10,2025-08-02 11:32:52+00,1
Venha conhecer,10,2025-08-02 11:32:58+00,1
Muito organizado limpo,10,2025-08-02 11:33:19+00,1
Lugar muito bom,10,2025-08-02 11:33:19+00,1
Muito boa hospedagem,10,2025-08-02 11:33:23+00,1
Tudo maravilhoso,10,2025-08-02 11:33:26+00,1
Bom,10,2025-08-02 11:33:28+00,1
"Pensei num hotel maravilhoso 😃
Com certeza voltarei",10,2025-08-02 11:33:34+00,1
"Lugar maravilhoso, ótimo espaço",10,2025-08-02 11:33:43+00,1
Maravilhoso recomendo muito,10,2025-08-02 11:33:43+00,1
Os quartos o serviço e o local são incríveis é um lugar é uma maravilha gostei muito da comida e da organização,10,2025-08-02 11:33:55+00,1
Top,10,2025-08-02 11:33:59+00,1
Perfeito lindo de encantar os olhos,10,2025-08-02 11:34:11+00,1
Lugar lindo maravilhoso 😘,10,2025-08-02 11:34:12+00,1
Ótimo,10,2025-08-02 11:34:12+00,1
Lugar muito bom recomendo,10,2025-08-02 11:34:17+00,1
Ótimo gostei 👏👏👏👏👏👏👏,10,2025-08-02 11:34:18+00,1
Lugar legal é deliciosos platos,10,2025-08-02 11:34:25+00,1
Perfeito!!,10,2025-08-02 11:34:29+00,1
Bom,10,2025-08-02 11:34:44+00,1
Hotel maravilhoso 😍,10,2025-08-02 11:34:44+00,1
Gostei muito do hotel,10,2025-08-02 11:35:09+00,1
Muito top,10,2025-08-02 11:35:23+00,1
Ótimo lugar,10,2025-08-02 11:35:30+00,1
"Lugar simplesmente inacreditável, incrível! Irei voltar mais vezes pela localização!",10,2025-08-02 11:35:45+00,1
Muito bom,10,2025-08-02 11:35:45+00,1
"Lugar aconchegante, maravilhoso",10,2025-08-02 11:35:49+00,1
Top hotel ótimo,10,2025-08-02 11:35:51+00,1
Ótimo,10,2025-08-02 11:36:03+00,1
Hotel muito bom 👏👏👏👏,10,2025-08-02 11:36:05+00,1
"Hotel com uma ótima recepção, lugar de alta qualidade!",10,2025-08-02 11:36:10+00,1
Maravilhoso,10,2025-08-02 11:36:41+00,1
"JL Hotel by Bourbon é uma excelente escolha! A localização é perfeita, em frente ao shopping, os quartos são muito confortáveis e o café da manhã é delicioso e com bastante variedade. A equipe é super atenciosa, e a limpeza é impecável. Uma ótima experiência, recomendo!",10,2025-08-02 11:36:46+00,1
"Um ótimo Hotel, muito Limpo e Organizado.",10,2025-08-02 11:37:35+00,1
"Um lugar muito mordeno, um antedimento incrível..",10,2025-08-02 11:37:42+00,1
Lugar maravilhoso.,10,2025-08-02 11:37:48+00,1
Bom,10,2025-08-02 11:37:57+00,1
Lugar lindo,10,2025-08-02 11:37:59+00,1
Lindo,10,2025-08-02 11:38:07+00,1
Boa,10,2025-08-02 11:38:32+00,1
Top,10,2025-08-02 11:38:34+00,1
Ambiente agradável,10,2025-08-02 11:39:05+00,1
Ótima localização e acomodação impecável,10,2025-08-02 11:39:14+00,1
Top demais,10,2025-08-02 11:39:19+00,1
Melhor lugar!!!,10,2025-08-02 11:39:22+00,1
Muito bom mesmo de verdade,10,2025-08-02 11:41:33+00,1
Legal,10,2025-08-02 11:41:48+00,1
O melhor 🔥,10,2025-08-02 11:42:01+00,1
Eles servem um café maravilhoso,10,2025-08-02 11:42:14+00,1
Muito bom,10,2025-08-02 11:42:18+00,1
Ótimo lugar,10,2025-08-02 11:42:18+00,1
Muito bom gostei,10,2025-08-02 11:42:25+00,1
Ótimo lugar,10,2025-08-02 11:42:27+00,1
Legal amei 👏🏼👏🏼👏🏼👏🏼👏🏼,10,2025-08-02 11:42:30+00,1
Top,10,2025-08-02 11:42:49+00,1
Sensacional o lugar.,10,2025-08-02 11:43:02+00,1
Maravilhoso,10,2025-08-02 11:43:25+00,1
Top,10,2025-08-02 11:44:33+00,1
Muito boa a hospedagem,10,2025-08-02 11:44:42+00,1
"Lugar lindo, bem cuidado e com atendimento excepcional. Foi uma estadia tranquila e confortável. Voltaria com certeza!",10,2025-08-02 11:44:46+00,1
Ótimo lugar pra se hospedar,10,2025-08-02 11:44:54+00,1
"Muito bem localizado, quartos maravilhos e excelente, recomendo muito",10,2025-08-02 11:44:57+00,1
Lugar extremamente aconchegante,10,2025-08-02 11:45:09+00,1
Bom,10,2025-08-02 11:45:31+00,1
Perfeito cada cantinho 😍👏😍,10,2025-08-02 11:45:33+00,1
Um dia quero visitar,10,2025-08-02 11:45:57+00,1
"O melhor hotel, desde a recepção até a saída, os funcionários são excepcionais.",10,2025-08-02 11:46:07+00,1
Lindo o hotel,10,2025-08-02 11:46:20+00,1
E um ótimo hotel gostei bastante,10,2025-08-02 11:46:29+00,1
bom,10,2025-08-02 11:46:58+00,1
Lindo demais 😍,10,2025-08-02 11:47:26+00,1
Lugar maravilhoso,10,2025-08-02 11:48:33+00,1
Top,10,2025-08-02 11:49:08+00,1
Ótima experiência.,10,2025-08-02 11:51:49+00,1
Excelente,10,2025-08-02 11:52:09+00,1
Lugar agradável pra você e sua família 🤩,10,2025-08-02 11:53:30+00,1
Hotel incrível,10,2025-08-02 11:54:13+00,1
Ótimo,10,2025-08-02 11:54:34+00,1
Muito bom,10,2025-08-02 11:57:18+00,1
Muito bom,10,2025-08-02 11:57:38+00,1
Bela opção pr quem procura lazer junto a natureza,10,2025-08-02 11:57:53+00,1
Otimo ambiente,10,2025-08-02 11:58:16+00,1
" Maravilhoso, muita variedades! Bom demais  Sinceramente tudo muito bom",10,2025-08-02 11:58:23+00,1
Excelente lugar,10,2025-08-02 11:59:35+00,1
Ótimo Hotel,10,2025-08-02 12:00:29+00,1
Excelente lugar,10,2025-08-02 12:02:08+00,1
Lugar maravilhoso,10,2025-08-02 12:05:56+00,1
Hotel maravilhoso,10,2025-08-02 12:06:48+00,1
Bom demais,10,2025-08-02 12:08:29+00,1
Bom,10,2025-08-02 12:08:56+00,1
Ótimo,10,2025-08-02 12:09:06+00,1
"Incrível, recomendo",10,2025-08-02 12:09:28+00,1
"Melhor hotel de foz, amei!",10,2025-08-02 12:09:48+00,1
Ótimo hotel recomendo para todos,10,2025-08-02 12:09:56+00,1
Local Aconchegante com ótima Vista,10,2025-08-02 12:10:57+00,1
Amei,10,2025-08-02 12:11:43+00,1
Maravilhoso inesquecível 😍,10,2025-08-02 12:11:52+00,1
Muito bom,10,2025-08-02 12:14:23+00,1
Jl hotel by bourbon muito maravilhoso lindo,10,2025-08-02 12:15:07+00,1
Muito bom,10,2025-08-02 12:16:03+00,1
Minha experiência foi ter conhecido histórias reais.,10,2025-08-02 12:19:55+00,1
Muito elegante o lugar adorei,10,2025-08-02 12:24:03+00,1
Lugar maravilhoso 😘😍,10,2025-08-02 12:31:03+00,1
Muito bom,10,2025-08-02 12:32:07+00,1
Bom,10,2025-08-02 12:33:22+00,1
Bem localizado Bom para passar as férias  ou curti a 2,10,2025-08-02 12:35:39+00,1
Ótimo local gotei muito recomendo,10,2025-08-02 12:36:24+00,1
Muito bom,10,2025-08-02 12:37:23+00,1
"Quartos maravilhosos e hiper confortável, serviço divino, local inesquecível",10,2025-08-02 12:39:30+00,1
"Perfeito, quem quiser ir será ótimo",10,2025-08-02 12:43:38+00,1
Eu gostei lugar tranquilo e luxuoso,10,2025-08-02 12:44:34+00,1
Bom,10,2025-08-02 12:46:57+00,1
Ótima gostei muito Bom lugar,10,2025-08-02 12:49:05+00,1
Muito confortável,10,2025-08-02 12:51:08+00,1
Maravilhoso,10,2025-08-02 12:53:12+00,1
Foi uma ótima experiência espero ir mais uma vez e levar mais um amigo,10,2025-08-02 12:56:05+00,1
Excelente lugar,10,2025-08-02 12:59:47+00,1
lindo! lugar muito confortável ❤️,10,2025-08-02 13:03:45+00,1
Excelente,10,2025-08-02 13:03:45+00,1
Muito bom.,10,2025-08-02 13:08:18+00,1
Excelente hotel,10,2025-08-02 13:13:57+00,1
Lá foi inesquecível vcs tem que esperimentar e maravilhoso,10,2025-08-02 13:14:28+00,1
Passar as férias é bom de+,10,2025-08-02 13:25:27+00,1
Lugar maravilhoso,10,2025-08-02 13:33:21+00,1
Ótimo,10,2025-08-02 13:40:09+00,1
"Local maravilhoso, tudo perfeito, ambiente, acomodações, funcionários, um clima perfeito.",10,2025-08-02 13:45:57+00,1
Ótimo 👏🏾👏🏾,10,2025-08-02 13:48:02+00,1
Lugar bom,10,2025-08-02 13:50:29+00,1
Lindooo,10,2025-08-02 14:02:22+00,1
Muito bom,10,2025-08-02 14:14:41+00,1
Bonito,10,2025-08-02 14:28:29+00,1
Ótimo local,10,2025-08-02 15:21:07+00,1
Top,10,2025-08-02 15:36:29+00,1
Aconchegante,10,2025-08-02 15:40:09+00,1
Muito bom,10,2025-08-02 15:56:58+00,1
Muito bom,10,2025-08-02 16:02:24+00,1
Mui bem aconchegante ☺️,10,2025-08-02 16:08:19+00,1
Amei muito,10,2025-08-02 16:24:13+00,1
Ótimo,10,2025-08-02 16:25:10+00,1
Confortável,10,2025-08-02 20:27:58+00,1
"Apartamento de frente muito barulhento, pedir quarto em conjunto não adianta de nada, o funcionário passa a culpa para o setor de reservas.
O hotel já foi melhor.",6,2025-08-03 00:00:00+00,0
" Quarto com boa vedação de luz externa, ótima vedação contra ruídos, café da manhã maravilhoso. Localizado em frente ao shopping.",10,2025-08-03 13:42:23+00,1
" Equipe super prestativa, localização ótima, café da manhã perfeito  O ar do quarto não funcionou, nos trocaram de quarto e o chuveiro não estava esquentando. Não tinha mais quarto disponível.",7,2025-08-03 17:42:04+00,0
"Gostaria de deixar aqui registrado a excelência deste conceituado hotel em cada detalhe de seus serviços. Tivemos uma experiência agradabilíssima desde o acolhimento pela Beatriz e o Oséias e, ainda, da Andréa.
Certamente voltaríamos para o JL Bourbon e o recomendaremos a todos.",10,2025-08-03 17:49:37+00,1
"Over accomodatie en medewekers heel positief! Toen wij met spoed specifieke medicatie nodig hadden, hebben ze dat heel snel per koerier laten komen. Hou er wel rekening mee dat weinig medewerkers Engels spreken. Je moet dus soms even geduld hebben tot de juiste persoon beschikbaar is maar dat duurt nooit lang.",10,2025-08-04 00:00:00+00,1
" Ubicacio
Personal molt amable  - La piscina està en un pati que fa que no sempre hi hagi sol
- les instal.lacions podrien estar mes ben mantingudes",7,2025-08-04 01:33:37+00,0
" Es moderno, cómodo , bien ubicado  La piscina está ubicada en la parte de atrás del hotel , tiene sol de 10 a 12 del mediodía en esta época se extiende 1 hora en verano por lo que su uso es muy limitado 
El menú del restaurante es poco variado",8,2025-08-04 18:50:19+00,0
"Habitación Matrimonial hermosa , Restaurante espectacular, Excelente atención en Recepción y Frente al Shopping JL Cataratas Mall Y Farmacia/Supermercado cercas 👏 👌🏼",10,2025-08-05 11:41:00+00,1
Viagem para ampliar repertório educativo a fim de levar informações para os associados na Grande Florianópolis.,10,2025-08-05 15:39:20+00,1
" Localização. Limpeza. Quarto. Maioria dos funcionários.  Café da manhã com muitos ítens e nem  todos frescos, (pão ressecado por exemplo) e reposição lenta dos ítens mais consumidos.",8,2025-08-05 16:14:53+00,0
Excelente hotel.... localização perfeita.,10,2025-08-06 00:00:00+00,1
 Breakfast spread massive and excellent,10,2025-08-06 01:56:45+00,1
Esse hotel é excelente. Era aniversário do meu marido e fomos surpreendidos por um parabéns da equipe do hotel. São muito atenciosos. Amamos,10,2025-08-07 00:00:00+00,1
Não aceito check in,2,2025-08-08 00:00:00+00,0
 Las instalaciones y el desayuno.,9,2025-08-08 00:14:38+00,0
 Tudo perfeito!!,10,2025-08-08 14:52:54+00,1
" Quartos modernos  Cama horrível - colchões estavam com buracos no nosso quarto e dos meus filhos 
Travesseiros péssimos, impossível de retornar, se não trocarem os colchões e travesseiros",8,2025-08-08 22:36:37+00,0
" Hospedagem foi ok, facilidade de locomoção e bem localizado.",10,2025-08-09 01:33:27+00,1
 都挺好  棒棒哒 加油,9,2025-08-09 05:11:10+00,0
 Muy bien ubicado excelente servicio,10,2025-08-09 09:59:31+00,1
"Café da manhã com um buffet completo e saboroso. Toda equipe está de parabéns, principalmente o garçom Claudio pela sua simpatia e preocupação com os hóspedes.",10,2025-08-09 12:16:42+00,1
"Estive hospedada com minha irmã, e gostamos muito, atendimento do moço que nós recebeu impecável, e todos os funcionários que interagimos sempre muito educados e solícitos, inclusive com a questão do cartão da porta do quarto que vez ou outra não funcionava. A localização em frente ao shopping achamos excelente, ajudou muito na questão alimentação nos dias que estávamos cansadas. Quarto limpo, banheiro excelente, com certeza se alguém conhecido pedir uma indicação, falaremos de todos os pontos positivos desse hotel.",10,2025-08-09 22:00:13+00,1
 Las habitaciones impecables. Cómodas. La comida es excelente. La atención del personal. La ubicación.,10,2025-08-10 00:27:10+00,1
Excelente atención. Cómodo. La limpieza. La comida es muy buena!,10,2025-08-10 17:01:03+00,1
" Quarto espaço, bem limpo e super aconchegante, café da manhã espetacular  Nada",9,2025-08-10 22:13:15+00,0
 Quarto limpo e pessoal da limpeza excelente!,10,2025-08-10 22:55:28+00,1
 El desayuno muy bueno exelente,10,2025-08-11 11:57:55+00,1
 Hotel todo novo e decoração belíssima ! Quarto excelente tudo novinho !! Perfeito!  Nada,10,2025-08-11 14:04:45+00,1
" O hotel é excelente. O banheiro é ótimo. A cama é enorme.
O hotel fica em frente à um shopping, o que facilita bastante. Tem farmácia, supermercado, etc.  Da distração das camareiras, que esqueceram de repor toalhas duas vezes, tiraram as usadas e se esqueceram de colocar limpas. Mas, tudo foi resolvido rapidamente.",10,2025-08-12 18:45:15+00,1
"Hotel muito bom , em todos os quesitos . Ficamos muito satisfeitos com o conforto do quarto , limpeza , serviços , e principalmente o café da manhã perfeito .",10,2025-08-13 00:00:00+00,1
"Hospedagem perfeita. Cama, chuveiro tudo de ótima qualidade, inclusive O café da manhã com a tapioca preparada na hora, fica sempre com um gostinho de quero mais.",10,2025-08-13 00:00:00+00,1
"Amables, cordiales, aun cuando no hablamos su idioma fueron muy amables . Todo excelente, El desayuno demasiado bueno todo y la habitación muy linda. Excelente ubicación frente al JL Cataratas Shopping, farmacias y supermercados. Y a unas cuadras del centro comercial de Foz, en av brasil",10,2025-08-13 00:00:00+00,1
 Hermoso hotel,10,2025-08-13 00:46:34+00,1
 Todo impecable  El gimnasio es muy pequeño,10,2025-08-13 10:10:04+00,1
" Tudo muito limpo, quartos confortáveis e atendimento perfeito. Funcionários muito simpáticos e prestativos.",10,2025-08-13 13:22:58+00,1
"Ótimo hotel., com ótima acomodação,  ótima culinária no café da manhã, ótimos funcionários e ótima localização. Tudo muito ótimo",10,2025-08-14 00:00:00+00,1
" Gostei de tudo. Localização perfeita, quarto super espaçoso e confortável. Café da manhã delicioso. Super indico.  Gostamos de tudo.",10,2025-08-14 13:42:21+00,1
 Love the cool and sophisticated atmosphere. Great views from the upper floors.  Nothing,10,2025-08-14 17:16:45+00,1
" Great modern hotel in excellent location near mall.  Friendly informative check in.  We were able to get a room next to our children. Rooms were very clean, well serviced and good, firm matresses. Breakfast was good.    Staff overall very helpful and friendly.  The hot section at breakfast was a bit heavy on the carb side, more protein would have been welcome.  The lack of a ramp to wheel suitcases up - though there was a wheelchair lift for disabled access, for personal reasons I didn't feel it was appropriate to use this.  In fairness it's only about 5 - 7 steps from ground to entrance level but if you have to carry a few suitcases it can be a bit of a job.",9,2025-08-15 09:25:17+00,0
" Nice location. Close to shopping mall and bus terminals within walking distance where you can travel everywhere around the area.  It is considered far from the airport. 
Taking very long time to complete the check in.",8,2025-08-15 13:29:45+00,0
" Café da manhã, 
Toalha de banho e rosto 
Silêncio.  Estacionamento, poucas vagas
Garçom da noite muito grosseiro,
Minha cama estava muito mole o que me deu uma forte dor na coluna.
Travesseiros duros, dificultando para dormir. Noites em claro. 
Já passei dias melhores nesse hotel, essa estadia não foi muito boa.
Falta de Yogurt sem lactose, somente uns bolos sem atrativos,",10,2025-08-16 10:57:28+00,1
"Recomendo pela localização estratégica,  ótimo atendimento, limpeza e cama confortável. Restaurante com bom cardápio e preços justos para o jantar. Café da manhã farto.",10,2025-08-17 14:07:50+00,1
" Café da manhã excelente com várias opções que nao se repetiam no decorrer dos dias. Atendimento do hotel foi nota 10 destacando a atenção da equipe do café da manhã, bar e recepção. A localização é excelente em frente ao shopping JL Cataratas com várias opções de alimentação. Há comércio na região (farmácias, supermercados, bares, etc).  Quarto muito bom com excelente isolamento acústico e solar......hotel com excelente custo-benefício em FOZ que indico a hospedagem e que numa próxima visita a cidade me hospedaria novamente.  Nada a mencionar...hotel realmente superou as expectativas.",9,2025-08-17 16:03:03+00,0
Excelente ubicación,10,2025-08-17 23:13:49+00,1
"L’ hotel si trova in una posizione centrale di Foz do Iguaçu, sulla strada principale e davanti ad un centro commerciale. Si sente un po’ il rumore della strada.
Per il resto, è stato tutto ottimo: grande pulizia degli ambienti e cortesia del personale, anche con un problema di una valigia dimenticata. Inoltre al ricco buffet della colazione erano presenti anche alcune torte senza glutine, fresche di giornata e squisite",10,2025-08-18 00:46:58+00,1
" L’ hotel si trova in una posizione centrale di Foz do Iguaçu, sulla strada principale e davanti ad un centro commerciale. Si sente un po’ il rumore della strada. Per il resto, è stato tutto ottimo: grande pulizia degli ambienti e cortesia del personale, anche con un problema di una valigia dimenticata. Inoltre al ricco buffet della colazione erano presenti anche alcune torte senza glutine, fresche di giornata e squisite.
Hanno parcheggio interno al coperto  Rumore dalla strada",9,2025-08-18 09:37:23+00,0
" Café da manhã variado, tudo muito fresco e de ótima qualidade. 
Hotel espetacular em frente ao JL shopping aonde tem mercado e lavanderia de auto atendimento. Funcionários atenciosos e prestativos .
Adorei me hospedar neste hotel e pretendo retornar outras vezes.  Melhoraria a qualidade dos sucos, achei muito aguado!",10,2025-08-19 13:02:32+00,1
"Utilizamos o JL desde sua inauguração, portanto, dispensa comentários!  Tudo muito bom!",10,2025-08-20 00:00:00+00,1
 Espaço  Nada a dizer,10,2025-08-21 19:09:27+00,1
 Tudo muito organizado e limpo,10,2025-08-22 18:44:10+00,1
Excelente localização em frente ao Shopping das Cataratas. Ótimo atendimento. Café da manhã muito bom. Quartos silenciosos. Hotel limpo e perfumado. Adorei.,10,2025-08-23 11:51:59+00,1
"Serviço de restaurante desse lugar é péssimo, garçons aí não são bons, uma demora grande para servir os pratos, a responsável do restaurante é uma lerdeza em pessoa, creio ter nome de Rosina, além da grosseria dela como se tivesse fazendo favor sendo que nós clientes que pagamos o salário dela e dos funcionários. Muito ruim. A recepção também deixa a desejar, elevador por 2 vezes deu defeito quando estive aí, a única coisa boa é a localidade pois fica no centro de Foz.",2,2025-08-24 02:07:26+00,0
" Desayuno muy completo, faltó sólo ananá y mango que en Brasil siempre tienen, pero había otras opciones de frutas .
Lugar si bien, supuestamente es céntrico, no vimos buenos lugares para ir caminando, el shopping una desilusión y gracias al waze podés llegar al hotel xq es un laberinto hasta llegar y la piscina la usamos  Que en recepción no saben darte la cotización del real a dólar o peso argentino",10,2025-08-25 16:16:35+00,1
"O Hotel é bem business/express, apesar disso fomos em uma viagem em família (3 pessoas) e nos atendeu super bem. Os quartos são super limpos e o espaço é ok. O banheiro é bom, banho bom também. O restaurante é ótimo e tem boas opções de comida, com uma criança bem pequenas com horários mais rígidos para almoçar e jantar acabamos utilizando o serviço deles várias vezes e foi super agradável. O café da manhã também é excelente. A estrutura do Hotel é também boa, com uma área externa agradável e um bom espaço para curtir. A localização é central, fica em frente a um shopping o que pode ser interessante também.",10,2025-08-26 00:00:00+00,1
"Excelente hotel, em frente a um shopping.
Só não é barato.
Ótimo café da manhã, tem até comida salgada.",10,2025-08-26 00:39:18+00,1
 Recepção extremamente simpática e profissional. Localização em frente a um shopping e outros restaurantes faz toda a diferença. Possuem um desk no lobby para reservas de passeios. Café da manhã impressionantemente bom.,9,2025-08-26 02:19:44+00,0
" Hotel muito bom, confortável e bem localizado.",9,2025-08-26 13:49:40+00,0
 Ótimo café da manhã e restaurante do hotel com muitas variedades  Nada que comprometa o hotel,10,2025-08-27 11:10:25+00,1
" Es muy cómodo, muy céntrico y la relación calidad- precio muy buena. Tiene piscina y gimnasio.  Un desayuno muy bueno.La segunda vez que vengo, repetiré siempre que venga a Foz de Iguazú.  Todo muy bien.",10,2025-08-27 14:37:11+00,1
 Café da manha espetacular e localização excelente,10,2025-08-27 17:32:32+00,1
 מלון חדש חדרים גדולים ומיטות גדולות ונוחות. ארוחת בוקר מגוונת וטעימה,10,2025-08-28 01:58:15+00,1
" O hotel corresponde as avaluacioes muito bom, houve um problema na reservs mas resolvido com brevidade pelo profisdional Henzo muito cuidadoso educado e competente viajei em familia",10,2025-08-28 20:43:51+00,1
"Hôtel idéalement placé pour visiter les chutes d’iguazu cote Brésil et cote Argentine ..moderne ,propre, personnel très accueillant et compétent",10,2025-08-30 00:00:00+00,1
"Estuvimos más de una hora para hacer el check in, las personas de recepción no encontraban nuestra reserva, parecían aprendices",2,2025-08-30 00:00:00+00,0
Excelente,10,2025-08-30 01:43:50+00,1
"호텔 위쪽에 환전소, 맞은편에 쇼핑센터가 있어서 식당가기도 좋고 지하1층엔 마트가 있어서 물이나 식료품 사기도 좋아요. 멜리사가 있는 유일한 쇼핑몰이라 한국보다 저렴하게 신발을 구매할 수 있어서 좋았습니다.",10,2025-08-30 12:44:44+00,1
 Instalações novas e pessoal muito solícito  Wi-Fi deixou um pouco a desejar,10,2025-08-30 19:16:06+00,1
"Quartos limpos, tamanho do quarto bom e bem localizado. Café simples mas tem o necessário. Bom atendimento",10,2025-08-31 00:00:00+00,1
 Conforto  Troca constante de cartão de acesso ao quarto,9,2025-08-31 20:28:02+00,0
 Tudo poderia ser maior o quarto e mais barato  Preço,8,2025-08-31 23:15:12+00,0
"Incrível, realmente me surpreendi com a qualidade de tudo, e o café da manhã foi maravilhoso.",10,2025-09-01 00:00:00+00,1
 Ubicación instalaciones y desayuno  Si la idea es disfrutar de la piscina capaz no sería el hotel ideal,10,2025-09-01 00:56:53+00,1
"Nossa experiência no JL Bourbon Foz do Iguaçu foi extremamente negativa. O hotel descumpriu totalmente o que havia sido combinado, causando frustração e transtornos sérios. A gerente e os funcionários da recepção demonstraram total falta de profissionalismo, paciência e cordialidade, tratando os hóspedes com descaso. Não recomendamos de forma alguma, principalmente para quem busca passar momentos tranquilos e confortáveis em Foz do Iguaçu.",2,2025-09-01 22:31:45+00,0
 Tudo  Nada,9,2025-09-02 11:06:52+00,0
"Buenísima ubicación, tiene gym y piscina. Frente mismo está el shopping JL que siempre es una buena opción para pasear o comer en Madero. Un dato que no me gustó es que t cobran estacionamiento aparte, no está incluido en su tarifa, me pareció nada que ver. El desayuno está bien te hacen tapioca y/o omelette en el momento si así lo deseas. El gimnasio podría mejorar, sobre todo actualizar las máquina. En general relación costo beneficio está bien. Okey",10,2025-09-03 02:31:24+00,1
 Colchão chuveiro  Tudo perfeito,10,2025-09-03 05:43:49+00,1
" boa localização,limpeza boa,atendimeto bom  cafe da manha fraco,pão francês seco,pão forma tambem muito seco",7,2025-09-03 15:43:32+00,0
"Hotel muito limpo e organizado, staff muito gentil e solícito, muito bem localizado, que mantenham esse padrão de qualidade , voltaria com certeza.",8,2025-09-04 00:00:00+00,0
"Confortável, limpo, charmoso, bem localizado.",10,2025-09-05 11:56:01+00,1
"Achei o hotel muito lindo, ambiente super perfumado , quartos limpos , corredores silencioso.Cafe da manhã excelente.
Tivemos um problema com a reserva e o responsável pela recepção (Henzo) foi muito educado e resolutivo conosco.",10,2025-09-05 23:50:38+00,1
" Excelente  Tudo excelente, mas vcs têm problemas sérios de manutenção.
Vcs deveriam contratar um profissional para avaliar e fazer a gestão de uma manutenção adequada.
Isso traria uma grande economia.",10,2025-09-06 00:55:24+00,1
 Quarto e cama  Café da manhã,8,2025-09-07 18:17:20+00,0
"Experiência maravilhosa !!
Super bem localizado , em
Frente ao Shopping!!!
Hotel novo , limpo , super confortável !!!
Atendentes super simpáticos !!!
Café da manhã maravilhoso !!!
Hospedagem nota 1000 
Voltarei com certeza",10,2025-09-08 00:00:00+00,1
Hotel extremamente elegante limpo e super cheiroso café da manhã perfeito e o bar excepcional,10,2025-09-08 16:31:50+00,1
Excelente atendimento! Quartos confortáveis e espaçosos! Café da manhã perfeito! Ótima localização! Recomendo fortemente !,10,2025-09-09 00:00:00+00,1
"Otimo atendimento quarto perfeito, cafe da manhã completo com bastante veriedades, localização perfeita, pontos turisticos proximo do hotel, parabéns pela hospedagem",10,2025-09-09 00:00:00+00,1
"O hotel é excelente, bem localizado, limpo, equipe atenciosa, tudo ótimo. O único porém é um perfume que colocam no lobby e no hall dos elevadores, muito forte. Eu tenho enxaqueca com cheiros forte e tive uma crise. Poderiam revisar esse item.",10,2025-09-09 00:00:00+00,1
"Tudo maravilhoso, os quartos o café da manhã, os funcionários,a localização,tudo limpo e organizado 
Um ótimo lugar para ir em família",10,2025-09-09 00:00:00+00,1
" Conforto 
Limpeza 
Tudo novo 
Funcionários ótimos e gentis 
Café da manhã excelente  Tudo excelente",10,2025-09-09 10:33:26+00,1
Wonderful breakfasts and location.,10,2025-09-10 00:00:00+00,1
"Excelente lugar, volveré.
-estacionamiento cómodo
-excelente desayuno MUY completo
-poca variedad a la carta para cenar
-buen acceso y facil si vas en auto,  shooping en frente
-Las instalaciones muy prolija y nuevas",10,2025-09-10 17:13:05+00,1
Muito bom. Vale a pena.,10,2025-09-11 00:00:00+00,1
" Estava tudo excelente, principalmente o café da manhã  Das toalhas, são ásperas e finas",10,2025-09-11 21:19:47+00,1
"Excelente acolhimento, cordialidade.",10,2025-09-11 23:57:04+00,1
Excelente. Super recomendo!,10,2025-09-12 11:39:44+00,1
" We really enjoyed our stay at the hotel! The scent when you walk in is so pleasant and welcoming. The front desk staff were nice and friendly, which made check-in a breeze. Our room was clean, comfortable, and nice kept.  We didn’t enjoy the breakfast area as much as we did at other hotels in Brazil. Unfortunately, the breakfast staff—especially those welcoming guests—did not come across as friendly. In fact, they were often laughing when we passed by, which made us feel uncomfortable and unwelcome. This behavior affected the overall experience.",9,2025-09-12 21:03:59+00,0
" Hotel novo, localização excepcional e um time de colaboradores acima da média!",10,2025-09-13 00:12:35+00,1
 Across from a mall was good  When I booked through booking.com. All taxes are included but when we checked kee out they said they didn’t charge me the 5 percent tax! Since we were in a hurry to leave I thought that I will deal with it when we get home. Should I email the property?,7,2025-09-13 19:26:17+00,0
tudo muito agradável! inclusive o menu do hotel e principalmente o café da manhã que é bem servido de opções 👌🏽,10,2025-09-14 00:53:34+00,1
" O hotel é excelente. A localização é muito boa. O quarto é ótimo. O café da manhã é farto. As instalações são boas. O serviço é muito bom. Recomendo. Se voltar a Foz do Iguaçu, ficarei nele novamente.  Nada a informar. Tudo correu muito bem.",10,2025-09-14 12:53:34+00,1
 Atenção na observação de comemoração de casamento e assim fomos surpreendidos com uma decoração especial. No café da manhã a Opção de Tapioca e Omelete.  Café preto da máquina parece solúvel.,9,2025-09-14 13:04:33+00,0
 El desayuno es excelente y queda frente a un shopping con todo lo necesario. Supermercado y grandes marcas. La pileta es semi climatizada y todo es nuevo y lujoso.,10,2025-09-14 15:20:57+00,1
 Muy bueno ya me he quedado varias veces y mantiene el nivel,9,2025-09-14 17:28:16+00,0
"Ótima localização, no centro. Atendimento excelente de todos",10,2025-09-14 23:17:54+00,1
"Hotel limpou, funcionários educados, quarto com bom isolamento acústico e luminoso",10,2025-09-15 00:00:00+00,1
 Todo  Nada,10,2025-09-16 01:54:31+00,1
" Café da manhã muito bom e localização excelente.  Acomodação voltada para a rua, em andar baixo, enfrenta o incômodo do barulho do tráfego noturno e de apresentação de cantores amadores nas imediações durante o dia.",6,2025-09-16 21:11:17+00,0
"Foi apenas uma noite, mas muito agradável, cama muito boa e o melhor, ótimos travesseiros. Cafe da manhã bom e o pessoal muito atencioso",10,2025-09-17 00:00:00+00,1
"Apartamento conjugado com as portas abertas. 
Água muito quente sem água fria 
Me queimei",4,2025-09-17 00:00:00+00,0
" Quarto grande, cama excelente e banho maravilhoso",10,2025-09-17 00:03:36+00,1
" O apartamento ficava de frente para a avenida e o barulho começa  às 7:00, diferente do pedido.",6,2025-09-17 12:22:27+00,0
 Hotel excelente um dos melhores que já fiquei.,10,2025-09-17 14:14:30+00,1
"Hôtel confortable - La chambre est spacieuse et propre. Le lit est confortable (les oreillers étaient trop épais et durs pour moi). Le sèche-cheveux est puissant. La douche est grande et la pression de l'eau est idéale. Le petit déjeuner est complet et bon. Le personnel est agréable.
Le check-in met du temps (nous étions pourtant seules mais la dame a mis 15 mns à rentrer nos infos sur son ordinateur...)
Le GROS point négatif pour moi est l'insonorisation inexistante: les fenêtres ne servent à rien, il n'y avait pas de différence entre quand elle était ouverte et fermé. L'hôtel est entouré de grandes routes passantes, il y a des voitures de 5h à 23h... Il n'y a aucun côté calme (nous avons essayé les 2) et avons dormi avec des boules Quiès (pourtant au 6ème étage). Et, évidemment, la climatisation faisait un bruit monstre, ainsi que le frigo.",8,2025-09-18 00:00:00+00,0
" Localização em frente ao Shopping, muito pratico. Cafe da manhã completo, todos os ambientes limpos. Otimo custo beneficio.  Não teve nada que eu não tenha gostado...",10,2025-09-18 13:39:19+00,1
" Muy limpio, buen precio, excelente desayuno!!!  Todo fue bueno, tal vez una caja fuerte más grande para portátiles",10,2025-09-18 14:50:35+00,1
" Gute Lage. Tourismus Agentur Loumar im Hotel, um Ausflüge zu buchen. Sehr freundliches Personal im Restaurant und im Frühstücksraum. Frühstücksbuffet reichhaltig und abwechslungsreich.  Die Matratze war uns zu hart. Dreht sich eine Person um, schwingt das ganze Bett.",8,2025-09-19 22:50:58+00,0
"O hotel é maravilhoso, tem um perfume ambiente incrível.",10,2025-09-20 20:21:25+00,1
"Todo me gustó, Atención, amabilidad de todo el personal y habitaciones",10,2025-09-21 00:00:00+00,1
Segunda vez en este hotel. Todo es increíble. El personal es excelente. No tengo ninguna queja,10,2025-09-21 00:00:00+00,1
"Adoramos nossa estadia, quarto excelente sem barulho, arrumação e limpeza impecável. Café da manhã com muitas opções e tudo muito gostoso e os funcionários cordiais. Voltarei mais vezes.",10,2025-09-21 00:00:00+00,1
"Excelente opção! Novo, bem localizado, moderno e extremamente confortável! Custo benefício incomparável. Qualidade reconhecida da rede Bourbom.",10,2025-09-21 00:00:00+00,1
" Localização excelente.
Cafe manhã muito bom e super variado.
Quarto espaçosos e bom banheiro e chuveiro.
Sistema de cortinas black-out do quarto são  excelentes.  Se voce ficar em quarto em frente ao shopping/rua frente se prepare pra enfrentar muito barulho.
Limpeza do quarto deixou a desejar.
Esqueceram colocar lencol de cima e tivemos pedir um, no banheiro tb esqueceram tapete de chão.
Nao vale a pena custo benefício, achamos caro considerando tudo que entrega.
Cama casal tem bom tamanho, porem nao são de molas individuais e isso incomoda quando outro se movimenta mexe tudo.
Ar condicionado muito barulhento.
Iluminação no quarto é muito forte e desconfortável. Sobretudo em cima cama.",7,2025-09-21 01:23:27+00,0
 La ubicación las instalaciones y el desayuno  Que hubiera tan pocos ascensores,9,2025-09-21 02:42:58+00,0
"Localização excelente.
Cafe manhã muito bom e super variado.
Quarto espaçosos e bom banheiro e chuveiro.
Sistema de cortinas black-out do quarto são excelentes.
Se voce ficar em quarto em frente ao shopping/rua frente se prepare pra enfrentar muito barulho.
Limpeza do quarto deixou a desejar.
Esqueceram colocar lencol de cima e tivemos pedir um, no banheiro tb esqueceram tapete de chão.
Nao vale a pena custo benefício, achamos caro considerando tudo que entrega.
Cama casal tem bom tamanho, porem nao são de molas individuais e isso incomoda quando outro se movimenta mexe tudo.
Ar condicionado muito barulhento.
Iluminação no quarto é muito forte e desconfortável. Sobretudo em cima cama.",6,2025-09-21 11:21:08+00,0
 Não houve nada que tenha assim gostado que merece ser comentado .  O café da manhã não é bom e os elevadores demoram demais  .,7,2025-09-21 12:34:38+00,0
"O Hotel é bom, o problema é o atendimento.
Fiz uma reserva de um quarto para casal, (nos deram um quarto com camas de solteiro) ao chegar para o check in foi uma enrolação para atender, os dados no cadastro estavam errados (os próprios funcionários que preencheram, não é a primeira vez que nos hospedamos lá), a atendente não sabia alterar, chamou outro atendente que também não resolveu nada, perdemos muito tempo na recepção, então não tinha nem como solicitar a troca de quarto, iríamos perder mais tempo ainda, além do estresse.
O café da manhã é bom, porém os funcionários não são simpáticos, a funcionária que faz tapioca responde muito mal.
Os funcionários são muito mal treinados, não conhecem nem o hotel nem o que oferecem (dito por uma funcionária).
Deixei meu carro no estacionamento coberto, porém as 22:30 a recepcionista ligou no quarto dizendo que precisava trocar meu veículo de lugar, o veículo estava bem estacionado, o que ela queria era satisfazer a vontade de outro hóspede que queria estacionar na vaga, isso mostra o despreparo por parte da funcionária, ligar incomodando hóspede.
Se tem vaga, o veículo está bem estacionado não tem porque perturbar.
O horário de checkin nos hotéis são a partir das 14:00, mas as 10:00  duas recepcionistas já estavam atendendo um grupo, porém tive que esperar na fila para fazer o checkout, ao solicitar a outro atendente fizeram cara feia, ou seja, uma verdadeira bagunça, sem regras, sem ordem e sem noção.
Atendimento bem precário.
Decepção total.",8,2025-09-22 00:00:00+00,0
"O Hotel é bom, o problema é o atendimento.
Fiz uma reserva de um quarto para casal, (nos deram um quarto com camas de solteiro) ao chegar para o check in foi uma enrolação para atender, os dados no cadastro estavam errados (os próprios funcionários que preencheram), a atendente não sabia alterar, chamou outro atendente que também não resolveu nada, perdemos muito tempo na recepção, então não tinha nem como solicitar a troca de quarto, iríamos perder mais tempo ainda, além do estresse.
O café da manhã é bom, porém os funcionários não são simpáticos, a funcionária que faz tapioca responde muito mal.
Os funcionários são muito mal treinados, não conhecem nem o hotel nem o que oferecem (dito por uma funcionária).
Deixei meu carro no estacionamento coberto, porém as 22:30 a recepcionista ligou no quarto dizendo que precisava trocar meu veículo de lugar, o veículo estava bem estacionado, o que ela queria era satisfazer a vontade de outro hóspede que queria estacionar na vaga, isso mostra o despreparo por parte da funcionária, ligar incomodando hóspede.
Se tem vaga, o veículo está bem estacionado não tem porque perturbar.
O horário de checkin nos hotéis são a partir das 14:00, mas as 10:00  duas recepcionistas já estavam atendendo um grupo, porém tive que esperar na fila para fazer o checkout, ao solicitar a outro atendente fizeram cara feia, ou seja, uma verdadeira bagunça, sem regras, sem ordem e sem noção.
Atendimento bem precário.
Decepção total.",6,2025-09-22 00:00:00+00,0
"Para mim o hotel seria um 10, não fosse pelo problema de vazamento que tivemos no banheiro (e que já está ocorrendo há um tempo, tendo em vista o estado do batente da porta): a água escorria pelo canto direito do box e se espalhava pelo banheiro todo. Precisamos utilizar as toalhas de rosto e o tapete para secar toda a água. Reportamos o problema na recepção por duas vezes. Nos prometeram que a manutenção tentaria passar algum produto para conter o vazamento, mas sequer foram até o quarto e seguimos com este problema até o último dia de nossa estadia. 
Fora isso o hotel é excelente: cama confortavel, quarto espaçoso e bem mantido, café da manhã farto, área da piscina tranquila, funcionários da recepção e restaurante muito simpáticos. E achamos muito delicado da parte do hotel se lembrarem do aniversario do meu marido e deixaram um cupcake com vela no quarto : )",8,2025-09-22 00:00:00+00,0
" Quartos amplos, acomodação bem limpinha e organizada, hotel cheiroso, café da manha muito bom, atendimento excelente 
O secador é muito bom!  As cadeiras da piscina estão desconfortáveis",10,2025-09-22 00:05:15+00,1
" Hotel muito bom e bem localizado 
Quarto muito bom
Café da manhã maravilhoso  Muito barulho externo de carros e motos na madrugada",10,2025-09-22 00:38:51+00,1
As camareiras são muito simpática é prestativas ...,10,2025-09-22 03:32:56+00,1
No hay té negro 🫠,2,2025-09-22 11:27:34+00,0
 Tout  Les draps du lit,10,2025-09-22 11:44:05+00,1
" Lozalização, limpeza e atendimento  Elevador demorado",10,2025-09-22 17:22:56+00,1
"O Hotel é bom, o problema é o atendimento.
Fiz uma reserva de um quarto para casal, (nos deram um quarto com camas de solteiro) ao chegar para o check in foi uma enrolação para atender, os dados no cadastro estavam errados (os próprios funcionários que preencheram), a atendente não sabia alterar, chamou outro atendente que também não resolveu nada, perdemos muito tempo na recepção, então não tinha nem como solicitar a troca de quarto, iríamos perder mais tempo ainda, além do estresse.
O café da manhã é bom, porém os funcionários não são simpáticos, a funcionária que faz tapioca responde muito mal.
Os funcionários são muito mal treinados, não conhecem nem o hotel nem o que oferecem (dito por uma funcionária).
Deixei meu carro no estacionamento coberto, porém as 22:30 a recepcionista ligou no quarto dizendo que precisava trocar meu veículo de lugar, o veículo estava bem estacionado, o que ela queria era satisfazer a vontade de outro hóspede que queria estacionar na vaga, isso mostra o despreparo por parte da funcionária, ligar incomodando hóspede.
Se tem vaga, o veículo está bem estacionado não tem porque perturbar.
O horário de checkin nos hotéis são a partir das 14:00, mas as 10:00  duas recepcionistas já estavam atendendo um grupo, porém tive que esperar na fila para fazer o checkout, ao solicitar a outro atendente fizeram cara feia, ou seja, uma verdadeira bagunça, sem regras, sem ordem e sem noção.
Atendimento bem precário.
Decepção total!!",2,2025-09-22 21:34:43+00,0
"Excelente ubicación, frente a Mall y supermercados. Es un hotel maravilloso, cómodo, desayuno buffet riquísimo y contundente. Personal amable.  100% recomendable.",10,2025-09-23 00:06:39+00,1
Nota 10,10,2025-09-23 08:21:01+00,1
"Hotel bem localizado, de fácil acesso a todos os pontos turísticos. Quarto amplo e aconchegante. Ótimo atendimento da equipe.",10,2025-09-24 00:00:00+00,1
"Super bem localizado!!! Limpo e organizado. Bom café da manhã e de frente pro shopping,  fácil para qualquer emergência.",10,2025-09-24 03:30:22+00,1
" Staff very friendly and helpful.
Location.
Great breakfast.  Elevators not working and ac not working properly at event.",9,2025-09-26 02:31:43+00,0
Hotel modernizado. Variado café da manhã. Quarto amplo e confortável. E excelente localização. Enfrente ao Shopping Cataratas,10,2025-09-28 00:00:00+00,1
Foi ótimo!,10,2025-09-28 20:05:09+00,1
 La ubicación y la relación precio/calidad  N/A,8,2025-09-28 23:21:43+00,0
" Café da manhã, atendimento da recepção, possibilidade de deixar as bagagens antes do check in e após o check out, restaurante do hotel, localização",10,2025-09-29 13:20:07+00,1
" Thank you for the help with arranging Iguazu trips!
Really comfortable rooms",10,2025-09-29 15:13:00+00,1
" localização, fica frente a um grande shopping  estavam pintando o meu andar, um odor forte de tinta",5,2025-09-29 18:23:08+00,0
" Hotel muito bem localizado, quarto confortável, cama enorme, excelente chuveiro. Atendimento muito bom, desde a recepção até as camareiras.  Achei os preços do restaurante um pouco salgados...",10,2025-09-29 23:56:24+00,1
" A estadia foi maravilhosa, café da manhã farto, diversificado e muito saboroso, sempre com reposições. Hotel muito limpo, bem localizado e o atendimento muito bom.  O único inconveniente que tivemos foi que na segunda noite houve algum imprevisto com os ar condicionados do andar em que estávamos e infelizmente foi num período de muito calor, então essa noite especifica não foi agradável, mas no dia seguinte voltou a funcionar normalmente.",8,2025-09-30 20:51:52+00,0
 comodidad y  ubicación,10,2025-10-01 15:26:10+00,1
"Me pareció un hotel muy top hermoso. La recepción amable, habitación linda con buena vista desayuno muy delicioso",10,2025-10-01 19:48:09+00,1
"Elevador, poucos",8,2025-10-02 00:00:00+00,0
" Excellent location opposite to a mall, staff was friendly and helpful, breakfast was nice. Comfortable and clean rooms",10,2025-10-02 12:07:46+00,1
 Localização excelente em frente ao shopping. Café da manhã com bastante opção. Quarto de tamanho razoável.  Achei tudo ótimo.,10,2025-10-03 11:52:28+00,1
" Hermoso hotel, muy completo, muy limpio, bien ubicado frente al shopping. El desayuno exelente.",9,2025-10-04 10:15:41+00,0
 Localização.  Hotel padrão. Valor da diária alto.,8,2025-10-04 22:03:28+00,0
Hotel de primeira linha. Cáfe da manhã impecável.,10,2025-10-06 14:04:52+00,1
" As cortinas deixam o quarto bem escuro, impedindo a luz de entrar ao amanhecer.  O ar condicionado estava pingando e não conseguiu ser consertado apesar de várias intervenções da manutenção.",10,2025-10-06 21:12:00+00,1
"Excelente custo-benefício. Quarto super confortável, cama excelente, travesseiros e bem escuro. Café da manhã bom também, embora a tapioca demorou demais e tive que desistir. Também poderiam ter a opção de pedir ovos. A academia merece um reforço nos aparelhos.",10,2025-10-07 00:00:00+00,1
"Excelente qualidade, serviço e limpeza.
Atendimento impecável, serviço de quarto de qualidade.
O bar é um espaço muito agradável para relaxar.",10,2025-10-07 00:00:00+00,1
"Ponto positivo: Localização, em frente ao shopping, limpeza, quarto amplo, boa cama, boa ducha. Ar condicionado funciona bem. Secador de cabelo com bom funcionamento
Ponto negativo
O café da manhã precisa variar, passei cinco noites, e o café era, praticamente a mesma coisa. 
Funcionários do café da manhã um pouco enrolados. A funcionário da parte de tapiocas não tinha simpatia. A cozinha demora no pedido (omelete /ovos). 
Kit do banheiro (condicionador/ shampoo e sabonete fraquíssimos!
Minha nota ao hotel seria 8.",8,2025-10-08 00:00:00+00,0
"Excelente hotel. Bem localizado, limpo, confortavel. A equipe e otima, check in e check out rapidos, servico de quarto otimo. O restaurante e muito bom tambem.",10,2025-10-08 13:49:28+00,1
 Tudo nesse hotel é maravilhoso.  Tudo excelente,10,2025-10-09 00:32:56+00,1
 Tudo perfeito  Atendimento a,10,2025-10-10 12:09:53+00,1
"Hotel tem boa localização, em frente possui um shopping (só atravessar a rua). Cama confortável, boa ducha, ar condicionado muito bom. Café da manhã precisa melhorar, várias ao longo dos dias. Funcionários (principalmente, do café, precisam ser mais agradáveis).",8,2025-10-11 00:00:00+00,0
" Correspondeu às expectativas, bom café da manhã  Não dispunha de serviço de cabeleireiro no hotel nem nas proximidades",9,2025-10-11 18:54:39+00,0
"Todos os serviços que o hotel disponibiliza são impecáveis, ótima localização, pessoal bem atenciosos. Saiu tudo perfeito!!",10,2025-10-12 00:00:00+00,1
Hotel bem localizado e tranquilo! Limpo e organizado !,10,2025-10-12 00:00:00+00,1
"Estou há 6 dias hospedada neste hotel. Acabei de chegar de um dia intenso de passeios e o quarto não foi limpo. Ligamos na recepção e informaram que nós deixamos para não arrumar. Saímos do quarto 3:10 e a placa estava favor arrumar. Nos informaram que não tinha o que fazer, então mandaram apenas a reposição de toalhas.
Perguntamos para a camareira ela falou que quem limpa sai 16h e não tem o que fazer. E que hoje era substituta por isso não limparam . Resumo diária paga, banheiro sujo, cama sem troca. Somente reposição de toalhas",2,2025-10-12 01:55:57+00,0
"Excelente hotel. Limpeza, comodidade , localização , conforte e qualidade das camas e bom chuveiro. Café da manhã muito bom. Precisa somente acrescentar um omelete.",10,2025-10-13 00:00:00+00,1
Perfeito,8,2025-10-13 00:00:00+00,0
" muy lindo el hotel. preciosos los espacios comunes, piscina comedor restaurante y gym. las habitaciones muy cómodas y elegantes  las almohadas de la cama.. nada más el resto súper bien",8,2025-10-13 00:24:22+00,0
Muito bom restaurante!,10,2025-10-13 01:02:17+00,1
"O hotel fica em frente ao Shopping JL Cataratas, o que facilita muito, pois tem um mercado Mufatto dentro. 

A equipe é maravilhosa. Cama espetacular. As tolhas e lençóis de ótima qualidade. Kit beleza ajudou muito. Limpeza impecável do quarto. Ar condicionado ótimo. Cortinas blackout ótima. Janelas anti ruídos funcionam perfeitamente. Nada a reclamar do quarto.

Café da manhã excelente, exceto os bolos que estavam muito secos (parecia amanhecidos) e um de cenoura estava estragado (com fios ao cortar).  
O bolo de coco (parecia um gelado com coco em cima) estava maravilhoso todos os dias e fresquinho.
O mamão para facilitar poderia tirar as sementes e casca, pois vi muitas pessoas com dificuldade e até caindo o mamão do prato ao tentar tirar a casca.

Reclamação: No apto 912 e 918 o secador de cabelo se usado mais de 2 minutos tem superaquecimento e para de funcionar  o que atrapalha, pois demora muito para voltar e secar o cabelo demora-se mais de 30 minutos, além do medo do superaquecimento. 

No apto 918 no box teve vazamento e ao tomar banho a parte lateral fica cheia de água e tive que usar o tapete de chão para secar.",10,2025-10-14 00:00:00+00,1
"Hotel muito bem localizado, em frente a um shopping. Equipe muito educada e prestativa! Café da manhã muito bom com várias opções, inclusive tapioca feita na hora!",10,2025-10-14 00:00:00+00,1
"Fiz reserva pelo AGODA, sem opção de selecionar quarto casal/duplo. Chegando com minha esposa, mesmo vendo que era um casal, o recepcionista ELISEU nos colocou em quarto com duas camas de solteiro. Assim que entrei no quarto solicitei a troca, fui mal atendido e ele limitou-se a dizer que a camareira juntaria as duas camas.",6,2025-10-14 00:00:00+00,0
"Conforto da cama precisa melhorar, faltam mais opções salgadas no café da manhã. Não há serviço de cabeleireiro no hotel nem nas proximidades. No mais estava muito bom.",8,2025-10-14 00:00:00+00,0
Hotel bem localizado é bom boa infra estrutura.,10,2025-10-15 00:00:00+00,1
Recomendo muito o hotel! Localização excelente,10,2025-10-15 00:00:00+00,1
"Estadia excelente. Hotel confortável, bem localizado, café da manhã caprichado.",10,2025-10-15 00:00:00+00,1
" The bed, the shower, the breakfast, the staff, all amazing.",10,2025-10-15 00:20:21+00,1
"Decepcionante. Dei uma estrela pelo ótimo serviço das camareiras, pois os outros setores são totalmente despreparados. A começar pelo atendimento robotizado da recepçao, onde NINGUEM sabe esclarecer uma dúvida e a simpatia é inexistente. O restaurante é lindo, apenas. Café da manhã mais bagunçado que já vi na minha vida. Fui pedir uma informação sobre omelete a um senhor que fica na entrada do restaurante, que acredito que seja um gerente e ele mal terminou de ouvir minha pergunta e apenas respondeu rispidamente: ""Omelete é com o garçom"". Pois bem, fui perguntar a uma garçonete que estava passando e ela me respondeu dizendo que iria chamar um garçom da casa para me atender. Fiquei sem entender nada. Por sorte, bem na hora uma cozinheira chamada Márcia, se não me engano, viu o que houve e me esclareceu a dúvida com muita educaçao e atençao. Em um outro dia, também no café da manhã, chegamos e este mesmo senhor estava com mais duas funcionárias, uma também de terno e outra que não sei o que é falando mal de um hóspede que havia deixado um pedaço de tapioca na mesa e o chamaram até de folgado. Não sei quem toma conta deste hotel mas o restaurante é um circo para os funcionários. Nunca mais piso aí e não recomendo a ninguém.",2,2025-10-15 13:11:12+00,0
"El hotel es precioso, tiene un muy buen ambiente y espacios de relax para descansar. Tuvimos un servicio a la habitación espectacular, siempre encontrábamos limpia la habitación y muy atento todo el personal, reponiendo casa producto consumido. Por otro lado el desayuno es exquisito con opciones para todos los gustos. Sin dudas, un lugar espectacular para conocer Foz de Iguacu dado que tiene todo cerca y hasta un shopping en frente al hotel. La única crítica que le haría es que las habitaciones son un poco chicas. Volvería.",10,2025-10-15 17:31:14+00,1
 ショピング前にあり便利であった。  クーラは故障のままであり、洗面所備品の補充忘れ？？,7,2025-10-15 18:16:18+00,0
"Gostei do hotel!!! Na  verdade gosto e confio na administração das redes Bourbon. Hotel e limpo e agradável...café da manhã não  tem muita variedade mas tudo e gostoso!!! Passei o fim de semana e uma arrumadeira que arrumou meu quarto 807 no domingo do dia 16/06 realmente fez ótimo trabalho... alem de limpo deixou tudo arrumado. Ela esta de parabéns!!!! Eu recomendo esse hotel...
Obs. So uma sugestão... no café da manhã de sabado tinha opção de um suco detox sem açúcar...mas outros dias todos sucos estavam adoçados..seria bom deixar uma opção de suco sem açúcar p aqueles que não costumam tomar sucos com açúcar...😊
Dia 15-19/ 3/2022
Gostaria de agradecer, a moça do restaurante pelo ótimo atendimento! Nome dela é a Val.",8,2025-10-16 05:28:41+00,0
" Excelente café da manhã. Comemoramos aniversário de casados e eles fizeram uma decoração especial no quarto. Muito legal!  Poderia ter uma chaleira elétrica no quarto. Na propagando do elevador tem roupão, mas nos quartos não tem.",8,2025-10-16 21:26:29+00,0
"Hotel ótimo !!!!  Mto bem localizado!!
Estou hospedada neste hotel, ótima  localização,  em frente a um shopping,  café da manhã  excelente,  quarto bem cuidado, roupas de cama e banho em bom estado, ducha no banheiro mto boa, reservei o quarto que nao fica de frente para avenida, sendo assim é  mto silencioso a noite.
Funcionários  mto bem preparados para receber os hóspedes, mto educados e gentis. Tem restaurante  e.room service.",10,2025-10-17 00:00:00+00,1
이과수 근처 호텔 중 최고였습니다. 위치도 쇼핑몰 앞이어서 너무 좋았고 객실도 넓고 깔끔했습니다. 무엇보다 화장실의 샤워기의 수압이 너무 마음에 들었어요! 하지만 이 호텔의 자랑은 조식입니다. 직원들의 서비스도 너무 좋았고 떨어지면 음식을 매번 채워줬습니다. 특히 음식의 종류가 다양했는데 맛도 있어서 너무 좋았어요!,10,2025-10-19 00:00:00+00,1
" Hotel impecável. Atendimento excelente. Localização do hotel foi um diferencial. Muito próximo dos principais pontos turísticos. De frente ao shopping Cataratas, onde se tem muitas opções de restaurantes, farmácia e supermercado. A estrutura do hotel é excelente. Café da manhã farto e de excelente qualidade. Destaco a limpeza e organização. Comida do restaurante nota 10",10,2025-10-19 00:04:21+00,1
" Acolhimento, limpeza e organização.  Academia poderia melhorar!!",10,2025-10-19 02:46:25+00,1
"Sabores que Encantam

Uma experiência gastronômica no JL Bourbon, em Foz do Iguaçu

Acolhimento e excelência

Hospedar-se no JL Bourbon Hotel, em Foz do Iguaçu, é vivenciar a verdadeira arte de bem servir. Desde o momento da chegada, cada gesto revela profissionalismo e cortesia: da recepção sempre solícita à equipe de limpeza, que demonstra um cuidado ímpar com o bem-estar dos hóspedes.

A atmosfera do hotel combina conforto contemporâneo com hospitalidade genuína — aquela que se percebe nos detalhes, no sorriso e na atenção silenciosa que antecipa as necessidades do visitante.
Um incidente sem culpa

Durante o café da manhã, houve um único contratempo, citado aqui apenas pela fidelidade do relato.

Ao atravessar a porta de folha dupla que separa a cozinha do salão principal, uma colaboradora saiu apressadamente da área de preparo, sem perceber que eu vinha em sentido oposto. A porta abriu-se de forma brusca, atingindo diretamente a bandeja que eu carregava — com café, sucos e alguns alimentos.

O impacto fez com que líquidos e gordura se espalhasse pelo chão e sobre minha camiseta, inutilizando-a.

Apesar do desconforto momentâneo, é justo ressaltar que o episódio ocorreu **sem qualquer intenção ou descuido proposital. Foi, claramente, um incidente isolado em meio a uma equipe de extrema dedicação e gentileza.

Sabores inesquecíveis
E eu um bom colunista que sou, não poderia deixar de compartilhar.
No campo gastronômico, a experiência foi extraordinária. A pizza solicitada via serviço de quarto revelou-se uma verdadeira explosão de sabores: massa leve e perfeitamente assada, ingredientes em harmonia e um equilíbrio que traduz técnica e amor pela culinária.

Cada pedaço remetia à tradição italiana da “La Vera Napolitana”, em uma execução que poderia figurar, sem receio, entre as melhores pizzarias do país.

Um pequeno ajuste — talvez um molho preparado com tomates italianos frescos batidos com um toque de água e não utilizar o mesmo molho de massas que são servidas no hotel e azeitonas que não podem faltam em cima de uma bela pizza.

Mesmo assim, a pizza do JL Bourbon já merece o título de “a melhor de Foz do Iguaçu”, pela harmonia, pelo equilíbrio e, sobretudo, pela emoção que desperta em cada garfada.

O toque humano

Entre as delícias do café da manhã, destaca-se a figura encantadora da Dona Raimunda, responsável por uma tapioca absolutamente perfeita — idêntica à nordestina tradicional.

Sua delicadeza no preparo e o sorriso acolhedor transformam o momento em algo mais do que uma refeição: uma experiência humana e afetiva, que reforça o espírito acolhedor do hotel.

Conclusão

O  JL Bourbon Hotel oferece muito mais do que hospedagem: é uma celebração ao paladar, à hospitalidade e ao cuidado com cada detalhe.

Em breve, trarei em minha coluna semanal mais detalhes dessas divinas experiências gastronômicas, que merecem ser compartilhadas com todos que apreciam o prazer de comer bem.",10,2025-10-19 16:29:47+00,1
"Ótimo atendimento.
O hotel é excelente, tem academia e piscina.
O café a manhã é impecável,  com muita variedade.",10,2025-10-19 17:37:08+00,1
"En general bueno, central, sólo que por ser tan céntrico es muy ruidoso, difícil dormir bien, además el aseo lo hacen tardísimo, podíamos llegar a las 17 horas y aún no estaba hecho",8,2025-10-21 00:00:00+00,0
"Excelente! Limpeza, conforto e gentileza dos funcionários! Super recomendo!",10,2025-10-21 00:00:00+00,1
 Localização 10!  Gostei de tudo!,10,2025-10-21 23:09:50+00,1
Excelente ubicación,10,2025-10-22 00:00:00+00,1
" Café da manhã, funcionários educados e muito prestativo, cama super confortável e um perfume muito agradável nas áreas comuns.
O hotel mais cheiroso do mundo!  O barulho dos carros na avenida e o som de um senhor que tocava música nos arredores.",10,2025-10-22 02:21:30+00,1
"Não é o melhor hotel que já fui, mas é um dos melhores sem duvidas!",10,2025-10-22 11:55:46+00,1
" Modern, super Personal und Service, riesige Frühstücks-Auswahl",10,2025-10-23 09:29:00+00,1
"Excepcional hotel. No es la primera vez que me hospedo pero solo tengo alabanzas por su calidad, atenciòn, calidad de colchones, sábanas y toallas, como didad y un desayuno excepcional. Dos subsuelos de cocheras y valet parking y arriba, al frente del shopping JL Cataratas.- Lo super recomiendo.- Es mi casa fuera de mi casa.-",10,2025-10-24 00:00:00+00,1
"Experiência fantástica, provei do que há de melhor de acolhimento pelos colaboradores, melhores aromas e sabores!Desfrutei de localização privilegiada,e de ducha relaxante e cama confortável!",10,2025-10-24 00:00:00+00,1
" מלון מודרני גדול שרות טוב
ארוחת בוקר טוב, צמוד לקניון גדול",9,2025-10-24 19:49:25+00,0
" Tudo muito bom, já tinha me hospedado antes, porém a unica coisa que desta vez não foi legal, e o café era muito ralo, sem cafeteira nespresso. Como sou viciada, acabei ficando na vontade. Mas de resto tudo muito bom",9,2025-10-24 23:54:44+00,0
"O serviço só decai. Já fiquei hospedado aqui diversas outras vezes e a história vem se repetindo. Café da manhã de X a Y horário, porém sempre tem algum empecilho para estar com o café da manhã completo as 6h, que enfatizam no momento do check in. Solicitei por um gerente, mas ainda tiveram a audácia de me informar que nos finais de semana, nenhum gerente trabalha. Sempre falta algo, sempre tem que aguardar algum itens. E sempre com alguma desculpa aleatória que já se repetiu em últimas hospedagens aqui.
Se você tem compromisso, e depende do café da manhã cedo, como oferecem, NÃO se hóspede neste hotel.
Você procura se hospedar em um hotel de renome, porém é só isso mesmo, outro hotel comum com um serviço comum.",2,2025-10-26 09:30:54+00,0
"Das Hotel liegt sehr verkehrsgünstig in der Stadt und gegenüber von einem großen Shopping Center. Die Zimmer sind angenehm groß, wie auch das Bett. Das Frühstück ist auf   die Bedürfnisse der Brasilianer ausgerichtet. Leider war die Klimaanlage im Zimmer durch ständige Guckergeräusche nervig, aberwohl sie schon seit Stunden aus war.",8,2025-10-26 15:21:02+00,0
" Da limpeza, organização e tratamento com os hóspedes.  Tudo foi bom!",10,2025-10-27 18:41:35+00,1
 Café da manhã excepcional  Quarto extremamente apertado para comportar 3 camas de solteiro,8,2025-10-27 19:26:00+00,0
" Otima localização, quartos bons, café da manhã excelente  Nada",10,2025-10-28 18:19:24+00,1
 Tudo muito limpo,10,2025-10-29 06:03:25+00,1
" Nos gustó el desayuno, el tamaño de la habitación, la limpieza y el trato del personal.  Los colchones de la cama matrimonial estaban separados y la habitación es antigua, así como el mobiliario, ropa de cama y toallas.",8,2025-10-29 12:30:34+00,0
" o hotel é excelente e o atendimento muito bom  ja fiquei la outras vezes e desta vez estava bem mais caro que que ja havia pago , não sei se foi pela data",10,2025-10-29 19:40:13+00,1
" Os funcionários são prestativos e cordiais.  O banheiro estava com vazamento no Box, o banheiro alagava, precisava colocar tapetes para conter, e esse vazamento já estava invadindo o quarto, o revestimento estava todo inflado. A manutenção até tentou reparar, mas sem sucesso. Este quarto (704) deveria estar fechado, muito desconfortável ficar em um quarto assim. Inadmissível.",7,2025-10-30 14:09:00+00,0
"Hotel excelente! Bom atendimento, localização excelente, perto de vários bares, restaurantes, farmácias e tudo mais, sem contar que fica bem de frente para o shopping. O café da manhã é muito bom, muitas opções e tudo fresco. Voltando para Foz, ficarei no JL novamente, com certeza.",10,2025-10-30 17:46:40+00,1
"Excelente hotel!
Quarto extremamente limpo. Equipe sensacional. Recomendo o JL HOTEL BY BOURBON em Foz do Iguaçu!",10,2025-10-31 00:00:00+00,1
 Higiene  Gostei de tudo,10,2025-10-31 23:46:33+00,1
" A localização é muito boa. Os funcionários atenciosos.  O banheiro alagava quando tomávamos banho, um horror. Comuniquei ao hotel e só nos enrolaram...achei um absurdo um banheiro naquele estado.",7,2025-11-01 00:39:02+00,0
"Maravilhoso hotel, limpooo, amplo, organizado. Equipe maravilhosa: vale cada centano. Melhor cafe de foz, disparado",10,2025-11-02 00:00:00+00,1
"Hotel maravilhoso, fiquei em diversos ja em Foz, mas igual a esse, excelente. Café da manhã SENSACIONAL.",10,2025-11-02 00:00:00+00,1
"Tudo certo, hotel bem localizado, funcionários amigáveis, quarto com bom custo/ benefício.",8,2025-11-02 00:00:00+00,0
"Atenção e cortesia na chegada dos hóspedes. Chegamos as 2 horas da manhã sob chuva forte. Exceto o atendente da recepção ao fazer o cadastro, não houve a mínima atenção para retirarmos as bagagens do carro, subir as escadas da entrada, e levar para o quarto. 3 estrelas deve-se ao atendente do cadastro.",6,2025-11-02 00:00:00+00,0
" Cama grande e quarto espaçoso.  Travesseiros ruins e almofadas enormes, pouco confortáveis.",8,2025-11-02 12:58:24+00,0
" Excelente localização, com quartos confortáveis, funcionários atenciosos, café da manha completa, limpeza diária muito bem feita, Netflix na tv do quarto.  Nada a destacar.",8,2025-11-02 22:30:34+00,0
"Tive uma ótima experiência. Hotel muito bom: elegante, bem localizado e confortável. Funcionários muito cordiais, atendimento eficaz. O café da manhã é excelente.",8,2025-11-03 00:00:00+00,0
"Hotel excelente. Localização, atendimento, serviços e acomodação impecáveis. Desde o check in até o check out super recomendo.",10,2025-11-03 00:00:00+00,1
 Gostei de tudo. O shopping bem em frente é bem prático. Funcionários bem educados e gentis. Bom café da manhã e bom restaurante.  Foi tudo bem.,10,2025-11-03 10:23:32+00,1
 Gostei de quase tudo.  Banheiro sem ventilação e travesseiros muito altos.,9,2025-11-03 16:05:14+00,0
 Espaçosa e limpa  No hall dos elevadores o hotel colocou um spray com um cheirinho muito forte. Algumas pessoas têm sensibilidade a perfumes fortes.,8,2025-11-03 18:44:19+00,0
"Quarto bom limpo , silêncio ,",8,2025-11-04 00:00:00+00,0
"tudo muito bom, equipe atenciosa",10,2025-11-04 00:00:00+00,1
"Excelente em todos os aspectos. Café da manhã espetacular, quarto amplo e funcional, funcionários cordiais, recepção educada, recomendo.",10,2025-11-05 00:00:00+00,1
" Well organized reception, fast and exelent service and good quality of breakfast.  Nothing",10,2025-11-05 12:25:46+00,1
Very good,10,2025-11-07 00:00:00+00,1
 Tudo especialmente o café da manhã  Nada,10,2025-11-07 11:11:25+00,1
Boa localização. Shopping JL fica em frente ao hotel.,8,2025-11-07 19:57:57+00,0
 De tudo  Tudo perfeito,10,2025-11-09 01:00:52+00,1
"Experiência muito agradável! Os funcionários são muito simpáticos, o café da manhã é excelente, o quarto apesar de pequeno é super funcional e bem aproveitado, pessoal da limpeza é excelente e super ágeis.

Apenas não dei 5 estrelas devido ao ar condicionado do quarto estar realmente muito barulhento e com sinais de defeito. (Quarto 516).

Apesar desse pequeno problema a experiência no geral foi muito positiva. Uma ótima opção para quem busca aproveitar Foz do Iguaçu em uma região bem localizada.

O shopping center logo na frente do hotel é um grande diferencial! As 3 vezes que estive em Foz do Iguaçu, shoppings sempre foram necessários para saque de dinheiro, casas de câmbio e alimentação. Dessa forma o JL se destaca muito!",8,2025-11-09 01:52:40+00,0
 Very comfortable and clean room. Conveniently located right next to a mall so we could go shopping and have dinner in one of the restaurants. Breakfast was excellent.  Nothing to comment,9,2025-11-09 03:10:45+00,0
 La chambre le personnel le petit déjeuner et le rapport qualité prix.  Le restaurant n était vraiment pas bon,9,2025-11-09 19:39:20+00,0
"Localização: Boa, em frente ao shopping
Café da manhã: acima da média
Funcionários: nada a reclamar
Quarto: O Esperado
Quarto premium: Nada demais, cobram bem a mais por por coisa, não compensa
Wi-fi: vergonhoso, praticamente não há internet, precisei ir ao Ibis Budget ao lado, no qual estava meu cunhado para poder configurar o celular novo.",6,2025-11-10 00:00:00+00,0
"Quartos grandes e confortáveis, excelente limpeza e pessoas atenciosas. Hotel muito bem localizado, perto de tudo!",10,2025-11-10 00:00:00+00,1
Comodidades e shopping em frente,10,2025-11-10 00:00:00+00,1
"Localização: Boa, em frente ao shopping
Café da manhã: acima da média
Funcionários: nada a reclamar
Quarto: O Esperado
Quarto premium: Nada demais, cobram bem a mais por por coisa, não compensa
Wi-fi: vergonhoso, praticamente não há internet, precisei ir ao Ibis Budget ao lado, no qual estava meu cunhado para poder configurar o celular novo.",6,2025-11-10 00:00:00+00,0
"Localização: Boa, em frente ao shopping
Café da manhã: acima da média
Funcionários: nada a reclamar
Quarto: O Esperado
Quarto premium: Nada demais, cobram bem a mais por por coisa, não compensa
Wi-fi: vergonhoso, praticamente não há internet, precisei ir ao Ibis Budget ao lado, no qual estava meu cunhado para poder configurar o celular novo.",6,2025-11-10 00:00:00+00,0
"Me hospedei nesse hotel porque disseram que era muito bom (não excelente). Mas fiquei muito decepcionada, pois não é nem excelente e nem bom, é bem razoável!! A cama é ruim, já está bem mole. As toalhas parecem lixa, o atendimento em geral é ruim da recepção parte da noite! O ar estava pingando e liguei informando e ao invés da recepção perguntar se eu preferia mudar de quarto, disse que iria chamar a manutenção, isso 22 horas da noite. E a manutenção demorou mais de 20 minutos e não subiu e tive que reclamar novamente. Eu estava super cansada e queria dormir! A recepção parece bacana e tal, o restaurante é muito bom, mas o quarto, o banheiro são bem razoáveis mesmo",4,2025-11-10 01:25:37+00,0
" ÓTIMAS INSTALAÇÕES. 
CAFÉ DA MANHÃ EXCELENTE. 
LOCALIZAÇÃO EM FRENTE AO SHOPPING CATARATAS.",10,2025-11-10 12:40:05+00,1
" Toalhas
Quarto
Cofre  Demora no Check in",7,2025-11-10 12:54:15+00,0
" Muito bom, quarto cheiroso, cama grande, espaço bom de quarto e banheiro",10,2025-11-10 13:58:37+00,1
 sim  ar condicionado estragado e demoraram 2 dias para consertar,8,2025-11-10 18:04:32+00,0
" O hotel é de frente para um shopping o que facilita muito. O quarto é limpo e espaçoso.
Tivemos alguns problemas com a chave de acesso ao quarto, mas que foi resolvido com facilidade. 
O café da manhã é bom. Cumpre o que promete.",10,2025-11-12 00:26:39+00,1
 Excelência em atendimento e atendeu minhas expectativas.,10,2025-11-13 19:12:44+00,1
" De tudo, exceto o café da manhã.  Café da manhã, em todos os dias, foram servidos ""de novo"" os mesmos pães de forma já cortados anteriormente e, por esta razão, estavam TODOS absolutamente secos e com a casca enrijecida. Outros pães inclusive o francês era duro. Não haviam pães macios ou com a crocância de pães frescos. Com certeza é necessário trocar a panificadora que os fornece e melhor conservar aqueles que podem ser reservidos. O bolo de chocolate também estava com um sabor bem enjoativo. Não foram servido salames. Faltou mamão em um dos dias. Acredito que o café da manhã seja um serviço essencial para a satisfação do cliente e infelizmente foi o pior café da manhã que tomei em hotéis, nos últimos tempos. Reclamei disso no check out na recepção e espero que dêem a devida atenção. Como disse anteriormente, em relação aos outros serviços do hotel, ocorreu tudo bem.",8,2025-11-14 00:35:45+00,0
"Já fiquei 2 X neste hotel. Super recomendo. Ótimo atendimento, excelente café da manhã. Funcionários altamente qualificados.",10,2025-11-15 23:01:46+00,1
Hotel confortável e muito bem localizado,10,2025-11-16 00:00:00+00,1
Show de bola. Quarto grande,10,2025-11-17 00:00:00+00,1
"O hotel é um luxo. Perto de tudo, tem um shopping em frente COMPLETO. Silencioso, confortável, limpo etc. Café da manhã completo, com variações diárias.",10,2025-11-17 00:00:00+00,1
" Localização muito boa. Permite saída facil para vários pontos da cidade. Fica em frente a um shopping center da rede, que permite acesso a lojas, restaurantes e até um supermercado. As acomodações são amplas e confortáveis.  A limpeza e a roupa de cama deixam um pouco desejar.",9,2025-11-17 10:24:37+00,0
" Me quede dos dias en el hotel, en la limpieza del primer dia no se repuso agua en el frigobar, me fui a un evento y volvimos a las 3 AM, solicite agua en la recepcion y no tenian para atender, este punto deberian mejorar",10,2025-11-17 11:30:32+00,1
" Ótima localização, maravilhoso café da manhã  Nada a declarar",10,2025-11-17 12:12:40+00,1
" Increíble  Todo en general
Hermoso",10,2025-11-17 15:29:56+00,1
" Atendimento da equipe foi maravilhoso, pessoas educadas e prestativas.",10,2025-11-17 18:08:12+00,1
" A localização é muito boa, em frente ao Shopping JL; o quarto é grande - fiquei no ap 1019, no último andar - possui cama confortavel, tamanho queen size, piso de madeira, banheiro amplo e tem frigobar no quarto. Café da manhã com muitas opções de pães, bolos, sucos e, até de comidinhas. Na recepção há um guichê de uma agência de viagem, para quem deseja contratar os passeios.  Por ser um hotel grande, recebe muitas excursões, o que deixa o ambiente do café da manhã um pouco tumultuado. Mas o atendimento da equipe do salão, resolve tudo muito rápido.",10,2025-11-17 19:28:59+00,1
"Tudo que se espera de um hotel, atendimento ágil, tecnologia excelente, colaboradores muito bem preparados, trabalham com determinação",10,2025-11-18 00:00:00+00,1
"Bom dia! Hotel muito bom, limpo, localizacão excelente. Café da manhã maravilhoso, um destaque para a pessoa que faz tapioca, pois além de muito bem feita, tem um atendimento excelente. Em geral tudo ótimo!",10,2025-11-18 00:00:00+00,1
"Impecable atención, limpieza y servicios. Muy recomendable. El desayuno buffet con mucha variedad y calidad. Buena ubicación",10,2025-11-18 00:00:00+00,1
"Com exceção da seleção de frutas no café, que não estavam saborosas, por estarem ainda verdes. Todo o restante excelente!",10,2025-11-18 00:00:00+00,1
"Todo impecable, desayuno fabuloso.  atención amable de cada colaborador, sector seguro para caminar y comprar. Lo recomiendo.",10,2025-11-18 00:00:00+00,1
 Ambiente muito confortável e bonito. Limpeza impecável e atendimento bem cordial.  Café da manhã poderia ser melhor,8,2025-11-18 11:54:08+00,0
Hotel muito bom! Cumpre exatamente o que promete. Funcionários extremamente atenciosos e solicitos. Super recomendo!,10,2025-11-19 00:00:00+00,1
"Reservei um quarto com uns 4 meses ou mais de antecedência da viajem. Chegando no hotel, um funcionário informou ao outro que tínhamos 4 diárias confirmadas porém não constava nenhum quarto disponível no sistema para ele. Esse outro funcionário verificou por um tempo e informou um numero de quarto do qual fomos direcionados. 
Chegando ao quarto, percebemos que não era uma cama de casal e sim dois colchoes de solteiro juntados na camas e forrados como se fosse uma cama grande. No dia seguinte, informamos a camareira sobre isso, e ela prontamente nos ofereceu uma mudança de quarto. Muito eficiente e proativa por sinal, nome Maria.  Porém optamos por não mudar visto que já tínhamos organizado nossas coisas no quarto. 
No segundo dia de estadia parece que um dos chefes dos colaboradores estava pegando alguns nomes aleatoriamente na porta do café da manhã para conferir os quartos. Achei muito deselegante, visto que essa verificação foi feita somente com alguns e não com todos. Acho que deve ser aqueles que ele julga ser um possível ""intruso"" no hotel. Ou, talvez seja para que não tenha risco do hóspede tomar café da manhã 2x, não sei. Mas acho que ética profissional deveria impedir esse procedimento. Isso só vi acontecer em hotel abaixo de 3 estrelas onde já não esperamos muito do atendimento.
Um dos dias, nosso quarto foi arrumado sem que colocássemos a placa de ""por favor, arrume o quarto"". Chegamos e estava sendo feito o serviço. 
No ultimo dia de estadia, fomos num passeio e chegamos 1 hora antes do check out, porém nossos cartões já estavam bloqueados gerando um constrangimento totalmente desnecessário. Conversando com o Uber na volta, parece que alguns hóspedes já reclamaram desse hotel por questão de atendimento. Ele disse que é um hotel novo, cerca de 3 anos e estão se adaptando ainda. 
O hotel é bonito, tem um bom café da manhã. Mas falta muito, muito preparo e treinamento dos colaboradores referente a atendimento. O ar condicionado do quarto também é desligado durante a madrugada e você acorda suando e ele não gela, somente sai vento e faz muito barulho. Falta também um bebedouro de água na academia que é o mínimo. 
Não nos ajudaram com as malas. Não me importei visto que nós conseguimos tranquilamente fazer isso. Mas acho que faltou proatividade nessa questão.",6,2025-11-19 00:00:00+00,0
" Atendimento objetivo, cordial e gentil. Localização muito boa, conforto do quarto, estrutura do hotel, café da manhã bom.  roupas de cama já muito usadas, limpeza do quarto poderia ser melhor, ar condicionado precisando de reparos",9,2025-11-21 17:58:04+00,0
"The hotel is clean but the restaurant we didn't able to order a la carte. We stayed in room 1008 the period 22 -25 November. Even they have restaurant, the dinner is only buffet, the same food as in the breakfast- butter, cheese, ham, many sweetes, a lot of fruits. A few warm dishes. I wanted to eat a beef grill, but was possible only in the room. Imagine, the room has a single chair, we were 2 persons - so we needed to eat in bed! The person who was in charge told us because the hotel is full, they cannot offer a la carte. He was rude told us "" go to eat in other places"".",6,2025-11-24 00:00:00+00,0
 Adoramos a praticidade na entrada e a estrutura do restaurante e da piscina. Os quartos são bons e de tamanho razoável.  Assim que realizado o check out fomos automaticamente retirados da rede de conectividade (internet) do hotel. Apesar de ficarmos na estrutura do hote para podermos fazer uso do restaurante para o almoço.,10,2025-11-24 21:34:07+00,1
"O Hotel JL está bem localizado, equipe cordial, acomodações limpas, café da manhã com bastante variedade. A estação de tapioca e omeletes é uma delicia e a atendente muito prestativa.",10,2025-11-25 00:00:00+00,1
" El loby, pileta y gimnasio  Piezas chicas, y el personal solo entendía portugués",8,2025-11-25 14:39:13+00,0
Buenísimo,10,2025-11-25 19:22:30+00,1
"A diferença de preço de uma semana para outra , era gritante 
Um deslize grande foi que deixaram a porta aberta do meu quarto acho que depois da limpeza e qualquer pessoa poderia ter entrado",10,2025-11-26 00:00:00+00,1
"Otimo atendimento.   Recepção Bonita.   Quartos espaçosos, limpos, cama enorme,  bons travesseiros, toalhas e roupas de cama. Limpo.
Café da  manhã, é bom, mas pelo valor da diária do hotel, poderia ser um pouco melhor. Nota 8.",10,2025-11-26 00:00:00+00,1
"Hotel excelente, funcionários muito prestativos e gentis, tudo limpo e muito cheiroso. Um parabéns especial para o chef do restaurante, tudo que pedimos estava delicioso.",10,2025-11-26 00:00:00+00,1
"Impecable. Las habitaciones son muy comodas y espaciosas. Tambien son luminosas con lo buneo de que tienen un buen sistema de black out que permite oscurecer la habitacion totalmente.
El servicio de desayuno es muy variado (solo mejoraria la calidad del cafe).
Tambien destaco el sector de pileta (hermosa pileta y a una temperatura ideal, de hecho la mantienen con agua caliente para que sea mas agradable. y muy bueno el servicio de bar) .
El servicio de room service es muy bueno.
 Un parrafo aparte para el restaurante del hotel. Todo lo que comimos fue una delicia. La atención de la gente del restaurante fue increible.
El personal es muy atento, muy agradable. SI bien hablo portugues siempre me hablaron en español para hacerme sentir comodo. 
Otro dato, está cerca de Cataratas (lado Brasil, obviamente) y frente a un Shopping muy lindo. Por si alguien necesita algo extra el shopping tiene debajo un supermercado muy bueno.
Es la segunda vez que los visitamos y vamos a volver una tercera sin dudas.",10,2025-11-26 00:00:00+00,1
 Современный отель. Неплохой бассейн на открытом воздухе посреди города.  С сантехникой проблемы. В ресторане жирное ризотто.,8,2025-11-26 11:03:19+00,0
"Impecable. Las habitaciones son muy comodas y espaciosas. Tambien son luminosas con lo buneo de que tienen un buen sistema de black out que permite oscurecer la habitacion totalmente.
El servicio de desayuno es muy variado (solo mejoraria la calidad del cafe).
Tambien destaco el sector de pileta (hermosa pileta y a una temperatura ideal, de hecho la mantienen con agua caliente para que sea mas agradable. y muy bueno el servicio de bar) .
El servicio de room service es muy bueno.
Un parrafo aparte para el restaurante del hotel. Todo lo que comimos fue una delicia. La atención de la gente del restaurante fue increible.
El personal es muy atento, muy agradable. SI bien hablo portugues siempre me hablaron en español para hacerme sentir comodo.
Otro dato, está cerca de Cataratas (lado Brasil, obviamente) y frente a un Shopping muy lindo. Por si alguien necesita algo extra el shopping tiene debajo un supermercado muy bueno.
Es la segunda vez que los visitamos y vamos a volver una tercera sin dudas.",10,2025-11-26 19:33:11+00,1
" Cama confortável, quarto espaçoso, banheiro ótimo. Café da manhã diversificado",9,2025-11-26 20:15:22+00,0
"Excelente, funcionários prestativos e educados. Decoração elegante e moderna, quartos amplos. 
Cama, roupas de cama/banho de boa qualidade.",10,2025-11-27 00:00:00+00,1
 Dicht bij eetgelegenheden,10,2025-11-28 10:45:08+00,1
" Staff, breakfast",4,2025-11-29 00:12:16+00,0
 Excelente hotel muy recomendable,10,2025-11-29 08:48:41+00,1
 Ótimo hotel. Na frente do shopping JL. Quartos amplos. Café da manhã muito bom.  Nada.,8,2025-11-29 11:07:03+00,0
"Hotel muito bem cuidado, quartos confortáveis com cama King e frigobar.
Café da manhã com bastante variedade servido a partir das 6h.
Recepção atenciosa e todo o staff muito gentil e prestativo.",10,2025-11-30 01:17:42+00,1
"The worst hotel i saw - there are problems with internet. The ""pool"" - it is a kidd's puddle.  The bidet handle is combined with the towel rack – it's dirty and doesn't work. The furniture is stained. The decor is worn.",4,2025-11-30 01:31:41+00,0
"Tudo ótimo, fomos muito bem atendidos.
Quarto excelente, serviço excelente e restaurante excelente!
Apenas um pequeno comentário o qual não demeritei o hotel, o café da manhã possui uma variedade incrível, porém alguns itens às vezes não são de boa qualidade.",10,2025-12-01 22:11:22+00,1
 Tudo. Perfeito,10,2025-12-03 00:09:03+00,1
" Delicioso café da manhã  Não funcionou internet, o trabalho era impossível",6,2025-12-03 00:38:53+00,0
" Café da manhã maravilhoso,  ótima localização e instalações impecaveis  De nada",10,2025-12-03 02:11:32+00,1
"Molt bona estada. Habitació molt ample i còmode. Bon esmorzar.
La piscina estava molt be.
Just davant hi ha un centre comercial amb diferents restaurants per sopar i botigues.",10,2025-12-04 12:56:34+00,1
O café da manhã poderia ser melhor! O restante está tudo certo.,8,2025-12-04 17:49:27+00,0
"Ótimo hotel! Localização boa, em frente a um shopping, estrutura bem bonita, piscina ok, café da manhã gostoso, quarto super confortável e silencioso (apesar de estar numa avenida)!  Cama bem gostosa! Adorei a estadia!",10,2025-12-05 00:00:00+00,1
" De locatie is goed: een ideale uitvalsbasis voor de watervallen, en het winkelcentrum tegenover het hotel maakt het makkelijk om te eten en alles te halen wat je nodig hebt.  Het personeel was niet vriendelijk. Bij het inchecken zei de medewerker niet eens hallo en werd niets uitgelegd over het verblijf. Zelfs toen wij zelf “olá, bom dia” zeiden, kregen we geen reactie. Hij pakte onze paspoorten, zette de pinautomaat neer en gaf onze paspoorten terug zonder één woord te zeggen. Dit hebben we nog nooit meegemaakt. Ook met een taalbarrière had een simpele begroeting of glimlach prima geweest, maar nu kwam er helemaal niets. Dat voelde onprofessioneel en onwelkom. Daarnaast waren de toiletten op de begane grond erg vies. Het hotel zelf is gedateerd en de liften zijn erg traag; soms stonden we bijna 10 minuten te wachten.",7,2025-12-05 12:28:15+00,0
 早餐，卫生  无,9,2025-12-05 19:53:23+00,0
"The JL Hotel by Bourbon is an excellent choice. The location is truly exceptional, situated directly across from the city's largest shopping mall—incredible convenience.
​The staff are very polite and cooperative, making the service top-notch. Our room was spacious and comfortable.
​Considering everything you receive, the price offers fantastic value. Highly recommended for a stay in Foz do Iguaçu",10,2025-12-08 11:44:23+00,1
"Hotel moderno, buena ubicación, excelente atención. Volveríamos sin dudas !",10,2025-12-08 22:04:38+00,1
"Excelente hotel para se hospedar.
Quarto, limpeza, atendimento! Tudo muito bom.
Apenas melhorar um pouco as frutas do café da manhã, o restante tudo excelente",10,2025-12-09 00:00:00+00,1
"Tanto as instalações como os funcionários são excelentes, principalmente a Raimunda. Uma simpatia que tornou nossas manhãs durante o café uma alegria.",10,2025-12-09 00:00:00+00,1
"Hotel muito bom, limpo, organizado e atendimento excelente. Somente a internet Wi-Fi que estava mto lenta. Mas recomendo",10,2025-12-09 00:00:00+00,1
"Hotel novo e bem cuidado, dependências, corredores, apartamento, banheiro , elevadores, recepção, área fitness, tudo ótimo. Ótima localização. Equipe eficiente e educada. Restaurante e room service bons e funcionam muito bem. Não é o perfil para quem busca área de lazer.",10,2025-12-09 00:00:00+00,1
 Great location across the mall that closes at 10 pm,9,2025-12-09 02:05:11+00,0
" Hotel excelente, café da manhã farto e de qualidade, funcionários prestativos. O hotel é todo muito limpo e bem cuidado. Tive problemas com os travesseiros que achei muito altos, mas pedi a troca e fui bem atendido. A equipe do hotel está de parabéns. Se voltar a Foz, ficarei lá novamente. Recomendo.  Nada, tudo muito bom. Poderia apenas aumentar o número de elevadores.",9,2025-12-09 20:55:23+00,0
 Gostei de tudo.  …,10,2025-12-10 19:22:02+00,1
" Good hotel, nice staff, clean room, nice shopping center just across the street  Air conditioning was a bit loud",9,2025-12-11 01:12:30+00,0
"Me hospedei no hotel por indicações de amigos. Porém me decepcionei, no restaurante fui mal recebido pela ROSILDA  creio que deve ser chefe do restaurante, sempre com uma cara de quem está fazendo um favor. Péssimo atendimento, estava com uma amiga para jantar e ela nem sabia falar inglês corretamente, COMO PODE UM CHEFE NÃO SABER INGLÊS EM UM HOTEL DE 4 ESTRELAS? Péssimo ATENDIMENTO desta mulher, sempre fazendo corpo mole e só sabe ficar no celular e no computador.

Quero parabenizar o atendimento da Maria Eduarda e do Paulo, juntamente com o Tomé (maitre).
Porém deveriam REVER ESSA ""CHEFE"" QUE O HOTEL TEM. Realmente decepcionante. ESPERO QUE TREINEM ESSA MULHER.",4,2025-12-11 08:12:56+00,0
" Muito organizado,limpo,ótima localização",10,2025-12-11 21:23:28+00,1
"O local é perfeito. Em frente um ótimo shopping. Hotel muito limpo, aconchegante",10,2025-12-12 01:29:50+00,1
"Hotel muito bom, tudo limpo, equipe muito bem treinada. Estão de parabéns.",10,2025-12-12 20:09:44+00,1
 Cafe da manha  Falta se paciência de alguns funcionários,7,2025-12-13 01:53:00+00,0
" La pulizia delle camere, l'ampio e comodo letto. Il buffet della prima colazione è spettacolare.",10,2025-12-14 00:17:58+00,1
" Localização em frente a um Shopping de Foz do Iguaçu, café da manhã ótimo, quarto silencioso , roupas de cama e colchão muito confortáveis.  Acho o hotel caro!",10,2025-12-14 10:08:11+00,1
" Nice location. It has a shopping mall near to hotel. The room was nice comfortable ideally for a couple.  Even though they have porter they did not assist us with the luggage. Once they did not clean our room and we asked from the reception to bring us some clean towels. 
The pool was dirty. It was opened until 21.00 but only cleaned once probably in the morning. The variety of breakfast was mostly of type of breads. It was a buffet but slow to refill the portions.",8,2025-12-14 10:46:19+00,0
" Hotel muito bom, com ótima localização. As equipes recepção, limpeza e restaurante são atenciosas e cordiais. O café da manhã é excelente. Gostei tanto da experiência que esta já foi a terceira vez que me hospedei no hotel.  As TVs dos quartos são de modelo antigo e precisariam ser substituídas. Assistir a serviços de streaming com mensagens de erro, travamentos constantes, acaba não sendo uma tarefa fácil, o que pode prejudicar um pouco a experiência.",8,2025-12-14 13:04:17+00,0
"Ficamos muito felizes, hotel sensacional de maneira em geral, colaboradores são extremamente educados e prestativos",10,2025-12-15 00:00:00+00,1
I wish all my hotels in Brazil were this nice!  A perfect 10 all around and the right place to lay my head after many flight delays getting to Brazil,10,2025-12-15 00:00:00+00,1
" A localização é excelente, em frente a um shopping, facilitando o acesso a varios serviços. Os funcionários,  muito prestativos. A limpeza impecável e o café da manhã maravilhoso!",10,2025-12-15 22:41:03+00,1
" Gostei de tudo. Hotel com boa localização,  café da manhã com boa oferta. Quartos limpos e espaçosos. O sistema anti ruídos da janela funcionou maravilhosamente e ainda tem uma funcionária de agência de turismo dentro do hotel que facilita a busca e compra de passeios. Voltaria com certeza. Maravilhoso o hotel. Assim como a cidade.  Não tenho nada de que não tenho gostado. Só vou fazer uma sugestão: colocar um apoio ou algum dispositivo antiderrapante no boz do banheiro, por ser vem escorregadio",10,2025-12-16 11:42:26+00,1
 Complicado al momento de pedir las facturas legales,9,2025-12-17 11:12:25+00,0
Fabulous hotel with great staff and facilities. Great value for money and well worth a stay. Must be the best central hotel in town.,10,2025-12-20 00:00:00+00,1
 Unexpected Good.  Aircondition works not well.,8,2025-12-20 00:18:00+00,0
 スタッフが皆親切だった。モールもすぐ前にある。  特にないです。,10,2025-12-20 10:43:28+00,1
 Hotel was clean and well located. Breakfast in buffet form was fine,9,2025-12-20 12:18:02+00,0
 Café da manhã poderia ser um pouco mais saudável.,9,2025-12-20 20:49:00+00,0
" Ubicación inmejorable. Personal del hotel 10 puntos  El desayuno es ampliamente mejorable. Política de toallas asume que los huéspedes somos ladrones, imperdonable",7,2025-12-22 13:08:47+00,0
"Ótima localização, estrutura, serviços e conforto.
Só não contempla entretenimento/área kids para público infantil.",10,2025-12-23 00:00:00+00,1
"Excelente atendimento, todos os funcionários muito atenciosos. Café da manhã divino, farto.
Limpeza nota 10.
Fica no centro de foz, em frente ao shopping jl bourbon.",10,2025-12-23 01:15:09+00,1
" Ótima localização, ótimo serviço e ótimo café da manhã",10,2025-12-23 01:52:29+00,1
"Nos hospedamos por 4 noites , e adoramos o hotel. Quarto excelente, bom tamanho , silencioso , café da manhã com muitas opções é possível não repetir nada em 05 dias. Atendimento dos colaboradores é incrível, todos muito atenciosos e disponíveis.",10,2025-12-23 17:46:34+00,1
"Foi tudo maravilhoso. Atendimento impecável. Cardápio excelente. Comida muito boa. Quarto super confortável e limpo. Atendentes excelentes. Voltarei com certeza. Em frente ao shopping, acesso a todos os locais mais facilitado. Auxiliam em informações de passeios, etc. São super caprichosos e o atendimento é nota 1000",10,2025-12-24 00:00:00+00,1
 L’emplacement face au centre commercial est pratique.  La piscine n’était pas propre et le fait qu’il n’y a aucune zone aménagée pour les fumeurs dans la partie extérieure de l’hôtel. Les fumeurs sont obligés de sortir devant l’hôtel au niveau du dépose minute.,8,2025-12-24 12:15:19+00,0
 всё  горничная входит без стука в номер.,9,2025-12-25 19:29:38+00,0
 Gostamos de tudo,10,2025-12-26 01:16:18+00,1
" Stayed here on Christmas week. Fantastic breakfast, friendly staff, clean modern rooms and conveniently located across a nice mall.  None",10,2025-12-26 10:12:51+00,1
" Localização, limpeza  Lixeira do banheiro sem tampas",9,2025-12-26 21:40:53+00,0
 Tudo 5 estrelas.  Não gostei de ainda estar a tomar o pequeno almoço e estarem a tirar a mesa.,10,2025-12-27 09:10:57+00,1
"Foi muito boa, recepção, funcionários cordiais. O problema fica sempre com a higiene do banheiro, o porcelanato mofado, o chuveirinho ao lado do vaso sanitário cheio de limo um nojo.",6,2025-12-27 14:37:42+00,0
Fantástico!!!,10,2025-12-27 18:16:25+00,1
"Hotel bellissimo nuovo pulito centrale e per un paesino come Foz de Iguaçu  dove non c'è  nulla da vedere avere un centro commerciale  JL CATARARAS fantastico è stato BELLISSIMO. Dopo i tour alle  cascate era molto confortevole trascorrere del tempo in giro per il Mall,mangiare ,dare acquisti e persino  vedere spettacoli.",8,2025-12-28 00:00:00+00,0
"Personal muy eficiente y amables, sitio impecable, desayuno fantástico.",10,2025-12-28 02:04:57+00,1
 Localização  Enorme tempo pra fazer check in mesmo tendo feito antecipadamente. Daí vc chega lá e não tem um atendimento exclusivo pra quem antecipou as informações,8,2025-12-28 22:33:58+00,0
"Quartos limpos, área da piscina muito boa, café da manhã é excelente, mas hotéis com preços menores conseguem oferecer o mesmo. Ficamos no quarto 801 e o Wi-fi lá era ruim, era possível ouvir a água passando pelo encanamento durate a noite, TV a cabo parece ter problemas quando está muito nublado e a TV também estava com problema para se conectar à internet.",6,2025-12-29 00:00:00+00,0
 Quartos espaçosos e atendimento cordial da equipe. Boa localização. Café da manhã variado. Roupas de cama e banho com boa qualidade.  A piscina estava muito suja: Atenção para este aspecto! Poucos atendentes para a área do bar ou da piscina do hotel.,8,2025-12-29 11:19:06+00,0
Muy buenas desayuno. Todo limpio habitaciones cómodas buen precio/ beneficio,8,2025-12-30 00:06:05+00,0
"JL Bourbon Hotel
A estrutura do hotel é, de fato, bonita e moderna à primeira vista. Porém, a experiência prática fica muito aquém do que a aparência promete.
A ausência de ar-condicionado nos halls de cada andar dos apartamentos é simplesmente inadmissível. O ambiente se torna sufocante, lembrando mais a “entrada do inferno” do que um hotel que se propõe a oferecer conforto.
O serviço de governança é mediano para fraco. Há recorrentes esquecimentos básicos, como sabonete e papel higiênico — falhas elementares para qualquer hotel, independentemente da categoria.
A recepção merece destaque negativo: atendimento antipático, postura prepotente e total falta de cordialidade. O hóspede não se sente bem-vindo, mas sim como um incômodo.
O café da manhã é o único ponto realmente positivo: variado, bem servido e de qualidade. No entanto, até aqui o clima pesa. Os atendentes demonstram antipatia e total desinteresse, passando a impressão de que trabalham por obrigação, sem qualquer envolvimento ou prazer no que fazem.
Falta algo essencial: amor pelo serviço. Hospitalidade não é apenas cumprir tarefas, é saber receber. Quando o atendimento transmite má vontade, o desconforto é imediato. Se trabalhar com pessoas é um fardo, talvez seja hora de repensar a função — ou ficar em casa.
Em resumo: hotel bonito, serviço frio, falhas básicas e uma experiência que não corresponde à expectativa criada. Estrutura sem alma não fideliza hóspede.",6,2025-12-30 10:59:43+00,0
Everything was so clean. You can tell they pride themselves in cleanliness. The King size bed was huge! It was also really close to everything and a big mall across the street.,10,2025-12-30 20:37:22+00,1
"Bem localizado, instalações limpas e bem cuidadas, excelente atendimento (front desk & cozinha), apartamento bem confortável com internet 100%, excelente chuveiro, ótimo café da manhã com itens bem variados. Recomendo!",10,2025-12-31 00:00:00+00,1
Excelente hotel em uma excelente localização,10,2025-12-31 02:40:46+00,1
"Pelo preço, não oferece qualidade na experiência do cliente. Atendimento tem o que melhorar, café da manhã pouca variedade de frutas (todas de má qualidade inclusive - muito maduras ou machucadas), não possui itens clássicos como bacon, omelete. Alem disso a piscina é suja e não limpam com frequência, a academia não oferece água (primeira vez que vejo isso em um hotel). E além disso, fizeram uma festa no dia 31/12 com som alto e banda até mais de 2h da manhã. Uma grande falta de respeito aos hóspedes que buscavam descanso e tranquilidade. Se o hotel não possui acústica deveria ser proibido realizar eventos desse porte.

Não indico. Não vale o preço.",4,2026-01-01 04:52:18+00,0
 Localização e conforto  Café,9,2026-01-02 00:01:18+00,0
"Passamos o Ano Novo no hotel e, apesar dele estar cheio, nem sentimos. O café da manhã tem bastante variedade. Créditos para a tapioca feita na hora pela Raimunda, simplesmente deliciosa. Participamos da festa de Réveillon, que teve uma ceia maravilhosa, com drinks caprichados e comidas diferenciadas.
Gostamos do atendimento em geral, não tivemos nenhum problema com o quarto e o staff foi bastante simpático com a gente, desde o motorista, até o recepcionista e os garçons. A Elaine foi maravilhosa durante a festa, nos atendeu com muito cuidado e simpatia.
A localização é um diferencial. Em frente ao shopping e perto de todos os pontos turísticos. 14 min de carro do Paraguai, fomos 3x.
Enfim, recomendo o hotel.",10,2026-01-02 10:11:09+00,1
"Bom hotel, com excelente atendimento, pessoal cordeal e sempre prestativa. Muito bom.",10,2026-01-02 12:29:48+00,1
" O café da manhã é maravilhoso e a localização é perfeita, bem em frente ao Shopping",10,2026-01-02 16:36:08+00,1
" Gostei do quarto, localização, cafe da manhã!",10,2026-01-03 10:44:25+00,1
Otimo hotel para viagens a trabalho ou se estiver em foz para realizacao de passeios... por estar em frente ao shopping eh um otimo local!,10,2026-01-03 19:57:56+00,1
 Zwembad/locatie  Zeer slechte wifi/personeel onvriendelijk en onbehulpzaam.,7,2026-01-03 20:17:08+00,0
" Excelente em tudo ! 
Custo de alimentação um pouco elevado  mas sua localização em frente ao shopping facilita pois lá existem varias opções. 
Hotel topp.",9,2026-01-03 23:55:23+00,0
"the hotel was lovely and a good option in foz do iguaçu. it’s located next to a mall, which meant there were plenty of food options nearby, as well as a grocery store and laundromat. the complimentary breakfast was nice, with the made-to-order tapioca crepe being a must-try.

the reason i gave this hotel 4 stars instead of 5 is due to the staff and some of their processes. the staff were quite slow-paced, and it took over an hour to check in four people. our group could see others experiencing a similar issue with check-in. additionally, bottled water was brought to our room without any clarification as to whether it was complimentary or chargeable. upon checkout, we discovered a $10 USD charge. the cost itself wasn’t the issue. rather, it was the lack of transparency.

this all may have been due to a language barrier, but it’s something to be wary of if you choose to stay here. overall, the hotel was nice, but i would likely try a different option next time i’m in foz do iguaçu.",8,2026-01-04 00:00:00+00,0
"My experience at this property was generally positive, with a couple of very important caveats. The positives? The hotel itself is very nice. Those that look for chips in the paint or other defects will find them. However, my room is nice, clean and there’s really very little I can say negative about it. The location of the hotel is excellent. It is right across from a shopping mall, which has everything from ATMs and self-service laundry to restaurants and shops. We went to the shopping mall a number of times to pick up needed items. The drawbacks? The check-in process was a complete mess.  We checked in early, which I would’ve thought would have meant that we would have a streamlined check in process later. That was not the case. As part of checking in, my sister accidentally elected to pay in US dollars, so-called dynamic currency conversion. This is legalized robbery. The hotel charged a fee of 12% to bill in US dollars instead of Brazilian reals. Once my sister realized what had occurred she became quite upset and in my view understandably so. I asked to see the manager who told me that the hotel does not get any of the fee from this dynamic currency conversion. Of course that is false. If that were the case, why would the hotel offer this “service”?  It certainly is not a service to the customer to charge 12% for a foreign exchange fee. In any case, the hotel said that they reverse the transaction and I do hope that this is the case. Leaving the foreign exchange issue aside is still fair to say the check-in was a very slow process and likely needlessly so. So if you can get beyond the check-in and also avoid being charged in your local currency rather than Brazilian currency, I can recommend this hotel. However, I would certainly keep an eye out for that currency conversion issue and perhaps not expect a smooth check-in experience.",8,2026-01-04 00:00:00+00,0
 Localização  Custo benefício,10,2026-01-04 01:01:00+00,1
" Conforto, localização, atendimento.",10,2026-01-04 01:03:12+00,1
" Localização em frente ao shopping, café da manhã não é tão bom a qualidade precisa melhorar bastante . Quarto bom.  Passamos a noite de Natal ( ceia ) estávamos hospedados no dia , pagamos 400 e pouco e que ceia ruim arrependida comida ruim , gostei de nada aliás não foi só eu a turma que estava comigo também não gostaram .",7,2026-01-04 17:23:16+00,0
"Atendente da recepção extremamente grosseiro , cara feia o tempo todo do check In , ficou me medindo o tempo todo !
Desagradável",4,2026-01-05 00:00:00+00,0
" Segunda vez que nos hospedamos no hotel. Ele é lindo, organizado e bem localizado. Os funcionários são muito simpáticos e atenciosos. Café da manhã é uma delícia e com muita variedade. O hotel está localizado no centro, fica fácil ir para os lugares e tem o shopping do outro lado da rua o que facilita muito para comer alguma coisa fora do hotel.  O estacionamento é pago à parte, mesmo tendo serviço de vallet, poderia já estar incluído no valor da reserva. A higiene no banheiro do quarto, o box estava bem sujo, cheio de limo e o exaustor não funcionava, precisam se atentar a isso.",9,2026-01-05 02:04:34+00,0
 Comida excelente calidad,10,2026-01-05 13:57:41+00,1
"Passamos 4 dias, bem na semana do ano novo. O hotel estava cheio.
Vou pontuar as partes positivas:
Há carregador elétrico sem custo. Há uma garagem coberta. Os manobristas/concierges são excelentes. As recepcionistas são muito solícitas, em especial an Andrea! Nos deu informação valiosas. A academia é boa. O
Quarto é bom.  A localização é boa, perto do Hotel. O restaurante do hotel é bom também.
A parte ruim ficou para o café da manhã. Quando você chega, acha que é grande. Realmente é. Mas não é gostoso. Os pães são sofríveis. Há tanta comida salgada, com temperos, que a roupa fica fedendo.
E outro fato ruim foi a festa de ano novo. Pensem num “trem xoxo”. A comida foi servida até meia noite. Depois retiraram. A banda era bem boa. Mas não para ano novo. Mto rock. As garçonetes iam tirando tudo da mesa… mesmo a gente ali nas mesas.
Então, tirando isso, vale a pena!",8,2026-01-05 23:24:38+00,0
"Eu fiquei bastante satisfeita com o serviço oferecido pelo hotel. Apesar de eu ter me hospedado num período de alta temporada, não senti. No café da manhã, independente do horário de chegada, sempre tinha reposição dos pratos. Créditos para a tapioca da Raimunda, que é maravilhosa e ela também é super atenciosa e simpática. Consegui fazer o check in e check out super rápido, não tive problemas com a limpeza do quarto.
Participei da festa de Reveillon e gostei bastante do cardápio oferecido. Os drinks estavam deliciosos, somente sugiro que coloquem mais um bar man para agilizar o processo. A moça que estava nos recepcionando era extremamente atenciosa e empática ao tirar as fotos para os hóspedes e atender com entusiasmo cada pessoa que chegava para o jantar. A nossa garçonete Elaine foi excepcional no atendimento da nossa mesa durante a festa.
A localização do hotel foi um diferencial para nós, uma vez que deixamos de gastar com estacionamento, já que o shopping está na frente.
Enfim, tive uma ótima hospedagem nos dias em que estive no hotel.",10,2026-01-06 00:00:00+00,1
 The staff were friendly and helpful.  Nil,10,2026-01-06 13:06:29+00,1
" O hotel é mt confortável e o atendimento é excelente. A localizacao também, super centralizado e em frente ao shopping.
Tudo otimo!  Poderia ter ar condicionado nos elevadores e nos corredores dos quartos
Estava muito abafado",10,2026-01-07 11:55:01+00,1
 desayuno  lentos los acensores,9,2026-01-07 14:46:20+00,0
" Conforto, localização, atendimento.",9,2026-01-07 14:57:47+00,0
"Modern hotel with sufficient breakfast. The hotel has both a pool and a fitness center, which is a nice bonus. The location is very central, directly opposite a shopping mall, making it very convenient.

Unfortunately, on the day of departure we wanted to use the pool in the morning. Although it is officially open from 9:30 a.m., it was closed for cleaning and could not be used until 11:00 a.m., which was disappointing.",8,2026-01-07 15:51:15+00,0
"Hotel com boa localização, com quartos limpos, ótimo chuveiro e bom café da manhã.
Como estávamos de carro, a locomoção foi bem de boa e ir aos pontos turísticos ou restaurantes foi tranquilo. Tudo perto.",10,2026-01-08 22:08:26+00,1
" Localização excelente, na frente do shopping Cataratas, com acesso fácil à Av. das Cataratas. Café da manhã superou nossas expectativas. Pessoal atencioso, prestativo e muito simpático.  Gostamos de tudo.",9,2026-01-08 23:40:06+00,0
" Acomodação e limpeza muito boa, localização excelente e ainda possui atividades para crianças na parte da tarde/noite.",9,2026-01-09 01:06:12+00,0
 Do atendimento dos empregados e das atividades da recreadora.  Dos travesseiros.,9,2026-01-09 03:34:50+00,0
" Ubicación ideal.
Habitaciones amplias, cama cómoda. Buen aire acondicionado. Pileta mediana pero linda , limpia y a buena temperatura. Desayuno súper completo con opciones sin Tac etc.
Argentinos podemos pagar con Mercado Pago y evitas pagar de más ….  Nada",10,2026-01-10 00:03:04+00,1
" Localização excelente, próxima a todos os pontos de interesse. Acomodações de alto padrão. Com certeza, voltarei a me hospedar em uma próxima oportunidade.  O atendimento de alguns funcionários deixou a desejar. A qualidade variava conforme o turno.
Sugestão: premiar e valorizar os colaboradores que demonstram compromisso e qualidade no atendimento ao público. Solicitei para verificar minha tv que estava com problemas e não foi solucionado.",10,2026-01-10 16:31:34+00,1
" Hotel excelente, localização ótima, limpeza e café da manhã muito bons.",10,2026-01-11 14:01:23+00,1
" Cafe da manha, localização e estrutura excelentes.
Fica meus parabéns as meninas da recreação infantil, servico excelente",10,2026-01-11 16:33:26+00,1
 Excellent breakfast and dinner. Comfortable bedroom. Convenient for shopping mall across the road.,9,2026-01-11 19:44:20+00,0
" Gostei de todos os itens em que marquei positivo (conforto, asseio, funcionários, tamanho do quarto, etc), acrescentando que o hotel ser de frente ao shopping é um benefício extra.  O hotel não tem flexibilidade em late check-out, e o café poderia ir até mais tarde um pouquinho",9,2026-01-12 03:04:55+00,0
"Lugar limpo, organizado, café da manhã com muitas opções e funcionários sempre atenciosos. Localização estratégica, frente ao shopping JL cataratas e umas das principais avenidas que são caminhos para as principais atrações da região.
Possui academia, piscina e estacionamento (pago 30$ diária).
Dentro dos quartos tudo funcional, bem preservado. A melhor hospedagem nos últimos anos.
Hospedagem de 05/01 a 09/01 quarto 612",10,2026-01-12 16:20:21+00,1
" Localização, café da manhã, conforto e piscina.  Cheiro das toalhas de banho.",9,2026-01-12 22:34:23+00,0
 Estive hospedado no quarto 415 e tudo estava bom exceto o ar condicionado fazendo barulho a noite toda  e a luzes da cama fica piscando denoite incomoda bastante. De resto tudo muito bom funcionários muito educados e prestativo hotel novo e bem limpo jantamos um dia no hotel e a comida e muito boa recomendo.  Ar Condicionado fazendo barulho e lâmpada da cama fica piscando anoite.,8,2026-01-13 00:09:34+00,0
" Desayuno excelente , a pesar que tienen demasiadas mesas y sillas dentro de su salón que dificulta la circulación. Piscina pequeña, pero un ambiente mu bueno y atención buena .  El check in tardo como una hora, se confundieron con las reservas , mezclaron nombres ect.....parecía muy poco profesional. 
Todo la confusión complico el levantamiento de los pedidos en el restaurante, porque los números de habitaciones no coincidieron. Esta parte hay que mejorar urgente .....",10,2026-01-14 09:40:04+00,1
 Tudo  Que cobraram taxa cachorro no final da acomodação,7,2026-01-14 16:15:05+00,0
" Quarto muito bom e funcionários prestativos.  Café da manhã não atendeu as expectativas, principalmente por terem sido avisados que havia uma celíaca e intolerante à lactose e não conseguiram atender inicialmente, precisou muita conversa para atenderem o pedido.",10,2026-01-14 17:50:53+00,1
" The hotel is conveniently located right infront of a mall, which makes it easy to buy water, food etc. The room was modern, very clean and spacious enough. Breakfast was good too, wide selection of fruits, breads, cakes and hams. 
It is a great hotel and I would stay here again.  The only issue was that nobody spoke English except the receptionist. It made it hard to communicate with some of the staff members.",10,2026-01-15 00:56:10+00,1
" Da limpeza e cafe da manhã  Colchão caindo. 
Muito caro. 
Exploram o turista em Foz do Iguaçu.",9,2026-01-15 01:49:07+00,0
" Service, good rooms.",9,2026-01-15 14:57:10+00,0
"Excelente localizado, serviço 1000 recomendo.",10,2026-01-15 19:27:21+00,1
" Excelente localização, hotel muito bonito e confortável  Valores das diárias",8,2026-01-16 00:08:06+00,0
 Absolutamente tudo!  O valor tem aumentado bastante nos últimos meses,10,2026-01-16 16:54:23+00,1
"Hotel incrível, muito bem localizado de frente ao shopping! Limpeza e café da manhã nota 10.",10,2026-01-17 04:24:40+00,1
"Me hospedei em janeiro de 2025. O hotel é lindo, limpo, confortável e bem localizado. Passeavamos bastante então nao aproveitamos tudo que podia oferecer. Café da manhã farto e muito gostoso. A facilidade de ter um shopping atravessando a rua foi muito gratificante, pois as outras refeições fazíamos la. Minha estadia foi excelente. Me hospedaria no mesmo lugar com certeza.",10,2026-01-17 17:11:02+00,1
" Excelência no atendimento, limpeza, conforto e localização.",10,2026-01-18 14:31:22+00,1
"Sehr schönes Hotel mit sehr guter Ausstattung und ruhiger Lage!
Tolles Frühstück!
Sehr freundliche Mitarbeiter, gute Lage",10,2026-01-19 00:00:00+00,1
"Excelente localização próxima a região central, e localizado em frente ao Shopping, com ótimas opções de compras e alimentação. 
Em relação aos funcionários, nada a declarar senão parabenizar pela cordialidade e atenção..
Instalações bem estruturadas e oferecem ótimo conforto.",10,2026-01-19 00:00:00+00,1
" Es un hotel nuego. habitacion con cama grande y aireacondicionado, sabana limpia  Solo acepta tarjeta de credito y Reales, No acepta dolares.",3,2026-01-19 17:18:03+00,0
" Equipe atenciosa, cama confortável, chuveiro bom, limpo e espaçoso.  Mais atenção à piscina, por ter um fluxo grande de hóspedes, poderiam fazer a manutenção da limpeza da piscina com maior frequência",10,2026-01-19 17:40:13+00,1
"atendimento na recepção ótimo, limpeza do quarto de acordo, alimentação com bastante variedade, funcionarios de um modo geral muito educados e gentis. super recomendo",10,2026-01-20 00:00:00+00,1
"Como sempre, a rede Bourbon é excelente! O Hotel tem excelente localização, conta com uma agência que ajuda a escolher passeios, bom café da manhã.
Gostaria de elogia a Valdelice que faz os drinks e nos atende no restaurante! A palavra certa que define seu atendimento é: Elegância!! Parabéns a equipe!!",10,2026-01-20 00:00:00+00,1
" Boa localização, equipe atenciosa, bom café da manhã, quarto confortável e com bom espaço.  O ar-condicionado era um pouco ruidoso.",9,2026-01-20 15:05:39+00,0
"Hotel com excelente localização,  atendimento e funcionários. Indico a tapioca que a moça faz, é uma delícia.",10,2026-01-21 00:15:20+00,1
" Excelente localização, colaboradores atenciosos e gentis, quarto confortável e ótimo café da manhã.",10,2026-01-21 21:06:49+00,1
"Stayed at JL by Bourbon in Foz do Iguaçu and had a very good experience overall. Rooms were clean and spacious, and the breakfast offered many options. The location is excellent, with the shopping mall directly opposite the hotel and several good restaurants nearby. Valet parking was convenient and worked well. There is a gym, but some machines make a lot of squeaking noise and really need maintenance. Also, access to the rooms is only via lifts, which means you often have to wait quite a bit during busy times.",8,2026-01-22 09:40:35+00,0
"Terceira vez que fico no hotel, toda vez na garagem tem problemas para entrar caminhonete, não respeitam a vaga para deficientes a qual eu tenho o cartao para utlizar, dizem que ela é rotativa e usada pelos manobristas, algo proibido por lei, todas as tomadas do hotel sao 220 e eles não fornecem nem emprestam transformador, a recepção constantemente esta lotada e abarrotada e o elevador tambem, me colocaram em um quarto vizinho a uma obra que ocorre no hotel fazendo todos os dias eu ser obrigado a acordar bem cedo com barulho de furadeira e martelete, como se nao bastasse no dia que estava indo embora nao queriam me deixar entrar com a minha mala pequena para tomar cafe da manha no restaurante e queriam que eu deixasse na recepção abarrotada, gosto da localização e da limpeza dos quartos mas infelizmente não sei se me hospedarei mais aqui",2,2026-01-22 10:51:11+00,0
 Todo excelente!  Nada,10,2026-01-23 01:12:13+00,1
"Estive em Foz do Iguaçu esta semana e tive uma ótima experiência no hotel. A localização é excelente, em frente a shopping e mercado, o que facilita muito para quem quer fazer lanches rápidos.
O café da manhã é um grande destaque, com ampla variedade de pães e tudo muito bem servido. Outro ponto positivo é a água disponível na recepção, de ótima qualidade.
Recomendo o hotel pela comodidade, localização e qualidade dos serviços.",10,2026-01-23 10:41:58+00,1
 Todo Excelente!,10,2026-01-23 13:08:39+00,1
" A localização, o café da manhã e a área da piscina são excelentes. Próximo ao shopping e de fácil acesso. Todos muito solícitos. Certamente voltarei a me hospedar neste hotel.",10,2026-01-24 12:19:07+00,1
" Localização. Estacionamento. Quarto. Chuveiro  O café da manhã é farto, mas os itens poderiam ser de melhor qualidade. Academia muito pequena. O processo de check-in não é rápido.",9,2026-01-24 14:01:43+00,0
"Super recomendo e com certeza voltaremos mais vezes. Excelente localização, toda equipe desde recepção a camareiras muito atenciosos e educados.Cafe da manhã farto de opções de pães bolos e frutas além da estação tapioca uma delícia. Nossa experiência foi cinco estrelas !!!!",10,2026-01-24 15:21:02+00,1
" Limpeza, organização  A qualidade do cafe passado servido no cafe da manha. Pelo custo da diaria o hotel poderia oferecer um café de melhor qualidade. O cafe passado tem gosto de queimado. Uma torra de baixíssima qualidade. Tivemos que optar pelo cafe de maquina.",8,2026-01-25 14:27:59+00,0
Muito bom TD maravilhoso quarto ar condicionado funcionário super educados 👏👏👏👏café da manhã,10,2026-01-25 15:44:10+00,1
" Nos encantó la ubicación y las instalaciones. Al estar en frente del shopping resolvíamos compras, comidas y super allí.  Siempre habían toallas disponibles para la piscina, excelente el bar y la limpieza de la piscina. Había agua saborizada y café libres en recepción. Muy bueno aseo de las habitaciones. El personal del desayuno muy amable  El personal de recepción muy serio y apático, pocas veces saludaba. El desayuno comenzaba muy temprano",8,2026-01-25 15:53:06+00,0
" O quarto é ótimo, limpo, organizado. Nosso check in foi muito tranquilo, fiz o pré check in pelo link que me enviaram e foi tudo muito rápido. A Recepção do hotel me orientou sobre a agencia de passeios que tem no próprio hotel, onde consegui com antecedência organizar uma programação incrível para minha filha e eu aproveitarmos muito a viagem, sem precisarmos nos preocupar com nada.  Dos travesseiros, da cama e do chuveiro",10,2026-01-26 01:22:56+00,1
" Ótima acomodação, e café da manhã formidável 
Todos funcionários sempre atenciosos  A porta do banheiro abria para fora, e as vezes batia com tudo na parede",10,2026-01-26 11:01:13+00,1
"Bom custo-benefício. A localização é ótima, a equipe atenciosa e as instalações confortáveis. O ar-condicionado do quarto era um pouco ruidoso.",10,2026-01-27 00:00:00+00,1
"Excelente la estadía en el hotel, todos los servicios funcionando y de la mejor forma.
Claramente recomendable.
La ubicación muy buena y lugares de interés muy cerca.",10,2026-01-27 00:00:00+00,1
"Ótimo hotel. Limpo,  bem conservado e cheiroso. Café da manhã muito bom. Lugar ótimo para família. Local certo para próxima viagem",10,2026-01-27 00:00:00+00,1
"Hotel é bom ! Cafe intomavel! Paguei R$:1.250,00 na diaria, sei e vcs tambem que por esse valor eu teria outras boas opções, entrei depois das 22:00 hrs e sai antes das 11:00. O dia pra mim começa apos o cafe da manha, porem o CAFE de vcs tanto da maquina quanto o coado estavam INTOMAVEIS, paguei o hotel e fui tomar cafe da manha em outro local.",8,2026-01-27 00:00:00+00,0
" Desayuno muy bueno.
Piscina muy cómoda.
Personal muy atento.
Ubicación frente de un mall, interesante.",9,2026-01-27 18:14:48+00,0
"Estuve en la tienda mi paisito del hotel, los precios, el servicio y la atención de la persona encargada me encantó, me invitaron un café express delicioso",10,2026-01-28 00:00:00+00,1
" La ubicación, limpieza, muy buenos desayuno.",9,2026-01-28 04:07:07+00,0
"Le point fort de l hotel,  c est le shopping en face. La chambre est fonctionnelle et propre. Le petit déjeuner a un très grand choix, mais que de basse qualité.  L eau chaude pour le thé avait des parti ules dedans. Les couverts utilisés pour se servir au buffet étaient Sales. Cela ne nous a pas donné envie d essayer le restaurant.  L eau de la piscine bien que sentant le chlore état trouble et les alentours Sales. Le personnel de réception nous a proposé un chauffeur pour se rendre aux chutes mais a un tarif prohibitif. Beaucoup de point à améliorer.  Par contre comme mentionné la chambre ok",6,2026-01-28 13:00:12+00,0
" Excelente ubicación, el personal muy amable, la comida deliciosa.  La manta de la cama era muy pequeña",9,2026-01-28 17:12:10+00,0
" Excelente estadia!
O JL Hotel by Bourbon superou nossas expectativas. O hotel é extremamente limpo, com quartos bem cuidados e confortáveis. O atendimento foi impecável em todos os momentos, com funcionários educados, prestativos e sempre dispostos a ajudar.
O café da manhã é excelente, com muita variedade e tudo muito bem organizado. A localização é ótima, facilitando o acesso aos principais pontos da cidade. O serviço como um todo é de alto nível, e o estacionamento traz ainda mais comodidade para quem está de carro.
Não tivemos nenhum ponto negativo durante a estadia. Com certeza voltaria e recomendo!  Não tivemos nenhum ponto negativo durante a estadia. Com certeza voltaria e recomendo!",9,2026-01-28 17:55:11+00,0
" Excelente estadia!
O JL Hotel by Bourbon superou nossas expectativas. O hotel é extremamente limpo, com quartos bem cuidados e confortáveis. O atendimento foi impecável em todos os momentos, com funcionários educados, prestativos e sempre dispostos a ajudar.
O café da manhã é excelente, com muita variedade e tudo muito bem organizado. A localização é ótima, facilitando o acesso aos principais pontos da cidade. O serviço como um todo é de alto nível, e o estacionamento traz ainda mais comodidade para quem está de carro.
Não tivemos nenhum ponto negativo durante a estadia. Com certeza voltaria e recomendo!  Não tivemos nenhum ponto negativo durante a estadia. Com certeza voltaria e recomendo!",9,2026-01-28 17:55:52+00,0
" Hotel excelente !
Quarto amplo e confortável ! Localização excelente , tem um shopping em frente.",10,2026-01-28 19:30:48+00,1
" Localização, ambiente e café da manha.  Sujeira da piscina no período da tarde",9,2026-01-30 12:17:57+00,0
" Gostei da localização, Infraestrutura (quartos, restaurantes, academia, piscina).  Sem observação",10,2026-01-30 19:25:24+00,1
" Nice hotel in a good location, about a 20-minute walk from the main street with restaurants in the city. The rooms are equipped with air conditioning, which is a plus, but the common corridors are very warm and this is noticeable.

Breakfast was generally good, however there was no espresso available, which was surprising. Espresso was offered only upon request and for an additional charge.

Overall, the hotel is at the lower end of a 4-star standard.  Common corrudors are very warm and this is noticeable.  Espresso was offered only upon request and for an additional charge during the breakfast.",8,2026-01-30 22:24:36+00,0
 Quase tudo.  Não ter frigobar.,5,2026-01-31 00:22:42+00,0
" Das Hotel ist sehr schön und äußerst sauber. Es liegt direkt gegenüber einer Shopping-Mall. Die Zimmer sind großzügig geschnitten und verfügen über ein sehr großes, bequemes Bett.  Das Frühstücksangebot konnte mit dem ansonsten sehr schönen Hotel leider nicht ganz mithalten.",8,2026-01-31 01:20:12+00,0
"Nice hotel in a good location, about a 20-minute walk from the main street with restaurants in the city. The rooms are equipped with air conditioning, which is a plus, but the common corridors are very warm and this is noticeable.

Breakfast was generally good, however there was no espresso available, which was surprising considering that many of the guests are from Europe. Espresso was offered only upon request and for an additional charge.

Overall, the hotel is at the lower end of a 4-star standard.",8,2026-01-31 11:39:38+00,0
" O café da manhã em termos de itens disponíveis é excelente, porém o que precisa melhorar são os pães. Todo parecem ser adquiridos a algum tempo, pois são duros. Qualquer pão que você pegue estará com aquele gosto de que não é fresco. Outro é pesquisar quando o hóspede chegar se há necessidade de alimentação especial. Tinha vários bolos sem lactose e glúten. Porém nenhum diet, ou seja sem açúcar. Como sou diabético fiquei vendo navios.",8,2026-01-31 13:03:10+00,0
 La habitación era amplia  El personal de recepción era déspota y claramente estaban coludidos con los taxistas,9,2026-01-31 13:21:38+00,0
" 바로 앞에 쇼핑센터가
있어서 필요한것을
구매할
수 있었음  없음",10,2026-02-01 02:30:59+00,1
"ein wirklich tolles Hotel, schöne, große Zimmer, ein schönes Bad.
Der Service ist in Ordnung.
Das Frühstück ist echt klasse !
es gibt einen Poolbereich, leider darf man dort nicht rauchen.
Genau gegenüber ist eine Große Einkaufsmall",10,2026-02-02 00:00:00+00,1
" Limpeza, café da manha, espaço do quarto.  Ar condicionado está fazendo barulho.",10,2026-02-02 13:00:05+00,1
 Muy buena,8,2026-02-02 14:55:10+00,0
" It was well located for our needs.  On arrival we had to carry our heavy luggage up a number of steps as there was no one to  help us. When we arrived at reception the female receptionist informed us that there was a machine to lift our bags, how were we to know, and how were we expected to work it? It became clear the receptionist did not like us complaining but those were the facts. Then we were given 2 key cards, and both were uncharged and we had to walk back to reception to charge them. ( coincidence? I do not think so. ) These 12 months ALONE we visited Australia, New Zealand, Singapore, Indonesia, Papua New Guinea, Argentina, Brazil, Uruguay,  Paraguay, Spain France, Germany and Switzerland,  most of them more than 2 or 3 hotels and we NEVER had this treatment. We are senior contributors in TripAdvisor and will be comenting there as well. We have travelled all over the world but this is one of the most disappointing hotels.We then asked for a packed breakfast due to an early flight and were told that we should have asked for it 48 hours before and anyway we were just 2 people, not big enough group to bother for an early breakfast!  And to add insult to injury the hotel had a small notice that it gives good treatment to the elderly!  I highly recommend that given a chance you choose another hotel.",6,2026-02-02 20:13:28+00,0
" D’abord emplacement extraordinaire au centre ville et en face d’un grand centre commercial.
Hotel tres tres propre +++ rénové totalement 
Chambre spacieuse, différents éléments de rangement. Grand lit double, TV connectée, vu panoramique du 10 étage.
Petit déjeuner varié, option healthy disponible.
Calme, on dort bien la nuit, aucun derangement
Climatisation optimale
Personnels agréables  Peut être la piscine ne la vois trop petite",10,2026-02-02 23:35:17+00,1
" El hotel esta bien mantenido, el personal es amable y la habitación estaba impecable",10,2026-02-03 00:57:06+00,1
"Fuimos a este hotel con mi familia (5 personas en total), al llegar al hotel, el personal nos recibió de manera muy amable, hablaban español, lo cual nos facilitó mucho las cosas, nos dieron las habitaciones en el mismo piso (nos preguntaron si lo queríamos así). El hotel es precioso, muy lindo, cómodo e higiénico.
Las habitaciones a mi gusto estaban perfectas, modernas y muy limpias.",10,2026-02-03 14:19:34+00,1
"Uncharged key cards, had to carry luggage as no porter, no early breakfast as only 2 people, group not big enough and not given 48 hour notice to kitchen!",2,2026-02-04 00:00:00+00,0
" Hôtel très récent avec des équipements modernes. Très bien situé en face d'un centre commercial. L'hôtel est calme. Le buffet du petit déjeuner est très varié.  L'une des caractéristiques du Brésil c'est le sourire des gens. Or dans cet hôtel les employés ne sourient pas. Ils ont l'air tristes, stressés. Il faut absolument que partout (réception, restaurants) les employés établissent un contact chaleureux avec les clients en souriant.
La paroi en verre entre la réception et le restaurant est une bonne idée mais il faut que les employés  se souviennent qu'il y a des clients au restaurant derrière eux.",10,2026-02-06 01:11:45+00,1
 A localização é ótima.  O conjunto do hotel é  um dos melhores de foz.  Café frio.,8,2026-02-07 23:39:57+00,0
"Excelente localização, instalações, arrumação dos quartos, cortesia dos atendentes e toda equipe do restaurante. Cama maravilhosa, café espetacular. Foi muito gratificante para toda nossa família desfrutar desse período em que ficamos hospedados. Obrigado!",10,2026-02-09 00:00:00+00,1
Um dos melhores de Foz do Iguaçu.  Localizado em frente à shopping.  Café bom. Piscina pequena mas boa. Para melhorar seria o café mais quente.,8,2026-02-09 00:00:00+00,0
Um dos melhores de Foz do Iguaçu.,8,2026-02-09 16:20:04+00,0
 Bien et pratique  Service un peu lent à la réception pour le check in,9,2026-02-09 16:40:28+00,0
"Muito bom. Café da manhã excelente, com variedade. De frente com o shopping JL. Só elogios para tecer. Só uma pequena ressalva: para quem tem a intenção de malhar,  a academia é bem simples.",10,2026-02-09 18:09:43+00,1
 Todo muy excelente,10,2026-02-09 20:04:01+00,1
"Muito bom, hotel de nível internacional, não deixando nada a desejar em relação a um hotel quatro estrelas de São Paulo, que se caracteriza como referência no padrão de hotelaria.",10,2026-02-10 00:00:00+00,1
Hotel ótimo em frente ao shopping cataratas,10,2026-02-10 01:31:01+00,1
" Excelente e bem localizado !!!! Amei !!!!  Não tem água de cortesia , mas isso a gerência pode resolver facilmente 😉",10,2026-02-11 00:30:20+00,1
" La chambre et le lit immense ; proximité centre commercial, bon restaurant , piscine  Bruit couloir, odeur essence proche piscine",9,2026-02-11 11:24:54+00,0
 Excelente,8,2026-02-12 12:10:19+00,0
" La cordialidad, el respeto, el excelente servicio en área de restaurante.
También es de destacar la accesibilidad el todos los lugares, desde la entrada, las habitaciones, hasta el baño para personas con capacidad diferente (con silla de ruedas).",10,2026-02-13 13:14:14+00,1
"Um ótimo custo benefício.
O restaurante tem um bom preço",10,2026-02-13 13:25:37+00,1
 kamer  Het zwembad was gesloten. Dit was op voorhand bekent maar is ons niet vertelt,3,2026-02-14 17:58:48+00,0
"O quarto é amplo, banheiro com uma boa ducha, com secador de cabelo :), canais da TV alguns de tv de assinatura, serviço de quarto era feito diariamente, café da manhã com bastante variedades, piscina aquecida numa temperatura agradável, funcionários cordiais, agora o que deixou a desejar e muito por ser um hotel classificado com 4 estrelas foi a academia com aparelhos velhos sem manutenção fazendo barulho, o que se salva ali é somente a esteira, ah e também estacionamento é pago, visto que vários hotéis não cobram estacionamento.
A localização é boa por ser bem no centro da cidade , ficando de frente ao shopping.",8,2026-02-15 11:42:51+00,0
" O quarto é amplo, banheiro com uma boa ducha, com secador de cabelo :), canais da TV alguns de tv de assinatura, serviço de quarto era feito diariamente, café da manhã com bastante variedades, piscina aquecida numa temperatura agradável, funcionários cordiais, agora o que deixou a desejar e muito por ser um hotel classificado com 4 estrelas foi a academia com aparelhos velhos sem manutenção fazendo barulho, o que se salva ali é somente a esteira, ah e também estacionamento é pago, visto que vários hotéis não cobram estacionamento.
A localização é boa por ser bem no centro da cidade , ficando de frente ao shopping.  ACADEMIA",7,2026-02-15 11:45:03+00,0
 Las habitaciones muy cómodas.  Justo hicieron mantenimiento de la piscina,10,2026-02-15 12:27:22+00,1
"HOTEL MUITO BEM LOCALIZADO COM UM SHOPPING EM FRENTE. QUARTO AMPLO, SILENCIOSO, COM CAMA E CHUVEIRO MUITO BOM. EQUIPE CORDIAL, CAFÉ DA MANHÃ MUITO VARIADO E UMA PISCINA PRÉ AQUECIDA.",10,2026-02-16 00:00:00+00,1
 Nada lo encontré feo las piezas feas y chicas sobrevalorado,5,2026-02-16 12:29:11+00,0
" Quarto muito bom. Cama extra grande, localização excelente. Quarto limpo!",10,2026-02-16 13:22:27+00,1
" Hotel confortável, limpo e bem localizado.  Café da manhã fraco.",7,2026-02-16 15:45:01+00,0
Good place,10,2026-02-17 19:36:33+00,1
"Excelentes instalaciones, limpieza y atención de los colaboradores. Es la segunda vez que vamos y seguiremos yendo en próximos viajes. 100% recomendable",10,2026-02-18 00:00:00+00,1
"Excelente hospedagem.  Destaque para o café da manhã sempre com muitas variedades, o quarto com cama padrão americano e super limpo e organizado todos os dias.",10,2026-02-18 15:27:55+00,1
" Cama cómoda y ducha buenísima  Las sábanas no cubrían bien el colchón y faltaba un edredón o frazada más adecuada, habían unas muy chicas y finas",10,2026-02-19 10:53:05+00,1
" La ducha y el desayuno  La sábana no cubria bien el colchón, las frazadas eran muy chicas y finas, faltó un edredón o frazada más adecuada",9,2026-02-19 10:55:03+00,0
" Breakfast with a wire selection of fresh fruites was good enough. Also location was very good to catch the Uber and access to the shopping mall by walk and also to the centro where some good restaurantes are by car.  (1) Water quality of swiming pool was not good. The clarity was low and there were trash floating on the pool. The used towels were hanged on the chairs although no body were using those chairs. (But the bar service was excellent.)
(2) The concent in the room only has 220V sockets. If there is also USB charging ports, it will be great.",6,2026-02-19 12:37:04+00,0
" Bem localizado, boa limpeza, quarto de tamanho adequado. Pessoal do vallet muito prestativo.  Atendimento front desk péssimo, atendentes com cara fechada e monossílabos. Esperava mais pela classificação e preço.
É um hotel de excursão, não consegui tomar café da manhã, pois havia chegado um ônibus lotado. Não tinha lugar para sentar e uma fila quilométrica.",2,2026-02-19 14:10:43+00,0
" Tudo foi maravilhoso! O hotel é extremamente cheiroso e muito bem localizado. O café da manhã é delicioso e farto, mas o grande destaque vai para a equipe: todos os funcionários são de uma educação e cordialidade incríveis.  Nada a reclamar. A estadia atendeu a todas as expectativas.",10,2026-02-19 20:26:02+00,1
"Hôtel moderne, joliment décoré, de bon standing international, propre avec un accueil  agréable.
Belle salle de restaurant. Les chambres  spacieuses bien éqipées
Peignoirs  fournis.
grand centre commercial qui abrite un super marché juste en face.
Petits déjeuners très corrects",8,2026-02-20 00:00:00+00,0
" Gentileza dos funcionários, piscina e tapioca maravilhosa da Raimunda.  Não gostei dos travesseiros que eram muito altos. Os pães do café da manhã também não pareciam frescos. Felizmente, a tapioca era muito boa.",8,2026-02-21 10:56:01+00,0
 ショッピングモールの目の前で非常に便利な立地,8,2026-02-22 22:49:20+00,0
" Das Hotel hat einen sehr angenehmen Gesamteindruck hinterlassen. Die Atmosphäre war schön und stimmig, und der Aufenthalt verlief rundum angenehm. Alles war in Ordnung – wir haben uns wohlgefühlt.  Beim Check-out wurden wir vom Rezeptionisten aufgefordert, Minibar-Artikel nachzuzahlen, obwohl wir die Minibar nicht genutzt hatten und dies klar kommuniziert haben. Auf Nachfrage wurde uns keine Erklärung gegeben, sondern wir wurden wiederholt zur Zahlung aufgefordert – ohne dass uns die entsprechende Rechnung zunächst gezeigt wurde. Unter diesem Druck haben wir schließlich bezahlt. Als wir den Beleg erhielten, standen darauf sechs Getränke, die wir nachweislich nicht konsumiert hatten. Dieses Erlebnis hat einen sehr unangenehmen Nachgeschmack hinterlassen und war für uns nicht nachvollziehbar.",3,2026-02-23 04:19:58+00,0
 Bon emplacement,7,2026-02-23 11:17:47+00,0
" Aparência, elevadores, recepção, localização em frente ao shopping e café da manhã muito bom.  Colchão velho e deformado, enxoval muito surrado e péssima qualidade. Toalhas muito finas, amareladas e sujas com manchas.
Não entendi onde que vertia água. Toda vez que tomávamos banho, depois de algumas horas o banheiro ficava encharcado, isso aconteceu os três dias que ficamos hospedados. Apto 604.",7,2026-02-23 17:26:42+00,0
" Área da piscina é agradável. Café da manhã bom também.  Por várias vezes tivemos que refazer a senha do cartão. hora funcionava no elevador, hora não, hora funcionava na porta do dormitório, hora não.",7,2026-02-23 21:34:36+00,0
E bom.o hotel,10,2026-02-24 04:56:52+00,1
" Localização do hotel, e também do quarto. Hotel mantem uma limpeza boa. O quarto é amplo, e um ótimo chuveiro.  Infelizmente, tive um cabo de carregamento furtado no hotel. Estou atualmente mantendo contato com a administração para o devido ressarcimento, porém até o momento sem sucesso.",7,2026-02-24 12:40:49+00,0
 Location and cleanliness  The charges were a bit confusing initially,8,2026-02-24 20:11:16+00,0
"This is a great hotel for visiting the falls. Perhaps its greatest feature isn't within the hotel itself, but its location. It is directly across the street from the biggest mall in Foz. There is plenty of food options there, along with groceries, sundries, and goods. You can clearly see locals walking around as well, so this is not just a tourist trap mall. The hotel rooms are spacious and comfortable. I do find it odd that there is no iron in the room. Breakfast is included and I felt it was quite nice. Lots of options to choose from. You can order omelettes from the wait staff or a tapioca style of omelette from the buffet table. Good selection of fruits as well. Proteins are limited mostly to hot dog varieties. This seems to be quite common in Brazil.",8,2026-02-24 20:43:50+00,0
O JL está entre os melhores de Foz do Iguaçu.,10,2026-02-25 11:03:39+00,1
" Café da manhã ótimo e funcionários educados. O jantar foi muito bom com entrega rápida no quarto. O quarto é muito confortável e amplo, tudo bem limpo. Gostamos muito da estadia no hotel. A localização é muito boa, em frente ao shopping.",10,2026-02-25 23:22:06+00,1
" 4+ csillag, ultra biztonságos, kedves személyzet, kényelmes ágyak, patika tisztaság, kiváló elhelyezkedés.",9,2026-02-26 07:42:33+00,0
" A localização é muito boa, as instalações são bem confortáveis e a equipe de atendimento é muito prestativa.
Destaque para o Felipe que se desdobrou para nos atender e conseguiu resolver um probleminha de erro na reserva feita através do Booking.com  Achei que o café da manhã poderia melhorar um pouco.",10,2026-02-26 12:41:14+00,1
 Clean  Breakfast,7,2026-02-26 16:00:13+00,0
" Localização excelente, funcionários atenciosos, café da manhã muito bom. Apartamento bem espaçoso, cama enorme. Voltaremos com certeza!  Os preços para consumo no hotel muito caros. Por exemplo, uma garrafinha pequena de água, 10 reais.",10,2026-02-27 02:03:24+00,1
" Excelente o hotel, a localização é ótima!",10,2026-03-01 03:16:43+00,1
 Ótimo atendimento,10,2026-03-01 22:01:53+00,1
 O hotel é super bem localizado em frente a um Shopping. O café da manha é maravilhoso e cada dia são disponibilizado bolos diferentes. A funcionaria que faz a tapioca é super agradável!! Esse hotel é maravilhoso!!  De ter que voltar!,10,2026-03-02 00:17:27+00,1
 Great location. Excellent service. Professional front office staff.  Nothing...,9,2026-03-02 14:16:31+00,0
"Excelente localização infraestrutura e equipe profissionais do Hotel excelente. Café da manhã com bastante opções e variado. Fora que tem opção de tapioca feito na hora pela sra.Raimunda que nos atende e recebe com carinho, afeto e respeitosa com os hóspedes. Área da piscina e limpa e tratada diariamente um local super agradável tanto durante o dia e início da noite. Super recomendo hospedar no Bourbon já estou com saudades🫶.",10,2026-03-02 20:53:13+00,1
" Atendimento, localização e estrutura  Faltou TV smart e preços no restaurantes subiram muito no último ano.",9,2026-03-03 11:19:17+00,0
" Limpeza! Boa localização! Funcionarios atenciosos!  O que sempre faz falta quando me hospedo no JL Bourbon: trocar os cobertores por algo  mais higienico, como colchas ou edredons, que precisam ser cansativamente solicitados!",9,2026-03-04 17:46:44+00,0
 Es muy bueno el hotel.  ...,8,2026-03-05 20:02:22+00,0
 Tudo perfeito,10,2026-03-05 23:13:26+00,1
" こちらの質問や依頼に対して英語で丁寧に対応していただけた  テレビが映らない。
シャワーの温度が低すぎ。",7,2026-03-06 18:58:49+00,0
 Localização  tamanho dos quartos ducha do banho  Colchões velhos é muito mole,7,2026-03-06 20:04:49+00,0
Minha experiencia foi Excelente. Ótimos atendimentos . Eu recomendo!!!,10,2026-03-07 10:08:26+00,1
"Minha experiência foi maravilhosa. O hotel é perfeito, muito limpo e cheiroso. Toda a equipe muito atenciosa, serviço de quarto excelente, café da manhã com muitas opções, inclusive para quem tem intolerância ao glúten.
Super recomendo esse hotel.",10,2026-03-07 10:18:39+00,1
"Estou hospedado a uma semana , restaurante file Mignon com risoto , muito , bom imagina com um Vasio no lugar do File Mignon

Parabens",10,2026-03-07 18:36:25+00,1
" Não possui rampa na entrada, sendo necessário subir uma escada com as malas para chegar na recepção.",9,2026-03-08 01:11:12+00,0
" Conveniently located. Hotel is right across a mall with lots of shops and restaurant choices. 
Also, the hotel offers a generous selection of food for their breakfast buffet .  Amenities like the pool should be ready for use when the hotel declares it to be open at a particular time ( 9am ). When I went down to the pool area to take a dip, the attendant was still cleaning it and we , the hotel guests were allowed to use it only at 9:30am. For someone like me with such a tight schedule at that time, that meant cutting off half an hour from my “pool time “.",8,2026-03-08 11:47:52+00,0
" Conforto e localizacao  Quando o salão do café está mais cheio, a reposição dos alimentos demorou mais",9,2026-03-08 14:51:32+00,0
 Quarto amplo e limpo com toalhas e roupas de cama muito boas. O hotel é bem silencioso mesmo estando em uma das principais avenidas de Foz do Iguaçu. A localização é excelente com um shopping imenso em frente e muitas opções na área de alimentação.  Sinal de Wi-Fi péssimo durante todo o período da estadia. Um dos elevadores deu problema o que gerou alguns transtornos. Ficou 2 dias sem funcionar. Não tem ar condicionado nos corredores dos quartos e também dentro do elevador.,8,2026-03-09 00:25:44+00,0
" Tolle Lage, direkt gegenüber von einem Shopping Center. Das Personal könnte freundlicher sein. Frühstück war OK.  Keine Station für gefiltertes Wasser zum Auffüllen von Flaschen. Lange Wartezeiten am Aufzug.",8,2026-03-09 11:39:47+00,0
 Da limpeza e de ser um hotel com as instalações bem cuidadas. Me foi concedido gentilmente um late checkout  O preço.,10,2026-03-09 11:57:34+00,1
"Excelente desde o manobrista até o garçom do café, acomodações impecáveis, serviço de quarto com camareiras muito competentes. Atenção e cuidados fazem parte deste hotel!",10,2026-03-09 21:41:46+00,1
Excelente estadia. Tudo perfeito.,10,2026-03-10 00:00:00+00,1
"Excelente el hotel, las instalaciones, el servicio, la comida y los funcionarios, todo muy bueno!",10,2026-03-10 00:00:00+00,1
" Apartamento excelente, cama muito boa. Travesseiros a contento. Ducha bem farta. Bom isolamento acústico. Bom café da manhã.",9,2026-03-10 02:01:42+00,0
"Hotel muito bem localizado, em frente ao Shopping cataratas.
Café da manha bom e quarto grande.
Nada a reclamar.",8,2026-03-11 00:00:00+00,0
" Hotel com boa localização e fica em frente ao shopping. Café da manhã bom, mas não surpreende. Quarto bem espaçoso.  Só tinha um elevador funcionando e ainda sem ar condicionado. Os hóspedes se apertavam e suavam. A tapioca do café da manhã era para os que acordavam mais tarde, pois só serviam pelas 07:00h.",8,2026-03-11 01:42:45+00,0
 Breakfast was good and opposite a mall so handy for quick bites to eat.  Plug socket missing from the socket by the bed. Sat in the bar for 15 minutes and ended up leaving as nobody to serve us.,8,2026-03-12 00:27:19+00,0
 we liked everything. breakfast. cleanliness. wifi. location  nothing. we loved everything,10,2026-03-12 02:11:22+00,1
 La ubicación.  Indisponibilidad de la pileta por mantenimiento.,9,2026-03-12 19:37:53+00,0
Quartos muito simples e banheiro sem acessórios. Elevadores demorados.,8,2026-03-13 21:21:29+00,0
 Os funcionários sempre dispostos a ajudar. Excelente instalações e conforto.,10,2026-03-15 00:25:04+00,1
"Quartos lindos, amplos, limpos, café da manhã bom, bar excelente",10,2026-03-16 15:47:35+00,1
"É um ótimo hotel, atendimento excelente, café da manhã primoroso, bem central, farmácia e restaurantes na vizinhança, defronte ao Shopping melhor da cidade e que facilmente recomendaria aos meus amigos",10,2026-03-17 00:00:00+00,1
"Lack empathy of your restaurant staff!

ur staff are the worst and rude !

already told the staff, that i had a headache and loud of a tourist group worsen my symptoms.

they refuse, and said ""u can't sit here"".

we ate only 30 minutes.

every staff wants to back home soon and don't want to clean up another table isn't???

it's better for you to resign and the management can replace your position with another good manner staff!
keep in your mind, your salary come from the guest..",2,2026-03-17 07:34:29+00,0
 Habitaciones amplias. Sábanas y almohadones suaves.,10,2026-03-17 11:31:19+00,1
 O acesso ao hotel para quem tem carrinho de bebê não é dos melhores … é o único ponto que precisa melhorar … o restante… tudo excelente.,10,2026-03-18 11:14:32+00,1
" Localização perfeita!!
Instalações ótimas, funcionários receptivos. Muito bom mesmo!  A qualidade dos itens do café da manhã pode melhorar. 
Recomendo colocar tampa no lixeiro do banheiro.
Seria interessante ter travesseiro mais baixo/fino.",10,2026-03-18 14:41:58+00,1
" Os ambientes do hotel são extremamente limpos e bem cuidados. O serviço de camareira foi impecável durante toda a estadia, demonstrando atenção aos detalhes e padrão de qualidade consistente.  A experiência como um todo foi bastante negativa, principalmente pela condução da equipe diante dos problemas ocorridos.

Houve falhas estruturais durante a estadia (como o não funcionamento das TVs nos quartos), que poderiam acontecer pontualmente, porém o que realmente comprometeu a experiência foi a falta de agilidade, preparo e empatia da equipe na resolução da situação.

Em diversos momentos, percebi uma postura pouco proativa, com demora na resposta e ausência de soluções efetivas no tempo adequado, o que gerou desgaste desnecessário e impactou diretamente na qualidade da hospedagem.

Além disso, mesmo após o ocorrido, a tratativa posterior não foi suficientemente resolutiva, com compensações apresentando limitações que dificultam sua utilização, prolongando a insatisfação.

Diante disso, a experiência final foi abaixo do esperado para o padrão da rede.",1,2026-03-18 14:53:39+00,0
O hotel é excelente e bem localizado com destaque para a tapioca que é sensacional e d Raimunda foi muito atenciosa…,10,2026-03-19 11:26:35+00,1
 da acomodacao  cama dewconfortavel..muito mole..,10,2026-03-20 00:02:26+00,1
"Hotel incrível! Localização perfeita.
Acomodações ótimas, serviços ótimos.

Melhoraria apenas alguns pontos específicos (Apenas colocar tampa no lixeiro do banheiro e opção de travesseiro mais baixo).",10,2026-03-20 15:36:24+00,1
 Limpeza e equipe da recepção.,10,2026-03-20 21:55:00+00,1
" Tudo certo. Já é a segunda vez que fico no Hotel. Nada a reclamar. Atendimento, localização, Quartos, limpeza, shopping em frente.  Nada a pontuar.",9,2026-03-21 09:38:04+00,0
Rapport qualité prix excellent.,10,2026-03-21 22:46:27+00,1
" High standard hotel, beautiful rooms, great breakfast, I enjoy stay a lot. Great location, in front of shopping centre, very helpful",10,2026-03-22 16:44:40+00,1
" Bom, bastante opções  Café tradicional frio",10,2026-03-23 11:02:50+00,1
"Nice rooms and central location,
Very surprised for a 4 stars hotel to pay for little water bottles. No kettles in the rooms and no tea bags, or coffee for a country famous for coffee!!!! no ironing facility as well",6,2026-03-23 12:16:11+00,0
