text,rating,date,class
"Localização excelente! Hotel limpinho e cheiroso. Ótimo atendimento, com certeza nos hospedaremos novamente.",8,2024-01-01 13:12:54+00,0
 Atendimento e preocupação com a atualização da estrutura predial são pontos altos do hotel.,10,2024-01-02 00:33:01+00,1
"Hotel bom, limpo e organizado.
Mas quero deixar meu agradecimento ao Thiago atendente da recepção, bastante simpático e educado.",10,2024-01-02 19:40:37+00,1
" Tudo tranquilo  Só falta recreação para as crianças, mas é só uma sugestão",8,2024-01-03 18:35:33+00,0
" Quarto grande e bem iluminado, excelente localização, café da manhã muito bom.  Tudo perfeito.",10,2024-01-03 23:49:24+00,1
 la atención de adilson un genio el personal en su excelente  volveré con mi familia muy pronto  que me cambiaron la atención de la pileta de un año para otro el bar de la pileta ya que es mi cuarta quinta vez que voy,10,2024-01-07 03:11:12+00,1
" Café da manhã, elevador, piscina, lanchonete  Preço alto para jantar no restaurante",9,2024-01-07 13:48:04+00,0
"Nos encantó. Muy limpio, buena habitación, muy buen desayuno, piscina y sala de juegos niños. Todo impecable!. Sin duda volveriamos.",8,2024-01-07 22:09:47+00,0
"Hermoso hotel!!
El personal tan amble , tan sonrientes !
Bello todo!!",10,2024-01-08 12:31:11+00,1
"Sem dúvida um ótimo hotel! Funcionários da recepção sempre com sorriso no rosto( isso faz muita diferença no atendimento), mas todo o pessoal do hotel foi muito cordial e simpático. Café da manhã maravilhoso com variedade de pães, bolos, sucos, frutas , frios , iogurtes! Difícil não ter algo que não agrade!  As instalações são ótimas! Fiquei num quarto maravilhoso! Tem uma boa piscina que para as crianças é o melhor divertimento! Parabéns a todos da equipe do hotel que contribuem para a perfeita estadia dos hóspedes!",10,2024-01-09 19:50:29+00,1
muy bueno,8,2024-01-11 00:00:00+00,0
 Do atendimento  Do ar condicionado,8,2024-01-11 13:36:48+00,0
" Atendimento  Higienização do bwc
Ar condicionado não atendeu o calor do momento",7,2024-01-11 23:31:30+00,0
" Piscina , bar  Ar muito fraco gelava pouco ,
Quarto e bw precisam de uma repaginada 
Tá bem ultrapassado pois o hotel 
É muito bom no geral",7,2024-01-11 23:45:29+00,0
"péssima experiência. Tinha uma barata no quarto, pedi para trocar, mas disseram que não era possível devido à lotação do hotel. 
Pedi um macarrão, o queijo ralado estava com bolor, pedi para trocar e mandaram um igual. 
Café da manhã ruim",4,2024-01-12 00:00:00+00,0
"Quarto antigo não é moderno
Cofre não é digital e as chaves não funcionam.
Guarda roupa escuro e pequeno
Piscina ótima
Jacuzzi ótima
Recpcao amável
Localização excelente
Comida boazinha",8,2024-01-12 12:23:11+00,0
"Um bom hotel, coisa não muito sofisticado, mais legal, recomendo.",10,2024-01-12 23:40:12+00,1
 Conforto  Não tem,10,2024-01-13 11:42:29+00,1
"Lugar lindo, bom espaço só a limpeza do quarto podia melhorar",8,2024-01-13 15:07:09+00,0
" Acomodação,  café da manhã, e atenção dos funcionarios  Tinha  inseto no quarto ( baratas ), necessita  de uma dedetizacão",10,2024-01-13 15:08:17+00,1
" Simplesmente perfeito!! Eu recomendo de olhos fechados. Hotel extremamente limpo, funcionários educados, com certeza voltarei. Foi a melhor estadia que já fiz pelo booking, parabéns!",10,2024-01-13 17:46:40+00,1
Muito satisfeita com a estadia do hotel,10,2024-01-14 00:00:00+00,1
 Sauberkeit  Nichts,10,2024-01-14 03:29:43+00,1
" Da localizacão  e do tamanho do quarto.  As instalações são antigas, o ar condicionado barulhento e sem regulagem. Chuveiro barulhento, banheiro com ""cheiro""  forte e sujeira atrás da porta do banheiro (bastante cabelo).  Colchão mole demais",5,2024-01-14 11:38:48+00,0
"Tudo bom café da manhã, estacionamento, comércio perto e onibus de ida e volta da cidade de comprar no Paraguai e Argentina na
porta",10,2024-01-15 00:00:00+00,1
" Hotel fabuloso. Limpeza impecável, funcionários educados e gentis. Piscina maravilhosa.",10,2024-01-15 11:46:52+00,1
 la amabilidad de todo el personal  faltaría un bar 24hs,10,2024-01-15 15:50:51+00,1
" Amamos nossa estadia! Foram dias incríveis! Tudo muito bom... Funcionários, limpeza, café da manhã, o quarto, piscina... voltaremos com certeza!  Não tenho nada pra reclamar!",10,2024-01-16 13:08:32+00,1
"Hotel muito bem localizado, com estacionamento cortesia (isso é raro), funcionários simpáticos e eficientes.

O café da manhã tem uma boa variedade.

O quarto é espaçoso e silencioso, mas no que fiquei tem uma lâmpada ou alarme, numa sanca de gesso, que ficou piscando a noite toda. Isso atrapalhou o meu sono. Informei à recepção e prometeram resolver, mas a minha noite de sono já era! No dia seguinte tive que dirigir com sono, em plena BR 277.

O banheiro é bom e limpo. Única ressalva é quanto à existência de um ""bidê"" daqueles antigos (e antiquados), que poderia ser substituído por ducha higiênica.

Não usei a piscina, mas estava bem convidativa.

Destaque para o chá cortesia, oferecido das 17h às 17h40, mas o salão onde ele é servido tem poucas mesas. Quando liberou mesa, já estavam recolhendo tudo.

No geral o hotel é bom.",10,2024-01-16 13:50:48+00,1
" Hotel muito bom no geral: A localização é muito boa, para quem vai ao Paraguai, o ônibus de linha para a 50m da entrada, de carro fica num ponto central às atrações da cidade, Usamos o restaurante para o café da manhã e jantar, a variedade e das opções é grande, sempre com 3 opções de proteína animal e o café da manhã atende a vários gostos.
A piscina e jacuzi tem um bom tamanho e é boa para crianças e adultos. 
Os quartos são espaçosos e o ar condicionado e elevador cumprem a função.",8,2024-01-17 00:16:19+00,0
 Quarto e banheiro bem amplos e confortáveis. Piscina grande e bem limpinha. Cafe da manha variado. Estacionamento seguro e sem cobrança extra. Bom serviço de quarto.,9,2024-01-17 12:02:40+00,0
 Localização  O colchão da cama é de mola antigo e é extremamente desconfortável.,4,2024-01-18 01:01:25+00,0
 Bom custo-benefício,8,2024-01-18 11:09:53+00,0
" O atendimento é excelente, os quartos são espaçosos e confortáveis, o café da manhã é ótimo. A localização é muito boa, perto de shopping e restaurantes.  Nada a reclamar!",10,2024-01-19 10:24:20+00,1
"Estadia boa! Ponto positivo para o café da manhã, muitas opções. Atendimento excelente, tinha feito uma reserva com camas de solteiro pois era a única opção e chegando lá eles alteraram para um quarto com cama king super confortável. A limpeza também não deixou a desejar. Com relação ao Hotel acredito que está faltando manutenção, piscina, banheiro, lençóis novos.",10,2024-01-20 00:00:00+00,1
" O café da manhã é excelente, com muitas opções, tudo sempre fresquinho e de boa qualidade  O jantar servido no hotel precisa ser melhorado, poderiam no mínimo incluir feijão nas opções.
As opções de saladas são reduzidas, para aumentar a variedade disponibilizam conservas.
No tocante à qualidade, é inquestionável que são boas, mas faltou aquele prato que te dê vontade de repetir ou que te traga lembrança do restaurante.

A iluminação do quarto é péssima, precisam melhorar isso com brevidade, o exaustor do banheiro faz muito barulho e parece que vai decolar, e a iluminação do box fica muito fraca.",8,2024-01-20 12:00:03+00,0
 Excelente desayuno y cena  Nada,10,2024-01-21 13:05:17+00,1
" El hotel en relación precio y calidad muy bueno , la ubicación  Al llegar al hotel , me percaté que el aire acondicionado no estaba funcionando  al momento de reclamar en recepción me dicen que ahora mismo iban a llamar a manutención cosa que nunca pasó , cuando volví a reclamar en recepción , la respuesta fue que debo esperar que el aire suele tardar en enfriar ( ya pasó 2 hrs ) después de mucho insistir y esperar llego el de manutención",9,2024-01-22 01:18:00+00,0
" O hotel é antigo e tem uma aparência um pouco cansada nas áreas comuns. O quarto, porém, estava renovado e tudo funcionou perfeitamente. O café da manhã é muito bom. No saguão do hotel há um estande de agência de viagem no qual é possível agendar os principais passeios de Foz. E, para quem vai a trabalho, o local também funciona bem por sua localização central.  O atendimento na recepção poderia ser mais cordial e algumas áreas comuns merecem algum trabalho de renovação, para eliminar odor de mofo e melhorar a pintura e aparência. Um dos membros do nosso grupo também ficou em um quarto em que o banheiro era bastante antigo, mas no quarto em que fiquei o banheiro estava ok.",8,2024-01-22 12:51:47+00,0
" O Hotel é excelente. Os funcionários são muito legais e nos tratam com carinho. Os garçons são espetaculares, tanto no café da manhã como nos jantares. O estacionamento é bem amplo e grátis. Esta foi a nossa terceira estadia neste hotel, e sempre retornaremos lá.  Tudo perfeito.",10,2024-01-22 14:00:52+00,1
 El hotel es bastante lindo. La habitación muy espaciosa. Desayuno excelente.  La pileta un poco chica pero en Foz casi todos los hoteles son así.  El aire del cuarto no funcionó. Reclamé en recepción   dijeron q iban a mandar el técnico pero el segundo día fue igual. Pasamos bastante calor las 2 noches. El personal no es muy amable excepto los mozos de la pileta.   Es nuestra segunda visita al Continental Inn y tengo dudas si habrá una tercera.,8,2024-01-22 18:29:03+00,0
"1 estrela pq não tem como dar zero.
Não consigo ser atendido na recepção (esperei 20 minutos em pé e desisti)

Recebemos uma ligação 6:00 da manhã no quarto fazendo umas perguntas sem sentido. Se for algum tipo de brincadeira, parem com isso. Viajei com idosos que fizeram uma viagem cansativa e chegamos tarde na noite anterior. Nunca vi um HOTEL não deixar os hóspedes DESCANSAREM.

Não tem nenhuma facilidade (passador de roupa, etc). Tudo de qualidade inferior ao esperado.

Detalhe pequeno: WIFI NÃO FUNCIONA e elevadores também não",2,2024-01-23 11:12:21+00,0
" Ótimo padrão de hotel, tudo funcionando perfeitamente,
O café da manhã é bom,  Garagem descoberta e do outro lado da rua, 
Poderiam deixar mais travesseiros nos quartos, 
A Luz do quarto poderia ser melhor,",10,2024-01-23 13:47:33+00,1
" Em primeiro lugar da gentileza do pessoal da reserva que rapidamente aclarou minhas dúvidas com informações valiosas. O  serviço de transfer do aeroporto ao hotel foi rápido e eficiente. O atendimento primoroso na chegada pelo pessoal do check in . Apartamento ótimo, com boa decoração, banheiro excelente, tudo muito limpo . Toalhas e roupas de cama excelentes e  imaculadas.  Travesseiros maravilhosos.  Ar condicionado perfeito. A área da piscina bem cuidada , com sala de jogos, hidromassagem com água quente e serviço de bar muito bom. Nota marcante é a simpatia do pessoal que atende esse setor, adoráveis. A piscina, grande e bem tratada, é um paraíso após um dia de passeios. Relaxamento total ! O café da manhã é  de ótimo nível, contando com boa quantidade e variedade. Os produtos apresentados são de ótima qualidade e o pessoal que lá trabalha é de uma simpatia cativante. A localização é perfeita, taxis na porta, shopping a curta distância . Tivemos uma estada maravilhosa ...Voltaremos em breve !  A  Tv  com poucos canais e a pizza que pedimos na piscina deixaram a desejar.",9,2024-01-23 14:24:29+00,0
" La atención, simplemente impecabel  Solo como observación a mejorar... hubo muchos platos con d masiado sal",9,2024-01-24 00:04:21+00,0
" Quartos muito bom , piscina ótima …tirando o atendente do balcão com mau humor os demais funcionários muito prestativos e queridos  Pedi um quarto quádruplo e nas letrinhas pequenas dizia ser duas camas de casais .. ok fui reclamar com o atendente me tratou muito indiferente !",9,2024-01-24 12:12:32+00,0
"Fiquei hospedada com a minha afilhada de 18 a 23 de janeiro. Destaque para o atendimento cordial e muito atencioso do Thiago. Sempre com um sorriso no rosto, tirando as nossas dúvidas e perguntando como foram os passeios.
O hotel é bem localizado, perto do shopping. Quarto amplo, bem higienizado. Tivemos um problema no banheiro que foi rapidamente resolvido, sem causar nenhum estresse.
Excelente opção em Foz do Iguaçu.
A única observação é sobre as músicas no ambiente da piscina, acho que não é legal uma piscina repleta de crianças  e de fundo músicas sertanejas com letras bastante controversas. A trilha sonora poderia ser mais eclética e tomando cuidado com o tipo de música.",10,2024-01-24 20:17:05+00,1
 o quarto é bem confortavel e espaçoso.  o café da manha tinha bastante opção porém repetitivamente as mesmas coisas e algumas opções de pões meio secas.,10,2024-01-25 13:33:29+00,1
"Local lindo, bonito aconchegante,com piscina elevador panorâmico!",10,2024-01-25 19:18:06+00,1
 Tudo maravilhoso!!  Estava tudo perfeito 👏🏻,10,2024-01-25 21:56:31+00,1
" Gostamos muito da educação e simpatia dos funcionários. Refeições maravilhosas, piscinas limpas ..tudo excelente  Nada a declarar",10,2024-01-27 01:04:23+00,1
"Hotel com uma excelente localização. Pertinho do shopping, farmácias, locais para comer à noite e das principais atrações de Foz do Iguaçu. Atendimento excelente dos funcionários. Muito educadas e prestativos, nota 10. A piscina maravilhosa. Elevador para os quartos. Café da manhã com muita variedade. Tudo fresquinho. Só uma observação: A noite fui no restaurante do hotel com meu filho e estavamos de bermuda e chinelo, os garçons nos olharam com desaprovação e não nos deram atenção, como aos demais hóspedes bem vestidos. Acho que os hóspedes tem o direito de ir a qualquer espaço do hotel com a roupa que se sentem mais confortáveis. Fora esse incidente foi tudo maravilhoso!",10,2024-01-27 14:18:20+00,1
" localizacao, cafe da manha muito bom , hotel bem confortavel  estacionamento poderia ser gratis",10,2024-01-27 17:33:42+00,1
"Todo ambiente hotel limpo, banheiro conservado, piscina otima, garagem sempre com vagas disponivel. recepção e atendimento excelente.
Unica observação... Cafe da manha excelnte, mas jantar pratos  poderia ter uma variedade de carnes diferentes, apesar de ser muito bom.",10,2024-01-28 00:00:00+00,1
" Desayuno y la cena buenisimo, amplia piscina, camas comodas  Un señor de recepcion, y el aire de la habitacion que enfriaba poco.",9,2024-01-28 05:29:46+00,0
Foi legal  manero,10,2024-01-29 13:19:55+00,1
Muito bom....,8,2024-01-29 15:09:17+00,0
 Quartos e instalações em geral muito limpas.,10,2024-01-29 15:43:27+00,1
" Su ubicacion , estacionamiento e instalaciones  Que permitan tomar bebidas alcohólicas en vaso de vidrio dentro de la piscina.",10,2024-01-29 16:35:39+00,1
" É um hotel mais antigo, porém muito confortável. Funcionários atenciosos e café da manhã bem gostoso.
Além disso, como estava viajando com a minha bebê, eles disponibilizaram prontamente um berço para o quarto, foi muito útil!",10,2024-01-30 00:35:33+00,1
" Tudo  Cobrança da taxa turista, pois já pagamos um valor legal mais taxas e no final ter mais outra taxa",10,2024-01-30 01:13:40+00,1
" Le très bon rapport qualité prix et le personnel vraiment aux petits soins.
On apprécie aussi la piscine et le fait qu'une agence de voyage soit dans l'hôtel. Ce qui est très pratique  La literie un peu molle (mais ça peut plaire).
Et là télévision qui ne fonctionnait pas bien (mais comme je ne la regarde quasi pas ce n'est pas.grave)",9,2024-01-30 04:41:42+00,0
" Funcionários solícitos e gentis, piscina grande.
Pelo preço existem opções muito melhores na cidade, não achei um custo benefício bom, não voltaria.  Instalações super antigas, banheiro cheirando esgoto e xixi, ar condicionado com cheiro ruim também oq contaminava todo o quarto, Wi-Fi horrível extremamente instável, elevadores velhos e pequenos, estacionamento apertadíssimo pra estacionar porém você pode pedir pro manobrista colocar.",3,2024-01-31 01:35:32+00,0
" De tudo . No geral muito bom atendimento,  qualidade e conforto  Musica muito alta na piscina, mas pedi para abaixar e tudo ok.",10,2024-01-31 11:37:36+00,1
" Refrigerator in the room.
Breakfast: good choice.  Old furniture in the room. 
Quite expensive for the quality of room.
Too far away from center.",7,2024-01-31 23:29:24+00,0
 Todo me gusto,9,2024-02-01 21:56:23+00,0
" El hotel amplio, las habitaciones super cómodas, limpias, el desayuno increíble.
Nos quedamos muy poco pero sin duda vamos a volver  No hay nada que no nos haya gustado",10,2024-02-02 21:49:16+00,1
" El personal muy amable
Las instalaciones están bastante bien  Las fotos de booking si bien son reales, hacen parecer la pileta y las instalaciones muchísimo mejor de la realidad.",9,2024-02-03 14:25:15+00,0
" Staff was awesome, room was very clean. Restaurant was great. There is soft live music at the swimming pool. Water in the pool is pleasantly warm.  Equipment and finishing of the room could be newer. Feels too much humid inside the room.",8,2024-02-04 00:46:47+00,0
 Local  Nada,10,2024-02-05 08:42:02+00,1
" Fui muito feliz em escolher o hotel Continental Inn. Quartos muito amplos, no meu até banheira de hidro tinha, funcionários muito atenciosos, limpeza nota 10 e preço bom. A localização também é muito boa e o  Café da manhã é maravilhoso.  Eu e meu marido gostamos de tudo. Nada a reclamar e nem a colocar como ponto negativo. Tudo lá é de primeira qualidade. Toalhas novas e muito cheiroso o quarto.  Ele fica perto do Shoping JL.. Fomos andando ao Shoping",10,2024-02-06 02:35:56+00,1
Excelente,10,2024-02-06 17:43:24+00,1
"Bom atendimento, excelente profissionais, serviço nota 1000.",10,2024-02-08 14:58:35+00,1
" I slept 9 nights in the hotel....i had big room with big mirror .with bath and wirpool..room was quiet. My .bed was very comfortable.and big ..i had trezor and  full fridge..( price was good) .every day the cleaning service cleaned and changed towels and replenished hygiene items...pool was nice with small  jacuzzi good for relax ..with bar where you can have drink and food too... was nice surprise for me evening....the singer played the guitar..very nice ❤️👌..
No so much personál speak english..but is always sombody  which speak english and can help .. personál is  really very good  and  friendly👍👌..
Breakfest was always fresh and constantly supplemented (.no problém.if you come 15 min beffore 10.00👍.).was diverse and  tasty..
Close to the hotel is a lot restaurants.. nice shopping center..5 min walk....place is not dangerous... 
 I felt very comfortable in the hotel and if I visit this place in the future, I will definitely stay here...
Thank you for nice tíme..😊
Anna .  Only 1. I missed vegetables at breakfast....",10,2024-02-08 16:35:37+00,1
"Antigo, mas confortável.  Café da manhã surpreendente,  inclusive com nespresso...
Otimo custo benefício.",10,2024-02-09 00:00:00+00,1
" De tudo, maravilhoso! 😍",8,2024-02-10 13:00:15+00,0
" Do espaço, localização e piscina.  Toalhas e falta de toca de cabelo.",9,2024-02-12 12:08:03+00,0
" O atendimento é incrível e certamente um diferencial para o hotel, raramente encontramos uma equipe tão cordial, respeitosa e atenciosa, eles fizeram o dia do aniversário do meu filho ser inesquecível, A comida também é excelente tanto o café da manhã quanto as refeições servidas a la carte ou no buffet, quartos espaçosos, limpos e confortáveis. A localização também é privilegiada próxima a restaurantes, farmácias e fácil acesso a transporte.",10,2024-02-12 18:21:43+00,1
 Limpeza.  Ar condicionado antigo.,8,2024-02-14 14:38:38+00,0
 Desayuno  Portones cerrados sin custodia,10,2024-02-14 17:37:45+00,1
Muito agradável.,8,2024-02-14 20:31:09+00,0
 Great location and comfortable atmosphere. The staff was friendly and kind. Some of the staff spoke English and it was very helpful to have that.  We had an extra charge that was not from our room. The staff was able to manage quickly but perhaps the management team could improve their billing system to avoid confusions.,8,2024-02-14 21:41:55+00,0
 La atención de sus empleados  La pileta podría estar más limpia,8,2024-02-15 01:14:41+00,0
" Se le puede sacar mucho provecho al hotel con la piscina y en jacuzzi, personal muy amable, hablaban en español, no tuve problemas para comunicarme. El desayuno muy variado y exquisito todos los días.  Nada",10,2024-02-15 13:00:39+00,1
" La atención del personal fue excelente, presente en todos los detalles. Muy amables. Acceso muy bueno y fácil.
Pileta muy buena y una salsa de juegos acordé para los niños.",10,2024-02-15 14:25:59+00,1
 Cafe da manhã maravilhoso...,10,2024-02-17 12:59:20+00,1
" Café da manhã muito variado e gostoso. Recebemos um upgrade do nosso quarto, uma grata surpresa! Equipe sempre bastante atenciosa e um ponto positivo é que tem um ponto de táxi do lado do hotel, chamar uber nessa cidade é complicado, sempre muito demorado e maioria das vezes nem acha motoristas.  Foi tudo ok.",8,2024-02-17 15:28:42+00,0
Ótimo café da manhã e piscina,8,2024-02-17 16:13:34+00,0
"Experiência incrível!! O hotel é maravilhoso, o café da manhã espetacular.. As áreas de lazer são bem cuidadas. Amei e voltaria com certeza!",10,2024-02-19 12:09:56+00,1
"Maravilhosa experiência
Super recomendo 😃",10,2024-02-19 18:14:37+00,1
" Localização excelente e fácil acesso, estacionamento, atendimento de toda a equipe.  Café da manhã excelente tb",10,2024-02-20 02:39:42+00,1
" Las instalaciones siempre limpias y amplias muy cómodo, el personal siempre amable
Excelente precio-calidad  El agua de la piscina un poco turbia",8,2024-02-20 10:27:19+00,0
"Um funcionário falou para nós quando estávamos indo embora: ""espero que vocês estejam levando boas lembranças daqui"" e de fato levamos. Hotel agradabilíssimo, com funcionários super cordiais e uma área de lazer ótima. Café da manhã muito completo, além de todo o restaurante que conta com serviço ao longo do dia de ótima qualidade e com muitas opções diferentes. A localização é muito boa, próxima de cafeterias, restaurantes e farmácias e conta com estacionamento no local. Super recomendo!",10,2024-02-20 22:10:36+00,1
" É um hotel ""alto astral"", bem localizado, confortável e com excelente custo-benefício.  Os funcionários são muito atenciosos e simpáticos, e gostei da agradável área em torno da piscina.",9,2024-02-21 03:56:11+00,0
" Quarto amplo e aconchegante  A area da piscina nao está como na foto, qdo fui tinha uma lona no fundo da foto com mesas embaixo. Não ficou legal.
A piscina também poderia ser aquecida.",9,2024-02-21 10:28:07+00,0
" Limpeza, tamanho e cordialidade dos funcionários",10,2024-02-22 10:34:29+00,1
Inesquecivel!!,10,2024-02-22 15:02:50+00,1
 Atendemento Bom. Cafe da manha Boa.,9,2024-02-23 04:46:22+00,0
"Hotel maravilhoso!! Quarto grande, cama boa, travesseiro macio, lençóis limpos. Banheiro grande, chuveiro maravilhoso,  água quente e forte.
A localização é muito boa. Próximo ao shopping JL. E o ônibus que vai pro Paraguai passa na porta.
Restaurante muito bom.",10,2024-02-23 11:05:50+00,1
" La limpieza es excelente y su personal EXCEPCIONAL. La calidez, amabilidad y atención de su personal es lo que mas destaca de este hotel. Va a ser mi primera opción en mis próximos viajes a Foz sin dudas. Felicitaciones  No hay absolutamente nada negativo que pueda decir",10,2024-02-23 12:45:26+00,1
 Todo,10,2024-02-24 00:38:21+00,1
ótimo atendimento. Bem localizado. Bom custo-benefício,10,2024-02-25 00:00:00+00,1
" Gostei de tudo, ficamos num quarto top, com 2 camas de casal, super atendeu minha família, e a praticidade de ter secador no banheiro.  O ar estava fazendo um barulhinho e a noite parecia que diminuía a potência, mas dava pra dormir tranquilo, e o fato de não ter os canais liberados.. Netflix, YouTube.. Pra quem tem criança, pelo menos YouTube já tava bom.",10,2024-02-26 01:59:41+00,1
" La.comida,el personal y la piscina  Estaba todo bien",10,2024-02-26 22:59:18+00,1
"Quarto e banheiro espaçoso, cama King size mas o colchão não é ortopédico, apesar de ter instalações/equipamentos antigos tudo funciona muito bem. Piscina grande e com móveis/guarda sol muito bom (melhor do hotel). Restaurante bom e café da manhã muito bom. Colaboradores atenciosos. No geral o hotel é muito bom.",8,2024-02-27 15:10:16+00,0
 El desayuno.  El hotel es lindo.  Un poco antiguo pero tiene todo para tener una buena estancia.,9,2024-02-28 02:09:05+00,0
"Pasamos dos  días con noche incluido con ellos y la pasamos excelente, tienen una pileta hermosa, con música y mesas alrededor donde tienen servicio de cosas también. Sala de juegos y la comida es muy buena y abundante.",10,2024-02-28 15:14:51+00,1
" Por segunda vez utilizando o hotel. O atendimento  sempre primoroso do pessoal da piscina/ bar e do pessoal do salão de café, gentís e atenciosos nos fazendo sentir à vontade. O jantar do restaurante Tom Jobim no hotel, foi primoroso. Alimentos e opções agradáveis bem como o atendimento impecável.  O entorno da propriedade  é  tranquilo e com boas opções de restaurantes e a curta caminhada do shopping center.  Apartamento com limpeza primorosa .  Tv com um minimo de opções  e corredores do hotel  quentissimos.",9,2024-02-29 15:54:00+00,0
" el desayuno, maravilloso  que no todos hablaban español siendo que somos todos vecinos.",10,2024-03-01 15:02:21+00,1
 Localização e espaço do quarto  Toalhas muita velhas,7,2024-03-04 02:17:53+00,0
 custo beneficio,8,2024-03-04 12:37:13+00,0
Muy buen servicio!,10,2024-03-07 00:05:24+00,1
"Un hotel muy agradable y cerca a muchos lugares recreativos, excelente para visitar en familia o con amigos",10,2024-03-08 22:41:50+00,1
"Located in down town, only 25 to falls. Bed comfortable, breakfast food free parking lot,",8,2024-03-09 00:00:00+00,0
"Me encantó el hotel. La habitación amplia, limpia. Los espacios comunes super disfrutables. Todos muy amables. Desayuno impecable. Volvería a elegirlo.",10,2024-03-09 12:40:45+00,1
" Ótimo hotel, café da manhã excelente, piscina  maravilhosa.",9,2024-03-12 13:08:23+00,0
Muy buena ubicación cerca del centro y para ir a hacer compras 🛍 en Ciudad del Este.,8,2024-03-12 17:03:14+00,0
"Estivemos no hotel onde ficamos por 5 dias. Em se tratando de atendimento, limpeza, cardápio, segurança, tem quartos grandes; dou nota dez. Fica próximo a um shopping. O centro comercial fica um pouco distante mas nada que em uma boa caminhada não resolva.",10,2024-03-14 22:28:13+00,1
Está sendo muito bom 😃,10,2024-03-17 01:39:32+00,1
" Quarto grande e camas confortáveis, café da manhã perfeito. Piscina agradável e espaçosa. Para uma viagem em família de vários dias ou somente de passagem é excelente em todos os sentidos. Garagem prática com elevador direto até o andar dos quartos. Pessoal muito atencioso e dedicado.",10,2024-03-17 10:58:38+00,1
"Foi incrível nossa estadia. Excelente Café da manhâ com muita variedade, capricho e bem arrumado. Iimpeza dos quartos muito boa. 
A piscina é linda, mas precisa ser limpa. Tem sugeira agarrada nos ladrilhos.",10,2024-03-19 00:00:00+00,1
" De tudo , nada a descordar  Gostei muito  de tudo , vcs são os melhores de Foz",10,2024-03-19 19:49:51+00,1
"Hotel muito bom, comida ótima, serviço excelente, funcionários educados e atenciosos",10,2024-03-22 00:43:27+00,1
Estadia agradável e sem contratempos. Recomendo.,10,2024-03-25 00:00:00+00,1
"O hotel é bem localizado, com restaurantes, farmácias e shopping por perto.
Optamos por não alugar carro e, conseguíamos sempre carro de app por bons preços. 
Os colaboradores são mt atenciosos.
No Hall sempre tem uma água saborizada para refrescar.
O quarto tem um bom tamanho. Cama bem confortável e, chuveiro relaxante. 
O café da manhã é um destaque, com muitas opções. 
O chá da tarde tem um chá e algumas bolachinhas, que tornam bem prazeroso após chegar de um passeio. Só um detalhe, acho q poderiam colocar café preto para tornar a experiência mais completa.
Não usamos a piscina, mas a parte de lazer é bem gostosinho no fim da tarde.
Voltaria a me hospedar.",6,2024-03-25 00:00:00+00,0
"Sehr schönes Hotel, sauber und freundliches Personal.",8,2024-03-25 10:06:02+00,0
 Um lugar bem aconchegante.  Sistema de transporte por aplicativo,10,2024-03-26 13:04:24+00,1
 Bom atendimento  Corredor muito quente,9,2024-03-26 16:06:51+00,0
" Tudo excelente. Ótima localização. Apesar de não ser um hotel novo, tudo é muito bom. Nos quartos, colchão e roupas de cama boas e limpas. Banheiro com bom chuveiro, toalhas, secador de cabelo pequeno. Televisão com bom tamanho, canais suficientes. Internet de acordo. A área da piscina é ótima, aberta até tarde, fornecem toalhas. O café da manhã é muito bom, os sucos maravilhosos, opção de café passado e de máquina. Serve almoço, jantar buffet ou a la carte, cardápio de lanches na piscina, tudo gostoso. Comida e bebida com preço muito justo, sem os excessos dos hotéis, assim você não vai nem precisar sair para comer. Estacionamento sempre tem vagas na parte externa e cabem carros de qualquer tamanho. Empregados educados, fomos muito bem atendidos.  Não tira o mérito da estadia. Somente sugestões. Ajustar melhor as portas dos quartos para que não tenhamos que bater e fazer barulho. Rever a confecção dos bolos.",10,2024-03-26 18:36:17+00,1
"Excelente localização. Atendimento nota 1.000, da recepção, ao restaurante e ao bar da piscina.
Tudo muito limpo, atendimento diferenciado pela equipe da recepção, em especial Elvis, Isabelle e Thayane.
Café farto e sempre com equipe bem educada.
Equipe do bar sempre em prontidão para oferecer os melhores momentos.
Além disso tudo, uma agência de turismo dentro do hotel com ingressos e dicas de todos os passeios da região.
Estacionamento amplo.
Recomendo e voltarei sem sombra de dúvidas.",10,2024-03-27 00:37:51+00,1
Una maravilla! El mejor hotel de Brasil!,10,2024-03-29 18:44:17+00,1
 Muy bien el desayuno muy variado  instalación bien .  La pileta tenía mucho cloro,8,2024-03-30 01:15:34+00,0
" O café da manhã é impecável, tem realmente muitas opções entre sucos, pães, bolos, iogurtes e etc. A limpeza sempre impecável e os funcionários respeitaram os avisos de não perturbe. Todos muito educados e cordiais, as toalhas eram trocadas na mesma frequência a qual a camareira arrumava o quarto, logo não tivemos problemas quando a acabar tendo que usar uma toalha molhada ou com mau cheiro porque não secou completamente. Todas as informações foram passadas de forma clara e assertiva pela equipe da recepção e a equipe responsável pelo café da manhã estava sempre reabastecendo o que ia acabando e interagindo com os hóspedes para saber se tudo estava em conformidade.

O hotel é bem localizado mas está um pouco distante da avenida principal, precisa andar um pouco para conseguir comer, há um shopping próximo cerca de uns 15 min andando e existem muitas farmácias próximas, também está próximo a fronteira com o Paraguai sendo aproximadamente uns 6 - 7 km para chegar na aduana brasileira.  O sinal da televisão algumas vezes caia algumas vezes e ficava um pouco instável, mas nada que nos incomodasse verdadeiramente",10,2024-03-30 04:27:19+00,1
" O tratamento que os empregados dispensam ao hóspede é sensacional: são todos muito cordiais com naturalidade, sem demonstrar aquela ""obrigação"" e insistência, que muitas vezes caracteriza o trato com o público.  As instalações estão ficando ""envelhecidas"", e muita coisa já requer uma manutenção mais radical.",9,2024-03-30 13:52:19+00,0
"Tudo muito limpo e cheiroso, com funcionários muito atenciosos. Café da manhã excepcional; jantar maravilhoso! Localização excelente; os quartos são muito grande e acomoda bem um casal com filho; piscina limpíssima e área com sala de jogos.",10,2024-03-31 00:00:00+00,1
 Media pensión incluida,9,2024-03-31 02:54:13+00,0
" Las instalaciones muy lindo servicio de piscina.
El personal súper amable. 
Para regresar!!!",10,2024-03-31 04:36:54+00,1
" Muy buen hotel, tiene todo lo que necesitas.
Los espacios son muy grandes y hay muchísimos lugares para relajarse a parte tu habitación. 
El personal del hotel muy amable, disponible h24.
Desayuno excelente, tienen opciones sin gluten bajo petición. 
Hay una agencia de viaje en la hall que te puede enseñar precios y opciones para visitar las cataratas.  Las instalaciones de piscina e hidromasaje se ven un poco más antiguas y diferentes con respecto a las fotografías.",10,2024-04-01 12:25:38+00,1
"Gostei muito da estadia. Não é um hotel novo, mas está tudo de acordo. Os quartos são bons, com roupas de cama limpas, bom colchão, TV de bom tamanho, internet de acordo. A localização é ótima para ir em qualquer lugar. Tem restaurante, pizzaria, padaria, farmácia, acessível para ir a pé. Mas as refeições são muito boas, então nem precisa sair do hotel para comer. O café da manhã muito bom, sucos excelentes, opção de café coado ou de máquina, várias opções de doces e salgados. Servem almoço a la carte, jantar buffet ou a la carte e cardápio de lanches na piscina, tudo gostoso. E os preços da comida e bebida muito justos, sem os abusos, comuns nos hotéis. Sem contar o chá da tarde com biscoitinhos e torradinhas, muito bem vindo. Área da piscina bem agradável. Estacionamento interno e externo, sendo que o externo sempre tem vagas, para carros de qualquer tamanho. Ponto de táxi ao lado do hotel. Empresa de turismo para passeios dentro do hotel. Empregados atenciosos.",10,2024-04-03 00:00:00+00,1
"Hotel muito bom, localização privilegiada, funcionários sensacionais e comida ótima. Super indico",10,2024-04-05 10:38:44+00,1
Experiência,10,2024-04-06 05:19:03+00,1
 El hotel muy bueno en líneas generales  La empresa de taxis que trabaja con el hotel nos quiso estafar y utilizaron nuestros datos para tal fin,5,2024-04-06 16:16:55+00,0
"Excellent location.Within walking distance to The Falls, shopping area and everything. The hotel staff are great and friendly. I will come back to Iguaçu and stay at the same hotel.",10,2024-04-08 00:00:00+00,1
"Otimo atendimento, funcionarios  carismaticicos, Limpeza muito boa tambem , mas cafe da manha fica a desejar muito pão , muitas coisas doce , não existe um equiibreo  e algumas manutenções nos quartos , basicas porem faz falta. Cofre funcionando, luzes. No meu ponto de vista 3 estrelas ele esta bem , mas para 4 não.",6,2024-04-08 00:00:00+00,0
 Comodidade e atenção dos funcionários,10,2024-04-08 00:04:41+00,1
"Bom hotel só só fiquei triste porque não fui orientado direito esperava um buffet para janta quando chegamos lá era alacart
Tirando isso o no mas fui muito bem atendido",8,2024-04-09 15:53:08+00,0
" Tudo perfeito 
Educadíssimos desde a recepção,atendentes,garçom,restaurante",10,2024-04-09 16:13:46+00,1
"Já fiquei em outras oportunidades nesse hotel e achei a estrutura, atendimento dos funcionários perfeito, são gentis, atenciosos, solicitos e uma simpatia fora do padrão dos outros hoteis! O café é maravilhoso e muito diversificado com uma variedade de alimentos pouco encontrado em outros hotel. Seria impossível citar todos nomes dos que trabalham no Continental inn mas mesmo assim vou citar alguns nomes como o Thiago, Teresinha, Márcio, Sebastião, Ancelmo, Costa, Edimar, Cíntia, Thyane, Luz Marina e sem esquecer o Jerre que agora na putra unidade. Desculpe não colocar todos os nomes! Recomendo esse hotel com toda segurança!",10,2024-04-09 17:43:07+00,1
"Terceira estadia nossa ,desta vez dois casais,a falta de manutenção dos banheiros é visível...portas descascando, encanamento vazando,ventilador muito barulhento.Pena pois o serviço em si e os funcionários  são nota DEZ. Café da manhã muito bom.",6,2024-04-10 19:40:36+00,0
"Hotel com otima localização e estrutura , cafe da manha excelente, funcionarios super atenciosos, quarto espaçoso e bem confortavel , restaurante  e bar da piscina com  bastante opçoes com  preços otimos , chopp de primeira e bem gelado .
Tudo muito limpo funcional e bem conservado .
Nos hospedamos por 5 dias em abril/24  foram maravilhosos .
Agradeço a todo staff do hotel pelo carinho e dedicação.
Com certeza voltaremos",10,2024-04-10 21:18:57+00,1
 OTIMO FACIL ACESSO,10,2024-04-11 16:48:42+00,1
 El desayuno y los sullones de masajes  Poca luz en la habitación,9,2024-04-12 01:50:48+00,0
" Todos os colaboradores muito atenciosos e solicitos, nosso voo chegou mais cedo e tivemos a flexibilidade de entrada em horário diferente do check-in, café da manhã com muita variedade. Hotel fica na mesma avenida de restaurantes que não conhecíamos e gostamos bastante (mamute burgers, luigia pizzaria), próximo também possui o restaurante Jerônimo e o shopping, mas a maioria das refeições realizamos no restaurante do hotel, cardápio com bastante opção e valores ok. Tivemos um imprevisto com o ar condicionado do nosso quarto e prontamente fomos atendidos, o retorno do gerente Thiago foi muito rápido.",9,2024-04-13 12:44:59+00,0
"Excellent location.Within walking distance to The Falls, shopping area and everything. The hotel staff are great and friendly. I will come back to Iguaçu and stay at the same hotel.",10,2024-04-13 14:06:02+00,1
" Good value for a one night stay when visiting the falls. Nice big room, comfy bed.  Looks quite tired. Full of coach parties. The restaurant is a buffet, which is fine, but the food wasn't great and neither was the service. It felt completely geared up to the coach parties, it felt like they didn't really expect other guests.",6,2024-04-13 21:04:26+00,0
" Café da manhã, localização do hotel, espaço do quarto.  Atendimento na piscina.",9,2024-04-18 12:41:54+00,0
" Hotel muito bem localizado, no centro de Foz. Hotel muito bom, quarto amplo e muito limpo. Equipe do hotel muito solicita e educada. Café da manhã bom e justo, algo que pode melhorar tendo mais variedades. Piscina muito boa.  Sem apontamentos.",10,2024-04-20 13:03:46+00,1
" Os funcionários são extremamente receptivos e o café da manhã é ótimo  A limpeza do banheiro é péssima, tinha cabelos no chão e azulejos, resto de shampoo do hóspede anterior nas paredes do box, pelos no chão, um horror. Colchão mole demais e cortinas empoeiradas.",9,2024-04-20 14:15:22+00,0
 Desayuno excelente,10,2024-04-21 03:09:53+00,1
" Las instalaciones impecables, la gente del restaurante y del bar, excepcional atencion  Los recepcionistas, poco simpático, no fue buena la expericnencia",8,2024-04-21 15:50:23+00,0
"Tivemos uma experiência maravilhosa nesse hotel, a janta estava perfeita assim como a sobremesa. O chá da tarde com biscoitos estava perfeito também, tudo muito bem pensado para agradar os hóspedes. Quarto cheiroso, limpo e muito confortável. As recepcionistas muito atenciosas, gentir e bem humoradas, atendimento impecável. Infelizmente não aproveitamos a piscina por conta do frio, mas a área externa é muito agradável. Voltaremos mais vezes!!!",10,2024-04-21 16:03:03+00,1
"quartos muito bons e espaçosos. 
Falta uma academia no hotel.
Poucos e pequenos elevadores para muitos hospedes.
No geral é um bom hotel.",8,2024-04-22 00:00:00+00,0
" Un Hôtel Propre, piscine agréable pour les enfants et adultes ( avec Jacuzzi ), personnels parlent Français( TIAGO est très Sympa ), 
Buffet le matin à volonté ( il y a le choix "" Dommage pas de fruit de Dragon ! ).
Chambres spacieuses et Propres  => un peu excentré du centre de la ville ( taxi dispo en bas de la rue "" prix à négocié""",8,2024-04-22 17:14:07+00,0
"O hotel, de maneira geral, é muito bom! Deixa a desejar no isolamento acústico dos quartos. Foi muito difícil dormir com os barulhos no corredor,  promovidopor outroshóspedes.  Ótimo café da manhã. Funcionários muito gentis e educados. 
Ótima relação custo/benefício.",8,2024-04-25 00:00:00+00,0
"Bem localizado, dá pra sair caminhando com shopping bem perto  lugar bonito com uma área de piscina ótima
Atendimento excelente
Tem restaurante e lanchonete com preços  ótimos
Comida e café da manhã muito bom",10,2024-04-28 14:12:09+00,1
" Café da manhã espetacular, camas super confortáveis e área de lazer bem legal",10,2024-04-29 11:55:44+00,1
" Hotel confortável, ótimo custo benefício, localização perfeita!!",9,2024-04-30 01:05:06+00,0
" Achei o quarto antigo, porém foi uma hospedagem satisfatória.",10,2024-04-30 04:25:23+00,1
"Próximo ao hotel tem somente uma farmácia e uma hamburgueria do Madero muito boa. O shopping JL fica a umas 3 quadras do hotel. 
Quartos bons, roupas de cama e banho limpas e cheirosas. O quarto 227 q fiquei é bem espaçoso e adaptado para idosos. 
O café da manhã é bom. Tem muita variedade mas poderia ter mais qualidade. Muitos bolos q acho desnecessário. O Sr Sebastião que atende no café da manhã é especial!
A área do bar da piscina é boa mas poderia ter ar condicionado já q a cidade é muito quente. Parabéns ao menino Gabriel do bar da piscina",8,2024-05-01 00:00:00+00,0
" A educação e gentileza de todos os funcionários, a localização e os preços das bebidas e refeições  O banheiro está precisando de uma atualização",10,2024-05-01 23:28:22+00,1
" Atendimento, quarto bacana, café da manhã muto bom e o.jantar esteve ótimo todos os dias, sem falar da área da piscina que é excelente.  Apenas um detalhe,.mas a.parte de fora do elevador panorâmico necessita de um capricho na limpeza pois parecia bem sujo
Nada que tenha interferido na hospedagem",9,2024-05-02 01:27:34+00,0
" Hotel bom, fácil acesso. Muito limpo.
Café da manhã com bastante variedade.
Recomendo  Senti falta de produtos de higiene pessoal nos banheiros. Situação logo foi resolvida. O hotel tinha itens para venda.",8,2024-05-02 12:15:02+00,0
 ATENDIMENTO DO BAR NA PISCINA,8,2024-05-02 21:05:45+00,0
"Hotel com camas confortáveis, café da manhã excelente, funcionários bem educados e atenciosos e perto do centro. Hotel muito bonito. Vale a pena.",10,2024-05-03 15:21:27+00,1
" Boa localização, estacionamento gratuito, quarto grande com banheiro grande, café da manhã com muitas variedades, boa área de piscina  Acomodações antigas necessitando algumas manutenções: porta sabonete com defeito, pouca iluminação no banheiro e quarto.",8,2024-05-04 11:14:33+00,0
"Meus dias de hospedagem nesse hotel foram maravilhosos! O preço é muito justo pra tudo que oferece: o quarto e a cama são enormes, o que eu adorei para conseguir deixar minhas coisas organizadas. Café da manhã excelente com bastante variedade, tudo sendo reposto a todo momento. Atendimento ótimo pela parte de todos os funcionários e localização excelente, perto de farmácia e vários restaurante, pude sair tranquilamente a noite jantar a pé ou ir a restaurantes a poucos minutos de distância de carro. Amei, voltaria e recomendo demais.",10,2024-05-04 16:08:27+00,1
"Ótima localização, café da manhã com muita variedade, quartos espaçosos, amenities de ótima qualidade, no geral o hotel atende a qualquer necessidade, recomendo.
 Nos hospedamos num final de semana teve música ao vivo na piscina.
Obrigado!",10,2024-05-06 00:00:00+00,1
 excelente cafe da manha um dos melhores de Foz,10,2024-05-06 14:45:05+00,1
" Quarto amplo, espaçoso para quem vai com crianças, tudo aconchegante, a limpeza nota 10 os funcionários são maravilhosos o atendimento em geral é ótimo muito bem localizado",10,2024-05-06 15:19:06+00,1
" Hola quería agradecerles a todo el personal desde que pusimos un pie en el hotel, durante toda la estadía y hasta que nos fuimos la atención es IMPECABLE!!! El Desayuno es INCREIBLE y la Cena también, yo soy celíaca y una de mis hijas vegetariana y en todo momento super atentos para complacernos, las instalaciones bien cuidadas, completas y la limpieza muy buena!! Muchas gracias por todo, volveremos!!! Son Super Recomendables!!!  No tenemos nada para poner porque no hay algo que no nos haya gustado",10,2024-05-07 18:11:37+00,1
 todo  La falta de frazadas,9,2024-05-08 01:05:06+00,0
 Tinha piscina fria e bar  Limpeza da parede da piscina e dos banheiros.,7,2024-05-09 14:30:03+00,0
" El desayuno  Las instalaciones de la habitación se notaban medio viejas, y falta de renovación",8,2024-05-10 00:07:11+00,0
 La atención del personal.,10,2024-05-10 00:48:06+00,1
" ארוחת בוקר מעולה  כל זמן השהות שלנו הג'קןזי לא עבד, בהתחלה הבטיחו שמחר יעבוד אבל אז הסתבר שיש תקלה ואין להם חלקים ובלה בלה....",8,2024-05-10 08:14:03+00,0
 Le petit dejeuner et la piscine,9,2024-05-11 12:04:50+00,0
 Quarto grande e café da manhã maravilhoso com diversas opções para todos os gostos. Fomos de carro elétrico e foram prestativos disponibilizando tomada. Custo benefício é excelente.  O quarto que ficamos já precisa de uma reforma e a área da piscina estava com o piso soltando. O elevador que vai no estacionamento constantemente em manutenção.,10,2024-05-12 22:36:09+00,1
" El desayuno es espectacular, muy completo!!  cierra muy temprano el bar y el salon de juegos",9,2024-05-12 22:42:51+00,0
"Очень чисто! Не новый, но наичистейший отель! Просторные номера. Очень внимательный и приветливый персонал, готовый помочь (розетки, зонтик). Все говорят на английском. В номере есть мыло и шампунь. Есть одеяла.
Вкусная еда в ресторане (был завтрак включён + обедали по меню). На завтрак очень не хватало каши!!! Добавьте, пожалуйста,  кашу в меню! 😀",10,2024-05-13 00:00:00+00,1
 Exelente todo.. muy rico desayuno y la tensión más q exelente,10,2024-05-13 00:23:45+00,1
" Todo el hotel es muy lindo, sus instalaciones.",10,2024-05-13 14:00:26+00,1
" La piscina esta muy bien, las cenas son variadas y muy ricas.",10,2024-05-13 22:14:33+00,1
" O atendimento excepcional, todos os funcionários, sem exceção, muito cordiais, solícitos e prestativos. O café da manhã, também muito bom.  Reserva com meia pensão, ficamos presos a um cardápio com pouquíssimas opções e repetido, e no cardápio normal do jantar, haviam outros pratos que não podíamos solicitar. Não recomendo reserva com meia pensão.",9,2024-05-14 01:38:04+00,0
"Excelente e recomendo.  Excelente café, comodidade,  localização,  atendimento dos funcionários.  Oferecem ainda todos os dias às 17:00hrs um delicioso chá com rosquinhas de cortesia aos hóspedes. Embora seja 4 estrelas não perde quase nada para um de 5 estrelas.",10,2024-05-14 20:51:48+00,1
" Hotel bem localizado, em uma avenida principal da cidade. Tem farmácia na frente e muitos estabelecimentos comerciais no entorno. Fácil acesso à argentina e ao Paraguai e a todos os pontos turísticos da região. Possui um restaurante. Café da manhã muito bom, dentro dos padrões para um hotel 4 estrelas.  Faltou um cuidado no café da manhã no oferecimento de opções para pessoas que possuem estrições ao glúten.",9,2024-05-15 12:42:12+00,0
Hotel excelente fui muito bem atendido. Só não dei 5 estrelas pois fiquei três pernoites e se esqueceram de fazer a limpeza do quarto.,8,2024-05-16 22:42:18+00,0
" Quarto grande , café da manhã o melhor de foz  Tinha um pouco cabelo no chão quarto a trás porta .",10,2024-05-17 02:17:43+00,1
"Hotel é muito bom. Cheguei de um vôo e valeu a pena ter ido pra ele. Ótimo atendimento e café da manhã excelente 
Quarto bem espaçoso",10,2024-05-18 00:00:00+00,1
 A localização é excelente. Café da manhã super completo. Funcionários atenciosos e educados.  A cama poderia ser melhor. Estacionamento coberto é apertado.,8,2024-05-18 00:05:42+00,0
"Me senti como uma rainha neste hotel, os funcionários muito gentis educados, amei ter né hospedado neste hotel.",10,2024-05-18 01:56:13+00,1
" Quarto muito bom.
Café da manhã top.",10,2024-05-18 09:32:27+00,1
" Quartos amplos , limpos ... Café da manhã muito bom , funcionários cordiais e excelente localização!  Algo simples que podem mudar , é o papel de parede dos quartos que já estão muito velhos e rasgados",10,2024-05-18 12:30:51+00,1
 café da manha bom e localizacao boa,7,2024-05-18 14:07:26+00,0
Hotel em boas condições e muito bem localizado. Cafe da manha bem completo. Preco justo. Voltaria outras vezes.,8,2024-05-19 00:00:00+00,0
" Gostei da localização, da equipe e do café da manha!  Não gostei da cama, do travesseiro fino, lençol fino, ar condicionado barulhento e muito antigo (não conseguia diminuir a ventilação), e da falta de ducha higiênica no banheiro",7,2024-05-19 03:48:44+00,0
" Acomodação limpa, grande, mais do esperado, confortável",10,2024-05-19 17:50:46+00,1
"Quarto amplo e espaçoso.
Estrutura muito boa do hotel. 
Café da manhã super completo.",10,2024-05-21 00:00:00+00,1
" Muito bom, recomendo a todos  Nada",10,2024-05-21 00:12:40+00,1
 Tudo maravilhoso  sem reclamacao,10,2024-05-23 11:02:42+00,1
" Lo mejor los desayunos  Muy poco horario del bar, cierra muy temprano",10,2024-05-24 00:34:55+00,1
 Maravilhoso em tudo!  Nada!,10,2024-05-25 00:01:18+00,1
" La atención siempre cordial del personal, el tamaño de la habitación y las instalaciones en general. El restaurante tenía variados platos y a buen precio para almorzar y cenar. El desayuno buffet era muy contundente. En general fue una muy grata estadía, volvería sin lugar a dudas.  En general todo me pareció bien. Si pudiera decir algo a mejorar es la instalación de extractor de aire en los baños, para que el vapor se vaya más rápido y no quede en el lugar.",10,2024-05-25 04:54:06+00,1
Foram sete dias de tranquilidade 💚,10,2024-05-25 11:23:24+00,1
"Nos surpreendeu, pois é  muito bem localizado. Atende todos requisitos de um bom hotel. Boa cama, ótimo banho, atendimento excepcional o que faz o hotel ficar ainda melhor. Super recomendo!",10,2024-05-25 20:54:01+00,1
"Bom hotel, funcionários atenciosos, café da manhã satisfatório. Talvez, mudar o cardápio mais vezes. Bom chuveiro, cama excelente, localização também. Seria interessante a academia no hotel, mas tem uma parceira próximo, na mesma avenida.",10,2024-05-27 00:00:00+00,1
" Café da manhã foi muito bem servido, o cardápio a lá carte é maravilhoso, preço acessível dos pratos com quantidade muito boa, não é necessário sair do hotel para se alimentar bem. Passei mal um dia e tinha uma sopinha maravilhosa.  Algumas manutenções necessárias pelas instalações antigas, nas nada que inviabiliza sua utilização, sendo mais no elevador e saída do estacionamento.",10,2024-05-27 16:23:33+00,1
" Funcionários muito gentis e hotel bem localizado com estacionamento próprio.  Da última vez que fiquei dei nota 9 pois havia ficado em um quarto mais moderno por valor bem parecido. 
Dessa vez fiquei em um quarto antigo (anos 70/80 pelas loucas e metais do banheiro),  cuja válvula de  descarga do banheiro ativava sozinha, talvez por refluxo de outro quarto. 
O quarto estava mais mal cuidado, pouca iluminação e sem o conforto do quarto mais moderno. Nada que comprometa muito mas um ponto para se atentar na hora de reservar pelo booking.",8,2024-05-31 00:12:05+00,0
"O Hotel é Top!! Atendimento sensacional, café da manhã é excelente, picina top tem uma jacuzzi muito proveitosa, vale a pena se hospedar ficamos 4 dias que valeram a pena...",10,2024-05-31 17:41:50+00,1
" El desayuno exelente, el personal excepcional!!!, muy atentos, muy amables.  El Aire acondicionado en modo calor no funcionó bien,, entonces pasamos un poquito de frío en la habitación ,pero al comentarlo , no dudaron en revisar que todo este okk, de todas maneras, al final  no funcionó bien",10,2024-06-01 00:46:15+00,1
"Gentileza del personal, excelente",10,2024-06-02 11:26:35+00,1
 Chuveiro  Ar condicionado não funcionava direito,6,2024-06-03 00:51:49+00,0
 De tudo  Não tenho do que reclamar,10,2024-06-03 11:07:29+00,1
" Las camas cómodas.
Me he alojado varias veces y me parece un hotel cómodo y con buena tarifa.
El desayuno muy completo.
La recepcionista de la noche muy amable.",8,2024-06-04 14:39:42+00,0
"Excelente hotel, ótimos quartos e café da manhã incrível! Destaque para os funcionários, todos excelentes em suas funções e de grande presteza. O hotel tem piscina, sala de jogos.. Recomendo.",10,2024-06-05 00:00:00+00,1
 FORAM MUITO PRESTATIVOS TANTO NA CHEGADA COMO NA SAIDO DO HOTEL. GENTILEZA FOI O LEMA DESTA ESTADIA.  A PORTA ESTAVA QUEBRDA DA ENTRADA AO CHEGARMOS E O ELEVADOR DEU PROBLEMA MAS NADA QUE NAO FOSSE POSSIVEL CONTORNAR.,9,2024-06-05 11:43:33+00,0
" Café, recepção e quarto  Não tenho",9,2024-06-05 21:50:28+00,0
" As toalhas de banhos não são boas, pequenas, deterioradas, parecem lixa e não secam, a cama não ti há edredon, colcha, era forrado com uma coberta, os acessórios de banheiro eram ruins",4,2024-06-05 22:55:48+00,0
"Fomos muito bem recebido, recepcionista foi muito gentil e atenciosa com a nossa família.",10,2024-06-06 00:00:00+00,1
" Ótima acomodação. Quartos limpos, espaçosos e cama muito confortável. O café da manhã era maravilhoso, repleto de opções. Recepcionista da madrugada muito atencioso.  Não achei ponto negativo.",10,2024-06-06 21:56:02+00,1
" Café, espaço dos quartos, banheiro espaçoso.  Colchão, tv, pouco travesseiro. Deveria ter dois travesseiros pra cada.",8,2024-06-07 11:47:57+00,0
 LA UBICACIÓN Y EL DESAYUNO  LAS ALMOHADAS Y EL RESTAURANTE NOCTURNO,7,2024-06-08 12:30:02+00,0
" Café e quartos, o hotel é bem localizado próximo ao shopping e restaurantes.  O hotel agora aceita pets então a noite tem muito latido de cachorro, não dormimos direito.",7,2024-06-09 15:10:59+00,0
" A simpatia dos colaboradores  Limpeza, restaurante, cama, lençóis, cobertores",8,2024-06-10 02:32:54+00,0
" La amabilidad, disposición y simpatía del personal fue excepcional, te dan ganas de volver siempre.",10,2024-06-12 15:02:47+00,1
 Quarto similar a foto. Espaço bom  Pessimo atendimento. Fiquei mais de 2h para resolver um problema que era do booking com o hotel. Não deixaram entrar no quarto e não fizeram nenhuma questão de resolver.,1,2024-06-13 01:38:58+00,0
 Cordialidade dos funcionários.,10,2024-06-14 15:29:19+00,1
"Localização priveligiada.
Funcionários atenciosos e simpáticos.
Serviço do restaurante e bar da piscina impecável. Comida saborosa e na quantidade perfeita.
Aceitam pet.
Recomendo",10,2024-06-16 23:43:19+00,1
" Hotel de excelente estrutura e conforto, limpeza e atendimento também de alto nível. Café da manhã muito variado e com qualidade. A localização é muito boa, na parte central da cidade, tem algumas opções de restaurante e bares bem perto, inclusive, apesar de que a cidade em geral não é muito propícia para roteiros a pé.  Não teve nenhum aspecto que me desagradou",9,2024-06-19 13:08:56+00,0
Já quero bis,10,2024-06-20 00:26:27+00,1
Tudo ocorreu bem. Otima localização,8,2024-06-21 00:00:00+00,0
 Café da manhã  Os tacos do bilhar estavam estragados🤭,10,2024-06-21 00:55:40+00,1
" Hotel com muito estilo, quarto bem grande. Ótimo café da manhã !!  Serviço do restaurante aquém do esperado para essa classe de hotel",8,2024-06-23 13:37:38+00,0
No geral a hospedagem foi boa. Única coisa que deixou a desejar foram os móveis muito antigos e banheiro com pequenos problemas de manutenção em função da idade das instalações.,8,2024-06-25 00:00:00+00,0
" Atendimento bacana. Cortesia de guardar a bagagem após checkout. 
Café da manhã muito gostoso e variado.",10,2024-06-25 00:13:32+00,1
"O atendimento excepcional e o excelente café da manhã, além do quarto grande fazem a experiência valer a pena. Restaurante com boa comida e preços juntos. A localização não fica longe de nada, com lanchonete, restaurantes e farmácia perto. Estacionamento interno e externo com segurança e gratuito.",10,2024-06-26 00:00:00+00,1
" O atendimento dos funcionários é excepcional, o café da manhã  bastante opção de comida e as refeições possue preços normais.  A TV com qualidade ruim e canais analógicos",9,2024-06-26 08:41:33+00,0
 Café da manhã,10,2024-06-26 10:06:41+00,1
" O café da manha foi excelente e funcionarios bem atenciosos  Barulho intenso da piscina , e o restaurante poderia fechar mais tarde. Mas recomendo o lugar , muito bom hotel",9,2024-06-26 18:01:01+00,0
" O tamanho da acomodação, e a disponibilidade de 2 camas, uma casal e outra solteiro, muito confortáveis.  As instalações estão um pouco gastas.",7,2024-06-28 12:14:57+00,0
 Instalações boas e os funcionários muito atenciosos. Excelente custo benefício.,10,2024-06-29 01:41:58+00,1
" Cafe da manha extremamente variado, um banquete daqueles tudo de boa qualidade . Quarto imensoo muito limpo. Instalações otimas. Localização boá também. Funcionarios muito educados, fomos muito bem recebidos. Estava com meu esposo e dois filhos. Voltaria sempre pra este hotel  Nada",10,2024-06-30 01:55:14+00,1
" Localização, instalações, comodidades.  É algo de que gosto e o hotel não possuía: sauna.",8,2024-07-01 16:36:25+00,0
 La amabilidad del personal,9,2024-07-02 15:10:10+00,0
"Excelente hotel.
Estive no hotel continental pela 1ª vez em janeiro de 2021 com a minha mãe. A nossa viagem estava programada inicialmente para outubro de 2020, porém com a pandemia resolvemos adiar.
Na época, foram tomadas todas as medidas necessárias por conta da pandemia.
Gostamos tanto do hotel que quando resolvemos voltar para Foz em 2023, resolvemos ficar mais uma vez nele.
Voltamos em outubro de 2023 e passamos o feriado do dia das crianças lá. No dia 12, o café da manhã foi especial para os pequenos e é claro que eu também aproveitei.
Fizeram uma decoração toda especial, além de ter personagens para tirar foto com a criançada.
Os quartos são bem espaçosos, café da manhã excelente e o almoço no restaurante do hotel também é maravilhoso.
Sem falar na comodidade de ter uma agência com os passeios bem no hall do hotel.
Indico para todos que procuram conforto e excelente atendimento.",10,2024-07-03 00:00:00+00,1
 El desayuno buffet fue muy variado y muy rico todo lo que ofrecían. Los trabajadores del hotel son muy amables.  No es del todo moderno. Sin embargo no es tan relevante considerando las ventajas ya mencionadas.,10,2024-07-03 09:46:40+00,1
 cafe da manhã  internet,9,2024-07-03 18:01:48+00,0
 Vista,10,2024-07-04 13:03:38+00,1
 La ubicacion del hotel y el trato del personal  Los sonidos de los baños que estan conectados entre si y no tienen buena ventilacion,10,2024-07-04 15:08:14+00,1
 Excelente servicio y amabilidad  No tengo quejas,10,2024-07-05 03:48:22+00,1
" Café muito bom. Funcionários muito educados e atenciosos.  Quarto simples, antigo. Mas tudo muito limpo.",7,2024-07-05 13:41:37+00,0
"Lugar lindo..
Tem uma jacuze bem quentinha...
Todos os colaboradores são muito prestativos .
Fomos muito bem recebidos 😌",10,2024-07-05 22:54:39+00,1
"O Hotel e muito bom e a equipe também.
Porem o desastre é colocarem mesas de jogo no bar, 
local para relaxar e tomar um drink, o que torna impossivel precipalmente devido do barulho do jogo de toto, com um barulho intenso e que no momento que estavamos , tinha frequencia de adolescentes mal educados que faziam mais barulho de propósito",2,2024-07-06 00:00:00+00,0
Tudo excelente!!! Superou expectativas,10,2024-07-07 00:00:00+00,1
"Hotel razoável. Boa localização, café ok, cama mole com roupa de cama ok. Estamos em 2 famílias (2 quartos diferentes). Pedimos pizza pras crianças pra consumir nas mesas fora do restaurante, na área comum do hotel, e pediram para nos retirarem do local e consumir no quarto. Faltou comunicação e bom senso, visto que eram crianças comendo a pizza em mesas externas, que não eram do restaurante.",4,2024-07-08 00:00:00+00,0
" Garaje, limpieza y trato del personal  Nada",9,2024-07-08 03:15:34+00,0
"Muito bom hotel em Foz do Iguaçu. Bem localizado, próximo a um shopping center e boa infraestrutura de comércio em geral, inclusive casa de câmbio com bons valores para troca pelo peso argentino. Bom atendimento, um café da manhã completo e muito boa variedade de pães, bolos, frios, frutas e guloseimas diversas.",8,2024-07-08 14:25:31+00,0
"Excelente opção de hotel em Foz do Iguaçu. Muito bem localizado, muito bem organizado. Os quartos são excelentes, especialmente a suíte. O café da manhã é muito farto e o atendimento é muito bom. Funcionários muito bem preparados e prestam um excelente serviço",10,2024-07-09 12:10:20+00,1
"O que chama a atenção é o serviço. A qualidade no atendimento é ímpar!! Vc não vê um funcionário que não esteja sorrindo aqui!! E todos muito cordiais e solícitos. Os quartos tem um bom espaço, são muito confortáveis e a área comum é ótima, contando com restaurante, salão de chá, sala de jogos e piscina. O único problema é que pegamos época de frio e as áreas não são climatizadas, então estava bem frio. A comida do hotel é excelente e os preços dos pratos a la carte são bastante acessíveis (melhor até que de restaurantes nas redondezas, fazendo valer a pena comer no hotel). Enfim, certamente é um local que voltaria e recomendo muito. A localização também é muito boa, tendo o shopping, restaurantes e muito comércio próximo.",10,2024-07-09 21:24:12+00,1
"Hotel muito bem localizado, estratégico para todos os passeios, bares e shopping. 
Quarto amplo, restaurante e bar atendem muito bem. Café da manhã muito completo com muitas variedades.
O ponto negativo fica para a acústica na parede que divide os quartos dentro dos banheiros, se escuta absolutamente tudo que se fala no quarto vizinho.",8,2024-07-10 00:00:00+00,0
Ótima localização e atendimento nota 10,10,2024-07-10 02:00:44+00,1
" A localização, o café da manhã e a equipe foram ótimos. A garagem coberta é excelente também.  O quarto mesmo sendo reformado parecia antigo, meio adaptado. Falta iluminação indireta. Só tem uma luz branca. No mais acomodou bem.",7,2024-07-11 12:01:39+00,0
" Café da manhã, recepção  Nao tem academia no hotel como descrito, nemspa, massagem nada disso. O elevador fica numa area fria,  um pouco a desejar.",7,2024-07-11 16:06:48+00,0
 Tudo muito gostoso! Equipe bem prestativa! Localização ótima!  Barulho de adolescentes no corredor do hotel.,8,2024-07-12 01:14:04+00,0
" El televisor es muy antiguo y el control remoto funciona a medias 

El agua caliente de la ducha no fue muy cómoda de usar",9,2024-07-12 01:22:17+00,0
"Atendimento impecável , café da manhã espetacular super indico esse hotel maravilhoso.",10,2024-07-12 02:15:48+00,1
" Cómodo , céntrico, muy bien  Salió una cucaracha en la habitación",8,2024-07-12 13:17:51+00,0
"Un lujo. Me encantó. Nada que reprochar. Atención, desayuno, cena, instalaciones, servicios, agencia de viajes dentro del hotel. Sin dudas volveremos.",10,2024-07-12 19:13:22+00,1
" Quarto amplo e confortável, café da manhã excelente, ótimos funcionários.  Ar quente do quarto não estava funcionando, 8 graus na cidade.",10,2024-07-14 17:59:54+00,1
" El desayuno  Poca variedad en la cena, la entrada era pobre, nada de fiambres.
Nos tocó una semana de frío, en el restaurante, bar y recepción debíamos estar con campera todo el tiempo.",6,2024-07-15 13:35:38+00,0
 EXCELENTE CAFÉ DA MANHÃ COM VARIEDADE DE PÃES E VÁRIAS MÁQUINAS DE CAFÉ  GOSTEI DE TUDO,10,2024-07-15 21:22:52+00,1
" Localização  Devido à forma como os funcionários do hotel trataram o problema do aquecedor do quarto, gostaria de expressar minha insatisfação. Após uma longa viagem de moto, esperava encontrar um quarto aquecido. No entanto, ao perceber que o aquecedor não estava funcionando, solicitei apoio. Um funcionário subiu, constatou o problema e prometeu resolver, mas nada foi feito. Três horas depois, após várias tentativas de contato e sempre ouvindo ""espere um minutinho que nós iremos resolver"", liguei novamente para a recepção e a última resposta foi: ""Qual é o seu problema?"". Já passava das 23 horas, então vesti uma segunda pele e fui dormir. Essa situação foi lamentável.",1,2024-07-15 22:34:39+00,0
"Devido à forma como os funcionários do hotel trataram o problema do aquecedor do quarto, gostaria de expressar minha insatisfação. Após uma longa viagem de moto, esperava encontrar um quarto aquecido. No entanto, ao perceber que o aquecedor não estava funcionando, solicitei apoio. Um funcionário subiu, constatou o problema e prometeu resolver, mas nada foi feito. Três horas depois, após várias tentativas de contato e sempre ouvindo ""espere um minutinho que nós iremos resolver"", liguei novamente para a recepção e a última resposta foi: ""Qual é o seu problema?"". Já passava das 23 horas, então vesti uma segunda pele e fui dormir. Essa situação foi lamentável.",2,2024-07-15 22:41:52+00,0
"melhor hotel que já me hospedei!!! atendimento maravilhoso, conforto, comida MARAVILHOSA! com certeza me hospedaria mais vezes.",10,2024-07-16 00:00:00+00,1
" Localização, café da manhã muito bom, funcionários muito educados e prestativos. Se for em Foz novamente ficarei nesse hotel com certeza.  A janela abre e é muito fácil das crianças subirem no balcão, isso é perigoso.",10,2024-07-16 09:44:02+00,1
Lovely staff. Adequate selection for breakfast. Welcome drink and afternoon tea/snacks included which were nice touches. Would definitely stay again.,8,2024-07-17 00:00:00+00,0
" Rxcelente la atención del personal desde la recepción, los conserjes, el personal de limpieza y hasta los mozos. El desayuno es excelente, super completo y todo exquisito. 10/10 Volvería a alojarme en el lugar.  Las instalaciones son un poco viejas, pero bien mantenidas.",9,2024-07-17 00:49:01+00,0
" Foi ok, passei por pouco tempo.",10,2024-07-17 00:49:16+00,1
"Não tenho palavras para descrever a experiência única que tive nesse hotel.
Simplesmente maravilhoso os funcionários super educados e gentil.
E tenho que agradecer ao Alessandro e o Rafael por tornar minha estadia tão maravilhosa no hotel...",10,2024-07-18 00:00:00+00,1
"hotel bom, espaçoso e confortavel, porem ja precisando de reformas .",8,2024-07-18 00:00:00+00,0
 Quarto confortavel e comida muito boa,10,2024-07-18 10:52:07+00,1
"Estrutura do hotel é ótima com um perfeita área comum, mas um quarto onde a diária é de R$560 você não ter uma televisão que presta é uma vergonha.
Um problema que eu tive não foi culpa do hotel e sim da Decolar, mas eles não tiveram o bom senso em me ajudar, pois fui sozinho a Decolar me colocou em duas pessoas e mesmo sozinho o hotel me cobrou dobrado. Triste",2,2024-07-18 12:16:00+00,0
 O café  da minha tinha muitas variedades  O ar condicionado estava quebrado,8,2024-07-18 16:00:08+00,0
" Good breakfast, nice staff, good value for a 4 stars hotel.  Wifi in the room did not work.",9,2024-07-18 20:54:39+00,0
"Ótimo custo benefício, entrega o que promete.

Bom atendimento, quartos confortáveis, bom café da amanhã.

Jantar com preço competitivo, mas com pouca variação no cardápio ao longo da semana, aparentemente, alterna alguns itens de um dia para o outro, mas para fazer todos os jantares fica enjoativo.",10,2024-07-18 23:31:33+00,1
"Infelizmente só experiência ruim... a única coisa que salva por enquanto,  já que ainda estou hospedada , é  o café  e os atendentes do restaurante. Limpeza 0. Sai as 7 da manhã  tomamos café e saim9s. Retornamos do passeio as 15. Nem limparam o quarto. As toalhas molhadas e lixeira cheia.isso no primeiro dia ... imagina o restante dos dias?!!.",4,2024-07-19 00:00:00+00,0
"Hotel muito bom, atendimento maravilhoso no check in eles oferecem um drink de cortesia tem também um chá da tarde que eles oferecem muito bom piscina enorme localização muito boa café da manhã maravilhoso tem muitas opções e o quarto tbm muito bom",10,2024-07-19 00:00:00+00,1
 Café da manhã ótimo  Nada,10,2024-07-19 11:24:12+00,1
" Café da manhã bem completo, a cama do quarto é boa e confortável.  Muito barulho no corredor e no hotel, o quarto que fiquei era conjugado com outro e ligado através de uma porta e se houve todo barulho do quarto vizinho. O banheiro é antigo, wifi não é das melhores.",8,2024-07-19 16:32:42+00,0
"Hotel com excelente atendimento, no centro de Foz. Quartos bem cuidados, camas confortáveis e local limpo. Próximo a diversos estabelecimentos como shopping, farmácias e locais para comer a noite. Café da manhã variado e chá da tarde de cortesia.",10,2024-07-19 21:11:31+00,1
 Quarto e localização  Eu reservei pea duas pessoas e quando cheguei não tinha a reserva,8,2024-07-19 23:22:56+00,0
" Acomodação excelente, café da manhã maravilhoso, chuveiro muito bom, com produtos excelentes, atendimento muito bom, funcionário muito prestativo  De nada tudo muito bom",10,2024-07-21 01:54:36+00,1
"Tenho algumas restrições, como a limpeza do quarto, você sai de manha por volta das 8:00 , volta as 15:00 e o quarto ainda não foi arrumado. Hoje 21.07 fomos a itaipu as 7:30 e retornamos 12:00 e o quarto não estava arrumado. A alegação ao ligar para recepção é que havia alta demanda. Acho um absurdo, porque a diária não é barata e isto não é um problema do hóspede.",6,2024-07-21 15:35:36+00,0
"Hotel bem localizado e com quartos aconchegantes e uma área com piscina, sinuca, xadrez e outras opções para vc se divertir com roda sua familia",10,2024-07-21 16:57:32+00,1
"Hotel agradável, ótima localização e atendimento.",10,2024-07-22 00:00:00+00,1
"Ótimo atendimento!....
Recomendo!",10,2024-07-22 20:54:35+00,1
" Excelente hotel! Ótima localização, café da manhã completo, grande piscina externa e salão de jogos junto ao bar. Muito bom o chá da tarde de cortesia preparado pela equipe do hotel.  Piscina excelente, para temporada de frio poderia ter climatização. Faltou uma sauna, sugiro a área externa ao lado da piscina, é um ótimo lugar para uma academia e sauna :)",8,2024-07-23 03:08:12+00,0
" La limpieza, la ubicación y la calidad del buffet de desayuno.  El pago. Según booking se pagaba en reales pero a la hora de pagar, el propio hotel me cobró en EUR con no se cuál tipo de cambio ya que en ningún momento me lo comunicaron. Al final, al no parar en reales y que luego mi banco me hiciera el cambio a euros acabé pagando mucho más de lo que estimaba con el tipo de cambio oficial. Me pareció muy mal esto. Y hace que la sensación que me lleve sea peor de la que realmente merece este hotel",6,2024-07-23 10:59:51+00,0
" Desayuno excelente, muy completo y variado en opciones.  Algunas informaciones poco precizas o claras",9,2024-07-23 12:41:21+00,0
 Ótimo café da manhã  Só um elevador e ainda meio capenga,8,2024-07-23 14:17:00+00,0
"Excelente atendimento!
Excelente em tudo!",10,2024-07-23 22:55:45+00,1
"Ótimo hotel em termos de localização, com funcionários simpáticos e prestativos, ótima limpeza, instalações e um excepcional café da manhã",10,2024-07-24 13:17:25+00,1
" Hotel caro, entregou o que eu paguei por ele. Tem fumódromo na parte externa com cadeiras confortáveis.  Elevador demorado.",10,2024-07-24 21:20:54+00,1
 Maravilloso tudo,10,2024-07-25 03:27:06+00,1
" Ótima localização, funcionários atenciosos,  café da manhã maravilhoso, quarto limpo e cheiroso. No fim da tarde o hotel disponibiliza um pequeno lanche para os hóspedes (com chás e biscoitos) que eu achei muito bacana! A área da piscina é linda e também tem uma jacuzzi!",10,2024-07-26 11:17:14+00,1
 The staff very nice,10,2024-07-26 16:40:29+00,1
" No primeiro dia meu quarto foi limpo mas não foi retirado o lixo, no segundo dia não deixaram toalha no quarto…
Mas tirando isso , ótimo hotel.",8,2024-07-27 17:12:04+00,0
" Atendimento, café da manhã e estrutura de lazer do hotel.  Os quartos precisam ser atualizados, embora as camas sejam muito boas.",8,2024-07-29 00:02:52+00,0
Tudo top,10,2024-07-29 00:05:30+00,1
" Atendimento excepcional. Todos os funcionários super atenciosos, educados, prestativos. Levamos duas pets que foram muito bem recepcionadas. Quarto ótimo, camas muito confortáveis, edredom maravilhoso.  Tudo muito limpo e cheiroso. Café da manhã fenomenal. Localização excelente, fácil acesso, próximo ao shopping e uma pizzaria próxima maravilhosa. Hotel digno de 5 estrelas  Nada a reclamar. Tudo excelente",10,2024-07-29 01:12:26+00,1
" Quarto grande, limpo, hotel no geral agradável.  A piscina poderia se ao menos climatizada para relaxar no final dos dia.
Não recomendo meia-pensao, o restaurante deixa a desejar, infelizmente.
Inadimissivel um hotel deste porte não oferecer um sinal de wifi descente, tentei utilizar algumas vezes e desisti.",7,2024-07-29 03:16:18+00,0
 Da cama  Banheiro,8,2024-07-29 03:42:02+00,0
 Espaço do quarto  Não tive nada que não gostasse,9,2024-07-29 05:35:27+00,0
" Pouca iluminação no quarto.

Pedi pra moça da recepção se teria como tomar café às 6:00 da manhã pois sairíamos cedo, ela respondeu que não, somente 6:30. No dia da saída descobrimos que existe o café madrugadão, mas a funcionária omitiu essa informação.",7,2024-07-29 12:09:00+00,0
" Funcionários atenciosos e receptivos, limpeza, acomodação e café.",10,2024-07-29 13:38:38+00,1
" Funcionários super atenciosos, localização excelente, cama fabulosa e um café da manhã bem variado",10,2024-07-29 22:09:32+00,1
 Location and the restaurant  Reception didn’t get the reservation and gave the wrong accomodation,7,2024-07-30 01:19:29+00,0
" Hotel lindo, bem organizado, limpo e de fácil acesso.  internet não funcionou bem.",10,2024-07-30 19:21:34+00,1
" Conforto, café da manhã maravilhoso, ótima
Localização  Somente a coberta que é pelúciada e solta uns pelinhos para nós que somos alérgicos foi um pouco incômodo !",10,2024-07-31 12:22:24+00,1
 A localização.  Tudo perfeito!!+,10,2024-08-01 00:07:26+00,1
" Localização na avenida, fácil acesso para qualquer parte da cidade.
Café da manhã excepcional.
Ótimo atendimento dos funcionários.  Estacionamento coberto apertado para estacionar, pra quem dificuldade de manobrar aconselho a deixar no estacionamento aberto.",10,2024-08-01 10:17:15+00,1
 Tudo dez!!!,10,2024-08-01 17:42:13+00,1
Excelente ubicación,10,2024-08-02 02:29:01+00,1
 La piscina y la vista panorámica del elevador  Nada,10,2024-08-02 02:33:15+00,1
"Muito bom, ótimo atendimento e instalações.",10,2024-08-02 09:10:59+00,1
" Gostamos muito da localizacao, do cafe da manha, das instalacoes...tudo otimo",10,2024-08-02 23:54:23+00,1
"Estou hospedada no hotel e estou extremamente feliz com minha escolha. O hotel tem uma excelente localização (próx. a farmácias, restaurantes, ponto de ônibus e o shopping não fica longe também!). Os funcionários são bem atenciosos. O quarto é de bom tamanho, limpo só não gostei da fechadura ( pra fechar tem que bater a porta, e com isso meu vizinho me acordou as 7h da manhã por conta do barulho!). O café da manhã é maravilhoso e a tarde ainda tem uns biscoitos com chá. Ou seja foi uma ótima escolha para comemorar meu aniversário de casamento!",10,2024-08-05 01:19:04+00,1
" Bom hotel, boa localização e bom café da manhã.  Piscina aquecida",9,2024-08-05 12:24:55+00,0
" Ubicación muy buena, excelente instalaciones cuidadas muy agradables en la atención",10,2024-08-08 01:56:37+00,1
" Las instalaciones del hotel y la amabilidad del personal.  Nada para reclamar, estuvimos muy a gusto con mi familia.",10,2024-08-08 10:50:01+00,1
" Realizei a viagem para Foz do Iguaçu sem fazer uma reserva de hospedagem. Para minha surpresa, a Booking estava oferecendo um excelente desconto no Hotel Continental Inn para quem efetuasse a eserva pelo aplicativo de celular naquele dia. Foi o que eu fiz, e não me arrependi. Hotel maravilhoso!  Nada a comentar.",10,2024-08-08 21:33:34+00,1
 Excellent value for a perfectly located hotel. Staff was extremely helpful and friendly. Great breakfast buffet. Rooms are large and modern.  Beds were a little hard.,10,2024-08-09 02:04:45+00,1
Gostei muito. Os funcionários são muito educados e prestativos. Está próximo de shoppings.,8,2024-08-11 12:10:54+00,0
" Quarto amplo, novo, limpo e camas confortáveis. Recepção com café de boas vindas no período da tarde agradou aos viajantes.  Café da manhã com pouca variedade de ítens e não frescos.",10,2024-08-11 14:15:32+00,1
" Todo excelente!seguro volvemos  Que me picó una pulga cuando puse la colcha,no sé si permiten mascotas pero era mordida de pulga lo q tuve en la pierna,y me hizo varias rochas",9,2024-08-11 18:39:40+00,0
"Fiquei hospedada em maio/2024, o hotel é maravilhoso!
Funcionários educados, ótimo atendimento, cama super confortável! O café da manhã até hoje pra mim foi o melhor de todos os hotéis que já fiquei!!!
Recomendo de olhos fechados!",10,2024-08-12 14:33:17+00,1
" Da comida 
Do chuveiro 
Do tamanho dos quartos  Limpeza dos vidros
No almoço mais tarde agente era transferido para área de piscina e salão de jogos. deveria ser sempre no restaurante",8,2024-08-13 01:24:58+00,0
 La comodidad de llegar de la  excursión y tener la posibilidad de cenar en el mismo hotel  Hacía frío y los aparatos de la habitación no calefaccionaban,10,2024-08-13 13:03:59+00,1
"Localização estratégica, fácil de ir para qualquer lugar atrativo de Foz e demais países. Tem farmácia e ponto de táxi na frente do hotel. Na quadrado lado tem um restaurante italiano maravilhoso, dá para ir a pé. Atendimento gentil e cortes. Limpeza ok. O quarto não tinha cheiro ruim, e tudo muito limpo e organizado diariamente.
Negativos: colchão mole e travesseiros desconfortáveis. Poderia ter um menu de travesseiro e colchões mais firmes. 
Café da manhã é o básico. Tem espaço para ser o “café da manhã de hotel”. Com pães macios, apetitosos ( no caso, os pães eram variados, porém achei  as fatias duras,  por estar há muito tempo expostos).",6,2024-08-14 00:00:00+00,0
"El hotel está ubicado cerca de restaurantes, la terminal de colectivos que van a las cataratas e internacionales, estación de servicio y farmacias. La habitación (para 2 personas) fue linda con excelente iluminación exterior e interior también, lo malo es que aunque abrimos la ventana para ventilar, la habitación tenía olor a cerrado. La atención que nos brindaron fue excelente tanto en la llegada como de ida. El impuesto nos lo cobraron por persona, así que estén atentos a ese gasto (casi 3 reales por persona). Tiene sala de juegos que funciona hasta las 22hs al igual que la piscina. Recomiendo si van a ir por 2 o 3 días y necesitan habitación donde dormir.
Ah y para los que estamos acostumbrados a salir a cenar a las 22 o 23hs, tengan en cuenta que los restaurantes (casi todos) cierran a las 22hs.",8,2024-08-14 00:26:59+00,0
Excelente atendimento. Equipe amorosa que nos faz se sentir em casa. Obrigada por tudo.,10,2024-08-14 14:10:02+00,1
" The staff was very nice and helpful. Breakfast was really good with variety of options, very recommended.  Facilities are very old. Beds very unconfortable.",5,2024-08-16 12:56:08+00,0
" Atendimento, café da manhã, limpeza",8,2024-08-16 15:34:06+00,0
"Atendimento muito receptivo. Recepção, garçom, portaria todos muito educados e prestativos. Café da manhã muito variado. Gerente Thiago muito solícito e atencioso. Atendimento muito humanizado.",8,2024-08-16 16:00:04+00,0
"Hotel maravilhoso e ótima recepção!!

Obs todos os quartos são organizados e limpos o local é uma maravilha",10,2024-08-17 16:30:08+00,1
Maravilha de estadia. Serviço de primeira.,10,2024-08-18 16:12:02+00,1
Hermosas intalaciones. Lo mejor del hotel es su personal.,10,2024-08-18 19:37:04+00,1
" Fomos com meu pai cadeirante e foi muito boa a disposição da equipe para ajudar. Ficamos duas noites e fizemos todas as refeições no hotel. Tinha um cafezinho da tarde de cortesia. Muito bom, gostoso e bom custo beneficio. Foi um tempo muito bom!! Voltaríamos com certeza!",9,2024-08-19 01:03:32+00,0
"Hotel excelente...
Café da manhã maravilhoso...",10,2024-08-19 09:27:58+00,1
" Excelente los desayunos, cenas y la atención de los mozos,",9,2024-08-19 15:05:09+00,0
 El servicio de desayuno.,10,2024-08-20 14:43:59+00,1
 Recepção  Barulho no andar de cima. Crianças correndo,9,2024-08-21 12:05:44+00,0
" excelente café, completo, atendimento dos garçons excelente, variedades de opções, fantastico  poderia ter mais roupas de cama no apartamentos, edredons e travesseiros a mais, tivemos que solicitar na recepção",9,2024-08-23 12:27:43+00,0
Atendimento muito bom. Funcionarios muito simpaticos. Café da manhã excelente,10,2024-08-24 00:00:00+00,1
 Tudo impecável e cheiroso,10,2024-08-24 14:24:30+00,1
Excelente hotel ... El comedor de excelente calidad ...el.desayuno bien variado.. solo deberían renovar los televisores que no son Smart,10,2024-08-25 01:21:27+00,1
 La ubicación del hotel excelente. Atención del personal me encantó.  Por un valor extra me permitieron hacer late check out. El desayuno era bueno y variado.,10,2024-08-25 14:18:09+00,1
 Perfeito....ótimo...,10,2024-08-26 11:38:02+00,1
 Bom custo benefício do hotel e do restaurante. Hotel limpo.  O restaurante fecha às 22h.,7,2024-08-29 00:57:48+00,0
" Muito bom, quando voltar pra cidade já sei onde ficar",10,2024-08-29 10:27:36+00,1
" ATENDIMENTO BOM, SERVIÇO TAMBEM.  CAFÉ DA MANHÃ.",8,2024-08-30 19:38:04+00,0
 Camas muito ruim,9,2024-09-02 02:02:27+00,0
" Localização excelente,  silêncio nos arredores, excelente café da manhã. Apesar da estrutura ser antiga, nos atendeu bem. Funcionários prestativos. Quartos amplos.  Camas molengas, acúmulo de água no box do banheiro (Apto 121).",8,2024-09-02 02:04:57+00,0
" O hotel muito bom, atendentes muito educados, café da manhã muito bom.  A cama deixa a desejar, colchão muito mole.",8,2024-09-02 11:11:05+00,0
"O hotel não tinha gerente para resolver os problemas, cobraram mais caro por ser casal mesmo o preço sendo o mesmo para 2 pessoas do quarto . Jantar ruim buffet sem reposição",2,2024-09-03 00:00:00+00,0
MUY MAL TODO DESDE PRINCIPIO SOY PCD DISCAPACIDAD AVISE HOTEL POR MENSAJE ME DIERON HABITACIÓN COMUN QUE NO PUEDO ENTRAR DE LO CHIQUITO QUE ES NO ES PARA PCD HABITACIÓN NO ME PUDE BAÑAR NO ENTRO OTRA COSA NO PUDE DIFRUTAR NADA DE NADA JACUZZI TIENE ESCALERA NO RAMPA LA PILETA NO TIENE RAMPA O SEA VINE DIFRUTAR Y NO PUDE ESTE HOTEL NO ES PARA PCD . ME VOY MUY TRISTE VINE ARGENTINA PENSANDO QUE ERA PARA PCD VIAJO MUCHO MUY SEGUIDO POR BRASIL Y HOTEL A HOTEL PERO ESTE ME EQUIVOQUÉ MUY TRISTE MAS HABITACIÓN NO PUDE NI BAÑAR..,2,2024-09-04 00:00:00+00,0
"O hotel é excelente, bem localizado... Perto tanto do Paraguai 🇵🇾 como da entrada da Argentina 🇦🇷. Os quartos são amplos e confortáveis. O atendimento também merece todos os elogios, a começar pela recepção pela entrada com direito a um brinde 🥂 cortesia, passando pelas camareiras e o ótimo chá 🍵 das 17h. Não vamos esquece do melhor, o ótimo e perfeito café ☕ da manhã.",10,2024-09-05 00:20:23+00,1
" Todo perfecto. Muy buena atención, todos muy amables, las habitaciones amplias y lindas. Buena ubicación.  Todo perfecto",10,2024-09-05 23:14:44+00,1
In general It was good,8,2024-09-09 00:00:00+00,0
"Hotel se destaca pela equipe da recepção. Pessoas incrivelmente gentis. O hotel parece ter um tempo de uso, mas tudo ok. O destaque vai mesmo pro pessoal da recepção. Café da manhã tbm mto bom!",10,2024-09-09 03:04:28+00,1
" Confortável, café da manhã muito bom.  Ausência de academia",9,2024-09-09 03:45:39+00,0
 De tudo a cordialidade do pessoal e do tratamento  parece que passaram algum produto na limpeza do apartamento e estava com um cheiro muito forte  de algum desinfetante ( no piso),10,2024-09-09 11:21:41+00,1
" Quarto amplo, muito confortável.  As instalações estão um pouco deterioradas.",8,2024-09-10 09:42:43+00,0
" O café da manhã muito bom, com grande variedade de alimentos com qualidade e reposição contínua.
A equipe de funcionários sempre muito atenciosos se antecipando para resolver qualquer coisa que pudesse gerar insatisfação  falta de torneira higiênica no banheiro",10,2024-09-10 13:04:05+00,1
 Hotel bem legal  Um hotel 4 estrelas não pode ter um travesseiro de baixa qualidade!!,8,2024-09-10 21:27:04+00,0
" A estadia no hotel foi muito boa. Os quartos eram amplos e confortáveis. Café da manhã gostoso e com muita variedade. A equipe do hotel foi sempre atenciosa. Área de lazer com muitas opções, desde salão de jogos até piscina e jacuzzi. Voltaria novamente.",10,2024-09-10 23:35:20+00,1
"Ótimo hotel , atendimento excelente, quartos e dependências limpos . Volto com certeza.",10,2024-09-11 17:19:41+00,1
 Limpeza seria bom ate 15 hs  comida,7,2024-09-12 14:00:51+00,0
" Localização, estrutura do hotel, café da manhã e principalmente o atendimento. Impecável  Gostei de tudo. Recomendo",10,2024-09-12 20:02:49+00,1
"Fomos com nossas filhas de nove anos, desde o check in fomos muito bem recepcionados, uma atendente que não lembro o nome muito simpática sempre ao que perguntava sobre dicas de como chegar ao Paraguai.
Café da manhã com pães, máquina de café com opção de chocolates quentes, o quarto espaçoso com duas camas de casal.
Não 
Tenho do que reclamar , estacionamento gratuito , prova próximo a farmácias, tem um local lanche ao lado chamado jeronimo",10,2024-09-15 00:00:00+00,1
 Top  Muito bom,10,2024-09-15 05:58:19+00,1
" Tervetulotoivotukset olivat ylenpalttiset, tervetuloa drinkit ja erittäin ystävällinen ja huomioiva henkilökunta. Ravintola ja allasbaarissa on siistiä ja tarjoilu laadukasta. Pöydät notkuivat hyvästä ruuasta - kokille suuri kiitos. Huoneet oli nykyaikaisia ja erittäin puhtaita ja hygieniatuotteita oli paljon saatavilla - siivoojalle suuri kiitos  Ei yhtään ruokakauppaa ollut lähistöllä",9,2024-09-16 19:40:15+00,0
Très bel hôtel très bien équipé.,10,2024-09-17 23:52:49+00,1
"Hotel sensacional, atendimento nota 1000, quarto muito bom, todos funcionários muito bem educados, servico de quarto impecável, localização muito boa, restaurante do hotel com precos muito bom, cafe da manhã muito bom, com tudo fresquinho. Recomendo muito esse hotel",10,2024-09-18 00:00:00+00,1
" Sempre  agradável de se estar. Bom café da manhã com profusão de opções. Cama boa, limpeza impecável, pessoal que atende no restaurante, café e piscina muito simpáticos .  O transfer do aeroporto não é mais feito  gratuitamente  para  reservas feitas pelo BOOKING.",9,2024-09-18 13:50:30+00,0
" Atendimento dos funcionários 
Solícitos e gentis  Café da manhã com pouca variedade de proteína e queijos. Todos os dias é a mesma coisa, ovo e salcicha. Meu marido já não aguentava mais.",7,2024-09-20 13:37:14+00,0
"Desayunos y almuerzos buffet gran variedad y muy buenas alternativas. Buena disposición en la atención de parte del personal. Lugar amplio pero antiguo, se nota en los baños, iluminación y cortinajes. Debieran poner tv smart para optar a ver algo entendible de acuerdo al idioma. Limpieza a mi gusto regular, 1 día no me cambiaron toallas y las sabanas en los 4 días que estuve. En general con detalles podrían hacerlo superior.",8,2024-09-21 12:46:00+00,0
 La ubicación  Todo ok,10,2024-09-22 13:12:46+00,1
"Ótima localização, funcionários educados e atenciosos.",10,2024-09-23 10:31:25+00,1
"Maravilhoso, pretendo retornar 😀",10,2024-09-23 15:49:00+00,1
"We stayed here for 2 nights as we visited  Iguazu Falls on both Brazilian and Argentinian sides. Room was large, comfortable the only thing missing was a kettle so we could make our own tea. Breakfast had a good selection and we ate one night in restaurant which was a buffet which was nice with great service from Jose. Lots of local restaurants a short walk away plus a couple of supermarkets so you can stock up. I would also suggest that the hotel should provide a drinking water machine so you can refill water bottles on floors or in reception",6,2024-09-24 00:00:00+00,0
 atenção dos funcionários  nada,10,2024-09-24 01:33:58+00,1
" O café da manhã é perfeito, completo e variado, três máquinas de café com opção de descafeinado, muita variedade e qualidade. 
O espaço do hotel é muito bonito, tem uma piscina bem bacana, pena q não deu pra usar.
Um elogio ao funcionário que ficava na porta recebendo os hóspedes sempre com um sorriso, atencioso e prestativo.  O ar condicionado não estava funcionando, tivemos que trocar de quarto. Eles tem que dar manutenção, dar mais atenção pois está chegando época de grande calor. 
O barulho nos quartos, não tem isolamento nós ouvimos como se fosse dentro do nosso quarto, a tv do quarto vizinho, todas as conversas, o celular q despertou parecia despertar dentro do nosso quarto. E logo cedo pela manhã o pessoa da limpeza grita muito nos corredores, era um dia q precisávamos dormir um pouquinho mais e não conseguimos por conta do barulho nos corredores e apartamentos próximos.
Sugerimos de alguma forma isolar os quartos para que haja maior conforto para os hóspedes que precisam dormir.",8,2024-09-26 13:24:31+00,0
" O quarto muito confortável e completo. Café da manhã excepcional  Como o quarto era bem grande, o ar condicionado demorava muito pra gelar",8,2024-09-27 02:09:17+00,0
Excelente. So agradecimentos.,10,2024-09-28 00:00:00+00,1
 Ok,10,2024-09-28 18:39:57+00,1
"O café da manhã é bom, tem bastante variedade. O serviço de quarto também é bom, com camas confortáveis e toalhas limpinhas todos os dias! E o que mais gostamos foi o bom atendimento, pois em todas as nossas solicitações fomos bem atendidos..",10,2024-09-29 00:00:00+00,1
" Gostamos  de tudo, da recepção tão  simpática e educada,  nos dando orientações e dicas,  agradecemos a todos. O café da manhã é maravilhoso, muitas opções e muito saboroso, sempre sendo reabastecido por um pessoal muito simpático. O conforto do hotel é nota 10, as instalações, a limpeza, a piscina e o gentil chá da tarde servido as 17h  no saguão que é top e ainda sem falar na facilidade de ter uma agência de turismo no hotel, com uma atendente super simpática que nos orientou nos passeios. Eu só tenho a agradecer e super indicar o hotel Continental Inn com toda certeza.  Não tenho nada a dizer. Tudo perfeito.",10,2024-09-29 03:55:21+00,1
"O hotel é muito bem localizado,  com uma excelente estrutura, muito conforto e agradável.  Mas, sem dúvida alguma,  a cordialidade, educação e a simpatia de todos que lá trabalham é fora do comum. Fiquei 5 dias neste hotel e recomendo demais.",10,2024-09-29 11:35:12+00,1
"Hotel antigo, precisando urgente de manutenção. Não condiz com 4 estrelas, talvez nem 3. O valor da diária não vale pelo que oferecem. Café da manhã com muita variedade mas no geral de baixa qualidade. Quarto com cheiro de mofo, banheiro com cheiro de esgoto. Não gostei e não indico.",2,2024-09-30 14:28:22+00,0
Excelente hotel muy cordiales excelente la cena que ofrecen buen precio,10,2024-10-01 11:13:28+00,1
"너무 오래된 별4개짜리네요.
추천 안해요",2,2024-10-01 20:31:26+00,0
 El personal excelente atención  Nada que decir,9,2024-10-02 00:03:16+00,0
"Estivemls hospedados no final de Setembro/2024 para conhecermos Foz.
Experiência incrível. Atendimento impecável, fomos super bem tratados. Funcionários educados, simpáticos. Ótima limpeza, quartos, comida, café da manhã. Super recomendamos. Um sugestão seria ali no espaço aberto de piscina colocar uns brinquedos tipo escorregador para as crianças. Vocês foram nota mil!",10,2024-10-02 01:11:54+00,1
 Desayuno  Hotel viejo,4,2024-10-02 01:36:27+00,0
 localização  Atendentes antipáticos,8,2024-10-02 12:49:48+00,0
"Fomos eu e minha filha comemorar os 80 anos de minha mãe, ficamos hospedado nesse hotel maravilhoso, desde a limpeza, todos funcionários, são simpáticos e atenciosos, no dia do aniversário dela fizeram um surpresa pra ela , cantaram parabéns e teve bolo, no café da manhã, minha mãe ficou muito feliz, por isso estou agradecendo pelo carinho, como fomos bem tratado, muito obrigado a toda equipe e parabéns pelo excelente hotel🥰👏👏",10,2024-10-04 00:00:00+00,1
 직원은 친찰함.아침은 그냥..저냥..저녁도 부페이지만 그냥저냥..  너무 날았습니다.별4개믄 아닌것 같은데..,3,2024-10-04 01:47:02+00,0
Ótimo atendimento,10,2024-10-05 00:00:00+00,1
 Equipe muito educada e respeitosa.,10,2024-10-05 17:01:51+00,1
Exatamente estadia!,10,2024-10-07 00:00:00+00,1
"Preço justo.. ate agora encontrei o erro nos horarios. Falam que a cozinha é ate as 22h, porem as 21:50 liguei e falaram que a cozinha ja estava fechada…",8,2024-10-07 01:12:16+00,0
 O atendimento é excepcional,10,2024-10-07 12:15:50+00,1
Muito bem recepcionado,10,2024-10-07 18:11:58+00,1
" Café da manhã impecável, quarto confortável!  Infelizmente piscina sem aquecimento, beeem gelada",10,2024-10-08 01:23:00+00,1
"Hotel maravilhoso, bem como o atendimento muito bom. Voltarei com certeza.",10,2024-10-09 00:00:00+00,1
" limpeza das áreas comuns. staff em geral foi bastante solícito e querido.  a comida do restaurante e do bar não são de boa qualidade. em sabor, textura, etc.. não é coerente com a qualidade do hotel em geral. não recomendaria consumir alimentos dentro do hotel;",8,2024-10-10 21:37:08+00,0
Bom atendimento e quadro aconchegante.,10,2024-10-11 09:11:50+00,1
"Bom hotel, fiquei no segundo de o andar, achei um pouco barulhento. Boa comida no restaurante como um bom custo benefício",8,2024-10-12 00:00:00+00,0
 Amabilidad del staff y posición  Hotel viejo que necesita ser reestructurado. La limpieza se puede mejorar,7,2024-10-12 08:55:52+00,0
"Hotel muito bom , gostei bastante de tudo , única coisa que precisa mudar é sobre o café da manhã , durante 7 dias as opções de suco só variavam entre melancia e melão , e tb variar um pouco as opções de café , mas no geral é muito bom .
Achei alguns (poucos ) funcionários mau educados ,",10,2024-10-13 16:15:24+00,1
Em Viagem de negócios o melhor é se sentir em casa. O Hotel nos proporcionou essa experiência.,10,2024-10-14 00:00:00+00,1
" Excelente. Siempre muy atentos para con el huésped, con algún detalle extra para brindarte  Nada",10,2024-10-14 00:45:32+00,1
"Café da manhã maravilhoso, muita variedade.",10,2024-10-17 13:10:21+00,1
" Foi uma hospedagem maravilhosa, amamos tudo",10,2024-10-17 13:15:56+00,1
"Precisei de tomada para carregamento de meu veículo; quando cheguei, a vaga com tomada já estava reservada pra mim, pessoal muito prestativo. Pra melhorar, recebemos um upgrade para suite com hidromassagem como cortesia.",10,2024-10-18 00:00:00+00,1
"Sehr angenehmer Aufenthalt. Gutes Frühstück, hervorragendes Abendessen. Freundlicher Service",8,2024-10-19 00:00:00+00,0
" ótimo atendimento. 
café da manhã maravilhoso.
quarto super confortável.",10,2024-10-21 01:00:15+00,1
"Um dos melhores hotéis em que já me hospedei.

Os funcionários são extremamente atenciosos e educados.

No café da manhã havia uma grande variedade e estava excelente.

A localização do hotel é excelente, com uma variedade de comércio ao redor e, ao mesmo tempo, é um bairro aparentemente tranquilo.

O quarto possui uma ampla janela que proporciona uma vista magnífica da cidade.

A piscina é aquecida e é possível aproveitar até tarde, com música ao vivo. Os cantores são excelentes, com música boa e agradável.

As refeições do restaurante e do bar da piscina são bem servidas e têm um preço muito bom.",10,2024-10-21 15:00:16+00,1
 Tudo muito bom  Nada,10,2024-10-27 11:53:20+00,1
 La atención del lobby excelente y el desayuno,8,2024-10-28 01:38:11+00,0
 A localização do hotel é excelente.,10,2024-10-28 13:01:08+00,1
"Foi tudo muito bom..
Ganhei um upgrade... 
Mas o quarto igual precisa de algumas manutenções...",10,2024-10-29 00:00:00+00,1
Excelente atención . Deliciosa comida.,10,2024-10-29 00:00:00+00,1
" De tudo, ganhamos up grade do quarto, fantástico!  Nada a relatar",10,2024-10-29 00:05:08+00,1
"Bom Hotel,...bom café!
Ganhei um upgrade de quarto . Mas está faltando manutenção!!!",8,2024-10-29 20:22:14+00,0
"Os funcionários super atenciosos e educados, hotel ótimo, piscina super limpa! Adoramos, voltaremos.",10,2024-10-30 00:00:00+00,1
 Instalaciones  Aspecto de viejo,7,2024-10-30 00:25:46+00,0
" Esta muy limpio y todavía se ve bien. Algunas áreas necesitan remodelación para mantenerlo optimo  Variedad en el desayuno ( Hay muchos panes diferentes, eso está bien, pero quizá se pueda ofrecer huevos en otra variedad)",8,2024-10-30 15:36:41+00,0
 Excelente atención!!!!!,10,2024-11-02 02:36:40+00,1
"O hotel é incrível. A localização é ótima, praticamente no centro de Foz do Iguaçu. Muito perto de um shopping e mercados, sendo possível ir caminhando sem esforço algum, inclusive passando em frente os ônibus que levam até Argentina e Paraguay.
As instalações do hotel são ótimas, quartos amplos, com infraestrutura muito bem dimensionada, com ar condicionado, televisão a cabo, frigobar, poltrona pra curtir a vista, que se der sorte consegue admirar o lado argentino e a ver a roda gigante que fica próximo da fronteira.
O banheiro é bem amplo, com aquecimento central a gás que torna o banho uma delícia. Contém secador de cabelo no quarto também.
O bar e a piscina são muito gostosos, com cadeiras e espreguiçadeiras pra aproveitar o sol e tem uma jacuzzi muito gostosa pra curtir uma preguiça, piscina sempre limpa e com uma água bem refrescante.
O café da manhã do hotel é muito farto, inúmeras opções de frutas, salada de fruta, iogurtes, pães são pelo menos 6 tipos todo dia.
Também é ofertado ovos mexidos e molho de cachorro quente e todo dia “dois pratos quentes” variados, quais sejam bacon, torta de frango, milho, batata doce.
Tem uma mesa de frios muito gostosa, todo dia pelo menos 4 tipos de bolos, cookies, bolachas e uma estufa de pão de queijo, folheado e chipa.
Tem máquina de café com várias opções, café de cápsulas e café passado.
Toda a equipe do hotel, desde a governança, recepção, garçom, passando até a gerência são de extrema receptividade, educação e hospitalidade.
Torna assim um ambiente prazeroso, acolhedor e memorável.
Vale a pena cada segundo de sua estadia.",10,2024-11-02 20:05:31+00,1
"Gostei muito! Desde a comida, funcionários e a estrutura. Fomos muito bem recebidos!",10,2024-11-03 01:05:51+00,1
Ottimo Hotel nel centro città vicino a Locali e Ristoranti.  Una stella in meno perchè non hanno il servizio lavanderia interno (è possibile farlo esternamente). Consigliatissimo per chi vuole visitare le attrazzioni come le cascate e stare a Foz do Iguassu centro.,8,2024-11-03 16:04:27+00,0
"Perfect hotel with all the confort.
Great location, friendly and helpful staff, very good rooms and pool.",10,2024-11-03 16:06:04+00,1
" Praticamente de tudo.
Principalmente o upgrade gratuito de quarto que o hotel nos presenteou .
Certamente voltarei mais vezes..
Super recomendável. 
O café da manhã é esplêndido..
Parabéns ao 🏨 hotel
A    ..... A cama é sensacional...imensa  e confortável...Os mimos do hotel também são fora de série...
Tipo ,chá da tarde gratuito..
Cafeteira expressa no quarto durante toda estadia com café de cápsulas.  De ter que ir embora...",10,2024-11-04 01:22:21+00,1
" Jacuzzi foi ótima depois de um longo dia  No meu último dia, a camareira entrou no quarto sem bater. Muito desconfortável! Também desnecessário sendo meu último dia",8,2024-11-04 13:54:35+00,0
" Ubicación, personal, limpieza, desayuno, habitaciones.  Ruido molesto por música en piscina (medianoche seguían con música fuerte).",8,2024-11-04 14:22:48+00,0
" Café da manhã excelente, funcionários excelentes  Só da reforma da área da piscina, mais sei que estão fazendo para melhorar.",9,2024-11-05 13:01:45+00,0
"Excelente hotel, con pileta funcional y servicios de comida en el lugar. Servicio de desayuno y cena completo y sabrosos.",10,2024-11-06 13:39:01+00,1
" Ubicación  Ascensor roto, algo quedado en el tiempo.",6,2024-11-07 20:51:40+00,0
"Adoro hospedagem no Inter Continental de Foz🎶 Atendimento top, acomodação muito confortável! Sempre volto…",10,2024-11-08 00:00:00+00,1
"Uma excelente opção de hospedagem em foz. Muito bem localizado, central, próximo ao shopping, farmácia, mercado e restaurantes. Os quartos são antigos, mas limpos e confortáveis. Café da manhã excelente. Restaurante com prévio justo e comida saborosa. Atendimento impecável!",8,2024-11-08 17:20:15+00,0
"Hotel com ótimo custo benefício. Os preços são justos e a estrutura oferece conforto e comodidade. Tudo super limpo. Café da manhã farto e com muitas opções. Funcionários extremamente atenciosos e solícitos. A Loumar Turismo atende na recepção do hotel, o que facilita bastante na hora de escolher os passeios.",10,2024-11-09 12:10:10+00,1
 L’attention du personnel  Le ménage dans les chambres et surtout dans la salle de bain. Il y avait des cheveux partout.,8,2024-11-09 18:26:48+00,0
"Confortável com um bom café da manhã, mas a academia estava inativa",8,2024-11-11 00:00:00+00,0
 Location and breakfast  Bathroom,4,2024-11-12 00:34:38+00,0
"Ótima hospedagem.
Melhor café da manhã de Foz do Iguaçu",10,2024-11-13 16:11:53+00,1
" Estadia perfeita. Equipe da recepção muito simpaticos e cordiais. Cafe da manha muito bom, localização boa. Recomendo esse hotel, piscina grande e limpa, garçons muito solicitos.  Quarto bem grande, chuveiro maravilhoso.  Acho que o lixo do banheiro deveria ter tampa. Senti falta de uma touquinha de cabelo.",9,2024-11-13 23:52:35+00,0
 Limpeza do restaurante e café da manhã  Barulho no banheiro,10,2024-11-14 11:36:36+00,1
" Localização, cama, chuveiro.  O banheiro achei um pouco escuro devido o Box ser fumê.",9,2024-11-14 13:02:08+00,0
 Amplo espaço interno  Chuveiro,8,2024-11-15 16:36:09+00,0
"Foi ótima minha estadia. O hotel é muito bom. Não é de luxo. O preço da diária é justo, honesto.",10,2024-11-16 00:00:00+00,1
"Muito boa estadia com ótimo preço. Hotel muito bem localizado. Não cobra estacionamento, porém é bem seguro. Excelente atendimento por todos oa colaboradores. Sugestão prontamente atendida no dia de uma pesquisa de satisfação realizada em um café da manhã. Com certeza retornamos.",10,2024-11-16 00:00:00+00,1
 Gentilezza pulizia e accoglienza. Un posto dove si sta davvero bene,9,2024-11-17 00:09:40+00,0
 Cafe da manhã e quarto,10,2024-11-17 13:05:38+00,1
"Atendimento e cordialidade dos funcionários muito boas. 

Localização boa, os ônibus internacionais passam na porta.

Não possui ferro de passar e nem sala para passar roupas.

Um dos motivos de ter reservado foi a jacuzzi,( porque so quem ja enfrentou a black Friday do paraguai sabe o jeito que chegamos de lá)a mesma permaneceu desligada e isolada durante toda estadia.",6,2024-11-18 00:00:00+00,0
"The facility was large, clean and quiet. The staff was attentive.  My room was large, clean and comfortable.",10,2024-11-18 00:00:00+00,1
 Boa Localização  Eramos um casal e tinha 3 camas de solteiro e juntamos as camas mas entre elas ficava desconfortavel,7,2024-11-18 20:02:42+00,0
"Hotel com boas acomodações, boa localização, atendimento dos funcionários de recepção e limpeza excelentes, todos muito gentis e prestativos, café da manhã delicioso e sortido.",10,2024-11-20 00:00:00+00,1
" Limpeza e Organização dos quartos, com cama macia.
Localização e a decoração do hotel para o Natal.
Atendimento excelente dos funcionários  A Hidromassagem da área comum não estava funcionando.",9,2024-11-20 15:02:50+00,0
" Localização.  Ar condicionado ruim.
Quarto um pouco velho.
Tocam pagode na piscina até tarde mesmo tem quartos virados para a piscina.
Café da manhã muito ruim!",2,2024-11-21 00:07:02+00,0
 Location  A work colleague stayed there for the same period and got a better price in decolar.com. Booking let me down on this one. You are not doing your job properly and if it keeps like that you will lose a customer.,8,2024-11-21 00:21:03+00,0
"Foi uma experiência maravilhosa. Muito bom hotel. Um excelente café da manhã, com opção muito variadas. No final da tarde um aquele chá.",10,2024-11-21 16:00:32+00,1
"Excelente hotel, funcionários super atenciosos. Destaco um senhor, de cabelos brancos, cujo nome nao me recordo, que é garçom, um amor de pessoa. Só poderiam variar mais o café da manhã. Mas certamente voltaria.",10,2024-11-22 00:00:00+00,1
 Tamanho do quarto muito bom  Da falta de conhecimento e informações da cidade dos funcionários,10,2024-11-22 09:58:50+00,1
"Hotel bem bacana, funcionários são simpáticos e bem prestativos com nossas dúvidas. O café da manhã é o ponto forte do hotel, bem variado com bastante fartura, gostamos muito. Apesar das instalações serem um pouco antiga, estão bem conservadas. Os quartos são bons, o único ponto a melhorar seria os colchões que são antigos e muito mole. Ficava até com tontura de tanto que balança. E os canais da TV que pareciam ser pirata, pois a imagem além de ser ruim, estava fora do padrão de tamanho da TV. Fora isso, voltaríamos com certeza, bem localizado, piscina bem legal e eles possuem um chá da tarde de cortesia que é muito bem-vindo.",8,2024-11-23 00:00:00+00,0
Espera infinita pra liberar o quarto,2,2024-11-23 18:21:38+00,0
" Otimo cafe da manha.
Atendimento pelos funcionarios com um cortesia excelente.
Parabens a equipe.  Nao tive pontos negativos.",10,2024-11-25 13:11:06+00,1
"Se hospedar no Continental Inn foi uma grata surpresa em Foz do Iguaçu. Primeira vez que ficamos no hotel e o bom atendimento por parte dos colaboradores foi oque nos conquistou.  O hotel nos proporcionou momentos agradáveis em família, o atendimento de todos, desde o porteiro no momento da chegada até a check out foi perfeito, com um adendo para o Sr. Alisson, que nos atendeu com muita disposição e simpatia e nos auxiliou em nossas solicitações da melhor forma possível. Quartos confortáveis, espaçosos, limpeza impecável e as amenidades de banho fazem a diferença na estadia. Hotel possui piscinas e jacuzzi externa. Restaurante do Hotel com um cardápio variado sendo uma boa opção para o Jantar",10,2024-11-27 20:12:28+00,1
"Um ótimo lugar, excelente atendimento desde o bar até as atendentes, O Junior principalmente, ele é um dos garçons do local, super atencioso e muito legal, taine e Thiago são super legais, dão bastante informações do local e sempre vão te ajudar",10,2024-11-29 00:00:00+00,1
"Excelente experiência. Ótima acomodação, serviço, restaurante.  Quarto grande, todo equipado, TV e Wi-Fi. Frigobar abastecido. Bela piscina. Localização estratégica. Preços acessíveis. Recomendo.",10,2024-11-29 17:32:36+00,1
" A cordialidade da equipe de colaboradores é um dos pontos principais. O quarto muito confortável, fiquei surpresa.",9,2024-11-30 13:32:08+00,0
Ótimo atendimento. Cama muito boa. Café da manhã excelente. Só o calor que é muito forte e assim o elevador e os corredores ficam quentes e abafados pois não tem ar condicionado.,10,2024-12-01 00:00:00+00,1
Excelente hotel nota mil recomendo super indico,10,2024-12-01 02:54:50+00,1
" La atención de todo el personal, la predisposición del hotel, tuvimos una situación que supieron comprender y darnos una buena solución. 
Nos tocó en época de Navidad y le decoración estaba hermosa. 
El desayuno muy bueno, las habitaciones limpias y cómodas. Siempre nos hospedamos aquí, y lo seguiremos haciendo sin dudas.",10,2024-12-01 13:50:28+00,1
"Ótimo hotel, ótimo atendimento. Ótimo café da manhã. Cama muito boa, ótima localização. Só não gostei do calor dentro do elevador e nos corredores do acesso aos quartos.  Tem um chá da TARDE às 17h muito bom, cortesia. Vale à pena se hospedar neste hotel.",8,2024-12-01 23:38:58+00,0
Güzel ve temiz bir otel. Personel çok iyi. Kahvaltı iyi. Sadece banyoda ki duvarda yan odanın seslerini duyulmasına neden olan bir plastikten bölümü vardı. Nedeni belli olmayan bir pencere gibiydi. Bunun dışında her şey iyiydi.,10,2024-12-02 00:20:26+00,1
" Excelente ubicación, cerca de todo , personal muy servicial y atento a los requerimientos  Nada",9,2024-12-03 01:02:53+00,0
 Da banheira de hidromassagem.  Nada.,10,2024-12-03 10:46:56+00,1
"Hotel limpio, buena atención y la ubicación sobre todo.",10,2024-12-03 11:35:36+00,1
" La atención del personal ,el desayuno  Excelente todo",10,2024-12-03 13:19:55+00,1
Otel şehir merkezinde ama beklediğimden çok daha eski bir yer. Fiyat performans olarak düşünülebilir. Şelale merkezli bir tatil yapacaksanız ve biraz da konfor arıyorsanız havalimanına daha yakın bir otel bakın. Yemek yemek için o bölgede de alışveriş merkezi bulunuyor.,6,2024-12-05 00:00:00+00,0
" Da arrumação do quarto, das camas e lençóis que saem do colchão quando dormirmos, toalhas ásperas",8,2024-12-05 13:43:15+00,0
"Hotel agreable. Chambre tres spacieuse et petit dejeuner varie et copieux. Belle piscine et jaccuzzi. Manque un bar conviviam dans le lobby....celui de la piscine fait vraiment snack de gare...!
Personnel a l'ecoute et efficace. Bon sejour dans l'ensemble !",8,2024-12-09 00:00:00+00,0
 Tudo,10,2024-12-09 03:16:02+00,1
"Excelente atención, habitaciones cómodas, muy buena comida",10,2024-12-10 13:28:33+00,1
"Muito bom atendimento, desde obpessoal do restaurante, café da manhã até os gerentes.
Muito bom",10,2024-12-10 19:34:13+00,1
"Experiência maravilhosa, com certeza retorno. Pois só choveu, não curti parte externa que é linda.  Quarto um espetáculo.",10,2024-12-10 21:18:21+00,1
" A recepção foi acolhedora com os drinks, biscoito no quarto e todos muito atenciosos e educados. Chá das 17h é um diferencial muito positivo, o espaço todo bem limpo e organizado com uma decoração elegante e sutil. Toalhas macias. Sabonete de qualidade.",10,2024-12-11 00:45:57+00,1
" em geral o hotel é muito bom poucas coisas que deve cuidar:
gerente de restaurante é longe de trabalho passa só para dar olhar. 
exemplo: tem jeito bom de foncuinarios para organizar talheres e os pratos mas toca os garfos colheres e facas nas mãos não é bom higiene é importante . as roupas são lindas uniforme bom foncuinarios educados simpáticos então culpa de gerente quem não o serva bem . Internet é ruim demais , tv deve ser smart .. os valores são justos tapete de corredor deve trocar .
mas um.hotel muito bom em geral e como diz administração que precise melhorar.
volto sim mais uma vez e vale pena",9,2024-12-11 01:32:12+00,0
" Localização, café e a piscina  Banheiro do quarto e cobrança de taxas que já tinham sido paga na reserva com vocês",6,2024-12-15 13:14:50+00,0
Excelente!,10,2024-12-16 21:45:46+00,1
"Atendimento , localização , café da manhã TOP!!! Certamente voltaria!",10,2024-12-16 22:01:12+00,1
Excelente hotel desayuno cena excelente,10,2024-12-17 03:23:31+00,1
"Hotel muito bom, vale muito a pena. Bem localizado, boa estrutura, bom café da manhã e pessoal muito atencioso.",10,2024-12-18 00:00:00+00,1
" Estrutura física do
Hotel e custo benefício  Achei que teria roupas de camas de melhor qualidade.
Acho que o hotel se perde em alguns detalhes , mas pelo custo benefício está dentro do esperado",8,2024-12-18 01:14:43+00,0
 No geral atende  Faltaram alguns detalhes. Esperado pelo custo do hotel,8,2024-12-18 01:16:03+00,0
 las instalaciones y el trato del personal  no da que no me gustó pero se podría mejorar la parte salada del desayuno,10,2024-12-19 00:43:02+00,1
"Experiência exemplar, funcionários super atenciosos e simpáticos. Café da manhã super familiar e com variedades. Na piscina um clima leve e descontraído com músicas que agradam à todos. Perfeito e recomendo =)",10,2024-12-19 01:00:09+00,1
Excelente place in Iguazu,10,2024-12-20 00:00:00+00,1
"Super recomendable. Excelente atención. Hermosa pileta. Muy bueno el desayuno buffet y la cena libre por 75 reales ($14 mil ARS al dia de hoy aprox).
La habitacion excelente, super comoda. Lo unico criticable es  que la tele es smart pero no esta conectada a Internet.",10,2024-12-20 00:00:00+00,1
 La atencion fue muy amable y buena desde el principio. Encontramos en el hotel tambien las opciones para ir a las cataratas,10,2024-12-20 02:37:31+00,1
" Serviços, localização e café da manhã",10,2024-12-21 10:42:34+00,1
"Excelente ubicación, a una cuadra del bus que te lleva a ciudad del este, a la vuelta te deja en frente. A pocas cuadras del shopping .",10,2024-12-22 18:09:31+00,1
"Excelente atención del personal del hotel, todos muy amables y dispuestos a atender requerimientos, solo indicar que el aire acondicionado no tenía la temperatura adecuada para el calor que hace, sin extractor el baño, lo demás excelente.",10,2024-12-23 09:35:10+00,1
" Localização,  atendimento e café da manhã",10,2024-12-24 00:05:19+00,1
"Excelente opção  para quem vai para Foz do Iguaçu.  A equipe é muito educada,  estão  sempre disposto a te orientar para qqr questão.  Comida muito boa,  hotel limpo.  Obrigada Continental inn.",10,2024-12-25 11:47:17+00,1
Ótimo,10,2024-12-26 00:00:00+00,1
Um dos melhores hotel de Foz de Iguaçu recomendo nota 1000,10,2024-12-26 00:45:07+00,1
"Limpeza, educação dos funcionários e todas as facilidades que o hotel possuem tornam a experiência muito acolhedora! Voltarei mais vezes com certeza 🤍",10,2024-12-26 11:05:32+00,1
" Atendimento, estrutura, café da manhã  Ar condicionado  e colchão",9,2024-12-26 16:10:25+00,0
 Bem confortável  Manutenção e reforma de pequenos itens são necessários… cadeiras do café da manhã!,8,2024-12-27 17:15:28+00,0
A recepção e os mensageiros são cordiais. A cortina do quarto estava suja e a cama é bastante desconfortável. Os hóspedes em cima e do lado eram muito barulhentos e o barulho incomodava bastante. Meu filho queimou o braço no grill do café da manhã que estava numa mesa redonda pequena que deixava a lateral quente para fora da mesa. Lençol fino.,8,2024-12-28 00:00:00+00,0
" piscina, comida, garagem coberta, limpeza  equipamentos poderiam ser mais novos. area de lazer",8,2024-12-29 14:05:15+00,0
Muito boa experiência.  Nota 10,10,2024-12-29 20:15:24+00,1
" O excelente atendimento já começa na recepção. Todos muito receptivos, prestativas e gentis. O cardápio refinado, o café da manhã com inúmeras opções, que atende a todos os paladares. Limpeza impecável.",10,2024-12-31 12:36:30+00,1
Surreal,10,2025-01-01 14:56:06+00,1
"Hotel maravilhoso, uma hospitalidade sem igual, todos que ali trabalham são muito educados e atenciosos. O café da manhã muito farto e tudo uma delícia.",10,2025-01-02 17:44:33+00,1
"O hotel é antigo, o quarto é amplo,porém muito escuro e o banheiro precisa de reformas. 
As camas são confortáveis e o pessoal do hotel é muito simpático e receptivo.
No geral a estadia foi boa, porém eu esperava mais conforto no quarto.",6,2025-01-03 00:00:00+00,0
 Bom hotel  Preço alto para um hotel que é mediano,9,2025-01-03 03:50:37+00,0
" Good location  No welcome drinks was offering, I saw some people having drinks when arrived . Lifts to access car park was broken .",5,2025-01-03 13:45:36+00,0
" Os atendentes da área da piscina foram todos muito educados e muito simpáticos. Sempre atenciosos e dispostos a ajudar.  Estávamos de carro, saímos para dar uma volta e no retorno eles não queriam que eu colocasse meu carro na garagem coberta, queriam deixar meu carro na garagem do lado de fora. Meu carro é blindado e tive que brigar para poder colocar na garagem novamente sendo que a garagem estava vazia 

Tive problemas com a minha reserva, ( fui informada somente no meu checking que eu fiz a reserva para dois adultos ) e nem o booking e nem o hotel solicitaram a confirmação dos números de hóspedes. Sendo que quando eu fui fazer a reserva no site eu coloquei 2 adultos e duas crianças. Não sei o que aconteceu e em qual momento que houve o erro que acabei fechando dois quartos duplos com somente um adulto em cada quarto. E na hora eu tive que pagar o adicional de uma das crianças. Não consegui contato com o Booking para resolver o caso e o hotel em MOMENTO ALGUM foi prestativo em nos ajudar, e não nos cobrar essa tarifa adicional sendo que de qualquer maneira eu estava já ocupando um quarto que hospedava uma pessoa a mais. 

Eu comprei a ceia de ano novo para 4 pessoas, e mesmo assim ninguém do hotel verificou a diferença d minha reserva com a ceia comprada e entrou em contato. 

Ficamos hospedados com a família em 6 quartos no total, pagamos a diária da garagem e consumimos muito durante a nossa estadia, e não foi feito nenhum abatimento no valor, devido ao erro do booking.",7,2025-01-04 11:32:47+00,0
" Ótimo ambiente, funcionários muito educadores e prestativos. Piscina e café muito bons",9,2025-01-04 16:50:04+00,0
" Quarto muito bom, localização excelente, café muito bom, sempre ficamos hospedados nesse hotel. A atendente Gladis muito atenciosa e prestativa.  Nada",9,2025-01-05 10:03:28+00,0
" Os funcionários muito gentis, menos o gerente, sr. Marlon que se negou a falar conosco, e que nunca vimos ele no hotel  O lanche grátis as 17:00hs, péssimo, nem água tinha, nem um café, nem um suco, verdadeiramente muito ruim",8,2025-01-05 11:57:56+00,0
 A piscina é maravilhosa.  Acho que o banheiro dos apartamentos poderiam ser atualizados. A roupa de cama tipo lençol de cama observar pra não colocar rasgados.,10,2025-01-05 14:40:33+00,1
" Desayuno, fantástico! La zona de piscina7solarium, es muy agradable. El personal muy dedicado y amble.
La ubicación es buena. La habitación, genial!  No me gustaron los precios que maneja la agencia de turismo que se encuentra dentro del hotel. Se consiguen mucho mejores precios para las excursiones, contratando por otros canales.",9,2025-01-05 15:45:00+00,0
Amamos o nosso natal neste lugar 💞😍..,10,2025-01-05 19:00:12+00,1
" A localização, a piscina muito boa.",9,2025-01-06 00:04:14+00,0
" Da localização, dos colaboradores, café da manhã 🥣  A piscina estáva um pouco suja nas bordas",10,2025-01-06 10:11:13+00,1
 ótimo café da manhã. ótima localização. ótimo atendimento  ter mais um cartão para o hóspede,10,2025-01-06 13:48:14+00,1
" Atendimento dos funcionários, localização do hotel e qualidade do café da manhã. Preço condizente com o padrão do hotel.  As amenidades poderiam ser melhores (não havia reposicao diária de papel higiênico; qualidade do cobertor e travesseiro; nao havia abajur).",9,2025-01-06 15:16:45+00,0
" Nada  Desculpa o desabafo mais os imprevistos eram para não hospedar neste hotel, atendimento ruim parece que está fazendo obrigação de estar. Vazo intupido desde que a gente chegou sem nenhuma responsabilidade de empresa paguei mais de 900,00 reias cheguei as 18:35 minutos só para descansar acabei ficando mais empreitado com minha família. Isso é um desrespeito com minha família.",1,2025-01-07 03:14:02+00,0
" Atendimento execelente. Todos as pessoas nos atenderam perfeitamente. A comida e café da manhã são deliciosos. Os pratos bem preparados e com um valor justo. Hotel bastante confortável . Com acesso facil e restaurantes bons por perto.  Da festa de reveillon
A comida estava deliciosa.
Ja participei de outras festas em hotel, e acho que a refeição deveria ser servida antes, a partir das 20hs e deveria ser estendida. 
Achei muito ruim o fato de não termos b Brut a vontade, ja que a descrição falou que bebida era a vontade. 
E tambem o show acabou muito cedo. 
Deveria ser mais extenso
Não valeu  custo/ beneficio",9,2025-01-07 11:24:47+00,0
 De todos os hoteis da região a cordialidade de todos funcionários foi  incrível. Seria impossível não voltar depois dessa recepção.  Conheço vários hotéis e é um dos  melhores cafés da manhã de Foz do Iguaçu. . Mas realmente a recepção do Continental Inn  nos deixa  com um gostinho  de quero mais.,10,2025-01-07 20:38:42+00,1
"Todo lo referente al hotel impecable, la unica critica es la musica en la pileta, constante y a un volumen altisimo para los que quieren descansar.",8,2025-01-07 23:17:00+00,0
"O hotel é antigo, precisa de algumas atualizações. No entanto, tudo funciona e está em boas condições. O quarto é enorme e confortável. Tudo muito limpo. Café da manhã bom. Os funcionários super gentis. A piscina boa tb. Pedimos uns pratos à noite e era tudo muito gostoso. Foi uma grata surpresa. Sempre ficávamos no mesmo hotel, mas desta vez resolvemos trocar e foi muito bom. Eles servem um chá da tarde no bistrô do hotel. Tudo dentro do hotel tem um preço justo, o que convida a permanência na estrutura do hotel.",10,2025-01-09 00:00:00+00,1
 Quarto confortável pelo preço pago.,8,2025-01-09 16:19:23+00,0
"Local muito bom para ir com criança, possui muita área de lazer, recreação. Tem piscina quente e fria, tem parquinho e muito mais. Bem legal mesmo para crianças e até adultos se divertir.
Quando chegamos o quarto não foi equipado adequadamente com a quantidade de hóspedes, éramos eu, meu marido e nossa bebê de 1 ano. Tinha apenas 2 toalhas de banho. Solicitamos uma terceira toalha e uma banheira para dar banho nela e demorou tanto que tive que dar banho na bebê na pia pois no chuveiro era muito forte a pressão da água pra ela e só quando voltamos é que estava lá a toalha e a banheira. As toalhas de banho e as cobertas estavam muito fedidas, parecia que um cachorro molhado tinha se enrolado nelas. As toalhas da piscina eram cheirosas. Os itens do bar são muito caros, absurdamente carro - 7 reais por 320 ml de água. O serviço de manobrista era bem eficiente e rápido. O serviço da recepção não era nem bom nem ruim, normal. O café da manhã era muito bom, mas não tinha tanta opção de coisas salgadas quanto imaginei. O restaurante não abria para almoço ou jantar. A Wi-Fi funcionava bem. Possui tomadas 110 e 220 com indicação de voltagem.
No geral é um bom hotel para se hospedar, mas está bem abaixo de outro hotel 4 estrelas que ficamos.",8,2025-01-09 18:10:45+00,0
 The staff was very helpful and friendly. Strong client-driven hotel. The hotel was clean and tranquile. Great dinner and breakfast.,9,2025-01-11 05:39:45+00,0
" Great location, clean rooms, friendly staff.",10,2025-01-11 16:04:28+00,1
"Ótima experiência, ambiente agradável, piscina aquecida, funcionários atenciosos, camas confortáveis. Sentimos falta de um espaço kids.",8,2025-01-12 00:00:00+00,0
" Funcionários simpáticos e prestativos, localização do hotel é excelente  Do banheiro do quarto que ficamos dava para escutar tudo do banheiro do quarto lado, não foi um problema, mas não é agradável",9,2025-01-12 15:18:02+00,0
" Localização: Próximo ao centro de Foz do Iguaçu, com fácil acesso às principais atrações turísticas, como as Cataratas do Iguaçu, a Itaipu Binacional e a fronteira com o Paraguai.
Café da manhã: Bastante elogiado pela variedade e qualidade, com opções de frutas, pães, bolos e itens típicos da região.  Algumas  áreas do hotel, como banheiros e corredores, poderiam passar por atualizações ou modernizações.
Wi-Fi: instabilidade no sinal de internet em algumas partes do hotel.",10,2025-01-12 16:45:45+00,1
 Hotel antigo porem muito bom. A piscina atende bem os dias quentes de Foz.,9,2025-01-13 20:46:36+00,0
"Eu e minha família (total de 04 pessoas) ficamos 11 dias nesse hotel (26/12/2024 a 06/01/2025). Ficamos hospedados em duas suítes. Infelizmente houve furto nas duas suítes. Lamentável você sair para passear, chegar na suíte e dar falta dos seus pertences. Não aconselho ninguém ficar hospedado nesse lugar.",2,2025-01-13 23:53:26+00,0
Razoável,8,2025-01-14 00:00:00+00,0
" Localização, tamanho do quarto, cama confortável, banheiro grande.  Serviço de quarto.",9,2025-01-14 21:12:18+00,0
"O hotel fica bem localizado com vários restaurantes no entorno. Tem um shopping e um mercado que ficam relativamente perto do hotel. O quarto era amplo, a cama confortável, o chuveiro deixa um pouco a desejar. O café da manhã é muito bom. A piscina é bem grande e nos dias quentes de janeiro foi muito agradável. O atendimento de todos foi muito cordial e receptivo.",10,2025-01-14 21:16:58+00,1
 Excelente atendimento dos funcionários.,8,2025-01-15 01:41:19+00,0
" La amabilidad del personal es para destacar y la higiene en general, impecable.  Las instalaciones no son modernas pero están en excelente estado y mantenimiento",10,2025-01-15 12:34:26+00,1
Hermoso hotel. Mucha gente y un solo ascensor. Desayuno tremendo!! Piscina muy bonita aunque cargada de gente.  No es de los hoteles más baratos pero vale la pena.,10,2025-01-15 17:24:29+00,1
" Tamanho do quarto, atendimento dos funcionários.  Ar condicionado barulhento. 
Internet instável",8,2025-01-16 13:49:48+00,0
" Nada  El precio, el hotel es antiguo y las habitaciones huelen a viejo",3,2025-01-17 18:28:50+00,0
" El hotel muy lindo cómodo, la pileta exelente, muy buena la atención muy amables todos, exelente atención en el bar de la pileta. Espero en algún momento poder volver al hotel, súper recomendable  No me gusto la Tv ya que no tiene variedad de canales solo cuentan con 8 o 10 canales",10,2025-01-18 00:45:36+00,1
" Todo bien, el trato del personal excelente  La ubicación de mi habitación daba al estacionamiento",10,2025-01-18 12:44:40+00,1
 Atendimento impecável com funcionários extremamente atenciosos e educados.,10,2025-01-19 18:07:50+00,1
excelente Lugar,10,2025-01-20 01:16:28+00,1
" Funcionários da piscina são ótimos. Mo geral os funcionários são muito educados. 
Bem localizado, limpo. Ótimo café da manhã  O interruptor da lâmpada do escritório não estava funcionando. Passamos uma noite com ela ligada OU morrendo de calor sem energia. Foi cansativo. Napa reinaram apenas “desligaram a lâmpada” porém , eu estava em trabalho e justo ela, fez falta. 

Ar condicionado vazando muita água, quase alagando o quarto. 

Essas coisas já tem que ser revisadas e corrigidas antes do hóspede chegar, ou voltar (a noite, que foi nosso caso). 

Tirando isso, foi tudo bem. 

Funcionários latino americanos dão voltas, falta objetividade , e não respondem a pergunta de forma clara. 

O hotel não está preparado para receber o perfil nômade digital ou pessoas a trabalho. É um mercado enorme. Por ex: disponibilizar máquina de café durante o dia não só no café da manhã.",9,2025-01-20 12:08:43+00,0
"Nem terminei minha estada no hotel, mas já avalio com nota máxima. Muito bom, aconchegante.",10,2025-01-20 12:13:45+00,1
" Atendimento durante o check-in e check-out, além das informações fornecidas pela equipe do hotel.  1. Televisão com poucas opções de canais, com problemas de imagem e som de alguns canais.
2. Ar condicionado direcionado para cama (antigo)
3. Chuveiro com regulagem de temperatura da água com problema em uma ocasião a água continuava quente mesmo com o registro da água quente (Esquerdo) fechado
4. elevado antigo.",5,2025-01-20 17:53:27+00,0
" Do espaço do quarto e da limpeza.  O ar condicionado não estava funcionando direito, fomos em um período de muito calor e infelizmente tivemos dificuldade para dormir.",7,2025-01-21 10:55:35+00,0
Excelente adorei o atendimento com certeza voltarei mas vezes,10,2025-01-22 02:57:06+00,1
" El desayuno y la cena muy completo y variado, la cordialidad del personal fue destacable.",9,2025-01-22 12:41:32+00,0
" Localização ótima, atendimento maravilhoso, quarto espaçoso, limpo e bem iluminado. Área de piscina incrível.",10,2025-01-22 17:43:43+00,1
 Quarto amplo,10,2025-01-23 00:58:15+00,1
" O hotel atende as expectativas, nada demais, as instalações já estão bem antigas e precisam de uma boa revigorada. Não sei se é um hotel para 4 estrelas, acho que não.  Cobrança do estacionando que antes era gratuito.",7,2025-01-23 09:52:59+00,0
" O hotel tem uma estrutura muito boa. A equipe é espetacular, super atenciosa. Parabéns à Claudia que atende na piscina. A piscina é boa e limpa, o que é essencial pois Foz é muito quente.  O café da manhã tem muitos itens doces, pouco salgados e, o que tem, não tem gosto. Jantamos no hotel um dia e a comida estava sem gosto. Desistimos e comemos fora os outros dias. Como passamos o ano novo, ficamos decepcionados com o buffet da virada do ano. Conseguiram deixar uma batata rústica sem sabor. O que salvou foram as sobremesas.",7,2025-01-24 11:11:25+00,0
Atendimento impecável! Recomendo com certeza!!!,10,2025-01-24 13:25:11+00,1
"Quarto amplo, ar condicionado, piscina com boa quantidade de mesas e espreguiçadeiras, salão de jogos, preços razoáveis e atendimento bom,",10,2025-01-25 02:18:01+00,1
"Hotel Muito bom, toda a equipe do hotel estão de Parabéns!
A minha esposa e eu escolhemos o pacote com café da manhã e janta, e na janta tem buffet a vontade com ótima comida e também uma variedade debsladas e doces para a sobremesa!",10,2025-01-25 11:39:31+00,1
" Dinner is excellent, with a wide variety of meals....    tea served at 5 PM is a nice gesture. Location is great, hotel personnel so kind, easy going and is always wanting to serve guests  the water of the swimming pool has a warm temperature and I prefer it to be cool. It is necessary that desktop computers with printer are offered, i.e., a Business Center or at least an Internet point",9,2025-01-25 15:00:37+00,0
" Instalaciónes....y la calidad de su gente.  La Cena en algunos días le faltaba temperatura, pero el servicio es excelente. Si les avisaba de seguro lo solucionaban., solo que yo me relajé ja ja",9,2025-01-25 17:10:54+00,0
"Al reservar lo habíamos hecho con parking incluido, pero resulta que debemos de pagar por día encima ni si quiera estará bajo techo
El desayuno más que completo y delicioso
La atención del personal impecable",6,2025-01-25 20:22:52+00,0
"Exelente la limpieza, muy cordial la atención del personal.",10,2025-01-26 14:27:36+00,1
"Nos hospedamos 1 (una) noche, tuvimos inconvenientes con la habilitación, ya que solicitamos para 2 adultos y 1 menor, nos dieron una habitación solo de 1 cama matrimonial... Allison nos tuve más 3 horas esperando para resolver y fue demás desagradable, Pero luego del cambio de turno estuvo Marcelo Pauloco, en 10 minutos nos resolvió el problema, Marcelo al igual que Tyane son maravillosos personales preparados para atención al cliente, hotel de lujo, habitación grandes y cómodas, desayuno increíble rico rico, cena buffet muy básico es mejor salir a cenar fuera, pileta pequeña para la cantidad de huéspedes y más que es un hotel familiar, Pero los conciertos en la terraza es lindo... Volvería sin dudar",10,2025-01-27 15:32:10+00,1
 La ubicación  Falta mejor climatización. Mucho calor en algunos sectores. Y en las habitaciones el aire acondicionado es muy chico. Mínimamente debería colocar un aire de 18.000 btu por el espacio.,9,2025-01-27 17:16:02+00,0
"Recomendo! Funcionários todos muito educados e gentil. Hotel mais antigo , porém , muito limpo os quartos, roupas de cama.
Ótima a localização.",10,2025-01-27 20:16:20+00,1
 muy buen desayuno,9,2025-01-27 23:48:58+00,0
 La pileta muy buena  El servicio de lavandería toalla y la cena era todos las noches lo mismo,7,2025-01-29 00:03:09+00,0
 La habitación y el restorant  El baño no estaba limpio al 100%,10,2025-01-29 13:09:05+00,1
Excelente,10,2025-01-29 20:13:40+00,1
 La zona de la pileta relax total. El desayuno muy completo.  Nada,10,2025-01-30 00:04:01+00,1
Excellent...un seul souci .comme tous les hôtels que ns avons fait au Brésil ...le système de filtration et de nettoyage de la piscine est déplorable...sous dimensionné et laisse une vision et une odeur de l eau non appropriée ..Pour le reste tout est parfait  👌,10,2025-01-31 00:00:00+00,1
 La atención del personal. Todos muy cordiales. Y el desayuno ofrece una gran variedad de productos de primera calidad.  No saber que el estacionamiento se pagaba aparte. No es caro. Pero no me gustan los gastos sorpresa.,10,2025-01-31 11:51:32+00,1
"Excelente todo! Limpieza excepcional y personal aún más destacable. Un lugar donde te hacen sentir a gusto en todo momento y se nota que ese es realmente su propósito, tanto en el servicio como en lo humano.",10,2025-02-03 02:43:33+00,1
" Nice facilities and location. Staff was great.  AC was not sufficient - room was warm and humid. 

Maid service was erratic.",8,2025-02-03 16:57:20+00,0
" La comida y la muy buena predisposición de los empleados, la pileta .  Muy mala Internet, la tv muy mal sonido y aire acondicionado falta servi para que enfríe bien, porque a tal hora de la noche no enfríada nada. Sería bueno que no cobren parkín de estacionamiento.",8,2025-02-03 17:50:23+00,0
" Hotel confortável, preços de alimentos e Bebidas honestos, além de ter boas opções.
Otimo atendimento  O espaço da piscina achei um pouco pequeno.",9,2025-02-03 19:08:47+00,0
" La habitación grande y limpia. La piscina y la buena disposición del personal  Falta información sobre los sitios turísticos, mapas de la ciudad",10,2025-02-04 00:03:20+00,1
" el trato, la instalacion y la ubicacion  la comida",9,2025-02-04 15:19:19+00,0
" Quarto grande  Sem souvenires, a netflix não conectou o secador de cabelo não aguentava na temperatura quente, ficava desligando!",9,2025-02-05 15:26:30+00,0
 Excelente atención de sus empleados e instalaciones excelentes.,10,2025-02-05 20:54:34+00,1
 Desayuno  El colchón un poco blando,10,2025-02-05 22:02:51+00,1
 Un hôtel magnifique - personnels incroyables même il y a quelqu’un qui parle français ! Guide de l’agence aussi parle français - je recommande vivement fort et je reviens l’année prochaine 💖🇧🇷,10,2025-02-06 00:51:15+00,1
"En general, siempre cumple. A veces está con muy gente y la atención se hace lenta en check in o servicios en pileta",8,2025-02-07 00:00:00+00,0
" Localização , café da manhã e da tarde , e funcionários muito educados e gentis  Banheiros muito antigos e ar condicionado barulhento",8,2025-02-07 10:40:27+00,0
 De diez todo! Muy recomendable!  -,10,2025-02-08 00:34:19+00,1
 La gente es muy gentil  Lo único que podría ser es que el estacionamiento para los huésped sea gratis también,10,2025-02-09 15:36:26+00,1
 El personal muy agradable. Bien ubicado. Buen desayuno. Camas muy cómodas. La limpieza.  El estacionamiento para huéspedes tiene costo :(,9,2025-02-10 02:43:04+00,0
Falta mantenimiento,4,2025-02-10 10:26:25+00,0
 Localização e carinho das pessoas.  Alimentação no jantar pode melhorar. Alguns dias ótima e outros dias limitada.,9,2025-02-10 13:15:01+00,0
" Hotel confortável, limpo, ótimo café da manhã. Foi uma viagem fantástica, ótimos passeios e ótima hospedagem no Continental Inn.",10,2025-02-10 21:58:14+00,1
"Muito bom, check in muito rápido, funcionários atenciosos, apartamento completo e muito limpo, instalações do hotel muito boas, café da manhã muito completo e com qualidade ( garçons muito eficientes e atendem a todos com simpatia, localização muito boa perto de todas as atrações da cidade.",10,2025-02-11 00:00:00+00,1
Experiência ótima!,10,2025-02-11 12:15:43+00,1
" Excelente desde la persona q nos recibió (Reinaldo) hasta los mozos, la gran suerte q uno de los mozos era de nuestros pagos Pablo ( Córdoba) así q nos mimo y ayudó con todo lo q brindaba el restaurante  Sólo las almohadas",9,2025-02-11 13:34:52+00,0
 El idioma  La cama,7,2025-02-12 02:14:26+00,0
"Lugar Muy recomendable, muy atentos muy buen servicio y economico, las veces q visite foz do Iguazú volvere al mismo hotel",10,2025-02-12 11:19:06+00,1
"Hermoso hotel. Muy buena ubicación . Hay un shopping buenísimo a 4 cuadras.con supermercado incluído. Atención muy amena. Habitaciones amplias con todo lo necesario de buena calidad. Las comidas (desayuno y cena) abundante y variada. Muy rico todo y la atención del comedor  de primera , todos atentos y simpáticos. El sector de piscina precioso..el agua algo caliente pero por la temp que hay en la ciudad. Juegos cómo pool. Ping pong etc. Bar de piscina hasta las 22hs. No sé pude pedir más! Un lujo",10,2025-02-13 00:00:00+00,1
" El hotel es muy lindo, tiene camadas cómodas y la pileta y el desayuno son excelentes",10,2025-02-13 13:34:02+00,1
" La ubicación bien, la cama comoda  El estacionamiento es incomodo,  y el baño falta ser más moderno",7,2025-02-13 20:34:16+00,0
 Todo  Nada en especial,10,2025-02-14 00:19:18+00,1
" Estuvimos alojados 2 noches. Todo perfecto. 
El personal súper amable, desde la recepción hasta  el bar de piscina. 
El desayuno de 10.",10,2025-02-14 11:23:13+00,1
Ficamos três dias aí neste hotel muito bom vale a pena fumos bem atendido e um cafe da manhã com bastante variedades eu recomendo...,10,2025-02-15 00:31:25+00,1
" Serviços de quarto e café.  Achei o preço para adicionar mais uma diária um pouco caro, pois já estava hospedado.",10,2025-02-15 01:19:08+00,1
Excelente la habitación todo impecable. El hotel muy lindo pero el personal deja mucho que desear ya que eso opaca todo lo demás la atención le daría un 2 tendrían que ver eso capacitar a los chicos. En el bar había una señora que nos dejó esperando sin preguntar que necesitábamos,4,2025-02-16 00:00:00+00,0
 Tamanho quarto  Todo hotel necessita de melhor manutenção e reforma,6,2025-02-17 01:21:03+00,0
"O hotel possui boa localizacão e é ideal para estadia de Negócios Turismo. Não aconselho levar crianças. Nao tem Parquinho.
Tivemos um problema com a reserva do quarto na qual a Recepçao jogou a culpa no site de reserva. Tive Que dormir a Primeira noite com minha filha entre eu e minha muller. Em resumo, eles não me deram o quarto com uma cama de casal e uma de Solteiro assim Que entrei no hotel. Menos mal que me adequaram no dia seguinte apos reclamação.
A area de piscina é pequena mas boa. O atendimento é justo na area de piscina.
Os preços dos produtos São adequados.
O restaurante do hotel é bom.
A limpeza é adequada.
O desjejum é excellente.

Pontos negatives: sinal de internet é pessimo.
Os souvenirs de banho não condizem com o padrão do hotel.
O chuveiro nao uma ducha uniforme.
A incoerência de informacoes foi o que Mais me chateou. Ao reservar pelo site nao havia informação nenhuma sobre estacionamenro pago. Ao entrar no hotel a funcionária da Recepção me informou que eu teria estacionamento gratis, pois havia reservado antes do revellion. Ao fazer o check-out a minha  surpresa é que me cobraram o estacionamento. Então eles não avisam o cliente sobre suas políticas de funcionamento e não se entendem nem entre eles sobre o funcionamento do estacionamento.",6,2025-02-17 10:47:32+00,0
" Desayuno bueno , ubicación buena  Cucarachas en la pieza.  2 veces reclame y nunca las sacaron . No tiene cochera cubierta ni propia",5,2025-02-17 13:58:29+00,0
 Great staff. Nice swimming pool and outdoor bar/restaurant.  Also a games room  Nothing,9,2025-02-18 22:13:17+00,0
" Es hermoso el lugar lo súper recomiendo, igual q la atención son muy atentos el personal!!",10,2025-02-19 01:32:51+00,1
"Um dos hotéis com os maiores quartos da cidade. Muito, mas muito bem localizado. Edifício com ótimo recuo coberto para pegar Uber. Staff impecável. Gerente poliglota ajuda muito os hóspedes estrangeiros. Máquina de nescafé e Nespresso no café da manhã. Wi-fi extremamente bom e moderno (Wi-fi 6)

Contras: 1) A estrutura é um pouco antiga e merece ser modernizada, sobretudo TV, colchões e ar condicionado. 2) Alguns quartos tem banheiros cujo sistema de exaustão permite ouvir os quartos ao lado. 3) Toalhas e roupa de cama um pouco simples demais para a categoria do Hotel. Copos de plástico (??) no frigobar.

Em suma, eu recomendo a hospedagem, principalmente pela localização e pelo staff impecável, mas é importante que a administração tome mais cuidado com os pequenos detalhes -- tendência atual que não é seguida pelo hotel que é, digamos, ""roots"" demais rsrs...",10,2025-02-19 18:40:26+00,1
" Вы сэкономили на отеле, а они на ремонте.  Наше пребывание в этом отеле оставило смешанные впечатления. Когда-то это был хороший и классный отель, но сейчас он явно требует внимания и улучшений.

Во-первых, чистота в номере оставляет желать лучшего. Под кроватью и за тумбочками было явно не убрано — много пыли и волос, что неприятно. Также в ванной и раковине мы находили чужие волосы, что говорит о недостаточной уборке.

Во-вторых, мы заранее просили детскую кроватку, несколько раз напоминали на ресепшене, но каждый раз персонал реагировал так, будто слышит об этом впервые. В итоге кроватку нам так и не принесли.

Кроме того, номер требует косметического ремонта: есть заметные следы износа, которые портят общее впечатление.

Возможно, за свои деньги этот отель и хороший, но с такими недостатками сложно рекомендовать его безоговорочно. Надеемся, что руководство обратит внимание на эти проблемы.",5,2025-02-20 18:38:06+00,0
 Excelente relación calidad-precio,9,2025-02-20 23:46:49+00,0
"Hotel suntuoso, ótimo atendimento e serviço. Precisa de uma boa reforma nos banheiros e equipamentos mais modernos como um ar condicionado inverter e uma smartv",8,2025-02-21 00:00:00+00,0
 Xx  Rien,9,2025-02-21 01:25:04+00,0
 La amabilidad de todo el personal,10,2025-02-21 12:34:25+00,1
" Excelente lugar, nosotros contratamos con media pension y la verdad q no es un 10, es un 20",10,2025-02-21 15:10:53+00,1
 Amabilidad del personal,9,2025-02-21 23:38:32+00,0
"Excelente, siempre lo elegimos, estuvimos hasta el 20/02, y como todas las veces que nos hospedamos el servicio y la atención impecables!",10,2025-02-22 23:04:43+00,1
 Hermosa pileta excelente la atención de los empleados destacando a Junior  Todo excelente,10,2025-02-23 15:23:55+00,1
" Hotel muito bem localizado, ao lado de restaurantes, farmácias, padarias, poucas quadras do Shopping. 
Acomodação confortável, limpa, café da manhã variado, funcionários atenciosos, ambiente agradável. Desfrutamos de um delicioso chá da tarde oferecido pelo hotel.  O secador de cabelo do meu apartamento estava com defeito e o ar condicionado sem manutenção, fazendo um barulho mais alto que o normal.
Acho que podem melhorar as Amenities oferecidas aos hóspedes, muito simples, achei que não condiz com o padrão do hotel.",9,2025-02-25 22:37:01+00,0
 Hotel caro de mais tem muito mais muito melhores pela metade do preço hotel antigo valor de risort fiquei em mais de 30 hotel em foz o pior comparando com valor  Estranho não tem estacionamento próprio piscina pequena ofurô em reforma café da manhã fraco pelo valor meu Deus maior erro da Viagem,1,2025-02-27 19:39:18+00,0
" Buena ubicación, restaurantes, farmacias y supermercados muy cercanos. El personal muy atento.. El Hotel es un poco antiguo pero todo estaba muy limpio.",10,2025-02-27 19:40:01+00,1
" Adoramos o ambiente , atendimento , tamanho do quarto …
O café da manhã bem servido e tudo limpinho , os funcionários são super atenciosos , a piscina é linda e adequada para crianças , a localização do hotel é ótimo , voltaremos mais vezes 🙌😁  Nada",10,2025-02-28 12:27:56+00,1
" El hotel es hermoso, con una gran piletas, el desayuno increíble y los precios para consumir dentro del hotel son muy baratos. Volveremos",10,2025-02-28 13:54:25+00,1
" La limpieza excelentes 👌.
La atención de todos los chicos es excelente la verdad volvería sin dudarlo.",10,2025-03-01 03:31:24+00,1
 Desayuno muy bueno..excelente ubicación y muy buena atención,10,2025-03-01 15:30:59+00,1
 Fantastico breakfast... bellissima piscina con fantastica musica brasiliana!,9,2025-03-02 00:22:51+00,0
"Excelente atención del personal, en recepción, en buffet para desayuno, en la limpieza de las habitaciones pero sobretodo en el sector de piscina, Junior y Beto súper amables y atentos para atender y ayudar en lo necesario. Volvería y recomiendo sin dudas!!!",10,2025-03-03 23:10:19+00,1
"Gran semana hemos pasado en este Hotel...la calidez y atencion de su personal de Bar de Piscina(Junior...Beto... los mejores!) La moza de barra tmb genia ... el encargado del turno mañana siempre atento y cordial.. atento a cualquier necesidad y consulta que tuviéramos... siempre agradecidos x la predisposición y amabilidad. El buffet del desayuno variado, fresco y rico... el té de la tarde una grata sorpresa para recargar energía... habitacion amplia, con frigobar, aire acondicionado en perfecto funcionamiento(sumamente necesiario con mas de 40° c). Show en vivo en zona piscina x la tarde estos días de carnaval... Sin dudas...de estar nuevamente en Foz...volveremos a elegirlos. Saludos desde Bs As. Cata, Matias y Daiana...",10,2025-03-03 23:11:20+00,1
"Hotel mais antigo, nas dependências do hotel era muito quente, cama não era muito confortável .",6,2025-03-04 00:00:00+00,0
 Localização  Café,9,2025-03-04 12:42:49+00,0
Foi muito boa.,10,2025-03-05 00:00:00+00,1
" Da localização e atenção dos funcionários.
Café da manhã atende as expectativas.  As instalações estão bem precárias. 
O Hotel em geral está desgastado. 
A área da piscina está longe do que aparece nas fotografias. Os bangalôs não existem e em pleno feriado de carnaval eles só tinham 2 guarda-sóis.  A piscina está com azulejos quebrados.
Banheiros antigos. 
O enxoval do Hotel está muito usado. 
O Hotel em geral está precisando de reparos . De um bom investimento.",6,2025-03-05 12:01:13+00,0
" La pileta  Instalación antigua, aire de una suite no enfriaba.",5,2025-03-05 14:10:52+00,0
" Hotel bem localizado, com equipe gentil e atenciosa. Nos auxiliaram em tudo que precisamos, da contratação de motorista de confiança e indicaram empresa de turismo para aquisição dos passeios de interesse. Ótimo café da manhã, quarto amplo e banheiro também.",10,2025-03-05 16:18:18+00,1
 HERMOSO HOTEL. MUY COMPLETO. RECOMIENDO!!!,10,2025-03-05 16:42:10+00,1
"Hotel excelente, atendimento dos funcionários bons, café da manhã bem variado, almoço e  jantar opcional muitos saborosos e preços justos.
Ponto negativo, apenas o check in, muito tardio as 15hs",10,2025-03-06 00:00:00+00,1
 Localização excelente. Espaço muito bom. Atendimento de primeira. Café da manhã excelente.  Estacionamento fora do hotel.,9,2025-03-06 00:18:21+00,0
" muy bueno el desayuno y su gastronomía  me parece que las habitaciones deberían tener puertos USB para la carga de dispositivos, y no depender 100% de los  tomacorrientes estándar de esa ciudad, ademas había parte del personal con el que se complicó entendernos por el idioma",9,2025-03-06 17:28:14+00,0
 They had a really nice breakfast buffet.  The pool looked nice but we did not use it.  No complaints.,10,2025-03-06 20:37:07+00,1
 Espectacular!,10,2025-03-07 03:01:49+00,1
"Adorei o hotel..atendimento,café variado,quarto.De noite..música ao vivo na piscina..som anos 80.. 90. Shopping..a 3 quadras do hotel. Voltaremos!!!",10,2025-03-07 14:06:03+00,1
excellent meals and staff very friendly,10,2025-03-09 00:00:00+00,1
 Excelente!! A recepção foi a melhor possível!! Com direito a um drink e atenção total !! Instalações impecável!,10,2025-03-09 18:18:27+00,1
"A escolha do Hotel foi após uma mudança de data e ele era o que cabia no meu orçamento. Que grata surpresa! O nosso quarto ficou no prédio novo, quartos novos, próxima a piscina. A vista era para a cidade com janelões que tornavam o quarto muito agradável. Chegamos antes do horário de checkin e aguardamos a liberação do quarto (antes do horário previsto) e sem custos. O check in é as 15h e entramos as 13:30h (mesmo com a ocupação quase completa). Enqto esperávamos, as crianças foram pra piscina e aproveitaram a diversão. Toalhas estavam disponíveis antes mesmo do meu check-in.
O período que fiquei estava muito quente. E o elevador panorâmico (que deveria ser uma atração) tornou-se um ponto negativo, pois ficava bastante quente... Minha sugestão é colocar um arcondicionado. Para nossa família, esse é o único ponto negativo da nossa estadia.
Os quartos são amplos e espaçosos. Ficamos num quarto quadrúplo. Camas novas e confortáveis (colchões de mola). Banheiro amplo. Tudo limpo e novo para a categoria que eu fechei.
Recebi um whatsapp do hotel e tudo eu resolvi por lá... achei o máximo. Nos primeiros minutos no quarto, o ar condicionado começou a pingar. Logo foram lá no quarto e regularizaram o aparelho. Funcionou muito bem todos os nossos 5 dias hospedados (a cidade estava numa média de 35ºC).
O café da manhã é maravilhoso, diversificado, com excelente atendimento no salão, garçons cuidadosos com tudo. 
Uma manhã quase perco a hora e entrei no restaurante as 9:55h. Todos aguardaram a nossa alimentação com paciência e carinho.
No primeiro dia, não houve limpeza do meu quarto. Repito que o hotel estava cheio. Falei pelo whatsapp e a camareira cuidou muito bem de tudo nos demais dias. Perfeita a limpeza e organização.
A localização do Continental Inn é um atrativo a parte (ele fica na metade do caminho entra as Cataratas e Itaipu - os dois extremos das programações na cidade). Fui 3x andando ao shopping JL Cataratas (tem supermercado, ampla praça de alimentação, excelentes opções de sushi). 
No último dia, meu check-out foi estendido até as 18h (era para eu sair ao meio dia)  e paguei a taxa de R$ 200,00. Atendeu tudo que eu precisava com a mudança do meu voo de última hora.
Enfim, o hotel é uma excelente opção. Um maravilhoso custo benefício. Preço justo e tudo de muito bom gosto.",8,2025-03-10 00:00:00+00,0
 Muy limpio y muy amables...muy buena estadía es recomendable,10,2025-03-10 00:19:54+00,1
"Recepcionistas, súper amables, cuartos limpios, todo muy aseado. Desayuno impecable.",8,2025-03-11 18:46:02+00,0
" Localização excelente, atendimento muito bom, café da manhã simplesmente sensacional, muita diversidade de alimentos, pães, frutas, doces, salgados. Staff atenciosa e conseguiram nos ajudar em todos momentos que precisamos de algo.",9,2025-03-12 20:58:22+00,0
"Excelente, estrutura muito boa, quarto e banheiro amplos e limpos. Há um restaurante que oferece jantar buffet. Funcionários educados, turismólogo bem receptivo. Localização excelente, perto de restaurantes, farmácias.",10,2025-03-13 00:00:00+00,1
Boli sme tu ubytovaný 3 noci. Hotel ma veľmi dobrú polohu v centre. Je starší ale príjemný. Izba bola priestranná. Posteľ a štandard vybavenia boli nižšie. Mali sme aj raňajky a tie boli výborne. Bazen a jeho okolie vyhovovali a čo bolo najlepšie bazen bol až do 22:00.,8,2025-03-13 00:48:21+00,0
 Alles  Nichts,8,2025-03-13 13:01:57+00,0
" Café da manhã e jantar a la carte, muito bom e preço justo, precisa melhorar a carta de vinhos  Ar com vibração, quarto conjugado, vc ouve tudo do outro lado, deveria ter acústica melhor",8,2025-03-14 19:21:30+00,0
"Café da manhã bom ,  quarto grande ,  petisco e bebida no bar da piscina com preço justo !",10,2025-03-16 00:00:00+00,1
 Muy cómodo,9,2025-03-16 08:34:55+00,0
" Localização, café da manhã e instalações do hotel.  Tarifa de estacionamento à parte, inclusive não constava essa informação no booking.",8,2025-03-17 12:27:09+00,0
"Minha experiência com o Hotel foi maravilhosa desde o atendimento da recepção da Tiane, do serviço do restaurante, piscina e serviço em geral. Limpeza impecável. Eu e meu marido gostamos muito. Com certeza voltaremos. 😉",10,2025-03-17 14:03:53+00,1
"Um hotel charmoso e perto de tudo !
Profissionais extremamente atenciosos e prestativos.
Amamos a estadia e voltaremos com certeza.",10,2025-03-17 15:39:30+00,1
" La habitación muy cómoda y amplia, la pileta y el espacio de bar/juegos también muy cómodos y muy mantenido. El servicio del personal es también para destacar.  El hidromasaje no estaba funcionando (marzo 2025), asumo que estaba en mantenimiento.",9,2025-03-19 15:52:03+00,0
 La atención es buena  El lugar esta desfasado tendrían q actualizarlo,5,2025-03-20 12:16:52+00,0
" Confortável, limpo",7,2025-03-21 23:03:47+00,0
" Localização excelente, atenção dos funcionários e instalações  Nao gostei do restaurante, e da opção de apenas buffet no jantar, além do cardápio do jantar ser repetitivo. Fiquei uma semana e o cardápio se repetiu várias vezes.",9,2025-03-24 15:46:33+00,0
"Check in/out ágil,  habitación limpio, infraestructura antigua pero bien cuidada, atención muy cordial, desayuno variado, tiene opcion sin gluten, se debe pedir en la mañana ya que se tiene reservado en la cocina. Estacionamiento se paga 25 reales por día. Recomiendo",10,2025-03-25 12:38:30+00,1
" El hotel esta muy bien ubicado, cerca de los lugares turísticos y de muy facil acceso, es un hotel cuidado, buena pileta, habitaciones y desayuno, cumplio las expectativas y la relacion precio-calidad es muy buena  Todo estuvo bien",8,2025-03-25 15:29:02+00,0
 Localização. Da cortesia do Chá das 5`.,8,2025-03-26 21:39:35+00,0
" Tudo limpo, quartos confortáveis!",9,2025-03-27 12:16:37+00,0
" Ótima localização, ótima piscina e pessoal atencioso.",9,2025-03-27 14:29:31+00,0
 El desayuno es especial.  Lo disfrutamos mucho  Sugiero se extienda el horario de la cena,8,2025-03-28 14:02:36+00,0
" El hotel está bien ubicado, bastante antiguo, las fotos muy editadas… la comida muy bien, hacen un buffet libre para cenar a veces que está buenísimo. 
La cochera es externa al hotel y es bastante incómoda",8,2025-03-30 15:09:38+00,0
" Our taxi from the airport was perfect, price, punctuality, politeness everything was perfect. Returning to the airport was terrible, it did not turn up, making us very scared we would miss our flight. HORRIBLE.  Lovely hotel. All great apart from the size of the room, it was tiny, tiny. Was not impressed for the price we paid.",7,2025-03-31 09:46:24+00,0
"Es un hotel 4 estrellas que si lo es. Ubicación céntrica, Excelente atención; el personal siempre está presto a auxiliarte y orientarte aún en cosas no relacionadas con el hotel.",10,2025-04-05 00:00:00+00,1
"Amamos o hotel, os serviços, o café da manhã e os jantares são maravilhosos;  e as acomodações  são padrão"" AA""...a ducha é deliciosa...uma verdadeira  massagem de água!",10,2025-04-05 18:08:21+00,1
" O café da manhã é sensacional. Representa bem o Brasil, ""fartura"".  Não poder usar garagem fechada do hotel.",8,2025-04-07 14:03:11+00,0
" Zuerst bekamen wir ein Zimmer neben einer Baustelle, dann wechselten wir in ein Zimmer das undichte Fenster hatte. Es gab ein Gewitter und es regnete stark rein.
Das Poolpersonal stand zu viert zusammen und quatschte. Keiner kam auf die Idee einen zu bedienen.",6,2025-04-08 10:37:39+00,0
" Excelente en todo, la atención tan amable, la buena predisposición de Pablo en el desayuno y la cena hacen un ambiente cordial y familiar, todo el personal se destaca por su amabilidad,  las instalaciones muy limpias y cómodas, Sin duda volveríamos,  muy linda y cómoda la zona de la pileta, Resumen: nos gusto todo. Y la noche que canto un señor en el restaurant divina!  nada",10,2025-04-14 15:30:40+00,1
"Cet hôtel parait agréable quand on pénètre dans le hall....mais le reste ne suit pas!Les chambres sont vieillottes avec des murs tachés,des sanitaires usagés (nous sommes restés 1 jour sans chasse d'eau) et un service moyen(demande de réparation oubliée,chambre non nettoyée le premier jour et faite sommairemet les jours suivants).
La piscine aurait besoin d'une sérieuse réfection.La façade de l'hôtel est décatie avec ses clims rouillés .Le petit déjeuner est correct sans plus.Ne vous aventurez pas au buffet du soir ,très médiocre!",4,2025-04-17 00:00:00+00,0
"It is a good place to stay near to the shopping, and the Foz do Iguacu.",10,2025-04-18 00:00:00+00,1
 Desayuno y ubicación  Limpieza,7,2025-04-19 00:12:10+00,0
 la comodidad del establecimiento habitaciones cómodas restaurante en el lugar  falta de mantenimiento en algunos servicios nos tuvieron. que cambiar la caja de seguridad dos veces y el control remoto del aire no andaba por más que lo cambiamos,8,2025-04-19 19:23:33+00,0
 Os Funcionários Educados,10,2025-04-21 03:29:43+00,1
" Localização e café da manhã  Colchão ruim, tampa do acento sanitário errada não era daquele vaso. Instalações do banheiro velhas. 
Ar condicionado velho e barulhento.",6,2025-04-21 08:04:58+00,0
" Muy bueno el desayuno muy variado y rico. Los omelets preparados en el momento excelente. Muy bien ubicado, cruzando la calle esta la playa,",9,2025-04-21 10:58:30+00,0
" Quarto.amplo para família. O restaurante muito bom. Piscina ótima. Localização perfeita?  Internet. Lixeira do banheiro sem.pedal, nos obrigando a abrir todas as vezes com a mão.",10,2025-04-21 19:20:45+00,1
" Instalações limpas, bem cuidadas.  Nada",9,2025-04-21 19:40:50+00,0
" Excelente atención del personal, la ubicación perfecta, desayuno espectacular. La piscina para disfrutar realmente. También disfrutamos de la cena una de las noches y fue muy buena, así como también la atención. Sin dudas regresariamos. Muchas gracias a todos!!  Sólo tendrían que modernizar algunos detalles de mobiliario en las habitaciones y mejorar detalles de la limpieza.",10,2025-04-22 14:18:24+00,1
"Amei me hospedar nesse hotel. Tudo é muito agradável! Café da manhã farto e delicioso, o jantar excepcional, valeu a pena. No bar da piscina, muitas opções também, provamos o lanche natural e estava maravilhoso. Porções bem servidas. Quarto limpo, amplo, cheiroso, colchão e travesseiro de qualidade. Tv funcionando, ar condicionado, paisagem maravilhosa. Piscina ampla e confortável, além do ofurô. Recepção, loja de souvenirs e demais pessoas que atendem no hotel são nota 1000. Todos educados, solícitos, sempre prontos pra ajudar. Indico de olhos fechados! A localização também é excelente, na avenida paraná, próximo a igreja, shopping, mercado...",10,2025-04-22 14:26:12+00,1
" Gostei, atendeu minha expectativa",8,2025-04-23 00:45:43+00,0
" La ubicación,el hotel el mantenimiento,limpieza, comodidad y atención del personal excelente.
El restaurante excelente servicio.  Todo excelente.",10,2025-04-25 00:15:14+00,1
 Ubicación excelente. Muy buena cena.,9,2025-04-26 21:09:57+00,0
 Muy buenos desayunos  -.,9,2025-04-27 22:04:36+00,0
 Bueno,6,2025-05-03 02:02:58+00,0
"Bom, vou começar pelo atendimento. O atendimento deles é impecável! Uma quantidade boa de colaboradores onde não deixa de suprir nenhuma das necessidades dos hóspedes. A limpeza também é nítida. Gostamos muito do café da manhã que é bem completo e com muita variedade, especialmente nos pães. O hotel conta com uma piscina bem convidativa e também uma hidro muito top (não usei porque estava frio). Tem também uma sala de jogos junto com um bar próximo à piscina onde servem pizza e petiscos. O hotel também conta com elevadores, e restaurante onde é possível almoçar e jantar sem sair do hotel. Tem uma agência de viagem dentro do hotel que facilita os passeios. O hotel fica bem localizado , com uma farmácia de frente e também uma hamburgueria Madero do lado. Tem um ponto de táxi na lateral também. A tarde eles servem um chá da tarde com chá, café e biscoito de cortesia. No dia do aniversário do meu filho nós deram uma sobremesa de cortesia e cantaram parabéns 🥰. Fica um funcionário o tempo todo na frente do hotel, o que nos traz segurança na hora do embarque e desembarque.  O único ponto que não me agradou foi o Estacionamento ser externo e descoberto e o banheiro do meu quarto não ter exaustor. O estacionamento é pago a parte também.",10,2025-05-03 17:45:31+00,1
"Excelente hotel, muito bem localizado, com ótimo café da manhã, piscina boa e ensolarada. O destaque vai mesmo para o atendimento, pois fomos muito bem atendidos desde a nossa chegada, tarde da noite em razão do voo noturno, até a nossa saída. Recomendo!",10,2025-05-04 00:00:00+00,1
" Sin duda el desayuno, muy bueno. La pileta se veía linda pero no pude usar por falta de tiempo  La atención con respecto a la solución de un problema. En la página figuraba un valor y me cobraron otro, un 30% más caro, ante este reclamo, tanto booking, como el hotel, se lavaron las manos. Entonces decidí pedir el reembolso que ofrece booking, por conseguir una oferta más baja en otra página; recibí una respuesta de ambos, donde no se que excusa ponen, para un cliente es inentendible e incomprobable, pero me denegaron el pedido. Hay que agregar que cuando me presente en el hotel para pagar en el cheq-in, me dijeron que ya me cobraron a mi tarjeta, como si estuvieran apurados. Y, hay un bonus, me cobraron 50 reais por 2 días de estacionamiento y para el segundo día, no me dejaron entrar con el vehículo a la cochera del subsuelo, me hicieron estacionar enfrente, en un estacionamiento al aire libre",1,2025-05-05 14:02:03+00,0
 Espaço e localização nota 10 limpeza e funcionários também.,10,2025-05-06 00:01:41+00,1
"Hotel maravilhoso, limpo, bem organizado, pessoal amável, gentil. Café da manhã variado e delicioso.
Super bem localizado. Super tranquilo. Amei.",10,2025-05-06 12:22:51+00,1
 Restaurante,8,2025-05-06 13:24:43+00,0
" En general EXCELENTE! Como nos tienen acostumbrados! Anselmo, el barman UN FENÓMENO!  No tenían adaptadores para cargar los teléfonos móviles",9,2025-05-06 16:47:09+00,0
" Limpeza ótima, acomodação nota 10, café da manhã",10,2025-05-06 22:18:52+00,1
"Hotel velho, necessita de melhorias",6,2025-05-07 00:00:00+00,0
 Tudo foi maravilhoso!! Era nossa aniversário de casamento e falei e fizeram a gentileza de realizar um upgrade surpreendente de um quarto charmoso e com banheiro!!! Muito obrigada pela atenção não é à toa que é a 5x que vamos à foz e sempre ficamos hospedados com ele!!,10,2025-05-07 18:11:54+00,1
"Muy buena atención del personal, instalaciones limpias y céntrico",10,2025-05-09 02:49:33+00,1
" Great location, the room is really spacious and nice.  The breakfast has a lot of sweet options, I was missing a bit more of salty options.",9,2025-05-10 16:34:59+00,0
"Hotel com excelente localização, muito tranquilo, perto de shopping e fácil acesso para todos os locais de turismo
Atendimento excelente também, levamos um pet e o colaborador Thiago foi de uma simpatia fora do comum, como tínhamos que tomar café no hall externo (por conta do pet) ele fazia questão de nos auxiliar ficando com o Otto no colo, amamos
No restaurante o atendimento também foi impecável, café da manhã excelente e equipe simpatissíssima, valeu cada minuto por lá
Voltando a Foz, com certeza já temos o local para ficarmos
Parabéns a todos colaboradores do Continental Inn, vocês fizeram a diferença",10,2025-05-10 18:15:10+00,1
"Os funcionários são excelentes, muito simpáticos e solicitos, restaurante maravilhoso.",10,2025-05-12 00:00:00+00,1
" Quarto muito espaçoso e excelentes funcionários.  A limpeza, entre clientes, poderia ser um pouco mais caprichada.",9,2025-05-12 00:15:07+00,0
" Café da manhã,cortesia dos funcionários.  Chuveiro",10,2025-05-12 11:33:12+00,1
" EXCELENTE CAFE DA MANHA. MUITAS VARIEDADES E INCLUSIVE MUSICA. MARAVILHO.  O JANTAR RESTAURTANTE. MEU FRANGO (PEITO) ESTAVA SECO,  MUITO SECO. EMBORA BEM TEMPERADO
O FRATO FOI MUIO TIMIDO( POUQUISSIMA COMIDA. PREFIRIA MIL VEZES PAGAR R$ 20,00 A MAIS E COMER MELHOR 
MAIS MACARRÃO, MAS CARNE E MAIS LEGUMES. UM PRATO SEM LEGUMES É POBRE DEMAIS",10,2025-05-12 13:36:43+00,1
"Ótima localização com comércio próximo, farmácia, pizzaria, posto de gasolina, restaurantes diversos. Excelente Hotel",10,2025-05-13 02:59:02+00,1
" Die Lage des Hotels und die Infrastruktur um das Hotel ist gut. 
Freundliches Personal am Empfang.
Beim Frühstück große Auswahl an Keksen und Kuchen und verschiedenen Brotsorten. (Masse statt Klasse)
Außer Schinken und einer Sorte Käse keine Auswahl an deftiger Auflage. Täglich wurde Rührei angeboten, zum Teil wässrig. 
Jeden Tag Wassermelone, Ananas, Bananensalat, Obstsalat und Papaya kein weiteres Obst, zum Beispiel Äpfel, Birnen 
Unser Zimmer war geräumig. 
Das Badezimmer ohne Barrieren.
Am Nachmittag Teatime mit Keksen.
Tourencenter im Entrée  ….., als wir das Zimmer bezogen haben, lag am Bidet eine gebrauchte Hotelseife.
5 Tage haben wir beobachtet, dass der Service mehr schlecht als recht geputzt hat. 
Der Duschkopf verschimmelt, genauso wie die Decke in der Dusche.
Neben dem, dass ein sehr auffälliges und smartes T-Shirt meines Kindes nach dem ersten Room Service durch das Housekeeping verschwunden ist, bin ich mir sicher, dass auch mein Koffer durchwühlt wurde. Das Personal an der Rezeption war bemüht, den Fall zu klären – mehr auch nicht.
Wir hatten ÜF und Abendbrot gebucht. Nie wieder! Ein geschmackloser, sich wiederholender Nepp!
Der dann allerdings noch zur Hälfte auf der Endabrechnung aufgetaucht ist. Deswegen kann ich nur empfehlen, einen Tag vor dem Check-out die Rechnung zu kontrollieren, da man weder im Restaurant noch an der Poolbar eine Kopie der Bestellungen bekommt.",5,2025-05-13 10:15:45+00,0
" hotel bem localizado, limpo e tudo mundo muito atencioso",10,2025-05-13 11:22:12+00,1
"Hotel maravilhoso, um café da manhã excelente, com muitas opções. Os quartos são espaçosos e lindos. As pessoas que trabalha lá são simpáticas e nos atendem com boa vontade. Amamos a experiência e voltando em Foz, com certeza será a nossa opção de hospedagem.",10,2025-05-14 09:06:40+00,1
"Minha única reclamação é a cobrança de taxa pra disponibilizar água quente para o chimarrão, eu como gaúcha nunca tive cobrança de água quente em hotéis do Brasil inteiro, é o primeiro hotel em anos de viagens que estou enfrentando essa situação, devido a está situação digo que não é um bom hotel para gaúchos se hospedarem.",8,2025-05-16 00:00:00+00,0
"Recepção, café da manhã, quartos, tudo perfeito, além do que imaginávamos. Chuveiro com água quente, quartos limpos, atendimento maravilhoso. Todos os funcionários bastante atenciosos.
Local próximo a restaurantes, shoppings farmácias, supermercado….",10,2025-05-16 01:24:18+00,1
" Large and comfortable room. Very good breakfast. Nice pool area. Good location in the outskirts of the center.  Overall, a bit worn and in need of brush up.",9,2025-05-17 20:05:43+00,0
" La atención de algunos funcionarios fue muy amable. De hecho, la señorita Thyane resolvió una situación con una compañera que insistía en que presentara mi tarjeta de crédito porque no podía cerrar la cuenta por 0,2 Reales, o sea, 20 centavos de real. Así mismo Thyane nos ofreció la bebia de bienvenida y atendió todas las solicitudes. Tambien Thiago y la señora Silvana fueron muy simpáticos.  Tres aspectos:
1. El desayuno no varía. Nos quedamos 4 noches y los 4 desayunos fueron iguales, solo variando que un día todo era idéntico menos un alilmento (entre batata dulce y mazorca, nada más) .A los de otras latitudes nos agradaría algo más de sal en el desayuno. 
2. Reitero, es absurdo que una funcionaria diga que no puede cerrar la cuenta porque me faltaban 0,2Reales. o sea, 0,04 dólares. Le pedí si podía obviar esos centavos y dijo que no. Le pregunté si podía ella de forma personal ayudarme y dijo que no, hasta que me dijo que pagara con tarjeta de crédito. Absurdo. La señorita Thyane resolvió el tema. 
3. En la piscina había huéspedes que ponían música alta y nadie controlaba. Así mismo el aseo del baño de la habitación puede mejorar.",7,2025-05-17 23:47:26+00,0
" Está ubicado a 3 cuadras de un mall, hay una casa de cambio a 2 cuadras y farmacias y restaurantes por todo los lados. La zona es tranquila y bonita. El internet es bueno. El hotel tiene hasta mesa de billar, Ping pong y futbito de mano. Saliendo del hotel justo hay un paradero de taxis q los pude tomar cada día q quería salir a los lugares turísticos, así q todo está a la mano.",10,2025-05-18 17:14:50+00,1
" Muy buen desayuno; piscina amplia , limpia y funcional. La  habitacion, tambien limpia, comoda y silenciosa.  Lo unico que no gusto fue la calidad de cena. Servicio de Parking pago y ligeramente distanciado del establecimiento",9,2025-05-19 12:07:23+00,0
"O Hotel superou minhas expectativas, atendimento, serviços, instalações, refeições  e também a sua ótima localização. Fomos muito bem atendidos, as refeições estavam ótimas e os preços eram muito justos dentro daquilo que era oferecido. Inclusive optamos por almoçar e jantar no hotel várias vezes ao invés de sair. A região é muito boa, perto do shopping JL. É oferecido um chá a tarde muito agradável, tem música ao vivo a noite na beira da piscina de boa qualidade.",10,2025-05-20 00:00:00+00,1
"Muito bom, café excelente,  os garçons atenciosos e prestativos, o que irrita é muito influêncier gravando vídeo e tirando a nossa privacidade",8,2025-05-22 15:45:08+00,0
 Todo! El lugar es realmente excelente y espero volver pronto!  inmejorable,10,2025-05-22 16:47:35+00,1
"Excelente
❤️",10,2025-05-23 02:54:19+00,1
"No anúncio não fala que tinha que pagar estacionamento 
Fique surpresa pq fui outras vezes sem esse custo 
Nesse caso não compensa, existe outros com mesmo preço sem cobrança do estacionamento",6,2025-05-25 00:00:00+00,0
" - la ubicación 
- el precio
- tiene estacionamiento 
- el personal 
- la ducha excelente presión!  - colchón incómodo 
- pocos canales de televisión 
- todos los canales en portugués",8,2025-05-26 00:20:25+00,0
"Excelente serviço de quarto, recepção
Ótima localização. Café da manhã saborossissimo.",10,2025-05-26 16:29:15+00,1
" las habitaciones y las instalaciones en general son un poco viejas.
No habia plancha ni maquina a vapor esto debe ser mejorado no puede ser posible que en un hotel no se puede planchar las camisas o ropa. Por otro lado, la comida y el personal bueno.",7,2025-05-28 15:51:10+00,0
 Gentileza dos funcionários. Excelente café da manhã. Hotel muito bem localizado. Área de lazer com muitas opçôes.  O repouso fica prejudicado por não haver isolamento acústico nos quartos.,8,2025-05-29 02:42:41+00,0
" Limpeza, conservação e qualidade das instalações.  Piscina poderia ser aquecida pois só há uma hidromassagem que é bem disputada.",7,2025-05-29 10:40:48+00,0
 La ubicación  No me parece que fuera 4 estrellas. Instalaciones antiguas.,6,2025-06-02 09:28:57+00,0
"Muito boa, atendentes muito prestativos, proximo de tudo, recomendo, quartos proximo a rua bem barulhentos, recomendo vidro com retenção de som",8,2025-06-03 17:37:02+00,0
Local bacana. Café da manhã especial. Área de piscina muito boa.,10,2025-06-03 21:05:26+00,1
 La limpieza y predisposición del personal  Todo impecable,10,2025-06-04 17:33:15+00,1
"El hotel tiene buena infraestructura pero deficiente servicio. El trago de bienvenida sería preferible que no lo ofrecieran ya que no es un trago,  es un jugo de naranja. El aseo no está bien hecho dejan los papeles del jabón de mano que ya se usó y el resto de los mismos jabones sin retirarlos ni botarlos a la basura. El baño no tiene un vaso para lavarse los dientes o tomar agua se solicitó en recepción y me dijeron que podían ofrecerme uno desechable ya que no había de vidrio. Se solicitó una frazada y fue entregada en recepción sin ser capaces de dejarla en la habitación. El jacuzzi está a una temperatura exageradamente alta lo que no permite ingresar más que unos breves segundos en él. El aire acondicionado de la pieza 301 no funciona. El desayuno es bueno y abundante. El ascensor estuvo sin funcionar durante dos días quedando solo disponible un ascensor para todo el hotel. Los pijamas dejados en la habitación ni siquiera fueron doblados sino que dejados sobre la cama en cualquier forma. El aseo de la tina fue absolutamente deficiente que ando restos de El trapero en el piso.",4,2025-06-04 18:25:18+00,0
"Totalmente desilusionada! Hotel que tuvo mejores épocas. El dormitorio no tenía un velador en la mesa de luz no luz direccionada en las camas, algo que nunca he visto en los muchos hoteles en que me he hospedado. Desayuno variado pero no de mi agrado. Saqué media pensión y la entradita fue una vergüenza, una caponata la pusieron tres noche seguidas. El pollo reseco, el entrecote, la mitad era grasa. Me cobraron 10 dólares por un transformador para la carga del celular. Pagué por adelantado 5 aguas con gas de las 5 cenas y cuando hice el check querían cobrarme 6. Almorcé un día un risotto, que lleva su tiempo, pero lo trajeron a los cinco minutos todo apelmazado y recalentado.RECOMIENDO no alojarse en Brasil porque ir al Free Shop lado argentino sale un taxi 30.000 y de Argentina solo 6.000 pesos. SAQUEN CONCLUSIONES!",6,2025-06-04 18:55:32+00,0
" Todas las instalaciones hermosas y lo elegimos por tema ubicación, la verdad que 10/10  Nada",10,2025-06-05 14:36:34+00,1
Ótimos quartos,10,2025-06-05 23:32:02+00,1
"El hotel es muy amplio, luminoso e impermeable. El personal muy amable. El servicio del restaurante y del bar de piscina impecable. Los precios para comer en el lugar muy accesible. Sin dudas altamente recomendable.",8,2025-06-06 18:25:03+00,0
"faço questão de de avaliar esse maravilhoso hotel , muito bom!
café da manha super variado e farto .Área de lazer  maravilhosa , quartos .
Pessoal do restaurante , recepção, gerência , enfim todos colaboradores são excelentes .
Voltarei com certeza ano que vem. Muito obrigada a todos  vocês!!",10,2025-06-07 00:00:00+00,1
 Spacious room. Comfortable bed. Very ckean. Great breakfast.  Nice swimming pool.,8,2025-06-07 16:36:59+00,0
"faço questão de de avaliar esse maravilhoso hotel , muito bom!
café da manha super variado e farto .Área de lazer  maravilhosa , quartos .
Pessoal do restaurante , recepção, gerência , enfim todos colaboradores são excelentes .",10,2025-06-07 21:23:31+00,1
 La atencion  Mala conexión de wifi,10,2025-06-11 01:21:43+00,1
" Cama boa e quarto amplo  No início o chuveiro não funcionava no quente, mas depois arrumaram",8,2025-06-11 01:50:21+00,0
" Het personeel is heel behulpzaam. Meer dan ik gewend ben. Ze spraken geen Engels bij de balie maar er werd direct iemand bij geroepen die dit zeer goed kon. Elke keer als ik iets nodig had, was iedereen vriendelijk en erg behulpzaam! 
Ontbijt en avondeten waren goed maar als vegetariër is het avondeten (buffet) wel een beetje hetzelfde. Zo at ik elke dag rijst en pasta met salades. Wel is er veel variatie voor de toetjes! Erg lekker! Ook is er een theemoment in de middag. Verder is er een winkelcentrum op loopafstand. Om er te komen heb ik een Uber gebruikt.
De kamer was enorm groot! Hoge plafonds en geweldig uitzicht over de stad!  Iets meer variatie tussen de verschillende buffetten. Maar dat is persoonlijk. Voor een vleeseter is er, denk ik, altijd wel genoeg keus.",10,2025-06-12 17:25:26+00,1
"Ótimo hotel, atendimento dos funcionários, de forma geral, excelente, estão todos de parabéns, tanto pela disponibilidade quanto pela atenção e gentileza.
Bem traquilo, limpo, agradável, acolhedor, muito bem localizado, camas boas (os colchões podiam ser mais firmes, senti um pouco, em função de meus 120 kg, mas nada que comprometesse).
O café da manhã é imbatível, excelente, mesmo para quem já frequentou hotéis 5 estrelas pelo mundo.
A piscina fica em uma posição com muita sombra, por isso sempre está um pouco fria, mas a água é limpíssima e muito agradável. Ao lado possui uma hidro de água aquecida, que não frequentei.
Uma pena somente a sauna ter sido desativada na pandemia e não ter voltado, eu teria apreciado.
Avaliação proporcional, correspondente a hotéis 4 estrelas, como é o caso.",10,2025-06-12 22:44:22+00,1
" Bom café da manhã, quarto espaço, ótimo serviço de limpeza  Colchão e chuveiro",7,2025-06-12 23:40:43+00,0
" Pedimos um adaptador para secador, o apto não tem tomada para pino 15 amperes e para conseguir um tem que descer e assinar um termo !!!!  Sério isso, quarto não foi limpo e nem toalhas trocadas e a falta de empatia do atendimento foi exemplar!!!  Nunca mais volto!!! Nunca fiz uma reclamação em lugar algum mas hj foi sacanagem e tb temos que considerar que um hotel que atende um público de diversas origens deveria ter o mínimo de preparo estrutural!!!  Da higiene, não limparam o quarto. Falta de empatia do funcionário e tudo mais. Não volto mais tchau tchau",1,2025-06-14 01:30:05+00,0
Room was quiet. Location is great.  Good selection for breakfast.  Beds were comfortable.  Rooms were clean.  Safe area around hotel.,10,2025-06-15 00:00:00+00,1
 Muy buen desayuno  Calefacción en la habitaciones,8,2025-06-15 01:54:22+00,0
" Quarto excepcional, funcionários simpáticos e agradáveis, a gerente Thyane  super atenciosa e simpática .  Nada a reclamar !!!",10,2025-06-15 08:16:50+00,1
 Muito bom o atendimento dos funcionários!  Não teve nada que não tivesse gostado.,10,2025-06-15 23:19:08+00,1
" Quartos, área de jogos  Estacionamento",8,2025-06-16 11:26:19+00,0
 Café da manhã  Banheiro,8,2025-06-16 15:31:51+00,0
Bom custo benefício. Ótima localização e equipe cordial.,8,2025-06-17 00:00:00+00,0
" La ubicación es inmejorable, zona céntrica y segura",10,2025-06-17 11:45:40+00,1
" Desde que ingresamo al Hotel nos sentimos muy comodos con todo. La atencion de los empleados, desde la recepcion, restaurant, y limpieza, todos fueron muy amables en todo momento y nos hicieron sentir muy a gusto. El hotel, tal cual esta en las fotos, extremadamente limpio y calido, cada solicitud que hicimos fue resuelta a la brevedad y de manera muy eficaz, fui con mi madre de vacaciones para disfrutar las cataratas y la pasamos increible. El desayuno es impecable y hay mucha variedad como asi tambien las cenas donde habia diferentes platos. Recomiendo mucho, la ubicacion tambien es muy buena.",10,2025-06-19 00:04:22+00,1
" buenos días, el personal es lo mejor, muyyy amables.",10,2025-06-19 11:55:54+00,1
"Lindo hotel, super confortável, atendimento excelente de toda a equipe de colaboradores e cardápio muito bom. Super recomendo e voltarei assim que possível.",10,2025-06-21 08:32:37+00,1
"Lindo hotel, muy bien ubicado. Se nota que hace MUCHOS años fue de primer nivel. Hoy en dia esta viejo y descuidado, en la habitacion nuestra desde el baño se escuchaba absolutamente todo lo que hablaban y hacían en las habitaciones del lado. Sacando eso, muy buen servicio y buffet y desayuno abundante.",6,2025-06-21 18:19:39+00,0
" Gostei muito do hotel, café da manhã maravilhoso, localização excelente e funcionários muito prestativos e educados  Achei que faltou itens amenities, achei um ponto bem negativo esse, pois só tinha sabonete líquido",9,2025-06-23 17:06:34+00,0
" La mayor parte del personal amable  Viajamos con mi hijo, llegamos más  tarde de lo previsto por inconvenientes con el avión, avisé de esta situación.
Habíamos pagado media pensión y como llegamos luego del horario de cena no nos resolvieron nada para cenar, ni un sándwich. Tuve que salir a caminar por Foz a las 11 de la noche con un niño chico.
A cambio de esa cena nos ofrecieron un almuerzo, que tampoco nos lo dieron proque al parecer había que avisar con 24 hs de antelación, situación que jamás me informaron. Por lo que nuevamente nos negaron comida, que ya había pagado. Muy poca flexibilidad y empatía.",4,2025-06-25 12:11:22+00,0
"Ótima localização. Funcionários atenciosos. Quartos confortáveis, limpos. Todos equipamentos funcionando bem. Bom café da manhã.",10,2025-06-26 00:00:11+00,1
Lindo hotel!!! Bem localizado,10,2025-06-27 11:16:13+00,1
"Hotel Continental Inn: A 4-Star Gem and the Best of Iguaçu!
Our stay at Hotel Continental Inn in Foz do Iguaçu was absolutely outstanding, truly making our trip despite an unexpected flight cancellation. From the second we arrived, the staff's genuine warmth shone through. Thiago greeted us right out of the taxi, and Gladys at reception ensured a smooth and friendly check-in. Every single team member was incredibly helpful and kind; Girardo, in particular, took exceptional care of us during dinner, making each meal a pleasure.
Beyond the fantastic service, the value here is unbeatable. This is a 4-star hotel offering quality that rivals prices of 3-star hotels on the Argentine side of Iguaçu – it’s an incredible deal! The food and drinks were excellent and very reasonably priced. Our room was spotless, and we loved the hotel's commitment to being eco-friendly.
For anyone visiting the magnificent Iguaçu Falls, here’s our top tip: choose the Brazilian side! It's a significantly superior experience compared to the Argentine side; we'd recommend Brazil 100/100 times. The Hotel Continental Inn truly made our stay better, leaving us with a wonderfully positive impression even when our travel plans went awry. A huge thank you to Thiago, Girardo, Gladys, and the entire team for your exceptional hospitality!",10,2025-06-28 00:00:00+00,1
 Todo excelente,10,2025-06-28 13:47:39+00,1
"A Perfect Stay at Hotel Continental Inn (Foz do Iguaçu) - Get 4-Star Quality for 3-Star Price!

Hotel Continental Inn delivered an absolutely fantastic experience in Foz do Iguaçu. The staff here are genuinely the best you could ask for. Thiago greeted us right off the taxi, making our arrival instantly welcoming. Gladys handled our check-in efficiently and warmly, setting the tone for our stay. Throughout our visit, everyone was friendly and helpful, with Girardo providing excellent service during our dinners.
We also loved the great prices on food and drinks. And here's a secret: Continental Inn is a 4-star hotel, yet we found its price comparable to what you'd pay for a 3-star on the Argentine side – incredible value! Our room was spotless and eco-friendly.

For future travelers to Iguaçu, take our advice: the Brazilian side offers a much-improved experience over the Argentine side. Seriously, choose Brazil 100 out of 100 times! Though the Argentinians were excellent hosts. Just lack the amenities and quality-value point.

Even though our flight to Rio was canceled, ruining our initial plans, the team at Continental Inn made our unexpected extended stay truly enjoyable and left us with such a positive impression.",10,2025-06-28 17:05:15+00,1
 Limpeza  Café da manhã poderia ser melhor!,9,2025-06-29 00:04:28+00,0
 Habitación muy cómoda y confortable. El hotel brinda un muy buen desayuno por las mañanas. Además está ubicado a pocas cuadras del centro de la ciudad. Realmente recomendable  Nada para criticar u observar,9,2025-06-29 17:14:03+00,0
"Hotel simples, mas confortável. Quarto amplo. Serviço atencioso e gentil. Cafe da manhã bom. Toalhas precisam melhorar",8,2025-06-29 21:16:57+00,0
The customer service was excellent,10,2025-07-01 00:00:00+00,1
 El desayuno es de baja calidad,5,2025-07-01 09:14:10+00,0
" Excelente café da manhã, quartos bem limpos e confortáveis.  Não houve o que não gostasse.",10,2025-07-02 09:38:06+00,1
 Todo,10,2025-07-03 22:38:56+00,1
" A localização  Segunda vez que me hospedo no hotel, justamente pela localização.
Mas dessa vez, foi péssimo, barulho o tempo todo, impossível descansar, mais de 10min esperando elevador.",2,2025-07-03 23:05:36+00,0
 The cafe manhã was excellent.  We arrived early in the morning and hotel allowed us to check in early for a small fee and the staff were so helpful and attentive. The room was good basic and clean.  Over all an excellent stay on leaving the receptionist was excellent and so helpful spoke very good english which helped and made us feel very welcome. She origansied our own travel to the station and unfortunately we did not get her name but when the extra mile. Thank you  Nothing all was good.,10,2025-07-06 00:10:33+00,1
"El moso Gilberto un genio, atento, amable, muy servicial, y divertido. Lamenté no tener más reales para dejarle de propina. Vivimos una experiencia muy linda",10,2025-07-06 01:01:20+00,1
hiba,10,2025-07-06 16:37:43+00,1
 O COLCHÃO VC DEITA E ELE AFUNDA TENHO PROBLEMA NA COLUNA PEDI P TROCAR NINGUEM NEM DEU BOLA,4,2025-07-07 10:54:14+00,0
 Café  Hotel sem manutenção chuveiro não funcionou,4,2025-07-07 12:28:54+00,0
" Desayuno muy bueno. 
Disponibilidad del personal.",8,2025-07-07 13:18:12+00,0
"O motivo da viagem foi férias,  o hotel é muito bem localizado,  funcionários educados, cordiais e muito competentes.  Café da manhã fabuloso,  limpeza primorosa. Parabéns à todos da equipe recepção,  camareira , Café da manhã,  só gratidão.",10,2025-07-08 22:21:24+00,1
 Excelent  Mantenimiento,9,2025-07-10 00:15:06+00,0
" Ubicación, trato del personal excelente, instalaciones cómodas,  servicio del bufet excelente, abundante para el desayuno y cena,  Habitación: calurosa por un equipo de aire acondicionado antiguo, cortinas finas, baño bien, falta presion en el agua, los desagües son lentos de evacuar, el espacio da para poner un bidet, no reponen jabón,",8,2025-07-11 14:20:38+00,0
"Café da manhã: existe muita variedade, mas os bolos, pães e bolachas são todos secos,  horríveis
Pet: levei um cachorro de 3 quilos, foi cobrado R$110,00 por diária, nada foi feito pelo pet, sem cama, sem tapete,  sem ração, sem vasilhas de alimentação 
Estacionamento: ao ar livre, ao lado do hotel. Foi cobrado R$ 25,00 por diária,  não tem manobrista
Infraestrutura: tem um elevador que se torna um forno quando bate o sol, é mantido em funcionamento mesmo assim, as instalações em geral são antigas, portas dos quartos, maçanetas, tudo ultrapassado e de difícil manuseio
Quarto: precisei solicitar a limpeza e arrumação do quarto todos os dias",4,2025-07-12 00:00:00+00,0
" Nada  Café da manhã: existe muita variedade, mas os bolos, pães e bolachas são todos secos,  horríveis
Pet: levei um cachorro de 3 quilos, foi cobrado R$110,00 por diária, nada foi feito pelo pet, sem cama, sem tapete,  sem ração, sem vasilhas de alimentação 
Estacionamento: ao ar livre, ao lado do hotel. Foi cobrado R$ 25,00 por diária,  não tem manobrista
Infraestrutura: tem um elevador que se torna um forno quando bate o sol, é mantido em funcionamento mesmo assim, as instalações em geral são antigas, portas dos quartos, maçanetas, tudo ultrapassado e de difícil manuseio
Quarto: precisei solicitar a limpeza e arrumação do quarto todos os dias",8,2025-07-12 20:17:32+00,0
"Muy mala conexión a Internet, no vuelvo más a este hotel",2,2025-07-13 21:30:57+00,0
 Todo excelente,10,2025-07-15 00:09:05+00,1
" Localização e simpatia do pessoal que trabalha no hotel  O quarto tinha uma parede mofada, banheiro antigo, café da manhã com muitos bolinhos e os bolos todos muito secos",7,2025-07-15 02:13:12+00,0
"Péssimo buffet, só tinha pão e falta de variedade de frutas.
Torradas claramente de um dia anterior
Restaurante serviu um alacarte  de picanha claramente ja passado e seco!
Se qier alguma coisa tem q pedir na recepção como sais de banho ou outras coisas q só chegam 2 horas depois qie vc já está dormindo .8
Não tem serviço de bagagem eficiente
Minha esposa e eu tivemos q carregar.
Um hotel 4 estrelas e poraos de 4 mil pagos esses serviços  são básicos e totalmente falhos nesse hotel.
Internet ruim,TV só pega no analógico a TV não tem serviço. Smart",6,2025-07-15 06:06:00+00,0
"Ao chegar não tivemos ajuda com a bagagem, a suíte Master cheirando a mofo, a banheira de hidromassagem com vazamento de água quando ligada.
Não tem almotolia com produtos como shampoo e sabonete líquido, tem que pedir na recepção, e são aqueles antigos sabonetes micro que dão nos motéis por aí, bifê de café de manha muito fraquinho, pouca variedade de frutas, servindo sempre as mesmas, as torradas murchas, claramente sobras do dia anterior, sem variedades de queijos, nada de tortas, muitos pães repetidos, eu não recomendo, não vale a metade do preço que paguei.",4,2025-07-15 06:22:16+00,0
Excelente hotel!!!,10,2025-07-16 00:00:00+00,1
" Excelente atención, personal muy atento, ubicación muy buena, instalaciones bien conservadas e impecable.  La variedad de las comidas en la cena",10,2025-07-16 12:40:31+00,1
"Estive em Foz agora (julho de 2025) e minha experiência com o hotel foi totalmente satisfatória!! Vou falar por partes...
Quando chegamos, já fomos muito bem recebidos por uma funcionária simpática, e já desfrutamos de uma deliciosa cortesia!!! Não vou falar o que foi para não perder a graça para os próximos clientes... Mas, como estávamos chegando do PY, famintos, foi exatamente o que precisávamos ;)
Sobre o café da manhã: completamente delicioso e cheio de variedade!! O atendimento naquele espaço foi sensacional também!!
O hotel têm uma piscina com um tamanho ótimo e jacuzzi também.
Os quartos são muito aconchegantes e o banheiro tem uma ducha incrível... Saudade!
Também chamou minha atenção a responsabilidade e cuidado da equipe com um cãozinho que apareceu lá.
Confiram, pessoal!!
Um agradecimento especial aos Thiago, que sempre nos deixava à vontade com seu carisma e acolhimento!",10,2025-07-16 20:00:43+00,1
Me encanta,10,2025-07-18 11:38:22+00,1
"Ótima recepção, ótimo atendimento, local muito bom , tranquilo e seguro , super recomendo .",10,2025-07-18 19:16:39+00,1
"Todo bien pero bastante antiguo..canales básicos en la tv.. viejo, no es atractivo.. solo para estar de paso puede servir",6,2025-07-19 12:09:47+00,0
" Todo limpio, espacios grandes! Hotel familiarizado y tranquilo. El personal es un 10 sobresaliente, todos te atienden de la mejor manera  Nada, todo estuvo perfecto",10,2025-07-21 00:19:17+00,1
" Restaurante foi o ponto bom. Funcionários muito cordiais e comida boa.  Um dos piores hotéis em que já me hospedei. Limpeza ruim, quarto com bastante poeira. No primeiro dia, o chuveiro parou de funcionar de repente, e avisei para solicitar o reparo. Um dia inteiro depois, o reparo não foi feito e o chuveiro simplesmente parou no meio do banho da minha filha mais nova, de 8 anos - só depois disso me permitiram mudar para outro apartamento. Ao fechar a conta; solicitei um desconto por conta dos transtornos que tive, e o desconto máximo ofertado foi de 30 (trinta) reais!? E ao perguntar sobre pagar em dólar, ainda me ofertaram uma taxa de 4,60 (o que é um absurdo). Não recomendo, há hotéis muito melhores em foz, e que trataram os clientes de maneira mais respeitosa.",1,2025-07-21 11:10:46+00,0
 Estrutura do hotel é muito boa e os funcionarios são muito educados e prestativos.  O colchão esta na hora de trocar pois de um lado da cama estava bem baixo ou deformado.,10,2025-07-21 11:22:17+00,1
" Gostei de tudo, desde a recepção, garçons, a lojinha é maravilhosa dentro do hotel, e um elogio especial para o senhor Sebastião, um senhor muito atencioso e amoroso e sempre nos dando atenção, a recepção é ótima, as meninas e os rapazes bem legais, mas uma moça em especial que tem um nome diferente que não sei se saberei escrever Isla, muito atenciosa e minha esposa achou ela muito educada e deu muitas dicas de passeio e sobre a cidade  O que deixou a desejar o secador de cabelo, liga e em menos de 10 segundos ele desliga, ligamos na recepção e disseram que é assim por segurança,mas sempre ficamos em hotéis e senadores da mesma marca não desligava não, alegaram por segurança, mas impossível utilizar o secador de vocês, esse ponto deixa a desejar principalmente para as mulheres para secar o cabelo, minha esposa tem cabelo curto mas tem costume de secar e demorava em torno de umas duas horas para secar o cabelo, pq tinha que esperar o secador de cabelo esfriar, uma verdadeira vergonha um hotel desse porte ter um secador assim, vergonha e isso conta muito para uma mulher",10,2025-07-22 03:04:37+00,1
"Bom mas cheio, o café da manhã poderia ser melhor …muito carboidrato, bolos secos…., o quarto q eu fiquei bem antigo com bolor perto da janela , fiquei num quádruplo. O banheiro antigo mas a ducha era boa",6,2025-07-22 13:08:50+00,0
 Lê ragazze della reception sono bellissime e dolcissime. 😘😘😘😘,10,2025-07-22 16:54:23+00,1
" Ubicación  Mala velocidad de Internet 
No se podía ver YouTube en el smart tv de la habitación 
No hablan bien español",6,2025-07-23 00:12:33+00,0
" El desayuno bien variado. Me gusto el almuerzo mientras esperaba la habitación.  La habitación no era muy calida, pero si amplia. Se nos complico el tema de la ducha, complicado el sistema para abrir y cerrar",10,2025-07-23 17:24:17+00,1
"From the moment we arrived, the service was superb. 👌🏻 A special mention must go to Thiago who was very polite, genuinely helpful and truly invested his time to make our visit unforgettable. He recommended local restaurants and made sure we got the most out of our time in the area. His personal touch and dedication really stood out and made all the difference.

Thank you from the polish family 🤗",10,2025-07-24 10:40:45+00,1
" La atención, la higiene y el servicio del hotel  Que el resto de los huéspedes no era muy respetuoso con los horarios de silencio y de descanso.",10,2025-07-24 14:00:03+00,1
 Aceitarem meu pet 🥰  Não ter tv smart,10,2025-07-25 00:27:23+00,1
Muito bom!,10,2025-07-25 14:35:51+00,1
"hotel centralizado, café da manha ótimo, quarto confortável, estacionamento com cancela automática que faz a leitura da placa e libera a entrada e saída.",10,2025-07-25 14:41:14+00,1
" El hotel ofrece un desayuno espectacular y por la tarde ofrece servicio de té. Excelente para quienes están en el hotel
Los chicos disfrutaron incluso en julio de la pileta y la sala de juegos 

Pasamos unos días maravillosos ;)  Lo único que puedo criticar es que el hotel no tiene adaptadores para las toma corriente para prestar a los huéspedes
Ofrecen vendértelo a 40 reales cuando pudimos conseguir uno en una estación de servicio por 9 reales.",8,2025-07-25 23:32:34+00,0
"Прекрасні краєвиди, все поряд",10,2025-07-26 06:58:10+00,1
" Ampla…  Algumas coisa deterioradas, o ar não não funciona adequadamente, as manoplas do chuveiro também não funcionam direito,,,",8,2025-07-26 13:30:57+00,0
"Me surpreendeu...pessoal atencioso, cafe muito bom, colchão ótimo e uma banheira maravilhosa por um preço muito justo",10,2025-07-26 18:39:15+00,1
" Exelente hotel,comida maravilhosa,  quarto exelente, funcionários super gentis e prestativos, recomendo e voltarei com certeza.",10,2025-07-27 00:54:55+00,1
" Las fotos de las habitaciones que se publican en booking no son iguales a las que tienen o asignan  en el hotel. Una parte del hotel tiene las puertas viejas, las habitaciones antiguas y estrechas. Cuando les consulté sobre las habitaciones que habíamos escogido cuando pagamos la reserva, me indicaron que estaban con el hotel lleno y que solo tenían disponibles las habitaciones que nos asignaron, que se podía revisar la reubicación para la siguiente noche, lo cual causa incomodidad y no es justo, porque todos deben recibir desde el primer día lo que se ofrece en la reserva.",5,2025-07-27 18:54:49+00,0
"Atención amable y cordial. Habitación amplia.
Hotel viejo. Ubicado cerca del centro.",8,2025-07-29 18:56:25+00,0
" La atención del personal es excelente, las comodidades y el lugar son excelentes, completo en servicio.  Nada todo muy bien",10,2025-08-01 15:00:12+00,1
 me gustó mucho la ubicación y la pileta,10,2025-08-02 00:06:11+00,1
"Hotel com infra estrutura antiga, luz dos quartos escuro, cama desconfortável, chuveiro ficou pingando o tempo todo, registro do chuveiro com problema, cortina do box com mofo. 
Ar condicionado sujo, antigo e barulhento.",6,2025-08-03 00:00:00+00,0
"Excelente atendimento, principalmente o funcionário Luke na recepção.",10,2025-08-03 18:20:15+00,1
Ótima em especial os funcionsrios Luke e equipe da recepção,10,2025-08-03 18:22:10+00,1
 Excelente muy buena relación precio calidad buena ubicación si se esta con vehículo en pocos min estas cerca de todo.  Nada,9,2025-08-03 21:04:31+00,0
 La habitación excelente,10,2025-08-03 21:55:30+00,1
" La piscina , desayuno buffet, habitación",10,2025-08-05 14:16:20+00,1
 Las instalaciones en buen estado.mucha limpieza y el personal muy atento a todo..El desayuno muy bueno con gran variedad.Contratamos con media pension la comida muy buena .(le faltaria un poco mas de variedad)pero estuvo acorde...Los mozos excelentes muy atentos  Todo perfecto,9,2025-08-05 17:38:39+00,0
 Schönes Hotel mit gutem Frühstück  Das Hotel ist recht hellhörig und bis 22:00 ist laute Livemusik. Danach aber io.,8,2025-08-05 18:32:18+00,0
" La amabilidad del personal. Iniciando por la recepcionista de nombre  Isla, el asistente para el equipaje “el cubano del mundo” y demás. La comodidad de las instalaciones. Piscina y jacuzzi exteriores con bar. Nuestras habitaciones excelentes. Muy recomendable.",10,2025-08-06 09:40:00+00,1
"Hotel muito bom! Com excelente café da manhã mesmo em baixa temporada.
Única coisa que me encomodou um pouco é o som do bar da piscina que fica até umas 22h e que vc ouve mesmo com as janelas fechadas e o ar condicionado que precisava de limpeza interna e já estava bem velhinho.",10,2025-08-07 11:22:37+00,1
" Desayuno cumplió mis expectativas, ya que tengo una alimentación vegetariana. Sin embargo podría haber más variedad de frutas y frutos secos.  Todo me gustó.
Cumplió mis expectativas.",9,2025-08-07 14:19:23+00,0
" Que habia una sola tohalla yno tenian piso para salir de la ducha con posibilidad de resbalarse y sufrir una caida
PELIGROSO",5,2025-08-07 18:28:09+00,0
" Localização. 
Instalações.  Limpeza do banheiro.",7,2025-08-09 11:03:33+00,0
Um excelente Hotel com um atendimento de excelência.,10,2025-08-09 15:24:33+00,1
"Ótimo hotel, café da manhã espetacular.
Estacionamento ótimo.
Serviço de bar e piscina muito bom.
Possou um café chá da tarde incluso.",10,2025-08-11 17:21:09+00,1
"Quartos com jeito de renovados recente... apenas os banheiros ainda com estilo mais antigo - mas a ducha é espetacular.
As lojinhas internas tem produtos mais baratos que nos locais turísticos e os donos são de uma simpatia enorme.
Por estar no centro, está perto de ótimos restaurantes. No entorno tem farmácias e loja de conveniência. Ótimo no custo benefício.",10,2025-08-12 17:11:10+00,1
" Localização  Hotel bem antigo, café da manhã ruim com itens que não saio frescos, os bolos parecem que ficam todos refrigerados, pães duros. As bebidas são de qualidade.",5,2025-08-15 20:35:21+00,0
"A área da piscina foi liberada às 11 da manhã, sendo que a jacuzzi não fica aquecida a todo momento. Perdemos o período da manhã inteiro por conta disso. Nosso filho deixou de aproveitar, aquecimento foi previsto para o período da tarde. Saímos bem decepcionados. PRECISAM ESTAR ATENTOS A PUBLICO COM CRIANÇAS QUE SEMPRE BUSCAM USUFRUIR AREA DE LAZER. JACUZZI FOI FEITA PARA ESTAR AQUECIDA.",6,2025-08-16 15:37:07+00,0
"Muy buen y tranquilo hotel,cordial atención de parte personal,volveria nuevamente.",10,2025-08-18 12:03:50+00,1
" el frigobar hacia mucho ruido, pedimos que lo arreglen y nos enviaron una nota diciendo que lo harian,",10,2025-08-18 15:17:08+00,1
"Excelente  hotel. Café da manhã super farto, quartos amplos e super higienizados,  ducha do banheiro maravilhosa,  funcionários do hotel super simpáticos,  educados, prestativos, todos os dias, à  tarde,  oferecem gratuitamente um chá  com vários biscoitos caseiros. Está  localizado próximo a um shopping  bem grande. Perto de tudo.
Recomendo. Fiquei super satisfeito.
Minha hospedagem foi de 08/08/25 a 12/08/25",10,2025-08-19 15:40:15+00,1
" desayuno y ubicación  Mi reserva decía claramente 2 adultos, les mostré eso pero en el voucher que tenían ellos decía 1 adulto. Me hicieron pagar extra. Ambas informaciones fueron enviadas por booking, sin embargo lo de ellos era valido y lo mío no. Intenté comunicarme con booking pero jamás me respondieron.",6,2025-08-21 12:46:57+00,0
"Precio calidad es buena

El servicio es muy atento y la comida también.",8,2025-08-21 19:03:53+00,0
" Le personnel était formidable,  au petit soins pour nous.
Merci à eux",9,2025-08-25 01:04:49+00,0
"No final da tarde tem o horário do chá com bolachinhas, que é uma delícia!",10,2025-08-26 11:17:57+00,1
" CAFE DA MANHA  MUITO BOM, LOCALIZAÇAO OTIMA.  IMAGEM DA TV MEIO RUIM E DESFOCADA, QUEM SABE UMA TV MAIS NOVAS.",9,2025-08-26 11:42:36+00,0
"Hotel com ótima estrutura, café da manhã gostoso, quartos muito limpos e amplos ...indicamos",10,2025-08-26 23:41:23+00,1
" La atención de Sebastian en el restaurante del hotel. 
Gentil, educado, atencioso.",10,2025-08-27 14:53:28+00,1
ótimo atendimento e ótimo hotel. bem localizado próximo ao shopping.,10,2025-08-29 00:00:00+00,1
 Ottimo rapporto qualità/prezzo,9,2025-08-29 11:34:58+00,0
Hotel perfeito,10,2025-08-29 18:17:51+00,1
Lugar único várias acomodidades restaurante muito bom sala de jogos pisina com hidromassagem elevadores,10,2025-08-30 05:44:14+00,1
Conforto ótimo recomendo 100%,10,2025-08-30 11:38:31+00,1
 Cómoda y accesibles las instalaciones,8,2025-08-31 01:19:09+00,0
"Hotel maravilhoso, muito confortável!",10,2025-08-31 12:03:23+00,1
Excelente!,10,2025-08-31 15:58:20+00,1
Ótimo a hotel,10,2025-08-31 18:16:54+00,1
Ótimo hotel,10,2025-08-31 18:39:29+00,1
Muito boa,10,2025-08-31 19:20:20+00,1
"Maravilhoso,incríve,perfeito 💗✨️",10,2025-09-01 13:46:25+00,1
"Muito top recepção excepcional, super recomendo pra quem tiver e
Interesse 😘",10,2025-09-01 16:27:11+00,1
 El Desayuno...MARAVILLOSO  NADA,8,2025-09-01 19:55:15+00,0
Profissionais atenciosos e competentes!,10,2025-09-01 20:36:07+00,1
Ótimo lugar ... recomendo,10,2025-09-02 11:57:05+00,1
" de tudo, super confortável e funcionários bem atenciosos! Super indico, foi tudo sensacional!  Só na piscina a som! só isso incomodou um pouco",10,2025-09-02 12:02:37+00,1
Recomendo,10,2025-09-02 15:35:58+00,1
Hotel maravilhoso,10,2025-09-02 18:49:44+00,1
Ótimo!,10,2025-09-03 04:34:32+00,1
Incrível,10,2025-09-03 13:43:30+00,1
Maravilhoso 🤩,10,2025-09-03 17:09:42+00,1
Muito agradável,10,2025-09-03 23:08:34+00,1
Muito bom,10,2025-09-04 12:48:00+00,1
"Hotel maravilhoso, quarto aconchegante,mobiliado sob medida armários, cama confortável macia e banheiros bem organizados. O café da manhã é o ponto alto, tem de tudo desde uma variedade de pães até salgados assados, doces biscoitos e muitas bebidas como sucos,iogurte e café coado, máquina tudo de boa qualidade além das frutas. O hotel conta com piscina e uma área de lazer. Possui uma área gigantesca e conta com 2 elevadores. Amei demais minha estadia e iria novamente",10,2025-09-04 14:21:19+00,1
" Quedamos tan felices con la experiencia, la mejor atención de todos los lugares que he visitado la tienen en éste hotel , realmente volvería sin pensarlo . Excelente todo el personal !!  Me gustó todo .",10,2025-09-04 15:02:42+00,1
Excelente e maravilhoso hotel,10,2025-09-04 19:30:44+00,1
Ótimo!!!!,10,2025-09-04 21:21:29+00,1
"Ótimo Hotel, ambiente perfeito!",10,2025-09-05 11:54:56+00,1
Muito bom o hotel adorei,10,2025-09-05 20:47:51+00,1
Ótima!,10,2025-09-05 21:37:40+00,1
"O hotel foi maravilhoso, fomos extremamente bem recebidos.
Um destaque para o café da manhã que estava impecável e foi um cantinho de paz para curtir as milhões de aventuras que tivemos em Foz.",10,2025-09-06 01:11:09+00,1
"Hotel maravilhoso!
Atendimento excelente, com uma equipe sempre atenciosa. Um diferencial incrível é a possibilidade de guardar as malas antes do check-in, o que facilita muito para aproveitar os passeios logo na chegada.

O quarto é amplo, aconchegante e muito confortável. O hotel é pet friendly e ainda disponibiliza itens para os pets, o que fez toda a diferença para a nossa estadia.

Destaque especial para o café da manhã: simplesmente espetacular, com tantas opções que lembra um verdadeiro café colonial! Outro detalhe encantador é o chá da tarde de cortesia, uma surpresa deliciosa.

A localização também é excelente, perto de tudo. Amamos a experiência e, com certeza, voltaremos!",10,2025-09-06 01:12:00+00,1
hotel mt bom,10,2025-09-06 11:57:12+00,1
Excelente atendimento e quartos confortáveis,10,2025-09-06 13:51:00+00,1
Muito elegante boas acomodações e ótimos serviços recomendo sempre,10,2025-09-06 13:51:51+00,1
Muito bom.,10,2025-09-06 18:55:25+00,1
Excelente.,10,2025-09-06 22:18:26+00,1
"Tive boas experiências, um bom lugar para se hospedar.",10,2025-09-07 17:54:01+00,1
Muito bom hotel. Vale a pena!,10,2025-09-10 00:21:22+00,1
 Localização e custo benefício  Funcionários uma pouco mal humorados,7,2025-09-10 02:19:11+00,0
Ótimo.,10,2025-09-10 15:26:22+00,1
"Localização excelente, farmácia, ponto de taxi e shopping perto. Senti falta de amenidades nos quartos, mas tinha sabonete e shampoo liquido. Um café da manha maravilhoso.",8,2025-09-10 19:00:55+00,0
"Nossa experiência em Foz só não foi perfeita devido a nossa infelicidade na acomodação no Hotel. O quarto com móveis antigos incluindo a Tv e o ar-condicionado… outra coisa, foi um espaço ou apenas um ferro para passar roupas que o Hotel também não tinha e tivemos que comprar para passar nossas roupas (1° hotel que vamos e não tem); Em nosso quarto apareceu uma barata, o serviço para limpar quarto demora muito. Saímos às 8:30 chegamos 21:hrs e nosso quarto não  estava limpo e, colocamos na porta que precisava ser limpo nosso quarto. Outra experiência horrível no hotel como vocês veem na foto, foi por termos perguntando a recepção se teria disponível um microondas para esquentarmos algo e disseram que sim e mencionaram que seria na área da piscina o microondas. Compramos lanche e ao chegar no ambiente referido, a atendente da piscina nos disse que não havia microondas no local. Reportamos a recepção e nos falaram que pensavam ser mamadeiras ou água para fazer chá e não permitiram esquentarmos nossos lanches. Para não perdermos o lanche que estava congelados usamos o secador 🤦🏻‍♂️. Por último e, não menos importante, café da manhã péssimo! Comidas do dia anterior e sem variedade alguma, só tem pão. Infelizmente por conta da nossa experiência, não indico o hotel para ninguém.",2,2025-09-11 22:04:53+00,0
" Quarto amplo.  Iluminação do quarto muito ruim. Ar condicionado velho. 
Café da manhã bom. Nada de especial.",7,2025-09-12 19:31:27+00,0
"Terceira vez que viemos para foz e ficamos e outros hoteis. Este hotel nos atendeu em varios aspectos. Fica perto de farmacias mas tem poucos restaurantes perto, porem 700 metros do shopping JL e mercado muffato que fica no shopping. Fomos caminhando ate la e foi super tranquilo. Equipe do hotel muito top. Cafe da manha muito bom e nos atendeu perfeitamente com variedades.",8,2025-09-13 00:00:00+00,0
Excelente todoooo...,10,2025-09-14 00:52:47+00,1
"Hotel em uma região bem localizada, bem limpo e organizado, e uma equipe que atende muito bem e educada. Muito bom. Valeu a pena",10,2025-09-16 00:00:00+00,1
" Las habitaciones, las instalaciones de luz algunas lamparas no funcionaban, avisábamos pero andaban un día y otra vez no funcionaban.
Con respecto al baño antiguo y las griferías de la ducha cuando abrías la canilla te quedabas con la manija en la mano.
Los ventanales divinos pero las cortinas quedaron en el tiempo y de noche no oscurece la habitación. Hay que renovarse.  Que no respetaban los horarios de limpieza, y siempre tenia que pedir toallones ya que éramos 4 adultos y dejaban la cantidad que ellos querían.",6,2025-09-16 13:44:17+00,0
" Accoglienza del personale 
Stanza grande,idromassaggio  Nulla da segnalare",8,2025-09-17 12:44:38+00,0
"Bem Localizado, quarto normal, tudo bem limpinho aparentemente, porem debaixo das camas muito pó só isso deixou a desejar, precisei de um ferro de roupa e eles não dispunham no hotel, de resto tudo muito bom",10,2025-09-19 13:49:00+00,1
"O funcionário Sr Sebastião é um amor de pessoa, 100% atencioso!",10,2025-09-19 18:25:30+00,1
"Chegamos no quarto e tinha uma barata para nós recepcionar, não tinha sabonete pra tomar banho,só sabonete líquido na pia, ar condicionado barulhento e não refrigerafa, café da manhã bem fraquinho.
Não indico o hotel",4,2025-09-22 00:24:41+00,0
" Nigdy nie wystawiam komentarzy uważając, że ogólna ocena to wypadkowa wielu, często subiektywnych, odczuć. Tym jednak razem czuję się zobligowany do sformułowania opinii, która może być pomocna dla innych, potencjalnych gości hotelu. Kilka minut po wejściu do pokoju, odpadła część sufitu (patrz: zdjęcia). Na szczęście sytuacja ta nie zakończyła się urazem żadnego z członków rodziny, chociaż część gruzu spadła tuż obok mojej żony. Spadający tynk pobrudził jednak rzeczy, które mieliśmy w walizce, a także porysował telefon, który znajdował się na szafce nocnej. Dostaliśmy inny pokój w zamian; rozmawialiśmy również z menadżerem, który pytał o możliwość zrekompensowania strat. Uznaliśmy, że dobrym pomysłem, będzie zapewnienie napojów do kolacji (mieliśmy wersję HB). Menadżer zgodził się, ale - niestety - napoi nie otrzymaliśmy. Według mnie, gołosłowność menadżera, jest po prostu nie do przyjęcia. Za duży minus uznaję również ogólny stan hotelu (bardzo zniszczony, zaniedbany, brudny) oraz serwowane posiłki (stare, suche wypieki na śniadanie, kolacja ""z karty"" zupełnie poniżej średnich standardów). Według mnie hotel zasługuje na max. 3 gwiazdki (a i to nieco ""na wyrost""). Polecam tylko prawdziwym twardzielom; pozostałym zdecydowanie radzę wybrać inne miejsce noclegu.",2,2025-09-22 11:44:59+00,0
"Hotel excelente.
Super indico, nota mil.",10,2025-09-23 12:02:06+00,1
" El personal amable, buffet variado, habitación amplia  El baño  al parecer tenia algún problema de fuga de agua interna, no hacia el exterior. De ahí todo bien.",8,2025-09-25 16:28:53+00,0
"El hotel está muy bien, excelente ubicacion, cerca de todo. Habitaciones amplias, luminosas y siempre limpias. Lo mas imporyante es la amabilidad y calidez del personal. Voy a volver.",10,2025-09-26 00:00:00+00,1
" Das Frühstück war sehr reichlich und es gab viel Auswahl, für jeden was dabei.
Die Poollandschaft war sehr schön und gut gepflegt. Auch die Cocktails waren wirklich gut. Das Personal ist sehr freundlich und aufmerksam und sehr um das Wohlergehen der Besucher bemüht. Fast immer wird direkt gefragt, ob man zufrieden ist und die Ansprüche erfüllt wurden. Wir haben uns sehr gut gefühlt.  Nichts",8,2025-09-26 14:24:26+00,0
"Hotel muito top, excelente lugar para se hospedar e conhecer a cidade. O atendimento é impecável, e o ambiente é impressionante. Vale a pena conhecer 🫶🏻",10,2025-09-27 00:47:26+00,1
" Завтрак очень скудный, одни яйца, куча выпечки, нет ни овощей, ни другой еды( в номере одна бутылка - это и шампунь, и мыло, и гель для душа, и все, что угодно( в душевой нет ни полочки, ни крючка положить свою косметику. Крайне неудобно и неуютно(",5,2025-09-27 15:55:30+00,0
"Foi tudo muito bom, a única coisa que deixou a desejar foi na área do banheiro no box , pois não tinha nenhuma  supote para colocar  sabonete ,xampu  etc ,",10,2025-09-28 00:00:00+00,1
" Todos os funcionários de extremo bom humor, receptivos e muito prestativos, realmente se preocupam com você.  Eu gostei de tudo.",10,2025-09-28 14:13:42+00,1
 Hotel bem velho bar caro de mais e diária também não entrega nada pelo valor tem muitas opções mais em conta ou no mesmo valor que são 1000 x melhor  Tv pequena horrível,6,2025-09-28 23:55:45+00,0
"El desayuno es exactamente el mismo todos los días, el buffet no es variado. La limpieza no es buena solo es básica. Las toallas están súper viejas",2,2025-10-01 00:00:00+00,0
" O hotel possui boa estrutura em geral. 
Funcionários todos simpáticos . Café da manhã satisfatório. 
Quartos bem grandes.  Não gostei do meu quarto. Está muito desgastado, não limpo, acabamentos muito grosseiros nas paredes, emendas e pinturas ( principalmente no banheiro). O enxoval totalmente desgastado, gasto, com furos.",5,2025-10-01 00:26:18+00,0
" La cama muy cómoda y el desayuno muy bueno, además al llegar nos recibieron con galletas y té",10,2025-10-01 14:26:03+00,1
" Bien ubicado. Habitaciones cómodas. Buen desayuno y cena buffet. Cumple con lo esencial.  El gimnasio que dice tener no es en las instalaciones, te dan un voucher para ir a un gym a media cuadra. Para alguien que quiera ir a hacer ejercicio de musculación está ok, pero para alguien que espere un clásico gym de hotel, más tranquilo y. On aparatos modernos no es una buena opción. 
El garage para la motos es en la entrada del hotel al aire libre. Si bien están los porteros 24hs, no es lo que más nos gusta a quienes viajamos en motos grandes.",8,2025-10-03 09:11:20+00,0
Péssima.  Sem Internet. Sem Wi-Fi e ainda culparam o celular pq não era IPhone....,2,2025-10-04 23:29:24+00,0
 La amabilidad y atención del personal de recepción y restaurante  Poca variedad de frutas y fiambres al desayuno. Poca variedad de platos en la cena,10,2025-10-05 14:17:04+00,1
" Localização central, quartos amplos e com bom espaço para bagagens. 
O hotel é antigo e está bem conservado no geral, mas algumas melhorias ajudariam a melhorar a experiência.  Toalhas muito finas, não esperávamos toalhas mega macias e grossas, mas algumas realmente eram finas demais. Nosso banheiro era bem antigo e vazava um pouco de água para fora do box e era muito escuro. Vimos outros quartos que o banheiro estava mais novo e isso não acontecia. 

Café da manhã tem muita variedade de pães e bolos, porém a maioria bem seca. Boas opções de frutas, mas falta opções de queijos e frios.",7,2025-10-05 20:10:07+00,0
" Bom custo benefício  Havia um toalha faltando um pedaço, detalhe que o hotel poderia evitar.",9,2025-10-06 11:26:51+00,0
Maravilhoso o lugar!,10,2025-10-06 16:12:46+00,1
 bom café da manhã e localização  Antes o restaurante fornecia a la carte e agora é buffet,9,2025-10-06 18:27:28+00,0
" Gostei muito do hotel! Bom café da manhã com muitas opções. Bem localizado, com piscina e hidromassagem. Gostei do som ao vivo no domingo à noite. As opções de pratos do restaurante eram muito boas.  A limpeza da hidromassagem deixou a desejar.",9,2025-10-06 21:56:34+00,0
"Hotel bem localizado, com farmácias próximas, um Madero ao lado e o shopping JL Cataratas há 3 quadras e dá para ir andando (menos de 5 minutos  de carro).
Café da manhã com diversas opções gostosas.
Além disso, o quarto também é bem limpo, aconchegante e espaçoso. O chuveiro é uma delicia!! 
Os funcionários são educados e prestativos. Destaque especial para os garçons do restaurante e também para as moças que trabalham no bar da piscina que são extremamente atenciosos, simpáticos e prestam um ótimo atendimento!!",10,2025-10-08 00:00:00+00,1
" Como viajei a trabalho, não pude usar a internet do hotel, já que a mesma esta indisponivel , por parte do periodo de minha estadia.",8,2025-10-08 12:01:40+00,0
" Funcionários, café da manhã  Ar condicionado estragado, pedi manutenção tds os dias e não fui atendida, tb não havia outro quarto do mesmo tipo p trocar.",8,2025-10-09 10:58:00+00,0
Tudo de bom,10,2025-10-09 23:01:57+00,1
 localização  nada,9,2025-10-12 15:06:34+00,0
"Hotel confortável e limpo, quartos muito amplos, boa cama e travesseiros. Café da manhã bem servido. Infelizmente a experiência não foi melhor porque a Jacuzi não estava funcionando e minha mãe que estava comemorando seus 80 anos ficou muito decepcionada com isso pois queria relaxar a tarde e não pode.",8,2025-10-14 00:00:00+00,0
" Bem localizado  Muito sujo! Cortina suja, limo no rejunte do banheiro(bastante) e o ar condicionado caiu a carcaça do nada!",6,2025-10-14 00:28:30+00,0
" Elevador com defeito; travou a porta, não abria e fazia muito barulho (ELEVADOR ANTIGO, INSEGURO).

O ralo do banheiro entupido, não descia a água do banho, alagou o WC. 

A recepção não estar preparada para lhe da e nem de resolver os problemas pontuado acima, não teve
solução.

Por derradeiro cobrou um valor a
mais além do que foi pago na reserva,  Elevador antigo e faz muito barulho, precisa de assistência Não gostei do Atendimento da recepção pessoal despreparados para lhe dar com os problemas detectado.",5,2025-10-14 11:39:22+00,0
"We (my husband and I) were surprised with an upgrade. We got a suit! Very big and nice. With view of the piol area!  Yay!
Thank you soooo much!!!
The staff was very friendly
I can recommend this hotel for sure!",10,2025-10-16 00:00:00+00,1
" Czysta pościel, dobre śniadanie, bardzo miła obsługa. Hotel jest leciwy, ale dobrze się starzeje: nic się nie sypie, jest czysto, wieczorami żywa muzyka nad basenem.",8,2025-10-16 11:45:42+00,0
" Desayuno bueno y variado, igualmente la cena. El bar a orilla de la piscina con buenas propuestas y músicos en vivo.  El bidet no funcionaba bien. No había perchas para colgar ropa en el baño.
El jacuzzi no funcionó uno de los días.",10,2025-10-16 23:10:05+00,1
"Atendimento maravilhoso , já começando pela recepção. Todos os funcionários são educados  e gentis
Ambiente agradável limpo e bem organizado. Ainda tem opção de  refeições para celíacos .super recomendo.",10,2025-10-17 00:34:43+00,1
 Quarto espaçoso! Pessoal do hotel muito educado  Banheiro deveria ser reformado… Muito antigo…,8,2025-10-18 02:19:05+00,0
"Quando procurei um hotel para me hospedar em Foz do Iguaçu, encontrei opções semelhantes ao hotel Continental Inn. Piscina excelente, ofurô, restaurante, quartos amplos, camas confortáveis, localização privilegiada, ambientes amplos , limpos e organizados. Café da manhã ESPETACULAR. Ainda como bônus tem um delicioso chá da tarde com variedade de guloseimas.
Mas o principal que não está na propaganda do hotel, é sua maior jóia: OS COLABORADORES/funcionário. Já no primeiro dia todos se tornaram nossos amigos. Nos sentimos cuidados e amparados com o carinho de todos. Os seguranças sempre atentos, mas com a tranquilidade de trocar orientações e até assuntos diversos a respeito da cidade. O pessoal da recepção disponível 24 hs, com a mesma empatia e disposição, até para trocar assuntos com uns amigos que ficaram até às 3 da manhã. O pessoal da limpeza, discretas e competentes. O pessoal do refeitório, é um conjunto de qualidades que normalmente fazemos aos nossos melhores amigos. Todos, sem exceção, todos os dias, todas as horas, sorridentes, simpáticos, prestativos, companheiros e mais uma infinidade de adjetivos que trazem saudade de todos e a vontade de voltar a ser hospedado no Continental Inn.
Obrigado por tudo que nos proporcionaram. O sucesso de nossa viagem se deve a vocês.",10,2025-10-18 22:54:38+00,1
" Colaboradores muito atenciosos e Educados!  Quarto Sujo, banheiro sujo, ar condicionado não funcionava, instalações muito antigas e carecendo de reforma, cama bom de mola ensacada muito ruim, cortinas e janelas sujas.
Ar condicionado não funcionava.",4,2025-10-19 23:10:19+00,0
" Localização  TV, café da manhã, estacionamento pago a parte , TV com imagem ruim  , poucos canais e desconfigurada para aplicativos",7,2025-10-20 15:55:33+00,0
"A estadia foi maravilhosa, atendimento nota 10 até o momento da retirada das malas hoje, as 14h20. O funcionário de óculos (não conseguimos ver o nome porque seu crachá estava torto), trajando um terno bastante grande, não teve a mínima sensibilidade e cortesia em buscar as nossas malas guardadas. Fechou a cara, dizendo que para pegar as nossas malas dos 5 hospedes teria que tirar “TODAS” as malas guardadas e assim o fez. ELE, de cara fechada, e nós hóspedes aguardando educadamente a retirada. Em todo esse cenário de falta de educação e respeito, quero agradecer o sr Valdevino pela preocupação e cuidado conosco até sairmos do hotel. Vale ressaltar que outras malas ficarão espalhadas ao lado de recepção, tenho foto se precisarem.",6,2025-10-20 17:46:02+00,0
"Muito bom. Jantar excelente, café da manhã bom, boa localização, alguns quartos antigos com aausência de ducha higiênica porém, com disponibilidade de bidê, iluminação muito fraca e o sinal de televisão estava horrível não deixando ver nada.",8,2025-10-21 08:23:50+00,0
"Atendimento excelente, variedades no café, limpeza todos estão de parabéns.",10,2025-10-21 13:39:30+00,1
" Localização excelente.  Um pouco antigo, precisando de alguma modernizações.",8,2025-10-21 20:51:52+00,0
Atendimento é o grande diferencial além da localização!,10,2025-10-22 00:00:00+00,1
 Café ótimo  Poderia ser e então garagem,10,2025-10-22 16:05:00+00,1
 Conforto e limpeza e espaço  Gostei de tudo,10,2025-10-23 13:57:57+00,1
"Ótima localização | quarto espaçoso | café da manhã com muita variedade de pães | bar com opção de comida à la carte | opções de lazer como piscina, pebolim, mesa de tênis de mesa e sinuca.",10,2025-10-24 00:00:00+00,1
" Funcionários extremamentes simpáticos e cordias. Comida do restaurante muito boa, preços de acordo.
Ótimo espaço da piscina. Localização de fácil acesso.  Café da manhã farto, mas com muitas opções de doces, senti falta de mais itens salgados. Acaba ficando repetitivo.
Elevador meio barulhento, talvez por ser antigo.
Parede do corredor começando a ficar co  jmofo, na parte onde é o banheiro.
Nada qe interfira no bo atendimentoe funcionamento do hotel",8,2025-10-24 12:09:11+00,0
"Foi maravilhosa nossa hospedagem. Desde a recepção..ficamos na suíte superior por cortesia do hotel, lindo o quarto com banheira de hidromassagem, a área da piscina tbm muito boa com serviço de bar perfeito..super educados..e a comida maravilhosa pedimos uma salada continental deliciosa e a apresentação do prato estava linda deveria ter tirado uma foto ..pedimos tbm picanha a brasileira vem acompanhada de fritas farofa e arroz muito bom tbm..caipirinha no ponto maravilhosa..café da manhã com muitas opções difícil escolher o que comer kk
As meninas da limpeza tbm capricham em tudo..
Só tenho a agradecer a toda equipe do Hotel
Foram dias incríveis 🙌💚super recomendo",10,2025-10-24 22:38:03+00,1
" Personal muy simpático y amable 
Desayuno  Baño un poco anticuado",8,2025-10-25 03:07:53+00,0
"A condição dos quartos estão muito ruins, válvula de descarga não funciona, banheiro faltando acabamento na parede, o atendimento é bom mas a s condições dos quartos ruim",2,2025-10-25 09:51:20+00,0
" La excelente atención de todo el personal y la variedad en el abundante desayuno,  Quizás el ruido al cerrar las puertas de otras habitaciones cuando ya estábamos descansando",10,2025-10-26 18:38:29+00,1
"Hotel bem localizado, próximo shopping, restaurantes e muitas farmácias .
Minha família foi muito bem atendida por todos funcionários. 
Café da manhã ótimo  e um mimo de chá da tarde.
Gostaria  de agradecer a gentileza da lembrança deixada no quarto pelo aniversário da minha mãe ela ficou muito emocionada e ainda pelo parabéns no café da manhã por todos que ali estavam trabalhando no restaurante.",10,2025-10-27 00:00:00+00,1
 Conforto e localização  Café da manhã e jantar,9,2025-10-28 11:17:18+00,0
" Todos os atendentes são muito atenciosos. O quarto muito bom, a cama , o chuveiro. Tudo muito bom.",10,2025-10-30 09:21:53+00,1
"Café da manhã excelente 
Cama poderia ser um pouco melhor e maior",10,2025-11-03 00:00:00+00,1
" Localizao  Camas pequenas e com colchao ruim
Ar condicionado muito velho
Parte da madeira do quarto estava velha e quebrada, com aspecto de sujo",7,2025-11-03 12:23:18+00,0
" Un ambiente muy lindo. Muy limpio.
La pileta hermosa. La opción de dar el té a la tarde un hermoso detalle. Cenamos siempre cerca de la pileta Gabriela nos atendió siempre recomendando los mejores platos y nos ofreció información sobre que conocer en Foz. La mejor empleada del hotel.  Todo correcto volvería",9,2025-11-03 23:27:09+00,0
"Quarto espaço, toalhas e roupas de cama de ótima qualidade, black out que realmente funciona. O chuveiro traz a água da
Própria catarata 😂…. Pressão é quente ! Amei ! Equipe maravilhosa !",10,2025-11-05 00:00:00+00,1
Excelente hotel ! Tudo perfeito. Equipe maravilhosa !!!! Melhor hotel de foz !!!,10,2025-11-05 00:00:00+00,1
Excelente hotel!,10,2025-11-05 00:00:00+00,1
 Ubicacion  Le agregaria variedad de fiambres al desayuno demasiadas cosas dulces,8,2025-11-05 02:10:19+00,0
quartos antigos,6,2025-11-06 00:00:00+00,0
" En general, todo estuvo muy bien. El personal excelente.  Nos hubiera gustado mas variedad para la cena, pero estuvo bien.",8,2025-11-06 15:17:21+00,0
"O Hotel Continental Inn é muito bom. Quarto amplo, limpo e muito bem arrumado. O café da manhã é fantástico. Os colaboradores são muito atenciosos. A área da piscina é muito agradável, limpa com um ambiente descontraído.",10,2025-11-07 01:48:36+00,1
 Apenas a Localização  Não condiz com as fotos…apto muito antigo e todos precisam de reforma,3,2025-11-08 03:15:12+00,0
" The hotel is at a central location to access restaurants. The room was clean, and staff were friendly. The breakfast was also quite good.  However there was one issue that I hope was accidental unless a number of other customers had the same issue. When I paid with my credit card, the amount was converted to US dollar without my consent. My receipt showed 12% surcharge. I pointed out but the staff didn’t correct it. Also, this is the only hotel we stayed in Brazil that required date of birth.",7,2025-11-08 17:13:36+00,0
"Nós hospedamos por 05 dias..perfeito..

Recomendo o bar da piscina..",10,2025-11-10 20:00:56+00,1
Quarto muito antigo sem conforto,6,2025-11-12 00:00:00+00,0
" Hotel velho, antigo e sem reforma.",5,2025-11-14 12:30:41+00,0
"Um hotel barulhento, de atendimento simples para o valor da diária, cobram estacionamento dos hóspedes",4,2025-11-16 00:00:00+00,0
" O hotel é muito bem localizado, funcionários simpáticos e solícitos. Café da manhã bom e variado. Roupas de cama limpas  O chão do nosso quarto não estava limpo. Inclusive pela manhã notei cacos de vidro no chão atrás da cortina provavelmente de algum outro hóspede o que se torna perigoso já que estava com crianças.
As criancas andaram descalço no quarto e ficaram com o pé preto",8,2025-11-16 00:43:10+00,0
"FOI UMA EXPERIÊNCIA MARAVILHOSA!!   FUNCIONÁRIOS EXCEPCIONAIS! FOMOS EM AGOSTO EU E MEU ESPOSO, CAFÉ DA MANHÃ INCRÍVEL E JANTAR  MARAVILHOSO!! COM CERTEZA UM DIA VOLTAREMOS.",10,2025-11-16 19:37:58+00,1
boas frutas e paes,10,2025-11-17 00:00:00+00,1
 Muy buen desayuno buffet por el precio.  Algo de ruido se escucha en la habitación.,9,2025-11-17 16:15:31+00,0
" Gostei do atendimento, da cozinha e do quarto  O chuveiro não era bom",9,2025-11-17 16:46:37+00,0
 Gostei de tudo,10,2025-11-21 04:47:08+00,1
Muito boa! Recomendo!,10,2025-11-21 14:21:48+00,1
"I had a wonderful stay at Hotel Continental Inn. Silvania, Tiago, and Gladis were all incredibly kind and helpful—thanks to their warm and attentive service, I felt at home from the very first moment.
The room was very spacious, spotless, and thoughtfully equipped with great amenities and small details that made my stay extra comfortable. The breakfast selection was huge, with plenty of delicious options to choose from every morning. The pool area was also very nice, perfect for relaxing after exploring the city.
The hotel’s Christmas decorations were beautiful and elegant, creating a festive and welcoming atmosphere throughout the property.
Highly recommended for anyone visiting the area!",10,2025-11-21 23:56:40+00,1
" Limpeza  Por ser Pet friendlly similar a outros existentes no mercado em que atuam, deveriam ter espaço Pet friendlly nas refeições mesmo que fora do restaurante. Existe uma área pronta para tal, seria somente criar outra porta de acesso ao restaurante.. Custo alto 
das diárias dos pets pelo que é oferecido principamente quando comparamos com a concorrência com custo menor e oferecendo espaço, tapete higiênico e 
mimo com petiscos.",7,2025-11-22 02:18:52+00,0
 Equipe extremamente atenciosa e preparada para uma viagem em família e com Pets! Limpeza excepcional e café da manhã que deixou todos sem palavras!,9,2025-11-22 15:00:59+00,0
Serviço deixou a desejar.,4,2025-11-24 16:56:21+00,0
"Minha experiência foi simplesmente incrível! As camas eram extremamente confortáveis, o quarto impecavelmente limpo e organizado. Fomos recebidos com um welcome drink delicioso, que já deu o tom da hospitalidade do hotel.
O café da manhã foi um dos pontos altos: um buffet farto, variado e cheio de opções para todos os gostos.
Não tenho absolutamente nada a reclamar, tudo contribuiu para uma estadia agradável e memorável. Super indico!",10,2025-11-26 00:00:00+00,1
 El lugar  La cama y faltan almohadas,8,2025-11-26 00:48:31+00,0
" Equipe de atendimento atenciosa, prestativa.",10,2025-11-27 18:01:36+00,1
" Amamos a decoração de natal e a piscina também.  O hotel é antigo, o nosso quarto tinha pouca iluminação próximo as janelas. Tinha bidê no quarto também. O ar condicionado fazia barulho somente durante a madrugada, inexplicavelmente.",7,2025-11-28 14:36:42+00,0
 Muy buena la ubicación y las instalaciones. El personal muy agradable. Muy buen desayuno y cena.  Nada,9,2025-11-28 18:51:26+00,0
"Hermoso hotel, los de la recepción muy amables, es cómodo y en una zona muy linda.",10,2025-11-28 21:06:06+00,1
"Agradável, com um hotel confortável e limpo",10,2025-11-29 00:00:00+00,1
"Hotel meio decadente. Funcionários sem muita presteza. Café da manhã com variedade mas sem muita qualidade. Quarto e banheiro amplos mas precisando de modernização. Qualificado como 4 estrelas superior, mas 3 já estaria de bom tamanho!",6,2025-12-01 00:00:00+00,0
"Lugar perfeito para uma viagem em família,  lugar tranquilo, limpo, quarto aconchegante, funcionários extremamente atenciosos.",10,2025-12-01 10:23:31+00,1
" El desayuno. Excelente  El aire acondicionado. 
Era muy chico para la habitación.",8,2025-12-02 15:08:20+00,0
👍,8,2025-12-03 00:00:00+00,0
 la atención del personal es excelente. la habitación era amplia. la ubicación cercana a un shopping  el desayuno podría ser un poco mejor. es variado y en cantidad pero la calidad no es la mejor,9,2025-12-03 00:23:08+00,0
 Todo! Excelente la atención del personal!,10,2025-12-03 00:28:02+00,1
 Todo! El personal muy atentos y amables!,10,2025-12-03 00:29:00+00,1
"Fiz uma reserva do dia 30/11 a 03/12, decidimos fazer essa viagem em família, eu, meu esposo, minhas 2 filhas (3 e 6 anos), meu pai e minha mãe, pois no dia 02/12 era aniversário da minha filha.
Escolhi a dedo o hotel pra poder passar esses dias.
Infelizmente dia 30 a noite já começou nossos problemas, saimos pra jantar, e começou chover, quando retornamos ao hotel, havia goteira no quarto, e aquele barulho de goteiras no gesso, solicitamos a troca do quarto, passaram que so havia 1 outro quarto disponível, inferior ao que havíamos pago, puro transtorno as 22:00.... Carregar malas, com 2 crianças do quinto para o segundo andar, o quarto era inferior, nada justo pagar por um quarto e receber outro inferior. Meu marido retornou a recepção e comunicou que não iríamos ficar no quarto, com muita má vontade de resolver a situação, meu marido insistiu que não ficaria, por fim ""surgiu"" outro quarto, UP grade no que havíamos reservado e por fim, novamente saímos do segundo pro primeiro andar.
Já não havia cama para minhas filhas, dormiram no sofá cama, até então, vamos considerar problema resolvido.
Meus pais estavam no quinto andar, onde estávamos todos no início, o ar do quarto deles não estava funcionando corretamente, na primeira noite talvez por ter chovido, sentiram pouco, no dia seguinte comunicamos a recepção que mandou um colaborador, trocou o controle e disse que poderia resolver, saimos pra jantar novamente, quando retornamos não havia condições de entrar no quarto, parecia uma sauna e o ar ligado, o que não entendemos nada, comunicamos a recepção e eles trocou o quarto, por fim houve 3 mudanças de quartos em 3 dias.
O hotel possui uma recepção maravilhosa, o café da manhã é incrível, arrisco dizer o melhor que já vi em Foz do Iguaçu PR, funcionários por toda parte do hotel, o que facilita se precisar de algo ou alguma informação, pessoal do café da manhã super receptivos, e deixo com ênfase um mega elogio para o capitão Porteiro, é a primeira pessoa que temos contato ao encostar o carro, o que com certeza faz toda diferença, pois tudo começa nele, atencioso, educado e super receptivo.
Hotel é INCRIVEL, minha avaliação é uma crítica construtiva, NECESSITA MANUTENÇÃO, somente isso.
Ficamos chateados pela situação e por todo transtorno das trocas de quartos, fora isso, conseguimos aproveitar nossa viagem !",6,2025-12-03 16:46:23+00,0
Ruim,2,2025-12-03 17:08:54+00,0
Boa seleção de comidas e qualidade,10,2025-12-06 00:00:00+00,1
Hotel limpo e aconchegante,8,2025-12-06 09:59:02+00,0
 Está tudo dentro dos conformes.  Estava tudo bem limpo e organizado.,10,2025-12-06 11:01:55+00,1
"Recomendo, perfeito.",10,2025-12-07 13:04:16+00,1
" Como fizemos apenas o pernoite não tenho muito como avaliar, a ducha estava com algum problema, os registros não funcionaram direito e isso deu um certo incômodo  no ajuste da temperatura, mas o restante ok, cama boa e quarto amplo.  Do problema nos registros da ducha....",8,2025-12-08 15:54:23+00,0
"Clean hotel, beautifully decorated both inside and outside during the Christmas season, with friendly staff. The hotel’s restaurant has good prices, and the food is tasty.

We also enjoyed live music while spending time at the hotel pool. The hotel is located close to the Iguazú Falls and offers many nearby restaurant options.",10,2025-12-09 10:28:05+00,1
" El desayuno  El ascensor solo había uno , pequeño y lo usaban los trabajadores, las áreas externas fuera de las habitaciones no había aire acondicionado , las habitaciones viejas el check in  tuvimos que pagar un extra porque el check in es a las 15:00 y aunque tenían las habitaciones disponibles te obligaban a pagar , llegamos a las 12 . En general el hotel necesita una reforma , es un hotel de 3 estrellas . El jacuzzi no funcionó hasta el último día",6,2025-12-09 11:08:06+00,0
"O hotel é bom, mais ta em manutencao entao a experiencia nao é a mesma. Limpeza pode ser melhor tambem nos detalhes.",10,2025-12-10 00:00:00+00,1
" Café da manhã, simpatia e educação dos funcionários, localização, conforto, silêncio.  Cheiro de água sanitária horrível e muito forte no banheiro do hotel. Fiquei enjoado , com dor de cabeça mesmo com a porta do banheiro fechada. Exageraram demais no uso. Estacionamento externo descoberto. O hotel possui apenas um elevador , que é muito lento e mobiliário dos quartos extremamente antigo e ultrapassado.
Iluminação do quarto muito fraca, tomadas apenas na área de trabalho, e deixaram apenas uma toalha de banho.",7,2025-12-10 00:19:29+00,0
Foi uma semana maravilhosa,10,2025-12-10 09:34:26+00,1
" Confortável , bem localizado, ótimo café da manhã e o restaurante tbm é bem gostoso e prático",9,2025-12-10 13:30:43+00,0
"Cheiro de água sanitária horrível e muito forte no banheiro do quarto 527. Fiquei enjoado , com dor de cabeça mesmo com a porta do banheiro fechada. Exageraram demais no uso. Estacionamento externo descoberto. O hotel possui apenas um elevador , que é muito lento e mobiliário dos quartos extremamente antigo e ultrapassado.
Iluminação do quarto muito fraca, tomadas apenas na área de trabalho, e deixaram apenas uma toalha de banho.",6,2025-12-10 21:07:44+00,0
 Muito confortavel e muito bem localizada,10,2025-12-11 02:15:01+00,1
 El buen trato al cliente  La cochera debería ser cubierta,10,2025-12-15 01:34:35+00,1
 Desayuno  Olor feo en el baño por momentos,10,2025-12-15 11:06:42+00,1
 O AR CONDICIONADO NAO ESTAVA FELANDO,8,2025-12-15 21:14:22+00,0
"Ótima experiência. Equipe treinada, eficiente e muito gentil.
Não tivemos nenhum tipo de problema ou inconveniente no hotel. 
Agradecemos a todos do continental inn",10,2025-12-16 00:00:00+00,1
 La atención y el desayuno bufete.  Todo me gustó.,10,2025-12-16 18:04:33+00,1
"Hotel incrível, muito limpo, comida gostosa, acolhedor, me senti em um filme de natal",10,2025-12-16 21:34:11+00,1
"Hotel bem localizado, no centro da cidade, proximo a farmácias e shopping. Funcionários muito simpáticos e prestativos. Quarto sempre limpo, toalhas trocadas e uma excrlente estrutura de lazer, como sinuca, totó, ping-ping e uma piscina com hidromassagem.

O café da manhã bem farto, com muitas opcoesde cafés e massas. Senti falta de um cuscuz... mas, no mais, tudo muito.bom.",10,2025-12-18 00:00:00+00,1
" La comida es excelente 👌 y facilidad para conseguir planes Turísticos.  Todo bien, sin embargo me parece que deben fortalecer en chicas de recepción el conocimiento de medios de transporte o facilidad para movilizarse, así como información de sitios para conocer etc.",10,2025-12-19 14:41:54+00,1
"* The fabric of the hotel is poor and dated. 
* There are holes in the reception ceiling one of which is filled by a piece of cardboard.
* The stairway to the pool in cordoned off and out of use. 
* The room we have has no bedside lights, no soft furnishings, no wall art. It has no rugs on the floor. It looks and is unfinished. There is one single old wooden chair to sit on. No sofa, etc
* Cheap thin towels
* what appears to be mould around the window sills as well as in the bathroom 
* air con unit and fridge old and yellowed
* no complimentary drinks or snacks",2,2025-12-20 00:00:00+00,0
Lugar aconchegante,10,2025-12-20 10:46:37+00,1
"Amamos as instalações.
Staff super atencioso, comida maravilhosa e com preço justo, optamos por Meia pensão e foi a melhor escolha que fizemos.",10,2025-12-20 14:41:37+00,1
"Tivemos uma experiência maravilhosa neste hotel, tudo excelente, atendimento de toda a equipe e estrutura. A Julie em especial, que carisma e atenção com a nossa família. Parabéns a toda equipe. A decoração de natal está sensacional.",10,2025-12-22 14:07:47+00,1
" Muy buena ubicación, buena relación precio calidad. Destaco la buena atención y predisposición del personal. Todos muy amables y respetuosos.
Buen desayuno continental y cena buffet. Linda pileta.  Hubo un desperfecto en el ascensor, se ocuparon de solucionarlo. Tal vez no fue lo mejor subir 5 pisos por escalera pero se entiende que es un imprevisto.",9,2025-12-23 01:44:13+00,0
Tudo ótimo e adoro hospedar nesse hotel,10,2025-12-24 19:31:13+00,1
Tudo perfeito,10,2025-12-25 00:00:00+00,1
"Limpo, organizado.",10,2025-12-26 10:55:10+00,1
Acomodação/serviço/equipe ótimos! E o sr. Sebastião é uma estrela à parte. Recomendo.,10,2025-12-26 17:32:12+00,1
" Gostei das instalações  As duas recepcionistas são antipáticas e o check-in era marcado para 15horas e o quarto só ficou pronto depois das 15:30!Achei um absurdo, e a recepcionista não foi nada gentil.",7,2025-12-27 14:09:48+00,0
" Nothing much  It was dirty room , bathroom was very dirty and nothing provided in the bathroom like shampoo etc … also no comforter just a sheet and blankets seemed dirty… the front staff wa rude and lied to us",2,2025-12-29 12:29:28+00,0
"Ficamos por dois dias.
Bom café da manhã, mas não tinha nenhum produto zero açúcar ou diet para diabéticos. Sentimos falta.
A localização é a dois quarteirões da igreja São Paulo e a quatro quarteirões do shopping.
Boas acomodações.
Funcionários gentis",10,2025-12-31 19:32:12+00,1
 Estava tudo excelente,10,2026-01-01 01:45:52+00,1
 El servicio de desayuno excelente.,10,2026-01-01 13:30:18+00,1
Assento do vaso sanitário estava sujo de fezes. Barata no quarto. Telefone não funcionava. Ar condicionado pingando em cima da cama e comando das haletas não funcionava. Cama quebrada. Quarto empoeirado e sujo. Chuveiro ficava esquentando e esfriando sozinho. Funcionários sem atitude para resolver os problemas e sem nenhuma empatia com o cliente. Minha reserva era para um quarto com duas camas e tentaram me colocar em um quarto com uma cama e um sofá cama.,2,2026-01-01 20:58:13+00,0
Excelente ambiente,10,2026-01-04 00:58:09+00,1
"Bom dia não fiquei satisfeito com o hotel porque pelo valor da estadia deixa muita a desejar 
Fiquei no quarto 508 choveu entrou água e molhou as minhas roupas 
Você paga estacionamento para o carro ficar no tempo",6,2026-01-05 00:00:00+00,0
"Podem se hospedar sem medo . Precisa dar mais atenção ao salão de jogos , ping pong com a mesa desmanchando , mesa de sinuca Precisa de reforma e também.  No maos gostei muito! Café da manhã muito bom !!",8,2026-01-05 01:35:13+00,0
 gentileza dos funcionarios  piscina suja,9,2026-01-05 17:25:23+00,0
" Localização e café da manhã.  Atenção dos funcionários deixa a desejar. Baratas voando pela suíte e nao deram atenção. TV analógica com canais do hotel, sem opção smart.",5,2026-01-06 11:49:37+00,0
Instalaciones buenas y ubicacion espectacular,10,2026-01-06 12:00:30+00,1
" Quarto espaçoso, cama bem confortável, café da manhã muito bom, com várias opções de pães, bolos e frutas. Hotel bem localizado, perto de tudo. Sempre ficamos hospedados nele. 
Parabéns pela maravilhosa decoração de Natal.  Estacionamento cobrado, ar condicionado muito gelado nas dependências do hotel, estava desconfortável principalmente no café da manhã. 
O hotel sempre disponibilizava toca de banho, shampoo e condicionador, dessa vez não tinha.",8,2026-01-06 22:25:55+00,0
 Limpeza,7,2026-01-07 00:28:57+00,0
" Muito bom!!! O hotel é amplo, bem limpo, bem organizado. Serviço de quarto muito bom, funcionários muito simpáticos e prestativos, café da manhã excelente com muita variedade e tudo muito gostoso. Voltarei mais vezes com certeza.  Nada a reclamar.",10,2026-01-07 03:31:06+00,1
" Gostei de tudo , primeiramente do up grade que recebemos , dois quartos com banheira, foi incrível, do café da manhã sempre super recheado de opções variadas todos os dias , da limpeza impecável, do atendimento dos funcionários super atenciosos e educados.  No jantar poderiam colocar a opção de a la carte , não menu fechado , pq as vezes vc só queria comer alguma coisa, comer pouco e não precisaria não pagar o preço do buffet  . Somente uma sugestão.",10,2026-01-07 14:52:11+00,1
 O café da manhã incrível  Na hora de reservar não falam nada de que que pagar estacionamento a parte e taxa de turismo também,10,2026-01-09 00:11:10+00,1
"Hotel que atendeu nossas expectativas. Organizado, limpo e acolhedor. Silencioso e bem localizado",10,2026-01-09 17:28:03+00,1
" Ambiente limpo, café da manhã excelente e ótima localização! Funcionarios simpáticos e muito atenciosos.",9,2026-01-09 18:23:37+00,0
 La atención es buena del personal  Está todo bien,9,2026-01-11 11:39:45+00,0
" Localização.  A estadia foi razoável, porém alguns pontos poderiam melhorar. O ar-condicionado não funcionava adequadamente, o que comprometeu o conforto do quarto. Além disso, a TV não possuía acesso à internet e a qualidade da imagem estava muito ruim. São detalhes importantes que fazem diferença na experiência do hóspede. Espero que o hotel possa ajustar esses pontos para oferecer uma estadia mais confortável no futuro.",7,2026-01-11 13:02:21+00,0
" Quarto limpo, piscina grande, funcionários atenciosos e boas refeições.  Poderia ter mais opções de alimento para quem tem restrição alimentar no café da manhã.",10,2026-01-11 14:57:57+00,1
"2 puntos bastante negativos

Cobran el estacionamiento y las habitaciones no cuentan con canales de películas",8,2026-01-11 20:05:17+00,0
 Personal  Wie alt Gebäude ist,6,2026-01-11 23:18:40+00,0
 Localizaçao limpeza.  Uma das camas estão bem cansadas e muito surradas. Cobrança de estacionamento,8,2026-01-12 01:01:23+00,0
" Desayuno muy bueno e incluido.  Piscina excelente,  buena ubicación",10,2026-01-12 01:05:55+00,1
 Cama muito boa os e café da manhã  Quarto e banheiro muito antigos!,8,2026-01-12 02:33:43+00,0
" La habitación es amplia y confortable, nos acomodamos bien entre 4, baño limpio, desayuno completo, buena ubicación, personal muy atento.
Considerando el clima no pudimos usar la piscina, por lo que no tengo opiniones.
Cerca de lugares para cenar, se puede ir caminando y hay varios servicios cerca.
Buena relación calidad y precio.  Podrían mejorar sus opciones para restricciones alimenticias (lactosa y gluten) y las almohadas no son del todo cómodas, pero es ya una cuestión de gusto personal.",9,2026-01-12 12:15:11+00,0
" Desayuno. 
Habitación  .",10,2026-01-12 13:32:21+00,1
"O hotel tem quartos bem bons por sinal com ar condicionado, banheira com hidromassagem (em alguns quartos), máquina de café espresso, banheiros excelentes,mesa e cadeiras e etc.

A piscina é grande e boa tem de 56 centimetros até 2,02 metros tem banheira de hidromassagem.

O café da manhã é razoável tem muita variedade mas pouca qualidade a janta também mas na janta tem cantores aos finais de semana.

O hotel tem ótimo atendimento mas queria ressaltar o Thiago que faz relações públicas com os clientes é super atencioso,
Prestativo e deu dicas de passeio.",10,2026-01-12 23:41:48+00,1
The room was a great size for 4 people. Breakfast was nice. Pool area clean and nice food available to order at a great price. Staff were extremely kind and helpful. We would definitely stay here again x,10,2026-01-13 00:00:00+00,1
" Preços justos no restaurante, funcionários muito educados  Academia fora do hotel, um tanto sucateada",10,2026-01-13 01:09:47+00,1
 Tudo perfeito.,10,2026-01-13 03:33:07+00,1
 El baño no está acordé al estilo de la habitación y la red de WiFi todo el tiempo caída.,8,2026-01-13 05:07:51+00,0
"O hotel está  ficando com cara de antigo. Tem poltrona desgastada, papel de parede soltando e outros pequenos defeitos de o tornam desagradável.",4,2026-01-13 20:32:21+00,0
A nosotros nos encantó el trato y la buena predisposición.  El Personal del hotel super atento. Sin dudas volveríamos.,8,2026-01-13 21:09:12+00,0
"Estrutura muito boa, opções de alimentação ótimas.",8,2026-01-14 00:00:00+00,0
" Funcionários muito bem treinados, simpáticos e atenciosos",10,2026-01-15 17:22:53+00,1
"As acomodações são excelentes, deixando a desejar somente quanto ao isolamento acústico do quarto. É possível ouvir tudo dos quartos ao lado. Inclusive tivemos problemas numa noite com tv ligada com volume altíssimo, que foi resolvido pela recepção.
Outra queixa é o fato de cobrarem o estacionamento.
No mais, estão de parabéns e recomendo o hotel.",10,2026-01-16 14:44:03+00,1
" Todo ordenado , limpio, buena atención del personal. Piscina fabulosa",10,2026-01-17 13:11:28+00,1
" La atención y la piscina.  El te de media tarde, no tenía café. Sugerencia, pongan café.",10,2026-01-18 14:59:20+00,1
"A infraestrutura dos quartos está decadente, precisa de reformas e manutenção urgente. Pia do banheiro pingado, falhas na água quente exatamente no período da manhã, barulhos e conversas dos quartos vizinhos pelos banheiros, TV a cabo que funciona por rede wi-fi e constantemente cai, o ar condicionado tinha um controle que não funcionava não dava para desligar e nem alterar a temperatura. Atendimento dos funcionários foi excelente e o café da manhã muito bom. Mas os quartos deixam muito a desejar.",6,2026-01-19 00:00:00+00,0
"As instalações são excelentes, deixando a desejar somente no isolamento acústico dos quartos.
Refeições muito saborosas, com novidades todos os dias.
Quanto aos funcionários, são todos nota 💯. Fica aqui o nosso agradecimento a cada um deles, sem exceção. 
Outr",10,2026-01-19 00:00:00+00,1
" Muito bom,mas precisa de reforma  Os quartos precisam de pintura",9,2026-01-19 09:19:58+00,0
" El personal  Mal WiFi , la TV de la pieza no tiene Internet, no tenia veladores la habitación,  el piso muy gastado",7,2026-01-19 10:01:03+00,0
"Experiência única, quarto amplo, cama confortável, ar condicionado, frigobar... Restaurante dentro do hotel, e o bar da piscina ótimo!
Localização ótima e de fácil acesso",10,2026-01-19 12:14:31+00,1
" Hotel muy confortable en una muy buena ubicación, los colaboradores muy amables desde los Jóvenes hasta los Adultos Mayores que tienen trabajando, son personas muy buenas, la pileta exelente para los niños y los adultos, muy buena atención en el restaurante también",10,2026-01-20 17:32:00+00,1
Top demais .só os vasos quando cheguei tava com mal cheiro de urina,10,2026-01-21 00:00:00+00,1
" Ótimo hotel! Tudo muito limpo e cheiroso, com estrutura nova e bem cuidada.
Os funcionários são atenciosos e o ambiente é muito agradável para curtir a estadia.
Os preços do bar são bons, bem mais acessíveis em comparação a outros hotéis que já me hospedei.
O café da manhã é maravilhoso. Com certeza, se eu tiver oportunidade, voltarei.",10,2026-01-21 16:43:00+00,1
 La atención y la ubicación,10,2026-01-22 00:02:25+00,1
Staying few night here. Cozy place. Not a fancy one. Old style,10,2026-01-22 00:57:47+00,1
" Muy buena ubicación y muy bueno el desayuno  El jacuzzi siempre estuvo ocupado y en el tiempo que estuve nunca pude usarlo, otra cosa, los baños de las habitaciones contiguas se escuchan, todo los demas de diez",9,2026-01-22 15:19:24+00,0
Excelente estadia hotel top!,10,2026-01-23 09:23:08+00,1
" Su amable atención, hospitalidad.  Nada",10,2026-01-23 16:11:49+00,1
"My first impression of this hotel was that they do Christmas right! We arrived on New Year’s Day, and their decorations were amazing! Upon our arrival, we were treated to welcome drinks by the enthusiastic front desk staff. We were also informed that our room had been upgraded at no charge, which was a nice surprise. We’d booked a Double Room with 1 Double Bed, but not sure what class of room we ended up in. We ended up in a large somewhat dark and empty feeling room that looked down over the pool, with a sitting area, table and chairs, and 1.5 baths. This hotel has the look of one that was absolutely amazing in its prime, but is maybe about 20 years past that. Everything seemed very fancy, but dated. For instance, our room had a giant whirlpool tub, but a tiny shower enclosed in frosted glass. It also seemed that our room may have had water damage at one point, since there were multiple places along the outer wall where the drywall was cracked and bulging. It was also very sparsely decorated. In addition, the half bathroom smelled terrible, though luckily we didn’t have to use it since we had another toilet and were only there one night. On the plus side, breakfast here was amazing – the best we experienced in our entire 3-week trip to South America. Plenty of fresh fruit, cheese, cereal, pastries, etc. The area around the hotel didn’t have a lot going on, but there were a few restaurants right across the street, and a few more about a 15-minute walk away.",6,2026-01-25 00:00:00+00,0
 Me sorprendió el trato amable del personal. Realmente excelente el servicio. Desayuno muy bueno. Te de la tarde muy bueno. Lo super recomiendo. Pileta muy limpia. En fin todo me gustó mucho.  Ni hubo nada que no me haya gustado,10,2026-01-25 10:49:03+00,1
" Localização, espaço dos quartos.  Tive um problema na booking. A viagem era com4 pessoas, reservei 2 quartos, mas ao chegar no hotel, percebi que constava na reserva 3 pessoas. Tive que pagar diferença. A booking não foi clara na hora de vender a estadia. Péssima experiência",7,2026-01-25 14:48:20+00,0
"Jakby ktoś potrzebował dobrego zasięgu bez łączenia się do wi-fi, to nie polecam",6,2026-01-25 21:05:09+00,0
" My first impression of this hotel was that they do Christmas right! We arrived on New Year's Day, and their decorations were amazing! Upon our arrival, we were treated to welcome drinks by the enthusiastic front desk staff. We were also informed that our room had been upgraded at no charge, which was a nice surprise. We’d booked a Double Room with 1 Double Bed, but not sure what class of room we ended up in. We ended up in a large (though dark) room with a sitting area, table and chairs, and 1.5 baths, that looked down over the pool.  Breakfast here was amazing – the best we experienced in our entire 3-week trip to South America. Plenty of fresh fruit, cheese, cereal, pastries, etc. The area around the hotel didn’t have a lot going on, but there were a few restaurants right across the street, and a few more about a 15-minute walk away.  This hotel has the look of one that was absolutely amazing in its prime, but is maybe about 20 years past that. Everything seemed very fancy, but dated. For instance, our room had a giant whirlpool tub, but a tiny shower enclosed in frosted glass. It also seemed that our room may have had water damage at one point, since there were multiple places along the outer wall where the drywall was cracked and bulging. The half bathroom also smelled terrible, though luckily we didn’t have to use it since we had another toilet and were only there one night.",7,2026-01-26 00:53:17+00,0
" Funcionários muito atenciosos e simpáticos. Ótimo café da manhã com máquina de espresso e achocolatados disponível. A janta sempre é muito boa e a preço fixo, incluindo o café espresso e sobremesa. Piscina boa, mas tem partes que não dá pé. Tem ofurô pra ficar curtindo ao lado da piscina.  Nada.",10,2026-01-26 15:32:48+00,1
quarto tem que ser reformado,6,2026-01-27 00:00:00+00,0
" Espacios amplios , comodos, la pileta calentita con un amplio horario, la atencion del personal muy buena.",10,2026-01-28 01:53:11+00,1
" Habe das Hotel sporadisch gewählt um die Wasserfälle zu besuchen. Der Service war sehr gut und die Mitarbeiter sehr freundlich. Das Zimmer war auch super, kann dazu nichts negatives sagen.  Das System des Hotel eigenen Parkplatz ist kompliziert...... die Schranke ging nie auf und man musste jedesmal zur Rezeption laufen. Ich sah auch andere Gäste wo vor verschlossener Schranke standen. Vielleicht kann man das anders lösen 🤷",8,2026-01-28 19:19:55+00,0
" Pros: 
Location!
Nice pool area
Thiago, the guest relations manager, who really goes above and beyond for his guests. He's always there with a smile and willing to help with anything!  Cons:
Limited foreign language skills (English) from most of staff
Breakfast could be improved",7,2026-01-28 20:30:12+00,0
"Super recomendado, localização perfeita,  atendimento cordial, piscina maravilhosa, café da manhã super variado, comida excelente, recomendo para ir com a família",10,2026-01-29 00:00:00+00,1
" Ha 16 anos que meu hospedo neste hotel  Produtos de higiene muito ruim, principalmente a qualidade do papel higienico... Como diz o ditado...querem economizar nos parafusos",7,2026-01-31 04:07:46+00,0
" Todo bien, el problema de los hoteles en Brasil que te cobran el estacionamiento, deberían incluir en el precio y listo..  Nada",9,2026-01-31 17:19:17+00,0
 Cafe da manhã bom boa localização atendimento tamem foi bom quarto bom,9,2026-01-31 18:52:47+00,0
" Localização, tamanho do quarto e conforto da cama.  Encontramos uma barata no quarto e o ar condicionado estava bastante sujo.",6,2026-01-31 21:07:41+00,0
"Hermoso hotel. Maravillosa recepción y lugar ideal para pasar unos días en familia. La ubicación excelente, está cerca de todo.",10,2026-02-01 14:46:26+00,1
" Muy buen hotel, tranquilo, bien ubicado, personal muy atento y servicios de alimentación excelentes",10,2026-02-02 17:27:18+00,1
Las habitaciones están quedando viejas sobre todo los baños. No tiene más que jabón. El aire acondicionado no enfriaba aún estando en 19.,4,2026-02-02 22:33:17+00,0
"O hotel é muito bem localizado, com uma estrutura incrível, a mesa de café da manhã é bem variada com vários tipos de pães, bolos e biscoitos também sucos variados, iogurtes e frutas tudo de excelente qualidade, o local extremamente limpo e organizado, o hotel também  oferece como cortesia uma chá da tarde que é um diferencial super agradável.
Dispõe de uma piscina aquecida que fica disponível até às 22:00, o bar que atende é muito bom, tivemos um pequeno imprevisto com uma caipifruta com o abacaxi gosto de perdido, mas foi prontamente trocado. Mas o que mais agradável é a simpatia de todos os funcionários, da recepção até os atendentes de limpeza super agradável.",10,2026-02-03 13:10:38+00,1
"Excelente opción en el centro de Foz
Hotel muy bien ubicado, en pleno centro de Foz de Iguazú, cerca de todo y con fácil acceso a los principales puntos turísticos. Es una opción buena, bonita y económica, con una excelente relación precio-calidad.
El desayuno es muy completo, variado y abundante, ideal para arrancar el día con energía.
Destaco especialmente la atención del personal, siempre amable, predispuesto y atento a las necesidades del huésped.
Sin dudas, un hotel recomendable para quienes buscan comodidad, buena ubicación y buen precio, para estadía corta.",10,2026-02-03 13:50:58+00,1
Localização excelente. Café da manhã com ampla variedade de produtos.,8,2026-02-04 00:00:00+00,0
"Hotel limpo. Ótima acomodação, bom café da manhã e jantar. Funcionários bem receptivos e educados.",10,2026-02-04 00:00:00+00,1
" Nos gustó mucho la comida en el hotel fuera del buffet; es decir, la comida que solicitabas del restaurant era deliciosa, no así el desayuno.  La comida del desayuno no era buena, promedio diría. Deberían de mejorar el buffet del desayuno.",8,2026-02-05 12:56:45+00,0
O melhor de Foz,10,2026-02-07 02:08:03+00,1
"O que falar desse hotel maravilhoso,mas vou exaltar o Anselmo do bar da piscina excelente profissional o Raimundo que fica cuidando de todos com muito amor na recepção e camareiras excelentes,sinceramente nunca fui em um hotel ou resort com tanta dedicação,parabéns a toda equipe vocês são incríveis",10,2026-02-07 22:36:55+00,1
"Excelente hotel, ambiente familiar, aconchegante, índico a todos.......",10,2026-02-08 02:59:50+00,1
Excelente desayuno,10,2026-02-08 03:29:09+00,1
" Tudo, perfeito.  Gostei de tudo.",10,2026-02-09 14:12:24+00,1
 El desayuno,8,2026-02-09 15:47:14+00,0
"Banheiro antigo, as torneiras horríveis um valor pequeno para trocar, toalhas de banho péssimo 
estado até furadas",6,2026-02-10 00:00:00+00,0
"Quartos muito antigo, tv sem espelhamento por falta de internet",6,2026-02-11 00:00:00+00,0
"Banheiros antigo, salão de café com móveis desgastados",6,2026-02-11 00:00:00+00,0
 Las camas muy cómodas  El estacionamiento no es techado,10,2026-02-11 11:59:55+00,1
Hotel maravilhoso,10,2026-02-11 23:21:31+00,1
 el desayuno  el baño un poco viejo,10,2026-02-12 12:18:07+00,1
 Atendimento e alimentação,9,2026-02-12 14:34:21+00,0
 Bons quartos e instalações em excelente localização.,8,2026-02-12 18:52:29+00,0
 La pieza es muy linda y cómoda con un baño grande.  El wifi yel televisor no funcionaban bien.,8,2026-02-13 11:29:09+00,0
 Conforto da cama e trvesseiro,8,2026-02-13 11:38:26+00,0
 I liked everything  There is no such thing,9,2026-02-13 21:15:59+00,0
" La amabilidad de las personas que atienden, el servício es excelente",10,2026-02-14 00:58:15+00,1
 Tudo  Nada,10,2026-02-14 16:54:23+00,1
"Nossa experiência no Hotel Continental foi, no geral, muito positiva. Fomos recepcionados com um suco de laranja com groselha delicioso, um cuidado especial que já nos fez sentir bem-vindos.

Ao chegarmos no quarto, encontramos biscoitos como mimo de boas-vindas, e as crianças simplesmente amaram esse carinho. O quarto estava muito limpo, organizado e com camas extremamente confortáveis. O café da manhã também merece destaque: variado, saboroso e muito saboroso.

Gostaria apenas de deixar dois pontos importantes para melhoria. O piso ao lado da piscina é muito escorregadio. Quase caí com minha bebê no colo e, infelizmente, meu marido acabou caindo na frente de outros hóspedes e torcendo o pulso. Foi uma situação perigosa e constrangedora, que merece atenção para evitar novos acidentes.

Outro ponto é a internet, que caiu diversas vezes durante a estadia. Sempre que isso acontecia, precisávamos refazer todo o cadastro para reconectar. Seria interessante que a conexão fosse automática, facilitando a experiência do hóspede.

No mais, agradecemos a hospitalidade e esperamos que esses pontos sejam avaliados para tornar a experiência ainda melhor.",8,2026-02-15 00:51:38+00,0
 La atención del personal. Me sentí muy contenida y ellos estuvieron siempre atentos a mis necesidades.  Que el televisor no tenga internet. No era algo importante pero hubiera sido muy bueno.,10,2026-02-15 13:09:46+00,1
 Location  WiFi is useless,3,2026-02-15 14:23:29+00,0
"hotel 100%, único fator que deixou a desejar foi a cama estranha",8,2026-02-16 10:57:23+00,0
" Impecable en todo, atención, instalaciónes, la verdad superó nuestras expectativas.  Todo excelente",10,2026-02-16 13:29:40+00,1
"Muito bom ,bom atendimento ótimo café da manhã.",10,2026-02-19 20:28:08+00,1
" Solo la amabilidad del Personal  Pésima infraestructura, con deficiente climatización, piscina mantenida de manera deficiente y con camas duras y almohadas delgadísimas",3,2026-02-20 00:59:39+00,0
" Not happy with my stay in that hotel
It wasn't worth for the money that I  pay.  The facility wasn't accor with the my expectations",5,2026-02-20 02:16:18+00,0
" A localização é ótima (farmácia, posto de gasolina, restaurantes; há menos de uma quadra de distância), 30min de carro do Parque das Cataratas. 
Funcionários sempre disponíveis.
Música ao vivo na piscina ao entardecer.  A limpeza da piscina.",9,2026-02-22 13:40:08+00,0
" O atendimento dos colaboradores é bom, espaço é amplo, ambiente confortável.  Falta clareza nas informações, no momento da reserva não dizia nada sobre custo extra de estacionamento e taxa turismo, tudo isso só se descobre no check-in e já é a segunda vez que isso ocorre. Se torna no quesito preços, ruim de analisar pois você não tem o valor final da hospedagem na reserva online.",7,2026-02-22 22:53:27+00,0
 Excelente volvería las veces que pueda,10,2026-02-23 00:01:19+00,1
"O hotel é muito bem localizado, fica próximo de muitos restaurantes e farmácias, fica perto do acesso ao Paraguai e perto da estrada para as cataratas e para a Argentina. O café da manhã é ótimo, tem muitas opções e tudo super fresco. Os quartos são super limpos, a área comum é ótima, tem piscina, sinuca e pebolim.",10,2026-02-23 13:25:42+00,1
" A localização do hotel é muito boa, próximo a restaurantes e com amplo estacionamento na rua, apesar de haver disponibilidade de estacionamento no hotel. Estrutura de piscina e jacuzzi com serviço, permite flexibilidade para viagens com crianças.  Café da manhã tem variedade de pães e bolos mas, tirando isso, tem pouca variedade de frutas e outros itens. Em estadias mais longas chega a se tornar repetitivo.

As regras internas do Hotel são extremamente inflexíveis. Horário de check-in e check-out gratuitos com pouca flexibilidade.

Hotel um pouco antigo, já precisando de algumas reformas. No meu quarto, tomadas estavam ""entrando"" na marcenaria e a ducha higienica estava com vazamento.",6,2026-02-23 13:36:32+00,0
 Quarto amplo com uma cama bem confortável  Instalações muito antigas,7,2026-02-24 00:16:46+00,0
 Café da manhã  Atendimento de recepção,9,2026-02-24 01:43:06+00,0
이 호텔에서의 경험은 전반적으로 만족스럽습니다.<br>특히 샤워 공간이 넓고 물이 밖으로 튀지 않게 시공되어 있어서 화장실을 청결하게 사용할 수 있었습니다. 조식도 만족스럽고 다양합니다. 특히 이곳에서 일하시는 sebastião씨는 친절하고 유쾌한 분이셔서 칭찬하고 싶습니다.<br>단지 와이파이는 외출 후 돌아오면 다시 로그인해야 되는 불편함이 있습니다.,8,2026-02-25 00:20:00+00,0
" Me gusto la piscina los precios del consumo son acordes con Foz Iguazu y hasta mas economicos que en bares, tienen un te a las 5 de la tarde cortesia que esta muy bien! ningun otro hotel lo tuvo en mi estancia de 15 dias en Brasil.  el pago aparte del estacionamiento por mi auto, por que estaba a la intermperie sin techo y un dia de lluvia me toco mojarme con todas mis compras.",9,2026-02-25 15:28:07+00,0
 La piscina y su personal  su wifi en el cuarto era terrible y la tv debería ser smart porq solo tenía canales en portugués,10,2026-02-27 14:39:48+00,1
"Jó a hotel, szobák nagyok, reggeli finom sokféle",10,2026-03-01 09:24:47+00,1
" Na recepcii nás privítal veľmi sympatický a ochotný vysoký pán, ktorý dobre hovoril po Poľsky. Ochotne odpovedal na všetky naše otázky a dobre nám odporučil vhodné aktivity.Patrí mu veľká vďaka! 
Aj ostatný personál bol ústretový.
Raňajky a večere skvelé....  Mne osobne chýbal na izbe malý sušiak na mokré plavky....",10,2026-03-04 13:19:25+00,1
Nous avons passés un bon séjour. Bonne chambre. Le personnel aux petits soins et très accueillant.,10,2026-03-04 20:15:36+00,1
Caro para a qualidade da cama e tv simplesmente ridícula.,4,2026-03-05 02:04:05+00,0
" Lage, extrem gutes Personal, hilfreich zuvorkommend, Aussicht.  Alles gut",8,2026-03-06 00:28:20+00,0
 Las instalaciones siempre están muy limpias y el personal siempre es muy atento.,9,2026-03-06 00:58:42+00,0
" Alles hat gestimmt, waren rundum zufrieden!
Nettes Personal, schönes grosses Zimmer&Bad, ruhig, Frühstück umfangreich, toller Pool und grossartiger Service im ganzen Hotel.
Option Abendbuffet: vielseitig, fein.  Nichts",10,2026-03-06 09:03:37+00,1
 Cama confortável  Banheiro antigo e com aspecto ruim,7,2026-03-06 16:22:44+00,0
 Excelente trato de los trabajadores  El horario de check in y check out,8,2026-03-06 16:38:11+00,0
Um hotel muito bom com fácil acesso a mercado farmácias e uma ótima piscina,10,2026-03-07 10:45:48+00,1
"Excelente, adorei, muito limpo, funcionários super educados e sempre prontos a ajudar,um café da manhã delicioso e ainda um chá da tarde muito gostoso, recomendo",10,2026-03-09 00:00:00+00,1
" Lugar lindo ... piscina boa , bar , atendimento,  perto pra quem vai pro Paraguai  ... quarto grande ...café da manhã muito top  So nao gostamos da acústica do quarto que ficamos ... pois tinha uma porta no quarto que provavelmente dava acesso a outro quarto ... e o som de tudo que as pessoas faziam no banheiro  e as crianças brincando, entrava no nosso quarto ... atrapalhando o nosso descanso",9,2026-03-10 01:34:14+00,0
"Recomendado. Linda habitación, el hotel huele espectacular, buena atención,limpio, desayuno excelente.",10,2026-03-10 20:06:09+00,1
"Muy feo trato en la recepcion. No tienen adaptador electrico para los celulares, un hotel de esta categoria deberia de tener; lo que si rapidamente te ofrecen uno para vendertelo. No supieron decirme como llegar a Ciudad del Este, y habia un bus que pasaba por la puerta del hotel. Las habitaciones se van quedando viejas, con un olor de alfombra desagradable. No lo recomiento para nada. Lo unico rescatable es la ubicacion.",2,2026-03-11 17:38:03+00,0
"Hotel maravilhoso, super recomendo.",10,2026-03-11 19:09:33+00,1
" Localização, da gentileza dos funcionários, da qualidade do sono, do restaurante.  A manutenção de torneiras e ar condicionados.",9,2026-03-12 00:32:45+00,0
" gostamos muito;

muito educados e prestativos  tudo",10,2026-03-12 14:11:21+00,1
 Valor alto  Banheiros velhos,6,2026-03-12 20:56:36+00,0
" Hotel bem localizado, próximo ao shopping e restaurantes. Café da manhã excelente!",10,2026-03-13 03:12:30+00,1
"Excelente experiencia. Hermoso, cómodo, buena piscina, fantástico restaurante y personal muy servicial y amable.",10,2026-03-13 20:00:16+00,1
" Excelente atención del personal, muy amables y atentos. Las instalaciones muy bien, la habitación con camas cómodas y todo limpio en general. El desayuno un 10!  Sumaria más opciones en la tv y mejoraría el wifi",10,2026-03-14 17:07:35+00,1
" Hotel moderno, cómodo, hermosa pileta. Muy buen desayuno. Restaurante excelente. Y el personal, superlativo. Sin dudas, el mejor capital del hotel  Nada. Todo estuvo muy bien.",10,2026-03-15 23:47:43+00,1
" La atención del personal, fue muy cordial sobre todo Juberto que nos aconsejo con la comida y el vino.  No tengo observaciones sobre el tema.",9,2026-03-16 01:33:16+00,0
" Cafe da manha bem simples, nada de diferente do que voc<~e encontra em hoteis de qq lugar do Brasil. Localziação exelebte, equipe do hotel muito amigavel e solícita, pisicina excelente.  Internet rídicula, oscila de 3 a 7 MB todos os dias e caía toda hora, simplesmente impraticável ficar no hotel e trabalhar online home office. Alémmdisso, o hotal tinha uma Smart TV mas pasmem, ela não funciona, nem tentando parear com cel e notebook deu certo.",5,2026-03-16 19:25:08+00,0
" O hotel é muito bom, confortável, alimentação ótima, piscina e música ao vivo top. Só a questão de fumantes que deve ser regulada no hotel, pois deve seguir a legislação brasileira.  Fumantes em áreas comuns. Tivemos que trocar de quarto, pois a água do chuveiro não estava esquentando no quinto andar e havia vazamento embaixo da pia.",10,2026-03-16 22:52:23+00,1
Excelente hotel! Recomendo,10,2026-03-21 00:57:07+00,1
 Localização. Atendimento funcionários. Custo benefício. Tamanho do quarto  Cama com colchão muito mole provoca dores nas costas. Necessário trocar!!,8,2026-03-21 12:00:48+00,0
" Atendimento
Apartamento 
E conforto  Ar condicionado 
Mas foi rapidamente arrumado",8,2026-03-23 11:27:53+00,0
