text,rating,date,class
" Ótimo café da manhã e jantar, pessoal do restaurante muito solícito e acolhedor, piscina gostosa, monitores para crianças, quarto confortável  Acho que a piscina precisa de uma pequena reforma, algumas pastilhas descolando e as duchas de hidromassagem da  piscina  não estavam funcionando, mas nada comprometedor. Amamos a estadia",9,2024-01-01 14:50:02+00,0
"O hotel é bem localizado, o café da manhã é o básico, a limpeza é boa mas os itens como sabonetes e shampo não são de boa qualidade. a cama é confortável só sugerimos colocarem travesseiros mais altos, os funcionários são atenciosos e no geral o hotel é bem razoável cobrando um preço justo pelo o que oferece",6,2024-01-02 00:00:00+00,0
"Fizemos uma viagem com 15 pessoas da família para uma semana, foi tudo ótimo. Bom atendimento dos funcionários, limpeza quartos impecáveis, ar condicionado ótimo, cafe da manha muito bom. Parabéns fizeram minha família feliz e a festa da ceia de final de ano foi ótima, parabéns mais uma vez. Faço um elogio para o Diego que nos atendeu na recepção com muita presteza e edução, assim como os outros funcionários do hotel.
Ah e também tem a recreação para crianças que quebra um galho para os pais rs.",10,2024-01-02 00:00:00+00,1
"Melhor custo benefício. Fizemos uma viagem para comemorar o Ano novo com 15 pessoas. A estadia foi perfeita, o café da manhã bem variado para todos, os quartos limpos o serviço de governança muito rápido. Não tivemos nenhum transtorno. Recomendamos e voltaremos com certeza. O Diego da recepção foi muito atencioso e simpático. Estadia agradavel",10,2024-01-02 00:00:00+00,1
 Tudo muito bem conservado e funcionando.  Estacionamento sem cobertura/proteção para os carros. Na região faz muito calor e sol forte. Os carros ficam muito quentes. Há anos é assim e não melhoram. No mínimo poderiam plantar mais arvores para fazer sombra. Barulho do entretenimento na parte da piscina invade o quarto e atrapalha quem quer descansar.,8,2024-01-02 01:33:53+00,0
" Tudo é bom, atendeu as expectativas  O buffet poderia ser melhor, não em variedade, mas em qualidade.",8,2024-01-02 11:18:52+00,0
".Muito especial,passei o réveillon  com minha família,fomos bem atendidos ,ceia maravilhosa, muita beleza ,comida,drinks especiais.",10,2024-01-02 20:41:46+00,1
"O atendimento da recepção precisa melhorar quando fui fazer o meu checkin passaram na minha frente da fila um casal sem nenhuma explicação, ao ser questionado o recepcionista disse para nós  “já vou atende-los” e não deu nenhuma explicação ao passar o casal na frente, a moça que estava na nossa frente questionou o porque e achou que houve uma certa discriminação conosco, como era meu primeiro dia no hotel não quis me desgastar mas achei uma falta de respeito a ordem de chegada não foi respeitada.

Os quartos precisam melhorar a iluminação, precisa ter uma iluminação central a noite fica muito escuro e a iluminação apenas da cabeceira não dá conta!

Com relação a academia, precisa 100% de manutenção, aparelhos quebrados, televisão não funciona, um dos motivos para a nossa escolha do hotel foi a academia e foi uma decepção.

O hotel é bonito, quartos grandes, boa piscina e café da manhã ótimo, mas não voltaria pelo quesito atendimento na recepção e falta de manutenção na academia.

A localização do hotel é ótima, próximo a aduana Argentina, cataratas e shopping Catuaí.",4,2024-01-02 23:04:32+00,0
"Ótimo hotel . Equipe muito bem treinada em especial ao João Fidelix que deu um suoer atendimento diferenciado na região da piscina em um dia de muito movimento (01 de janeiro )
Fomos na época do Réveillon , enos surpreendeu a qualidade da festa de Ano novo . Comida maravilhosa , festa bem elaborado , com muita fartura , bom gosto e uma banda animadíssima. Adoramos e pretendemos voltar com certeza . Espero que ano que vem seja do mesmo porte .
Quarto bom , confortável , toalhas de banho de boa qualidade , ótimo café da manhã e piscina muito boa .
Hotel excelente . Recomendo e pretendo voltar com uma turma grande . Valeu muito a pena .",10,2024-01-03 00:00:00+00,1
"Ao chegar no hotel, meu quarto e da minha filha tinha ao lado uma mangueira que ficava pingando. Mesmo com a janela fechada era impossível de ficar. Telefone não funcionava para falar com a recepção. Pedi a troca do quarto. Nos realocaram. Banheiro estava sujo. Pela manhã ao acordar já tinha o extrato do consumo embaixo da porta. Desnecessário esse tipo de conduta. Parece estar chutando o cliente embora. E além do mais, minha conta estava errada. Como só estava eu e minha filha tinha 3 jantares na minha conta, além de refrigerante e cerveja que eu não havia consumido. Porém, informei, e paguei apenas o que foi do meu consumo. Pelo valor que eu paguei na estadia esperava bem mais deste hotel.",4,2024-01-03 00:00:00+00,0
 Swimming Pool and its activities  We had half board and food has pork in everything including plain boiled rice. We don’t eat pork so our only option was French fries as that was the only vegetarian option.,7,2024-01-03 04:24:15+00,0
" Atendimento dos funcionários

Ceia e programaçao  Quarto menor /simples do que esperado",10,2024-01-03 11:08:28+00,1
" O atendimento por parte dos colaboradores foi excepcional,o hotel está de parabens pela equipe.  Tudo estava perfeito.",10,2024-01-03 13:24:03+00,1
 Café da manhã e jantar. Não esperávamos q tinha recreação para o filho,10,2024-01-04 15:00:03+00,1
"Rooms are okay, but basic. Breakfast is fine, but in a large space which makes it very noisy. Swimming pool is fine, but crowded with kids. After midnight kids are still screaming in the doorways, with the parents next to them. A lot of families with kids (and elderly), who have lack of manners. These families are also the ones who were jumping the line at the waterfalls.",6,2024-01-05 00:00:00+00,0
"A recreação infantil foi muito boa. As cuidadoras foram atenciosas, gentis e muito cuidadosas com as crianças.  Super recomendo. O quarto limpo é agradável. Os garçons da área da piscina sempre prontos a atender.",10,2024-01-05 00:00:00+00,1
" Gostamos muito da atenção dada aos hospedes no hotel. Carinho e acolhimento  principalmente da recepção da madrugada e das camareiras. Muito pro ativas. Quanto ao cafe da manha,  fica sugestão de  Cafe com mais opções vegetarianas,  como pastel de queijo, não so de carne, esfirras de legumes.. sem carne.. torta de vegetais.. tantas opções com carne havia. Podia ter mais uma fora o ovo mexido. Tapioca opção top.. mas os passeios saem as 7h do hotel..  Achamos o Ano Novo muito bem elaborado. Adoramos.  Gostamos muito. De tudo. Equipe de recreação top!",9,2024-01-06 02:59:07+00,0
" Comida maravilhosa, café e jantar. Limpeza, atendimento e localização. Piscina maravilhosa com um atendimento super atencioso!",10,2024-01-06 12:02:26+00,1
" Habitación y baño bastante cómodos
Dependencias siempre limpias y en excelente estado
Muy buen desayuno  Calidad de los tragos preparados
Atención algo apática del personal
Servicio de comidas limitados, principalmente en horarios",10,2024-01-06 16:55:37+00,1
"Uma ótima opção de hotel em Foz. funcionários atenciosos, equipe de recreação prestativa. Hotel bem estruturado e com café da manhã de qualidade.
Excelente festa de réveillon!",8,2024-01-07 00:00:00+00,0
"Localização muito boa! Café da manhã e jantar com muita variedade e deliciosos! Quartos limpos e confortáveis. 
Gostaria de ressaltar a recreação em especial a tia Cacau que fez toda a diferença do mundoooo. Ela é espetacular! Parabéns mesmo por toda a sua atenção e carinho com os pequenos.",10,2024-01-07 00:00:00+00,1
"Funcionários todos muito educados e prestativos, comida (café da manhã e jantar) maravilhosos, vale muito a pena fazer o pacote de meia pensão quando se vai com crianças. Piscina muito boa, recreação ótima e os quartos de um tamanho muito bom, bem organizado e limpos.",10,2024-01-07 00:00:00+00,1
" Localização ótima, café da manhã muito bom, ceia de Natal foi excepcional, funcionários atenciosos, tv smart, hotel novo e com a manutenção em dia.  Academia fraca, porta de acesso para parte externa da piscina é manual e de difícil manuseio (precisava de uma automática) e garagem coberta pequena e ainda inacabada.",9,2024-01-07 00:07:43+00,0
 Estrutura e localização ótima!,9,2024-01-07 16:26:04+00,0
" Breakfast was very good, location was very convenient if you have a car  All good",10,2024-01-07 19:21:35+00,1
"Ótima experiência. Quarto e banheiro espaçosos, café da manhã excelente, piscina grande, estrutura toda muito boa. Todos muito educados e atenciosos. Baita atendimento do funcionário Rodrigo na recepção.",10,2024-01-08 00:00:00+00,1
" Gostamos muito do hotel, principalmente do jantar,maravilhoso.
A piscina aquecida,as acomodações,tudo muito lindo.",10,2024-01-08 12:42:53+00,1
" The hotel was quite alright, close to the Waterfalls. Services weren't exactly the best. the attention received from the staff wasn't always on point, as well as the installations: everything felt quite new but not entirely well preserved. The room however was big, clean and with a comfy bed. 
Probably not the best hotel in Iguazu but quite good in terms of relation price-quality.",7,2024-01-08 15:28:22+00,0
" Quarto e banheiro espaçosos, ótima piscina, excelente café da manhã é atendimento impecável de todos os funcionários. Muito boa  localização e excelente ralação custo-benefício.  Iluminação do quarto poderia se um pouco melhor, mas nada que atrapalhe a estadia.",10,2024-01-08 16:44:14+00,1
" El personal muy amable. La ubicación muy buena. La comida excelente asi como las bebidas  En la habitación q me toco q fue la 25 en el techo del baño existía una filtración del inodoro del piso de arriba. 
Cada vez q usaban el inodoro me goteaba literalmente en la cabeza. Un asco.

Encima estaba con.mi nena de 8 años la cual recibió el goteo en varias ocasiones.

Mi estancia duró.tres días y pedí una solución desde el primer día sin tener solucion alguna. Al preguntar por algún gerente me dijeron q no estaba ninguno.

Prometieron recompensarme cosa q tampoco hicieron. En fin... les deje mi nro de contacto esperando alguna comunicación y a la fecha nadie se comunico conmigo",5,2024-01-08 21:25:08+00,0
" Localização e atendimento. Solicitei a troca do quarto e os funcionários foram atenciosos e solícitos.  Fui direcionado para um quarto no térreo, voltado para a frente do hotel. O quarto não possuía nenhuma janela, logo, fica fechado o tempo todo, havia mofo no teto do banheiro e o filtro do ar condicionado não estava limpo. Esse conjunto de fatores provocou problemas respiratórios em todos os hóspedes do quarto.",4,2024-01-09 00:24:48+00,0
" Café da manhã é muito bom e bem variado, acesso ao hotel e atenção do time da recepção quando foi necessário.  As camas de casal são muito pequenas e a qualidade do colchão não é boa. As cortinas do quarto poderiam ter um blackout que efetivamente fosse efetivo. As paredes deixam passar muito ruído e faltam regras para crianças no hotel. Muita correria e gritaria sem nenhum movimento do hotel para evitar o transtorno de todos",6,2024-01-09 13:30:03+00,0
 Muy bueno todo,9,2024-01-09 14:13:23+00,0
 Custo benefício  A limpeza,8,2024-01-09 18:25:21+00,0
 O café e divino neste hotel as crianças amaram as tapiocas  Gente eu fui com 2 crianças e o sinal de tv tava péssimo e não tem canais de desenhos uma sugestão ao menos  um canal na tv por assinatura com desenhos,9,2024-01-10 03:43:14+00,0
" Hotel que não chega a ser um resort, mas tem duas boas piscinas, recreação infantil no mes de janeiro, um pequeno playground, salão de jogos, quartos grandes, café da manha muito bom com tapioca, recomendo. O hotel oferece almoço e jantar a parte. Não tem restaurantes, comercio perto, precisa pegar um taxi, uber pra ir ao centro, dá uns 15 reais.",10,2024-01-10 14:12:31+00,1
" Muy amable  la sra  de limpieza,  mosos y en la recepción me dieron pronta respuesta a un inconveniente  . El área de desayuno tb esta muy buena",9,2024-01-10 14:46:56+00,0
A recreação é a melhor opção para quem tem filhos a tia Thayna  e a Tia Amanda são realmente as melhores de todo o planeta!!! Obrigado por todo o carinho que vocês me deram! Vcs são as melhoressssssssss!!!!!!!!!!!!!!!!!!!!!!!!!! Bjsssss😘,10,2024-01-11 00:00:00+00,1
"Ótima relação custo benefício,  As crianças amaram a recreação. Profissionais sempre dispostos a entreter e atender os menores . São super atenciosos. Recomendo !!! Piscina boa, quartos limpos, café da manhã excelente (destaque para a tapioca) ,recepção nota dez.",8,2024-01-11 00:00:00+00,0
Piscina maravilhosa....restaurante muito bom ....hotel aconchegante.,10,2024-01-11 00:09:03+00,1
" A festa de réveillon foi excelente.  Funcionários da recepção não são simpáticos. Limpeza dos quartos razoável. Comidas e bebidas no bar são caros acima da média. Região com internet 4G ruim (claro e vivo). Internet do hotel lenta. Estavam cheios acima da capacidade para servirem café da manhã, as vezes não tínhamos mesa, ou esperávamos ou comíamos fora do restaurante.",7,2024-01-11 11:09:27+00,0
"É um hotel muito bom, amplo espaço dos quartos e tem um ótimo café da manhã com pessoas maravilhosas que serviam.

A localização é muito boa também, perto do shopping Palladium, próximo às cataratas, próximo a aduana da Argentina, aeroporto e aos museus.
Do Paraguay fica um pouco distante!

Quartos aconchegantes e com uma boa acústica.

Duas estrelas pelo péssimo atendimento dos funcionários Regis e Adalto que jamais deveriam trabalhar com o público, não têm educação e não conseguem resolver tais problemas.

Do restante tudo ok.",4,2024-01-11 23:18:55+00,0
" Bom dia!! Ficamos nos apartamentos 264 e 266, foi muito bom e silencioso. De modo geral, foi tudo muito bom.",10,2024-01-12 05:03:12+00,1
 Desayuno  excelente  Faltaría un sector de servicio de agua fría,9,2024-01-12 10:36:48+00,0
 Brinquedoteca para crianças. Cama grande.  Nada,9,2024-01-12 11:42:26+00,0
 La piscina y el desayuno  El colchón se hundía,8,2024-01-12 16:00:37+00,0
" Grande, arejado, relativamente novo  O cheiro do quarto que fica fechado o tempo todo e cheira a mofo",9,2024-01-13 00:57:58+00,0
" Las habitaciones, el desayuno y cena variado, la limpieza, atención del personal  Nada",10,2024-01-13 11:56:38+00,1
 Todo  Nada,10,2024-01-13 11:57:31+00,1
 Limpeza dos banheiros muito péssima,9,2024-01-13 13:14:49+00,0
"Desde a chegada até a saída, tudo perfeito. 
Quarto bem cuidado, hotel limpo, serviços dentro do esperado. Toda equipe do hotel: educados, gentis, simpáticos.
OBS-  1- Jantar muito caro para quem come pouco a noite. 
2- Faltou uma agua no quarto , na chegada. Poderia ser até cobrada, devido ao calor, melhor se free",10,2024-01-14 00:00:00+00,1
"Experiência muito agradável. Gostaria de destacar o atendimento da equipe de nutrição e cozinha. Fomos muito bem atendidos, visto que minha esposa e filha possuem restrição a glúten e lactose. Assim, foram preparados alimentos adaptados de uma forma especial, merecedora de elogios. Café da manhã com opções para elas, o que faz toda a diferença para quem necessita desse atendimento diferenciado.",10,2024-01-14 00:00:00+00,1
"Estive esse mês no Viale, e o que me destacou foi o acolhimento que tivemos no setor de restaurante. A equipe de cozinha foi prestativa ao oferecer opções de alimentos para minha esposa e  filha, que não podem consumir glúten nem lactose. 
Hotel está de parabéns!!!!",10,2024-01-14 00:00:00+00,1
 Café da manhã e a atenção e a gentileza dos funcionários.  Nada.,9,2024-01-14 00:33:19+00,0
" É bem localizado, área da piscina é bem legal para as crianças e tem salva vidas. O quarto tem um bom tamanho e o banheiro é arejado. O senhor que guardou as bagagens após checkout é muito educado!  Tudo é muito caro no hotel ( 1 long neck R$ 20, água de coco R$ 18,00) mas isso é padrão em Foz. As frutas do café da manhã estavam passadas . A gaveta do frigobar estava cheia de água derretida do compartimento superior ! Os funcionários do bar da piscina não fazem bom atendimento ( exceção uma moça de cabelo curto e um senhor magro e alto).",8,2024-01-14 12:18:48+00,0
" Equipe muito prestativa, boa infraestrutura do hotel, localização, café da manhã  Poderia ter cardápio mais variado no jantar entre os dias da semana",9,2024-01-14 12:55:43+00,0
" Habitación con todo que necesita  Limpieza, se puede mejorar.",10,2024-01-14 15:21:35+00,1
 Do quarto e do SPA.,10,2024-01-14 15:29:34+00,1
 Excelente para família em férias. Localização ótima. Festa de ano novo maravilhosa!!  Estacionamento necessita de melhorias.,10,2024-01-14 17:19:47+00,1
" El lugar es divino, muy amplio, limpio, cómodo. La comida a la noche como el desayuno es de calidad.
La amabilidad del personal es para destacar  Nada, pero podría decir que las camas matrimoniales son pequeñas (deben ser 1,40 x 1,90) y sin son 2 personas grandes de tamaño quedan apretados",10,2024-01-14 19:06:58+00,1
"Hotel excelente…
Janaína, Eliane, Indianara, Amanda, Daniele e Matias foram impecáveis no quesito de atenção, atendimento e educação. 
A única coisa que sentimos falta foi de tomadas na cabeceira da cama…
Adoramos tudo… com certeza vamos voltar!",10,2024-01-15 00:00:00+00,1
" Café da manhã, quarto, piscina, estrutura do hotel. Cama.  Obras durante a estadia,. Esquecimento de limpeza do quarto.",8,2024-01-15 08:21:53+00,0
" Solo la ubicación y la atención del personal de pileta. El shoping queda a pasos y es una opción para cenar. Tiene muchos guardias de seguridad.  No me gusto en general. No volvería. Muy caro para lo que ofrece. Atención del personal de recepción PESIMA. No funciono el AA los 4 días de estadista. Hotel MUY RUIDOSO no tiene limite de horario la pileta, gritos y bullicio hasta altas horas. El baño amplio pero no tiene espacio en la bañera para colocar nada. La cena EXTREMADAMENTE cara para la poca variedad de opciones. Si vas no pidas paquete con cena incluido no conviene. La pieza tenia cafetera pero ni una taza para poder tomar. El bar cierra muy temprano. La habitación paredes con humedad y la cortina con agujeros parecía comida por polillas. Me pareció un hotel muy costoso para lo que ofrecen. En el chekout no me dieron ni un comprobante ni recibo de pago ni detalle de lo que gaste. Horrible.",4,2024-01-15 10:56:59+00,0
" O quarto, a limpeza, as instalações no geral.Cafe da manhã e jantar bons.  Os valores das bebidas e o serviço de quarto.",8,2024-01-15 12:32:44+00,0
 Eu gostei do atendimento e da comida do jantar e do café da manhã. Só na recepção que fiquei um pouco preocupado pois o atendente não localizava minha reserva. Contei que havia feito pelo booking.com e ele então demorou um pouco para localizar mas no final deu tudo certo.  Eu gostei muito da piscina e da comida gostei das camas que estavam muito confortáveis. O quarto ele era muito espaçoso o ar condicionado muito geladinho (avaliação da filha de 7anos),10,2024-01-15 13:00:49+00,1
" Da piscina, dos quartos  Tivemos problema com ar condicionado, e um pouco de cheiro de umidade no quarto dos meus filhos",8,2024-01-15 13:09:12+00,0
" Excelente localização, estrutura, café da manhã.  Wi-Fi horrível, preços abusivos, poucos brinquedos e distrações para as crianças.",9,2024-01-15 13:26:30+00,0
 O hotel é excelente. O melhor custo benefício de Foz do Iguaçu.,8,2024-01-15 14:07:54+00,0
"Excelente Hotel! Comodidade e serviços ótimos, café da manhã maravilhoso.",10,2024-01-15 17:10:39+00,1
" El desayuno y la cena muy buenos. Camas cómodas.  Limpieza del hotel, los mozos muy amables.",9,2024-01-15 23:50:44+00,0
 Localização boa. Ótimo atendimento dos funcionários. Limpeza. Café da manhã muito bom.  O ar condicionado do quarto não deu conta do calor de Foz.,8,2024-01-16 00:49:34+00,0
 Bom hotel  Infelizmente o sinal de internet não chegava direito no nosso quarto… Ficamos 7 dias e pedimos ajuda na recepção mais de 4 vezes e nada foi feito,5,2024-01-16 13:22:58+00,0
" Café da manhã bem completo e em um local bem espaçoso.
Quarto muito confortável!
Sem dúvida foi uma excelente escolha!",9,2024-01-16 15:42:41+00,0
Experiência frustrante. Atendimento ruim. Não recomendo.,2,2024-01-16 17:28:43+00,0
" Ubicación, distribución de cuartos y amplio comedor  El baño falta actualizarlo, es muy simple para lo que uno ve desde afuera y el precio que abona",8,2024-01-16 17:58:02+00,0
 La limpieza del hotel. Y el buen servicio.,10,2024-01-16 22:50:13+00,1
"Vimos uma boa avaliação do Hotel e resolvemos passar 5 dias de nossas férias em Foz no  Viale Cataratas, algumas coisas que não me deixaram aproveitar plenamente a viagem:
- A internet do WIfI do hotel não funcionou nenhum dia no quarto que eu estava eu tinha que ir para o corredor ou para a recepção do hotel;
- A internet do meu celular não funcionou no quarto, deve ter alguma coisa bloqueando la pois ninguem da familia conseguia acessar a internet do hotel
- O quarto esta com cheiro de mofo em todos os dias tive que deixar a janela aberta ou tudo fechado com o ar condicionado ligado direto
- A piscina era menor do que a foto mostrava
- Tivemos um inconveniente com o Garçon da Piscina que ameaçou uma outra família que estava ao nosso lado, inclusive dizendo que esperaria o rapaz fora do hotel para bater nele, acredito que eles devem ter aberto um B.O.
- A minha filha tentou usar a a academia de ginastica, porém não conseguiu pois estava com cheiro de mofo constante.

- O restaurante estava tudo muito bom, as roupas de cama estavam sempre limpas.",6,2024-01-17 00:00:00+00,0
" O café da manhã, atendimento e o conforto!  Sala de jogos, extremamente quente, sem ar condicionado!",8,2024-01-17 00:36:39+00,0
" Alimentação, limpeza, instalações, cordialidade  O colchão poderia ser um pouco melhor mas não impediu de ser uma boa estadia",9,2024-01-17 12:56:43+00,0
"Acomodações ótimo, limpezas boa, ótima localização.",10,2024-01-17 18:19:13+00,1
 Educação dos recepcionistas  As funcionários da limpeza não são muito educadas.,8,2024-01-18 00:02:06+00,0
" Equipe de check-in, concierge e equipe do café da manhã. Perfeito  Acho que o hotel deveria ter uma atenção especial com a manutenção, pois meu ar condicionado estava muito sujo e sem higienização, o que para uma pessoa com problemas respiratórios é péssimo. Sem falar que, com o calor de janeiro estava insuportável ficar no quarto sem ligar o ar. E quando ligávamos o ar saia somente pelas extremidades 🤦🏼‍♂️🤦🏼‍♂️🤦🏼‍♂️.
Outro fator negativo foi com relação a limpeza. Desculpem minha sinceridade mas o pessoal da limpeza somente arruma cama e troca toalhas, limpeza que é bom passa longe. Infelizmente esses dois pontos negativos o que na minha opinião é bem grave.",7,2024-01-18 00:12:38+00,0
"Schönes, modernes Hotel - etwas abseits gelegen. Freundlicher Empfang mit Caipirinha. Zimmer sauber und großzügig. Gutes Frühstück.  Abendbuffet teuer - aber an der Snackbar kann man günstige Kleinigkeiten zu sich nehmen.
Für einen Besuch der Wasserfälle in Ordnung !",8,2024-01-18 08:42:11+00,0
" La cama es bastante buena
La pileta es bastante buena
La atención del personal es bastante buena  El auto queda al rayo del sol
No funcionaba el aire acondicionado (luego lo repararon)
Baño sin bañera
Dejó de salir agua fría (luego lo repararon)
Se cortaba la energía eléctrica bastantes veces
La cena era estilo comida por peso, mucho ruido y el costo de la bebida es muy cara",4,2024-01-18 12:08:45+00,0
" 수영장이 굉장히 예쁘다
놀이시설에 상주하는 직원이 있어 안심이 되었다  방이 생각만큼 깨끗하진 않다. 또한 방 2개를 가족이 사용해서 가까운 옆 방을 요구하였는데 다소 떨어진 거리의 방을 주었다.",6,2024-01-18 13:09:37+00,0
" Quarto confortável e espaçoso, hotel bem localizado!  O café da manhã é gostoso porém falta algumas opções como requeijão e queijo prato",8,2024-01-18 18:54:04+00,0
"Apesar precisarmos trocar de quarto por conta de mal funcionamerto do ar condicionado e da sauna estar com problemas, o hotel atendeu às nossas expectativas. A piscina é boa. A limpeza é muito bem feita. Atendimento dos garçons nota 10, principalmente o Mathias.",8,2024-01-19 00:00:00+00,0
"Quarto com cheiro de mofo, internet não consegui usar nenhum dia e ainda um garçom me desrespeitou na piscina e ainda me ameaçou hotel terrível!",2,2024-01-19 00:00:00+00,0
" 깨끗함, 아침 조식  저녁 식사 개선필요함.",8,2024-01-19 04:00:25+00,0
" Café da manhã ótimo.
Localização boa  Não foi possível fazer late check out.
Meu quarto estava com o trinco quebrado.",9,2024-01-19 11:43:27+00,0
" Excelente el desayuno,  las piletas y las habitaciones., grandes y cómodas.  En el sauna vimos cucarachas",8,2024-01-19 12:11:18+00,0
" Hotel excelente, ótima localização.
Único problema é o hotel não disponibilizar água nem bebedouros para os hóspedes; os obrigando a pagar pela água.  Falta de bebedouros",9,2024-01-19 19:50:05+00,0
" Instalações, limpeza,  comodidade e cordialidade dos funcionários ...
Tudo excelente!",9,2024-01-19 20:54:00+00,0
" Acomodação, hotel confortavel.  Achei pessoal da recepção despreparado quando fiz o check in. 
No dia de ir embora , o check out era 12:00, as 06:00 da manhã bateram 4 vezes seguida a campainha do quarto para deixar o fechamento dos valores. Achei desnecessario acordar com este susto as 06:; da manhã no meu ultimo dia de descanso.",8,2024-01-19 21:05:51+00,0
"Chegamos ao hotel por volta dás 22horas fomos atendidos na recepção pelo funcionário Marcos muito atencioso e prestativo amei o lugar o quarto já estava com um clima agradável,voltaria mais super indico o café da manhã com bastante variedade e a tapioca ao qual foi nos recomendado adorei",10,2024-01-20 00:00:00+00,1
"Excelente atendimento ,recepção perfeita deixo já o meu elogio para o funcionário Marcos que nós recebeu na recepção,excelente funcionário ,comunicativo muito eficiente ,quarto muito bem organizado ,limpo e um café da manhã muito bom,parabéns pelo atendimento!",10,2024-01-20 00:00:00+00,1
 La pileta y el desayuno  Las almohadas,10,2024-01-20 09:58:02+00,1
" Localização, Limpeza, quarto Limpo, funcionários e Café.  Preço das Bebidas do Bar da piscina.",8,2024-01-20 11:29:27+00,0
"Hotel muito bem organizado, muito limpo e todos muito gentis! Quarto bem distribuído, serviço primorozo. Recreação muito legal! Recreacionistas atenciosas. As crianças adoraram! Comida maravilhosa! Uma variedade considerável! Café da manhã delicioso!",10,2024-01-21 00:00:00+00,1
" Cafe da manhã e jantar maravilhoso , muita variedade  tudo muito gostoso e de excelente  qualidade . Limpeza excepcional.  Colchão  muito ruim , firme com molas , mal consegui dormir de tanta dor no corpo . Chuveiro com os furos entupidos , saía pouca água e vazamento de água pelo box , cada banho alagava o banheiro .  Frigobar vazio . Por ser um hotel 4 estrelas esses problemas  não deveriam existir .",8,2024-01-21 02:33:26+00,0
" Cafe da manha bom, com variedades, e funcionarios prestativos. Rapido atendimento quando precisei que consertassem o cofre para usar e repor toalha faltando no quarto. Jantar é ok, atendendo o basico, dentro do pacote de meia pensao. Ja o jantar avulso acho que seria caro. Quartos limpos bem como banheiro.  Quartos podiam ser um pouco maiores para acomodar malas.",10,2024-01-21 10:57:31+00,1
" Localização , piscina e café da manhã",9,2024-01-21 11:50:42+00,0
" Nada resaltó.  La comida seria lo único favorable  Pileta sucia, ruido en las habitaciones, la media pensión no incluía bebidas (ni un agua)",6,2024-01-21 19:27:46+00,0
" Tudo. Ambiente agradável, confortável, café da manhã maravilhoso.",9,2024-01-22 10:57:55+00,0
 Limpeza e conforto  Nada,10,2024-01-22 14:31:30+00,1
 Hotel muito bonito. Quartos confortáveis. Banheiro espaçoso. Ótima área de lazer. Bar da piscina com boas opções. Café da manhã excelente e a localização  super estratégica! Equipe super atenciosa!  Gostamos de tudo!,10,2024-01-22 14:35:54+00,1
 El desayuno es muy bueno,10,2024-01-22 16:48:12+00,1
 De tudo  De nada,10,2024-01-23 00:44:27+00,1
" Para quem quer descansar, sugiro os quartos 356 a 366 que ficam na parte detrás do hotel. Próximo ao elevador de serviço que já sai na garagem (subsolo). O café não perde nada para um hotel de 5 estrelas. Todo tempo estão repondo os alimentos sem deixar faltar nada. Garçons atentos e recolhendo pratos e talheres utilizados. O café é um show a parte! 
Limpeza perfeita, fica um elogio à Camareira Patrícia que durante todo tempo cuidou da limpeza do nosso quarto.  O ar-condicionado do quarto 366 estava um pouco barulhento. Parece precisar de um ajuste. Piscina precisa ser melhorada no quesito recreação infantil. Falta ar-condicionado no salão de jogos.",9,2024-01-23 03:01:44+00,0
"I would rate it as a 3 star hotel. My room was clean and spacious. Breakfast spread is good. The water faucet should be cleaned or removed of rust.

They accept US dollars but the exchange rate is not good. Dealing with Brazilian real is therefore recommended. There are tourist taxes and other taxes, for the in-house restaurant.",6,2024-01-23 07:42:30+00,0
 Café da manhã maravilhoso,10,2024-01-23 12:23:49+00,1
" O Hotel é ótimo, quarto atendeu muito bem casal com um filho de 5 anos. Chuveiro muito bom. Atendimento ágil e muito cordial de toda a equipe do hotel. O café da manhã é maravilhoso, inclusive com opções sem glúten. Gostamos tanto do hotel que decidimos prolongar a estadia em mais um dia. E a recepção foi muito gentil em conseguir isso a um preço justo.
O ambiente do hotel é muito bonito e bem decorado. Meu filho adorou a piscina e a equipe de recreação é show. A localização do hotel é ótima e muito próxima ao shopping Catuaí em Foz do Iguaçu. Com certeza voltaremos a nos hospedar.",10,2024-01-23 12:51:23+00,1
" La ubicación es ideal para actividades como shopping, cataratas, blue park.
El desayuno estaba bien completo.  La habitación tenía olor a cañeria de baño, el WiFi no funciona en las habitaciones, reclamamos pero no dieron solución. Cobran hasta el hielo para el hoppy.
El sauna a vapor supuestamente no funciona cuando habíamos visto que otro grupo lo había utilizado nada más hace un ratito.  El piso de la ducha estaba muy resbalosa",5,2024-01-23 13:54:46+00,0
" Do staff em geral;
da piscina;
da garagem;
do quarto ( CAMA ÓTIMA );
dos canais de TV;
do café da manhã;
da isca de tilápia;
do check in e check out  1) Do prato executivo do restaurante ( a la carte no jantar ) que veio com pouca quantidade, nenhum sabor e por um preço alto. Pedi um filé mignon à roquefort só por causa do gorgonzola, e o que me chegou foi um molho madeira. O hotel deveria investir num chefe de cozinha experiente.

2) O hambúrguer ( que convenhamos é difícil errar ), é de péssima qualidade. Tenho hamburgueria e conheço bem esse tema. A carne do hambúrguer do bar da piscina é cheia de pedaços de gordura e nervos, o que nos obriga a cada mordida tirar da boca aqueles generosos fiapos de sebo. 

3) A batata frita é mole, muito provavelmente foi preparada numa fritadeira de qualidade duvidosa, aquelas que não recuperam a temperatura do óleo depois de abastecer o cesto com batata congelada, ou seja, economizaram na ferramenta pra tirar o máximo de lucro sem devolver pro cliente um produto compatível com o preço sugerido.

4) Do pãozinho francês. Certamente é um pão congelado mau fabricado ou mal preparado. Em nenhum dia consegui comer, estavam duros  !!

5) Do atendimento da recepção, mas só pelo telefone. Esse serviço não existe. Liguei na véspera do meu check in para tirar uma dúvida e não houve retorno. No dia do check out, liguei do quarto pra recepção afim de pedir um mensageiro com carrinho e sequer atenderam o telefone.

6) A internet funciona quando quer. Pra quem quer se desligar do mundo, é o hotel ideal.

7) O atendimento dos garçons na piscina é bom, porém é difícil chamar los e isso é ruim pois quando bate a fome ou sede, tem que ir pessoalmente até o bar pra fazer o pedido. Sugestão : Instalar ponto eletrônico de chamada.

7) A maior queixa e a que mais nos desgastou, foi a questão dos cartões/chave estarem constantemente desmagnetizados. Todos os dias tivemos o desgosto de chegar no quarto e a porta não abrir, ou na compra de algum item do bar da piscina, o cartão não liberar a compra. Esse detalhe poderá fazer a diferença no momento de escolher a próxima hospedagem.",8,2024-01-23 16:11:03+00,0
Gostei de tudo menos o barulho de pessoas nos horários de descanso nos aptos e a campainha do apto ao lado era muito forte e me acordava.,10,2024-01-23 18:23:24+00,1
"Viagem em família de férias. Hotel bem localizado próximo da saída para duty free Argentina, cataratas e acesso fácil a outras atrações da cidade. Ótimas acomodações. Colchão bom e banheiro também. Áreas comuns do hotel muito bonitas. Pegamos meia pensão, café e janta fantásticos, com várias opções num ambiente bem agradável. Serviço de bar próximo à piscina.
Porém, Wi-Fi não funcionou de jeito nenhum no quarto. E nas áreas comuns era bem ruim também.",10,2024-01-24 00:00:00+00,1
" O único serviço que deixou a desejar foi o sinal de internet, pois não funcionou a contento durante toda a nossa estadia no hotel.",10,2024-01-24 01:06:58+00,1
" Hotel é maravilhoso, muito confortável, impecável em.todos os detalhes, todos os colaboradores muito simpáticos e prestativos!!
Café da manhã maravilhoso.
Área externa e piscina super legal e o pessoal da recreação super animados!!!!
Amamos e ficaríamos sempre!",10,2024-01-24 03:28:44+00,1
 check in saatimiz uçuştan dolayı erken saatlerdeydi.Müsaatlik olmadığı için bagajlarımızı teslim ettik.1 gece kalıp ertesi gün kahvaltı imkanından faydalanamayacağımız için kahvaltıyı 1 gün önden kullanabilirmiyiz dize sorduk fakat izin verilmedi.Ertesi gün kahvaltıyı sabah erken uçuş yapacağımız için paketleyerek verebiliriz dediler fakat vermediler.Hatta check in yaptığımız ilk gün kahveyi bile paramızla alamadık.(Çünkü bar henüz açılmamıştı) Halbuki kahvaltı salonu açılmıştı ama oradan bile kahvemizi alamadık.Üst düzey bir yetkili ile de konuşamadık.Böyle güzel bir otelin bu gibi ufak konularda müşteriye yardımcı olması gerektiğini düşünüyorum.Saygılarımla,5,2024-01-24 09:16:58+00,0
" Cómodo, cerca del shopping, excursiones  Wi Fi no muy bueno",9,2024-01-24 14:31:45+00,0
 Excelente la atención muy cordiales super recomendable!!!,10,2024-01-24 19:34:29+00,1
 ubicación y desayuno  el agua de la habitación no calienta en la ducha y no me ayudaron,5,2024-01-25 00:04:14+00,0
" Localização  Ar condicionado com problema , cortina que não deixa o quarto escuro (foto as 6:00am anexada), no período da hospedagem necessitei fazer reunião online perguntei da possibilidade de uso de uma salinha de vidro no hall do hotel que estava sem uso , desnecessário a negativa.",3,2024-01-25 04:19:42+00,0
" Excelente em todos os aspectos, café da manhã espetacular, atendentes, limpeza e tudo mais.  Preço do bar, principalmente bebidas, em exagero..",10,2024-01-25 16:49:20+00,1
" Infelizmente no primeiro dia apareceu uma barata enorme no nosso banheiro, pedimos que alguém fosse até o quarto colocar um veneno pra que não aparecessem mais, segundo dia alguns picos de luz na parte da noite, terceiro dia, mais duas baratas, resolvi pedir pra mudar de quarto, a opção era um quarto em outra ala que parecia ser melhor, mas quando entrei fedia a bicho morto e o banheiro estava cheio de moscas, daí preferi ficar com as baratas que não apareceram mais. No mais a piscina é boa, o café da manhã não tem muitas frutas, tem muitas opções de pães e doces, a comida do restaurante é boa, mas cara, 85,00 ou 95,00 por pessoa o jantar no buffet, opção a la cart somente no almoço",5,2024-01-25 16:51:10+00,0
" Localização, refeições e funcionários excelentes.",9,2024-01-25 18:13:12+00,0
" Café da manhã muito bom, ficamos muito satisfeito.",9,2024-01-25 18:50:24+00,0
" El desayuno es bueno y completo
La gente es amable  Habitaciones ruidosas, se escucha un ascensor todo el tiempo o algo con polea (estábamos en el tercer piso). Queda chico dos ascensores para la cantidad de gente, muchas veces hay que esperar por el ascensor o bajar por escaleras.
Tuvimos problemas con los canales para chicos un día lluvioso, nunca nos notificaron que se resolvió.
La pileta me parece queda chica para el tamaño del hotel. 
La sala de juegos para chicos no cuenta con muchas opciones, no tiene aire acondicionado y les falta experiencia al personal.
No siempre hay estacionamiento disponible, depende a la hora que vuelvas. Es descubierto. 
Me parece no es que acorde a la categoría y precio",5,2024-01-25 22:07:23+00,0
"É a quarta vez que fico no Hotel. Excelente,  confortável,  atendimento muito bom. Reservando com antecedência,  consegue-se um preço bom.",10,2024-01-26 00:00:00+00,1
"Excelente,  bom serviço,  atendimento maravilhoso, excelente localização. A piscina é  boa para crianças.  Exite um espaço baby com microondas. Recomendo.  Comprar antecipado consegue preços melhores.",10,2024-01-26 02:40:36+00,1
" Para ter um hotel excelente é preciso um comprometimento de todos os setores juntos, funcionários, gerentes ,  garçons ( A Andressa sem comentários, muito atenciosa com meu filho  que éncomplicado para comer, sempre dando opções para ele comer). Nota 1000 para o hotel e toda a equipe . As vendedoras das lojinhas umas fofas, simpática. Amei  Só na hora do check out , que pedi o carrinho para pegarem minha bagagem e não vieram ao quarto, demorou uns 20 min. E aí eu desci sozinha com 6 malas. 
Só para ficar a dica, mais isso não tirou em nada o mérito do hotel.",10,2024-01-27 12:08:34+00,1
 Hotel muy cómodo con muy buenas instalaciones y muy buena gastronomía!!inclusive ahora tiene club kids que antes no tenía lo que le da un plus para el que viaja con niños  Todo estuvo bien,10,2024-01-27 13:32:53+00,1
 La cama era demasiado cómoda las almohadas blanditas dormimos súper bien  No encontré nada que malo ni negativo,9,2024-01-28 09:31:27+00,0
" Conforto, higiene  Alguns pães do café da manhã estavam
Duros",8,2024-01-28 14:36:29+00,0
 Todo  Nada,9,2024-01-28 15:57:17+00,0
"This place is extremely poor and poorly located. The staff is the only good quality about the establishment. Most are helpful and courteous. 

The rooms are dirty and dated.

The hotel is situated next to a very busy road - traffic noise is extensive. 

The hotel is cheap (probably why our travel company booked it -Mercury Holidays) and close to the falls. That said, the latter is its only benefit.  I would avoid this place if you can. There are many other hotels in the area.",4,2024-01-29 00:00:00+00,0
" Camareiras muito rápidas e prestativas, garçons muito educados e solícitos. Excelente café da manhã e jantares.",9,2024-01-29 00:41:35+00,0
 Tudo certo  Gostei de tudo,10,2024-01-29 14:05:05+00,1
" Nada  EQUIPE – A maioria dos funcionários nada simpáticos, tampouco solícitos. Na recepção, TODOS com quem tive que interagir estavam de cara feia e pouco dispostos a ajudar. No check-in, não dão nenhuma informação, como por exemplo, que o frigobar não é abastecido, nem mesmo com água. Não havia toalhas suficientes no quarto

INSTALAÇÕES – a) Os quartos muito pequenos para uma família de 4 pessoas. Quase impossível se mexer, sem contar nas malas; b) No banheiro do quarto tinha vazamento no box do chuveiro, deixando o banheiro cheio de água após o banho; c) Precisei utilizar o business center e simplesmente as tomadas não tinham o padrão atual e o hotel não disponibiliza/empresta adaptadores. Fui falar na recepção e foi um descaso absurdo. Palavras da recepção: “vai na lojinha ver se tem um adaptador”, ou seja, ao invés de tentarem resolver, terceirizam a responsabilidade.

CAFÉ DA MANHÃ – Nada de especial. Muita quantidade e pouca qualidade. Frutas sem sabor. Pão de queijo frio e sem gosto. Pães duros.",3,2024-01-29 18:18:36+00,0
"Academia péssima abandonada ,o resto ótimo",6,2024-01-30 13:34:34+00,0
" Excelente localização, quartos e camas muito confortáveis e ótima área de piscina.
Equipe de recreação muito atenciosa.  Alguns funcionários não foram muito simpáticos, mas apenas uma minoria.
Seria ótimo se o bar da piscina tivesse mais opções de comida e/ou o restaurante tivesse a opção a la carte no jantar (R$ 85 para um jantar livre não foi uma opção interessante para nós).",9,2024-01-30 15:55:15+00,0
 La ubicación es muy buena para todos los paseos de la zona. Buen desayuno y servicio en general. Hermosa la zona de la piscina. Tiene un pequeño salón de juegos.  El WiFi es muy malo así como la conexión a datos desde el celular también. Había que ir al lobby para poder conectarse.,8,2024-01-30 19:51:16+00,0
" Custo benefício 
Alimentação excelente! 
Recreação infantil é boa
Funcionários cordiais  O quarto precisa de manutenção básica no banheiro e no ar condicionado 
Não fique no primeiro anda, não pega sol e tem mofo, felizmente fomos trocados de quarto de forma rápida e cordial para o segundo anda, com ventilação e sol",8,2024-01-31 11:37:34+00,0
 Hotel excelente e acolhedor.  Do valor das refeições!,9,2024-01-31 15:19:05+00,0
" Bom café da manhã, piscina e quartos.  A janta estava com carne dura alguns dias, poucas opções de carne. 
Cobram 50 reais de taxa de rolha no restaurante e não tem uma área do hotel pra tomar o seu vinho se não for dentro do quarto (não tem como confraternizar com outros hóspedes amigos, a não ser pagando 50 reais pra tomar seu vinho comendo carne dura).",8,2024-01-31 16:19:53+00,0
" Instalações boas, localização perfeita, funcionários muito atenciosos e como surpresa um excelente jantar, aconselho a opção de meia pensão na reserva, valeu muito a pena.  Poderia ter a opção de agua nas refeições sem cobrar e filtros para encher garrafas.",9,2024-02-01 00:03:55+00,0
Un desayuno de película.  Impresionante,10,2024-02-01 10:16:13+00,1
 Si bien el hotel informa tener estacionamiento para dejar el auto está sujeto a disponibilidad,8,2024-02-01 13:35:47+00,0
" Bien placé et central  Le personnel notamment à l'accueil,  très froids et peu accueillant.  Déception.",6,2024-02-01 14:22:05+00,0
 Café da manhã e recreação para as crianças  Banheiro com vazamentos e chuveiro sem manutenção,8,2024-02-02 14:59:13+00,0
" Achei que poderiam oferecer mais variedades de pratos, lanches.  O serviço de lanches na piscina tem poucas opções...sugiro por exemplo porção de pasteis, achei pouca variedade de comida e petiscos.
As cadeiras da piscina estão muito antigas e com  ferrugem...podendo causar ferimentos ao manusear.
Alguns banheiros sem box apenas com cortinas , parecia em reforma...",8,2024-02-02 19:34:39+00,0
"O hotel está preparado para receber os hóspedes, super higienizado, cheiroso, funcionários atenciosos e bem prestativos.
Café da manhã sensacional, o hambúrguer podem pedir sem erro, tudo muito bem feito.
Mas a logística do hotel o torna muito barulhento, na sexta feira o som na piscina ficou até as 22:00, ouvíamos tudo, conversas no bar, clientes chegando. Muito barulho mesmo, tenho uma filha de 2 anos que dorme cedo, impossível!! 
Isso faz repensar voltar ao hotel.",8,2024-02-03 00:00:00+00,0
"Hotel bom, preço justo, ótima localização e infraestrutura, a limpeza do quarto é muito boa e tudo funciona.
O pessoal do restaurante foram ótimos, meu filho Tavinho foi o xodózinho deles. Agradeço a Simone, Paloma, Eliane, Claudio, Argentino e todo o resto de pessoal do café da manhã que se preocuparam em nos atender super bem em nossas necessidades especiais. O pessoal da recepção super prestativo tb.
pode ter certeza de quando voltar a Foz do Iguaçu vou me hospedar neste hotel novamente.",10,2024-02-03 00:00:00+00,1
" PISCINA, CASCADA, COMIDA BIEN PARA EL PRECIO  RUIDO EN LOS PASILLOS, CARNE UN POCO DURA Y QUE COBRARAN LOS LÍQUIDOS APARTE",8,2024-02-03 00:09:46+00,0
 Excelente hospedagem.,9,2024-02-03 02:07:03+00,0
" Hotel muito bom, funcionários excelentes",9,2024-02-03 11:50:17+00,0
" Instalações novas e bem conservadas.  Péssimo acolhimento, política de uso das dependências do hotel deixou a desejar. Chegamos após o encerramento das atividades do restaurante, pedimos comida do ifood e nos foi negada a autorização para utilizarmos uma das DEZENAS de mesas disponíveis. Comemos sentados na cama do quarto, com o prato seguro em uma das mãos. As crianças não conseguem segurar o prato na mãe e comeram sentadas no chão do quarto.

Também nos foi negado o serviço de quarto para levarem os pratos e talheres. Tivemos que buscar no bar.

Funcionários despreparados e sem empatia.",4,2024-02-03 14:43:22+00,0
"Tem um time muito atento e bom na recepção - especialmente o Rodrigo que nos indicou o cantinho da lasanha ou algo assim, mas também Diego e Bruno andam bem. O espaço da piscina é bastante agradável, assim como a sala de jogos e o muito amplo hall de entrada. Cfá da manhã muito bem organizado.",8,2024-02-04 00:00:00+00,0
"Estivemos no hotel final de fevereiro. Atendimento nota 10, todos muito gentis,  otima localização ( bem ao lado do shopping)  pra.almoçar e jantar a qqr hora. Fomos com 3 crianças, de 8 e 9 anos, e elas se divertir muito na piscina e recreação. Limpeza impecável, trocam toalhas todos os dias, nada de cheiro de mofo ou poeira ( perfeito para pessoas  alérgicas) Uma coisa deixou a desejar: nao poder pegar agua e gelo no restaurante a vontade, faz 32° a noite e uns 40° de dia, acho q deveria ter uma maquina de gelo e filtro de agua portável ""free"" pq é MUITO CALOR e acaba-se gastando muito com agua e gelo que o hotel cobra
 De resto, É SENSACIONAL pra ir com familia e crianças...",10,2024-02-04 00:00:00+00,1
" El desayuno  La piscina es atemperada que con los calores de la zona no hace que sea gustosa, la habitación no está mal pero es antigua, la cena es BÁSICA.",6,2024-02-04 00:05:39+00,0
 It is basic hotel. Almost clean  Bathroom is badly maintained. Ac doesn’t work properly.,8,2024-02-04 10:23:59+00,0
"The air conditioning in the room didn't work. Unfortunately this is a big problem at the hotel. In many rooms, the AC does not work properly. In my first night with my family we couldn't sleep because of the heat. The staff are very helpful, but they made it clear that the air conditioning system is a general problem at the hotel. Difficult to accommodate with the heat in the city. On the other hand, the hotel location is very good, with easy access to Paraguay and Argentina. The breakfast is also a positive point. Before making a reservation, I recommend asking whether the air conditioning problem has been resolved.",4,2024-02-05 00:00:00+00,0
" boa recepção, rapidez no check in e check out, café muito bom, bem limpo  na piscina vinha cheiro de esgoto, o atendimento do bar era demorado, torneiras do chuveiro precisa de reparo",8,2024-02-05 17:16:59+00,0
"Très déçus par cet hôtel. Dès notre arrivée, nous avons été surpris par un accueil très froid, dans ce pays où les gens sont si charmants ! A chacun de nos échanges avec la réception, nous avons eu le sentiment de déranger, aucun sourire, informations données hâtivement et de façon incomplètes. Nous avions envoyé 2 mails pour demander une chambre tranquille, ça n'a pas été fait. L'équipement des chambres est très basique (même pas de lampes de chevet) et triste, rien à voir avec les photos vues avant de réserver. Restaurant très moyen (petit déjeuner et dîner). Mauvais rapport qualité/prix. Je ne recommande pas cet hôtel",4,2024-02-06 00:00:00+00,0
" café da manha e muito bom, localização e boa. hotel não ofereceu serviço de mensageiro  atendimento dos recepcionistas",5,2024-02-06 00:30:54+00,0
 Restaurante é fantástico! Localização muito boa! No geral é um ótimo hotel!  Quarto tinha um certo cheiro estranho e desagradável. Um pouco escuro também,8,2024-02-06 13:41:19+00,0
"El hotel esta mantenido, para mi fue caro para lo que pagamos. Nos cambiaron de habitacion porque no funcionaba wifi y ademas caia agua del aire de mi cuñada. La media pension un 10, la zona de piscina un 1o, le falto mas, le pongo un 7.
El desayuno correcto.",6,2024-02-07 00:00:00+00,0
" Great architeture, including rooms, swimming pool, lounge.
Good breakfast.
Amazing experience.
Staffs very respectiful.
Great cost benefit, according hospedage date.  The parking could have more shade, but it is available and easily accessible to customers. The remaining items were in agreement and satisfactory.",10,2024-02-07 12:07:17+00,1
 Acomodação e localização  Não gostei tanto da janta. Pelo preço achei que o cardápio seria melhor e mais variado. O café da manhã também achei mediano,10,2024-02-07 20:56:13+00,1
"Um hotel bem localizado, com ótimos quartos, uma área de piscina boa. Restaurante bom. Ótimo atendimento.
Tudo excelente, com preço justo. Uma experiência tranquila voltar depois de um dia de passeios e relaxar na piscina.
Café da manhã variado.",10,2024-02-08 00:00:00+00,1
" Precio calidad, la habitación muy buena y el servicio también, las piletas muy buenas  Para salir de la cochera de abajo",10,2024-02-08 11:43:12+00,1
" Localização e conforto da cama  No café da manhã, o omelete estava intragável. Consistência dura, com gosto forte da clara. 

Foi perdido um shorts de pijama que, muito provavelmente, foi retirado da cama junto com a roupa de cama, sendo levado para a lavanderia do Hotel. Falamos com várias pessoas da recepção, com as camareiras, mas nenhum retorno foi dado. Todos cordiais e atenciosos, mas, para cada pessoa com quem o assunto foi tratado, era como se fosse algo inusitado. Saímos do Hotel e durante o Checkout sem nenhum parecer final sobre o ocorrido. Ainda no aguardo.

Quanto ao Wi-Fi, a rede estava disponível na maior parte do Hotel, no entanto, no quarto 230, 2o andar, nos não tivemos sinal com qualidade suficiente para usar as ferramentas básicas. A reclamação também foi realizada algumas vezes sem melhora do serviço. 

Ficamos sabendo da existência de um estacionamento coberto após a nossa saída do Hotel. Não houve qualquer oferta para o serviço.",7,2024-02-08 19:45:54+00,0
"Chegamos mais de 23:00 em foz. Achamos que não iamos conseguir jantar. Ao chegarmos no hotel, mais de 1:00, fomos surpreendidos pela Sra Andressa, um anjo, que nos esperou com um saboroso jantar e um atendimento incrivel. Mesmo tendo trabalhado o dia todo, nos atendeu com carinho, apreço, cuidado e um sorriso no rosto! Sem palavras para descrever o amor dessa profissional.
Andressa, muito obrigado",10,2024-02-09 04:39:38+00,1
" Café da manhã, estrutura da área de piscina.  O quarto poderia ser melhor. Não havia espaço para malas que ficavam no chão e a parede está suja por essa situação, pois as malas das pessoas bate na parede. O banheiro poderia ser reformado ... troca do perfil do box, que apresenta aspecto de sujeira.",7,2024-02-09 10:44:15+00,0
" Café da manhã excelente. Quarto espaçoso, cama e travesseiros bons. Tem copa para bebe e ferro de passar disponivel 24h  Limpeza deixa a desejar em diversas áreas. O box do banheiro tinha sujeira encrustada, o vidro engordurado, área de lazer mau cuidada e falta limpeza. Piscina não é aquecida.",7,2024-02-09 12:27:18+00,0
 Muy bien el desayuno y buena la ubicación,7,2024-02-09 16:38:44+00,0
" מיקום  מיזוג אויר , ארוחת בוקר , חדר קטן",5,2024-02-10 02:15:09+00,0
" Excelente ubicación, muy limpio y buena comida!  Él WIFI debe de mejorar.",10,2024-02-10 04:14:29+00,1
" Precio-Calidad ✔️  Área de Niños, falta más opciones y lo que hay es viejo..",9,2024-02-10 13:08:17+00,0
" Fui con mi familia, numerosa... Nos gustó porque hay ambientes para niños y demás. La pileta muy buena y la atención tambien. La comida es obviamente tipica brasilera, rica, pero a algunos argentinos no les gusta tanto. Hablo de la doble pensión que nosotros tuvimos. Para los que van solo a visitar las cataratas por unos pocos días, está más que bien esta elección.  Tuvimos un inconveniente con el baño. Ya cuando llegamos estaba un poco tapado, lo cual al usarlo se tapó completamente. Debo decir que nos remplazaron la habitación rapidamente, pero nos pasaron a una de peor calidad",8,2024-02-11 00:19:06+00,0
" Atendimento  Ar condicionado com vazamento 
E barulhos das camareiras cedinho",9,2024-02-11 01:17:23+00,0
 Las habitaciones cómodas  Nada,9,2024-02-11 10:49:13+00,0
" Hermoso hotel muy cómodo, y con varios servicios, la habitación era cómoda y limpia y la comida en el restaurante muy buena.  Deberían tener una atención con el huésped como expendedor de agua, o hielo que en la mayoría de los hoteles los ofrecen gratis, acá solo había agua en el desayuno y no te dejaban llenar boltellitas, y el hielo te lo cobraban 10 reales. Tampoco te dejaban llevar tu bebida a la pileta tenías que comprar todo ahí, y los precios no le parecieron tan accesibles, quizás para los brasileños si, pero para nosotros los argentinos si te querías tomar unos tragos y picar sumaba bastante.",9,2024-02-11 13:02:46+00,0
" El servicio de desayuno es genial  Debe mejorar sus instalaciones, tuvimos problemas con el baño, el aire acondicionado y teléfono.",10,2024-02-11 17:29:18+00,1
" Zimmer ok Lage gut  Akustik sehr schlecht, konnte die Unterhaltung in anderen  Zimmern und das Schnarchen der Nachbarn hören",8,2024-02-11 19:04:19+00,0
 La comida y la pileta fueron lo mejor  Fuimos con mi mujer y mis dos hijos uno de ellos chiquito y nos dieron la habitación más alejada en el tercer piso y la de más al fondo. El televisor no era smart tv o sea que si no tenías algún  dispositivo no podías poner a lo chicos ninguna plataforma.,8,2024-02-12 01:53:35+00,0
" café da manhã
, localização , conforto",9,2024-02-12 06:44:13+00,0
" Hotel gostoso, piscina enorme e linda. Quarto grande com duas camas de casal. Ótima localização. Café da manhã tem uma moça fazendo tapioca. Bastante variedade de alimentos (alguns dias ficou sem placa de identificação).  Dizem que o café da manhã é até às 10h, mas na verdade é até às 9h30, pois às 10h eles já recolhem tudo. Algumas pessoas ficaram conversando à noite na frente do hotel, sendo que já tinha passado o horário de silêncio.",9,2024-02-12 20:03:30+00,0
"Contrate media pensión x una estadía de una semana. Solo hubo variedad de comidas las dos noches de carnaval, luego el menú fijo q el hotel seleccionaba. Lo demás muy bien.",8,2024-02-12 23:28:03+00,0
"Parabéns ao Hotel Viale Cataratas Tivemos uma experiência excelente em família neste carnaval 2024,  adoramos tudo, a comida, bebida, o atendimento e principalmente a equipe de recreação do hotel, parabéns as tias Beterraba, Amanda e Karol.",10,2024-02-13 00:00:00+00,1
"Atendimento excelente muito cordial e simpático, tudo bem limpo e organizado, cuidado de salva vidas na piscina muito bom..a equipe da recreação infantil nota 10, muito queridas e atenciosas e dispostas  parabéns meninas, só gostaria de sugerir uma atenção na manutencao  das piscinas.",2,2024-02-13 00:00:00+00,0
" Localização boa .. quarto confortável..  A experiência do meu último dia.. Fui jantar com meu filho e meu marido no buffet deles . E no prato do meu filho, no canelone tinha um fio de cabelo preso ao mesmo.. não quisemos expor , mas as atendentes ficaram rindo dizendo que o chef era careca .. achei totalmente desprezível o tratamento dado a situação.. fiz todas as refeições no hotel .. não tinha pq reclamar de algo que não existiu .. conclusão.. eu larguei meu prato .. meu filho Não comeu nada .. e ainda sim , foi cobrado ..",7,2024-02-13 00:16:34+00,0
" O hotel é maravilhosa, todos os funcionários são muito cordiais, o café da manhã é simplesmente perfeito, o atendimento na piscina também, amamos muito e com certeza iremos voltar😍  Nada a reclamar",10,2024-02-13 11:23:31+00,1
 Muy organizados y un hermoso resort  Todo excelente,10,2024-02-13 12:15:07+00,1
"Ótima localização, bom atendimento, equipe educada e prestativa.",10,2024-02-13 21:56:53+00,1
"Pontos positivos 

Localização 
Atendimento 

Pontos a melhorar 
Manutenção, o secador estava estragado, o porta papel higiênico estava estragado 
Trocaram o secador mas estava mal fixado na parede caia a cada uso 

O café da manhã era mais bonito que bom 
Pães e bolos secos, tipo linha de produção 
Salada de fruta muito ruim 

O piso dos corredores são de carpet o que deixa o hotel muito quente considerando que estamos em foz que já é muito calor,",6,2024-02-14 00:00:00+00,0
 Quartos muito bons!  A área de lazer (piscina etc.) precisa de uma reforma urgente.,8,2024-02-14 00:39:49+00,0
" Hotel com ótima estrutura, quartos com isolamento acústico muito bons, ambiente limpo e organizado. Café da manhã com várias opções e reposição rápida  Estávamos em estadia com meia pensão incluindo jantar mas todas as vezes fomos abordados por funcionários vindo “conferir” se realmente o jantar estava incluído em nossa estadia. Tivemos a sensação de sermos descriminados pois não era uma abordagem padrão a todos os hóspedes! Ainda no checkout verificamos que os valores de jantar seriam cobrados, onde novamente tivemos que reafirmar que havíamos contratado o serviço de meia pensão e os valores foram excluídos de nossa conta",9,2024-02-14 03:03:31+00,0
" Ótima estrutura, café maravilhoso.  A o colchão poderia ser um pouco mais confortável. Mas no geral os quartos são maravilhosos, com banheiros amplos, ótimas amenidades também.",10,2024-02-14 12:50:06+00,1
" Equipe fantastica, hotel com todas as acomodações muito limpas, Valores dos produtos para consumo estavam um pouco fora. De resto nao tenho do que reclamar  Preços das bebidas e alimentações",10,2024-02-14 14:09:31+00,1
 A cama  O banheiro,9,2024-02-14 14:39:16+00,0
" Quarto cama ótima  Cobrança de taxa de turismo, já temos que pagar nos passeios.",9,2024-02-14 22:21:51+00,0
" Reservei o hotel para o carnaval relativamente em cima da hora, com cerca de 20 dias de antecedência. Como somos um casal sem filhos e gostamos muito de passar o dia fazendo passeios, não queríamos resort, mas, uma piscina cairia bem. Os quartos são um pouco datados, mas com banheiro bom, com piso e box de mármore e blindex, bom black out e duas camas de casal. As paredes precisam de pintura nova, e na cabeceira, só havia 1 entrada usb... nossos telefones são com usb-c, então isso atrapalha um pouco. Precisamos trocar de quarto logo que chegamos, tarde da noite, porque o ar condicionado não estava funcionando, mas a equipe resolveu nos reacomodando. A piscina tem bom tamanho, com atendimento de bar (não pode copos de vidro, então tive que optar por drink e não meu amado vinho rs), mas so aproveitei 1 dia, pois nos outros chegamos tarde dos passeios. Um inconveniente foi a recreação na piscina, com dj e jogos no fim da tarde, com caixa de som voltada para os quartos, o que atrapalhou um pouco o descanso quando retornavamos no fim do dia (não sei se tem sempre ou se foi algo do carnaval... na sexta, quando usei a piscina, não houve e foi bem melhor. Café da manhã com bastante variedade, frutas, cereais, ovo, bolos, doces e uma estação de tapiocas (não fui, estava sempre com fila pois estava lotado o hotel no carnaval). De forma geral, o hotel atendeu as necessidades que nós tinhamos - dormir e café da manhã. Ah, usei a academia 2x... tem 2 esteiras (tive que esperar num dia em que ambas estavam ocupadas), bem antigas, com visores um pouco danificados, mas que serviram pro propósito. No final, foi um bom custo benefício e ainda dá para ir a pé ao shopping Catauí Palladium (1km de distancia).  Recreação na piscina no fim do dia com dj e som altíssimo, barulho do corredor entra muito nos quartos também. Quartos precisam de reforma. Tomada normal atenderia bem perto da cabeceira.",8,2024-02-14 22:35:36+00,0
" There were a couple of staff members really friendly. The included breakfast was very nice.  The management took more than two hours to fix a running toilet. We had to go down three times for them to finally act. We were not able to use it the whole time it was out of the order. The management should have proactively keeping us updated. Instead, we got no communication from them. 
There was loud music being played by the pool for hours. There was no management oversight. Thank goodness that a thunderstorm broke the party up. It would probably have run well into the nights. I believe this is a reasonable hotel that families like to stay. 
The facility looks dated and not well kept up. 
This is supposed to be an international hotel with travelers from all over but there were little signs and communication in English. The front desk people were not the best.",6,2024-02-14 22:38:11+00,0
"Bom custo benefício para quem quer piscina sem ser resort.

Curtiu · Reservei o hotel para o carnaval relativamente em cima da hora, com cerca de 20 dias de antecedência. Como somos um casal sem filhos e gostamos muito de passar o dia fazendo passeios, não queríamos resort, mas, uma piscina cairia bem. Os quartos são um pouco datados, mas com banheiro bom, com piso e box de mármore e blindex, bom black out e duas camas de casal. As paredes precisam de pintura nova, e na cabeceira, só havia 1 entrada usb... nossos telefones são com usb-c, então isso atrapalha um pouco. Precisamos trocar de quarto logo que chegamos, tarde da noite, porque o ar condicionado não estava funcionando, mas a equipe resolveu nos reacomodando. A piscina tem bom tamanho, com atendimento de bar (não pode copos de vidro, então tive que optar por drink e não meu amado vinho rs), mas so aproveitei 1 dia, pois nos outros chegamos tarde dos passeios. Um inconveniente foi a recreação na piscina, com dj e jogos no fim da tarde, com caixa de som voltada para os quartos, o que atrapalhou um pouco o descanso quando retornavamos no fim do dia (não sei se tem sempre ou se foi algo do carnaval... na sexta, quando usei a piscina, não houve e foi bem melhor. Café da manhã com bastante variedade, frutas, cereais, ovo, bolos, doces e uma estação de tapiocas (não fui, estava sempre com fila pois estava lotado o hotel no carnaval). De forma geral, o hotel atendeu as necessidades que nós tinhamos - dormir e café da manhã. Ah, usei a academia 2x... tem 2 esteiras (tive que esperar num dia em que ambas estavam ocupadas), bem antigas, com visores um pouco danificados, mas que serviram pro propósito. No final, foi um bom custo benefício e ainda dá para ir a pé ao shopping Catauí Palladium (1km de distancia).",8,2024-02-14 22:39:04+00,0
 Limpa e organizada.  Wi fi não funcionava,9,2024-02-15 00:25:09+00,0
" Café da manhã bom e completo, quarto amplo, piscina sempre aquecida e confortável, com toalhas à disposição. Chuveiro muito bom, cama confortável. Localização é boa, não tivemos problemas para conseguir táxi/uber e fica a menos de 15 minutos de praticamente todos os lugares que fomos. Além disso, tudo estava muito limpo. Apesar de não termos conseguido o late checkout, deixaram a gente ficar e aproveitar a estrutura do hotel no último dia. A comida do almoço (a la carte) estava muito boa. Também usei o spa, que achei maravilhoso! A massagista era muito boa e gentil.  A comida do jantar (buffet) estava boa, mas poderia ser ainda melhor, dado o valor. Tivemos algumas experiências muito boas com a equipe (os mensageiros em especial são muito simpáticos e também a moça do restaurante), mas não sentimos que todos foram igualmente gentis/atenciosos. A agência de turismo que fica no local também deixou um pouco a desejar em alguns aspectos (mas o motorista João é um querido).",7,2024-02-15 13:32:20+00,0
" Ar condicionado estragado, campainha estragada  Falta de manutenção , além dos valores das bebidas não condizente com a estrutura do hotel",1,2024-02-15 14:58:27+00,0
 Hotel bem localizado em com equipe sempre pronta para atender..  Instalações poderiam estar melhor cuidadas. Internet e TV limitadas.,8,2024-02-16 12:51:39+00,0
" Equipe muito prestativa e com ótimo atendimento. Quarto com um ótimo tamanho. Camas confortáveis. Café da manhã com grande variedade. O hotel está bem localizado permitindo chegar rapidamente das principais atrações turísticas da cidade, além da fronteira com a Argentina. O Shopping Catuaí fica a 1km. Tem estacionamento gratuito. Tem equipe de recreação para as crianças e no final do dia, até animam quem está aproveitando a piscina.  Achei um pouco abusivo os preços das bebidas no bar próximo a piscina. Ok para os valores dos lanches e porções. Simplesmente era um convite para não ficar de noite no hotel e ir visitar outros locais.",10,2024-02-16 14:57:00+00,1
Ótimo ambiente.,10,2024-02-16 15:47:53+00,1
"Boa localização, atendimento rápido e eficiente da recepção, excelente café da manhã, apartamentos grandes e confortáveis,  limpeza no apto e áreas do hotel cuidadas  com muito zelo, piscina com água limpa e espaço para crianças e adultos, vi equipe de limpeza na piscina em diversos horários, voltaremos com certeza !",10,2024-02-17 00:00:00+00,1
 Confortável  O exaustor do banheiro quando ligava exalava odor de cigarro,9,2024-02-17 11:16:15+00,0
"O Hotel em si é muito bom, quartos, áreas, piscina e atendimento,  a única coisa que não gostei é o preço abusivos das bebidas, queria entender pq os hotéis cobram tão caro pelas bebidas.",10,2024-02-17 17:15:20+00,1
" El restaurante buffet era buenísimo pero los POSTRES son los mejores que hemos tomado nunca, enhorabuena al cocinero/a. Las instalaciones estaban muy bien con piscina y sala de juegos. Aunque usamos uber nos ayudaron con un taxi.  No funcionaba el aire acondicionado pero nos cambiaron de habitación",8,2024-02-17 18:25:36+00,0
staff were Wonderfull,4,2024-02-18 00:00:00+00,0
" Camareira muito atenciosa. Café da manhã bom. Bleckout das cortinas com mofo.  Em geral bom. Cama e lençóis bons. Toalhas boas. Pessoal atencioso.  Em geral tudo bom, exceto mofo nas cortinas e grade de ar condicionado quebrada, mas o ar funcionando",8,2024-02-18 00:07:12+00,0
" Boa localização. Hotel com lobby espaçoso, quarto confortável. Café da manhã muito bom. Não usei piscina e nem academia.  Uma sugestão: guarda chuvas na recepção pois o estacionamento em frente ao hotel eh descoberto.",10,2024-02-18 02:16:01+00,1
" Gosto do muito desse hotel e todas as vezes que vamos a Foz é a nossa opção, possui ótima localização, limpeza, piscina e a equipe são excepcionais.  Infelizmente nesta vez nos foi concedido um quarto muito próximo da entrada (101) que é muito barulhento, pelo fluxo de pessoas e restaurante e a vista da janela era uma parede.",9,2024-02-18 14:37:58+00,0
" Já havia me hospedado, então achei que seria muito parecido com a primeira experiência. Café e jantar ok.Para uma viagem de carnaval, custo benefício ok e boa localização.  A limpeza deixou muito a desejar. Teias de aranha nas luminárias, sujeira acumulada na saída de ar do banheiro e o chuveiro cheio de resíduos a ponto de atrapalhar a saída de água. Decepcionou um pouco em relação a primeira visita. Quarto muito mal iluminado também.",8,2024-02-18 23:19:54+00,0
"Quartos confortáveis, café da manhã excelente, área de lazer razoável.
Funcionários simpáticos e educados. Destaque para equipe de monitoria infantil, em especial tias Amanda, Karol, Micheli, Geyse, Jessica, Naty e Jheny e para 
garçom Eduardo.",8,2024-02-19 00:00:00+00,0
" Estrutura do hotel  Tudo ok, sem problema",9,2024-02-19 01:15:49+00,0
" Acomodação confortável, limpa e organizada. Funcionários excelentes, prestativos e educados  A TV não estava funcionando adequadamente, os canais não estavam sintonizados o sinal estava bem ruim. A internet também estava horrível, tanto Wi-Fi como os dados móveis do celular não funcionavam bem.",8,2024-02-19 20:39:56+00,0
" Organização, atenção dos colaboradores, café/jantar perfeitos!!  Internet… muito ruim o sinal no primeiro andar, troquei de quarto por conta disto e mesmo assim a conexão é muito ruim.  Espero que revisem pois foi o único ponto negativo.",10,2024-02-20 01:00:14+00,1
 Excelente custo benefício. Café da manhã sensacional.  Acústica ruim a ponto de vizinhos barulhentos atrapalharem o sono.,9,2024-02-20 03:49:51+00,0
"Sauna funcionando em um dia e no outro não. Tive que pedir pra ligar, aguardei 25 minutos antes que alguém fosse ligar (depois de eu ir cobrar novamente). E não conseguiram ou não sabiam como fazia para ligar. Pois não funcionou.

Trocamos de quarto pelo fato do ar condicionado não funcionar, e no outro quase diferença alguma.

Possuem um restaurante e um bar, mas é limitado o que oferecem e não voltado a kids.

O espaço de terapias do local, simplesmente não funciona, sem atendimento, não atendem telefone, ninguém no local (no horário em que deveria estar aberto)",2,2024-02-20 10:38:21+00,0
" Hotel acessível, bem localizado, bons funcionários, espaçoso, excelente cafe-da-manhã, boas opções de alimentação, ótima prestação de serviços, boa área de lazer, bom para crianças e bebês.  Não sei dizer.",10,2024-02-21 21:53:29+00,1
" Colazione molto varia, staff disponibile, stanza ampia  Pulizia della piscina non buona",7,2024-02-22 14:25:11+00,0
" Café da manhã , limpeza  Não disponibilidade para late check out",9,2024-02-23 12:45:11+00,0
" Café da manhã excelente. Localização ótima.  Do valor do jantar de R$95,90 por pessoa sendo que o buffet não condiz nem um pouco com esse valor em comparação a qualquer outro restaurante de hotel em foz do Iguaçu. Buffet muito simples.

Iluminação dos quartos insuficiente para leitura/ trabalho. Somente luz indiretas e amarelas.",9,2024-02-23 15:54:13+00,0
"Cerca de todo lo necesario.
Cataratas Brasil y Argentina, Aeropuerto, centro.
Comida muy buena. Mucha variedad.
Habitaciones cómodas.
Nada negativo.",10,2024-02-24 19:48:15+00,1
" Buena habitación, colchones, la ducha en general todo bien",9,2024-02-25 01:00:39+00,0
" Desayuno muy completo  Que no había panes para celíaco ni en el desayuno ni en la cena .
En el lobby bar atienden mal y te cobran descorche de vino 100 reales de cerveza 10 reales",10,2024-02-25 05:19:02+00,1
 We have spent two nights and it was a really good stay. We have enjoyed breakfast and evening buffet. Room were clean and it had everything we needed for our two days. Staff super friendly!  Nothing really,9,2024-02-25 23:01:39+00,0
"O quarto é confortável, o café da manhã bom, mas o atendimento na recepção deixou um pouco a desejar. Áreas comuns do hotel necessitando de manutenção.",8,2024-02-26 00:00:00+00,0
" Nada  Tudo
Banheiro sujo, cheio de aranha, luz queimada",1,2024-02-26 03:28:26+00,0
" Las habitaciones y baños! La pileta,la comida súper abundante y variado! La atención de los mozos, sobretodo maty el argentino, nos ayudó en todo lo que estuvo a su alcance!  Que la pileta, el bar y el ,cierran muy temprano para quienes estamos de vacaciones! A las 22/23 se cierra todo!",10,2024-02-26 07:11:49+00,1
" Ótima localização, atendimento, conforto do quarto, limpeza no geral.  Alguns itens do café da manhã como pães não estavam muito frescos, um tanto ressecados.",9,2024-02-26 12:10:12+00,0
" Muy buen lugar para pasar en familia.
Todo perfecto 👌",10,2024-02-26 13:48:12+00,1
" Desayuno con mucho variedad, y los chicos disfrutaron las lindas piscinas.",8,2024-02-26 15:05:06+00,0
Infraestrutura boa,10,2024-02-27 00:02:57+00,1
 Hotel muy buen ubicado para las principales atracciones de la ciudad.,9,2024-02-27 14:45:25+00,0
 Excelente custo-beneficio. Cafe da amanhã excelente  Nada.,10,2024-02-27 22:52:45+00,1
Hotel room is wonderful,10,2024-02-28 00:00:00+00,1
" Sehr gutes Frühstück/ Abendessen. Spielmöglichkeiten für Kinder. Badetücher für den Pool. Ruhe.  An manchen Ecken Renovierungsbedürftig (Pool, Badezimmer, Klimaanlage im Zimmer braucht lange um zu kühlen - das bezieht sich natürlich nur auf das Zimmer, in dem wir übernachtet haben)",8,2024-02-28 09:36:04+00,0
" Tamanho da cama, café da manhã, piscina.  Limpeza do quarto, quando chegamos os espelhos e o vidto do box estavam sujos.",8,2024-02-28 12:56:47+00,0
" Ubicación
Piscina
Bar  Un poco repetitivo las comidas",8,2024-02-28 17:52:31+00,0
correct et conforme au attentes,8,2024-02-29 01:29:58+00,0
" Отель хорошо расположен: близко Рафаи шоу, близко большой шоппинг центр, не шумно, много зелени вокруг. Достаточно большие номера. Завтрак вполне приличный, есть и омлет, и тапиока (что-то типа блинчиков из кукурузной муки с начинкой), фрукты, овощи. Голодным не останешься.Приветливый и старающийся помочь ресепшн.  В номерах нет сетки от комаров. Это самый большой недостаток. Кондиционер направлен прямо на кровать, поэтому на ночь его не оставишь. Комнату охлаждаешь, но буквально через 10 мин становится душно, приходится открывать окно, и комары стремятся залететь. Сейф просто стоит на полке, он не прикручен, что не отвечает мерам безопасности.",7,2024-02-29 07:07:45+00,0
" La ubicación.  La limpieza, lo comida del restaurante.",6,2024-02-29 16:29:36+00,0
Staff was very nice and accommodating.,10,2024-03-01 00:00:00+00,1
"Lage etwas außerhalb, aber zur Attraktion Wasserfälle braucht man ehe ein Fahrzeug.",10,2024-03-01 12:03:52+00,1
" Chambre grande et propre
Bon petit déjeuner
Piscine sympa 
Possibilité de déjeuner et dîner à l’hôtel. 
Bien desservi par les bus.  Loin du centre ville de Foz de Iguazu mais proche des chutes et de l’aéroport donc il faut faire un compromis :)",8,2024-03-01 14:17:44+00,0
"Fiz uma massagem com a Maristela, extremamente simpática e carismática, me proporcionou uma experiência maravilhosa em um ambiente super aconchegante! Super recomendo a massagem com pedras quentes dadas pelas mãos de anjo da Maristela!!",10,2024-03-02 00:00:00+00,1
" Limpio, el desayuno muy bueno",9,2024-03-02 21:53:35+00,0
"I liked the rooms,breakfast,pool, staff,cleaning,location",10,2024-03-03 00:00:00+00,1
 El hotel es nuevo con onstalaciones muy cómodas  Nada,10,2024-03-03 13:30:35+00,1
" Café excelente e completo!  Tudo perfeito, com exceção da reposição de produtos de higiene no quarto. Tivemos que solicitar algumas vezes.",9,2024-03-03 15:42:06+00,0
 La piscina y el desayuno.  Habitación muy pequeña y se escuchan los ruidos de la calle y del pasillo.,6,2024-03-03 16:28:04+00,0
" Localização, as acomodações.....  Preços das bebidas e dos preços da alimentação. Valores aplicados mais alto que nos pontos turísticos.",9,2024-03-04 08:33:25+00,0
" El servicio del Spa, muy bueno.  Los precios de las bebidas están sumamente inflados.",6,2024-03-04 11:16:19+00,0
" El desayuno excelente, la ubicacion fantastica, el personal de la recepcion idoneos, la Piscina siempre limpia, Excelente atencion por todo el personal del hotel.  Sin observaciones",10,2024-03-04 11:43:58+00,1
"Experiência excelente! Funcionários educados e cordiais. Hotel de boa qualidade, bons quartos, boa prestação de serviços. A iluminação do quarto pode se melhor. A área de lazer dispõe de bons espaços, inclusive para crianças. Há também atividades para crianças, que precisam ser melhor divulgadas.",10,2024-03-04 17:31:13+00,1
"Freundlich, hilfsbereit und sauber",8,2024-03-06 10:35:49+00,0
" Sehr sauber, grosse Zimmer und gute Preis-/Leistung. Buffet ist nicht so mein Ding, aber Qualität war richtig gut.  Es ist etwas hellhörig, man hört gut wenn jemand auf dem Gang laut spricht.",9,2024-03-06 15:18:53+00,0
" La cama super cómoda! Y el desayuno excelente..  La limpieza del baño debe mejorar, había un espacio al aire libre bonito pero sucio y dejado! El parque para los niños muy pequeño y sucio..la sala de pool había un olor feo y del gimnasio horrible!",8,2024-03-06 18:03:27+00,0
" Hotel super limpo e organizado, atendimento de primeira,  ótima gastronomia. Com certeza iremos retornar",10,2024-03-06 22:23:09+00,1
Buena atención,10,2024-03-06 23:40:37+00,1
"Ein vor sich hin alternden Hotel. Angeblich international, aber so gut wie niemand sprach englisch.
Unfreundlich und offensichtlich lustlos Personal veranlassten mich, nur 2 Sterne zu vergeben.
Pluspunkte konnte die Unterkunft sammeln bei:
1. Nähe zu den Wasserfällen
2. Großzügig in der Anlage
3. Großer Außenpolitik
4. Reichhaltiges Frühstück
5 Funktionierendes WiFi
6. Aufzüge gut für Menschen mit Behinderung

Negativ muss ich bewerten:
1. Zimmer Klimaanlage ließ sich nicht regeln
2. Dusche Einstellung warm/kalt fast unmöglich
3. Schampoo- und Duschlotionfläschchen wurden nicht nachgefüllt.
4. Betten und Kopfkissen hart (wer's mag, dann top)
5. 10.01h kein Einlass mehr um mobiles Frühstück vom Buffet zu nehmen.
6. Aussenpool ungepflegt, lose Platten, Salpeterstellen, Wasser trübe, Sitz- und Liegemöbel defekt oder veraltet.
Schade, mit ein paar Investitionen könnten mehr Sterne rausspringen
Leider ist das Hotel von mir nicht empfehlenswert.",4,2024-03-07 00:00:00+00,0
" Quarto básico, mas confortável  Acomodação um pouco barulhenta",7,2024-03-07 00:12:48+00,0
" piscina, café  nada",10,2024-03-07 12:36:02+00,1
" Hotel foarte bun, curat, aproape de cascadele Iguazu, 10 minute cu taxi .
Mic dejun bun, variat. Prăjituri foarte bune.  Totul  fost ok , paturile ar trebui avut puțin grijă, saltele cu arcuri, cam scârțâie",10,2024-03-07 17:43:46+00,1
 Muy buenas instalaciones  El cobro excesivo de bebidas,7,2024-03-08 08:14:48+00,0
"Ficamos 5 diárias no hotel com regime de meia pensão e, antes de reservar,  mandamos uma mensagem por WhatsApp questionando se poderíamos substituir uma das jantas pelo almoço, uma vez que iríamos jantar uma noite na Argentina. A resposta foi sim! 
Fizemos a reserva e chegando lá pedimos a substituição e não foi autorizado, mesmo informando e mostrando a mensagem do WhatsApp a resposta foi negativa..",6,2024-03-09 00:00:00+00,0
 Optimales Hotel um die Wasserfälle zu besuchen. Alles top!,10,2024-03-09 00:02:41+00,1
" Chuveiro esquentava muito, e pouca agua
Ar condicionado parecia fraco  Restaurante caro, não condiz com o q oferece(95 por pessoa) foi cobrado 6 reais cada chá para minhas filhas e mais uma meia da mais velha",8,2024-03-10 14:34:25+00,0
"Um dos melhores custo x benefício que já vivenciei em termos de hospedagem. Excelente strutra e serviço, com valores bem acessíveis. Voltarei comc erteza.",10,2024-03-11 00:00:00+00,1
"Fui a trabalho. O hotel superou minhas expectativas. Um quarto muito espaçoso, cama confortável e um ótimo chuveiro. O café da manhã muito bem servido e a estação de  tapioca é um diferencial, deliciosas salgada e doce preparadas na hora! Utilizei a academia todos os dias. Somente senti falta de um banco reto na academia para fazer exercícios com peso livre. Voltando a Foz do Iguaçu, será minha primeira opção com certeza, ótimo custo-benefício!",10,2024-03-11 11:16:47+00,1
 Todo  Nada,10,2024-03-12 13:52:12+00,1
" Localização, instalações e serviço de turismo dentro do hotel, facilitando muito os passeios e informações. Funcionários atenciosos.  A piscina aquecida em dias de muito calor e também as opções de petiscos muito caras. Poucos garçons para servir na piscina. Não havia opção a la carte para jantar, o que limita pra quem não quer comer buffer todos os dias.",9,2024-03-12 23:13:10+00,0
"Tudo lindo, limpo e o atendimento nota dez.",10,2024-03-13 10:00:09+00,1
" Café da manhã bom.
Localização boa, perto do shopping Catuai, mas um pouco longe do centro. 
As piscinas são ótimas.  Da acústica, quando chegavam outros hóspedes à noite, dentro do quarto ouvia-se muito barulho e conversas no corredor.",9,2024-03-13 23:00:58+00,0
" O hotel é realmente muito bom, Pedi um quarto silencioso e me deram, equipe sempre a disposição, café da manha excelente com muita variedade, atendente do bar piscina muito educado, equipe de limpeza e recepção estão de parabéns. será sempre o meu hotel em FOZ.  nada.",10,2024-03-14 01:41:58+00,1
Hotel excelente,10,2024-03-14 01:44:03+00,1
"Excelente opção. Quartos limpos, funcionarios educados e gentis, café da manhã bem variado, quarto limpo. continuem assim. será sempre o meu hotel em Foz.",10,2024-03-14 01:46:17+00,1
" O quarto é ótimo. O restaurante é muito bom e serve comida a qualquer momento. A piscina é ótima, o ambiente é muito gostoso. Os funcionários são simpáticos e dão a atenção necessária.  A limpeza do vidro do box deixou a desejar e os preços das refeições são caros.",9,2024-03-14 11:57:49+00,0
"Hotel padrão turismo. O atendimento é muito bom. O café da manhã é maravilhoso com boa variedades de frutas, pães, bolos e frios. O destaque é a tapioca que é preparada no café da manhã! O quarto que ficamos era triplo (único disponível no dia) e não gostamos das camas e dos travesseiros. Limpeza Ok. Tem piscina e áreas externas, porém não tivemos tempo de aproveitar, pois ficamos apenas 2 dias.",8,2024-03-16 00:00:00+00,0
" Excelente localização e instalações maravilhosas,  além do café da manhã delicioso  Preço do bar um pouco elevado.",9,2024-03-16 13:33:06+00,0
" Las instalaciones y el desayuno.  Pagué 2 habitaciones en la que entrábamos en 1 y esto no pudimos resolver.  
El baño podría mejorar",8,2024-03-16 15:19:39+00,0
" amabilidad respeto y atención de todo el personal,  luego felicitar por todos los ambientes bellos y armoniosos,  habitación, desayuno al igual que la piscina excelentes, mis hijos de 4 años y 1 año pudieron disfrutarla sin inconvenientes,  
muchas gracias, son excelentes 
afectuosos saludos",10,2024-03-17 21:21:11+00,1
"Hotel excelente. Tudo muito limpo, silencioso. Ambiente bem familiar. Café da manhã muito bom. Único ponto negativo é a tomada do banheiro, que não suporta secador por ser de 10 Ah. Só suporta aquele secador pequeno de hotel mesmo. Eu sempre levo o meu e também levo um adaptador para esse caso, mas a tomada esquentou demais e não suportou a carga. Tirando isso, nada a reclamar, só elogiar mesmo.",10,2024-03-18 00:00:00+00,1
"Bom atendimento, chek-in rápido, ótimo café da manhã. Excelente estrutura.",10,2024-03-18 00:00:00+00,1
" Boa localização, atendentes cuidadosos, bom atendimento. Área da piscina agradavel. Ótima localização para quem planeja visitar Cataratas e Argentina.",8,2024-03-18 00:35:41+00,0
"Um excelente lugar, atendimento",10,2024-03-18 00:40:13+00,1
 Cama boa e espaços amplos  Manutenção e limpeza do banheiro,8,2024-03-18 01:31:53+00,0
 Super ben localizado e otima estrutura.  As janelas nao bloqueiam o barulho da avenida.,10,2024-03-18 03:20:50+00,1
 Muito bom  Barulho da avenida,10,2024-03-18 03:23:16+00,1
" Excelente estrutura, fomos mt bem atendidos. Café da manhã Excelente",10,2024-03-18 04:14:30+00,1
" desayuno  el colchon, podrian mejorarlo",8,2024-03-18 21:26:34+00,0
" Boa estrutura, equipe simpática e prestativa.  Jantar sempre com mesma opção de mistura. Preço das bebidas completamente fora do normal. Uma latinha 269ml de cerveja stella custa 16 reais. Um pacote de salgadinho pequeno no frigobar do quarto era 30 reais. Inibiu completamente minha vontade de consumir qualquer coisa lá. Sei que precisam ganhar dinheiro, mas dessa forma é chamar os clientes de idiota.",9,2024-03-19 16:34:24+00,0
 El desayuno exelente abundante y exquisito  La empatia y amabilidad de la gente del bar en la pileta deja mucho que desear en especial el joven teñido de rubio y del personal de recepción no son amables solo el joven que esta en pruebas fue amable,6,2024-03-20 03:43:16+00,0
"O hotel é muito bom, ótimo custo benefício. A localização também está muito boa. Fui com família, marido e 2 filhos, gostamos muito. A parte da piscina também foi muito aproveitada.",8,2024-03-20 16:29:02+00,0
" Lots of space, old-ish but well maintained, a 15 min drive to the falls  Pretty isolated - the closest place is a new mall, a 15 min walk along the highway towards the airport",9,2024-03-21 12:11:10+00,0
" clean, big, comfortable rooms.
Quiet place next to the main road to the airport and National park Iguassu.
Good breakfast and dinner included in the price!",10,2024-03-21 14:03:13+00,1
"Não há tratamento acústico no hotel. Quaisquer ruídos ou conversas próximas é possível ouvir dentro do quarto. Barulho de beeps dos elevadores a cada uso são altos e desnecessários, considerando que é possível ouvi-los até dentro dos quartos mais distantes.",6,2024-03-21 18:54:04+00,0
"O hotel tem um bom custo benefício para quem está a trabalho em Foz ou para quem pretende passear. O quarto que fiquei era o 158, estava novo em revestimento, bom espaço de banheiro e bem limpo. Como o hotel é grande ele fica bastante afastado da recepção porém isso diminui o barulho. Cama confortável, lençóis e toalhas em bom estado.
O café da manhã tem bastante variedade, não chega a ser excepcional, mas é muito bom. A moça da tapioca é rápida, eficiente e simpática.
Acredito que a área da piscina pode melhorar, tem manchas e a área das crianças um pouco isolada. Poderia ter uma música ambiente e o bar porderia ser integrado com o ambiente. Na verdade ele é voltado para a área de recepção e restaurante, mas tem garçons que atendem na piscina. Mas preferiria que o bar fosse integrado na piscina, pois isso parece que funcionaria melhor no hotel.
A academia pode melhorar, pois é possível malhar, mas poderia ser renovada e que os vidros pudessem ser limpos pois estão empoeirados e que tivesse uma entrada de ar externo por abertura, para pelo menos uma parte do dia ser arejado e sair o ar viciado de dentro, com suor. Então acredito que possa melhorar.
Recepção foi eficiente porém não é simpática e essa cidade é turística, então poderia melhorar.",8,2024-03-22 00:00:00+00,0
"Já no check in fomos atendidos de maneira indiferente. Uns ganharam cortesia de drink, nós apenas sente e espere a liberação do seu quarto.
O quarto é escuro. Vc não conseguirá ler a noite! Não tem secador no banheiro. O vidro do box tão sujo que parecia ter uma película colada. Não se via dentro do box! Os azulejos da parede amarelados. Nojo. No café, suco de laranja com gosto de estragado. Bolo com pontinha de mofo! Almoço com macarrão tão salgado que tivemos que pedir para retornar. Ao tentar utilizar o bar no checkout a cada pedido é preciso ir na recepção sabe Deus fazer o quê. Desisti .",2,2024-03-22 16:13:42+00,0
"Excelência no atendimento, limpeza e café da manhã. Equipe de funcionários eficazes e cordiais, em destaque para Franciele (tapioca), Daiane Maldonado, Gerônimo, Edvaldo (restaurante), Leandro, Andressa (bar), Rodrigo, Adalto, Natália, Aldo (recepção).",10,2024-03-22 16:52:31+00,1
 Atendimento dos funcionários  Chuveiro,9,2024-03-22 20:48:47+00,0
 El desayuno  El wifi,7,2024-03-23 13:27:15+00,0
"Hospedei-me nesse hotel para participar de um congresso no Mabu. Fiquei muito satisfeita com a qualidade. O chuveiro tinha bastante pressão, as camas tem colhões firmes (que eu prefiro), a roupa de cama é excelente, o serviço de arrumação e limpeza são ótimos. A única crítica são as tomadas do hotel, tem poucas tomadas de três pinos padrão brasileiro e todas estão no saguão. Então se você precisar trabalhar não poderá fazer do quarto.",10,2024-03-23 15:18:09+00,1
" Chuveiro tem bastante pressão. A cama é firme como eu prefiro. O café da manhã é excelente. O hotel dispõe de sala de jogos, piscina, sauna e spa.  As tomadas. No quarto não tem nenhuma tomada três pinos padrão brasileiro para você conectar o notebook. Para trabalhar terá se sentar perto de alguma no saguão.",10,2024-03-23 15:21:52+00,1
" em dois dias trocar de quarto duas vezes, ar estragado e onde estávamos sem Internet,  nem wi fi nem 3 g",6,2024-03-23 17:10:25+00,0
 O atendimento dos garçons na piscina e dos funcionários da recepção.,6,2024-03-23 22:16:16+00,0
" Quarto com tamanho muito bom  Secador de cabelo péssimo, muito fraco.
Não abasteceram com água meu frigobar nenhum dia.
O serviço de quarto foi ruim. Colou um sabonete no chão do banheiro e lá ficou todos os dias",9,2024-03-24 09:51:57+00,0
" Localização ótima, área da piscina super agradável, quartos confortáveis.  Staff em geral do hotel é rude, grosseiro e mau educado. Recepcionistas homens extremamente rudes ( os dois que tive contato foram péssimos ), não honraram nossa reserva de quartos com as camas selecionadas, era uma viagem em família para celebrar o meu aniversário e o da minha mãe e foi decepcionante o atendimento recebido por quase todos no hotel.",6,2024-03-25 00:36:09+00,0
" Pelo o que o hotel oferece o preço é justo, bem localizado, limpo boas instalações e utensílios para uma boa estadia.  Não é problema só desse hotel, mas gostaria de saber qual a razão dos funcionários tirar os talheres, pratos, copos etc... Com tanta presa no café da manhã ?? Quando se compra estadia em hotel uma das grandes expectativas é o café da manhã..
Porquê se cobra tão caro nas bebidas?? O próprio hotel te obriga a beber fora dele.",8,2024-03-25 12:46:11+00,0
" Quarto excelente , comida boa ,  O ar condicionado não estava funcionando direito , até o dia que tivemos que mudar de quarto no meio da noite , e depois a chave não abria a porta, isso causou um pouco de desconforto",8,2024-03-25 17:26:34+00,0
"We were taken here as part of our tour of Iguassu falls.  We travel a lot, and have stayed in lots of different hotels all over the world.  This hotel is one of the worst.  Today, everybody travels with electronic devices, and these devices need to be recharged.  There were only two outlets in our room, and they were so worn out that your charging cords fall out of the receptacles.  The dinner buffet was of poor quality, you can do better by ordering a burger in the bar.  The pool is in poor shape, and the ladder to get in & out was almost impossible to use.  The bar had a large cooler full of bottled beer.  I asked to buy a beer, but they told me the only way I could get a bottle of beer was to buy 7.  They apparently had a special deal to get 7 beers in a bucket, but you couldn’t buy just one!  I had to settle for a draft beer instead the bottle I wanted.  Then a Brazilian guy comes in and buys just one bottle of beer.  I again asked to buy a bottle of beer and they refused again.  We had an early flight the next day (too early for the breakfast buffet).  Since we paid for a breakfast that day, we asked if we could get a couple of yogurts, an orange and an apple to take with us to the airport.  They flatly refused our request.  Our private tour guide argued with the front desk staff…all to no avail.  DO NOT STAY AT THIS HOTEL, THEY HATE TOURISTS!",2,2024-03-26 00:00:00+00,0
" Quartos amplos, limpos e arejados. 
Ótima Localização próximo ao shopping.
Limpeza e toalhas 
Chuveiro muito bom
Camas grandes
Piscina limpa 
Area de jogos para as crianças

Nesta faixa de preços, foi o melhor quarto em que já nos hospedamos.  O hotel seria nota 10, porém tivemos um problema: O bar da piscina anotou 4 itens que nao consumimos, os quais nao foram cobrados. 
Porem, de manhã,  antes do café da manhã já recebemos na porta do quarto o extrato para conferência. No meu caso, estragou o café da manhã no dia do meu aniversário. 
Voltaria a me hospedar neste hotel, mas exigiria um extrato dos consumos a cada compra no bar, para evitar esse estresse posterior.",9,2024-03-26 00:35:25+00,0
 Proximidade com o Centro de Convenções e um Shopping.,8,2024-03-26 14:55:17+00,0
 Ótima localizacao! Ótimo café da manhã. Restaurante muito bom.  Localização,9,2024-03-27 10:26:18+00,0
"Hotel confortável, café da manhã bom, destaque para tapioca, optei pelo Viale por ser próximo ao Mabu, local do Congresso de Pregoeiros, é muito perto do shopping! Custo beneficio ótimo!",10,2024-03-28 00:00:00+00,1
"Quarto agradável. Café da manhã bem variado e excelente comida! 

 Recreação para as crianças com profissionais super atenciosos (Jeniffer/ Júlio / Amanda). 

Ponto negativo é o profissional que fica passando pelas mesas do café e área de lazer olhando para as mesas (não sei se fiscalizando algo ou os novos funcionários que estavam no hotel). 

Percebemos uma rotativo de garçons na área externa da piscina .",10,2024-03-29 00:00:00+00,1
" Instalações do quarto, limpeza, gentileza dos funcionários.",10,2024-03-29 01:48:52+00,1
" La atención desde la recepcion excelente.....el desayuno variado con un control de calidad continuo ...las arepas riquísimas ...las habitaciones limpias .... cómodas....
Destaco la amabilidad y buena atención del personal en general..... felicitaciones....",10,2024-03-29 02:07:05+00,1
 Todo excelente!!!,10,2024-03-29 11:22:16+00,1
 Es un hotel nuevo y la cercanía al aeropuerto y a la frontera  Nada,10,2024-03-29 19:07:34+00,1
Gran Hotel Gran desayuno y muy buen servicio de Bar y Cenas!! muy seguro! ideal para flias,10,2024-03-30 12:35:28+00,1
 Conforto do quarto e café da manhã com uma deliciosa tapioca.  Sauna a vapor no máximo.,10,2024-03-30 19:44:19+00,1
" Ein schönes Hotel in dem man sich wohlfühlt und wo der Kunde im Vordergrund steht.
Sehr gutes Frühstücksbuffet. 
Sauna und Pool waren sehr schön.  Die Akustik im Frühstücksraum ist sehr laut. Es wäre schön, wenn den Gästen es erlaubt wäre auf der Terrasse zu frühstücken.",9,2024-03-30 20:02:33+00,0
Excelente atención,10,2024-03-30 20:51:58+00,1
 Ar condicionado maravilhoso  Nada,8,2024-03-31 02:23:56+00,0
" Café da manhã excelente.  Banho com pouca água. 
Ar condicionado velho.",7,2024-03-31 15:55:39+00,0
" El desayuno, la piscina y las instalaciones  Tuvimos que pagar extra!!!  al reservar 2 adultos y 2 chicos en 1 habitación queda sólo reservada 1 adulto y 1 chico para el hotel por lo que nos cobraron de más  al llegar",10,2024-03-31 17:50:40+00,1
"Muito recomendável! Bom atendimento em geral. Recepcionistas super atenciosos e garçons bem atentos! Ficamos em  quartos conjugado, amplos e confortáveis. Limpeza ótima. Escolhemos o regime de café mais jantar. Ambos muito bons. O jantar com variadas comidas e sobremesas. Fica perto do shopping, restaurante Rafain e do Blue Park.",10,2024-04-01 00:00:00+00,1
" Las habitaciones 
La piscina 
Estacionamiento  El funcionario del lobby en el momento de recibirnos en vez de darnos la atención requerida se interesaba más en los chismes de su  compañero. 
En un principio nos enviaron a una habitación en el 2do piso donde no funcionaba el aire acondicionado, trate de llamar a recepción y el teléfono tampoco funcionaba. Volví a recepción y pedí la habitación en el área que siempre nos hospedamos y por suerte pudimos mudarnos.",7,2024-04-01 02:02:25+00,0
" Quarto muito confortável, ótimo café da manhã. Opção de late check-out por um custo adicional justo.  Não tem isolamento acústico no quarto, dava pra escutar tudo do quarto vizinho, até um espirro. Poucas espreguiçadeiras na piscina para a quantidade de hóspedes.",8,2024-04-01 02:23:40+00,0
 Breakfast,9,2024-04-01 11:26:46+00,0
" Maleteiros em vez de ajudar, estavam conversando entre eles.  Ar condiconado antigo, não vencia o calor. As cortinas não isolavam a claridade externa.",8,2024-04-01 11:43:11+00,0
 La habitación  Comida,9,2024-04-01 12:32:18+00,0
" MELHOR HOTEL DA VIDA, COMIDA E ATENDIMENTO ESPETACULAR, VALE MUITO A PENA, ESCOLHERIA OUTRAS MIL VEZES  NADA",10,2024-04-01 13:36:26+00,1
" Hotel hermoso. Instalaciones grandes, limpias, personal muy amable. Las habitaciones tienen buen tamaño, con vidrios antiruido, las camas muy cómodas. El desayuno delicioso, con gran variedad. También es muy bueno el servicio de almuerzo y cena con pago. La piscina limpia, hay incluso un pequeño parque infantil. Es ideal para ir con niños pequeños. Estuvimos muy cómodos, volveríamos sin duda. La ubicación es muy buena. Cerca a las cataratas y al centro de Foz.",10,2024-04-01 15:20:17+00,1
" La comida , la habitación y la piscina. Muy buena atención  Que no reciben dólares ,ni pesos. Solo reales o tarjeta de crédito",10,2024-04-02 12:17:42+00,1
Fairly basic room.  Could hear the road during the night.,6,2024-04-02 20:00:15+00,0
" A equipe de funcionários está de parabéns. Estive com minha mãe e ela estava com dificuldade de locomoção, todos foram muito solícitos e prestativos. Atendimento nota 10!  secador (mas assim que pedi já foi substituído)",10,2024-04-02 21:11:20+00,1
 Conforto e café da manhã excelente  Nada,10,2024-04-02 21:32:28+00,1
" El dedito o muy bueno.  Nos cobraron mal las habitaciones, no tiene política para discapacitados, llega la hora de cierre de la pileta y te apagan la luz para que te vayas, nos quisieron cobrar bebidas que nunca consumimos, etc",2,2024-04-02 22:20:08+00,0
" El desayuno es muy bueno.-  Cobran solamente en reales, no esta preparado el estacionamiento para discapacitados, apagan las luces en la pileta por mas que haya gente, las habitaciones no respetan la reserva, etc",2,2024-04-03 13:46:55+00,0
" QUARTO ESPAÇOSO FALTOU UM POUQUINHO DE ARMÁRIOS
CAFÉ DA MANHÃ VARIADO E SABOROSO
EXCELENTE LOCALIZAÇÃO  PISCINA PEQUENA E PRECISANDO DE REPAROS
BRINQUEDOTECA DESATIVADA, ESTAVA COM CRIANÇAS DE 5 ANOS, E NÃO HAVIAM OPÇÕES DE LAZER ALÉM DA PISCINA",8,2024-04-03 15:43:06+00,0
" Do tamanho do quarto, localização, atendimento.  Comida.",8,2024-04-03 23:46:58+00,0
 Café da manhã e piscina  Atendimento da recepção,8,2024-04-04 01:44:09+00,0
 La atención y la limpieza  No había buena señal de Wifi,10,2024-04-04 02:47:08+00,1
" Excelente el Buffet (desayuno y cena ), las instalaciones, la limpieza, el personal siempre atento a todo lo que puedas necesitar, y la ubicación estratégica del hotel.  Al menos en mi habitación la ubicación del Aire Acondicionado, sopla mucho en dirección a la cara del huesped al estar ubicado y direccionado a la cabecera de la cama..",10,2024-04-04 12:02:28+00,1
 La habitación le faltaba luz,9,2024-04-04 16:27:40+00,0
" Nos hospedamos muchas veces en este hotel, y nos sentimos muy cómodos por eso siempre volvemos.  La habitación podría ser más iluminada",10,2024-04-05 00:51:42+00,1
" Funcionários muito atenciosos.  Quarto muito claro. Banheiro abafado.
O buffet do jantar não condiz com o valor
cobrado.",5,2024-04-05 02:03:48+00,0
 Café muito bom com tapioca preparada da hora do jeito que você pedir amei!!!!,10,2024-04-05 15:30:35+00,1
" Tamanho e conforto dos quartos, piscina excelente, comida deliciosa!! A equipe da recreação opara as crianças nota 10!!! Atendimento dos funcionários principalmente no restaurante com destaque para a funcionária Andressa! Nota 10!!!  O hotel precisa melhorar a disponibilidade da rede Wi-Fi, nos dias atuais é essencial a disponibilidade e qualidade desse serviço.",9,2024-04-05 18:28:07+00,0
"Muito bem localizado na avenida das cataratas , com uma boa piscina , quarto muito bom, peguei com meia pensão na qual a opção era o jantar , muito bom e ao se chegar cansado dos passeios ajuda muito.cafe da manhã excelente e atendimento excelente também",10,2024-04-07 00:00:00+00,1
" El hotel en lineas generales cumple, la relación precio calidad es buena. La comida está bien. Los postres y dulces del restaurante son de lo mejor se ve que hay alguien en la cocina que sabe del tema.  Llegamos de noche al hotel y lo primero que quisieron hacer fue cobrarme, cuando en todos los hoteles uno paga al irse, les quise pagar en dólares pero no aceptaban (todos los hoteles aceptan dólares) solo reales, les pedí que nos hicieran el check in que por la mañana cambiaría dólares por reales me dijeron ok pero debes dejarnos 500 dólares en garantía accedí aunque sentí que era tratado como una persona que se podía escapar sin pagar, saco los dólares y me dicen esos no aceptamos solos los azules nuevos, ya que yo tenía los de cara grande anteriores a los azules. 
Pésimo todo, cero empatía para con una familia que llega de noche con niños, cómo un hotel que recibe turistas de todos lados no acepta dólares.?",6,2024-04-07 02:28:35+00,0
" Todo excelente atención 
Muy limpio desayuno espectacular",10,2024-04-07 11:39:01+00,1
 El hotel  La piscina,10,2024-04-08 00:49:25+00,1
 Tudo  Gostei de tudo,9,2024-04-08 01:24:27+00,0
 El desayuno estuvo muy bueno  Me gusto todo,10,2024-04-08 21:48:34+00,1
" Desayuno , restaurants, ubicacion  Iluminacion en el cuarto, tener otra moneda para abonar , que no sea solamente reales, por ejemplo poder pagar en dolares al cambio por supuesto , excessive el precio de los vinos .",10,2024-04-09 13:04:51+00,1
" Limpeza, áreas compartilhadas, café da manhã com variedades, e a tapioca foi a cereja do bolo. A recepcionista que fez meu chekin muito educada um amor de pessoa.  Camas não confortáveis. Travesseiro baixo. Apenas um edredom para um quarto com 4 pessoas. Wi fi péssimo. O espaço do quarto é ate bom, mas pelo valor pensei que fosse um pouco maior. Tem funcionários sérios ao extremo(o cara de camisa branca), não sei se é política do hotel, mas acaba que a seriedade exarcebada faz sentirmos como se não pudéssemos fazer parte daquele ambiente.",9,2024-04-09 19:33:19+00,0
 Fico sempre no hotel qdo vou à Foz.,10,2024-04-10 00:14:06+00,1
"Sauberes Hotel , freundliches Personal, Frühstück und Abendessen einfach klasse.",10,2024-04-11 00:15:03+00,1
 Tudo muito bom.,10,2024-04-11 11:23:12+00,1
" Excelente el desayuno, muy completo.  No tengo nada negativo para decir",10,2024-04-11 14:52:22+00,1
Excellent location. Great breakfast and nice dinner. Clean and spacious room. Good value for the price.,10,2024-04-12 00:00:00+00,1
"Ficamos hospedados uma semana no Viale Cataratas e tivemos uma experiência bem positiva. O ambiente é acolhedor e aconchegante. O custo benefício também é bom, pois o hotel tem uma boa área de lazer e se torna uma ótima opção pra quem não puder ficar hospedado nos resorts mais sofisticados. Escolhemos a opção de hospedagem com meia pensão, incluindo o jantar e café da manhã e achamos que valeu a pena. A comida é boa, tem boa variedade e gostamos especialmente das opções de sobremesa. O quarto que ficamos tinha bom espaço e a TV era de bom tamanho comparado a de outros hotéis que já ficamos, com uma boa opção de canais fechados, além de Netflix e YouTube. Um ponto negativo que poderia citar é o atendimento via whatsapp que é bem demorado pra ter resposta, melhor ligar na recepção quando precisar de algo. Gostaria de destacar o atendimento da equipe da cozinha, em especial o garçom Diego, bem simpático e atencioso.",10,2024-04-12 02:02:04+00,1
 Buen desayuno; hermosa piscina.  Todo muy 👍,9,2024-04-12 10:01:34+00,0
Confortável,10,2024-04-12 12:25:23+00,1
" café da manhã muito bom, as instalações do hotel todo em perfeito estado, localização muito boa!",10,2024-04-12 15:04:42+00,1
"Hotel amplo. Com piscina,sala de jogos...na entrada tem umas lojas... Quartos completos...TV,ar condicionado, bar,cofre...Um ótimo café da manhã! Recomendo.",10,2024-04-12 17:15:08+00,1
 A localização do hotel e o atendimento dos funcionários foram excelentes. O café da manhã é muiti bom e farto.  A Internet estava intermitente.,8,2024-04-13 02:19:47+00,0
" La atención. 
La variedad de comida en el desayuno.
La infraestructura del hotel muy buena. 
La ubicación del mismo cerca de la mayoría de atracciones turisticas  La calidad de la señal del Internet a veces se desconectaba.",10,2024-04-13 12:43:32+00,1
" Moderno, buen desayuno y cena. Buena ubicación.  El aire acondicionado funcionaba en forma regular.",10,2024-04-15 10:46:01+00,1
 Location. easy acces to down town. shoppings near by.  to many childrens running arond ailes. very noisy.,8,2024-04-15 19:18:00+00,0
" El desayuno fue fantástico, me encantó que tenga la sala de juegos ya que lo usé con mi sobrino que iba conmigo. 
El gym se veía completo y en muy buen estado, pero no lo usamos. 
La piscina divina, pero si hubiesen habido más huéspedes les quedaba chica.",10,2024-04-15 21:15:17+00,1
" Boa localização e o quarto é confortável, mas falta um pouco de investimento no hotel. A academia bem abandonada. A sauna tb.  Academia e sauna sem investimento.",6,2024-04-15 22:35:03+00,0
"Excelente, estrutura e localização, delicioso café da manhã. Funcionários extremamente atenciosos e simpáticos. Atenderam todas as nossas necessidades. A área da piscina que poderia ser melhorada estava com muitas folhas e flores caídas de uma árvore. E infelizmente a piscina não é aquecida o que não nos permitiu aproveitar mais já que o tempo estava nublado e  água bem gelada. Se fosse aquecida teríamos ficado mais no hotel e até consumido mais no bar. Acabávamos saindo e consumindo fora. Mas as comidas servidas pelo hotel e os lanches do bar são perfeitos.",10,2024-04-16 00:00:00+00,1
" Muy cómodas las camas, y el desayuno excelente.  Nada, todo nos gustó",10,2024-04-16 03:35:03+00,1
" Nulla  Al check-in in tarda serata - intorno a mezzanotte - la temperatura della camera era superiore ai 30 gradi…
Colazione a buffet di qualità molto bassa",4,2024-04-16 07:09:27+00,0
" It was only a short ride to the Falls. There was a huge shopping mall nearby that was open over the Easter holidays, which gave us different food options as many restaurants around were closed. Breakfast options were good.  The pillows were lumpy and needed to be replaced.",8,2024-04-16 14:53:14+00,0
"Check-in 15h
Checkout 11h
Fiquei no quarto com 2 camas de casal pequenas, Mal iluminado, TV, banheiro grande e normal. Ar condicionado potente. Café da Manhã com poucas opções, porém o que tinha era bem feito. Jantar bom...comida simples e gostosa. Atendimento do pessoal em geral muito bom! Piscina pequena. Tem um lugar que.podemos passar as nossas roupas sem custo.
Localização muito afastado do centro...tem um Shopping proximo que pode ir a pé.",6,2024-04-16 21:29:37+00,0
" Tamanho do quarto, janela propicia um quarto arejado.  Localização do ar condicionado.",10,2024-04-17 00:34:04+00,1
 TD bom  Ficar pouco,10,2024-04-17 11:51:58+00,1
" Gostei muito, atendimento bom, quarto limpo e localização excelente.",10,2024-04-17 13:39:35+00,1
 La habitación muy confortable,10,2024-04-17 13:52:15+00,1
" Café da manhã muito bem equilibrado, com pães, frios e frutas! Ótima estação de tapioca e máquinas de café para escolher conforme o gosto!",10,2024-04-17 13:54:22+00,1
 Confortável e com boa localização. Equipe educada.  Esperava mais do café da manhã diante das avaliações anteriores. Café da manhã ok mas nada espetacular.,8,2024-04-17 14:01:44+00,0
" Excelente café da manhã, com tapioca, limpeza, localização, tamanho do quarto e do banheiro.  A única coisa que não me agradou, foi a cama, que era de mola e por eu ter hérnia de disco e ter ficado 7 dias, acabou que fiquei com dor.",8,2024-04-17 18:42:42+00,0
"Meu filho ficou hospedado ENTRE 10 e 14/04/2024, com o colegio santo Americo no Viale Cataratas e roubaram a mochila dele com um phone da apple que estava no quarto. Estamos rastreando o phone e vendo que está sendo usado dentro do hotel. Resumindo, ROUBARAM A MOCHILA E O PHONE NO QUARTO DO HOTEL, NO SÁBADO A NOITE. Ele chegou de um passeio no sábado a tarde, a noite ficou no quarto dos amigos e no domingo quando foi arrumar a mochila, já não encontrou e NINGUÉM DO HOTEL tomou providências. Alguem do HOTEL ROUBOU A MOCHILA E O PHONE DENTRO DO QUARTO.",2,2024-04-18 00:00:00+00,0
" localização excelente para o que gostaríamos de fazer, proximo à argentina e às cataratas
Café da manhã muito bem servido  tive que pedir manutenção da tomada do lado da cama que estava sem funcionar 2 vezes para ser solucionado e ai tiveram que arrumar enquanto eu estava dentro do quarto (passei o dia fora e não foi solucionado)
e quando chegamos no quarto só havia 1 toalha e o telefone nao estava funcionando
De resto foi tudo certo",8,2024-04-18 11:01:18+00,0
" La atención del personal del restaurant, todos muy atentos y predispuestos. Aplausos a los Cheff!  La zona de la piscina le falta más espacio verde y musica en piscina y restaurant. La atención de recepción en cuanto a información turística. Me cobraron consumos que no hice, pero lo advertí y anularon.",9,2024-04-18 11:45:59+00,0
" Boa relação custo benefício, dentro dos padrões de valor apresentado, quarto e instalações agradáveis, apenas alguns detalhes a serem corrigidos.  Café, atendimento no bar da piscina bem fraco, ar condicionado precisa de limpeza.",8,2024-04-18 12:37:15+00,0
" Hotel com um bom custo beneficio, ótima localização.  Apesar de não ser culpa do hotel, poderia ser mais silencioso.",8,2024-04-18 19:06:23+00,0
Maravilhosa,8,2024-04-20 19:03:55+00,0
"Gostei muito da experiência ! Atendimento excelente, boa localização, confortável e café da manhã excelente. A piscina muito boa. Só poderia ser aquecida para ser usada em dias nublados como foi meu caso. Fiquei 4 dias no hotel e não pude aproveitar a piscina em nenhum dia pois estava nublado e água extremamente gelada.",10,2024-04-21 12:11:00+00,1
 It's a good place to sleep if you are only here for the tour that will pick you up. They have a large lobby for you to wait for tour groups.  Lack of options surrounding hotel. The nearby mall food court is only the real food option. Buffet dinner at hotel is overpriced and water is charged extra. There are a lot more bars and restaurants on the Argentina side.,5,2024-04-21 20:06:09+00,0
"2 nuits passées dans cet hôtel. La première nuit quasiment impossible de fermer l'oeil. Un bruit incessant qui finit par porter sur les nerfs. Après réclamation on nous change de chambre et la nuit fut encore pire. Un bruit assourdissant par intermittence, comme un groupe installé derrière le mur qui se met en route à intervalles réguliers.
Ça restera parmi les mauvais souvenirs.
Par contre côté restauration c'était super. Excellent dîner.",6,2024-04-22 00:00:00+00,0
 Conforto da cama e dos travesseiros.  Quarto 313 um pouco encardido. São detalhes que podem ser melhorados.,7,2024-04-22 03:25:43+00,0
 Tudo muito bom,10,2024-04-22 10:19:35+00,1
"2 nuits passées dans cet hôtel. La première nuit quasiment impossible de fermer l'oeil. Un bruit incessant qui finit par porter sur les nerfs. Après réclamation on nous change de chambre et la nuit fut encore pire. Un bruit assourdissant par intermittence, comme un groupe installé derrière le mur qui se met en route à intervalles réguliers.
Ça restera parmi les mauvais souvenirs.
Par contre côté restauration c'était super. Excellent dîner.",6,2024-04-22 10:33:26+00,0
"Um hotel maravilhoso,  o quarto que fiquei com minha esposa foi um quarto duplo com tv, frigobar, ar condicionado, além do banheiro e o armário,  tudo muito limpo e organizado,  a cada dia de passeio as camareiras arrumavam e deixavam o quarto organizado.
O Café da manhã é uma delícia,  muitas variedades de comidas e bebidas,  tem lojas no Interior ao lado da recepção,  os elevadores funcionando normalmente, enfim, o lugar é muito bom para família,  lazer,  lua de mel,  passeios, etc.",10,2024-04-22 12:58:56+00,1
"Infelizmente tive que dar uma avaliação baixa exclusivamente pelo recepcionista chamado Adalto que fez a nossa hospedagem se tornar tão indesejada que não voltarei mais a me hospedar neste hotel, sendo que foi a terceira vez que me hospedo nele. A experiência do check in com esse indivíduo foi péssima, uma pessoa mal humorada, em nenhum momento fez questão de ser educado ou hospitaleiro, fazendo com que a primeira impressão fosse desagradável. Depois disso meu marido também teve um desacordo com Adalto em relação ao cartão que abre o quarto, ele simplesmente não queria liberar novamente o cartão para consumo pois havíamos perdido o outro cartão! Sendo que brevemente o encontramos e tudo é lançado eletronicamente no sistema. Além de tudo, o pior: ele disse que meu marido poderia reclamar tranquilamente com o gerente do hotel. Eu achei um desaforo. Tiveram outros pequenos episódios, mas não irei entrar no mérito. Enfim, Viale nunca mais.",6,2024-04-23 00:00:00+00,0
" O cafe da manha tem boa qualidade, mas a equipe estava reduzida devido a taxa de ocupação alta do hotel.  Já fiquei varias vezes no hotel. Mas desta vez, achei a equipe pouco cordial, quando precisou de dirigir aos hospedes. Todos somos turistas e estamos em férias e as vezes pode ser que o comportamento não seja adequado, mas a abordagem precisa sem de maneira adequada e não com falta de educação e mentiras.",8,2024-04-23 00:46:21+00,0
" “Nadat ik vier fantastische nachten heb doorgebracht in het Viale Cataratas Hotel & Eventos in Foz do Iguaçu, ben ik vol lof over mijn ervaring. Het personeel was buitengewoon vriendelijk en altijd beschikbaar om te helpen. Mijn kamer was brandschoon en comfortabel, waardoor ik me direct thuis voelde. Het eten in het hotel was heerlijk en de prijs was redelijk. Bovendien was de locatie ideaal, dichtbij zowel de bushalte als de taxistandplaats, waardoor het verkennen van de stad gemakkelijk was. Ook was er een groot winkelcentrum in de buurt voor het gemak van de gasten. Kortom, ik kan het Viale Cataratas Hotel & Eventos ten zeerste aanbevelen aan iedereen die Foz do Iguaçu bezoekt. Een geweldige ervaring die ik niet snel zal vergeten!”  Nvt",8,2024-04-23 09:11:25+00,0
"Infelizmente tive que dar uma avaliação baixa exclusivamente pelo recepcionista chamado Adalto que fez a nossa hospedagem se tornar tão indesejada que não voltarei mais a me hospedar neste hotel, sendo que foi a terceira ou quarta vez que me hospedo nele. A experiência do check-in com esse indivíduo foi péssima, uma pessoa mal humorada, sem nenhum tipo de carisma, em nenhum momento fez questão de ser educado ou hospitaleiro, fazendo com que a primeira impressão fosse desagradável. Depois disso meu marido também teve um desacordo com Adalto em relação ao cartão que abre o quarto, ele simplesmente não queria liberar novamente o cartão para consumo pois havíamos perdido o outro cartão! Sendo que brevemente o encontramos e tudo é lançado eletronicamente no sistema. Além de tudo, o pior: ele disse que meu marido poderia reclamar tranquilamente com o gerente do hotel. Eu achei um desaforo. Tiveram outros pequenos episódios, mas não irei entrar no mérito. Enfim, Viale nunca mais.",4,2024-04-23 19:18:20+00,0
"Assim que chegamos era por volta das 10h da manhã, mas o recepcionista teve empatia e realizou nosso checkin para o quarto, pois o mesmo super atencioso, pena q não lembro o nome , só sei que foi um galego. O hotel em si, tudo maravilhoso.. só teve um acontecido ruim , como estava com uma bebê de 8 meses ela n come tudo , então ela só se alimentava de frutas no café da manhã e as vezes uma banana , uma maçã eu pegava para ela comer em seguida , teve uma atendente que era da cozinha que achou ruim e disse que não podia subir com comida , já a outra que tava na portaria autorizou pq viu que era para uma bebê. Mas deu para perceber que a mesma chamou o metre e ficou apontando, me deixando constrangida. Tirando isso foi tudo excelente.",10,2024-04-24 00:00:00+00,1
 Bem aconchegante e limpa.  Estava tudo certo.,10,2024-04-24 15:47:22+00,1
 FOITUDO CERTO  ACADEMIA QUASE NAO TEM EQUIPAMNTOS E MUITO ANTIGOS,8,2024-04-24 20:21:02+00,0
" Boa opção custo/benefício. Quarto bastante confortável e limpo. Troca de roupas de banho diariamente. Ótimo café da manhã, com muitas opções. A tapioca feita na hora uma delícia. A localização perfeita, perto das cataratas e das fronteiras. Muito próximo do shopping Catuaí.  Quem vai com crianças, não tem opção de entretenimento no hotel. 
Hotel mais voltado para o público adulto. 
A piscina não é aquecida.",8,2024-04-25 00:38:24+00,0
" Café da manhã excepcional. Cozinha de ótima qualidade (lá jantamos por três vezes)  A má insonorização dos apartamentos. Ouvimos muito barulho de madrugada, principalmente vindo do apartamento situado logo acima do nosso.",7,2024-04-25 04:02:16+00,0
" Localização, café da manhã",10,2024-04-26 01:18:39+00,1
 Todo . La verdad muy cuidado todo  Le falta un poco de variedad al buffet para cenar . Pero bueno solo un comentario . Igual sigue estando más que bien .,10,2024-04-26 18:38:49+00,1
Muy bonito el sitio,8,2024-04-26 21:58:55+00,0
 Limpeza  Pula,7,2024-04-27 12:02:30+00,0
" Locacion, y la comida  El aire acondicionado",9,2024-04-27 12:17:38+00,0
 Adoramos o hotel ! Tudo muito limpo e organizado. Ótima localização e café da manhã delicioso. Com certeza iremos retornar.  Gostamos de tudo !,10,2024-04-28 00:06:10+00,1
 Ubicació  Instalaciones,5,2024-04-28 13:38:27+00,0
" Quarto confortável, bom banheiro, piscina bem bacana apesar de não temos tido tempo de usar devido ao mal tempo. Bom café da manha e buffet de jantar, os quais estavam incluídos na minha diária. Recomendo contratar o hotel com meia pensão, porque voltamos cansados dos passeios e ai é só tomar banho e jantar no próprio hotel, que tem uma boa estrutura para se ficar de noite. Se não estiver de carro, sair para jantar será complicado, ou terá que pagar o jantar a parte o que é mais caro que contratar na diária. Somente as bebidas são a parte.  Gostei de tudo !!!",9,2024-04-28 16:24:20+00,0
"Estive de 24 a 28 abril 2024 com + 3 casais de amigos. Hotel moderno, apenas 12 ou 13 de idade. Bem localizado na Rodovia das Cataratas, pertinho do Shopping (3 minutos) , do trevo para Argentina(3 minutos) e a 5 minutos do aeroporto. Na entrada você  já percebe a construção e decoração moderna do hotel. Lobby do hotel grande.Recepção espaçosa e com atendimento dos colaborados muito eficiente e  ágil. O restaurante que serve o café é bem grande. Café da manhã completo com inúmeras variedades de refeições e bebidas. Quartos modernos com frigobar, cofre, TV e AR Condicionado, limpos e amplos. Banheiro com secadores de cabelo.  Cama de casal enorme! Área da piscina, e a própria piscina,  não são muito grande , mas atende bem a necessidade dos hospedes. Uma observação que me chamou muito a atenção foi o preço de um sorvete Mega Magnun custar R$ 38,00 . Achei abusivo ! Mas enfim, um hotel que recomendo conhecerem. Vale a pena ! Voltarei em breve!",10,2024-04-29 00:00:00+00,1
 Excelente as instalações  Sala de jogos precisa de reforma,10,2024-04-29 13:24:45+00,1
" Colaboradores da recepção e no geral sem preparo para com o hóspede, não podendo ser classificado como 4 estrelas. Serviços muito a desejar. Muitas excursões no hotel com muito barulho inclusive de madrugada.  Piscina e área externa com péssima manutenção, mesas e cadeiras sujas. Café da manhã regular. Inadmissível apenas café de máquina. Bastante variedade mais pouca qualidade.",3,2024-04-30 00:36:13+00,0
" Estrutura muito boa. Quartos confortáveis,  amplos e limpos.  Preço do sorvete MEGA MAGNUN R$ 38,00    ABUSIVO",9,2024-04-30 12:13:28+00,0
 ótima equipe de antendimento. limpeza dos quartos. qualidade do café da manhã. agilidade nas solicitações efetuadas. permite receber comida de aplicativos.  business center (inexistente). falta de uma mercado de conveniênicas no hotel.,8,2024-04-30 13:16:53+00,0
"Excelente hotel em todos os aspectos. Melhor custo beneficio em IGU. Estacionamento gratuito, cama confortável, ar condicionado esfria muito. Café da manhã com excelente variedade e a tapioca é espetacular. Funcionários solícitos, educados e simpáticos. Nota mil!!",10,2024-05-01 00:00:00+00,1
 Essence Espaço Terapeutico é um ótimo lugar para realizar uma massagem com pedras quentes com a Profissional Maristela.,8,2024-05-02 00:23:24+00,0
" Hotel excelente, acomodações amplas e equipe muito atenciosa e simpática. Preços dos itens do bar um pouco acima da média porém aceitável para o padrão do hotel. Organização e limpeza excelente.  O diferencial que fez eu escolher o hotel foi a informação no Instagram do próprio hotel onde informava que as piscinas eram aquecidas. Porém NAO ERAM e os funcionários tbm achavam que era... Mas ela era completamente gelada. Por esse motivo, dei nota 9... Senão, seria 10 com certeza.",9,2024-05-02 14:44:46+00,0
 Todo bien,9,2024-05-03 13:22:04+00,0
 La comida buffet y la atención del personal  La cama matrimonial es pequeña,8,2024-05-03 13:22:37+00,0
"Equipe muito simpática e atenciosa. Tivemos problema com o quarto com ar condicionado e foi resolvido rápido. 
O estacionamento é gratuito e tem carregador de carro elétrico usamos sem cobrança. 
Ganhamos cortesia drink e por ser aniversário nós presentearam com mini bolo no café da manhã.",10,2024-05-04 00:00:00+00,1
" La comida, las camas, la piscina  Algo deteriorado el área de entretenimiento y la piscina, se ven viejos aunque todas las instalaciones funcionan correctamente",10,2024-05-04 00:17:00+00,1
 Excelente hotel  Tudo,10,2024-05-04 13:50:59+00,1
" Gostamos do conforto, piscina e o buffet de jantar estava mais ou menos mas caro. Os funcionários foram sempre muito atenciosos. A localização do hotel é excelente se o objectivo for visitar as Cataratas de Iguaçu e a Argentina. Com certeza que ficaríamos novamente neste lugar mas procuraríamos jantar fora, na Argentina por exemplo.",9,2024-05-04 16:47:39+00,0
" Roupas de cama. Amenidades, café da manhã  Wi-Fi muito ruim todos os dias",8,2024-05-04 19:41:03+00,0
" O hotel é maravilhoso , o atendimento impecável , recepção , limpeza , café , tudo ótimo  O conforto e o atendimento",10,2024-05-04 22:18:45+00,1
"Quarto com tamanho bom, mas precisa de atenção quanto a limpeza... Exaustor do banheiro bem sujo e pó nos cantos do quarto... Alguns pratos sujos tbm...
Meninas da monitoria nota 10... Tia cacau, Ayla e Amanda super atenciosas e divertidas.
Atendimento do restaurante tbm muito bom, super atenciosos.",10,2024-05-05 00:00:00+00,1
"Clean, spatious with great service. Breakfast Is lovely with plenty of options, especially fruit. Leasure area quite Nice. Could find the room few days in advance with a vrery ok Price.",10,2024-05-05 13:29:22+00,1
" Desayuno, cena, instalaciones y atención del personal",9,2024-05-05 16:35:27+00,0
" Comida boa, café da manhã bom, apesar de alguns pratos sujos...
Monitoria nota 10... Tia cacau, Ayla e Amanda.  Limpeza do quarto deixou a desejar... Poeira nos cantos, exaustor do banheiro com crosta de sujeira...",9,2024-05-05 23:04:56+00,0
" Ótima localização, fácil acesso as principais atrações turísticas da cidade. Muito bom café da manhã, serviço de recreação para as crianças, piscina, limpeza diária dos quartos. Bom conforto.  Prédio já antigo precisando de algumas reformas. No banheiro do quarto 238 espelho trincado, mancha de mofo no teto a cima do chuveiro, o suporte de papel higiênico quebrado, tínhamos que deixar o rolo de papel higiênico sobre a pia. O WI-FI, não funciona nem deveriam dizer que oferecem o serviço. Na área da recepção eu o único local que tem sinal do Wi-Fi e mesmo conectado oscila demais. No quarto não conseguia sinal nenhum, 10metros longe do lobby do hotel nos corredores para os quarto o sinal caía, pedi algumas vezes na recepção para tentarem melhorar mas totalmente em vão.",8,2024-05-06 01:08:16+00,0
" Quartos amplos e confortáveis.  Não tem bebedouro disponível nos andares, mas apenas na copa do bebê, da qual a maioria dos hóspedes não tem sequer ciência da existência.",9,2024-05-06 18:48:34+00,0
"EXCELENTE ATENDIMENTO E LIMPEZA , CAFE DA MANHA OTIMO",10,2024-05-06 21:39:21+00,1
 A localização do hotel é realmente muito boa  Limpeza do quarto. Chão sujo entre as camas e embaixo da escrivaninha,8,2024-05-06 22:27:41+00,0
"Hotel excelente!! Recreação para as crianças sensacional! Com certeza voltaremos. Café da manhã e jantar mto bons. Vale cada centavo! Quartos amplos e banheiro com secador de cabelo.
Deixo duas sugestões: piscina aquecida e mais uma estação de tapioca (maravilhosa) no café da manhã ou mais um funcionário ou mais um fogão. Não sei, mas acho importante ampliar, pois demoramos muito tempo na fila.",10,2024-05-07 00:00:00+00,1
"Estivemos em maio de 2024, hotel amplo, limpo, ótimos quartos, café da manhã muito variado. Recepção atenciosa especialmente nas pessoas de João e Rodrigo.",10,2024-05-07 00:00:00+00,1
 Conforto e atendimento,10,2024-05-07 09:58:23+00,1
 Roupa de cama,7,2024-05-07 14:14:48+00,0
 El desayuno espectacular y la calidez en la atención de todo el personal,10,2024-05-08 12:31:04+00,1
 Localização boa. Quartos confortáveis.  Limpeza do banheiro deixou a desejar.,8,2024-05-09 13:49:57+00,0
" El personal es muy amable, tanto en recepción como en el restaurante y la cafetería. Está bien ubicado, en la avenida que va hacia las cataratas.  El hotel no está bien mantenido. Es una pena, porque es bonito, pero está todo un poco viejo: las habitaciones, el baño (vimos una cucaracha...), las zonas comunes,... El buffet del desayuno tenía muchas cosas pero no me pareció de mucha calidad. Esperaba más para un hotel de 4 estrellas.",6,2024-05-09 14:03:04+00,0
" Terceira vez que nos hospedamos no hotel. Em relação à estrutura, tudo ok, o quarto é bem confortável, a localização é muito boa, ducha com bastante vazão de água, cama muito boa e confortável.  Nos hospedamos no Hotel para correr a Meia Maratona das Cataratas. O transporte dos atletas nas Cataratas começava às 4:30 da manhã e o hotel antecipou o café para 5 da manhã, mas isso não resolvia o nosso problema.( meu e das outras pessoas que iriam participar do evento). Nos propuseram um ""café box"" com alguns itens do café (para comer na recepção) para não sairmos do hotel sem comer nada, porém o tal box era muito fraco, apenas pão, bolacha e 2 iogurtes. Detalhe é que só conseguimos o ""café box"" depois de muito insistir na portaria, pois os funcionários não queriam falar com o gerente para explicar a situação. Não precisava nada demais, apenas um café com leite, um pão com manteiga e só. Mas nem isso eles conseguiram arrumar. Como é um evento grande na cidade, pensamos que teríamos um atendimento diferenciado por parte do hotel, mas não foi bem assim.  Além disso, no checkout, não nos ofereceram opção de sair mais tarde, e tivemos que ir para casa sem nem um banho, após correr os 21km da prova e conseguir sair das Cataratas próximo ao meio dia (o que é normal nessa prova) ( diária irredutivelmente fechava às 12 hs- sem chance de prorrogar). Já saímos da prova, e fomos direto para nosso destino, cansados e suados pós prova.  Eu recebi anúncios de vários hotéis oferecendo benefícios na estadia dos corredores, mas optei pelo Viale pelas boas estadias anteriores ( beneficios do café mais cedo e do check out mais tarde). Enfim, me arrependi da hospedagem no Viale nesta vez.",4,2024-05-09 19:54:27+00,0
"Decent hotel for a visit to Iguassa falls. Good room and facilities. Only criticism is it’s too open in the foyer and restaurant so the background noise when full is very loud.
Having said that I would still recommend this hotel. Nice breakfast and the evening buffet is good.",8,2024-05-10 00:00:00+00,0
 La pileta  Las instalaciones no valen lo que sale.,3,2024-05-11 17:11:41+00,0
Ótimo!,10,2024-05-12 13:30:18+00,1
 la cercania con el shopping  no había pileta climatizada,8,2024-05-12 20:06:38+00,0
The price charged was absolutely high compared to the facilities. It was a bad business.,6,2024-05-13 00:00:00+00,0
 Boa localização.  Refeição almoço/jantar com custo alto.,10,2024-05-13 14:36:06+00,1
 Gostamos do conformo e atendimento.  Bom fiquei supresso o preço da água. Poderia te preço melhor.,10,2024-05-13 21:15:01+00,1
 Las instalaciones  Que a las 7 de la mañana el día de la salida el personal de limpieza me golpee 2 veces la puerta para preguntarme.si saldría en el día,10,2024-05-14 00:31:27+00,1
Não tinha vaga,10,2024-05-14 01:30:54+00,1
" Definindo em 2 adjetivos, extraordinário e impecável, foram vários hotéis nessa viagem de férias na mesma faixa de preço e esse hotel se destacou como o melhor, atendimento, cuidado nos detalhes, acomodações, um digno 4 estrelas , café da manhã excelente, opções de lazer, segurança, o cuidado e a atenção do gerente e todos os funcionários, melhor custo benefício, fui com esposa e 2 filhos e o sentimento da família é o mesmo. Parabéns",10,2024-05-14 04:57:20+00,1
"Das Hotel liegt nicht weit von den Wasserfällen entfernt, mit dem Reisebus ungefähr eine halbe Stunde entfernt. Di",10,2024-05-14 11:56:50+00,1
"Hotel muy cómodo la atención execelente. La comida muy buena
Los desayunos de primera",10,2024-05-14 12:20:02+00,1
Excelente atendimento e café da manhã,10,2024-05-14 18:35:56+00,1
 El hotel estaba limpio el desayuno estaba bien la variedad esperada  No pude dormir bien porque desde el cuarto se escuchaba lo que ocurría en el pasillo,8,2024-05-16 17:56:57+00,0
" Las instalaciones de lujo, el servicio de primera, desayunos y cenas muy buenos el servicio de bufet completo.
el hotel esta ubicado sobre la avenida,   que te lleva  a las cataratas, y  podes ir  en micro  urbano Nro 120  de buen servicio. Para ir a Itaipu podes utilizar el mismo micro hasta  a la estación  central, y luego tomar el que te lleva a la represa. Si te gusta tomar contacto con la gente del lugar esta muy bueno.",10,2024-05-17 13:38:56+00,1
 Alles,10,2024-05-17 20:30:48+00,1
"The breakfast was the best I had in a hotel in a long time! It had everything you need.
The pool area is also cool and the staff was very helpful!
The only negative thing is that the hotel feels quite old and used. It needs a renovation, our room felt dirty and there was a lot of wear, especially in the bathroom. Therefore I can only give four stars.",8,2024-05-17 23:41:20+00,0
"Ficamos hospedados 3 dias com meia pensão, a intensão era realmente descansar, mas achei o atendimento impessoal pela proposta do hotel, e pelo preço da diária. Não voltaria, pois prefiro tentar me surpreender em outra opção da mesma categoria, nesta mesma região tem vários. Limpeza ok, e é possível ir a pé no shopping. Não tive dificuldade para pedir Uber de lá. Esperava mais das refeições, principalmente do jantar.",6,2024-05-18 00:00:00+00,0
"Jantar muito caro, e cartão tem que ficar liberando na portaria direto horrível!",10,2024-05-18 00:00:00+00,1
"Quarto pequeno para 2 camas de casal, acomodação e hotel como um todo simples e sem charme. Café da manhã farto. Funcionários simpáticos. Local limpo.",6,2024-05-18 00:00:00+00,0
" Como sempre o cafe da manha atende muito bem as nossas necessidades.
A localização do hotel é perfeita pela proximidade com os pontos turísticos.
Os quartos apresentam tamanho adequado para o casal com limpeza ótima.  Pela primeira vez a cordialidade da equipe não foi a mesma de sempre, funcionários com pouca educação.
A limitação para encontros com outros hospedes nas dependências do hotel atrapalha um pouco quando viajamos em grupo.",9,2024-05-18 09:24:46+00,0
" Gostamos muito do atendimento na recepção do funcionário Diego. Estão de parabéns, alguns dos funcionários deveriam seguir o exemplo dele.O café da manhã maravilho. O pessoal da limpeza estão de parabéns também.  Quando chegamos tínhamos feito uma reserva para um certo quarto e mandaram nós para outro.",9,2024-05-18 12:42:13+00,0
" The hotel had a good structure, the room was spacious, the bed was very big and comfortable. The staff was very friendly and allowed us to do early check-in 5h before. The breakfast selection was also good.  Only three minor minuses:
- there was not even one bottle of water included on the price of the room
- we had a room for people with special needs, so the toilet was not comfortable to use 
- the drainer in the shower drained water quite slowly, so quite some water would stay while showering",8,2024-05-18 15:17:37+00,0
 Café da manhã excelente  Cortina - blackout furado,8,2024-05-18 21:30:37+00,0
 Personal amable y dispuesto a que la estadía sea excelente. Especial mención a Andressa y Eliani junto a su equipo del comedor.  Nada,10,2024-05-19 22:23:33+00,1
Algumas pequenas observações: problemas com a água quente pela manhã / preço das bebidas exagerado / vazamentos na base do box e na pia.,8,2024-05-20 00:00:00+00,0
" Las camas, el desayuno... La ubicación.  El aislamiento del sonido era muy poco.
La ventilación en la habitación era insuficiente.",6,2024-05-20 00:03:44+00,0
" Buen desayuno. Ideal para pedir media pensión, cena buffet variada  Que no haya adaptador para el enchufe, y que te lo vendan en vez de prestarlo.



 Debería tener una pava eléctrica con te de cortesia",8,2024-05-20 01:53:18+00,0
Nett aber nix bessoderes. Fast langweilig.,8,2024-05-20 12:23:48+00,0
" Вкусный полноценные завтраки, вкусный ужин  Отель не смог списать с карты, которую прикрепила через букинг, не сообщили об этом заранее, пришлось новую загружать, но все равно не смогли списать, пришлось расплачиваться криптой отправлять сотруднику отеля, за это с нас взяли комиссию в 5%, это было очень не приятно.",6,2024-05-20 14:12:10+00,0
" L'hôtel est idéalement situé entre la ville et le parc côté Brésilien.
J'ai tout particulièrement aimé le service de restauration proposé par l'hôtel. Les plats étaient très variés et tous délicieux. Mention spéciale aux tapiocas servies au petit-déjeuner et à la diversité d'aliments sans gluten.  Au niveau des sanitaires, c'est le pommeau de douche fixe que nous avons le moins apprécié.
Il manquait un peu d'espace dans les chambres et il est préférable d'avoir une chambre côté patio ou piscine, car moins bruyants.",7,2024-05-20 18:52:14+00,0
" Café da manhã, cama e chuveiro excelentes.  Valores de restaurante,  valores do SPA,  Wi-fi não chega no quarto do segundo andar.",6,2024-05-20 20:25:31+00,0
" Hotel com ótimo custo benefício. Ficamos apenas uma noite, após retornar de um vôo internacional e supriu nossas necessidades. O café da manhã é excepcional, nível de hotel alto padrão. Localização também é interessante pra quem quer fazer passeios por Foz ou voltando de viagem de avião, já que o hotel é no caminho para o aeroporto. O hotel é simples, mas atende perfeitamente todas as necessidades para curtas estadias.  Os preços de alimentação e bebidas eram bem caros, estavam no mesmo patamar dos resorts de Foz. A pia do banheiro estava com dificuldade pra descer a água (apto 122).",9,2024-05-20 22:45:16+00,0
"Muito bom, atendimento bom e quarto bom",10,2024-05-21 00:00:00+00,1
 Café da manhã excepcional,10,2024-05-21 10:02:22+00,1
Hotel ótimo. Café da manhã gostoso. Piscina ótima também. Próximo a shopping e principalmente às principais atrações de Foz do Iguaçu,10,2024-05-21 11:38:44+00,1
" La habitación, la limpieza, el desayuno, la cena, las instalaciones, la atención del personal, el estacionamiento  La señal de WiFi es malísima",9,2024-05-21 18:38:10+00,0
"Hotel com muito boa recepitividade, limpo, organizado, quartos ótimos e café da manhã muito bom!",10,2024-05-21 18:55:04+00,1
" Ótima localização e funcionários bem prestativos  Ar condicionado não estava funcionando e a tv antiga, poderia ter mais canais de acesso via multimídia",9,2024-05-24 01:00:37+00,0
" café da manhã completo , com vário tipos de pães, tapioca preparada na hora .  a única coisa que tenho para reclamar do hotel é o sinal da internet, que do meu quarto oscilava um pouco.",10,2024-05-24 15:29:58+00,1
" Café da manhã maravilhoso, cama e travesseiro confortáveis, chuveiro gostoso  Achei um pouco barulhento para dormir por causa da rodovia, e a luz piscando do incêndio tbm me incomodou um pouco.",8,2024-05-25 00:42:07+00,0
" Amplia habitación,  el desyuno y cena excelentes  Mucho ruido",9,2024-05-25 01:04:49+00,0
" O quarto é grande, a cama é muito confortável e o café da manhã maravilhoso.  A TV não funcionava bem e o trinco interno da porta estava quebrado. Falta opção de iluminação mais clara no quarto.",8,2024-05-25 13:36:20+00,0
" O aspecto geral da edificação é bem agradável!  O tempo que permanecemos no hotel esteve chuvoso, por isso não usufruímos de toda estrutura.",8,2024-05-26 13:03:05+00,0
 Hotel maravilhoso com instalações maravilhosas e super confortável. E TB o jantar e café da manhã é excelente com vários opções e super saboroso. Voltarei mais vezes.,9,2024-05-27 02:35:36+00,0
Boa. Localização melhor ainda.,8,2024-05-27 21:53:46+00,0
" Ótima equipe de colaboradores, localização e café da manhã.  Manutenção, principalmente banheiro.",9,2024-05-27 23:09:53+00,0
Need more food options,8,2024-05-28 00:00:00+00,0
" Great service and helped us with arranging tours. Great breakfast, nice drinks at the bar, and leisure activities in the basement room, including table tennis, was great fun.",10,2024-05-28 01:09:37+00,1
 El desayuno  La pieza,7,2024-05-29 15:47:11+00,0
" O hotel é bom em todos os sentidos, localização, conforto da cama, roupa de cama, espaço no quarto e banheiro, comodidades, serviços , educação dos funcionários, tudo. Hotel super funcional, com estacionamento e a 1km do shopping. 
O que mais gostei foi do café q era muito farto em variedades e de qualidade. Tem uma estação de tapioca comandada pela simpática Fran que era o diferencial do café  O quarto tem poucas tomadas e a tem pouca iluminação",10,2024-05-29 16:15:45+00,1
"Ficamos por duas diárias no hotel. O ponto forte pra mim foi o café da manhã, e a tapioca que é maravilhosa. A cama é confortável. O Wi-Fi não funcionou no quarto em nenhum momento. Ponto de melhoria: só há um ponto de tomada no quarto, próximo à TV. Do lado da cama não tem.",8,2024-05-30 00:00:00+00,0
"Hotel ótimo, principalmente o café da manhã, organização e limpeza.",10,2024-05-30 00:00:00+00,1
" Café da manhã bom.
Pelo preço atendeu.  Aguns pontos abaixo, precisam de melhoria:

Acústica poderia ser melhor, pois do quarto o barulho da rua incomodava muito;

O chuveiro demorava muito para esquentar;",7,2024-05-30 13:45:23+00,0
 Agregaría mas enchufes 220V en la habitación para los turistas que requieran ese voltaje,9,2024-05-30 22:36:59+00,0
 Tudo (exceto iluminação do quarto).  Iluminação do quarto é fraca.,10,2024-05-31 02:40:51+00,1
 Localização  Quartos apertados,9,2024-05-31 10:53:53+00,0
"O hotel está muitíssimo bem localizado no que diz respeito a distância para as principais atrações!
Se você optar por não alugar carro, as viagens de Uber até as atrações ficam bem mais baratas que aluguel de carro.
Vale MUITO a pena pegar meia pensão porque a comida é deliciosa e tem muitas opções!
Limpeza, organização, cordialidade doas funcionários e aspectos gerais com nota máxima!
Estão de parabéns!",10,2024-06-01 00:00:00+00,1
 A posição do quarto que me deram muito boa  Iluminação deveria ter uma opção de luz clara,10,2024-06-02 04:39:27+00,1
 Os quartos no térreo podem ser bem barulhentos pelos barulhos da recepção e restaurante,8,2024-06-02 16:01:28+00,0
" Equipe muito atenciosa
Café da manhã excelente
Perto do shopping da pra ir a pe  No almoço ou jantar há somente buffet com preço fixo.
Poderia haver algum tipo de comidas rápidas , como caldos ou pizza para não ter que pedir no ifood",10,2024-06-02 21:10:11+00,1
"Me parece que a limpeza e manutenção não se falam. Percebe se que as instalações são novas, mas há muitos buracos no banheiro, deixando crer que eram suportes de toalhas. Há também limo pelos cantos do banheiro, e ao chegar havia uma “surpresa” dentro do vaso entupido. Queriam me cobrar rolha para que eu terminasse uma garrafa de vinho da noite no bar vazio. Como minha reserva não foi direta, me reservaram um quarto barulhento, onde haviam crianças berrando pelos corredores a todo momento. Paguei R$2100 e no final ainda tentaram uma taxa opcional de turismo, que me recusei em pagar. A cidade tem isso de irritante.",6,2024-06-03 00:00:00+00,0
" Hotel possui excelente estrutura e atendimento. Acreditamos o quanto são importantes ferramentas para ter uma estadia tranquila. O regime meia pensão foi a cereja do bolo, estávamos com nossas filhas, que são crianças, e não precisávamos nos incomodar de sair para procurar restaurante a noite para jantar. A comida é deliciosa!  A única coisa que me incomodou foi o chuveiro que era bem antigo e o jato não era contínuo.",10,2024-06-03 10:04:52+00,1
 Ótima localização  Café da manhã poderia iniciar mais cedo,10,2024-06-03 11:39:36+00,1
" Café manhã, operacionalidade checkout.  Saunas desligadas na sexta-feira do feriado. Quarto localizado exatamente acima do parquinho infantil.",8,2024-06-03 12:09:46+00,0
 Limpeza excelente!  Colchão desconfortável.,10,2024-06-04 00:07:09+00,1
 O meu quarto estava ao lado da área de recreação infantil. O barulho era surreal.,5,2024-06-04 01:12:14+00,0
" Funcionários, café da manhã e conforto. Todos os funcionários extremamente simpáticos e solícitos, nos receberam muito bem e nos ajudaram durante toda a estadia, seja para dar informações sobre a cidade ou para auxiliar com alguma coisa no hotel. As camas são muito confortáveis e o café da manhã excelente, grande variedade e tudo muito gostoso. Tinha até uma cozinheira fazendo tapioca fresquinha, deliciosa.  Nada",10,2024-06-04 01:45:06+00,1
Muito bom,10,2024-06-04 02:47:57+00,1
" el personal, muy atento y diligente. junto con el desayuno espectacular  La falta de decoración y baja manutención.",8,2024-06-04 12:18:22+00,0
" Das Frühstücksbuffet ist umfangreich, die Qualität ok. Das Hotel ist ingesamt in einem gutem Zustand. Die Rezeption sehr bemüht, sogar zum Teil mit english sprachigem Personal.  Die Einrichtung ist spartanisch und funktional und könnte aufgewertet werden.",7,2024-06-04 12:34:53+00,0
" es la tercera vez que voy porque el hotel me encanta ! la comida es exquisita,  el desayuno excelente y la atención del personal muy amable Es un 10 de 10",10,2024-06-05 00:45:41+00,1
 Gostei da localização  Banheiro com vazamento,9,2024-06-05 11:02:39+00,0
 Ambiente geral  Problema com água q tive q trocar de quarto.,8,2024-06-05 11:32:15+00,0
" Bom café da manhã, tapioca na hora, gostei bastante!",8,2024-06-05 14:10:36+00,0
" Localização 
Acomodação 
Funcionários solicitos 
Café da manhã excelente  Jantei três noites no hotel, quinta, sexta e sábado!!
Na sexta dia 31/05 estava muito bom, porém nos dias 30/05 e 01/06 estava pessimo, comida sem gosto, ruim!!
Até comentei com minhas amigas que não era possível, deve ser um chef diferente a cada jantar, pois a diferença foi gritante!!",8,2024-06-05 19:38:52+00,0
" Gostei dos recepcionistas, pessoal que fez o check-in; comida muito boa; garçons queridos.  Limpeza horrível, quarto muuuito empoeirado, embaixo da cama era cheio de cabelo e poeira acumulada, não conseguia para de espirrar de tanta poeira. Outra coisa, fiz a reserva pelo booking, todos os meus amigos conseguiram o pacote da janta incluso, para mim não tinha essa opção. tivemos que pagar a janta todos os dias.",6,2024-06-06 17:15:20+00,0
" A Internet no Quarto 323 não Funciona com sinal possível de Navegar. Como a cidade é fronteira com Argentina o Sinal 5g tbm oscila muito.  Tive que sair antes, dia 06/06/2024, minha estada era até 11/04/2024, por motivo de Luto, minha mãe faleceu. E disseram que eu não teria direitos a creditos da hospedagem! Bom isso é totalmente contra o CDC.",8,2024-06-07 11:42:31+00,0
"Quarto super limpo, amplo e bem iluminado. O café da manhã é maravilhoso, várias opções de doces e salgados, tem omelete e tapioca feita na hora.
A gente preciso ficar no hotel até o horário do voo e eles gauadaram a bagagem de cortesia.
Foi muito boa estadia.",10,2024-06-07 14:12:16+00,1
" La ubicación,la comida",10,2024-06-07 17:55:22+00,1
 Ótimas e confortáveis,10,2024-06-07 20:10:41+00,1
"Agradeço muito a toda equipe recepção, reserva Tatiana pessoa especial demais, a equipe do restaurante a noite comandada por Andreza, as recreadoras amanda e Cacá e Trup ou melhor a todos a limpeza e aqui peço desculpas por não conseguir descrever cada nome! 

Segunda vez no mesmo hotel e só melhorou café da manhã o melhor das galáxias (agora com pão de fermentação natural, produtos sem lactose e glúten, e a diversidade de opções, o melhor) 

As instalações são limpas e com muita comodidade! Apenas a noite é pouca luz e as portas precisam sem coladas isolador pois infelizmente os demais hospedas cedo ou tarde passam falando alto e isso é chato! Mas nada que abale o bom descanso! Todos o meu agradecimento é de minha família aguarde voltaremos! 

E estes pontos indicados não tiram o hotel de dar cinco estrelas pois não abala sua qualidade e atendimento!!!!!",10,2024-06-08 00:00:00+00,1
" Restaurante excelente.
Quarto confortável e limpo  Estacionamento descoberto",10,2024-06-08 17:21:14+00,1
"Não tive tempo de desfrutar pois cheguei muito tarde e sai muito cedo! Achei o café fraco, não tinha muitas opções! Poucas opções de canais de tv! No geral o hotel é bonito, cama confortável, banheiro ok, quarto grande!",8,2024-06-09 00:00:00+00,0
 Relação custo-benefivlcio ótima  Sala de ginástica,10,2024-06-09 00:57:06+00,1
" El desayuno muy completo  El sauna, temperatura 🌡 muy elevada",7,2024-06-09 12:59:15+00,0
" Quarto muito bom, grande. Café da manhã excelente.  A internet no quarto era muito ruim.",7,2024-06-09 13:26:44+00,0
" Instalações, atendimento e café da manhã excelentes. Custo benefício muito bom.",10,2024-06-10 00:34:56+00,1
" Localização, atendimento, limpeza.  Não há nada que não gostei",10,2024-06-10 10:40:39+00,1
" Excelente cafe da manha , proximo aos pontos turísticos",10,2024-06-10 14:21:44+00,1
" Café da manhã e piscina.  Acomodação péssima. 
Atendimento na recepção quando chegamos foi péssimo, nos sentimentos desconfortáveis com tamanha desconfiança dos funcionários.
•Ar condicionado do apartamento que disponibilizaram para nossa acomodação o ar condicionado não funcionava, apenas ventilava e além de tudo estava muito sujo, provavelmente não fazem a manutenção e higienização a muito tempo. 
•Estávamos no 3 andar, o elevador sempre estava em manutenção e nunca funcionava, por diversas vezes tivemos que subir e descer escadas.
•Chave/cartão do quarto, todas as vezes subíamos as escadas, pois sempre o elevador estava em manutenção…Quando chegávamos de algum passeio ao tentar abrir a porta estava bloqueado, um transtorno. Tínhamos que descer para pegar outro, isso ocorreu nos 4 dias que ficamos hospedados, pelo menos 2 vezes ao dia.",3,2024-06-11 03:13:37+00,0
" Hotel amplio, cama super confortable, muy buen desayuno y bien ubicado  El baño de la habitación viejo y con manchas de humedad, le falta una renovación. En general al hotel le falta un toque de calidez",10,2024-06-11 11:12:47+00,1
" Hotel de instalaciones amplias, con buen desayuno y con personal muy amable.  El baño de la habitación era viejo, mal iluminado y con humedad en el techo",9,2024-06-11 14:32:04+00,0
 その場で作ってくれる料理もあり、朝食が美味しかったです！！朝食のスタッフの方も親切でした！近くのショッピングモールにも歩いて行ける距離でした！タクシーもひろいやすいです  Wifiが完全なパスワードつきではなかった？,10,2024-06-12 00:09:02+00,1
" Conforto da cama, lençóis e edredom.  Banheiro.",9,2024-06-12 05:28:18+00,0
" El desayuno, la cena, el personal y la ubicación, todo está muy bien.  La primera habitación que me dieron hacía un ruido un descomunal permanente de los aires acondicionados pero -nobleza obliga- inmediatamente nos cambiaron a otra que mejoró enormemente la experiencia..
La pileta zafa, podrían ponerle un poco más ahí pero en líneas generales está correcto.",10,2024-06-12 22:02:19+00,1
" Das instalações,  café da manhã.  Funcionários muito bons.  Da cama, muito dura, na minha opinião",9,2024-06-13 00:33:12+00,0
" El aire acondicionado no enfriaba, era solo ventilación. Mi pareja tuvo calor toda la noche.",7,2024-06-13 10:11:45+00,0
Excelente atención e instalaciones!,10,2024-06-13 23:36:18+00,1
" Se hospedar no Viale sempre é maravilhoso, tanto que é a 4ª vez que nos hospedamos, o café da manhã é maravilhoso, os funcionários muito educados, vale a pena se hospedar  Apenas que dessa vez ficamos num quarto de frente para a rua, e era um pouco barulhento.",10,2024-06-14 00:21:10+00,1
" Muy confortable y menú variable para la cena  El último día de nuestra estadía, los elevadores no funcionaban correctamente",8,2024-06-14 10:42:16+00,0
" Com exceção do responsável pelo bar(piscina) todos os colaboradores do hotel foram muito atenciosos.  Voltamos do shopping, com um lanche para comer tarde da noite no quarto, mas antes fomos saber como funciona o serviço na piscina, pois estavamos afim de curtir a noite ali mesmo. Fomos atendido pelo responsável do ""barzinho"" que nos tratou como irresponsáveis....isso não pode, aquilo não pode, ...só até tal hora...
Resultado, preferimos sair, e os R$ 450,00 foram gastos em um ambiente bem mais acolhedor, com funcionários disposto a nos atender bem.",10,2024-06-14 21:32:58+00,1
Hermoso Hotel,10,2024-06-15 00:00:00+00,1
 O café da manhã é muito bom . Quando chegamos tinha um mimo para nós . Foi uma surpresa legal . Os funcionaram são atenciosos . A localização é boa .  Quando chegamos não tinham limpado a sujeira de chocolate que tinha ficado na mesinha e nem tiraram o copo sujo de refrigerante . Pecaram na lindeza. Outro dia chegamos e o quarto estava tudo sujo. Falta um pouco de organização . Eram 17 horas e ainda estava sujo . A cama é pequena . Deveria ser maior .,7,2024-06-15 13:46:50+00,0
" Sensacional as instalações 
Café da manhã impecável 
Colchão maravilhoso 
Chuveiro bom, quente e forte 

Tudo espetacular 

Funcionários simpáticos e solicitos",10,2024-06-15 14:30:42+00,1
"Atendimento humano, alegre, simpático dos funcionários. Café da manhã impecável, Edvaldo e Cláudio se destacam no tratamento dos hóspedes.
Limpeza dos quartos excelente. Área da piscina ampla e organizada, ótimo serviço de bar e opções de cardápio.",10,2024-06-16 00:00:00+00,1
 Short stay but very comfortable,9,2024-06-16 14:36:17+00,0
" Café da manhã excelente! Quarto espaçoso e muito confortável. É longe do centro, mas para mim, não foi ofensor. Do lado da fronteira com Argentina.",10,2024-06-17 00:24:13+00,1
" Muito limpo, quarto confortável, café da manhã delicioso, equipe atenciosa, localização excelente.",9,2024-06-17 13:18:45+00,0
"Hotel razoável, atendimento ao cliente péssimo, ninguém se importa com o cliente. Apesar do quarto ser bom, eles não se importam com o cliente, não tentam resolver de forma alguma.",2,2024-06-17 21:49:56+00,0
 Todo  Nada,9,2024-06-18 03:03:36+00,0
 do café da manhã  nada a declarar,9,2024-06-18 10:11:00+00,0
 Todo muy bueno,10,2024-06-18 16:38:55+00,1
 Gostei muiito do Hotel no geral,9,2024-06-19 13:15:53+00,0
Muy lindo hotel. Estacionamiento gratuito. Desayuno del mejor nivel. Único detalle la falta de tomas 220v en la habitación. Hay uno solo en el baño.,10,2024-06-19 16:17:52+00,1
" Localização,  atendimento funcionários,  muito gentis, comida muito boa  Deve ter mais informações,  fiquei sabendo só no local que se tivesse reservado com refeição inclusa teria um preço diferenciado,  poderiam informar isso",8,2024-06-20 01:19:53+00,0
" TUDO, ESPAÇO E ATENDIMENTO MARAVILHOSO.  GOSTEI DE TUDO",10,2024-06-20 13:05:43+00,1
" Recepção e garçons bem simpáticos e atenciosos.
O café da manhã é bem legal, porém repetitivo para quem passa muitos dias, não tem variação de cardápio, sempre as mesmas coisas, só duas opções de sucos.  Iluminação horrível do quarto, não dava pra ver nada, tomada tinham 2 e nenhuma perto das camas, carregar celular próximo nem pensar.",6,2024-06-20 16:30:18+00,0
" La atencion es lo que mas me gusto. siempre atentos a nuestras necesidades.  La television, tenia poca variedad de canales para ver. Creo que eso es lo unico que podria decir que no estuvo tan bien.",8,2024-06-20 22:35:09+00,0
" Excelente café da manhã, estrutura muito boa , localização adequada perto do evento que participei e também de muitos pontos turísticos.",10,2024-06-21 11:21:45+00,1
 El pwrsonal,8,2024-06-21 11:49:56+00,0
" Eu gostei de tudo. Quartos excelentes, café da manhã com uma variedade imensa, funcionarios educadissimos.....  Nada a declarar, gostei de tudo.",10,2024-06-21 12:03:13+00,1
" Hotel lindo, cómodo, con buen servicio de media pensión (desayuno y cena muy completos)  y cerca de todo. Lo recomiendo, volvería",10,2024-06-21 12:31:06+00,1
" Café maravilhoso, equipe gentil, quartos confortáveis. Estacionamento amplo, com vagas externas e garagem.  Única coisa que não gostei foi a academia: considerando as fotos, esperava equipamentos um pouco melhores e com manutenção em dia.",9,2024-06-21 12:53:19+00,0
" La ubicación  El servicio, wifi, sistema de desague de los baños.
Muy estrictos, no permitian usar los espacios comunes si no estabas consumiendo. 
Solo se podia acceder en la tv a canales portugueses.
En el tercer piso no habia wifi y en los otros espacios funcionaba mal",5,2024-06-22 01:22:17+00,0
" Tudo limpo e organizado ,gostaria que esse elogio chegasse até os superiores do garçom Jerônimo que extremamente atencioso um exemplo de profissional a ser copiado,todos deveriam estar em treinamento com ele para progredir a carreira.  Sem comentários",9,2024-06-22 23:45:00+00,0
" Hotel bem organizado, com excelentes funcionários.
Café da manhã é destaque, a tapioca é excelente.  Hoje em dia os quartos de hotéis são muito escuros, não sei se é para ter uma sensação de ambiente acolhedor. 
Todavia, prefiro com mais iluminação.",10,2024-06-23 14:31:36+00,1
 Nos gustó todo !!!! Espacio....Ambientación...Habitación...Conexión...Desayuno...Personal.  Higiene. Ornamentación.  De 10!!!!  Que llovió y no pudimos usar la pileta 😂😂😂,10,2024-06-23 22:01:59+00,1
 MUITO BOM O CAFE DA MANHA  WIFI,9,2024-06-24 04:16:46+00,0
" Excelente ubicación y muy buena atención! un éxito el desayuno, nos encanto, en especial la tapioca...",10,2024-06-24 10:43:50+00,1
" Ubicacion, desayuno.  La limpieza de la habitacion",9,2024-06-24 12:40:18+00,0
" O café da manhã razoável pelo preço da diária. O quarto estava confortável, mas a pia do banheiro estava entupida. No penúltimo dia não fizeram a limpeza do quarto. A localização do hotel é muito boa.",5,2024-06-24 13:27:08+00,0
" Funcionarios da recepcao muito atenciosos, educados e prontos para resolver qualquer problemas.  Canais de tv nao estavam pegando",9,2024-06-24 13:36:48+00,0
 Funcionarios,9,2024-06-24 13:39:20+00,0
" Hotel bem localizado,com funcionários prestativos principalmente os do bar da piscina e o mensageiro  A limpeza no banheiro e na saida de ar do mesmo deixou a desejar",8,2024-06-24 14:19:47+00,0
" Gostei muito do Café da Manhã, os garçons são bem simpáticos, o garoto que recebe as malas muito educado e possui uma ótima área para estacionamento.  Achei o hotel normal, até um pouco velho, poltrona manchada, espelhos das tomadas caindo, vazamendo de aguá do box molhava a roupa ao sentar no sanitário. 
Academia pequena, com poucos aparelhos, deixa um pouco a desejar.  

Wifi péssimo, precisamos mudar de quarto.",7,2024-06-24 19:56:38+00,0
 Sobremesa do jantar. Atendimento dos colaboradores.  Preço das bebidas.,9,2024-06-25 00:06:06+00,0
 Atendimento dos colaboradores foi excelente. Sempre com sorriso no rosto e gentis  Mais cabides de roupas. Informação claras sobre o seguro oferecido.,9,2024-06-25 00:45:58+00,0
 limpeza e cafe da manha,8,2024-06-25 12:50:36+00,0
 Atençao dos funcionários café da manha muito bom!,9,2024-06-25 13:33:01+00,0
" Todo perfecto. Muy buena relación calidad - precio. Para ser perfecto solo deberían climatizar la pileta. El desayuno es miu bueno y variado y la cena también. Conviene contratar media pensión. Espero continuen así.  Nada,.",10,2024-06-25 15:40:56+00,1
" Localização excelente, atendeu nossas expectativas. Serviço de atendimento da maioria dos profissionais era excelente. Alguns deixaram a desejar.  Alguns atendentes da recepção deixam a desejar no atendimento. O serviço de cobrança não foi de qualidade, as notas fiscais foram emitidas com nome errado.",10,2024-06-25 17:04:11+00,1
" Localização excelente, atendeu nossas expectativas. Serviço de atendimento da maioria dos profissionais era excelente. Alguns deixaram a desejar.  Alguns atendentes deixaram a desejar. O serviço de cobrança é lento, burocrático e veio com erros de digitação dos nomes.",10,2024-06-25 17:08:58+00,1
" Excelente desayuno, y excelente cena.  Debería haber Un poco más de espacio en las habitaciones y tener aunque sea una de las dos  camas mas grandes.",9,2024-06-25 20:30:14+00,0
"Estadia muito boa; providenciaram tomada industrial para que pudesse recarregar meu veiculo híbrido (avisei da necessidade no momento da reserva); piscina aquecida, sauna....no geral, uma experiência agradável.",10,2024-06-26 00:00:00+00,1
"Me parece que a limpeza e manutenção não se falam. Percebe se que as instalações são novas, mas há muitos buracos no banheiro, deixando crer que eram usados suportes de toalhas. Há também limo pelos cantos do banheiro, e ao chegar havia uma “surpresa” dentro do vaso entupido. 
Queriam me cobrar rolha para que eu terminasse uma garrafa de vinho da noite no bar vazio. Como minha reserva não foi direta, me reservaram um quarto barulhento, onde haviam crianças berrando pelos corredores a todo momento. 
Paguei R$2100 e no final ainda tentaram uma taxa opcional de turismo, que me recusei em pagar. A cidade tem isso de irritante.",6,2024-06-26 00:00:00+00,0
 Todo excelente  La comida se repetía mucho.,10,2024-06-27 10:43:30+00,1
" Bom café da manhã
Tamanho quarto
Ar condicionado muito bom  Colchão duro é com molas saltadas 
Travesseiros duros parecendo bem velhos
Ambos desconfortaveis",8,2024-06-27 11:39:02+00,0
" La pileta está muy buena, la atención en general y el desayuno.  La conexión de internet bastante mala.
En el desayuno el mesero un poco molesto solicitando propinas.",8,2024-06-27 13:48:58+00,0
 La ubicación cerca del Shoping  El costo de los masajes en el spad,10,2024-06-27 14:53:12+00,1
" Café da manhã  Haviam quartos melhor posicionados.
Foi nossa primeira experiência no Viale, não conhecíamos as acomodações. Estávamos comemorando aniversário de meu marido e o recepcionista nos disse que o quarto era ótimo.
Passando por outras acomodações a caminho do restaurante vimos que haviam acomodações bem melhores",7,2024-06-27 18:31:48+00,0
 O café da manhã é excelente.  O Wi-Fi não funciona fora do lobby.,9,2024-06-27 21:31:17+00,0
 todo genial  la conexion de internet mala,8,2024-06-28 12:47:07+00,0
 Café da manhã bom  O apartamento indicado não tinha sinal de internet e o segundo ficava muito longe dos elevadores,6,2024-06-28 15:48:14+00,0
" Muy buena ubicación, excelente habitación, buen desayuno, muy buen servicio, personal amable. 
A muy poca distancia está el paradero de bus que los lleva a uno a Brasil para ver las cataratas.",10,2024-06-28 16:53:31+00,1
" Da localização e da tapioca no café da manhã  Achei que as camas não eram tão confortáveis, o banheiro precisa de reforma, box com bastante ferrugem, pela categoria do hotel, está na hora de fazer uma reforma, trocar as camas por outras mais confortável, travesseiros e reformar os banheiros",7,2024-06-28 21:21:03+00,0
" Café da manhã excelente  Limpeza, Wi-Fi e muito barulho",8,2024-06-29 10:44:23+00,0
" Da prestatividade dos funcionários e tamanho dos quartos, comodidades como agência de turismo,  lojinhas e restaurante.  Só pra constar  O ar condicionado não estava com funcionamento satisfatório,  mas nada grave,  a ponto de solicitar manutenção, e a luminária ao lado da cama ficava dentro da cama,  impossível não esbarrar,  tanto que uma até estava pendurada",9,2024-06-29 10:48:29+00,0
" The hotel is ok, in general  I was going there for work, so it´s really important to get a proper invoice with all the relevant data, otherwise my company won´t give me my money back.
The people at the reception desk are unable to do that. I left all the info in a paper sheet for them, as they said they couldn´t do it until later and I had to go to the airport. The invoice they sent me was not right. I asked them to fix it, but they keep ignoring me, so I can´t get it fix and I´ll probably have to pay myself. The same happened to a colleague that left the hotel the day before.",1,2024-06-29 19:42:22+00,0
"Adoramos o hotel, limpeza do quarto e instalações! Mas o que nos chamou a atenção foi a comida do hotel, em especial o café da manhã e o jantar! Parabéns a toda equipe da cozinha, chef, Edivaldo, garçons, meninas da Tapioca, entre outros! Que delícia tudo! Feito com amor e produtos de qualidade! Recomendamos fortemente esse hotel!",10,2024-06-30 00:00:00+00,1
 Funcionários muito atenciosos e a piscina aquecida.  Ta precisando de reparos nos quartos,8,2024-06-30 00:48:24+00,0
" El tamaño de la habitación está muy bien, el desayuno y la cena son excelentes  Había obras en un sector del hotel y los ruidos eran molestos",8,2024-06-30 01:38:39+00,0
" Banheiro e quarto ótimos,  Academia, poderiam colocar uma  inteira nova.",8,2024-06-30 07:28:31+00,0
" Localização, gentileza dos funcionários, tamanho do quarto  Não tem nenhum serviço de bar ou restaurante depois das 23h, quando muitos voos chegam em Foz depois deste horário! Passei a noite com fome!",8,2024-06-30 12:51:45+00,0
" Localização, café da manhã e atendimentos excelente!!",10,2024-06-30 18:51:12+00,1
 Conforto  Nada,10,2024-06-30 18:54:21+00,1
 Muito bom  Nao se aplica,8,2024-06-30 23:48:08+00,0
No geral muito bom tudo! Mas me chamou a atenção o café da manhã e jantar! Excelente comida e variedade! Atendimento do restaurante também eu achei excelente! Pena que quando fomos estava frio e não tivemos coragem de entrar na piscina que apesar de climatizada fora dela fazia muito frio e estava um tempo bem gelado! A mesa de Ping pong foi a nossa diversão da volta dos passeios de alguns dias! Cuidem bem dela!,10,2024-07-01 00:00:00+00,1
 Da limpeza!!  Barulho!!,8,2024-07-01 02:38:08+00,0
 No kettle in room to make tea or coffee. No English TV channels,6,2024-07-01 04:32:13+00,0
" Muy cómodo. Amplia habitación. Excelente desayuno. Y la media pensión también excelente. Precios normales de las bebidas.
Excelente instalaciones, y la pileta también  Todo estuvo bien",10,2024-07-01 12:27:22+00,1
" Localização, custo, tamanho dos quartos e excelente café da manhã.  Academia muito fraca e sem manutenção, o bar do hotel praticamente não existe e o receptivo eu achei que faltou um pouco de gentiliza. Fui pedir uma chave extra e parecia que eu estava pedindo algo roubado.",8,2024-07-01 12:31:27+00,0
" La amabilidad de la gente fue lo que más resaltó, el desayuno como siempre estuvo genial, muy completo, de los mejores de la zona.  Todo estuvo muy bien",8,2024-07-01 13:35:08+00,0
" O café da manhã é incrível, localizado entre o centro e principais atrações, como cataratas, parque das aves e acesso a puerto iguacu na Argentina.  A acústica dos quartos era bem ruim, escutávamos todos que passavam no corredor e também nos quartos ao lado.",8,2024-07-01 14:07:54+00,0
" Café da manhã de hotel é sempre bom, mas esse tinha o adicional da tapioca feita na hora... realmente uma delícia. O hotel fica afastado do centro e perto do aeroporto e das cataratas, o que pode ser bom ou ruim dependendo da preferência de quem vai, mas eu achei muito bom de modo geral. Ficamos em quarto mais afastado, o que no começo achei meio ruim, porém foi a melhor coisa que poderiam ter feito, pois era muito silencioso e a melhor coisa para quem tem criança pequena como nós. Super recomendo o hotel.  O pessoal se esforçava para dar um bom atendimento, interagindo e brincando com meu filho muitas vezes, o que é super legal. Porém alguns deles aparentavam cansaço, fiquei com a impressão que estavam sobrecarregados ou algo do tipo, mas pode ser só impressão mesmo e eles estavam de mau humor rs.",10,2024-07-01 14:22:45+00,1
 Todo no hay nada que no me haya gustado  Nada,10,2024-07-01 15:52:02+00,1
Excelente hotel,10,2024-07-02 00:00:00+00,1
" Café da manhã muito bom. 
Saguão amplo, importante para uma cidade em que os turistas precisam ficar esperando os transfer. 
Quartos confortáveis.",8,2024-07-02 10:24:27+00,0
Hotel muito bom são bem receptivo. Amplo estacionamento valor das diárias muito bom.  Recomendo.,8,2024-07-03 22:28:01+00,0
 Café da manhã e acomodações impecáveis  Não teve o que não gostamos.,10,2024-07-04 00:44:00+00,1
"Muito bom , excelente estrutura e ótimos quartos",10,2024-07-04 01:28:37+00,1
 Localização  Sinal de internet,10,2024-07-04 01:40:01+00,1
 Todo  Todo estuvo excelente,10,2024-07-04 07:10:43+00,1
" Café da manhã excelente.  Quarto escuro, luzes queimada.",7,2024-07-04 14:15:38+00,0
 Sempre uma ótima experiência...  Atendimento no balcão...,8,2024-07-04 17:03:54+00,0
" El hotel es hermoso, los tragos del bar excelentes!  Las habitaciones están en remodelacion... nos tocó una un tanto vieja para ser un 4 estrellas aunque super comoda.",8,2024-07-04 22:42:04+00,0
"El servicio de la habitación pésimo, la habitación bien.",4,2024-07-04 22:56:45+00,0
 las instalaciones impecables... muy buen desayuno...  deberian mejorar los precios del restorant y del snack bar  a los clientes...,10,2024-07-05 04:08:44+00,1
" Camas boa e boa limpeza.  Portas do quarto não seguram o barulho de fora.
Isso incomoda para dormir .",8,2024-07-05 14:08:03+00,0
" Pra quem vai passar a maior parte dos dias fazendo passeios, é excelente  Alimentação e bebidas bem caras no hotel, equipe do bar um pouco perdida com mudança de sistema",9,2024-07-05 17:01:23+00,0
" Localização, café da manhã, hospitalidade e limpeza, são os destaques.  Qualidade da Internet no 2° andar e a iluminação do quarto.",10,2024-07-05 18:28:40+00,1
" Hotel é perfeito, ótima localização com excelente café da manhã. Pegamos com jantar incluso, não precisando procurar restaurante, além da comida ser de extrema qualidade e muito diversificado. Toda a equipe são de um ótimo profissionalismo e competência, Um ponto a destacar é que no local há uma equipe de seguranças, sendo muito discretos,  o que nos deixou mais a vontade e seguros.  Já utilizei do hotel por duas vezes, não havendo nenhum ponto a reclamar, fazendo jus ao valor pedido. Recomendado",10,2024-07-05 20:11:28+00,1
"Gostei mto do hotel, os quartos eram mto bons e o café da manhã era excelente! Espaço e infraestrutura top, boas piscinas! Deu para curtir mto com a família. Há um restaurante dentro e uma lojinha que adoramos tbm!",10,2024-07-05 22:26:29+00,1
" Estaba bueno el desayuno y la cena, también la piscina.  Me gustó todo.",9,2024-07-06 18:49:10+00,0
"Excelente estadia de 3 dias.Atendimento excelente,destacando a pessoa do Sr Edivaldo,do restaurante, o qual nos deu toda atenção e nos ajudou com dicas de trajetos e compras em geral.
Café da manhã excelente e com muitas variedades disponíveis.
Localização fácil para se deslocar qualquer sentido.",10,2024-07-07 00:00:00+00,1
" O hotel tem um excelente custo benefício na opção meia pensão, é perto das principais atrações de foz e da fronteira com a Argentina, e os funcionários são ótimos.  As paredes dos quartos deixam passar fácil os barulhos externos. Conseguia ouvir o elevador do quarto. Não há muito espaço de lazer para crianças.",9,2024-07-07 00:53:47+00,0
" A cordialidade dos funcionários é nota 10 🔝🔝🔝  A academia é pequena com poucos aparelhos e bem bagunçada. 
O estacionamento na frente do hotel estava sempre lotado, aí tem o estacionamento inferior coberto, porém muito sujo, escuro e o elevador para retornar ao saguão está bem feio.",8,2024-07-07 11:00:50+00,0
" Muito limpo, funcionários bem prestativos.",10,2024-07-07 14:36:01+00,1
Confortável e próximo dos principais pontos turísticos,10,2024-07-08 02:57:34+00,1
" Qualidade e atendimento no Restaurante café da manhã e jantar. 
Recreação para as crianças.  O quarto apresentava a necessidade de reparos em detalhes mas que fazem a diferença.",8,2024-07-08 03:05:39+00,0
" Es cómodo y la atención muy buena
.  La limpieza del baño",10,2024-07-08 03:17:58+00,1
" Localizacao, limpeza e atendimento  Acústica dos Quartos é péssima, toda a gritaria de criança e conversa de quem esta nos no Saguão é transferida para as acomodações, a conversa dos ocupantes dos quartos é ouvida pelo quarto ao lado. Nos tivemos que pedir para sermos transferidos de acomodação devido ao barulho das conversas e gritaria no saguão, melhorou mas não o suficiente para um hotel. Uma pena, pois nesse não nos hospedarem mais.",4,2024-07-08 08:58:57+00,0
" Quarto possui bom tamanho, atendendo bem um casal e duas criancas. O cafe da manha é super gostoso e bem variado, porem, em um dos dias da hospedagem, o espaço estava cheio demais, superlotado. Apesar do empenho dos funcionarios, nao estavam dando conta de repor loucas e comidas em razao do excesso de pessoas.  Muito barulho. Na primeira noite nao dormi porque os hospedes do quarto ao lado deixaram a TV ligada. Pessimo isolamento acustico. Quando as pessoas andavam no corredor ou no quarto acima do nosso, parecia q estavam dentro do nosso quarto. Nao voltaria em razao disso, realmente prejudicou a hospedagem.",7,2024-07-08 10:36:43+00,0
" Custo x benefício.
Café da manhã muito bom.  Cascata da piscina sem funcionar
Poucos canais de tv
Academia com esteiras ruins e tv da academia horrível.",8,2024-07-08 15:12:22+00,0
"Hotel muito bom. Funcionários super atenciosos, bem educados e prestativos.",10,2024-07-09 01:59:54+00,1
Muy cómodo y excelente el desayuno. Además tiene cargador gratis para autos eléctricos.,10,2024-07-09 21:01:09+00,1
Wi-Fi muito ruim nos apartamentos e nenhuma flexibilidade para alterar o canal da TV do lobby para assistir futebol em um outro canal que não seja o já pre definido. Valor do buffet jantar  muito alto pela qualidade da comida e o que oferece. Café da manhã excelente.,6,2024-07-10 00:00:00+00,0
"Hotel muito bem localizado com acesso fácil a todas as direções e aos principais pontos turísticos da região.
Equipe de trabalho ótima e super atenciosa para conosco.
Destaco o Sr Edivaldo,do restaurante,o qual foi super atencioso para mim e minha esposa nos dando dicas de compras e cuidados ao irmos para as compras no Paraguai.
Hotel muito limpo e bem cuidado.
O café da manhã é incrível e superou todas as nossas expectativas.
Queremos voltar a Foz e nos hospedar novamente no Viale Hotel Cataratas",10,2024-07-10 00:00:00+00,1
" Café da manhã excepcional, cama extremamente confortável, excelente localização.  Barulhos no corredor. Incomodava principalmente de manhã. Sugestão, por ser um local frio, pegamos entre 8 e 9 graus em nossa estadia, poderiam oferecer um chá ou café cortesia no lobby do hotel.",10,2024-07-10 02:50:45+00,1
" O hotel é muito bom, espaçoso, confortável, muito bem localizado, fácil acesso para diversos pontos turísticos, próximo do shopping. Piscina climatizada, quarto confortável e limpo, café da manhã bem servido.  Sinal de Wi-fi não funcionava bem no quarto (fiquei no terceiro andar). Achei o preço da refeição (jantar) no restaurante muito caro, poderiam cobrar um valor melhor que com certeza muito mais pessoas aproveitariam. Porções do bar da piscina também achei pequena pelo valor.",10,2024-07-10 19:23:53+00,1
"Quarto 122 está um pouco desgastado, porém funcional. Estava limpo. Foi uma estadia rápida com minhas filhas, mas já fiquei em apartamentos melhores no mesmo hotel. O café da manhã é muito bom e a moça da tapioca é sempre simpática e eficiente. A recepção não é simpática nem no check in nem no check out. Poderia ser trabalhado melhor esse aspecto. No mais é um bom hotel para pequenas estadias e relação de custo.",6,2024-07-11 00:00:00+00,0
"Hotel maravilhoso!
Desde atendimento, limpeza, garçons, comida, em especial a tapioca do café da manhã é mega recheada e a moça que faz é mto simpática, cama macia, chuveiro bem quentinho, tudo perfeito.
Em especial gostaria de destacar e agradecer as meninas da recreação, Karol,  Amanda, Jheny, Thais e Dila, pelo carinho, atenção e cuidado com minha pequena (Heloísa).
A Helô ia nos passeios porem ficava pedindo pra ir embora para o hotel pra poder ficar com as tias.
Mto obrigada meninas vcs são 10.",10,2024-07-11 00:00:00+00,1
 Localização  Nada,10,2024-07-11 00:20:40+00,1
" A comida é muito boa, o hotel é confortável e limpo!  Não tem Wi-Fi no quarto 🥲",9,2024-07-11 00:53:34+00,0
" Quarto grande, camas super confortável, café da manhã sensacional com tapioca preparado na hora, estrutura do hotel ótima, não tenho do que reclamar, ótimo custo benefício  Creio que precisa apenas colocar uma lâmpada mais clara no quarto pra deixar mais claro.",10,2024-07-11 02:23:36+00,1
"Es un hotel espectacular. Es lo mejor de lo mejor. Las habitaciones, el desayuno, el personal. Todo de primera calidad.",10,2024-07-11 02:39:07+00,1
" Localização, quarto  Limpeza, recreação",9,2024-07-11 12:20:34+00,0
 Las instalaciones y el servicio de media pensión que es excelente.  La atención del personal del front desk,9,2024-07-11 13:12:11+00,0
" Hotel é bom, mas precisa de atenção em alguns pontos. Café da manhã maravilhoso.  Reservei dois quartos, minha mãe chegou algumas horas antes de mim, e mesmo a reserva dos quartos sendo junta, eles não deram a chave do outro para ela, quando cheguei a recepcionista me deu um quarto no térreo, o outro era no segundo andar, perguntei se não  tinha do lado do quarto da minha mãe ou no mesmo corredor, ela disse que não tinha. Pedi mais perto, ela me deu um no terceiro andar, dizendo que era superluxo ???(Não sei qual era a diferença do super luxo, pra mim era igual ao da minha mãe.)
Continuei longe do mesmo jeito, tive que ficar atravessando o hotel para ajudar minha mãe e meus filhos no outro quarto. 

A piscina era aquecida, mas somente em alguns pontos, outros estava fria. Está precisando de manutenção, alguns locais está sem azulejo, a casacata e saídas da hidro estavam desligadas e a parte de cima (infantil) estava gelada.",8,2024-07-11 22:40:18+00,0
"Excelente la atención en el hotel, muy seguro el lugar y recomendable la media pensión, muy completa... tiene un buen servicio turistico en el libby y a menos de 10 cuadras se encuentra el Shopping Palladium... gracias Victoria y Andressa por su hospitalidad, las mejores!",10,2024-07-12 00:00:00+00,1
" Localização perfeita, café da manhã excelente.  Achei que as instalações estão meio caidinhas, academia bem caída, no quarto o secador não funcionava direito. Muito barulho, pessoal fica na recepção e o barulho sobe para os quartos.",7,2024-07-12 00:56:43+00,0
" Cama boa, quarto satisfatório.  Internet ruim, salão de jogos e academia ruim, .muito lotado parece mais gente que comporta",6,2024-07-12 11:46:00+00,0
" Gostei do café da manhã, do bar do hotel com drinks e lanches gostosos. Estacionamento amplo em frente ao hotel e outro coberto gratuito para quem vai de carro. Localização boa próximo de shopping e dos passeios. E ótimo serviço de traslado para compras no Paraguai anexo ao Hotel. ( pago a parte).  Não gostei da acomodação precisa uma reforma no banheiro, muito barulho no corredor tarde da noite. E pouca iluminação.",7,2024-07-12 12:36:17+00,0
Divino. Impecable el hotel. Desayuno y Cena 100 puntos. Excelente relación precio calidad.,10,2024-07-12 17:32:53+00,1
 Tiene cargador para autos eléctricos sin costo  Nada,10,2024-07-13 02:25:11+00,1
 nada a comentar  nada a comentar,9,2024-07-13 11:32:56+00,0
 Excelente café da manhã,10,2024-07-13 16:21:01+00,1
Esplêndida...,10,2024-07-13 16:53:36+00,1
 Excellent pool. Fantastic breakfast. Very welcoming and attentive staff.  Location isn’t great - slightly out of the city.,9,2024-07-13 17:15:16+00,0
" Buffet del desayuno
Limpieza",10,2024-07-13 19:29:55+00,1
"Hotel excelente, café da manhã maravilhoso, limpeza etc... Em especial adorei os espaços para as crianças, sala de jogos e recreação, destaque para as monitoras da recreação, Karol, Amanda, Jheny, Dila e Thais, meus filhos adoraram elas, o tempo estava chuvoso, então a recreação foi fundamental para a diversão deles.",10,2024-07-14 00:00:00+00,1
 El desayuno es excelente  La habitación podría tener más luz,9,2024-07-14 16:51:34+00,0
" Muy limpio buena comida desayuno pileta y ubicación 
La atención de Claudio",9,2024-07-14 20:38:50+00,0
"Hotel muito funcional,iluminação do quarto excelente,limpeza ok,WC e quarto com tamanho  ideal,próximo de 2 shoppings,bares,recomendo muito,café da manhã ótimo.",10,2024-07-15 00:10:48+00,1
 Que nos tocaron días de mucha lluvia y temperaturas bajas y hacia frío en las habitaciones... el resto espectacular todo,9,2024-07-15 00:14:10+00,0
" Único ponto positivo é o café da manhã  Começando que um hotel desse porte não tem um café grátis pros hóspedes. Tive que pagar 6,50 num café absurdoooo! Preços exorbitantes no bar caso queira comer lá. Limpeza dos quartos nem se fala embaixo das camas até teia de aranha tinha. Internet a pior que já vi.

Resumindo nunca mais!",4,2024-07-15 01:23:28+00,0
" El desayuno y el almuerzo espectacular!todo el personal muy amable! El sauna, la sala de juegos, todo divino!!!volvería, sin duda!  Nada",10,2024-07-15 01:58:25+00,1
" Excelente hotel, personal super amable,   Desayuno y cena muy buena!! Volvería  Nada",10,2024-07-15 13:01:28+00,1
 O hotel é perfeito.  Preço do jantar,9,2024-07-15 13:04:55+00,0
 Gostei de tudo  Tamanho do quarto.,9,2024-07-15 16:11:19+00,0
 Do atendimento e da presteza em atender demandas de room service. Quarto confortável. Viajei em família (03 adultos e 01 criança) e as acomodações foram plenamente satisfatória.  O fato de não ser perto do centro pode atrapalhar um pouco para as saidas a noite. Nada que comprometa.,9,2024-07-15 16:26:01+00,0
" Café da manhã
Tapioca feita na hora  Infra do hotel relativamente pobre quando comparada aos hoteis próximos",7,2024-07-15 16:43:22+00,0
 Excelente café da manhã,9,2024-07-15 16:52:46+00,0
 Conforto e limpeza  Secador de cabelo poderia ser melhor,9,2024-07-15 20:46:59+00,0
" Hotel maravilhoso,nos receberam muito bem.  Cafe da manhã excelente e variado.. irei retornar e ir no mesmo hotel . Recomendo estão de parabéns..",10,2024-07-16 00:20:14+00,1
 Tiene muy buen precio calidad  Es un poco viejo,8,2024-07-16 01:22:57+00,0
 Desayuno tiene muchas frutas  Instalaciones deben renovar,8,2024-07-16 01:24:17+00,0
" Excelente hotel. Quartos espaçosos e confortáveis. Café da manhã e jantar com boas e variadas opções. Foi uma ótima escolha optar por meia pensão, recomendo.  A estrutura e equipe para recreação infantil ficou um pouco aquém do esperado.",9,2024-07-16 01:25:06+00,0
" La recepción, el bar y el restaurant estaban bien, comedor grande. El desayuno bueno y bien completo. La atención en el restaurant buena. El servicio de limpieza bien.La ducha sale bien calentita el agua.  En las fotos que vi antes de reservar vi una piscina linda e iluminada que en la realidad esta descuidada falta de mantenimiento parece, también creí que al ser un hotel 4 estrellas iba a tener un spa lindo, y quería usarlo y no me gusto. Era un local con 2 camillas en el subsuelo cerrado solo con turno te entendían. Y un sauna. Medio viejo todo. Tambien pedi habitacion nueva y nos toco de las viejas, la base de las  camas estaban horribles, defondadas las bases del sommier casi tocan el piso y despeluchadas la tela. La silla llena de humedad. Muy poca luz en la habitacion. Para mi que buscaba un hotel 4 estrellas esperaba un poco mas de lujo y un mejor spa. Y la cena tampoco nos gusto mucho la comida. No volveria.",7,2024-07-16 03:48:07+00,0
" O café da manhã e acomodações são excelentes.  Cobrar uma taxa de rolha de R$ 60,00 é muita coisa. Poderia ser um valor mais módico.",9,2024-07-16 13:04:19+00,0
" La comodidad de la habitación,  su ubicación y el trato del personal.  No es que no me gustará sino que encuentro las instalaciones algo antiguas eso es todo.",10,2024-07-16 16:40:20+00,1
"Hotel precisa de uma repaginada e, principalmente, fluxo dos hóspedes. Muito barulho nos quartos, arrastando móveis, gritaria. Tivemos que trocar de quarto 3 vezes porque o ar condicionado não funcionava, super sujo, sem manutenção. Para um hotel daquele porte, com muitos hóspedes, o mínimo é a manutenção periódica.
Infelizmente, não foi agradável e, não voltaremos!",4,2024-07-16 17:22:10+00,0
"Razoavel o hotel e o quarto sao muito escuros 
O café da manhã é muito bom",6,2024-07-17 00:00:00+00,0
"Muito bom. Limpeza, organização, ótimo atendimento, café da manhã maravilhoso, espaço seguro e  climatizado. Recomendo. 
 Espaço recreação muito divertido, as crianças amaram. Obrigada pelo carinho, em especial para a Amanda, Karol e Thaís.",10,2024-07-17 00:00:00+00,1
" Café da manhã excepcional,  camas confortáveis,  restaurante nota 10  Check-in poderia ser mais eficiente. Outro ponto negativo é que toda vez que me hospedo lá, sempre tem um valor maior que o contratado para pagar.",9,2024-07-17 00:56:11+00,0
 Excelente o café da manhã e o conforto da cama  Absolutamente nada. A estadia foi impecável,10,2024-07-17 01:07:57+00,1
 Comida increíble,10,2024-07-17 12:07:36+00,1
 Froideur de l’architecture et de l’ameublement. Lobby impersonnel. Chambres déjà vieillissantes. Couloirs mornes. Décoration minima. Buffet inter national peu goûteux.,5,2024-07-17 12:33:07+00,0
" Hotel confortável. Apartamentos excelentes. Equipe com bom atendimento. Café da manhã ótimo.  Internet ruim. Cai sinal o tempo todo e precisa realizar conexão constantemente. Jantar paga a parte (tudo bem), porém entrei somente para acompanhar minha esposa e filha (não consumi) e funcionário lançou no sistema o meu consumo também.",8,2024-07-17 14:19:32+00,0
 tudo  não teve,10,2024-07-17 14:27:24+00,1
" El desayuno estuvo muy variado y la ubicación del hotel muy buena, cerca de las principales atracciones  La limpieza de la habitación super bien pero la del baño no tanto... La calefacción de la habitación no funcionaba",8,2024-07-17 18:54:42+00,0
"Hotel excelente, atendimento cordial, comidas saborosas e variadas, destaque para a equipe de recreação, que além de divertir os filhos com brincadeiras saudáveis ainda permite aos pais momentos de descanso e relaxamento. Recomendo para ótimas férias em família.",8,2024-07-18 00:00:00+00,0
" Boa, mas às vezes o cartão do quarto não funcionava.",8,2024-07-18 10:02:03+00,0
 Muy buen desayuno y trato del personal  La cama no es buena,8,2024-07-18 13:04:08+00,0
" Tudo ótimo, atendimento em geral, café da manhã maravilhoso, jantar espetacular.  Secador de cabelo muito fraco.",9,2024-07-18 14:22:30+00,0
"Boa. Tivemos que trocar de quarto, pq o aquecedor deu problema.",6,2024-07-19 00:00:00+00,0
Beautiful hotel,10,2024-07-19 00:00:00+00,1
"Exelente lugar, muy muy lindo. El desayuno es muy completo y todo es muy rico! el lugar está muy buen cuidado. Tiene un parque muy prolijo y una hermosa pileta. El bar es muy lindo. El personal atiende con la mejor buena onda. Seguramente volveremos! Lo estaban remodelando. En poco tiempo estará mejor y no habrá tanto ruido de martillos..",10,2024-07-19 00:25:06+00,1
" Refeições variadas e saborosas; Comodidade; Cordialidade dos funcionários; Equipe de recreação infantil.  Não chega a atrapalhar a estadia, mas os banheiros são antigos necessitando ser repaginados e modernizados.",9,2024-07-19 00:37:24+00,0
" O hotel fica próximo a diversas atrações em Foz, ao shopping Catuaí, à fronteira Argentina, ao aeroporto e também do centro da cidade. Tem um lobby confortável e espaçoso, aquecido no frio, o Café da manhã é excelente e a meia pensão tem um excelente custo-benefício, porque ao passar o dia na rua, poder jantar no próprio hotel vale muito a pena (o jantar é muito bom tb!). Quarto com bom tamanho, chuveiro bem quente, ar condicionado funciona muito bem (quente/frio). Estacionamento gratuito, ao ar livre, na frente do hotel, com limite de vagas.  O quarto que ficamos precisa de mais cuidados (pintura das paredes, tampa do vaso sanitário bem desgastada, tomada com mau encaixe); o chuveiro tem baixa vazão. O WiFi é bastante intermitente em todo o hotel  e não é suficiente para rodar vídeos sem travar. A TV disponibiliza poucos canais e não tem a opção Smart. Apesar dessas observações, gostamos da hospedagem e nos hospedariamos novamente!",9,2024-07-19 23:55:55+00,0
 Hotel bem localizado e de fácil acesso; quarto aconchegante e limpo; roupas de cama limpas e sem cheiro; banheiro amplo e com bom chuveiro; restaurante com bastante espaço e comidas boas; funcionários e atendimento bons.  armário do quarto é muito pequeno para acondicionar roupas e utensílios pessoais; espaço fitness pequeno e  com poucas opções de aparelhos/equipamentos/pesos para exercícios,7,2024-07-20 13:41:13+00,0
" Funcionários atenciosos, recreação excelente e refeições deliciosas",10,2024-07-20 20:10:08+00,1
" Quarto limpo, café da manhã excelente, funcionários super educados e localização muito boa. Perto de um shopping que ajudou bastante.  Ar condicionado mesmo na velocidade máxima não ventava nada, como era madrugada verifiquei o filtro de poeira que estava completamente obstruído de tanta sujeira. Como era madrugada eu mesmo lavei e depois o ar funcionou maravilhosamente bem. Devia ter cobrado mão de obra de manutenção pois nos cobraram 18 reais por uma garrafa de água de 1,5L. Entendo que não deva custar o mesmo preço de um mercado ou de um botequim, mas cobrar 18 reais em uma garrafa de água achei desnecessário. Se soubesse teria comprado as 4 garrafas que consumimos fora.",8,2024-07-21 01:08:55+00,0
 Excelente localização e acomodações. Fácil acesso às atrações.  Ter que ir embora,10,2024-07-21 01:39:34+00,1
" Excelente Hotel.
Instalaciones impecables. 
Desayunos y cenas.",10,2024-07-21 04:45:50+00,1
 Localização limpeza café da manhã hotel muito bonito.  Na hora do check in quase perdi meu vôo pq a recepção não tinha um contato de nenhum táxi Uber ou parceiro vcs precisam melhorar isso era muito cedo nunca imaginei que não conseguiria táxi Uber não custa ter um contato de um ponto de táxi tb é responsabilidade nossa mais não custa para o hotel ter um contato  a internet está muito ruim.,7,2024-07-21 13:43:37+00,0
" La calidad de la comida, y el personal siempre atento a todo  Nada",10,2024-07-21 22:19:11+00,1
" Hotel grande, funcional. Desayuno y cena buffet variado.   Bien ubicado.  Pileta mediana en relación al tamaño del hotel. Poco parque.",9,2024-07-22 00:58:09+00,0
" Localização, cama e chuveiro  Não tinha kit de higiene no banheiro, nem toalhas para o casal. Quando solicitado não recebemos os itens, precisei ir a recepção para ser atendida.",7,2024-07-22 01:50:10+00,0
" Muy bien el desayuno, bien brasilero, muy buena ubicación.  En una habitación triple habían 2 camas dobles de 1.40 m de ancho, muy angostas. El baño no era muy moderno tampoco.",7,2024-07-22 11:28:42+00,0
 Ótimo  Otimo,10,2024-07-22 11:58:23+00,1
" Hotel ótimo.
Quase nada a reclamar.  Poucas tomadas no quarto e o banheiro estava com vazamento na pia.",9,2024-07-22 14:15:20+00,0
 Localização.  Internet nos quartos precisa melhorar muito.,10,2024-07-22 19:36:12+00,1
" O restaurante bom e atendentes atenciosos.  O wi-fi não funcionou a estadia inteira, utilizei 100% do meu celular. Em alguns dias que ficamos só no hotel por causa do frio, os canais a cabos não funcionavam direito com o som e imagens truncados. A solução foi utilizar o pacote do celular.",8,2024-07-22 19:44:28+00,0
" Hotel limpo e organizado. Excelente buffet de café da manhã, com variedade de bolos novinhos e pães saborosos, salada de fruta fresca todos os dias, tapioca, pão de queijo leve, iogurtes, sucos, dentre outros itens. Funcionários do restaurante muito atenciosos e prestativos. Quarto standard é espaçoso e a cama, confortável. Não é permitido fumar, o que é excelente para quem não fuma, como eu. Boa localização, na Av. das Cataratas, próximo de várias atrações. Estacionamento gratuito em frente, sempre consegui vaga.  O que mais me incomodou foi o barulho até meia noite na minha janela. O hotel tem apenas 3 andares e meu quarto ficava no segundo (apt. 204), em cima das mesas da área da piscina, onde hóspedes ficavam conversando animadamente. Cheguei a perguntar à recepção se havia uma política de silêncio, considerando que eu teria que acordar cedo em função dos passeios contratados. Foi-me informado que o serviço da piscina era encerrado às 23h30 (o que já seria tarde, convenhamos), mas isso não aconteceu, apenas meia noite mesmo. Ficou claro que o hotel não se indispõe com os clientes que estão consumindo na área de lazer. Precisei que uma roupa de criança fosse lavada no hotel, mas esse serviço não é prestado e tive que procurar lavanderia fora. Contratei meia pensão e o buffet de jantar me atendeu pelo fato de estar com crianças e não desejar sair para jantar fora, porém a comida é simples o preço, elevado para quem for contratar à parte (95 reais por pessoa), principalmente diante das boas opções de restaurantes que a cidade oferece.",7,2024-07-23 00:26:51+00,0
" Café da manhã  Hotel com área externa suja;
Cama desconfortáveis;
Wifi não pegou no quarto nenhum dia;
Pedimos quarto alto, nos deram o quarto mais baixo do hotel e ao lado da recepção, com bastante barulho;
Espaço de jogos com material quebrado (tacos de sinuca, raquetes ping pong)",2,2024-07-23 00:52:32+00,0
" Breakfast  I forgot a phone charger in the wall socket when I left the hotel. But they informed they didn’t find.
Besides this, I booked a room for 1 adult and 2 children, but upon arrival, they informed me that it was reserved for 1 adult only",4,2024-07-23 10:22:26+00,0
 Piscina gelada,10,2024-07-23 12:10:48+00,1
 Poucos sucos.,8,2024-07-23 12:11:39+00,0
 Tudo. Hospedagem maravilhosa.,10,2024-07-23 23:25:30+00,1
 Tudo.,10,2024-07-23 23:58:27+00,1
"O hotel possui um excelente custo-benefício. Utilizei 3 diárias com meia pensão para a família, 2 adultos e 2 crianças. Destaque para a recreação, monitoras Karol, Amanda, Jheny, Thais, Dila e Karine, que conseguiram divertir e entreter as crianças. Apenas deixo uma recomendação para a cozinha do hotel, para proporcionar um cardápio de jantar mais palatável às crianças.",10,2024-07-24 00:00:00+00,1
"Amamos a experiência! Foram dias incríveis em família. A recreação do hotel é maravilhosa. As tias Karol, Amanda, Thaís, Jheny, Dila e Karine são sensacionais…elas fazem toda a diferença para os nossos pequenos! Curtimos demais e indicamos mil vezes",10,2024-07-24 00:00:00+00,1
 Tudo maravilhoso! Voltaremos com certeza!,10,2024-07-24 05:08:01+00,1
" Localização.  
Buffet.  
Atendimento. 
Recreação Infantil.  Custo da água mineral.  Ausência de ""água da casa"" no buffet do jantar.",9,2024-07-24 13:11:37+00,0
" Café da manhã 
Cama
Chuveiro  Faltam cabides no banheiro",8,2024-07-24 15:42:59+00,0
"Hotel muito bom, com excelente atendimento. O café da manhã com uma variedade muito boa. Outro serviço muito bom é a recreação. As recreadoras são muito atenciosas e tratam muito bem as crianças, especialmente, as tias Karol, Jhene, Amanda, Thais Dila e Karina.",10,2024-07-25 00:00:00+00,1
 Tudo impecável  Gostamos de tudo,10,2024-07-25 00:42:52+00,1
 Todo  Todo lindo,10,2024-07-25 00:43:36+00,1
"Muito bonito e aconchegante, funcionários bastante prestativos. Café da manhã excelente!",10,2024-07-25 03:09:02+00,1
" El desayuno y la cena buffet eran muy abundantes y ricos, preparaban tapiocas y las servían en el momento con los ingredientes que uno elegía, ¡deliciosas!. La atención de los meseros fue excelente, atentos en todo momento. Y sin duda lo mejor fue el servicio de recreación, las chicas daban lo mejor,  a mi nene de 11 y a mi nena de 8 les encantaba ir a jugar ahí, tienen un salón muy amplio destinado a tal fin, además en el subsuelo hay juegos como tejo, ping pong, metegol, b billar en donde pueden jugar solos o compartir un momento en familia.  No hubo nada malo, nos encantó todo. Hubiese Sido lindo que alguna de las piletas estuviese climatizada para poder disfrutarlas, ya que fuimos en vacaciones de invierno, pero el clima estaba agradable.",10,2024-07-25 10:51:40+00,1
"O hotel é maravilhoso, ambiente limpo, cheiroso e organizado.  Quartos limpos, tamanho bom pra família. Funcionários todos cordiais. Cafe da manhã excelente.
Localização muito boa.",10,2024-07-25 13:21:18+00,1
 As dependências do hotel  A luz do quarto podia ter Lu branco e mais tomadas,10,2024-07-25 18:32:52+00,1
" Excelente o quarto, tamanho da cama e travesseiros.  Muito barulho nos corredores e foi possível ouvir pessoas pulando no quarto acima do nosso",9,2024-07-25 19:46:41+00,0
 A atenção dos funcionários responsáveis pelo café da manhã,9,2024-07-26 09:43:49+00,0
" Amei o hotel, superou minhas expectativas. Os funcionários muito educados e prestativos. Com certeza iremos voltar!",10,2024-07-26 14:34:32+00,1
" La verdad excelente en todo, el desayuno es excelente, las habitaciones excelentes, el buffet de la cena es  realmente espectacular,",10,2024-07-27 08:44:22+00,1
" Maravilhoso! Limpeza, café da manhã incrível. 
Conforto e atendimento impecáveis.",10,2024-07-27 11:07:21+00,1
 Precio calidad inigualable!  Me hubiera gustado que nos asignen una habitación más nueva...,8,2024-07-27 11:40:41+00,0
" Cidade, localização e café da manhã.  Hotel precisa investir em internet, wi-fi péssimo.",9,2024-07-27 14:53:02+00,0
" Café da manhã  Internet horrível, não funcionava no quarto.",8,2024-07-27 16:14:08+00,0
" Soy celíaca y el personal estuvo atento a mi dieta y bien predispuesto. Todo rico y variedades de platos.
La limpieza es excelente y destacable, el hotel huele muy bien, detalle importante.  Falta experiencia de algunos empleados para abordar situaciones a resolver. Algunos parecen desorientados sin información.
La piscina no es climatizada en invierno.",8,2024-07-27 18:36:58+00,0
" Hotel maravilhoso, funcionários muito simpáticos, todos, sem exceção, com um atendimento perfeito. 
Hotel conta com recreação para as crianças,  as meninas são demais, minhas filhas amaram...todo dia tem atividades.
Café da manhã muito bom, tem sempre uma moça que faz tapioca na hora.
Hotel tem piscina adulto e a infantil é climatizada, SPA, sauna, sala de jogos,  academia. 
Tudo perfeito, voltaria com certeza.",10,2024-07-27 20:28:01+00,1
" El desayuno, la cena, atención del personal y las instalaciones.  Nada!",10,2024-07-27 23:55:21+00,1
" Quartos confortáveis, buffet de café da manhã maravilhoso, acesso fácil e localização muito boa.  As opções do bar/restaurante são limitadas e caras.",10,2024-07-28 07:26:42+00,1
" Estrutura do hotel e atendimento impecável de todos os funcionários. Para quem viaja com crianças é um ótimo lugar, tendo em vista que há uma equipe de recreação disponível. Possui um amplo estacionamento.  Iluminação do quarto poderia ser um pouco melhor.",10,2024-07-28 15:48:49+00,1
" Muy buena la limpieza gral y el servicio del personal. 
El desayuno es excelente, mucha variedad y opciones. 
La cena esta bien, pero no esta a la altura del desayuno, en este caso hay poca variedad de comida dia a dia.  La cena esta bien, pero no esta a la altura del desayuno, en este caso hay poca variedad de comida dia a dia.
Por otro lado la zona de juegos podrían mejorarla con muy poco. El pool tiene los tacos con las punteras rotas, la mesa de ping pong con paletas rotas y pelotitas que pican mal, mesa de tejo sin disco.",7,2024-07-28 15:48:57+00,0
 Bom espaço,8,2024-07-28 18:42:07+00,0
" El desayuno es fabuloso. Pero destaco el equipo de atención formado por los Sres. Claudio, Edivaldo, Eliane,  y muchos de los anfitriones que atienden en el sector. Están en los detalles y eso hace sentir como en casa al huésped. En la cena ha mejorado muchísimo la selección de postres en comparación con años atrás, variando todas las noches la pastelería ofrecida.  Recepción: primer contacto con el Huesped; Creo que podría reverse el tiempo que el pasajero,  principalmente las familias que llegan con niños al Hotel, tardan en ingresar a las Habitaciones. Decir que el check inn es a las 14 hs cuando hay capacidad disponible y sugerís que la gente se vaya a pasear lo veo antipático. En mi caso, esperé 1.30 hs con 3 hijos hasta que ante una ""nueva consulta"" me dieron los dos cuartos......es la 4ta vez que me alojo allí... Algunos trabajadores del Sector se los notaba con cara poco agradable.",9,2024-07-28 19:14:27+00,0
"Hotel simplesmente maravilhoso, desde o atendimento de todos os funcionários até as instalações. 
Café da manhã muito bom, piscina, recreação para as crianças com atividades o dia inteiro e as recreacionistas são bem queridas.
O hotel fica no caminho para as Cataratas.",10,2024-07-29 00:00:00+00,1
" El desayuno  Bar cierra temprano , personal de recepción muy desagradable. Sauna apagado. Sin enchufes universales.",8,2024-07-29 00:17:28+00,0
" El desayuno. La limpieza. La comodidad. La cena de la media pensión, y la amabilidad del personal.",10,2024-07-29 01:38:26+00,1
 El desayuno y la atención muy bueno..sugeriría q la pileta  sea climatizada..  .,10,2024-07-29 09:38:53+00,1
" Boa localização e bom café da manhã  péssima limpeza do quarto, cama desconfortável, roupa de cama surrada e com cheiro ruim. Alimentação do bar da piscina sem qualidade.",4,2024-07-29 14:25:24+00,0
 Café da manhã muito bom  O preço poderia ser melhor,8,2024-07-29 15:35:28+00,0
 Café da manhã excepcional,10,2024-07-29 15:41:13+00,1
" Excelente atención. El personal super atento y la comida muy buena calidad. 
Ideal para chicos. Sala de juegos y recreación.",10,2024-07-29 18:21:33+00,1
" Cama muito confortável, banheiro ótimo muito limpo e chuveiro é muito gostoso! 
Café da manhã variado e comida gostosa! 
Recreação legal!  A parte da recreação faz muita a diferença na hospedagem mas falta estrutura, o local é escuro e sem janelas não tem brinquedos, estão fazendo o possível com o que tem mas poderia melhorar bastante.",10,2024-07-29 19:01:52+00,1
"Fiquei 06 dias hospedados e sempre foi muito bem atendido desde recepção, cafe da manha, limpeza dos quartos enfim todos os funcionarios sempre atenciosos a atender qualquer solicitação. Voltarei com certeza.",10,2024-07-30 00:00:00+00,1
 cafe da manha  internet fiquei 3 dias sem no quarto e depois que arrumaram caia algumas vezes,7,2024-07-30 01:17:03+00,0
" Hospedagem perfeita, café da manhã, jantar, espaço comum do hotel, acomodação, recreação para as crianças e localização sensacionais!  Um pouco de mofo aparente na cortina do quarto, e sinal do wi-fi dentro do quarto oscilando bastante, mas nada que desabone a experiência que foi fantástica.",10,2024-07-30 10:04:27+00,1
" el servicio de comedor estupendo. buffet libre, con abundancia de platos y variedad de opciones. 
El personal de sala atento y eficaz ( algunos más que otros)  el personal de recepcion bastante incompentente . Llegamos a las 2 de la mañana por vuelo retrasado y el chico que nos atendió nos hizo perder muchísimo tiempo. Puso mal los nombres, nos quería cobrar cosas que estaban ya abonadas. Un desastre . 
Una de las habitaciones hubo que cambiarla porque no llegaba el wifi.",7,2024-07-30 11:36:07+00,0
 Café da manhã ótimo e recreação para as crianças  Restaurante com valor alto para o cardápio que possuí.,9,2024-07-30 12:22:10+00,0
" Funcionários atenciosos e prestativos. 
Ótima localização, próximo do shopping Catuaí Palladium, Blue Park e Churrascaria Rafain. 
Ótimo café da manhã com tapioca deliciosa. 
Jantar com variedade de pratos salgados, saladas e sobremesas. 
Camas confortáveis.",10,2024-07-30 23:52:26+00,1
"O objetivo da minha avaliação não é prejudicar a imagem do hotel, mas sim, torcer para que sirva de algum modo para a melhoria do mesmo, é um hotel potencial mas que peca em alguns pontos. 

Após longa pesquisa de hotel para passar 4 dias com minha esposa e nossos dois filhos pequenos optamos pelo Viale Cataratas… pagamos aproximadamente R$ 620,00 a diária, o que na minha opinião já é um valor razoável de se esperar um excelente atendimento, já paguei muito menos por excelentes hotéis. 

Na chegada adorei que tem um funcionário auxiliando com as malas, o pessoal nos ajudou a retirar as malas e levou até o quarto! Ponto super positivo pro hotel, principalmente no meu caso que estava com crianças… 

Tem estacionamento na frente do hotel com segurança 24h e também na parte de baixo do hotel, estacionamento fechado…

Ao entrarmos no quarto o primeiro ponto negativo, o quarto estava com o chão sujo, encontramos uma roupa intima feminina e também um absorvente feminino, desci na recepção informar, o Supervisor me atendeu, se não me engano o nome era Marcio, foi gentil e atencioso, insistiu em nos dar 04 vales Drinks mesmo eu dizendo que não havia necessidade, fomos para a piscina até que voltassem ao quarto para organizar e limpar novamente…

Na piscina a segunda decepção, consta que a piscina é aquecida, realmente, existe um sistema de aquecimento, mas está longe da agua ser até mesmo morna, quem dirá quente, eram 16h com um sol de 29 graus e meus dois filhos já estavam batendo os dentes de frio. A agua era muito mais fria do que quente. 

Decidimos então descer para a sala de jogos, que é ao lado da piscina, outra decepção…
Mesa de sinuca com apenas dois tacos e super mal cuidados, havia também um outro brinquedo que não recordo o nome, segura-se um pino e bate um disco sobre a mesa para fazer ponto no adversário, um pino também estava faltando, ou seja, a sala de jogos passava uma impressão de não ter o mínimo de cuidado. 

Ao voltarmos ao quarto, o mesmo estava super limpo, parabéns ao pessoal da limpeza, o trabalho foi impecável, havia também um pedido de desculpas e um prato de frutas frescas, foi
ótimo, as crianças se deliciaram!  

Então identificamos outro ponto, este super negativo no meu ponto de vista e que é algo super básico e de extrema necessidade nos dias atuais, internet. Sinal horrível! Pegava no celular hora sim, hora não. Não conectava na televisão, ou seja, tv smart? Esqueça… se quiser assistir uma serie vai ter que espelhar, e desejo sorte, em 4 dias não conseguimos uma vez sequer! Levei meu notebook para trabalhar, não consegui acessar a internet no quarto uma única vez sequer, realmente horrível, quando liguei na recepção pra questionar o retorno foi “tem que descer na recepção, aqui a internet funciona bem”.

Sobre o banheiro, tudo ok, chuveiro era bom! 
Nada quebrado, tudo organizado e nos conformes… 

café da manhã delicioso! Jantar excelente também, não almoçamos no hotel nem um dia. 

A recreação tinha uma agenda ótima também, nossas crianças não ficaram, mas parecia ótimo! Recreadoras atenciosas e organizadas nas tarefas com as crianças 

O hotel tem um sala pra você pegar agua e esquentar, lavar mamadeira também, até uma cadeirinha de alimentação tem lá, bem útil pra quem como eu tem filho bem pequeno! 

Achei um pouco absurdo  cobrarem R$ 10,00 por 200ml de leite, mas acho que isso é um detalhe…

Ponto bem positivo para os garçons, super gente boa! Gostamos de vários 

Já próximo de ir o meu relógio de pulso sumiu, era um relógio de alto valor, perguntei ao hotel em duas oportunidades se haviam localizado e as duas vezes só me responderam que não, não tenho como saber exatamente o que aconteceu, mas de qualquer forma considero o erro meu por não ter utilizado o cofre que fica disponível no quarto. 

Resumidamente, acho que o hotel tem muiiiito a melhorar, mas tem potencial, desde que seja trabalhado alguns pontos!",4,2024-07-31 00:00:00+00,0
"Recreação e as tias da recreação ótimas, atenciosas. Pessoal da limpeza dos quartos excelentes e prestativos. 
O hotel vale o custo benefício. 
Quartos bons só deveria ser mais iluminado. 
O café e janta são bons mas eles tiram muito rápido e não repõe as vezes as comidas que acabam.",10,2024-07-31 00:00:00+00,1
" El hotel muy bueno, instalaciones y servicios de primera , muy limpio y lo mejor contratar con media pensión el dasayuno y la cena de 10!! Muchísimas opciones todo rico,.prolijo y rápido podes elegir entre muchísimas opciones tipo buffet de calidad!!! Excelente relación precio- calidad!!!  ---",10,2024-07-31 00:33:40+00,1
" Localização, funcionários,alimentação e ducha do banheiro  Acústica do quarto: tudo que é barulho da para ouvir. 
Ar condicionado: necessita manutenção mais regular. 
Crianças correndo pelo corredor após as 22:00
Janela do quarto no 1⁰ andar é de sistema que não abre. 
Iluminação fraca: poderia ter uma luz central e mais forte como opção para o hóspede.",8,2024-07-31 02:19:43+00,0
" Café da manhã muito bom, com muitas opções.
Estacionamento sempre disponível.
Opções para as crianças na sala de jogos bem como com a recreação bem satisfatórios.  Limpeza dos quartos, especialmente banheiro, deixando bastante a desejar.
Tomadas nos quartos em estado precário, com dificuldades até mesmo para colocar carregar o celular.
No nosso quarto o cofre apresentou problema em 2 ocasiões.
Nitidamente, falta de manutenção.",7,2024-07-31 12:41:00+00,0
" It is clean, well located with delicious breakfast included. Friendly staff  A/C is too cold. A bit of a long distance to our room",10,2024-07-31 23:24:10+00,1
"ESTÃO DE PARABÉNS , ÓTIMO ATENDIMENTO DESDE A CHEGADA NO HOTEL , QUARTO ÓTIMO , CAFÉ DA MANHÃ ESPETACULAR. RECOMENDO E VOLTAREI NA PRÓXIMA IDA A FOZ.",10,2024-08-01 00:00:00+00,1
" O café da manhã é ótimo com várias opções doces e salgadas.  A recepção é ampla e confortável. Os quartos são bons. a localização é boa para que vai para os parques. Utilizamos ônibus para acesso aos parques e Puerto Iguazú pois há ponto em frente ao hotel.  Wi-Fi era péssimo. As camas eram um pouco desconfortáveis. Existia um problema no café da manhã, falta de produtos veganos e vegetarianos. Não pude comer tapioca, pois os utensílios eram compartilhados com produtos de carne. A pizza que faziam sempre tinha presunto. Havia um tipo de rocambole de legumes e ovo, mas tinha presunto. Não havia nenhum prato quente vegano e somente ovo para vegetarianos. Precisam ficar mais atentos a esses detalhes, pois o hotel é de grande porte.",9,2024-08-01 12:37:06+00,0
" Desayuno muy variado, ubucacion exelente para visitar cualquier destino en Foz y la cena con platos de difentes variedades.",9,2024-08-01 13:38:00+00,0
 O ar condicionado do quarto estava quebrado. Na primeira noite tivemos que dormir em outro quarto. Durante o segundo dia não consertaram o ar e quando chegamos de volta à noite ainda não tinham resolvido o problema. Parece não ter havido comunicação entre as equipes e tivemos que esperar para finalmente mudarmos de quarto definitivamente na segunda noite.,7,2024-08-01 14:28:51+00,0
" Localização, estrutura do hotel, período da hospedagem (julho) tinha ótima equipe de recreação, ótimo café da manhã e jantar, lounge, área da piscina, academia boa, sala de jogos, 
espaço para os pais ficarem próximos à recreação.  Nada a declarar",10,2024-08-01 21:46:21+00,1
" Cómodidad, limpieza, buena atención.  Me hospedé con media pensión, el desayuno muy completo y variado, no así la cena. Buena calidad pero poca variedad en comida y postre.",8,2024-08-02 21:28:51+00,0
" Tudo...estadia perfeita 
Hotel e infraestrutura nota mil
Pena q foi pouco tempo  Tudo ótimo",10,2024-08-02 21:55:39+00,1
"Só não é 5 estrela devido o funcionário da foto, fico impressionado de colocarem uma pessoa que não tem o mínimo de empatia pra ter o primeiro contato com os hóspedes. O hotel é bom com boa alimentação e estrutura.",6,2024-08-03 18:19:19+00,0
"Acho que não é um hotel 4 estrelas nem de longe:
- Quartos antigos
_ não tinham tomadas ao lado da cama, tinha que colocar o celular pra carregar do outro lado da cama e no banheiro
- Secador horrível
- Toalhas antigas, finas, muito usadas
- Uma dos motivos da escolha desse hotel foi saber que havia uma estação de tapioca, e gosto de comer um pouco mais saudável, principalmente de manhã, porém o café inicia as 6:30 e a tapioca começa a funcionar as 7:00. Em um dos dias fiquei aguardando as 7 ela começar a arrumar as coisas pra ai sim iniciar as preparações, precisávamos sair cedo e isso nos atrasou. No segundo dia, sendo que existia tapioca de presunto e queijo ou banana com chocolate, não tinham banana, nem na tapioca e nem no Buffet, pq o entregador só chega as 10 da manhã, kkkkkk. 
- O hall de entrada era bem cheiroso, mas o quarto não.

Achei o hotel melhor de estrutura e beleza externa, mas não condiz com os quartos, que são bem diferentes.",6,2024-08-05 00:00:00+00,0
" Desde o check-in ao check-out, nota 11!!!!! Café da manhã um show a parte! A Fer da Tapioca é mara! Pessoal do restaurante sempre simpáticos e solícitos aos hóspedes! Limpeza e conforto nota 11, too! Quem dera eu pudesse ir mais vezes ao ano em Foz e poder hospedar minha família no Vale Cataratas! Excepcional resume sempre a nossa estada ali... Grato!  Só acho que as janelas que estão de frente para a avenida podiam ser antirruído! Ouve-se bem baixinho, mas ouve... Somente isso!!!!",10,2024-08-05 00:39:36+00,1
" Café da manhã super completo  Quarto tinha duas camas de casal mas muito pequenas, e tinha um berço ocupando espaço, não pedi pra tirar pois fiquei apenas 2 diárias, mas era só casal não deveria ter esse berço",10,2024-08-05 11:15:30+00,1
" Das instalações, área de piscina, parquinho para as crianças, café da manhã maravilhoso! Localização também é ótima.  Das camas e travesseiros... E também vc ouve todo o barulho dos quartos ao lado...",9,2024-08-05 13:01:44+00,0
"Todos os funcionários são muito prestativos, atenciosos e sempre com um sorriso no rosto, nos sentimos em casa!",10,2024-08-05 14:29:46+00,1
"El lugar es un 10, fuimos en familia!! Es todo lo que promete, excelente piscinas, instalaciones, servicios, recomiendo contratar con media pensión, la comida es excelente, tipo buffet, de calidad, todo limpio y muy prolijo, fresco y muy variado, al igual el desayuno, todo abundante! Vale la pena!!
Tienen actividades para niños incluidas.
Rescato la cantidad de personal para asistir y limpieza del hotel!!",10,2024-08-05 21:49:32+00,1
" Hotel confortável, ótimo restaurante, bem pertinho das Cataratas, Parque das Aves e da Argentina. Os funcionários gentis e simpáticos! Excelente custo benefício.  O banheiro e o quarto poderiam ter ganchos e cabideiros para pendurar toalhas e roupas.",9,2024-08-06 13:39:52+00,0
" Espaço do quarto e disposição dos móveis, armário, cabides, frigobar. Hotel em si eh bonito e amplo. Estacionamento externo sempre havia vagas. É coberto também. Ter recreação é atividades para as crianças. Funcionários dispostos a ajudar com as malas. Ter restaurantes para as refeições noturnas.  Tv não tem streaming, então se estiver chovendo e quiser ficar no quarto eh bem ruim. Um hotel do porte que eh não ter um Netflix eh lamentável. No café somente manteiga, poderia ter um requeijão ao menos. E um iogurte de melhor qualidade. Na parte da academia, spa e área de jogos um cheiro de mofo forte. Instalações antigas, uma simples pintura iria remover isso acredito. Temperatura da água por ser térmica nas piscinas eh praticamente fria . Não foi possível usar em nossa estadia. Acústica entre os quartos da área nova ruim. Se escuta tudo.",8,2024-08-06 18:00:34+00,0
"Personal und Service waren prima, aber das Hotel könntet ein bisschen in Zimmerreservierung investieren.",10,2024-08-08 00:00:00+00,1
" Posizione leggermente fuori dal centro, ma più vicino all'aeroporto e alle cascate. Camere spaziose e molta attenzione alla pulizia. Buona la colazione a buffet. Ottimo rapporto qualità prezzo.  Poca varietà di frutta a colazione e alla cena buffet poco vario nelle diverse serate.",9,2024-08-09 00:22:07+00,0
" o ponto forte foi o cafe da manha.  Das acomodações, estava frio, poucos cobertores, ar condicionado não funcionou, nem depois de mandarem tecnico. roupas de cama em mal estado de conservação, cortinas sujas, pouca segurança nas janelas (térreo) saia da cama de tecido preto, não dava para ver se estava sujo ou limpo.",3,2024-08-09 13:42:39+00,0
" El hotel es espectacular, nos encantó. Muy buena ubicación ómnibus en la puerta para ir a cataratas y otros lugares. Muy amables todos y la limpieza excelente. El buffet libre y el desayuno muy bueno.  El agua de la piscina estaba tibia y solo la usamos un día. Si hace mucho calor está bien la temperatura,sino es un poco fría.",10,2024-08-09 20:20:25+00,1
Very well located hotel. Have opted for breakfast and dinner options and it was highly convenient after fun days in the falls. Staff is friendly and helpful. I went to have a hot Stone massage at the spa with Maristela it was blissfull ! There is pool and everything to enjoy chill time. Go ahead !,10,2024-08-10 00:00:00+00,1
" Gostei da localização,  café da manhã e das instalações...  Gostei de tudo",10,2024-08-10 00:07:50+00,1
" Café da manhã
Boa localização
Funcionários atenciosos  Preços do frigobar",9,2024-08-10 01:54:07+00,0
"O hotel é bem bem localizado, com fácil acesso as principais atrações de Foz do Iguaçu. Quarto amplo e confortável. Banheiro espaço e com chuveiro bem quente. TV com boas opções de canais a cabo. O sono não foi muito tranquilo, porque a acústica do quarto é ruim. Dá para ouvir barulhos de outros quartos, especialmente a campainha tocada por hóspedes sem noção às 2 da manhã. A estrutura do hotel é boa. Não usei a piscina, mas é bonita. A academia precisa de reparos. Café da manhã muito bom, com muitas opções de pães, bolos, frutas, frios, tapioca, etc. Há restaurante disponível, mas o custo do buffet (99,00 por pessoa) não é compatível com a qualidade oferecida. Atendimento eficiente. No geral, tive uma boa experiência.",8,2024-08-10 18:30:14+00,0
" Las instalaciones son súper cómodas. La mejor parte fue contratar media pensión, con desayuno y cena incluidos. El menú fue muy variado y delicioso. 
El sauna también genial, hay seco y húmedo. 
Por el clima no pudimos usar la piscina, pero es hermosa.  Todo ok",9,2024-08-10 22:16:20+00,0
La verdad que le falta bastante para ser 4 estrellas habitaciones oscuras poca ventilación los aires funcionan mal el baño antiguo el servicio de limpieza malo la atención del personal deja bastante que desear tuvimos un problema con nuestra reserva y nos quedamos un día menos algo que nunca nos reconocieron la verdad que muy mala experiencia no lo recomiendo las fotos que muestran no coinciden con la realidad,6,2024-08-11 00:00:00+00,0
" El desayuno lo mejor, la ubicación perfecta",9,2024-08-11 17:44:44+00,0
" Gostamos do amplo espaço  do hotel. Quarto confortavel, com 2 camas. Ducha potente e com agua quente. Bom banho,.
Cafe da manha gostoso, farto e variado ( em especial a tapioca feita na hora).  Da acustica do quarto.",9,2024-08-12 00:13:04+00,0
" localização, pessoal do atendimento, café da manha e conforto  nao tenho nada que não gostei",10,2024-08-12 00:58:00+00,1
" Café da manhã, recreação, comodidades, opções de laser para as crianças.",10,2024-08-12 09:43:51+00,1
" O Hotel é ótimo, e o café da manhã é maravilhoso, espetacular.  Não teve nada que me desagradou",10,2024-08-12 12:25:36+00,1
" El hotel está genial, las habitaciones muy cómodas, los sommiers de resortes están justos pero muy cómodos. La ubicación me pareció muy buena. Entre el centro de foz y las cataratas, un poco más cerca del centro. El personal es muy atento y amable. El desayuno súper completo y la media pensión con buena variedad de entradas y plato principal  No hay nada que no me gustó, salvo que no sabía que la bebida no estaba incluida en la media pensión, jajajaja. Pero eso es culpa de booking que no lo detalla...",10,2024-08-12 12:42:39+00,1
" Quarto pequeno para o tipo de reserva família, 4 pessoas, faltam cabides, lugares para pendurar roupas, ganchos no banheiro",7,2024-08-12 17:42:12+00,0
 Conforto e localização,9,2024-08-12 20:17:38+00,0
"Ótimo custo benefício, café da manhã com uma tapioca maravilhosa preparada na hora. Atendimento muito bom precisamos estender o horário de saída e foram super solícitos .",10,2024-08-13 00:00:00+00,1
Excelente custo-benefício e localização.,10,2024-08-13 00:00:00+00,1
" The room was cold, it did not have curtains and we could hear the noise from the rooms next to ours.
The hotel offers touristic services but there is no transparency as to the prices.",2,2024-08-13 00:30:05+00,0
" Las camas, la piscina, el baño amplio y cómodo  Lejos está de ser 4 estrellas, muy caro por lo que ofrece, La habitación oscura , mal funcionamiento de los aires,  mala limpieza, televisor viejo, tanto el desayuno  como el servicio de comida era todos los días igual y caro, muy ruidoso las habitaciones no están bien aisladas, pésima la atención de la administración.",4,2024-08-13 01:43:35+00,0
" El desayuno y la cena muy completo.  La sala de juegos para niños falta mantenimiento, y la pileta no es climatizada es agua templada en días de frío no se puede entrar por la temperatura",8,2024-08-13 18:23:05+00,0
" Habitación cómoda, buena atención del personal, y la opción de incluir desayuno y cena. Muy cómodo al viajar con chicos. Volvería!  Nada",10,2024-08-14 01:04:56+00,1
" Excelente hotel, com boa localização, atendimento excepcional, café maravilhoso e acomodações super confortáveis.  Nada a comentar",9,2024-08-14 14:26:41+00,0
"Preço justo,  café da manhã muito bom.",10,2024-08-14 15:10:09+00,1
 El desayuno  y la cena excelente  Nada,9,2024-08-14 20:23:58+00,0
" El hotel es realmente hermoso tanto adentro como la zona externa, la habitación muy cómoda, limpia y moderna  El aire acondicionado en modo calor no funcionaba, solicitamos ayuda 4 veces y no tuvimos solución. Las primeras 3 noches hizo mucho frío.",9,2024-08-15 18:11:52+00,0
 o café da manhã é excelente. Estão todos de Parabéns.  o ar condicionado muito velho e estava estragado.,9,2024-08-15 22:42:22+00,0
" O hotel é bem bem localizado, com fácil acesso as principais atrações de Foz do Iguaçu. Quarto amplo e confortável. Banheiro espaçoso e com chuveiro bem quente. TV com boas opções de canais a cabo. A estrutura do hotel é boa. Não usei a piscina, mas é bonita. Café da manhã muito bom, com muitas opções de pães, bolos, frutas, frios, tapioca, etc.  Atendimento eficiente. No geral, tive uma boa experiência.  O sono não foi muito tranquilo, porque a acústica do quarto é ruim. Dá para ouvir barulhos de outros quartos, especialmente a campainha tocada por hóspedes sem noção às 2 da manhã. A academia precisa de reparos. Há restaurante disponível, mas o custo do buffet (99,00 por pessoa) não é compatível com a qualidade oferecida.",8,2024-08-15 23:02:12+00,0
"Ótimo hotel em Foz! Bem localizado, confortável e com serviços muito bons.",10,2024-08-16 00:00:00+00,1
"Excelente atendimento comida de ótima qualidade, café da manhã muito bom grande variedade funcionários muito atencioso hotel nota dez.",10,2024-08-16 20:58:33+00,1
"Lado positivo : localização , cama confortável , limpeza e bom café da manhã.  Pontos de melhorarias: a internet é muito ruim, não conseguimos acessar nenhum dia , o quarto já requer mais manutenção como ar condicionado com problemas, pia entupida, suporte quebrado para colocar o modem do ar condicionado, falta de cabides , o hotel tem TV smart  mas é bloqueado o  acesso a internet.",6,2024-08-17 00:00:00+00,0
" Localização, café da manhã, atenção dos funcionários  a pia do banheiro estava um pouco entupida
quarto um pouco apertado para família",8,2024-08-17 14:32:01+00,0
 The attention received by the staff was excellent. They were very attentive with everything we needed and especially with a birthday request that I asked.,8,2024-08-17 15:36:07+00,0
" Fui a Foz do Iguaçu a trabalho, e a localização do hotel era excelente em relação às minhas atividades. O custo-benefício também foi ponto positivo em relação aos hotéis da região. O café da manhã é excelente.  Conforto deixa um pouco a desejar. As toalhas e os travesseiros são de baixa qualidade. A pia do banheiro estava entupida. A qualidade da comida do restaurante é ruim, ainda mais pelo valor cobrado. O valor das bebidas também um pouco exagerado.",7,2024-08-17 21:22:23+00,0
 A piscina não era aquecida,9,2024-08-18 14:27:33+00,0
" Novo, limpo",9,2024-08-18 14:28:12+00,0
" Le fait d avoir la demi pension 
La localisation de l hôtel
Le spa sur place  Literie un peu trop molle",9,2024-08-18 17:54:28+00,0
" Me encantaron la zona de la piscina y el área de desayuno del hotel. Fueron realmente agradables...  Lo que observé es que la habitación asignada no era la más adecuada para nuestras necesidades. Aunque entiendo que está diseñada para personas con discapacidad, no se ajustaba completamente a nuestras preferencias, fuera de eso super cómoda, linda y limpia.",10,2024-08-18 21:27:25+00,1
 O café da manhã  O jantar,9,2024-08-19 14:40:29+00,0
" Trata-se de um hotel para pernoite e refeições, sem atrações para usufruir - adequado para quem vai passar o dia passeando. O café da manhã e o jantar são adequados.  Nosso quarto não estava tão limpo e o hotel não oferece opções para crianças, além da piscina e de um andar (atualmente em reforma), com uma mesa de bilhar e outra de pebolim.",8,2024-08-20 00:12:40+00,0
"Hotel com ótima localização, quarto confortável, café da manhã e jantar maravilhosos. Ótimo atendimento de todos os funcionários que tivemos contato. Recomendo.",10,2024-08-20 00:48:30+00,1
Hotel muito bom com café da manhã fantástico aproveite e experimente a tapioca que é simplesmente maravilhosa,10,2024-08-21 12:55:44+00,1
 Cage da Manhã e Atendimento de todos os funcionários é nota mil.,10,2024-08-21 14:04:39+00,1
"Ótima experiência, atendimento excelente desde a entrada até a saída, todos os colaboradores simpáticos e atenciosos, tivemos um problema com o ar condicionado que não estava funcionando mas como não utilizamos não comentamos nada, única coisa que poderia melhorar são tomadas perto das camas que não tem, e a que tinha estava estragada onde a outra ficava na parede longe, de resto tudo impecável, inclusive ao pessoal da limpeza, ótimas funcionárias e pessoas maravilhosas e educadas.",10,2024-08-22 00:00:00+00,1
 Patio  No había señal de WiFi en las piezas,9,2024-08-22 12:27:17+00,0
 La ubicación y la comodidad de las instalaciones,10,2024-08-22 12:50:49+00,1
" Funcionários educados e prestativos, limpeza impecável, o café da manhã excelente, a localização atendeu ao que eu esperava para realizar tudo o que havia programado.  Durante a minha estadia não tenho nada a declarar sobre não gostar do hotel.",10,2024-08-22 20:47:52+00,1
"응대가 친절하고 시설은 낡은 느낌이 나지만 대부분 잘 작동하며, 더운 물과 에어컨도 잘 되었어요",10,2024-08-23 00:00:00+00,1
" Clean  At the restaurant during breakfast, there was a guard constantly watching to make sure you didn't take any food, not even fruit, which was very frustrating.",8,2024-08-23 20:07:53+00,0
Está a correr bem .,8,2024-08-24 22:32:40+00,0
" Ubicacion, personal  Olor a humedad en las habitaciones, sector de piscina en mantenimiento, aire acondicionado defectuoso, almohadas increíblemente incomodas",7,2024-08-25 00:16:22+00,0
" Quarto amplo, bem arejado, camas, colchões, roupa de cama e travesseiros de boa qualidade. Bom café da manhã, funcionários atenciosos e solícitos  Academia e sala de jogos",8,2024-08-25 13:03:09+00,0
" Limpeza  O hotel é ótimo, porém o atendimento noturno foi horrível, no dia 23/08/2024 estávamos sentados no hall da piscina e fomos tratados com muita truculência pelos funcionários, apanharam as luzes, fecharam as portas e ficavam a cada minuto nos observando, estamos simplesmente conversando, não recomendo o hotel e vou fazer uma reclamação no Reclame aqui",5,2024-08-25 23:47:33+00,0
" Hotel bem localizado e funcionários atenciosos.  Os quartos não são confortáveis, mudei de quarto por causa do cheiro de mofo e fui para outro bem antigo, chuveiro ruim.
A lanchonete do hotel muito demorada, confusa e os preços são caros.",5,2024-08-26 11:38:57+00,0
" Hotel bem amplo com todos ambientes grandes e confortáveis, tudo muito limpo, sem barulho, recreação para crianças o dia todo, café da manhã com muitas variedades e qualidades impecáveis. Excelente localização. Fiquei muito satisfeita com tudo.",10,2024-08-26 13:08:23+00,1
" Café da Manhã muito bom  O restaurante cobra rolha e não abriu exceção mesmo para um grupo grande, faltou flexibilidade.",8,2024-08-26 15:51:11+00,0
" Gostei da limpeza e do quarto arrumado todos os dias. 
Assim também, do café de manhã com muitas variedades de doces, café, tapioca, frutas a disposição.  Deveria ter entrado no meu quarto às 14h . Tive que esperar até 14:30 porque ele não estava pronto.",10,2024-08-26 19:50:01+00,1
" Comida e café  Iluminação do quarto, não tinha espaço kids. E os cartões sempre estavam com problema para abrir a porta",4,2024-08-26 22:43:43+00,0
"A estadia foi muito tranquila, tudo certo, exceto um pequeno vazamento no banheiro não solucionado, mesmo após eu avisar.",10,2024-08-27 00:00:00+00,1
" Pool, breakfast  smell of dump",8,2024-08-27 13:28:46+00,0
" L’établissement est idéale pour des vacances un peu détente . Très proche de la frontière argentine, cela permet de prendre des excursions à moindre coût.  Le personnel de l’établissement ne c’est pas montré accueillant ni serviable.",9,2024-08-28 06:47:49+00,0
 Desayuno excelente y variado. Muy buena atención del personal.  El duchador del baño no funciona bien. Y la vista no era muy agradable a la ventana del cuarto,8,2024-08-28 14:15:49+00,0
" Muy buen desayuno, y muy buena la cena !!!!  Falta una piscina climatizada !!!",9,2024-08-29 17:43:06+00,0
 Tamanho do quarto  Maciez das camas,8,2024-08-30 11:38:27+00,0
"Great breakfast, clean, and great air conditioning.",10,2024-08-30 20:27:07+00,1
 Excelente atención.,10,2024-09-01 00:02:30+00,1
" O hall de entrada, café da manhã  A acústica do quarto ruim e paredes sujas , uma pena, o restante impecável",6,2024-09-01 17:56:17+00,0
 Todo bien  Todo biens,10,2024-09-02 00:33:58+00,1
"Tudo de bom esse hotel! Preço acessível, café da manhã maravilhoso e quartos limpos e organizados!",10,2024-09-02 00:42:31+00,1
" Café da manhã excelente, muito recheado.",8,2024-09-02 02:00:40+00,0
" Excelente localização. Quarto bem grande e espaçoso. Café da manhã e buffet do jantar de excelente qualidade. Banheiro e box grandes e espaçosos. Atendimento excelente (recepção, restaurante e limpeza). Quarto silencioso, apesar de estar de frente para a Av. das Cataratas, que tem trânsito intenso. O piso do quarto é de taco, que é prático e higiênico.  Os colchões de mola são muito moles (aparentemente desgastados pelo tempo/uso). As toalhas, principalmente as de banho, são muito ásperas e finas, não condizentes com um hotel 4 estrelas. A fechadura do banheiro está quebrada. O exaustor de teto do banheiro não funciona. Os interruptores das luzes do quarto estão deslocados em relação às cabeceiras das duas camas de casal. A iluminação do quarto é insuficiente (com todas as luzes acesas o quarto continua na penumbra). A TV ficou sem sinal por 2 dias e teve que ser reconfigurada pela equipe técnica do hotel (a nosso pedido). Os cabides e o toalheiro do banheiro estão mal fixados na parede. A grelha do chuveiro está muito desgastada. Tivemos dificuldade para regular a temperatura da água do chuveiro (excessivamente quente, apesar do registro de água fria totalmente aberto).
Em nossa opinião ou falta um trabalho de zeladoria ou ele existe e é deficiente, pois a maioria dos apontamentos poderia ter sido resolvido num simples processo de inspeção e manutenção preventiva e corretiva periódica, semelhante a inspeção que presenciamos quando uma preposta do hotel veio ao quarto para verificar a data de validade do refrigerante do frigobar.",6,2024-09-02 22:34:26+00,0
Hotel muito bom. Café super variado e funcionários educados,10,2024-09-03 00:00:00+00,1
"Pasamos una excelente estadía con mi familia! gran hotel, bien ubicado (cerca de ambos parques) buen servicio, comodidad, lindas instalaciones, tanto las habitaciones como la pileta, y exquisita comida. Altamente recomendable! Muy contentos y agradecidos.",10,2024-09-03 00:00:00+00,1
Tudo ótimo.,10,2024-09-03 00:00:00+00,1
" buen desayuno, buenacena,todo de primera  nada",9,2024-09-03 00:39:00+00,0
" Excelente instalações. Quartos limpos e novos. Limpeza diária. Localização estratégica em Foz. Recepção educada e prestativa. Cafe da manha muito bom, com espaço amplo.  No quarto 330, após certo horário comercial, parece que ha um motor (lembra um barulho de elevador). Incomoda se vc precisa trabalhar ou descansar.",10,2024-09-03 11:02:10+00,1
" Café muito bom, variado, frutas e frios bem conservador em ambiente refrigerado, alimentos de preparo na hora muito bem feito, equipe de serviço bem atenciosa.",8,2024-09-03 11:40:51+00,0
"Ótimo hotel, quem precisar de serviço táxi para o Paraguai e Argentina, chama no WhatsApp 45 991533230.
Itaipu e cidades próximos, temos Spin de 6 lugares e Vans de até 16 pessoas. 
Motoristas bilíngue, espanhol e inglês, temos corredores exclusivos na Argentina.",10,2024-09-04 00:00:00+00,1
" Localização, e quartos limpos  Piscina sem aquecimento e preço do bar muito caro",8,2024-09-04 00:09:52+00,0
" La atención del personal.
Muy buena cena y desayuno en calidad y variedad.  Nada",10,2024-09-04 12:59:12+00,1
 El desayuno y el personal a cargo del mismo excepcional!!!,9,2024-09-04 14:35:57+00,0
" Bem localizado, fácil de chegar;
Quartos recem reformados;
Café da manhã bem completo e diversificado;
Estacionamento sem custo;  Nada a reclamar!",8,2024-09-04 14:39:04+00,0
" Alles war super, das Personal Mega nett. Das Hotel ist auch sehr gut. Sehr gute Betten, tolle Pools. Frühstücksbuffet ist perfekt, Abendbuffet war in Ordnung.  Die Lage hätte etwas zentraler sein können, aber mit Über kein Problem. Man ist sehr schnell an den Wasserfällen.",10,2024-09-05 07:50:15+00,1
 Recepção: acolhimento e atenção,10,2024-09-06 21:06:16+00,1
 Localização e o café da manhã.  Muito barulho durante a madrugada,8,2024-09-07 01:23:40+00,0
" El buffet comedor es muy amplio y con buena variedad de comidas. Muy recomendable  Las habitaciones son un poco ruidosas, se escuchan los ruidos de la habitacion de al lado y del pasillo",9,2024-09-07 03:05:32+00,0
"Three nights with my family. Nice staying, very very nice, various and abundant breakfast, nice pool, friendly people. Just awfully long corridors: I was in the last bedroom and I had to walk about 100 meters to reach main lift to entrance and dining room; shortcut should have been designed.",10,2024-09-07 11:46:24+00,1
" Personal.
Desayuno y cena.  Nada",9,2024-09-07 14:35:54+00,0
" Comedor.
Muy buenas las instalaciones.  Nada",9,2024-09-07 14:37:54+00,0
 Me encantaría las instalaciones y la atención del personal,10,2024-09-08 00:37:55+00,1
 It is a nice facility  The sink was not working properly and a lot of noise at night,8,2024-09-08 03:17:53+00,0
"Situato alle porte della città, sulla via delle cascate, è un recente hotel confortevole e pulito.",10,2024-09-08 08:25:48+00,1
" Habitacion ducha pileta  Que no todo el personal maneja el español y es dificil comunicarse, sobre todo del lobby bar",10,2024-09-08 10:58:43+00,1
 La comida  Que están en reparación,9,2024-09-08 12:05:10+00,0
"O hotel precisa mesmo de uma repaginada, principalmente os banheiros. Sugiro a troca dos colchões que achamos muito duros. Outro ponto negativo é o barulho. Passamos sete noites e foi difícil ter uma noite de sono sem perturbação por barulho. Hóspedes conversando, crianças correndo pelos corredores e móveis sendo arrastados até altas horas ou muito cedo. Também sugiro alguma melhoria para abafar a batida das portas dos quartos (toda vez que alguém entrava ou saía dos quartos próximos, era um transtorno o barulho das batidas). Impossível não acordar. Optamos por meia pensão e a comida também precisa melhorar. O cardápio era quase igual  todos os dias. Precisa variar mais. Talvez ter umas duas ou três opções bem elaboradas a la carte fosse melhor do que um self service repetitivo. O ponto positivo é a simpatia e gentileza dos funcionários.",6,2024-09-08 17:35:59+00,0
"O hotel é muito bom, bem localizado, limpo, tá em reforma... Mas a acústica é terrível. Fiquei em um quarto, no térreo, ao lado da piscina, e ouvia o pessoal conversando no bar (dentro do hotel mesmo) até o fechamento do mesmo, fora as batidas de porta e tal, mas, mesmo assim, eu recomendo o hotel. Foi minha 3x lá e não me arrependo. 
Sobre o café da manhã, tem muita variedade e ainda tapioca feita na hora. Tem opções sem glúten e sem lactose, inclusive pode pedir ovo preparado diferente à cozinha, como eu pedi meus ovinhos cozidos.",8,2024-09-09 00:00:00+00,0
Muito bom super indico,8,2024-09-09 00:00:00+00,0
"Excelente experiência neste feriado de 7 de setembro!!
Já no check in fomos muitíssimo bem atendidos, estadia perfeita, café da manhã espetacular com muitas variedades e tudo fresquinho. Com certeza indicaremos e se retornarmos a Foz já sabemos onde se hospedar. Parabéns a toda equipe do Hotel.",10,2024-09-09 12:48:19+00,1
" exquisito desayuno, buena atencion, calidad precios.",9,2024-09-09 13:29:16+00,0
" Localização.  Funcionários desantenciosos. Televisão não funcionou. Chuveiro ruim, fraco e difícil de controlar temperatura da água. Não tem tolerância com check-out atrasado, nem mesmo avisando com antecedência.",7,2024-09-09 13:31:54+00,0
 La comida de la media pensión.  Limpieza y atención del personal.  El sector de juegos para niños no estaba disponible .,9,2024-09-09 13:47:39+00,0
" Cafe muito top, tapioca e pães de fermentação natural! Estacionamento prático...  A cama do ap que fiquei acho q já está quase na hora de trocar ou colocar pilow!",9,2024-09-10 21:03:15+00,0
" Buen y cómodo hotel con un desayuno fantástico. El bus para ir a las cataratas está muy cerca, aunque nosotros fuimos en uber por 5 €. Al centro de Foz puedes ir en Uber por 3 €, pero tiene muy poco que ver.",8,2024-09-11 15:16:30+00,0
"Péssimo!!!! Horrível me sinto extorquido, pagamos bem mais que deveria, apenas uma troca boba de cartões pode fazer tu PAGAR 365 REAIS a mais porque esse hotel não te o minino de organização e responsabilidade não pensa no consumidor",2,2024-09-12 10:34:17+00,0
"Passamos o feriado de 07 de setembro do ano de 2024 neste hotel.

Simplesmente adorei o hotel. Café da manhã excepcional, quartos amplos, extremamente aconchegantes e arrumados. Recepção maravilhosa, localização excelente na Avenida das Cataratas.

É daqueles hotéis que fazem falta, um hotel com um perfil novo mas que sabe preservar as características essenciais de um bom e tradicional HOTEL.

Se fosse para dar alguma sugestão, eu pensaria em alterar um pouco o valor do bar, pois as bebidas alcoólicas e não alcoólicas são extremamente caras.

No restante, tudo estava perfeito. Voltaria com total certeza.",10,2024-09-12 13:53:40+00,1
"Ar condicionado necessitando de manutenção urgente 
Trocamos de quarto pois o ar não funcionava 
E o outro quarto também com ar condicionado ruim",6,2024-09-13 00:00:00+00,0
 La ubicación los desayunos y el personal  El aire acondicionado era viejo y no enfriaba bien y la ciudad es muy muy muy calurosa,9,2024-09-13 00:51:14+00,0
Quarto confortável com TV a cabo e ar condicionado. Camas confortáveis e um bom serviço de quarto. O restaurante é impecável e as refeições são muito boas.,10,2024-09-14 22:08:56+00,1
 Café da manhã.,9,2024-09-15 12:38:49+00,0
" La comida  decís que había club kids y no estaba.
Los juegos de los chicos todos rotos, no se podían usar. Una mentira todo",5,2024-09-16 01:37:59+00,0
" El lobby, las habitaciones y la comida.  Los juegos no estaban habilitados, las máquinas del gym rotas. El tejo tampoco funcionaba. Para ir al sauna tenes que bajar solo por ascensor que encima baja uno solo. Los AA muy viejos y te dan una sola tarjeta. Cuando llegas de la calle te moris de calor.",6,2024-09-16 02:08:56+00,0
" Hotel excelente, boa localização com fácil acesso aos principais pontos turísticos. Quartos amplos , confortáveis e limpos. Refeições excelentes. Equipe educada e atenciosa.  Nada a reclamar. Tudo atendeu às minhas espectativas.",10,2024-09-16 10:26:29+00,1
" El desayuno estuvo muy bien, muy completo. La limpieza de las habitaciones excelentes. La coordialidad y amabilidad del personal, muy bien!  Mas opciones del desayuno para otro tipo de dietas, por ejemplo sin harinas.",9,2024-09-16 13:09:42+00,0
" Ótimo hotel. 
Com quartos grandes, banheiro de bom tamanho.",9,2024-09-16 20:56:14+00,0
Excelente,10,2024-09-17 00:00:00+00,1
" localização, atendimento , café da manhã  gostei de tudo",10,2024-09-17 17:45:17+00,1
" Gostamos do espaço do quarto, da estrutura no hall e do café da manhã, as meninas da limpeza também faziam um ótimo trabalho.  O ar não gelava bem, demorava mto pra poder esfriar o quarto… parque estava em manutenção (como estávamos com 2 crianças fez falta), não dispõe de lavanderia.",9,2024-09-18 09:35:06+00,0
" Excepcional, la habitación súper cómoda. Con el espacio más que suficiente para tres personas. Camas confortables y limpias, almohadas cómodas. Baño súper accesible, cómodo y limpio. 

Piscina amplia y disfrutable a la tarde.
Desayuno muuuy completo y variado.

Sin dudarlo volvería a elegir a este Hotel para quedarnos!  Si te toca una habitación hacia la Avenida es un poco ruidoso por el ruido del exterior pero se descansa correctamente con ventanas cerradas.",10,2024-09-18 10:01:36+00,1
" Hotel bom, bem localizado. Bom atendimento.  Principalmente não ter canais de esporte no quadro.",8,2024-09-18 14:29:53+00,0
 La habitación hermosa súper limpia  Todo perfecto,8,2024-09-18 15:37:17+00,0
" Buena ubicación entre las cataratas y Foz. Buen desayuno, buenas instalaciones y personal amable.  Nada en concreto",8,2024-09-19 00:05:48+00,0
 Atendimento Excelente. Funcionários muito solícitos.  Da tv.. faltou ser smart e poucos canais para assistir. Me frustou nessa parte. Com criança é importante ter uma tv smart,9,2024-09-19 02:25:57+00,0
" Dos funcionários, em especial o Laerte e a Natália.  O quarto que fiquei, muito barulho, mas troquei e deu tudo certo, no café da manhã faltou capuccino.",8,2024-09-19 08:55:05+00,0
"The food was overpriced for the value. No smoking at the pool, you to sit at the entrance of the hotel with your cocktail/drink while smoking. The pool table and tennis table was
in a very hot and humid spot below reception level, no adequate ventilation. The hotel is far from the restaurants.",6,2024-09-19 14:39:57+00,0
"Lamentablemente fuimos cuando la zona infantil estaba cerrada. La sala de entretención en el -1 sin aire acondicionado y sin ventanas. Así que si vas en familia en días de lluvia averigua si están en funcionamiento.
La atención y amabilidad perfecta!",6,2024-09-20 00:00:00+00,0
" Just the breakfast  I had a leaking problem in my toilet the entire stay, the reception didn’t fixed it, they never offered a room changes or an apology. 

The hotel is not like the photos!",5,2024-09-20 00:04:03+00,0
"Excelente servicio. Calidad en las comidas, recomiendo la media pensión o completa, ya que las opciones de buffet son muy variadas. La atención del personal es realmente excelente, súper atentos y muy seguro. El mantenimiento de la limpieza es constante en todos los sectores, sobre todo en las piletas y a pesar de estar en refacciones un sector, no nos produjo molestia alguna. Se pueden contratar tours en el mismo hotel. Está muy cerca del shopping",10,2024-09-21 14:52:02+00,1
"Experiência impecável, com certeza voltarei",10,2024-09-23 00:00:00+00,1
Diego at the front desk was blunt and mean.  Not the personality you expect from the front counter personal.,6,2024-09-23 00:00:00+00,0
 El buffet extenso y variado.  La limitada información del personal de recepción.,7,2024-09-23 08:23:27+00,0
"Experiência única
Show
Parabéns a todos do hotel viale
Desejo a todos tudo de maravilhoso em suas vidas hoje e sempre...
Sucesso hoje e sempre
Abraço 😘😃🌎🙃🥳⚘️",10,2024-09-25 19:18:56+00,1
" Quarto com tamanho bom, cama super king e confortável, piscina infantil aquecida, jogando água para a piscina maior, café da manhã ótimo, com tapioca, pessoal da recepção muito cordial.  Falta maior cuidado com pequenas manutenções no quarto, como suporte de papel quebrado, limpeza do vaso sanitério que estava com marca da água, e também piscina, como ladrilhos faltando e encardidos, iluminação interna caindo as luminárias.",8,2024-09-27 12:57:19+00,0
 Atendimento e atenção dos funcionários,9,2024-09-28 00:14:07+00,0
 Cama quarto  Academia.  Sauna. Subsolo enclausurando,8,2024-09-29 12:20:50+00,0
"Localização  muito  boa. Quarto sem nenhum isolamento  acústico,  incomoda bastante  principalmente  de manhã  se quiser  ficar um pouco  mais na cama.
Cafe-da-manhã razoável.",6,2024-09-30 00:00:00+00,0
"Hotel bom, cama confortável. Limpeza ok.
Café da manhã é muito bom, com bastante variedade e tapioca feita na hora. Já fiquei em vários hotéis e poucos oferecem esse serviço.
Jantar também bem gostoso com boa variedade.
A área da piscina está em reforma, mas mesmo assim dá para usar a piscina que estava limpa.
Não tem parquinho para as crianças.",8,2024-10-01 00:00:00+00,0
" la gastronomía,

 muy variada y sabrosa",10,2024-10-01 10:24:55+00,1
 Great breakfast selection and atmosphere of the hotel. Walking distance to the shopping center.  poor internet connection in the room we are staying in.,9,2024-10-02 17:55:33+00,0
" Ótima localização, excelentes funcionários.  Café da manhã poderia colocar capuccino a disposição, senti falta.",8,2024-10-02 22:38:32+00,0
" el desayuno, las habitaciones y la pileta. Lastima que justo estaban en obra de remodelación en la pileta la ubicación está muy buena, la atención del personal también, y hay wifi en todo el hotel  la zona de juegos de niños afuera donde estaba el tobogan estaba inhabilitado, la tv de la habitación muy vieja, no es Smart tv y tiene pocos canales. pero igualmente es un hotel muy bueno y se la pasa bien.",8,2024-10-03 15:34:53+00,0
"Tudo perfeito!!! Atendimento, ambiente e limpeza",10,2024-10-04 00:00:00+00,1
Muito ruim a infraestrutura e a cozinha são ruins. O café da manhã e razoável mas o almoço e o jantar são ruins. A internet falha muito. Não tem se quer uma máquina de café no quarto. Não repetirei a experiência . A localização e a limpeza são boas.,4,2024-10-05 00:00:00+00,0
 Very nice staff  Hotel needs renovation.,7,2024-10-05 00:45:43+00,0
 Café da manhã  Cama pequena,9,2024-10-07 00:17:33+00,0
 Buena ubicación y todo limpio  El desayuno bueno pero nada fuera de los normal para ese nivel. La distribución de las habitaciones complicada. Me tocó una que tenía que dar toda la vuelta al hotel para poder ir y venir del ascensor.,8,2024-10-07 11:46:16+00,0
" Café da manhã excelente, muita variedade,ótima qualidade e tudo fresquinho,para todos os gostos e a equipe do hotel são super solicitos e gentis.  Ar condicionado estava com barulho e a falta de janelas antíruidos.",8,2024-10-07 20:23:30+00,0
 Tudo  Café e conforto,10,2024-10-07 21:03:17+00,1
"Hotel ist schön und gut ausgestattet. das Buffet zu Frühstück und Abendessen ist reichhaltig und sehr lecker. 
wir waren nur zwei Nächte auf der Durchreise haben uns aber auch Massagen gegönnt. eine hot Stone und eine relax Massage. Fragt nach Maristea. sie ist sehr lieb und hat wirklich goldene Hände.",8,2024-10-08 00:00:00+00,0
" Las instalaciones del local
Atención de recepción  Calidad de alimentos",7,2024-10-08 09:36:53+00,0
im Spa gibt es verschiedene Massagen. Maristea ist wirklich gut. mit ihren goldenen Händen hat sie meine Verspannungen gekonnt gelöst.,8,2024-10-08 15:06:15+00,0
Muy buen hotel,10,2024-10-08 16:07:20+00,1
"Ame el hotel, muy cómodo. Todo lo que se necesita  el personal muy amable, muy limpio.
La comida del restaurante un 10. Saqué media pensión con mis hijos y no ha fallado ni una vez. Vuelvo sin dudar",10,2024-10-08 19:47:08+00,1
"Hermoso Hotel! Cumple con todo lo que necesitas para tu estadía en Foz de Iguazú.

Recomiendo 100%",10,2024-10-09 13:57:26+00,1
"Hotel maravilhoso,infraestrutura boa ,café da manhã perfeito ,quartos extremamente bons e limpos ,ideal para quem procura descanso ,muito bem localizado ,para quem busca descanso lá é ideal ,atendentes todos bem prestativos e educados",10,2024-10-10 00:00:00+00,1
Localização e café da manhã ok. Pontos negativos: as instalações externas e internas dos quartos precisam de manutenção. Necessita troca enxoval que está desgastado ( toalhas). Piscina precisa de manutenção .,6,2024-10-10 00:00:00+00,0
" Desayuno y cena excelentes, la atencion y ubicacion impecable mas la pileta muy confortable tambien.  Nada",10,2024-10-12 15:21:00+00,1
Adoramos o Hotel! Limpo e aconchegante!!! A equipe muito atenciosa!!! Os meninos adoraram a recreação!! As brincadeiras!!! Foi realmente adorável estar aqui!!! Nos sentimos acolhidos e com certeza iremos retornar muitas vezes aqui!!!,8,2024-10-13 00:00:00+00,0
"Great location, near to the airport, and the shopping center.",10,2024-10-13 00:00:00+00,1
"Hotel aconchegante,  café da manhã excelente, adoramos a área da piscina, ótima localização mas o especial foram as meninas da recreação principalmente a Professora Amanda, meu filho aproveitou muito, brincou e foi muito bem cuidado por ela.",10,2024-10-14 00:00:00+00,1
"Hotel molto grande e molto bello. Sembra un 5 stelle. È enorme e ha piscina, sala ristoro, ristorante, bar e negozi dentro.
Abbiamo avuto problemi con la stanza tripla che ci era stata assegnata e ce l’hanno cambiata con pochi problemi.",10,2024-10-15 10:42:15+00,1
" A localização do hotel é boa, o tamanho do quarto tambem, as dependencias do hotel são boas mas ja um pouco antigas.
O chuveiro e o banheiro são bons assim como as tolhas de banho e rosto.  O cafe da manha é bem simples, com opçoes nada surpreendentes. Achei tambem a qualidade das frutas bem fracas.
Outra decepção foram os travesseiros, muito finos bem desconfortaveis.",7,2024-10-16 01:51:25+00,0
" Higiene excente, cordialidade dos funcionários, café e jantar ótimo, com muita variedade.  Não tem",10,2024-10-16 02:48:08+00,1
" servicios y comidas  La atención del personal de recepción malisima,  pedí info  de casa de cambio, me enviaron al cuerno!!!! se trabo la caja de seguridad, solicite ayuda y nadie se ocupo, no pude llevar mi cámara de fotos a excursiones y jamás les importo 
la única persona que se ocupo de todo y mucho mas fue el señor ADALTO de recepción",5,2024-10-16 23:48:33+00,0
"The property has a lot of potential and is in a great location. We like our breakfast. Especially the fruit and tapioca stand. However, the restrooms were not clean, with numerous black areas on the shower and walls, as well as extremely old towels. We didn't like the check-in staff; they were untrained and unpleasant. Be aware that they are not friendly by international standards. Another concern is that they are rebuilding the site without informing us. Expedia should make a note of this because some individuals have dust allergies I would only recommend to friends if they make significant adjustments.. :(",6,2024-10-17 00:00:00+00,0
 Siempre es un gusto volver.  La comida del desayuno y cena siempre excelente  Ningún comentario,10,2024-10-18 20:15:21+00,1
"Hotel muito bom e agradável, excelente atendimento, dependências limpas, funcionários educados e restaurante muito bom.
Pena que estava em reforma, um pouco de barulho de manhã, mas nada que desabonasse o hotel. 
Café da manhã super gostoso,",10,2024-10-19 00:00:00+00,1
"Hotel muito bom, com bom preço.
Quartos grandes, limpos com banheiros bons, bom café da manha, boa piscina, saunas seca e à vapor, pequena academia e localizado na Avenida das Cataratas, próximo das principais atrações turísticas e Centros de Convenção.",8,2024-10-19 00:00:00+00,0
조식이 맛있었어요! 방도 괜찮았습니다.,10,2024-10-19 03:29:24+00,1
 Localização.  Limpeza deixou a desejar. Camas pequenas.,7,2024-10-19 14:32:34+00,0
 Excelente custo benefício,8,2024-10-19 16:46:12+00,0
 Sauber  Swimmingpool area was partly closed,7,2024-10-20 09:09:32+00,0
" Muito bom no geral. Quarto muito bom, cama super confortável e área de lazer boa, com reformas acontecendo para melhorar ainda mais.  Opção de almoço e janta no hotel tem um preço alto e qualidade é ok, mas custo benefício nessas refeições não é dos melhores.",9,2024-10-20 13:34:01+00,0
"Srs, atendimento 10- instalações, 9 - café da manhã, ovos mexidos, não estavam legal nos dois dias pareciam uma plasta, pães ótimos, café excelente, frutas podem ser melhor apresentadas, mas boas, ilha de tapioca  inicia mais tarde, Sr Gerônimo, muito atencioso e cortês, ah cadê os queijos? custo beneficio não proporcional, bem localizado, em Foz já fiquei em mais de 10 hotéis, vou ai duas vez por ano desde 1977 ´isso mesmo 1977, minha esposa adora Foz e me acompanha desde 1986.",8,2024-10-21 00:00:00+00,0
Unser Zimmer im Hotel war relativ schlicht eingerichtet und wirkte recht abgewohnt. Die Lage zum dem Stausee und den Wasserfällen war gut gelegen in der Mitte der beiden Sehenswürdigkeiten. Auch war ein Shoppingcenter direkt um die Ecke schnell zu erreichen.,6,2024-10-21 01:13:35+00,0
"Para quem quer priorizar a visitação das Cataratas do Iguaçu e Parque das Aves, o Hotel fica em uma ótima localização, é só seguir a avenida da frente do hotel.
Quartos muito bem arrumados, parabéns ao pessoal do serviço, atendimento cortes e ótimo café da manhã, muitas variedades.",10,2024-10-21 13:08:45+00,1
" Quarto amplo, bom café da manhã  Internet pessima, quarto sem ventilação , janela blindada não tinha como abrir, com isto a sensação de ar pesado",7,2024-10-21 13:35:13+00,0
" localização e café da manhã 
cama confortável e chuveiro quente",10,2024-10-21 13:48:51+00,1
"No geral excelente hotel, senti falta da recreação para as crianças, principalmente nessa fase de reformas que o hotel esta passando. Equipe de limpeza muito atenciosa e simpatica. Todos nos atenderem muito bem. Achei alguns precos acima da media, algumas bebidas, como refrigerante lata; os sorvetes do bar da piscina e no jantar, devido a preço, poderia ter mais opçoes de frutos do mar no cardapio, apenas sugestões.
Cafe da manha maravilhoso!",10,2024-10-22 00:00:00+00,1
Bom,10,2024-10-22 12:47:46+00,1
" Hotel très bien placé, les repas sont copieux,  le personnel attentionné.  vous pourrez prendre vos places pour vos visites à  l'accueil pas plus cher qu'ailleurs. Principalmente pour les chutes côté Argentin et le Paraguay... demandez à le faire avec Mr Pereira... ADORABLE et EFFICACE  l'hôte manque de rafraîchissement,  principalement les chambres et salles de bain ( évitez la 121, 123) au dessus de l'accueil trop brillant",8,2024-10-23 10:49:30+00,0
 wi-fi com instabilidade,9,2024-10-24 14:46:57+00,0
The staff!! Excelent!,8,2024-10-25 00:00:00+00,0
 Localização  Tudo ok,8,2024-10-26 19:30:48+00,0
"Excelente estadia, o hotel era super confortável e com ótima estrutura",10,2024-10-27 00:00:00+00,1
"Hotel muito barulhento, ficamos no térreo, de madrugada por mais de uma noite ouvia-se barulho do quarto de cima, arrasto de móveis, incomodou bastante, além de pessoas correndo no corredor. Café da manhã com poucas opções para pessoas com restrição alimentar. A localização é boa, perto do shopping.",6,2024-10-28 00:00:00+00,0
" Cama muito confortável.
Café da manhã excelente.
Localização muito boa.
Cortesia dos funcionários.
A beleza do hotel.  A internet Wi-Fi deixou um pouco a desejar, principalmente no quarto. Sinal intermitente.",9,2024-10-28 10:16:33+00,0
" Atendimento, comida, limpeza e conforto.",9,2024-10-28 10:29:58+00,0
" Funcionário gentis.  Limpeza, conforto, qualidade dos quartos ruins, tive que trocar de quarto porque fiquei no último quarto do hotel com um cheiro horrível de mofo e me colocaram em um quarto mais perto bem antigo, não tinha sido reformado e a limpeza deixava a desejar.",6,2024-10-28 12:25:44+00,0
" Localização  e espaço perfeito
ótimo atendimento
café da manhã excelente  Não gostei da limpeza do apartamento, inclusive a do banheiro
ducha  higiênica s/ pressão p/uso",10,2024-10-28 14:35:50+00,1
" Café excelente, 
Jantar bom,
Funcionários muito prestativos,
Bom espaço do restaurante e recepção, amplos e arejados.  Poderiam ter avisado que tinha obra nas instalações e que uma das piscinas estaria fechada.
Valores cobrados pelas bebidas, lanches e porções muito alto. Porém todas  as hospedagens de foz do Iguaçu deveriam repensar os preços praticados, um exemplo: R$ 18,00 uma lata de cerveja 350 ml é um exagero.",10,2024-10-28 14:48:48+00,1
" Gosto desse hotel, pois sempre me hospedo lá!  Fiz reserva pelo booking e colocaram num local isolado e sem ar condicionado no corredor. Quartos que reservei pelo site do hotel era melhores e bem localizados",8,2024-10-28 14:57:35+00,0
 O hotel fica localizado próximo ao aeroporto. O atendimento é bom e o custo benefício ótimo.  Não tenho o que comentar.,9,2024-10-28 17:45:07+00,0
" Comodidad del cuarto, Restaurant muy bueno  En recepción me dijeron que la piscina no estaba habilitada. Por lo tanto no se podía usar. Cuando salimos del cuarto a la tarde/noche. Observamos que había personas en la piscina",7,2024-10-29 00:05:28+00,0
Ótima opção em Foz do Iguaçu. Ótima localização e ótimo atendimento.,8,2024-10-29 10:27:05+00,0
 Conforto e segurança,10,2024-10-29 14:43:57+00,1
 Muy bueno todo lo q te brindan. La comida la limpieza  y la atención excelente precio calidad,9,2024-10-29 15:46:54+00,0
"Atendimento da recepção , péssimo , a pessoa que fez meu check in foi extremamente arrogante e frio, nada de boas vindas, parecia estar favor um favor, e ainda fez um rolo trocando nossos quartos . Café da manhã nota 6, não tinha bacon . Experiência não foi boa, com certeza não levaria minha família .",6,2024-10-30 00:00:00+00,0
" Bien ubicada, buen servicio",8,2024-10-31 08:31:14+00,0
"El Hotel Viale Cataratas es un lugar amplio y acogedor, con espaciosas zonas húmedas ideales para relajarse. La atención del personal es excelente; todos son muy amables y se esfuerzan por brindar una experiencia satisfactoria. El desayuno, incluido en la estadía, ofrece una buena variedad, aunque su selección no cambia mucho. Mi experiencia en general fue muy positiva, aunque considero que podrían mejorar la calidad de las toallas, ya que parecían algo desgastadas. Actualmente, el hotel se encuentra en proceso de remodelación, por lo que no puedo opinar sobre el resultado final. Sin embargo, percibo un gran potencial gracias al compromiso y dedicación de su equipo.",8,2024-10-31 12:28:52+00,0
" La calidez del personal, la limpieza,  las instalaciones y la predisposición de todos por hacer nuestra estadía muy agradable, especial mención para Eliane!!!!  Como sugerencia,  en las estadías con media pensión,  deberían ofrecer agua sin costo dentro del servicio de la cena.",10,2024-11-02 00:15:51+00,1
" Gostei da comida (café e jantar), quarto com camas confortáveis, atendimento dos funcionários, localização: perto do shopping e do trevo para a Argentina e Duty Free; fácil para ir para o Paraguay também.  Nada",10,2024-11-03 00:19:09+00,1
"Surpreendentemente, café da manhã delicioso . Jantar surpreendeu . Vale a pena pegar hospedagem com meia pensão . O jantar é saboroso e variado .",10,2024-11-03 21:48:03+00,1
" Espaçosa, silenciosa e confortável. Ótimo café da manhã.  Torneira da pia com problema no fechamento, pia com vazão lenta e box de banho com pequeno vazamento pela divisória de vidro, próximo à parede. Piscina aparentava estar com baixo nível d’água. O prédio está em obras, mas isso não afeta drasticamente a experiência.",8,2024-11-04 00:45:38+00,0
" Расположение, чистые номера. близость к торговому центру, границе и водопадам  Скудный завтрак. Платная вода в номере. На этаже не было кулеров набрать воды",7,2024-11-04 19:05:39+00,0
 Todo exelente,10,2024-11-05 11:03:39+00,1
 Funcionários atencisosos  Variedade da alimentação da janta,8,2024-11-05 18:23:14+00,0
 Faltava tomada no qaurto. Só tinha uma e distante da mesa de trabalho e da cama.,8,2024-11-06 00:08:31+00,0
" DESAYUNO ESPECTACULAR, LA CENA BUFFET, LA ATENCIÓN Y AMABILIDAD LIMPIEZA  NO SABIA QUE NO ACEPTABAN DÓLARES",10,2024-11-06 14:39:43+00,1
"O hotel tem uma localização excelente, perto de diversos pontos turísticos o que facilita muito a locomoção. No entanto, a limpeza do quarto deixou a desejar, pois percebi que não estava tão bem cuidada quanto esperado. A vista do quarto também foi uma decepção, com uma paisagem pouco agradável. Fiquei hospedada 3 dias, o hotel está passando por reforma, barulho todos os dias pela manhã, não conseguindo dormir até mais tarde (férias) depois das 10:00 o barulho parava. Além disso, o custo da diária é bem alto para os serviços e infraestrutura oferecidos, o que não condiz com a qualidade do que se espera por esse valor. Para quem busca uma opção mais em conta e com melhor relação custo-benefício, talvez seja interessante considerar outras opções na região.",6,2024-11-07 13:56:30+00,0
"Local agradável,  preço justo, excelente café da manhã.
Estacionamento acessível.
Funcionários educados e solicitos.
Recomendo!",8,2024-11-08 12:14:40+00,0
" Localização e funcionários cordiais  Hotel em reforma, academia muito ruim",3,2024-11-09 10:08:00+00,0
" Não tem área para fumante, apenas na frente do hotel! Ou fica no sol ou na chuva! 
Não pode muitas coisas dentro do hotel, como toma um vinho que levamos tem que paga rolha! Tínhamos 5 garrafas! Iam cobrar rolha das 5! 
Resort de verdade não se preocupa com esses detalhe de rolha! 
Atendimento dos colaboradores foi ótima, quarto bom, wifi bom, café da amanhã e comida boa também! 
Detalhes que podem melhorar e fazer os clientes voltarem ao hotel!  Não tem área para fumante, apenas na frente do hotel! Ou fica no sol ou na chuva! 
Essa área poderia ter sido lá num cantinho aberto! Onde não incomodaria os de mais! 
Não pode muitas coisas dentro do hotel, como toma um vinho que levamos tem que paga rolha! Tínhamos 5 garrafas! Iam cobrar rolha das 5! 
Detalhes que podem melhorar e fazer os clientes voltarem ao hotel!",4,2024-11-09 12:27:28+00,0
" La comida  Me toco un cuarto en pb y no se podía abrir la ventana, por lo tanto me sentía un poco asfixiada",9,2024-11-10 01:08:39+00,0
" Quarto espaçoso, café da manhã bom (embora uma fila imensa pra pegar uma tapioca). Localização.  Toalhas de banho muito pequenas.",8,2024-11-10 02:20:14+00,0
" Lindo alojamiento, excelente precio-calidad
Buffet con variedad suficiente.  Los salones de juego estaban en el -1, un lugar sin aire acondicionado, estaba en mantencion, lleno de polvo.",8,2024-11-10 20:58:36+00,0
 Localização e atendimento.  Equipamentos antigos a começar pelo ar condicionado . Café da manhã sem alternativa para que tem restrições de gluten e lactose.,7,2024-11-11 09:56:06+00,0
 Localização  Tratamento dos funcionários,9,2024-11-11 13:11:36+00,0
"O hotel fica bem localizado, tem um café da manhã razoável, os quartos são bem confortáveis mas um pouco barulhentos. Tem um ótimo custo benefício",8,2024-11-12 00:00:00+00,0
"Hotel com excelente infraestrutura e café da manhã, muito bem localizado e com estacionamento",10,2024-11-12 00:00:00+00,1
" Gostei das acomodações, cama espaçosa, funcionário da limpeza (D. Mari) e Lilian do café da manhã muito atenciosas, educadas e gentis.
Café da manhã farto.  Infelizmente fiquei presa com minha família no elevador e ninguém veio nos ajudar, nossa sorte foi que o elevador foi a chamado no andar superior e conseguimos sair.
Não recebemos nenhuma desculpa ou explicação por parte da recepção.",8,2024-11-12 15:42:13+00,0
"Excelente hotel, súper recomendable para ir en familia, atención de primera, el personal muy atento, espectacular desayuno y cena, habitaciones cómodas, excelentes colchones para poder descansar a gusto, no tenemos más que agradecimiento, súper recomendable!",10,2024-11-13 00:00:00+00,1
 Atención excelente! Nos cambiaron de habitación para mayor comodidad.  Las habitaciones amplias. El personal muy atento y gentil.  Todo bien,9,2024-11-13 14:58:16+00,0
Ótima localização. Bom preço. Bom café da manhã. Funcionários atenciosos. Quartos super confortáveis. Recomendo!,10,2024-11-14 00:00:00+00,1
" Localização ótima! Quarto bem amplo, espaçoso, muito limpo. Funcionários atenciosos e educados, camareira muito gentil. Café da manhã muito bom e com opção de tapioca feita na hora.",10,2024-11-14 02:41:05+00,1
" Boa localização, instalações adequadas.  Péssima política do restaurante: não serve os pratos que estão no cardápio, assim, tentando ""empurrar"" um buffet de R$ 92,00. Não aceita pagamentos no restaurante, senão somente lançados no apartamento, o que impede de o hóspede pagar em conta própria, não da empresa, ou mesmo convidar alguns colegas, sem ter que pagar a parte deles.",8,2024-11-14 13:42:47+00,0
"Dated hotel. In a main road. Rooms t the front of the hotel have poor soundproofing so you can hear the traffic. 
The towels are ridiculously inexpensive for a hotel of this quality. 
The restaurant is more like a cafeteria than a hotel restaurant. 
The whole thing could do with a bit of investment to get it to where it could easily be.",6,2024-11-15 00:00:00+00,0
Hotel bom! Com uma pequena reforma que quase não incomodou mas com algum ruído.,10,2024-11-15 00:00:00+00,1
" Gostamos Do café da manhã, da 
Localização e atenção dos funcionários.  Não gostei do barulho do quarto que fiquei.
A janela do banheiro dava para piscina. Foi ruim",7,2024-11-17 19:53:01+00,0
" O café da manhã é muito bom. Adorei.  Wi fi péssimo. Impossível de usar no quarto em todos os 6 dias que fiquei. É um pouco melhor no lobby, mas realmente não condiz com hotel 4 estrelas. 

Também dei azar com o omelete que pedi no quarto. Estava puro sal.",7,2024-11-18 00:55:07+00,0
Gostei,10,2024-11-19 17:28:42+00,1
"Já tivemos a oportunidade por duas vezes de nos hospedamos nesse hotel. Sempre fomos bem atendidos. E na oportunidade anterior avaliamos bem esse hotel. Nessa nova oportunidade tivemos alguns contratempos.
O atendimento no chek-in foi muito bom como sempre. O serviço de camareira tb. As acomodações com boas qualidades de limpeza/higiene/conforto, porém sua iluminação é um pouco deficiente, principalmente para pessoas idosas. O atendimento na parte do restaurante tb foi muito bom (desde o café da manhã [bastante diversidade e boa qualidade], e tb pela receptividade dos auxiliares q compõe a equipe. Nas quanto ao atendimento do lobby bar (q tb efetua o atendimento na área da piscina) deixa desejar = demorado e muitas das vezes esquecem de seus pedidos, tendo que questionar por várias vezes o pessoal que presta o atendimento.",8,2024-11-20 00:00:00+00,0
"Recomendable. Situado al sur de Foz de Iguaçú, localizacion buena para visitar las cataratas y otros puntos turisticos de la zona. La atención del personal fue muy buena. Excelente la de David Silva de recepción que nos aconsejó sobre qué visitar, restaurantes, etc. Tambien Lucas y una muchacha que hablaba español, fueron muy atentos. Pudimos quedarnos en el hotel  despues del checkout disfrutando de la piscina y tomando algo hasta la tarde que salía nuestro vuelo. Volveríamos sin duda",10,2024-11-20 14:02:13+00,1
 Alimentação muito bom limpeza otimo  Um pouco de barulho .por causa da picina,6,2024-11-20 23:18:40+00,0
" A cama gigante, o tamanho do quarto excelente, o hotel é muito organizado, muito limpo e o staff super atencioso. Roupas de cama e banho e amenities de banho de excelente qualidade. Café da manhã muito bom!  Do quarto dava para escutar barulho do corredor e do quarto ao lado. O banheiro tinha cortina ao invés de box. O hotel não fica na região central, então tem opções de restaurante e comércio local.",9,2024-11-21 00:23:41+00,0
" Location  Low quality of installation, poor maintenance, not well cleaned (my room had lots of hair). Breakfast was poor and with low quality products",6,2024-11-22 00:12:20+00,0
"Hotel confortável, ótimo café da manhã e atendimento. Custo da diária alto para o padrão do hotel.",8,2024-11-23 00:00:00+00,0
"O hotel viale sem dúvidas me ofereceu uma oportunidade única de viver um momento único, lugar altamente agradável tudo aconchegante",10,2024-11-23 22:01:43+00,1
"3 star hotel pretending to be 4*
Long corridors and thin cardboard walls, can hear every sound from adjoining rooms.
Requested milk to put in my coffee after my evening meal, was told NO - not available. I questioned this but was told No, No milk. 👎🏽

No water available to fill up your drink bottles, creating more plastic waste. A lot of these hotels should learn from Australia and New Zealand on environmental issues.",6,2024-11-23 22:07:40+00,0
" Limpeza roupas de cama  Ar condicionado imundo , tinha crosta de poeira.",8,2024-11-24 01:42:45+00,0
 la habitación muy cómoda y amplia,10,2024-11-24 17:48:49+00,1
" La gastronomía, de calidad, variada, reposición permanente, en desayuno y cena. Hermosa decoración navideña  Habitación muy básica, sólo un enchufe, ni cafetera ni hervidor. Mala iluminación 
Las bebidas del minibar excesivamente caras, seis veces su precio habitual",9,2024-11-25 16:00:16+00,0
" Foi bem bacana a nossa estadia , camas confortáveis e o local bem acessível  Não tenho o q declarar",9,2024-11-25 18:26:05+00,0
" A tranquilidade e comodidade é um ponto forte  Falta opção para crianças, nao tem área que eles possam ficar a não ser pela piscina...",7,2024-11-26 10:05:23+00,0
" Café da manhã e localização são excelentes. O atendimento também. Fomos atendidos pelo Lucas, na recepção, que nos atendeu muito bem.",9,2024-11-26 10:39:10+00,0
" staff gentile  pulizia da migliorare nella struttura, incluso nell' area piscina. aria condizionata rumorosa e con dispositivi piuttosto vecchi.",6,2024-11-26 11:17:32+00,0
"L'aria condizionata non funzionava, le camere non erano molto moderne",6,2024-11-26 21:07:11+00,0
Muito bom o hotel.,8,2024-11-27 00:00:00+00,0
" velmi ochotný mladý pan recepční který uměl výborně anglicky a dobře nám poradil ohledně výletů.  Vedení hotelu nám nevyšlo vstříc ohledně zkrácení pobytu když nám změnili let ,nebyli nám vráceny prostředky za jeden den.",10,2024-11-27 04:37:48+00,1
" localização é otima  banheiro vazando água do vaso sanitário 
arandela ao lado da cama não funcionava",5,2024-11-27 13:55:46+00,0
"Hotel gut ausgestattet. Direkt an der Hauptstrasse zentral gelegen. Verkehrslärm war vor allem Nachts bemerkbar, da keine Isoliertverglaste Fenster.
Buffett Morgens und Abends empfehlenswert.",6,2024-11-27 23:32:37+00,0
"Hotel tranquillo per poter soggiornare vicino alle cascate di Iguazu lato brasiliano.
10 minuti di bus o auto.

Vicino all'hotel avrete un xentro commerciale e punto informazioni turistiche.

Per noi arrivati in nottata da San Paolo è stato molto comodo per riprenderci e proseguire il nostro tour il giorno successivo.

Letti comodi, camere ampie, buona la colazione",8,2024-11-28 23:46:32+00,0
" ambiente do hotel, camas confortáveis, roupa de cama nova, café da manhã excelente, área de lazer, banheiros... enfim, tudo muito bom!  gostei de tudo, hotel, realmente incrível, mas como sugestão de melhoria, poderia ter possibilidade de iluminar um pouco mais o quarto.",9,2024-11-29 12:26:39+00,0
"O pessoal de uma maneira geral não são muito amigáveis , não fazem questão de te auxiliar , e a relação custo benefício do hotel não compensa",4,2024-12-02 19:54:51+00,0
" Die Lage,  die Nähe zu allem  ------",8,2024-12-03 02:28:44+00,0
" Lo cómodo y la ubicación  Detalles mínimos en las reformas que están haciendo ,y cierre muy temprano de los bares y restaurante en el hotel",9,2024-12-03 12:40:54+00,0
"funcionários mal educados , sem vontade de atender o cliente , muito ruim . Relação custo beneficio ruim , não gostam de atender os pedidos , 
O hotel não dispõem de muitas atrações , na reserva pedi um quarto com cama grande , me deram um com duas camas menores",4,2024-12-04 00:00:00+00,0
Nice Hotel and great service. Thank you Marlon for arranging our transportation and assisting us. Excellent buffet breakfast and dinner.,10,2024-12-04 00:00:00+00,1
 Delicioso y completo,10,2024-12-04 17:16:09+00,1
Adoramos o período  de hospedagem e o café  da manhã  excelente!!,10,2024-12-07 14:29:35+00,1
" Atendimento espetacular, muito limpo, café da manhã muito bom  Não tenho nada a declarar negativamente",10,2024-12-08 11:22:58+00,1
" El buffet completo el desayuno y cena. 
 la piscina limpia y bien cuidada  No tenía donde colgar las toallas eso me parece que deben tener 
El aire muy pequeño para la habitación no enfriaba bien",7,2024-12-09 00:34:59+00,0
 Cafe da manhã.,10,2024-12-09 09:58:46+00,1
" Las instalaciones, la ubicación y la atención del personal de conserjería y comedor  tanto el desayuno buffet que estaba incluido en la tarifa, como la cena buffet se presentaban como muy básicas para un hotel 4 estrellas. Los valores de la cena los percibimos como elevados, como también los productos que dejaban en el frigobar (mas allá que sabemos que siempre son mas costosos que en el super, acá la diferencia era muy grande).

Una señora perteneciente al personal de limpieza en las habitaciones pasaba por la mañana abriendo puertas en las habitaciones supuestamente porque no tenían colgado el cartel de ""no molestar"". Lo hizo en nuestra habitacion y observamos que lo hacía en todas. Cada habitación tiene un timbre, no costaría nada tocar timbre primero.",7,2024-12-10 12:53:35+00,0
" Very clean, staff very competent.  The bathroon needs hang towel, also some support for bathroom papers.",9,2024-12-13 00:06:42+00,0
" Bazén, solidní jídlo, kvalitní postel, poloha.  Hotel už nevypadá nejnovější, nelíbí se mi, že součástí placené polopenze nejsou v ceně nealko nápoje (a to ani voda), nelíbí se mi, že veškeré informace ze strany personálu jsou výhradně v portugalštině. Naštěstí na recepci celkem ochotně vysvětlili anglicky. Dveře do pokoje netěsní, slyšíte z chodby každý zvuk a hluk.",7,2024-12-13 10:44:53+00,0
 pouca flexibilidade em trocar o almoço pelo jantar e vice e versa.,9,2024-12-13 16:08:41+00,0
" Sehr saubere und konfortable Zimmer mit viel Platz 
Es war alles sehr gut eingerichtet",9,2024-12-14 09:51:07+00,0
" Muito bom valeu a pena , me surpreendeu 😍",9,2024-12-14 22:46:57+00,0
 Todo  La distancia,9,2024-12-15 21:06:42+00,0
" Excelente buffet. Pagamos por desayuno y cena y la comida era variada y deliciosa. También pedimos al buffet de la pileta y estaba excelente. También es muy buena la pileta y el deck, sobre todo para niños.  El wifi es inexistente casi. No cumple las expectativas del siglo XXI. Se corta y anda lento, sobre todo a horas de la tarde/noche cuando están todos en el hotel. Hace 2 años estuve y no cambió nada.   Otro tema es la atención online fuera de horarios normales como feriados o fines de semana no existe. Me contacté por booking y por el fomulario de la página del hotel por un problema de mi vuelo (quería avisar que no llegaba a la hora pactada, sino de madrugada y quería saber si iba a poder pedir algo a la cocina. Al no tener respuesta, y viajar con niños, tuve que programar el vuelo para el día siguiente porque conocìa la zona y no hay nada abierto, o sea, si no era en el hotel no era en ningún lado).  Luego de varias horas sin respuesta no tuve otra que llamar de larga distancia pero ya era tarde. No encontré tampoco algún whatsapp.  Es una pavada quizás pero estaría bueno que dejaran en el mensaje automático de booking como contactarse fuera de horario. La persona que me respondió un lunes (esto fue un sábado) me dijo que no trabajan respondiendo en fines de semana o feriados. Me parece perfecto, pero no estaba escrito en ningùn lado.  Espero que tomen esto como una crítica constructiva porque el hotel está muy bueno y seguiré volviendo.",8,2024-12-15 21:59:52+00,0
Hotel bom mas muito barulho dos hospedes,8,2024-12-16 00:00:00+00,0
"Hotel relativamente novo, bem localizado. O banheiro estava com a pia parcialmente entupida e molhava o chão. Café da manhã simples, mas farto.",8,2024-12-16 00:00:00+00,0
" El desayuno y la cena son increíbles. Los dos son de buffet, la cena cambia los platos principales todos los días, y en el desayuno se pueden pedir tapiocas!  El aire acondicionado en las zonas comunes, especialmente el restaurante, estaba tan alto que hay que usar pantalón largo y sudadera incluso en verano.",9,2024-12-16 11:49:26+00,0
 Camas confortáveis; travesseiros e cobertas de boa qualidade; chuveiro bom;  quarto amplo e organizado.  Quarto com muitos ruídos vindos do corredor; sem qualquer acústica; ausência de funcionários para ordenar crianças; Poucas tomadas; Limpeza deficiente nos quartos; sem garagem coberta.,8,2024-12-17 00:17:22+00,0
 excellent service  pool to small,8,2024-12-19 07:26:32+00,0
" A acomodação passou por recente reforma, então a estrutura está boa e bem bonita. O café da manhã é ótimo, principalmente a seção das tapiocas. Localização boa na avenida das Cataratas é fácil acesso a shopping e restaurantes, bem como Paraguai e Argentina.  O chuveiro às vezes esfria do nada no meio do banho.",8,2024-12-19 12:30:01+00,0
 Complete and delicious breakfast. Other meals too delicious. Large and pleasant swiming pool. Great experience. Recommended.,10,2024-12-20 20:15:43+00,1
"Atendimento no bar da piscina era péssimo, esqueciam os pedidos ou demorava muito. 
Quarto o ar condicionado não funcionava muito bem, demorava muito para esfriar o quarto.
Banho era bom, cama era razoável, antiga já. 
Estrutura antiga. 
Hotel apenas bom.",6,2024-12-22 00:00:00+00,0
" El desayuno genial, la cama y la comodidad del colchón, la ubicación.  El aire era muy viejo y no enfriaba lo suficiente, la tele era Smart pero imposible acceder a you tube o Netflix y si vas con nenes es complicado las noches.",9,2024-12-22 00:03:38+00,0
" Reservamos una habitación cuádruple para ir toda la familia. Por un monto cercano a los mil reales, la habitación era pequeña y las camas igual, solo había dos juegos de toallas en la habitación. El porta papel higiénico estaba roto, la ventana no cerraba y la traba de la puerta también estaba rota. El aire acondicionado no enfriaba bien. La pileta parecía sucia, no solo turbia el agua, sino también las mesas y sillas. Muy distinto a lo que se muestra en las fotos. Me pareció extremadamente caro para el servicio que brinda. No lo recomiendo.  No me gustó la.pileta, el agua estaba turbia y el lugar muy sucio. 
La habitación pequeña, muchas cosas rotas o sin funcionar. El frigo bar tenía muchas bebidas seguramente de personas que habían estado antes. Reserve una habitación cuádruple y solo había dos juegos de toallas.",2,2024-12-22 00:28:12+00,0
"Excelente atención, desde la puerta de ingreso, el personal fue atento ayudando con la maletas, la recepción y el Buffet sabroso y mucha variedad.",10,2024-12-22 11:48:50+00,1
" La atención del personal, el desayuno excelente, limpieza del hotel, con seguridad volvere  cobran por el hielo para el terere",10,2024-12-22 23:41:00+00,1
" Café da manhã excelentíssimo. Limpeza e feedback da equipe muito boa, sempre super atenciosos.  Preço do bar e restaurante absurdamente acima do razoável, fator preponderante para aproveitar mais o hotel e suas dependências...
Atendimento da recepção no check in, razoável... falta de comunicação assertiva e de boa receptividade.",8,2024-12-24 18:19:25+00,0
"Quarto muito bom, incluindo travesseiros, roupas de cama. Sugiro fixar suportes dentro do box do banheiro para perdurar roupas da piscina. Comida também , excelente, funcionários educados, especialmente o rapaz que levou nossas bagagens até o quarto.",8,2024-12-27 00:00:00+00,0
 Las instalaciones,10,2024-12-27 14:36:12+00,1
"Hotel grande com ótima localização, área de recreação, estacionamento amplo e restaurante formidável! Excelente café da manhã! Em
Nossa estadia pudemos também conferir a ceia de Natal que foi fantástica, com buffet repleto de opções.  O buffet de sobremesas foi o mais sensacional que vimos e experimentamos entre todas as viagens que já fizemos! E, pra fechar precisamos ressaltar o trabalho da animadora na recreação a “Cacau” que viu um garoto prestes a se complicar na piscina num descuido da mãe e ela não pensou duas vezes em se jogar na piscina pra ajudar o garoto, mesmo perdendo seu celular que entrou água e parou de funcionar.  O hotel deveria dar outro como prêmio! Enfim, a estadia foi toda uma experiência ótima! Recomendadíssimo!!",10,2024-12-27 20:38:39+00,1
"Hotel muito bom, comida excelente ( principalmente a tapioca)",10,2024-12-28 00:00:00+00,1
" Mesa de doces e frutas na ceia  A foto do café tem uma baita bacia de bacon, não teve bacon nenhum dia..
Café da manhã fraquíssimo, pouca variedade, a foto engana muito, já fui em outros que era igual da foto o café 
Jantar da ceia também deixou a desejar, comidas frias...
O ar condicionado não funcionou, tentamos mudar de quarto, nos deram um em que o ar funcionava, mas as palhetas não se moviam...o ar vinha direto na gente
A porta do banheiro imperrada
Um fio de água no chuveiro 
Não limparam o quarto (em outros hotéis mesmo que não coloque a plaquinha, por puro esquecimento, o quarto é limpo igual)",4,2024-12-28 04:13:33+00,0
"Excellent atendimento! Café da manhã com muitas opções, variado e gostoso! Excelente custo benefício! Carregador para carro elétrico disponível! Maravilhoso!",10,2024-12-29 00:00:00+00,1
"Estadia maravilhosa, ambientes, atendimento e café da manhã incríveis, apenas um detalhe a pontuar que é a manutenção/limpeza da copa baby, pois passou a impressão de que apenas tiravam o lixo uma vez ao dia.",10,2024-12-29 00:00:00+00,1
" Local bom próximo ao centro.
Café da manhã bom.  Café da manhã bom e atendimento ótimo.",7,2024-12-29 14:48:43+00,0
"Pontos positivos : localização ótima,equipe atenciosa,café da manhã excelente 

Pontos negativos : ar condicionado com ruídos e refrigera pouco (necessita de manutenção urgente ),não há isolamento acústico nos quartos  ,banheiros precisam de uma reforma geral com urgência .",4,2024-12-30 00:00:00+00,0
" Perfeito 🤍 
Café da manhã como sempre maravilhoso.
Piscina ótima 
Quarto perfeito para o casal e criança 
Limpeza , atendimento .. superrrr recomendo 🤍  A tv muita alta quando se liga .",10,2024-12-30 20:09:07+00,1
" Café da manhã  salão de jogos mesa de sinuca não estava em bem conservado 
Tacos em péssimo estado e localização.",9,2024-12-30 23:04:43+00,0
 Tudo. Perfeito.  Nada.,10,2024-12-31 09:59:14+00,1
"Esse hotel é excelente. É nossa segunda vez. Café, quarto, estrutura, localização tudo é ótimo. A festa do réveillon foi excelente. Muito bem organizada.",10,2025-01-01 00:00:00+00,1
"Passamos o final de ano aqui e valeu muito a pena. Festa de final de ano maravilhosa, comida bem boa, docinhos, bebidas, decoração, bandas, equipe sensacional, recomendo. Os quartos são bons, tudo funcionando, a piscina é agradável, tem recreação, estacionamento coberto, gostamos bastante",10,2025-01-01 00:00:00+00,1
"O hotel é ótimo, comida muita boa, quartos e piscina maravilhosos! Em especial a recreação para adultos é muito divertida! As profissionais são ótimas e muito queridas! Fizeram jogos todo final de tarde, em especial a cacau, muito legal!!",10,2025-01-01 00:00:00+00,1
"A nossa experiência foi ótima! O hotel é bom, o café da manhã é excelente e superou as expectativas quanto à ceia de Reveillon! O jantar estava ótimo, mesa de doces muito variada e a vontade até o final da festa que foi incrível: banda maravilhosa, animada, música para todos os gostos! Parabéns Viale vocês nos surpreenderam!👏🏻👏🏻👏🏻👏🏻👏🏻",10,2025-01-01 13:23:09+00,1
Great hotel,10,2025-01-02 00:00:00+00,1
 Cama  Café em máquina não atendia a todos .,7,2025-01-02 00:18:12+00,0
 localização,9,2025-01-02 10:31:20+00,0
" Atendimento de todos os colaboradores, Café da manhã, localização.  O primeiro quarto tinha mofo na parede acima da cama e o banheiro não tinha saboneteira, nem local para colocar o shampoo. 
Após reclamar foi disponibilizado outro quarto em melhores condições, contudo, o ar condicionado deixava a desejar pois não gelada o suficiente e barulhento. 
No restaurante atrás do balcão de tapioca, tinha uma espécie de tábuas pintadas de preto fechando uma passagem, o que não condiz com o Hotel 4 estrelas, passa má impressão de higiene.",8,2025-01-03 01:35:54+00,0
" Ceia de ano novo... incrível demais, estadia foi tudo perfeito!",10,2025-01-03 14:17:58+00,1
"Hotel bem localizado, comum e não refinado. 
Estrutura da área comum é satisfatória: apenas
Café variado mas com itens de qualidade mediana.

Quartos espartanos, oferecem pouco conforto. 
decoração sofrível.
Amenities sem qualidade. 

Atendimento em nada cortês, não prestativo. Falta muito ao hotel.",6,2025-01-04 00:00:00+00,0
" Restaurante ótimo, funcionários atenciosos, localização ótima, quarto confortável  Piscina pequena, poucas atividades, custo-benefício alto.",9,2025-01-04 17:20:20+00,0
" O Hotel tem quartos amplos, o café da manhã é ótimo. O sistema de lançamento de consumo na própria chave do Hotel é um facilitador.  Ar condicionado não funcionou, mesmo chamando a manutenção ficou sempre quente no quarto. A área de recreação infantil é pequena e precisa de novos equipamentos.
A piscina é pequena caso o Hotel chegue a ficar lotado, provavelmente seria impossível tomar um banho de piscina.",8,2025-01-05 01:38:51+00,0
" Localização limpeza e amplitude das instalações.  O café da manhã é  bom , porém pela categoria é valor da estadia do hotel ,pode melhorar,  achei caro a comida do restaurante.",9,2025-01-06 00:09:24+00,0
 Localizaçao e café da manhã maravilhoso!  Do banheiro,8,2025-01-06 01:25:52+00,0
 Muy buena ubicación e instalaciones bonitas  Las toallas de mala calidad y faltas de limpieza,9,2025-01-06 01:50:10+00,0
" Limpieza,buena pileta ,restaurante espacioso y con buen desayuno continental.  Nos asignaron una habitación para personas discapacitadas sin haberlo solicitado.",9,2025-01-06 20:35:35+00,0
" The bed is huge and very comfortable. Most of the facilities are renovated but not all of them.  This is for sure the loudest hotel I've ever been in. We heard everything from the foyer and the halls (running children etc). We could hardly sleep properly (only from 12 to 6).
There is a lot of variety at breakfast but the quality is not so good.
Some of the bathroom facilities need renovation.",6,2025-01-07 00:12:26+00,0
" Adoramos os dias no Viale Cataratas! Equipe atenciosa, hotel confortável, quarto e banheiro amplos e limpos, café da manhã variado, ótimas piscinas. A localização é excelente, próxima ao shopping, ao aeroporto e entre o centro e às Cataratas. Recomendo!",10,2025-01-07 01:11:38+00,1
"Very charming hotel near the Iguazu Falls. Breakfast was very diverse and was also served on a pool-front terrace, rooms were big, the staff was polite and helpful.",10,2025-01-07 22:21:49+00,1
"Lo que más me agradó fue el restaurante y el personal, no me gustó mucho la habitación ya que estaba muy pequeña muebles un tanto viejos y el aire acondicionado no enfría mucho",8,2025-01-08 00:00:00+00,0
" Dated rooms, stained bedding 
Plug points not working and toilet not flushing. There seems to be no urgency when it came to sorting out the toilet not flushing",4,2025-01-08 11:51:04+00,0
" Café da manhã,área comum.  Eu não gostei do banheiro. Achei o box muito sujo nos cantos, encardido mesmo. Assento do bacio meio solto também.
No quarto poderia ter uma luz no centro para iluminar melhor pois achamos o quarto muito escuro somente com as arandelas.",8,2025-01-08 12:01:46+00,0
"O hotel é muito bonito e com boa localização. Os quartos são bons mas precisam ser mais cuidados e realmente é possível ouvir barulhos externos , embora não tenhamos tido nenhum problema durante a noite , pudemos dormir tranquilamente . Café da manhã excelente! Quanto às demais refeições não fizemos no hotel e achamos o preço do buffet um pouco elevado . A questão das piscinas são boas porém não são climatizadas sendo bem frias . O bar da piscina funciona dentro do lobby do hotel , mesmo o atendimento sendo bom , tínhamos que sair da piscina para solicitar alguma bebida pois ficava distante para chamar e não passam com frequência na piscina .",8,2025-01-08 12:41:06+00,0
 Localização e atendimento muito bom  Piscina estava parte em manutenção,10,2025-01-08 20:12:11+00,1
" Já é a segunda vez que me hospedo aqui. Localização é excelente, pessoal muito atencioso e ótimo café da manhã.  O primeiro apartamento que foi oferecido era extremamente longe da recepção. Trocaram sem problema, porem ficamos de frente para a avenida, que não não foi muito ruim.",8,2025-01-08 21:25:20+00,0
" Limpeza, quartos e comida excelente  Wifi péssimo nos quartos e o exaustor do banheiro não estava funcionando",10,2025-01-09 00:49:32+00,1
" Quarto limpo, espaçoso, bom isolamento acústico e  banheiro impecável, camareiras muito gentis, café da manhã excelente. Ar condicionado funcionando perfeitamente. Camas confortáveis.
Boa localização.  Preços absurdos em relação a outros hotéis bem superiores da cidade. 
Jantar bem fraco pelo preço cobrado ( R$ 95,00 por pessoa),  compensa sair e comer fora.
Bar da piscina com poucas opções, poucos garçons. Não pode usar copos, taças de vidro, nem nas mesas ao redor na piscina e nem dentro mesmo que for de plástico, sendo que na maioria dos hotéis da cidade pode.
A piscina sem acessibilidade nenhuma pra quem precisa, vimos cadeirantes serem carregados pelas escadas pois não tem rampa de acesso.",7,2025-01-09 17:05:49+00,0
 Ter 2 camas grandes para a família.  Limpeza dos lençóis,10,2025-01-09 20:46:14+00,1
" Nao é um hotel para familia. Quando chegamos a atendente disse que teria recreação para criancas  mas nao teve em nenhum dos 5 dias que me hospedri lá.  A sala de jogos era velha, suja, com itens faltando e quebrados, alem de fedida e sem ventilação. O limpeza do quarto era ""ok"", a estrutura que deixou a desejar. Nao tinha uma sala de reunião, ou coowork ou seja la o que for. Precisava fazer uma reuniao online durante minha estadia e nao tinha outra opção se nao o quarto, onde estavam meus filhos.

Enfim, apesar de grande em tamanho é um hotel simples e mais velinho...",5,2025-01-10 00:18:19+00,0
" Location  No accessibility to special needs, very disappointing. Children in the gym.",7,2025-01-10 01:45:18+00,0
" O hotel é fantástico, entrega tudo o que divulga.  Os canais de tv poderiam ser melhores.",10,2025-01-10 13:01:04+00,1
" Instalações ótimas, funcionários simpáticos e sempre dispostos a atender da melhor forma.  Nada",10,2025-01-11 00:18:49+00,1
" A recepção foi ótima com as informações necessárias , próximo a shopping bem localizada  Camas pequenas para duas pessoas",9,2025-01-11 01:52:47+00,0
"""Estadia incrível! Hotel superou expectativas com quartos confortáveis, limpeza impecável, atendimento excelente e gastronomia deliciosa. A estrutura do hotel é moderna e bem planejada e tem uma piscina maravilhosa. A localização também é ótima, perto de tudo o que eu precisava. Recomendo.",10,2025-01-12 00:00:00+00,1
" Bom custo-beneficio. Não é um resort - o que encareceria a hospedagem - mas atende bem a uma família c crianças. Piscina boa, salão de jogos ok, buffet de café e jantar muito bom, quartos e banheiro de bom tamanho e limpos. Fica na avenida das cataratas, uma boa localização para chegar nas principais atrações.  Achei a recreação um pouco desanimada e escondida. Como havia muitas crianças, elas mesmas acabaram se conhecendo e brincando entre elas. Um dia a piscina estava lotada de crianças e os recreadores estavam num canto e não chamaram ninguém, pareciam que estavam de folga…",8,2025-01-12 11:43:34+00,0
 Um excelente café da manhã.  poderiam trocar os ar condicionado pois estão muito velhos e fazem muito barulho,8,2025-01-12 23:34:23+00,0
"Es un hotel muy bien gestionado, con una atención cordial y profesional. Habitaciones amplias, muy limpias y bien equipadas, espacios comunes cómodos y con bella decoración, pero lo que destaca en este hotel, sin duda, es la calidad y variedad de su gastronomía, tanto en el desayuno como en la cena. Pasamos 5 noches allí y disfrutamos cada momento. Estamos pensando en regresar en junio de este año, hemos estado muchas veces en Foz, en diferentes hoteles, de 4 y 5 estrellas, por la relación precio calidad este hotel es insuperable.",10,2025-01-13 00:00:00+00,1
 Achei a acomodação bem fraca !! Optamos por um quarto mais confortável e não correspondeu a expectativa,6,2025-01-13 00:02:01+00,0
" Camas cómodas  El baño se notaba que tenía instalaciones viejas, azulejos manchados (no sucios, sino que muestras de viejos)",9,2025-01-13 00:27:44+00,0
" Las instalaciones. La buena predisposición del personal. La limpieza, impecable!!! 
Tanto el desayuno como la cena, es un servicio de primera categoría. Comida realmente deliciosa, platos elaborados y muy sabrosos!!! 
Absolutamente recomendable la opción de Media pensión!!! teniendo presente tanto el costo-beneficio, como la calidad de la materia prima y la variedad de los platos, uno más rico que otro.
El área de la piscina y la pileta en si misma, hermosa.
A destacar las puestas de sol que se pueden apreciar desde los cuartos que dan a la piscina. Atardeceres maravillosos que se vivencian en Brasil!!!! Cada uno de ellos únicos e irrepetibles....  El área del Spa. Bastante lúgubre y con un olor rancio. Sector a mejorar.",10,2025-01-13 03:51:44+00,1
" AREA DE FUMANTES COBERTA, POIS FICA NOI SOL E NA CHUVA.",10,2025-01-13 11:02:59+00,1
" Hotel grande, con buena piscina.  Personal muy educado y atento. Buen desayuno, variado.  Las habitaciones descuidadas, el cuarto que me asignaron tenía las paredes y mobiliario sucios.",7,2025-01-13 11:31:18+00,0
 Espaço dos quartos  Pouca iluminação nos quartos,9,2025-01-13 12:11:08+00,0
Bar da piscina um completo desastre!,2,2025-01-13 16:44:09+00,0
" Hermoso todo! La prolijidad, limpieza, calidad de la comida. Todo fue fantástico.",10,2025-01-13 18:22:15+00,1
 El servicio de restaurante es bastante bueno.,9,2025-01-13 18:40:02+00,0
"Hotel tem ótima localização, dá pra ir a pé ao Shopping, perto de muitas atrações. Atendimento da piscina e café da manhã fantásticos. Equipe cordial e atenciosa. Pontos a desenvolver: o serviço de quarto, acessórios do banheiro e iluminação do quarto.",8,2025-01-13 23:21:25+00,0
"Hotel com estrutura boa, mas precisa de reparos, pinturas.",8,2025-01-14 00:00:00+00,0
" Localização, conforto!  Banheiro",8,2025-01-14 01:11:54+00,0
"Muy buen servicio, ecxelente ubicación y desayunos increíbles",10,2025-01-14 17:14:44+00,1
Muy buena,8,2025-01-14 17:48:18+00,0
 La limpieza y la atención del personal  Me gustó todo,10,2025-01-14 18:46:25+00,1
"Quarto bom tamanho, cafe da manha bem variado… custo das refeições e lanches altissimo",8,2025-01-15 00:00:00+00,0
" La ubicación, la facilidad de comunicación con los empleados  A mi parecer las camas eran pequeñas, cómodas pero pequeñas, el resto todo bien",9,2025-01-15 00:03:29+00,0
" Localização, área da piscina.  Canas ruins, comida apenas razoável.",8,2025-01-15 00:48:02+00,0
 El desayuno,8,2025-01-15 11:29:35+00,0
 Como sempre estava tudo perfeito.,10,2025-01-15 11:49:25+00,1
 Todo! Excelente  Nada,10,2025-01-15 13:41:36+00,1
" Localização excelente! Perto das Cataratas, divisa com Argentina, Marco das Três Fronteiras.  Nada a reclamar.",8,2025-01-15 13:59:31+00,0
" Muy cómodas las instalaciones y la atención del personal, la comida variada y los tragos muy ricos.",10,2025-01-15 15:10:44+00,1
 El personal un poco lento en el servicio,10,2025-01-15 18:10:37+00,1
" Todo! Es excelente todo, la calidad de los alimentos, la limpieza constante, el personal es muy atento y predispuesto, siempre con una sonrisa, las instalaciones son muy cómodas y están en perfectas condiciones  El Wifi no siempre funciona bien, entiendo también que en las fechas que me aloje el hotel tenía ocupación plena por lo tanto un poco saturado",10,2025-01-15 19:02:15+00,1
" Alimentação muito boa (salgada e sobremesas), quarto com bom custo beneficio, cama boa, ducha boa, limpeza boa, nao tinha mofo nem cheiro.  Garçons meio perdidinhos para tirar pedido das bebidas durante o jantar, inclusive um que nos atendeu praticamente nem falava portugues. 
Faltou um varal dentro do banheiro para estender toalhas ou roupas de banho.
A piscina estava bem suja no dia que tentamos usar, nao deu coragem.",8,2025-01-15 20:58:36+00,0
" La amabilidad en la recepción.  La habitación muy pequeña para 4. Muy poca iluminación. La sala de juegos no es para ellos porque es muy ruidosa por adultos que ingresan a jugar sin niños. El desayuno poco variado, no reponen por ejemplo las medialunas, solo hay si vas muy temprano.",7,2025-01-15 20:59:12+00,0
 Todo en general  Nada,10,2025-01-16 01:36:50+00,1
 Instalaciones.  Desayuno muy bueno,8,2025-01-16 11:47:22+00,0
" Alimentação 😀, jantar e café da manhã excelente, qualidade acima de outras experiências que tive em hotéis na mesma cidade. No café da manhã a tapioca maravilhosa.  A falta de uma quadra de esportes e uma equipe de recreação boa para as crianças.",10,2025-01-16 12:58:21+00,1
 excelente café da manhã.  tudo ok.,10,2025-01-16 13:02:28+00,1
" La piscina esta muy bien, las toallas para la piscina bien accesibles y facil de retirar (no requieren tarjeta, ni numero de habitación) eso me pareció genial. El desayuno bien completo, y tienen una persona que te prepara tapioca en el momento (punto a favor). Tienen varias maquinas con diferentes marcas de café (muy bueno). Tambien tienen una salita para preparar la leche para el bebé (aunque le faltó cambiar el filtro de agua), y tambien tienen una sala de planchado que me pareció muy acertado.  El wifi no tenia buena señal. El estacionamiento bajo techo un poco desordenado. La sala de juegos está escondida practicamente en el subsuelo y sólo se puede acceder por ascensor.",7,2025-01-16 14:18:14+00,0
" Localização 
Café da manhã  Limpeza precisa melhorar 
Banheiros dos quartos precisam de uma reforma",8,2025-01-16 14:28:10+00,0
" Very clean, delicious food, nice pool  They need to put a bathroom near the pool so you don't have to go inside every time",9,2025-01-16 16:13:49+00,0
" Clean, good food nice pool  They need to put a bathroom near the pool",9,2025-01-16 16:14:50+00,0
" quarto confortável  nada que pudesse falar não gostei, no geral atendeu as minhas expectativas",7,2025-01-16 18:25:52+00,0
Falta de carga USB en algunas abitaciones,10,2025-01-16 20:05:15+00,1
"Hotel com ótima estrutura, bom café da manhã, camas confortáveis, excelente localização.",10,2025-01-17 00:00:00+00,1
Hotel com boa estrutura. Comida do restaurante excelente assim como o atendimento dos funcionários. Hotel precisa de uma renovação mas nada que desabone,8,2025-01-17 00:00:00+00,0
"O quarto tem estrutura antiga (banheiro totalmente pintura branca, tá mais parecendo de hospital que de hotel), e o box nao estava bem limpo No cafe da manha peguei um xícara que estava com batom.",6,2025-01-17 00:00:00+00,0
" Café da manhã excelente 
Localização do hotel muito boa 
Atendimento otimo",10,2025-01-17 11:55:40+00,1
" Localização, piscina, quarto confortável  Preço do consumo interno alto (comida, água, sorvetes)",9,2025-01-17 12:46:44+00,0
 Destacó la atención de Eliane y de Santiago quien había empezado a trabajar en esos días y realmente se esforzaba mucho. Muy simpático y servicial.  Todo perfecto,9,2025-01-17 14:16:30+00,0
 La atención!. El desayuno y la cena espectacular 👌,10,2025-01-17 20:16:13+00,1
It’s a good place to stay!,10,2025-01-18 00:00:00+00,1
" La pileta lo mejor, las habitaciones normales para el precio lindas, limpias, el lobby muy lindo el desayuno muy bien, la cena buffet aceptable  El personal que atiende y lleva bebidas a las mesas  muy lentos en varias ocaciones",8,2025-01-18 00:08:30+00,0
"Ótimo opção para ficar na cidade de Foz com a família. Ótimos quartos, excelente café da manhã, piscina e localização na rodovia das catararas pertinho do shop Catuaí.",10,2025-01-18 01:01:57+00,1
" Ótimo local, tranquilo perto do shopping, muito bem localizado. Restaurante com excelente atendimeno, café maravilhoso, piscina maravilhosa para as crianças aproveitaram bastante.  Achei caro as refeições e os drinks.",9,2025-01-18 12:13:06+00,0
" Segurança, localização, espaço interno, serviço!  Se você não gosta de de barulho e bagunça na hora do café, não vá durante as férias escolares!
2 elevadores, pequenos, não dão conta demanda!",9,2025-01-18 12:55:54+00,0
 Desayuno y cena. Atención  Se puede mejorar la sala de juegos,9,2025-01-18 17:28:36+00,0
" Fui varias veces a este hotel y ya me siento como en casa !
Está bien ubicado, tiene opción de media pensión que es lo ideal si no querés salir a comer fuera. Es muy cómodo y el personal muy atento",10,2025-01-18 18:12:14+00,1
 Muy buen desayuno. El equipo de animación para niños es excelente. Muy bien ubicado.Joanna en la recepción excelente  En los menú no había variedad de ensaladas (solo la César),9,2025-01-18 23:50:29+00,0
"Quartos bons, ar condicionado bem silencioso, camas boas. Café e janta muito bons. Copa baby bem abandonada, estava suja, não tinha nem uma chaleira elétrica.",8,2025-01-19 00:00:00+00,0
 La media pensión es excelente  Todo nos gusto,10,2025-01-19 01:17:24+00,1
" Gostei da limpeza diária e troca de toalhas.  Funcionários d Recepção e área da piscina Rudes 
O pessoal do restaurante bem educados. Bebidas e comidas caríssimas. Preços abusivos. 1 lata de cerveja 20,00 uma água 9,00 absurdo",6,2025-01-19 03:53:37+00,0
"Hotel bom, com estrutura adequada e de qualidade.  Piscina podia ser maior e as camas do quarto também. Preço justo.
Serviço de massagem excelente!",8,2025-01-20 00:00:00+00,0
" De tudo, alimentação, piscina e ambiente  Banheiro precisava de uma modernização",9,2025-01-20 00:40:58+00,0
" muy buen servicio de Desayuno variado y bueno y muy cordial la atencion.
Cena muy buena poco variada en los 3 dias, pero muy buena atencion.
La recepcion poco amables.
La pileta 1 estaba cerrada y la otra las luces se veian con cables sueltos, no parecia seguro  Falto de mantenimiento",8,2025-01-20 02:43:03+00,0
" El desayuno muyy bueno solo faltaba queso crema. Despues gran variedad. La ubicacion  super tranquila alejada del centro pero practica para llegar.
Destaco la atencien de Eliana en el comedor y Bar siempre atenta y amable y tambien Santiago un chico nuevo super dispuesto  y amable hablaba español genial para nosotros!  Los pedidos al bar de la piscina demoran mucho!!! El sistema que usan no es agil",9,2025-01-20 10:43:27+00,0
" Todo, el servicio es excelente, habitaciones muy comodas, impecables y con todo lo necesario para unas hermosa estsncia. El area de pileta ideal para familias, con  atención permante y servicio de bar.
El desayuno excelente, abundante y variado al igual que la cena, como única sugerencia  incluir en el menú de la cena alguna opción simple  para los niños.Excelente hotel volveria sin dudarlo.",9,2025-01-20 21:08:39+00,0
"O hotel é muito bom, limpo e cheiroso, os quartos também são bem arrumados e limpos, agora o atendimento é péssimo!
Atendimento na piscina muito ruim, vc pede algo demora demais p/ chegar, e as vezes vc tem que ir lá buscar. Pouco funcionário trabalhando. Na cozinha os pratos também são bem ruins, comida sem gosto, sem sabor. Sempre fico no Bourbon que fica em frente, dessa vez fomos trocar e nos arrependemos.",4,2025-01-20 22:39:41+00,0
Lugar bom para ir com crianças.,8,2025-01-21 00:00:00+00,0
" Café da manhã bem abastecido, espaço amplo, localização turística  Colaboradores sem informação, atendimento nota 0, solicitei um dia antes um last checkout o funcionário confirmou e as 11:30h informaram q não tinha disponibilidade.",1,2025-01-21 01:16:28+00,0
 Todo limpio y prolijo. Buen desayuno y cena.  Nada…,10,2025-01-21 01:21:44+00,1
" Prima kamers en mooi zwembad.personeel spreekt Engels en is behulpzaam. Ontbijt en buffet savonds zijn smakelijk en prima
Goed om 2 nachtjes te zijn bij bezoek beide zijden van de watervallen. Hotel kan ook makkelijk info geven en taxi regelen voor grensovergang  Massaal hotel met veel gezinnen met kinderen.",7,2025-01-21 16:58:48+00,0
"Passamos 8dias neste hotel e gostamos bastante.  Foi acima das expectativas.
Boa estrutura e quarto confortável
Gostaríamos de elogiar o serviço e os funcionários do hotel: maravilhosos. Agradecemos especialmente a Andressa, pela sua atenção e gentileza.
Estávamos com o nosso filho de 10.anos e ele adorou a recreação.
Recomendo",10,2025-01-21 17:48:50+00,1
 Cercania con blue park y otras atracciones  Me quisieron cobrar un consumo no realizado.,7,2025-01-22 00:04:50+00,0
" Ubicacion accesible, al lado de shopping. Desayuno muy variado. La cena es ""tenedor libre"", conviene pagar media pension. La atención del personal muy amable y no hubo problema con idioma portugues.  el horario de la cena es hasta las 22:00, (los argentinos comemos tarde).",9,2025-01-22 10:49:26+00,0
 Ubicación  Cuarto pequeño. Y cuando fuimos a hacer el check-out nos dijeron que no pagamos. Y el que nos atendió en el check-in no cargo el pago.  Si no teníamos el pago en el celular íbamos a tener que pagar de nuevo.,7,2025-01-23 18:23:41+00,0
Muito desorganizado,8,2025-01-24 00:00:00+00,0
" La comodidad, el desayuno excelente. La.piscina  Nada",10,2025-01-24 00:38:14+00,1
" Хороший отель! Чистый! Имеется бассейн, работал! Завтраки очень хорошие!",10,2025-01-24 06:00:24+00,1
 O tamanho do hotel com as acomodações  Banheiro pode melhorar,9,2025-01-24 12:22:09+00,0
" Localização  Muito barulho vindo da rua, quartos pequenos e limpeza deixou a desejar",6,2025-01-24 14:25:10+00,0
" El hotel es hermoso, la limpieza, la ubicación, los servicios, la piscina, el desayuno es maravilloso y en nuestro caso contratamos las cenas que también fueron muy buenas. Sin dudas volveríamos a hospedarnos en el Viale Cataratas!",10,2025-01-24 14:35:04+00,1
 Ubicación.  Grifería del baño,9,2025-01-24 15:56:30+00,0
"Gostamos muito do hotel, o café da manhã e jantar estavam excelentes, a piscina é limpa, os funcionários são atenciosos e gentis, o quarto era bem confortável. Atendeu muito bem às nossas expectativas.",10,2025-01-25 00:00:00+00,1
 La ubicacion muy buena y la pileta  El restaurante solo era buffet no se podia pedir a la carta,8,2025-01-25 00:02:22+00,0
" Localização, estacionamento gratuito.  Os corredores precisam ser climatizados pois são muito quentes nessa época.  
A ducha higiênica estava com vazamento na mangueira.
O ar condicionado fo quarto não estava gelando o suficiente.",8,2025-01-26 01:23:50+00,0
"Hotel muito bom, quartos limpos e o jantar delicioso. Atendentes do restaurante e a chef muito atenciosos.",8,2025-01-27 00:00:00+00,0
" Tamanho do quarto e banheiro muito bons, limpeza, roupas de cama de excelente qualidade, café da manhã excelente. Tem opções de almoço a la carte e jantar self service por preço fixo. Achei os valores um pouco altos mas, dentro do padrão da cidade.  Gostei de tudo.",10,2025-01-27 11:06:28+00,1
"Wonderful stay. Clean. Beds were comfy. Food was great. Large selection for breakfast. We checked in early evening and had not eaten yet so we tried their dinner buffet. Reasonable cost and slot of amazing food from soup to salad to several main dishes to choose from, sides and desserts.
Very nice 2 level pool.",10,2025-01-28 00:00:00+00,1
" Sala de juegos para niños con pool, metegol, tejo, mesa de cartas con 2 chicas que los hacían cuidar y controlanan.  Los mozos se notaban que se contratan por temporada.  Muy pocos entendían castellano y sin experiencia.",9,2025-01-28 01:42:56+00,0
" Recreadores para as crianças na sala de jogos.  Funcionários atenciosos, prestativos e educados.",10,2025-01-28 11:00:07+00,1
 Esperava um pouco mais. Principalmente pelo preço.  Preço em relação ao custo benefício.,7,2025-01-28 13:54:39+00,0
" Comida. Muy buena solo poco variada  Pileta muy chica, pocas mesas para tamaño del hotel",7,2025-01-28 22:08:07+00,0
 Ok  Comida,7,2025-01-29 01:08:19+00,0
" Instalações e localização muito boas, quarto acomoda bem , apesar de não ser muito grande, café da manhã muito bom.",8,2025-01-29 12:37:17+00,0
 De tudo  Sempre pessoal muito atencioso não tem do que reclamar,10,2025-01-30 00:56:11+00,1
 Rica comida y muy cómodo todo  Que se debe pagar en la cena los líquidos,10,2025-01-30 02:50:29+00,1
" Los ambientes, la comida y la piscina muy buenas. Ambiente familiar y buena ubicacion  El aire acondicionado falta mantenimiento",9,2025-01-30 12:31:07+00,0
Hotel muito bem organizado. CAFÉ da manhã com muita variedade,10,2025-01-31 00:00:00+00,1
 Café da manhã e a piscina.  O quarto era pequeno.,10,2025-01-31 00:32:24+00,1
" O café da manhã estava muito bom, com destaque para as tapiocas, excelentes! 
A piscina tbm é ótima!  As camas são de tamanho padrão, se fossem queen ficaria mais confortável para um casal grande, rs. Mas isso não atrapalhou o conforto!",9,2025-01-31 12:40:23+00,0
"Ótima localização, staff muito prestativo.
Boa comida.
Atendeu nossas expectativas.",8,2025-02-01 00:42:50+00,0
" Restaurante excelente, atención del personal impecable.  La habitación por ser de luxe podría mejorar
 Pero de todas forma es una habitación sencilla confortable",10,2025-02-01 03:30:20+00,1
" Foi tudo perfeito. Café da manhã maravilhoso.  Nada, tudo perfeito.",10,2025-02-01 15:12:43+00,1
Falta reparar,4,2025-02-02 00:00:00+00,0
 Ubicación  El wifi muy malo,7,2025-02-02 15:22:13+00,0
"Fuimos varias veces a este hotel y nos encanta, por eso volvemos! 
Está bien ubicado, cerca de las atracciones turísticas y del shopping Catuai Paladium.
Las habitaciones para 4 son pequeñas pero como no estamos mucho en la habitación está bien.
La pileta siempre limpia y el servicio de pileta es muy bueno. 
Los empleados son amables, algunos hablan español y lo hace todo más fácil.
Nosostros optamos por media pensión para no tener q salir de noche a buscar p cenar.
Incluso tienen cochera cubierta si es necesario.",10,2025-02-03 00:00:00+00,1
" La atención es muy buena , muy limpio todo.  Algunas habitaciones no enfriaba bien el aire acondicionado.",10,2025-02-03 00:03:29+00,1
" Las camas son cómodas y el desayuno es muy bueno. Fuimos con media pensión por la cual la cena es buena. Es estilo bufet.  El personal, no todo, pero si la parte de consejería no resultó del todo amable. Llegamos y la verdad que el comienzo fue de mal en peor. La verdad que no sentimos una buena camaradería por ser Argentinos. Espero mejoren la cordialidad",7,2025-02-03 00:39:47+00,0
"Espera mais do quarto na foto parecia bom 
Na hora que entrei me desesperei não gostei 
O ar condicionado Velho nem funcionou direito",6,2025-02-04 00:00:00+00,0
" Muchas comodidades si llevas un bebé, ambientes súper limpios y personal agradable  La falta de máquinas expendedoras o que puedas conseguir agua a ciertas horas, solo lo puedes hacer desde el bar y este cierra temprano",9,2025-02-04 00:02:32+00,0
"Ficamos 5 dias hospedado, hotel amplo, muito aconchegante e confortável, somente deixo minha sugestão de no cafe da manhã, a tapioca começar a ser feita no horário de inicio do café, pois nesses dias que estávamos hospedado apenas 1 dia consegui comer devido começarem a fazer as 7:00 hrs da manhã, sendo que o café se inicia as 6:30. Nossa avaliação do quarto achamos meio escuro, faltando iluminação, mas cama, travesseiros muito confortável. Pessoal da agência muito atenciosos, principalmente o motorista Lima. Foram dias maravilhosos e com certeza voltaremos",8,2025-02-05 00:00:00+00,0
 El desayuno increíble!! la piscina preciosa!!  la conección a internet,8,2025-02-05 13:38:11+00,0
"Hermoso hotel, muy cómodo en todos sus espacios, el desayuno excelente",10,2025-02-05 14:20:00+00,1
" The breakfast was good value and the waiters friendly. It was  lovely having a pool area  It was noisy next to road with no double glazing and the fridge made a big noise 
The reception staff were not that friendly apart from one female who was very nice on arrival 
The hotel lobby was a bit clinical with limited ambiance",6,2025-02-05 20:27:05+00,0
"Péssimo ar condicionado, tomadas inexistentes ou fora de lugar, portao eletronico ruim tambem.",4,2025-02-05 22:06:13+00,0
" Lo que nos más nos gustó fue la cena buffet que tiene el hotel muy completa y variada  La sale de juegos y óseo no me gustó que se llegue solo por ascensor y los juegos ya un poco deteriorados , podrían cambiarlo y modernizarlo.",10,2025-02-06 15:10:20+00,1
" Excelente localização, cofortável, e com ótimo restaurante.  O café da manhã tem opções sem glúten.  O atendimento da recepção poderia ser menos confusa e mais atenciosa.  
A piscina entava cheia de folhas.
Estavam em fase de troca de sistema de estacionamento e a nossa chave não funcionava.",9,2025-02-07 18:16:45+00,0
" La pileta , la atención del personal las comidas  El calor de la habitación y el ruido de los aparatos que daban a la ventana de la habitación",10,2025-02-08 09:49:07+00,1
" El desayuno, la cena, el servicio brindado por todo el personal es muy bueno!  Un pequeño problema con el aire acondicionado, pero se solucionó.",9,2025-02-08 11:20:15+00,0
 Perfeito. Quartos bons. Restaurante ótimo. Bom atendimento. Espetacular.  Nada.,10,2025-02-08 14:16:22+00,1
Muy buena experiencia y atención,10,2025-02-08 20:27:53+00,1
"Excelente lugar para hospedarse con la familia ubicado cerca de todos los atractivos turísticos de la ciudad. Las habitaciones son muy cómodas y limpias. Los desayunos fueron excelentes y con muy variadas opciones para todos los gustos  incluyendo a los más peques.
La atención de todos los empleados fue muy amable y servicial.
El menú del café bar es muy variado y exquisito, sus hamburguesas muy ricas. El restaurante también ofrece cenas tipo buffet muy ricos y variados.
Los espacios para recreación son muy cómodos. Las piscinas muy lindas y espaciosas.
La pasamos genial.
Sin duda alguna, volveremos.",10,2025-02-08 21:17:11+00,1
 Estaba súper limpia y con aire en todos lados  La pileta un poco pequeña y poco profunda,10,2025-02-09 11:23:15+00,1
 habitación sobre todo las camas y sabanas..  tal vez el estacionamiento cubierto deberían mantenerlo mejor y ordenarlo...,9,2025-02-10 11:15:22+00,0
" La atención del personal excelente 
Buena ubicación 
El acceso y la salida con el vehículo muy práctico  La puerta de la habitación no cerraba del todo, lo cual se escuchaba todo de afuera para dentro como también de adentro hacia afuera
Y el gim medio pelo",9,2025-02-10 11:50:14+00,0
"Atención personalizada desde el primer contacto, facilidad, asistencia al viajero, comodidad y estructuras de un 5 estrellas, piscina de lujo, bar ameno, restaurante completo, habitaciones amplias y con todos los servicios, queda cerca de todo, ya que esta en el medio de la ciudad.",10,2025-02-12 00:00:00+00,1
" Las instalaciones son súper  cómodas, medis pensión increíble y la calidez del personal.  Nada",10,2025-02-12 01:04:39+00,1
Es ley parar acá!!!!,10,2025-02-12 02:51:45+00,1
" Локация  Запретили другу, который заболел набрать теплой воды в номер, не разрешили отнести завтрак в номер больному человеку.  Один утюг на всю гостиницу, шумел холодильник ночью. Вода в номер за деньги.",6,2025-02-12 11:17:17+00,0
"O atendimento, a limpeza e o café da manhã são excelentes. O quarto onde fiquei deixou a desejar para um hotel 4 estrelas, na minha opinião. Uma reforma no banheiro seria bem vinda e sobretudo a troca dos colchões (claramente acima da vida útil das molas) por colchões mais novos, e consequentemente mais confortáveis.",8,2025-02-13 00:00:00+00,0
 La calidad y comodidad del lugar.  El personal siempre atento y muy amable.,9,2025-02-13 21:36:53+00,0
" Desde a recepcao ate o atendimento do check out, todos muito simpaticos e solicitos! Tudo otimo! Atendimento do bar, atendimento no cafe, no jantar! Dias de muito descanso!  Nada",10,2025-02-14 01:12:02+00,1
 La pileta muy buena y la comida tb  Nada,9,2025-02-14 10:33:53+00,0
" Hermosas instalaciones, muy buena atención y predisposición de sus empleados. Limpieza excelente, piscina súper amplia. Buffet y restaurante de excelencia  Nada",10,2025-02-14 17:31:52+00,1
 Desayuno riquisimo !!!  ......,10,2025-02-15 13:02:37+00,1
" El hotel es muy lindo, limpio y amplio. La pileta es grande y cuentan con muchas reposeras, acorde con el tamaño del hotel. El desayuno es variado y muy rico.",9,2025-02-15 14:17:38+00,0
" Excelente lugar. Todo fue excelente. Excelente atencion, el lugar es hermoso. Los servicios muy buenos. El desayuno y la cena super completos.
Un 10!!",10,2025-02-16 02:35:27+00,1
" Linda habitación, muy buena la piscina, y buen desayuno !!!!  No tengo quejas !!!",9,2025-02-16 04:44:58+00,0
" El personal es muy amable, las instalaciones son cómodas y lo mejor es la comida, muy buena!  El espacio social es pequeño.",9,2025-02-17 08:42:35+00,0
" La calidez del personal en la atención que nos brindaron, las instalaciones de lujo! La ubicación, realmente una comodidad total para realizar todas las actividades que hay en Foz de Iguazú,  Argentina y Paraguay! Recomendable 1000 %!!!!!",10,2025-02-17 11:45:43+00,1
 Es hotel es muy lindo y súper cómodo  Podrían tener más variedad en las comidas,10,2025-02-17 13:49:25+00,1
" Hotel a caminho das Cataratas, amplo, atendimento bom, piscina maravilhosa com água climatizada, lanchonete serve lanches bem grandes, quarto espaçoso, café-da-manhã maravilhoso.  O quarto estava muito, mas muito empoeirado, com o chão sujo, pedimos na recepção para limparem e ninguém foi. De restante, td ok.",8,2025-02-17 15:18:47+00,0
" La estadía no fue ni un 10,ni un 9,pero la pasamos muy bien y volveríamos...
Bueno el buffet de cena,linda la zona de la piscina,los precios de las bebidas accesibles, correcta atención, usamos mucho el servicio de transfer a distintas locaciones (buen precio)  A la hora de contratar con servicio de cena no aclara que las bebidas no están incluidas...
Gimnasio con maquinas antiguas y un poco desvencijadas",8,2025-02-17 18:36:54+00,0
 La atención del personal de los restaurantes. Los felicito por tan excelente calidad humana.  Todo ok,10,2025-02-18 00:03:38+00,1
 Café da manhã maravilhoso  Não tenho nada a reclamar só agradecer,10,2025-02-18 00:33:41+00,1
" excelente establecimiento y en especial la amabilidad de su personal  mi habitacion daba a los juegos de los niños, habria que cambiarlos de lugar, estan mal ubicados frente a las habitaciones.",10,2025-02-18 20:57:26+00,1
" Adoro o café da manhã.  O quarto merece uma reforma, pinturas etc...",6,2025-02-19 00:32:25+00,0
 El gym y sala de entrenamiento  Todo ok,9,2025-02-19 07:51:10+00,0
 Ubicacion y precio calidad.  Nada en particular,9,2025-02-19 12:30:01+00,0
 El amplio horario de la pileta,9,2025-02-19 14:23:55+00,0
"No es un 5 estrellas, pero tiene todo para una estadía de algunos días recorriendo la zona. Ingrese tarde el primer día, tenía la cena incluida, y por 5 minutos. No me reconocieron nada.",6,2025-02-19 20:16:10+00,0
" La Pileta
El Desayuno
La Cochera
El restaurant aunque fue un poco caro, por lo que ofrecía",9,2025-02-20 18:16:05+00,0
 La pileta y la comida  S/c,9,2025-02-21 00:57:03+00,0
Café da manhã muito bom!E um lugar bem aconchegante e lindo,10,2025-02-21 13:19:14+00,1
Maravilloso hotel...muy tranquilo...habitación amplia...cuenta con una agradable piscina...es un lugar ideal para ir en familia y con niños...recomiendo tomar la opción de media pensión...la cena es buffet y es muy buena...el servicio de alimentación es de calidad... está bien ubicado ya que tiene un shopping cercano... está cerca del blue park...y cualquier operador turístico llegará fácilmente al hotel ya que está en la avenida de las cataratas y se puede usar el Uber sin problemas...hotel 100% recomendable...excelente relación precio-calidad,10,2025-02-21 19:03:21+00,1
"Hermoso lugar..la atencion ,la comida..la pileta, todo.todo de primera...un lugar para volver..",10,2025-02-22 01:22:12+00,1
 Todo lindo  El.personal de limpieza de las habitaciones. Nos fuimos a las 10 AM volvimos a las 17 hs y la habitación no estaba limpia no fueron a limpiarla. Hablamos a recepción para que nos llevarán toallas  jabón shampoo pero el personal limpieza no llevaron .tuvimos que ir a recepción varias veces,10,2025-02-22 13:02:06+00,1
 Las almohadas y cobijas olían muy mal,3,2025-02-22 19:22:30+00,0
"Fica super bem localizado, apenas 15 minutos do aeroporto, é um dos últimos hoteis da rota das vans para os passeios como Cataratas, Parque das Aves e Paraguay, ou seja, os últimos a embarcar e os primeiros a voltarem na rota. Hotel grande, com estrutura moderna e design imponente. Têm duas piscinas (adulto e infantil), área para crianças, academia, sauna, salão de jogos e spa, ahhh e salão de eventos. 
Um dos pontos fortes é o café da manhã, o salão é grande e o buffet bem distribuído evitando aglomeração, muita fartura e ilha de tapioca doce e salgada sendo feita na hora  (delícia demais!). Tudo realmente bem feito e gostoso, sendo reposto a toda hora. 
Dentro do hotel também há uma lojinha, bar e agentes de viagem.",10,2025-02-23 00:00:00+00,1
" Lo fresco y la
Limpieza y el desayuno  La pileta un poco chica",7,2025-02-23 15:33:36+00,0
" El desayuno y la cena súper completo  Que no acepten otras monedas (dolares, pesos)",10,2025-02-24 00:01:43+00,1
" Absolutamente todo, reservamos con media pensión y el desayuno y la cena excelente, impecable el hotel, el personal es excelente, ya es la segunda vez que vamos y pensamos seguir yendo xq la verdad que la pasamos espectacular  .",10,2025-02-24 02:38:46+00,1
 La atención un 10  A las intalaciones les falta trabajo.,9,2025-02-24 12:21:50+00,0
" Hotel muy lindo , buen desayuno y bien ubicado. Volvería sin dudas .  La verdad que todo estuvo bien , solo para acotar el tamaño de la pileta para los adultos ( muchas personas grandes ) es algo pequeña y sin mucha profundidad.",9,2025-02-24 15:12:03+00,0
" Excelente, súper completo.",10,2025-02-24 16:53:02+00,1
" Café da manhã muito bom, tamanho do quarto e localização.  Banheiro muito sujo, rejunte dos azulejos do box sujos, pretos. A porta do banheiro tinha uma mancha amarelada abaixo da maçaneta.    Ar condicionado localizado numa posição que o fluxo de ar vai direto para cama, proporcionando noites mal dormidas. Mesmo regulando as aletas do ar, não resolvia. Sugiro colocar um anteparo sob o ar para direcioná-lo para o teto.",4,2025-02-25 11:47:21+00,0
"Hermoso hotel, nos encantó.  El desayuno es buenísimo,  super compmeto, son muy buenas las tapiocas. Muy cerca del shopping, para ir caminando. Muy completo,  hermosas habitaciones.",10,2025-02-26 00:51:11+00,1
" La ubicación. En avenida cerca de shoping, aeropuerto, cataratas y paso forntera con Argentina.",10,2025-02-26 23:20:32+00,1
 Todo bien.,9,2025-02-28 12:19:02+00,0
"Excelente atención de David en recepción. El hotel es lindo. Utilizamos dos habitaciones. Una estaba excelente, la otra tenía algunos problemas de mantenimiento. El desayuno está muy bien. Por momentos el aire acondicionado de la habitación no es suficiente para paliar el calor pero se está bien. El servicio de restaurante (95 reales por persona con bebidas aparte) resultó muy caro para lo que se ofrece y opciones disponibles en otros sitios de Foz. El personal atento y la limpieza excelente.",6,2025-02-28 17:59:08+00,0
" Todo muy bien! Las habitaciones comodas, la piscina muy grande, tal cual las fotos. La comida tipo buffette, poca variedad, pero muy buena calidad. Sin duda lo recomiendo. Volveremos!!!",9,2025-03-01 00:06:29+00,0
"O hotel é muito bom. Quartos amplos, um bom banheiro e boas camas. O que deixou a desejar foi o aparelho de ar condicionado. Minha hospedagem foi no mês de março, em um período muito quente. O ar condicionado não dava conta à noite! O serviço na piscina estava diminuto.
O café da manhã é bom, oferece boas opções para quem gosta de comida salgada pela manhã. As frutas são razoáveis.
É bem localizado. O trajeto até às principais atrações da cidade fica facilitado.",8,2025-03-01 14:49:53+00,0
" La piscina
El desayuno  El aire acondicionado de la habitación funcionaba mal
No hay smartv en las habitaciones no son aptas para ver una serie o peliculas
La atención en conserjería deja mucho que desear poca empata",5,2025-03-03 09:10:24+00,0
 Atendimento sempre excelente. Café ótimo!! Limpeza também sempre ok como sempre. Custo benefício maravilhoso.,9,2025-03-03 15:37:58+00,0
" O hotel é bem localizado, proximo ao shopping e a algumas atrações,  mas é um pouco distante do centro.. O restaurante e bar do hotel são otima opção. A piscina também é super agradável e fica aberta até 23 horas",10,2025-03-03 19:31:48+00,1
" Café da manhã  O Jantar nos 5 dias foi praticamente foi o mesmo cardápio. 
No momento de reserva fiz uma observação de que era aniversário da minha esposa e ficamos da expectativa do hotel nos dar algum mimo, mas sequer lembraram ou deixaram um recado sequer. Em todos os outros hotéis que já ficamos o local nos dá um mimo. Mas é isso aí.. pelo valor pago, não vale o custo benefício.",7,2025-03-04 02:02:26+00,0
" La piscina, el desayuno y la cena y la amabilidad del personal, destaco a David, de recepción.  Mejoraría el wifi en las habitaciones.",10,2025-03-04 12:43:49+00,1
" Boa localização, proximo ao shopping catuai e acesso as cataratas e argentina. Cafe da manha com boa variedade.  Quartos tem pessimo isolamento acustico, Dry wall entre os apartamentos, permite ouvir todos os sons do apartamento vizinho, conversas, choro de crianças... muito barullho de arrastar moveis, tanto pelos hospedes, quanto pelas camareiras (pessimo isolamento acustico). Drink de cortesia simplesmente horrivel, melhor servir uma agua de cortesia no quarto do que esse drink de açai... Cama muito mole, ar condicionado do quarto nao dava conta do calor, mesmo no maximo da refrigeraçao. Internet pessima, baixa velocidade, cai conexao a todo momento.",3,2025-03-04 14:02:43+00,0
" me encantó el desayuno y la media pensión, excelente. La pileta también más que nada de noche hermosa.  me hubiera gustado que en la pileta se pudiera estar hasta las 23 hs por ejemplo.",8,2025-03-04 14:36:44+00,0
" Da localização e cordialidade  Gostei de tudo. A distância do apto poderia ser melhor, mas pela época estava tudo cheio",8,2025-03-04 14:56:55+00,0
"Hotel com atendimento muito cortes. Café da manhã muito bom. Não há próximo (para caminhar curta distância), um mercado ou restaurante. Necessário sair de carro/uber para jantar, por exemplo. Preços do hotel (almoço/janta frigobar elevados, acabamos chamando tele todas as noites (estávamos sem carro, mas com motirista “particular” que foi muito útil, vale esse conforto. 
Hotel bom, voltaríamos. Deixo apenas a informação dos preciso do hotel, que achei elevado (Heineken 20, água 1,5L 18,00, por exemplo, jantar, na promoção, 106,00). 
Equipe bem atenciosa!
O hotel fica numa avenida “central” para deslocamento (de carro) das principais atrações.
Shopping há uns 1,5km.
Academia, pra quem foca nesse item, vale conferir fotos. Bem simples, mas atende.",8,2025-03-05 00:00:00+00,0
 La pileta es muy linda y con el agua muy calentita y la atencion del personal es excelente.  Nada,10,2025-03-05 23:37:25+00,1
 El servicio de restaurante.  La recreación.,9,2025-03-06 10:09:32+00,0
" Muy bueno.  Lo único que no me pareció es que el spa está al lado del lugar de juegos de los niños.
Claramente no va a ser un lugar para relajarse.
Y para los niños que el aroma que venia del sauna no estaba bueno.",9,2025-03-06 12:45:03+00,0
" Gostei muito do serviço de recreação para crianças, da localização e das camas, e das toalhas que estavam novas.  Achei que a cordialidade de alguns funcionários poderia ser melhor, e achei péssimo o atendimento do bar, demorado, pouca opção de cardápio e o jantar tinha um preço exorbitante por pessoa.",8,2025-03-06 13:35:31+00,0
Me gustó mucho este hotel...las instalaciones...la atencion del personal...la limpieza....solo que no me encantó el desayuno ..ni el buffet.. Solo eso...pero volvería a hospedarme varias veces.,10,2025-03-06 14:05:32+00,1
"Excelente hotel, atención muy buena de todo el personal.  Lo único incomodo es el acceso y la salida del estacionamiento con un sistema de barrera malo. Además no hay sombra para el vehículo.",10,2025-03-06 16:04:25+00,1
Excelente la comida. Muy buena ubicación para visitar las atracciones del lado brasilero. Tuvimos un problema con la habitación y nos cambiaron sin problemas. Una genia Eli del restaurante que llegamos el primer día cinco minutos después que cerró la cocina con nuestras dos niñas e igualmente nos preparó algo para comer después de muchas horas de viaje!!,10,2025-03-06 17:13:08+00,1
 Infraestrutura  Manutenção de alguns equipamentos. Exemplo: Registros do Chuveiro soltos,9,2025-03-06 21:59:35+00,0
" Funcionários simpáticos , excelente localização , bom café da manhã , variedade de bebidas e drinks , porções saborosas  muito bom custo benefício, amamos nossos dias no Viale .
Uma dica façam a massagem no Spa do hotel , a Maristela é divina .  .",9,2025-03-07 20:10:30+00,0
 Gostei de tudo,10,2025-03-09 09:41:24+00,1
" Localização perto dos principais pontos turísticos.  Hotel muito barulhento à noite. Os hospedes falam alto pelos corredores tarde da noite, crianças correndo o tempo todo, barulho de pessoas conversando e jogando na recepção altas horas da noite. O hotel não adverte em nenhum momento e fica impossível de se dormir. Muito desagradável.",6,2025-03-09 13:42:05+00,0
" Todo. Personal super amable. Comida de calidad. Higiénico y super cómodo.  Me gusto todo. Solo mejoraría el tema de la demora de los pedidos en la zona snack bar o en la pileta. Eso, realmente, demora mucho y es un punto a mejorar respecto de todo lo demás. No quiere decir que haya empañado el resto que fue sensacional. Pero es algo a mejorar.",10,2025-03-09 14:13:13+00,1
 Buena atención del personal.  Las almohadas del somier no están en buenas condiciones.  Tendrán que mejorar..,9,2025-03-09 15:21:16+00,0
"Muy bien hotel. Tiene todos los servicios. Muy buena relación precio calidad. Tiene pileta, gimnasio, sala de juegos. La construcción aparenta ser de los años 90', pero está muy bien cuidado.",10,2025-03-09 18:18:28+00,1
" Muy bueno y excelente el personal de servicio, me parece que fue lo mejor del hotel  Que pague diferente a lo que había acordado, lo mismo no fue caro, pero hubo diferencia",9,2025-03-10 00:55:07+00,0
" El desayuno, la pileta, la limpieza, la ubicación, la calidez del personal",10,2025-03-11 12:17:51+00,1
"Lugar maravilhoso,todos devem ir",10,2025-03-11 13:41:02+00,1
" Bom café da manhã, localização estratégica, de fácil acesso.  Cardápio da piscina.",7,2025-03-11 16:43:03+00,0
 Privacidade  Custo benefício,10,2025-03-11 23:07:04+00,1
"Excelente atendimento, café e refeições boa qualidade,  apartamento muito bom",8,2025-03-12 20:27:52+00,0
 Excelente las instalaciones ubicación servicio  En la comida no tenía mucha variedad y siempre repetían las comidas,10,2025-03-13 11:43:06+00,1
 Muy linda pileta y muy buena atención en el salón comedor. La comida muy rica.  Lo único que no nos gustó es que todos estaban con su copa de bienvenida y a nosotros por sacarlo por booking nos dijeron que no nos correspondía. Me pareció un destrato.,8,2025-03-13 19:43:26+00,0
" La hotelería en gral muy buena...
Falta espacio kids...
Opción pensión completa...
Más sector verde...  Más variedad en el buffet...se repite mucho",9,2025-03-15 12:59:57+00,0
 Excellent service and the breakfast was very good,10,2025-03-17 13:06:42+00,1
"Iþ located near thecroad to the airport and Iguazzu falls.
Reception assist us well.
Breakfast in a brazilian style, Dinner in extra pay, buffet style was good to ourctaste.
Clean, towels are not in hotels standards.
Some of the rooms suffers from a bad acousric.
Try to get the even numbers rooms. They are morecquiet?",10,2025-03-18 00:00:00+00,1
Apesar de sua fachada imponente o hotel presta um serviço regular. O espaço do café da manhã é insuficiente e a limpeza regular. Pela localização e estrutura poderia ser um excelente hotel sob uma administração melhor. Acho que na cidade tem outras opções mais interessantes pelo mesmo preço.,6,2025-03-18 11:42:22+00,0
" Las instalaciones del hotel muy buenas, el desayuno muy completo especialmente los días que había bacon. La pileta espectacular, el bar del lobby muy bueno. Muy bueno todo, las piezas muy buenas  Nada que decir",9,2025-03-20 02:59:40+00,0
 Café da manhã  Academia e toalhas,8,2025-03-21 00:30:44+00,0
 Piscina funciona até as 22h  A internet no quarto 20 não funciona,8,2025-03-21 06:11:20+00,0
" Es wird gut peputzt. Sehr leckere und preiswerte Option fürs Abendessen.  Hauptlichtschalter defekt, 5 verschiedene Karten ausprobiert, bis irgendwann der Wackelkontakt sich entschieden hat zu funktionieren, aber den Schalter durften wir nicht mehr anfassen. Klimaanlage funktionierte, wie ein schwacher Ventilator - Filter eingebaut (den gab es davor gar nicht!) und das war es,  natürlich keine Verbesserung. Nach ein paar Stündchen warten auf verschiedene Hausmeister und (nicht)Lösung der Probleme, bei der Hitze und nach der langen Fahrt gibt man einfach auf. Unter den Umständen war die Erholung nicht möglich.
Bäder müssen renoviert werden!",6,2025-03-22 12:54:21+00,0
" La ubicación y atención del personal fue excelente sobre todo en el sector del comedor. Fuimos en familia y disfrutamos de la media pensión. Tanto desayuno como cena es buffet, la comida es variada, rica y de calidad. Fuimos con una bebé de 10 meses y nos cocinaban lo que pedíamos para ella. En el desayuno la tapioca hecha en el momento era exquisita. El hotel está ubicado en una avenida principal con fácil acceso a todos lados, la parada de bus está en la puerta. Muy buena limpieza en la habitación, la misma tiene frigobar incluido y te dan toallas tanto para la habitación como para la piscina. En el hotel además hay locales dentro para comprar algún souvenir o recuerdo a buen precio. La piscina está muy linda y es genial para refrescarse al terminar el día. Volveremos seguramente!  Nos gustó todo, pero mejoraríamos la señal del wifi ya que en especial en la habitación era casi nula.",10,2025-03-22 17:00:18+00,1
 Comodidade,9,2025-03-23 18:47:06+00,0
 Localização  Falta limpeza nos quartos,8,2025-03-24 00:04:38+00,0
 El aire no funcionó durante la madrugada y nos dieron solución después de 4 horas 😡,3,2025-03-24 10:54:06+00,0
"Estuvimos siete dias, el hotel hermoso ,super bien ubicado en la ruta a cataratas, el personal excelente ,super amables desde el guardia de la puerta(estan siempre)  hasta las chicas de la habitacion pasando por todo el personal ,siempre amables y con una sonrisa, la comida deja bastante que desear teniendo en cuenta que es un cuatro estrellas,realmente no fue lo esperado ,cuando llegamos la ducha de la habitacion(no tiene bañera) era una porqueria que apenas salia agua y era imposible de regular la temperatura, al tercer dia me harte del buffet y encare a la maitre del comedor exponiendole mis quejas con respecto a las deficiencias ,al otro dia al volver de pasear a la habitacion  nos habian dejado dos pavlovas con una nota pidiendo disculpas,el buffet no mejoro pero la ducha fue arreglada como corresponde, evidentemente hay serios problemas de mantenimiento por un lado y cuidado de los costos por el otro , por experiencias anteriores ,he ido muchas veces a la zona, contrate del lado brasilero por la comida y esta vez me decepcione, considero que estos hoteles son como un crucero,no pueden claudicar con la comida",6,2025-03-24 13:34:39+00,0
"Hotel confortável e bem localizado, mas a cancela colocada na entrada e um incomodo que poderia ser evitado.",10,2025-03-24 22:49:51+00,1
"Foi bem simples para chegar ao hotel VIALE CATARATAS  HOTEL E EVENTOS. Esta localizado na Av. Cataratas, próximo ao shopping, ótimos restaurantes  e atrações muito legais. 
Fomos participar de um evento de motociclistas do Rotary Club, que aconteceu neste hotel. Tudo excelente. 
O check in foi bem rápido. O atendimento muito atencioso. 
Ficamos no térreo, apartamento 42. 
O apartamento grande e excelente. Duas camas de casal com três travesseiros para cada cama. Bancadas grandes. Armário com cabides. Cofre, frigobar abastecido, ar condicionado split, espelho de corpo inteiro, cadeira, móvel para a mala.  
O banheiro grande, box espaçoso com chuveiro excelente. Com secador, ducha higiênica, produtos de higiene de cortesia. 
O hotel tem duas piscinas, uma para adulto e outra para crianças. Academia, Spa, Room SERVICE, local de passar roupa, serviço de lavanderia, copa do bebê, sala de jogos, loja de souvenirs. O estacionamento é coberto e fechado.
Tem restaurante e serve almoço e jantar, ambos com comida variada e deliciosa. O café da manhã, excepciona!
Não importa quantos dias ficará em Foz do Iguaçu, este é um excelente hotel.",10,2025-03-25 00:00:00+00,1
 Desayunos y cenas abundantes y con varias opciones. Todo muy rico! El personal súper atento,10,2025-03-25 10:49:06+00,1
 Muy buenas opciones se comidas... muy buena pileta  Todo ok,10,2025-03-25 12:36:33+00,1
 Muito bom.,10,2025-03-26 00:54:16+00,1
" Muy lindo, lo único que tiene mala distribución de ascensores para las habitaciones que están en la parte de atrás del edificio.",8,2025-03-26 14:06:29+00,0
"Hotel muito bem localizado, próximo ao shopping e restaurantes. Excelente recepção ao fazermos o check inn e uma acolhida calorosa durante toda hospedagem. Ambientes limpos e cheirosos. Elevadores um pouco antigos, mas funcionando bem.
Habitação aconchegante, silencioso e limpo. Toalhas novas todos os dias.
Café da manha com muita variedade e fresco.
Chuveiro esquenta rápido.
Funcionários educados e alegres.
Ótima escolha.
Volto com ctz.",10,2025-03-26 22:23:00+00,1
" La atención, la amabilidad de todos los q trabajan ahí.  Wifi no funciona muy bien",9,2025-03-27 11:49:56+00,0
Todo en ese lugar es hermoso,10,2025-03-28 11:29:02+00,1
 Zeer vriendelijke bediening  Het ontbij was heel sober voor zo een groot hotel,7,2025-03-29 12:48:56+00,0
" Desayuno y cena super completo, habitaciones amplias y cómodas.  Poco internet",10,2025-03-29 14:26:39+00,1
" Las camas, enormes súper cómodas, la pileta y desayuno super completo  Nada que no me gustará.",10,2025-03-30 00:16:49+00,1
" Incrível! Atendimento de todos os setores  maravilhoso. Instalações,  café da manhã e jantar excelentes.
Recomendo.",10,2025-03-31 00:21:17+00,1
" No geral foi tudo maravilhoso  Música alta na hora da janta, fica muito difícil de conversar com música alta",9,2025-03-31 12:20:17+00,0
 muy bien el desayuno y la ubicacion,10,2025-03-31 13:24:08+00,1
" Cómoda, de fácil acceso y muy limpio todo. La comida excelente  Preguntamos si aceptaban pix y nos dijeron que solo efectivo. Nos costó mucho conseguir reales y cuando llegamos finalmente aceptaban pix",9,2025-03-31 13:58:02+00,0
" Great location to the Brazil Falls and airport. Clean and modern. Breakfast was the best, so many options with freshly cooked tapioca, boiled eggs, fresh fruits and various types of coffee.  Nice swimming pool to relax. Housekeeping was polite.",10,2025-03-31 14:10:41+00,1
Lugar top,10,2025-04-01 22:10:24+00,1
"Passei o final de semana com minha família neste hotel e foi simplesmente ótimo! O atendimento foi excelente, as acomodações confortáveis e bem cuidadas, e a estrutura perfeita para momentos de descanso e diversão. A localização também é um ponto positivo, com fácil acesso às atrações locais. Recomendo e com certeza voltarei!",10,2025-04-02 00:00:00+00,1
"Moyen .

La chambre est grande mais mal isolée 
On entend vraiment la circulation 

Le buffet du soir est moyen Celui du petit déjeuner un peu mieux 

Le personnel est froid et la plupart ne parle pas anglais.  Il est difficile de se faire comprendre.",6,2025-04-03 00:00:00+00,0
It is good breakfast and nice staff,10,2025-04-03 10:36:59+00,1
 Bom custo benefício . Ótimo buffet . Excelente atendimento  Quartos antigos,10,2025-04-03 12:26:21+00,1
" excelente desayuno, muy buena ubicación y habitaciones amplias y cómodas  hubo un pequeño inconveniente con el cobro de la habitación que se pudo resolver por suerte, pero con una demora",9,2025-04-03 14:57:07+00,0
 Hotel com excelente custo benefício. Café da manhã bem farto. Quarto limpo. Camas confortáveis. Tudo muito bom.,8,2025-04-03 20:10:44+00,0
" Nada, el hotel esta bien, pero esperaba mas, la cena no era mala, pero siempre la misma comida. El desayuno es variado, pero tampoco es gran cosa.  No se puede fumar en ninguna parte del hotel, ni siquiera al aire libre, hay que salir del hotel si o si, para un fumador, no es comodo eso, mas teniendo lugares al aire libre.",7,2025-04-04 16:44:06+00,0
"Tudo impecável ! O hotel é espetacular!
 Os funcionários sem excessão são muito educados, atenciosos e prestativos. O café da manhã é fantástico, completíssimo. Fomos em um passeio de família e todos amaram!",10,2025-04-06 00:00:00+00,1
" La ubicación, la limpieza, el desayuno, el lobby  La limpieza de las piscinas , la conexión de wifi",9,2025-04-06 00:27:06+00,0
" Já fiquei várias vezes nesse hotel, gosto muito, ótimos funcionários, sempre solícitos. Dessa vez paguei muito caro, não consegui reverter a minha reserva de duplo pra single, paguei muito caro.",8,2025-04-06 09:15:11+00,0
" Quarto confortável. Fomos muito bem recepcionadas. Atenciosos. Café bom, poderia ter mais opções, mas, foi uma ótima experiência.  Shampoo e condicionador reduzidos.",8,2025-04-07 02:57:45+00,0
" El desayuno es completo, y la atención del personal del desayunador.  La habitación, la falta de limpieza, había perdida de agua, la atención en recepción no fue óptima, apenas llegamos a la habitación estaba el baño sucio y con perdida de agua, pedimos el cambio de la misma y nos dijeron que no había otra y quedaron en avisar pero nunca sucedió.
A los dos días de estadía olvidaron hacer la habitación y la limpieza termina a las 15 hrs. Llegamos después de ese horario y avisamos que la limpien,  de hecho la realizaron de mala manera y no fue completa la  limpieza.
También todo el tablero de la térmica de luz estaba a la vista, si hay niños puede ser muy peligroso, además no queda bien.
No tenía buena luminosidad y un foco no funcionaba.
La cena  en el hotel mediocre por el valor que cobran por persona.
La piscina no estaba climatizada, y su escalera en malas condiciones.
Reservamos dos habitaciones y por el valor que pagamos una total decepción para un hotel 4 estrellas.",3,2025-04-07 12:25:46+00,0
"Hotel velho e mofado. (1) Nos quartos não há cômoda ou gavetas para guarda de roupas. Existem prateleiras, onde suas roupas ficam expostas aos olhos do serviço de limpeza, violando sua privacidade e intimidade. Para uma viagem sozinho de um ou dois dias, isso não representa muito mal. Mas viajar em família e por 3 dias ou mais, ísso é um pesadelo. Veja foto (2) No piso do subsolo, juntaram salão de jogos, academia, espaço de terapia e sauna a vapor. Essa sauna a vapor umidifica todo o subsolo e os poços dos elevadores, que cheiram a umidade. (3) a cereja do bolo é que na sauna a vapor o cheiro de podridão (bactérias e fungos) é insuportável e faz mal à saúde. Não há limpeza. As duchas da sauna estão com uma população de bactérias e fungos, inclusive a ""Legionella pneumophila"", conforme foto anexa. O risco para a saúde é concreto. (4) Nos corredores do prédio, o acesso para as escadas de incêndio/emergência são obstruídas e camufladas com portas de madeira. Em caso de emergência, se houver, você passa direto e não vê as escadas...(veja foto) (5) A televisão tem todas as entradas (source, hdmi, usb) e menu desativadas. A TV não tem a função de espelhamento com os telefones celulares nem permite uso do Chromecast ou FireTV. Nada de assistir ao Netflix ou outro streaming do seu celular. Você só fica com os poucos canais de tv.  (6) No check-out às 12h, eles encerram sua conta à meia-noite anterior. Então, você fica desde o horário que acorda até a hora de sair sem possibilidade de consumo de bar, enquanto aguarda a hora de saída... É mole?",6,2025-04-07 12:35:05+00,0
Um dos melhores de Foz do Iguaçu.,10,2025-04-07 23:55:17+00,1
"Fiquei hospedado no Viale Cataratas Hotel & Eventos por 4 dias para participar de um evento de trabalho. O hotel é realmente bonito, organizado e moderno, e logo de cara causa uma boa impressão. A localização é excelente, entre as duas fronteiras — Paraguai e Argentina, o que facilita bastante para quem deseja fazer passeios ou compras nos dois países.

A estrutura geral do hotel é muito boa: tem piscinas, academia, duas saunas (seca e a vapor), além de um café da manhã bem servido e delicioso. O atendimento na recepção foi muito bom, com profissionais educados e prestativos. Os quartos são confortáveis e limpos.

Porém, alguns pontos deixaram a desejar e comprometeram a experiência:
•	O almoço e jantar no hotel são pagos à parte e o valor é R$ 110 por refeição, o que achei bem alto para o que se propõe.
•	No bar, o atendimento foi fraco. O garçom parecia distraído, sem disposição, e ouvi outros hóspedes comentando que na área da piscina o atendimento é ainda mais demorado, a ponto de muitos irem buscar seus próprios pedidos no balcão por conta da espera.
•	Durante o café da manhã, perguntei a uma funcionária se ainda tinha queijo coalho e ela respondeu que tinha acabado. Poucos minutos depois ela apareceu repondo a bandeja com queijo coalho e tentou disfarçar quando me viu. Isso me deixou bastante desconfortável.
•	O chuveiro do banheiro estava enferrujado e com pouca pressão de água. Precisei limpar manualmente os furinhos para a água sair melhor. Uma simples manutenção resolveria isso.
•	O frigobar tem preços absurdamente altos:
•	Água 1,5L: R$ 18,00
•	Água 500ml: R$ 10,00
•	Salgadinho pequeno: R$ 25,00
•	Refrigerante: quase R$ 15,00
Sinceramente, nunca vi nada tão caro assim em um hotel. Parece mais caro que restaurante chique.
•	A internet funciona muito bem durante o dia e à tarde, mas à noite fica extremamente lenta. As páginas nem carregavam direito. Isso precisa ser melhorado, principalmente para quem viaja a trabalho.
•	Um ponto inacreditável para um hotel desse nível: as tomadas dos quartos não seguem o padrão brasileiro. São no modelo americano ou europeu. Quando falei com a recepção sobre isso, a resposta foi que eu teria que comprar um adaptador. Achei isso um absurdo — o mínimo seria o hotel oferecer ou emprestar adaptadores aos hóspedes. Um detalhe simples que mostra falta de atenção com o básico.

No geral, o hotel tem estrutura para ser excelente, mas alguns detalhes importantes prejudicam a experiência. Faltam melhorias no atendimento, mais atenção à manutenção dos quartos, revisão nos preços dos produtos do frigobar e um cuidado maior com a internet e com itens simples e essenciais, como tomadas compatíveis com o Brasil.

Dou 3 estrelas com sinceridade, porque ainda assim tive momentos bons, mas acredito que com ajustes simples o hotel pode entregar muito mais do que oferece hoje.",6,2025-04-08 00:14:56+00,0
" café da manhã, muito bom. Gosto da localização para ir as cataratas, parque das aves e atrevessar para Argentina.  internet não pegava bem no quarto",8,2025-04-08 22:04:06+00,0
"Muy buen hotel a un muy buen precio !!
Buen desayuno, buena cena ( agregaría más variedad ) y muy buena atención del personal. Buenas habitaciones, tamaño chico pero con buena vista a la piscina. Ubicado sobre la avenida cataratas, cerca de Shoping y del parque de agua Blue.",10,2025-04-09 00:00:00+00,1
"Hotel Excelente. Atendimento do pessoal excelente. Localização, acesso, estacionamento excelente.",10,2025-04-10 00:00:00+00,1
"I really enjoyed my stay! 
The breakfast was great, the tapioca was really well made.
Although it looks like a business hotel, the overall comfort of the hotel stood out—especially the bed, which was super cozy. The amenities were good, and the staff were consistently helpful. Honestly, almost everything was spot on.

No real complaints, which is always a good sign. Would definitely stay again!",10,2025-04-10 00:00:00+00,1
"A recepção muito atenciosa. Banheiros muito ruins, box sujos, pias entupidas, bem desagradável",6,2025-04-10 00:00:00+00,0
" La atención del personal y el hecho de que ofrecieran cena buffet, cosa que no había visto en otros hoteles. Eso ayuda bastante considerando la distancia con los restaurantes a los alrededores. El personal también fue muy amable en todo momento.  Nos encantó la alberca pero el agua estaba helada. Desconozco si por el clima de la época o si falta controlar la temperatura.",9,2025-04-10 00:07:27+00,0
 оптимально для путешествия к водопаду: близко и можно отдохнуть после прогулки,10,2025-04-10 05:31:44+00,1
"Super recomendable. La atención espectacular. La comida muy variada y rica. Las habitaciones espléndidas y muy limpias, nada roto. No tengo nada de qué quejarme. Volvería",10,2025-04-11 01:55:49+00,1
 Todo  Nada,10,2025-04-11 20:05:32+00,1
" Otimo quarto
Cafe da manha farto e espacoso 
Piscinas 
Estacionamento 
Funcionarios atenciosos  Tudo perfeito",10,2025-04-12 10:37:43+00,1
" Todo resultó muy bien, personal atento y muy amable , ayudaron en cada consulta realizada,  fui con mis dos hijas y quedaron encantadas de la cena y el desayuno. 
Habitación confortable,  camas cómodas.
Ubicación práctica,  pudimos ir a cataratas del lado de Brasil en colectivo, que pasa por la puerta del hotel.",10,2025-04-12 12:03:50+00,1
Bom lugar pra relaxar,10,2025-04-12 23:36:40+00,1
" Me fue espectacular! Quiero destacar la labor de todo el personal, muy atentos en todo momento.
La comida riquísima y bien variada.
La habitación estaba impecable. Solo que me toco una habitación cerca del bar de la pileta en horas de la tarde era un poco ruidosa, ya que se escuchaba las voces de la gente ahí reunida.
El trato muy cordial de parte de todos los meseros. Sin duda es muy recomendable.!  La ubicación estaba bien. Yo viaje sola y tal vez tendría que haber optado por un hospedaje más cerca del centro. Esta bueno si tenes movilidad.",10,2025-04-13 16:08:08+00,1
"Rooms are okay but it really depends. I stayed in one that was not good, had no plugs near the bed, was in need of maintenance and the shower wasn’t working well (it was impossible to put it on a stable temperature and had no pressure). Breakfast and staff are nice but nothing special.

Walls are indeed thin and they let kids run the corridors in the morning so it’s impossible to sleep.

During checkin I was asked if I wanted to pay in real or euro and they said it was the same. It is not! Exchange is not fair so it’s always better/cheaper to pay in real.

Positive things: it’s clean and spacious.",6,2025-04-13 20:25:13+00,0
"Galera a pia do 242 está entupida, e isso incomoda. Ao tentar entrar no estacionamento, não é possível porque a cancela, não abre aí tem sair do carro passar o cartão do quarto ou falar com alguém da recepção e nenhum consegue resolver, isso incomoda e mais está chovendo, aff, péssimo",8,2025-04-13 23:37:46+00,0
" Tamaño y limpieza de la habitación, desayuno y cena excepcional con gran variedad de comidas. Ubicación muy buena con colectivos que pasan por la misma avenida del hotel y te llevan a Cataratas brasileras, al centro de Foz, a Ciudad del Este y al centro de Puerto Iguazú.  ---",10,2025-04-14 02:32:07+00,1
" habitacion,  buen desayuno, piscina y sauna . Hotel nuevo y muy agradable.  todo fue muy bien",9,2025-04-14 06:46:50+00,0
" Ótimo hotel, localização estratégica, funcionários atenciosos e competentes, ambiente agradável, comida muito boa, enfim me senti em casa e recomendo",9,2025-04-14 15:21:31+00,0
" Recomendo o hotel para todos tipos de viajantes, quartos amplos e bem limpos. Ótimo para quem pretende apenas descansar no hotel para curtir foz e região.",9,2025-04-14 21:50:48+00,0
 Hotel muito confortável. Quartos amplos. Limpeza impecável. Funcionários atenciosos,9,2025-04-15 01:52:11+00,0
" TUDO OTIMO, CAFE DA MANHÃ SENSACIONAL",9,2025-04-15 12:48:08+00,0
" A piscina precisa ser aquecida, a água estava muito gelada",5,2025-04-17 17:15:53+00,0
"Muito tranquilo, lugar muito bom para descansar.",10,2025-04-18 00:00:00+00,1
" Ubicación muy buena. 
Desayuno muy bueno. 
Cena falta más variedad, pero muy rica!  Poca iluminación en las habitaciones.",9,2025-04-18 00:10:12+00,0
"Renovado y muy lindo, comodo precio acorde.!!!!!",10,2025-04-18 23:46:22+00,1
" Muy buena atención, gentiles.  La pileta debería ser climatizada",8,2025-04-20 01:54:10+00,0
" Un lugar muy cómodo y confortable! Es espacioso con un desayuno agradable, variado y abundante. El personal muy amable y mucha recreación para los más chicos! Es un lugar muy higiénico",10,2025-04-20 02:32:55+00,1
" Hermoso hotel, bien ubicado, buen trato del personal. Súper recomendado.  Lo único que mejoraría es la calidad del WiFi, en la habitación donde me quedé por momentos se iba la señal.",9,2025-04-20 18:50:06+00,0
"Estuvimos 5 dias, lindas habitaciones, excelentes camas, con media pensión es muy bueno el buffet libre. Muy recomendable para días de mucha actividad, como visitas a parques. Pileta y sala de juegos excelente. Cerca del Shopping y de Blue park.",10,2025-04-21 00:00:00+00,1
" todo el personal super amable, la comida muy rica!",10,2025-04-21 12:52:45+00,1
" El hotel está muy bien ubicado, en la avenida que va directo al centro y a las cataratas. El desayuno completo y variado.  Con respecto a la piscina y su entorno, me parece un poco chico, sin espacios verdes. También el trato del personal debe mejorar, porque no brindan ningún tipo de información al llegar ni cuando estas alojado (ej.: no te ofe¿recen cena con la tarifa y su carta; excursiones, etc.).",9,2025-04-21 14:40:11+00,0
" Ótimo hotel já fiquei outras vezes.
Vale a pena mesmo",9,2025-04-21 17:15:54+00,0
" El desayuno excelente. Completo. Ubicacion muy buena, zona tranquila, se puede ir caminando al shopping mas cercano. Piscina, muuy buena, nada que criticar.
La cena (pagamos media pension) muy repetida lla comida, algunos platos poco elaborados), ricos postres. Buena atención con algun personal, otros van a tener que mejorar su predisposición  El dormitorio: pequeño para alojarnos los 4 (familia tipo). mucha humedad, los olores no eran buenos ni esperables en un hotel de esta categoría como es ofrecida. olores de humedad y hasta cloaca.
El servicio de recepción, debería estar preparado para hablar en castellano, sabiendo que pueden trabajar con turismo argentino, y las excursiones que ofrecen o servicio de transporte que ellos consiguen es muy caro, al punto que conviene contratar por nuestra cuenta, cuando en realidad debería ser a un mejor precio.",7,2025-04-21 19:01:40+00,0
"Fomos em família, piscina gelada, no pequeno parque tinha uma área suja em manutenção, não tinha absolutamente nada para fazer com criança. Sem contar que o jantar comprei para meus pais que ficariam com meu filho porque tínhamos casamento, meu filho por ter 7 anos não pagava quando fui fechar a reserva, na hora do jantar queriam cobrar pois meu filho estava cadastrado no meu quarto e nós não tínhamos jantar incluído. Mas não tinha como pagar para meu menino sendo que não tinha idade para ser cobrado e nós a noite não ficaríamos no hotel, levei meus pais justamente para ficar com ele. Os funcionários no jantar foram grosseiros e com certeza não voltaremos.",4,2025-04-22 00:00:00+00,0
"Fiquei hospedado com minha família no feriado da páscoa. Algumas coisas não atingiram minha expectativa:
1 - O azulejo do banheiro é encardido, dá nojo de ficar descalço e de relar na parede;
2 - O atendimento não é muito bom, é simplesmente ok. Muito aquém de hotéis mais baratos;
3 - Ficamos mais de 6 horas sem luz no quarto por um problema das instalações e só resolvido depois de muito insistência. Não deram atenção devida para o caso;
4 - O restaurante servia buffet no almoço até ás 15:00 horas. Um dia nos atrasamos em uma passeio e pedimos para estender o horário por 15 minutos para que a gente pudesse comer, o mesmo foi negado e precisamos nos virar com batatas fritas. Eu entendo que existem regras, mas se não houver alguma flexibilidade fica difícil.
5 - Por fim, depois de tudo isso, no último dia as 06:00 horas da manhã colocaram um papel embaixo da porta com o valor da conta, dizendo que a gente tinha até 12:00 pra sair do apartamento e acertar tudo. É claro que isso seria feito de qualquer modo, mas eu achei o atendimento muito sem empatia e frio.

Não gostei! Não recomendo e com certeza não voltaria.",4,2025-04-22 00:00:00+00,0
" O hotel é bem localizado. Próximo do shopping, cataratas, março das 3 fronteiras...entre outros pontos turísticos. Além disso, as instalações são excelentes.  Os funcionários não são treinados para prestar um serviço de excelência. Impressionante como eles não tinham vontade de ajudar ou encantar os hóspedes. Talvez por haver muita procura, fomos tratados com indiferença e má vontade. Se quiser um local para se hospedar e se importa com o atendimento, esqueça o Viale Cataratas. Agora, se não se importa em ser atendido de qualquer jeito...vai em frente. Em razão do descaso dos funcionários, dificilmente volto ao hotel.",5,2025-04-22 01:03:07+00,0
 Tudo perfeito!  Nada a reclamar,10,2025-04-22 10:53:25+00,1
" El desayuno es excelente! En caso de querer cenar en el hotel, el buffet también esta muy bueno. Las instalaciones son cómodas y prácticas. La piscina también está genial, el único detalle es que es de agua fría sin ningún tipo de calefacción artificial. Muy bueno el sistema de las toallas también, que te las dejan al lado del ingreso a la piscina para que te sirvas. Los tragos del bar muy ricos también.  El único punto a mejorar son los juegos de la sala de juegos. Fui con niños y por ejemplo el pool no tenía los tacos en condiciones. Quizas algún juego tipo arcade pudiera complementar la oferta que tienen, de todos modos los demás juegos sirvieron para entretener.",10,2025-04-22 21:43:21+00,1
"Excelente Hotel, infraestrutura sensacional, muito conforto, camas excelentes, muita cordialidade dos funcionários, super recomendo",10,2025-04-23 10:08:45+00,1
" hotel trés bien situé pour visiter les chutes d'iguazu, trés propre et agréable, bon petit déjeuner.  rien",8,2025-04-23 20:20:25+00,0
" Muy buena experiencia en Hotel Viaje Cataratas. Pasamos unos días excelentes¡ Los puntos fuertes del Hotel son: buena infraestructura buena ubicación, , cafe de manha (desayuno) muy bueno y variado, instalaciones cómodas, estacionamiento gratuito y amplio y la atención al cliente un 10 de 10, excelente ¡¡¡ Muy buena atención y buen trato del personal del Hotel. Adalto y Johana, se destacaron por su amable atención y su empatia.  Puntos a mejorar del Hotel. Si bien la infraestructura del Hotel es muy buena, podrían mejorar un poco atendiendo a que el Hotel Viale se encuentra entre los mejores hoteles de Foz. Por ejemplo, el gimnasio (academia), si bien existe y esta en el subsuelo, no hay ningún cartel y nadie nos sugirió ir a conocer (ampliar gym). Lo mismo el servicio de Spa. En cuanto a la piscina, la carta del menú del bar ofrece muy pocas opciones de bebidas y de picadas rápidas o sandwichs, creo que esa carta se podría ampliar y ofrecer mas opciones. El balance general del Hotel es optimo. Felicitaciones y sigan mejorando¡",9,2025-04-24 19:47:59+00,0
" El desayuno es excelente!! la ubicaciòn, limpieza y atenciòn fenomenal!!
La piscina es muy linda  La habitaciòn es un poco chica",9,2025-04-25 03:36:29+00,0
 Da piscina externa  Ar condicionado não funcionou. Toalhas rasgadas,7,2025-04-25 10:43:55+00,0
Muy buena eatadia,8,2025-04-26 11:38:24+00,0
"Excelente Hotel, no es la primera vez que nos hospedamos aquí, la atención es excelente, la limpieza óptima, la comida muy rica, el desayuno súper completo, tranquilo, especial para todo tipo de visitantes... Excelente servicio!",10,2025-04-26 19:07:04+00,1
 Do cheiro da recepção  Das cancelas do estacionamento.,10,2025-04-27 01:08:13+00,1
" Excelente el servicio que brindan en Viale Cataratas, todo es muy lindo, experiencia óptima  Acá todo es muy bueno",10,2025-04-27 13:06:07+00,1
" Excelente el desayuno, el mejor de Foz, la atención impecable, la gente simpática y el área de piscina y habitación excelentes!!  Nada",10,2025-04-27 16:55:41+00,1
" Personal,limpieza,ubicacion,camas cómodas.  Pagamos cena y no hay mucha varieda.",7,2025-04-28 00:40:07+00,0
LO RECOMIENDO ES ESPECTACULAR Y FAMILIAR,10,2025-04-28 11:59:26+00,1
" Llegamos de madrugada y nos recibieron muy bien!
El desayuno super variado, muy fresco todo. Huevos revueltos, pancakes, frutas, budines, frutas, cereales, panes de todo tipo etc!
Las piletas son hermosas, hay una pequeña ideal para niños, que es super segura. Hay bañero por la tarde.
Tiene un bar para pedir comidas rápidas y tragos.
La habitación estuvo muy bien. Nos armaron una cuna para nuestro hijo mas pequeño.
La ubicación del hotel para ir Cataratas del lado Brasilero está muy bien al igual que Parque das Aves y del shopping.
La cena cumple, hay pollo, pescado, carne, pastas, ensaladas, etc.  Podría tener un área de recreación un poco mas amplia para los niños.
En el primer subsuelo hay un pool, un tejo y nada mas.
Llevar shampoo y crema porque los que te dan no son buenos.
El wifi en el sector de la pile a veces no llegaba.",8,2025-04-28 14:23:27+00,0
Chuveiro sem água. Toalhas velhas. Café da manhã foi oq salvou. Fomos no feriado ainda assim caro p oq ofereceu,6,2025-04-29 00:00:00+00,0
" El personal excelente súper atento, la limpieza inmejorable. Las camas súper cómodas.El desayuno súper destacable.  El agua no calentaba bien. Cómo máximo salía de tibio para fría.",8,2025-04-29 12:12:54+00,0
" El hotel es muy lindo, muy cuidado y el personal muy agradable. Siempre dispuestos a cumplir con las exigencias, y dar consejos. Mucha limpieza. El desayuno y servicio de bufet muy rico.  El gimnasio pésima calidad. Si bien llegamos al hotel a las 09.30, dias antes nos enviaron muchos correos para abonar la el check in anticipado, pero no teniendo contratado un taxi y sabiendo de la demora por las fechas que era feriado en brasil, no sabía qué horario llegaría al hotel. Ahora bien, no había habitación disponible, eso está bien, pero nos dieron la opción de desayunar abonando el mismo, y solo tuvimos 20 minutos, porque exactamente a las 10.00 hs le dicen a la gente que se terminó el servicio. Tema habitación tuvimos dos cambios, pese a haber solicitado que eramos matrimonio y que celebrábamos aniversario, nos dieron habitación primer piso con vista a la pileta, Muchos ruidos provenían de la misma, y de chicos corriendo por los pasillos, y golpeando puertas, a los que se debió haber llamado la atención. Nos cambian de habitación a pedido nuestro, y nos dan una lado contrario del hotel y piso 3, con fea vista, muy cerrada con olor a cloaca en el baño, y se escuchó toda la noche la bomba de agua. Tema gimnasio mala ubicación en un subsuelo encerrado, con pocos aparatos y tecnología. Podría ser algo mucho mejor. Si uno paga media pensión podrían dar la opción de poder almorzar aunque sea a la carta, y no que obligatoriamente sea cena buffet, dado que hay lindos restaurantes en el centro para recorrer, dado que al mediodía el restaurante no era muy concurrido.",7,2025-04-30 11:24:48+00,0
"Poderiam dar uma manutenção geral no hotel, porta do banheiro apodrecendo áreas externas precisando de manutenção",8,2025-05-01 00:00:00+00,0
"O hotel é super espaçoso, aconchegante e bem localizado! Quero deixar um destaque para o spa! Eu e meu marido fomos atendidos pela Gabriela, fizemos uma massagem relaxante logo no dia da nossa chegada e foi maravilhoso! A Gabriela é uma ótima profissional e fez a experiência realmente valer a pena! Muito obrigada!",10,2025-05-01 00:00:00+00,1
"La verdad que la pasamos excelente, buena ubicacion, inmejorable relacion precio calidad, lo que sí tienen que mejorar es el wifi en las habitaciones. Despues lo que es el desayuno y la cena tambien es de destacar, a mifamilia le gusto bastante como a mi.",10,2025-05-02 00:00:00+00,1
" cafe da manha incrivel, servico de toalhas adicionais, arrumação  jantar com buffet bem caro, poucos lanches e passei mal do lanche a noite.",9,2025-05-02 01:37:02+00,0
 Limpesa impecável e funcionários super educados e atenciosos!  O quarto é muito escuro falta iluminação!,10,2025-05-02 11:36:56+00,1
" Atendimento e atenção dos funcionários foi nota 1000. Tudo que precisa eles resolvem imediatamente. EducadÍssimos.
Café da manhã ótimo.  Cama de casal pequena, e acredito que as cortinas me deram alergia.",8,2025-05-03 14:07:02+00,0
" Tamanho do quarto é na medida, camas boas e banheiro bom.  Manutenção do banheiro, precisava de alguma atenção quanto a manutenções básicas.",8,2025-05-03 16:38:42+00,0
 Hermoso hotel . Para destacar el desayuno y la cena buffet. Relación costo calidad adecuada  Nada,9,2025-05-04 10:55:10+00,0
" Café da manhã bom, ótima localização.  O ar condicionado do quarto não estava funcionando, precisamos mudar de quarto. Equipe da limpeza não limpou o quarto.",8,2025-05-04 13:59:56+00,0
"Excelente, quartos e banheiros muito limpos e arejados. Café da manhã excepcional, funcionários super educados. Com certeza voltarei.",10,2025-05-05 00:00:00+00,1
" Hotel maravilhoso, aconchegante, ótimo atendimento, café da manhã delicioso, tapioca ótima. Cama e chuveiros ótimos.Piscina externa fria.  Não ter piscina térmica.",10,2025-05-05 00:09:45+00,1
" Localização! 
Excelente  Do barulho nao sabemos se é de crianças ou funcionárias limpando, mas bem cedo arrastando cadeiras ! E tbm, bastante criança correndo ! Faz bastante barulho os quartos!",10,2025-05-05 10:23:09+00,1
" Tudo muito bom, café da manhã e jantas ótimos, localização perfeita!  O sinal da internet não funciona em vários locais do hotel.",9,2025-05-05 13:23:18+00,0
" Ubicación, limpieza  El restaurante no es gran cosa. Precios estan bien, pero no su sabor.
Habitación muy ruidosa",8,2025-05-05 17:43:04+00,0
" O café da manhã é muito bom, as instalações são boas, funcionários prestativos.  Tudo ótimo.",9,2025-05-05 19:06:57+00,0
" Conforto do quarto e camas, limpeza e café da manhã.  Barulho dos hóspedes nos corredores",9,2025-05-06 16:33:21+00,0
Atendimento muito bom. Café da manhã excelente! Cama muito confortável. Duas observações apenas: 1) as tomadas ainda estão no padrão antigo de dois pinos. E a que fica na cabeceira da cama é no padrão americano!!! Isso é muito ruim. 2) o vidro do box exigia uma limpeza mais efetiva.,8,2025-05-07 00:00:00+00,0
Ótimo custo benefício!!! Café da manhã bom e quartos bem ajeitados. Vale a pena!,10,2025-05-07 13:28:45+00,1
"Quartos mal cuidados. Azulejos do banheiro sujos de construção, box de vidro todo engordurado e o pior, a tampa do vaso que deveria ser branca amarelada mas na região central nitidamente devido a graxa corporal. 
A cama boa
Tv smart mas sem internet",4,2025-05-08 00:00:00+00,0
 Custo benefício! Limpeza! Conforto  Realmente o fato de termos jantar incluso! Receber as pulseiras no check in! Depois no check out ser cobrado novamente pelos jantares alegando que devido a uma alteração nas diárias perdemos a meia pensão! Lembrando que não foi informado na troca nem ao menos no check in! Ao contrário foi dado as pulseiras de acesso ao jantar! Essa situação realmente é desgastante mesmo me recusando a pagar eh uma situação desagradável para o final de ferias!,6,2025-05-09 00:29:42+00,0
" Boa localização, perto das cataratas. Excelente café da manhã, conforto do quarto e lazer (piscina).  Em um dos dias, A ventilação forçada trouxe cheiro ruim pra dentro do quarto. Parecia que vinha odores de outros banheiros.",9,2025-05-10 21:33:23+00,0
"Estrutura do hotel bacana, recepção climatizada, espaçosa , piscina não é aquecida , cama gostosa, travesseiros bons, porém o chuveiro demora esquentar até acharmos a temperatura ideal, camareiras atenciosas , estadia ocorreu tudo tranquilo, estacionamento seguro… localização na rota turística. No geral gostei muito!",10,2025-05-11 00:00:00+00,1
 O atendimento no bar foi bem fraco.,9,2025-05-11 14:17:17+00,0
 La ubicación y el desayuno  La habitación era algo diferente a la de las fotos,8,2025-05-12 09:55:32+00,0
Excelente,10,2025-05-12 11:08:57+00,1
" lo más destacado la atención de la gente del salón comedor.  lo que realmente no me gustó para nada es que no dejen fumar en la zona de pileta al AIRE LIBRE. Perdieron toda posibilidad de que consuma del bar.
Tenía que salir a la puerta del hotel a fumar.
Otra cosa fue que si no le avisabamos al de recepción qué teníamos dinero a favor al momento de salir se quedaban con nuestro dinero.
2 punto negativos por lo que no volvería al Hotel.",8,2025-05-12 12:33:17+00,0
"Excelente hotel, tudo maravilhoso",10,2025-05-13 00:00:00+00,1
" O café da manhã é excelente.
Tenho que dar os parabéns por terem trocado ar condicionado, também tenho que fazer elogios a uma senhora que fez a limpeza do nosso quarto acho que o nome dela é Nadir , sempre prestativa e com um humor contagiante. A final a equipa toda está de parabéns 👏  Não tenho nenhuma reclamação",10,2025-05-13 00:09:09+00,1
" Da limpeza, da área de lazer e estrutura do Hotel.  Faltou melhor iluminação no quarto e espelho no quarto.",10,2025-05-13 11:25:41+00,1
"Hotel muito bom, destaque para localização, que é meio do caminho para os principais atrativos, como as Cataratas. Equipe do restaurante muito atenciosa e cordial, já a equipe da recepção, nem tanto, mas nada que desabone a estadia. Quarto confortável, bom banheiro, mas uma reforma seria bem vinda, talvez uma mudanças nas cores, porque é tudo branco, se torna meio frio, a água estava saindo muito devagar na pia, e a porta estava raspando no chão, uma manutenção seria bem vinda também. Café da manhã muito bom, embora as opções fossem praticamente as mesmas todos os dias, elas eram muitas, então ainda assim é um bom café. O mesmo vale para o jantar (incluso somente na tarifa com meia pensão), muito prático para quem não quer se deslocar para jantar. No geral, vale a pena, nota 9.",8,2025-05-14 00:00:00+00,0
"Destacó el personal del salón comedor en el desayuno y cena. Super amables.
La comida buena pero un poco monótona.
Lo que si no me gustó es que no te dejan fumar en el área de la pileta que esta al AIRE LIBRE y tenía que salir a fumar a la puerta de hotel. Por eso perdieron todas las posibles consumiciones del bar.
La limpieza es buena.
Pero por la misma.a plata me voy a otro hotel.",6,2025-05-14 16:46:45+00,0
" Café da manhã  Quarto com cheiro de mofo, janelas totalmente vedadas sem nenhum tipo de ventilação. Roupa de cama suja, toalhas velhas",1,2025-05-14 22:31:40+00,0
" La atención y predisposición del personal  Algunos detalles en el baño, y la luz del pasillo quedaba prendida toda la noche y entraba luz a la habitación",10,2025-05-15 11:55:30+00,1
"Bem agradável. Achei muito ruim cobrarem pelo estacionamento no hotel. Não faz sentido, por não ser no centro da cidade.",8,2025-05-16 00:00:00+00,0
"Excelente hotel, la atención de todos sus empleados, los servicios, el menú, todo excelente.. Lo recomendaría sin dudas",10,2025-05-16 10:20:58+00,1
"Tuvimos una experiencia muy agradable. Las habitaciones son amplias y cómodas, siempre la mantuvieron ordenada y limpia.
El desayuno es muy completo y la gente que nos atendió super amable. Sin duda lo recomiendo!",8,2025-05-16 13:48:49+00,0
 Excelente todo!  Quizá hubo poca iluminación artificial en la habitación!,10,2025-05-17 03:43:22+00,1
 Todo muy bien,10,2025-05-17 03:47:44+00,1
" Variedad y calidad de la comida , la habitación  Tenían el aire acondicionado muy fuerte todo el tiempo y en el comedor hacía frío",10,2025-05-17 04:46:53+00,1
" Отель очень комфортный, цена качество отличное, номера чистые, горячая вода может без перебоев и в раковине, и в душе))",10,2025-05-17 12:45:08+00,1
" The room and the breakfast,  were wonderful",10,2025-05-18 00:48:10+00,1
" Segunda vez en el hotel, y no será la última. Gastronomía excelente, de calidad, variada, rica. (Reservamos media pensión) El personal impecable, la habitación cómoda. El lobby es muy bonito y huele de maravilla !Está cerca del shopping Catuai, muy grande y completo .  Tal vez sería bueno tener una cafetera o hervidor en la habitación, por lo demás no hay queja alguna. Está alejado del centro pero hay transporte público, con un servicio no muy frecuente...",10,2025-05-18 00:57:42+00,1
"Maravilhoso,tranquilo.",10,2025-05-19 00:00:00+00,1
" El hotel es muy confortable en líneas generales. Amplio y cómodo. Tiene una linda piscina con una amplia área de descanso cerca de ella.  El hotel desmejoró de mi última visita. Me han colocado en el baño una toalla vergonzosamente rota y desgastada, algo muy sencillo de solucionar. Lo otro, el desayuno desmejoró bastante también.",7,2025-05-19 11:56:27+00,0
 Local ordenado. Cama espetacular.  Sauna húmeda fuera de servicio. Televisor no conectava el smartv,7,2025-05-19 23:22:42+00,0
 Cleanliness and comfort  Vegetarian food/ snacks are difficult to find,8,2025-05-20 00:59:54+00,0
" Hotel excelente os funcionários todos prestativos.  localização, conforto",10,2025-05-21 18:50:03+00,1
" Quarto espaçoso, limpo, cama confortável. Ducha ótima. Café da manhã bem variado.",9,2025-05-22 14:18:28+00,0
" Tudo de boa qualidade, quartos ótimos café maravilhoso !!!  Não tem o que eu não gostei",10,2025-05-23 09:52:34+00,1
 Todo excelente en especial la atención  La TV solo canales brasileños. Estaría bueno poder usar alguna plataforma ejemplo Netflix o YouTube,10,2025-05-23 11:30:40+00,1
Quanto muito pequeno para 4 pessoas!!,6,2025-05-24 00:00:00+00,0
Todo muy bien muy amables,10,2025-05-24 10:46:13+00,1
 Localização,10,2025-05-24 14:30:48+00,1
" Hotel com excelente localização em Foz do Iguaçu, próximo a um Shopping Center com uma excelente praça de alimentação e entretenimento.
Os funcionários do hotel sempre muito prestativos, excelente café da manhã com muita variedade e qualidade.
Quartos amplos e limpos, internet de excelente qualidade.
Excelente custo benefício
Voltarei mais vezes!  Estacionamento pago
Apesar de ser uma valor não tão alto, R$ 15,00 por dia, com entrada e saída liberada a qualquer hora do dia, deveria ser cortesia para hóspedes.",10,2025-05-25 09:26:35+00,1
" La atención, el desayuno y la cena.
La habitación muy cómoda.  El secador de pelo estaba deficiente. Aunque luego lo cambiaron.
Podrían modernizarlos",9,2025-05-26 00:09:32+00,0
 Camas.  Banheiro,10,2025-05-26 04:12:55+00,1
Sempre busco me hospedar no Viale Cataratas porque gosto de sua localizacao na avenida das cararatas. Quartos amplos e excelente cafe da manha com tarifa de bom custo x beneficio.,10,2025-05-27 00:00:00+00,1
"O essence SPA, serviço encontrado no hotel, me surpreendeu! A profissional Gabriela, com toda simpatia e profissionalismo me recebeu muito bem, me proporcionando a melhor experiência  e a melhor massagem! Com certeza voltarei e indicarei esse serviço a todos amigos e família!!! Obrigada",10,2025-05-27 00:00:00+00,1
"Viagem 06/2018
Hotel bem localizado, fica a uns 10 minutos das Cataratas, bem próximo ao Shopping Catuaí e a Argentina.
ótima recepitividade
Quarto e banheiro espaçosos .
Pedi um quarto para casal com criança de 5 anos e nos forneceram um com 2 camas grandes de casal.
O mensageiro, que não me lembro o nome, muito simpático e muito cordial em resolver um problema quanto a energia do quarto, nos ofereceram uma bandeja de frutas pelo pequeno transtorno.
Café da manhã maravilho com muita diversidade.
Enfim, adoramos a estadia, voltaria com certeza.",10,2025-05-27 19:03:49+00,1
"A equipe da recepção mostrou um serviço excepcional, foram cordiais e solícitos. A equipe da limpeza dos quartos precisa de orientação pois a higiene dos banheiros deixa muito a desejar visto a presença de muito mofo nos rejuntes dos azulejos. A equipe responsável pelo atendimento no restaurante e no bar não era boa, pedidos demoravam a chegar pois a equipe estava confraternizando atrás do balcão. O café da manhã é bom, mas não espere encontrar variedade de frutas (apenas melancia, banana, mamão e melão). Para um hotel a qualidade da internet era péssima, o wi-fi bastante instável, foi impossível realizar reunião on-line utilizando a rede do local. Se for a passeio, usufrua o hotel, se for a negócios, procure um hotel melhor.",8,2025-05-28 00:00:00+00,0
"The room quality was Good breakfast was good but 
I would like to bring to your notice that there are no electric kettles provided to make a cup of tea or drink warm water.
The place is pretty cold and we wanted to have cofee or tea but nothing was supplied to prepare a cup of tea or coffee.",6,2025-05-28 00:00:00+00,0
"Practical hotel, a bit outlived but with all amenities, clean, relatively quiet. The friendly staff makes up for everything. Conveniently located.",8,2025-05-29 00:00:00+00,0
" location was ideal. the tour operator sat in the lobby. muslim shower facility for the toilet  initially, the breakfast didnt offer may vegetables or halal options.

once more participants came to the hotel,",8,2025-05-29 02:44:32+00,0
" Muy atentos los empleados en todos sus servicios  La habitación no era muy cómoda, la vista al techo de chapa, y encima llovió y era imposible dormir ya q no cuenta con ventanas anti ruido se escuchaba todos los ruidos hasta los de la pileta. Si me mostraban esta habitación no alquilaba de seguro😤",6,2025-05-30 00:33:19+00,0
"Hotel Viale Cataratas in Impressive Iguazu Falls Brazil side is a contemporary and spacious hotel with a huge hotel lobby and restaurant. There are lifts and I saw hotel guests swimming. I had to change my room because the security latch was broken and I did not feel safe, but the friendly front desk staff changed my room after getting the bell boy to validate my claim with a photograph proof first. Hotel served a huge array of the ubiquitoes hot and cold breakfast dishes and drinks. You need a car or to get a taxi / Uber, for venturing around.",8,2025-05-31 00:00:00+00,0
"Restaurante bom. Café da manhã ótimo. Péssimo para crianças, sem estrutura alguma. Limpeza ruim. Tive que procurar brinquedos da minha filha pelo quarto, embaixo da estava muito empoeirado. Banheiro sem lugar para colocar papel higiênico… sem lugar para colocar toalhas secarem. Estava frio o secador estragou, tive que solicitar outro. Não deixavam levar comida no quarto para minha bebê, tive que insistir mto e ainda não pude fazer o prato (pessoal do restaurante que preparou e levou no quarto). Toalhas com cheiro ruim, pareciam mal lavadas. Roupa de cama muito antiga e estragada.",6,2025-05-31 00:00:00+00,0
 La predisposición,10,2025-05-31 14:23:18+00,1
" The hotel is perfect for visiting the Iguazu falls. It is in between the city and the park. It is clean, has a great breakfast, and a nice pool.  There is nothing specific that I did not like. The only thing is that it all felt a bit impersonal.",7,2025-05-31 15:19:51+00,0
"Hotel Viale Cataratas in Impressive Iguazu Falls Brazil side is a contemporary and spacious hotel with a huge hotel lobby and restaurant. There are lifts and I saw hotel guests swimming. I had to change my room because the security latch was broken and I did not feel safe, but the friendly front desk staff changed my room after getting the bell boy to validate my claim with a photograph proof first. Hotel served a huge array of the ubiquitoes hot and cold breakfast dishes and drinks. You need a car or to get a taxi / Uber, for venturing around.",8,2025-05-31 17:35:53+00,0
Foi ótimo,10,2025-06-01 00:00:00+00,1
" La variedad en el desayuno.  Lo difícil de salir con la tarjeta qué no funcionaba, y me tuvieron que cambiar 3 veces.",9,2025-06-02 00:31:19+00,0
"Muy lindo todo, Recepcion habitaciones, limpieza,personal, excelente . Muy atentos a sus huéspedes",10,2025-06-02 10:04:04+00,1
 La atención del joven/mozo cubano joven rubio de 28años en nuestra cena en el restaurante y almuerzo  en el bar . Excelente trato y cordialidad 10puntos !  Muy poca iluminación en la habitación y no se podía dormir por evento en el sholl,7,2025-06-02 14:56:35+00,0
 Muy fácil acceso a todos lados. Muy cómodo.  Me cobraron la estadía dos veces. Después me lo devolvieron pero tardaron un par de días,9,2025-06-03 15:00:54+00,0
"Boa experiência. Funcionários gentis e bom café da manhã. Entretanto achei  sinais de falta de manutenção, tipo chuveiro que saia pouquíssima água, toalhas velhas",8,2025-06-05 00:00:00+00,0
"Experiência ruim...
tive que trocar de quarto na primeira noite por conta do barulho dos hóspedes do quarto ao lado. Porém, me colocaram num quarto afastado e com ar condicionado com defeito - resultado: dormi passando frio.
Comentei na recepção e disseram que iriam mandar a manutenção e talvez ficasse pronto até o dia seguinte...
Daí pedi uma nova troca de quarto. Me colocaram em um que funcionava o ar condicionado, não tinha barulho, mas não pegava o wi-fii...
Daí eu desisti.",4,2025-06-05 00:00:00+00,0
"Buena ubicación del hotel, en la salida a las cataratas. 

Lo único no tan bueno fue el desayuno, la comida no fue de mi total agrado.",10,2025-06-07 00:00:00+00,1
"Fomo alojados em um quarto adaptado, mas com questões críticas a serem endereçadas.
Manter o banheiro seco após o banho é um desafio, ainda mais quando faltam toalhas e tapete.",6,2025-06-08 00:00:00+00,0
" Cafe da manhã 
Atenção dos funcionários  Barulho vindo da avenida em frente ao hotel... nao tem janela anti ruiro",10,2025-06-08 01:09:21+00,1
 Location is good and restaurant was good  The rooms are in very poor condition,7,2025-06-09 01:05:42+00,0
 Es muy lindo hotel!!  Falto un poco de limpieza en la habitación.,8,2025-06-10 01:35:00+00,0
 No tenía pileta climatizada y falta de canales internacionales en tv,7,2025-06-10 15:25:57+00,0
" Todo genial las instalaciones el personal, el desayuno muy bueno  Todo muy bien",10,2025-06-11 11:52:37+00,1
" Hotel bom, o melhor é o café da manhã, o pessoal atendente, e serviço de guarda volumem de graça.  Poderia ter melhores acabados nos quartos e corredores. A academia não estava funcionando.",8,2025-06-11 12:51:01+00,0
" Gosto do Hotel, da localização, do café da manha, camas confortáveis,  limpeza e falta de manutencao nos quartos",7,2025-06-11 15:07:48+00,0
" Cama e chuveiro maravilhosos  Achei o valor do jantar muito caro pelo que oferece (buffet a R$ 106 por pessoa). Os atendentes na recepção podiam ser mais simpáticos. A cadeira de rodas estava com problemas nas rodas, o que dificultou bastante a utilização. Considerando o valor da diária, esperava ambiente mais aconchegante. O hotel tem aspecto de velho, dando uma impressão ruim.",7,2025-06-12 08:10:19+00,0
"Esse hotel possui localização privilegiada na Rodovia das Cataratas, próximo da divisa da Argentina, do aeroporto e dos principais pontos turísticos da região. O café da manhã é bem servido com muitas opções e o restaurante é bem montado e amplo. A infraestrutura é boa, os colaboradores estão bem treinados e como ponto a ser melhorado seria a troca dos colchões e opções de travesseiros mais altos e duros. Com certeza vai melhorar muito os serviços oferecidos.",8,2025-06-13 00:00:00+00,0
" Quiet, great location, and helpful staff  N.A.",8,2025-06-13 14:12:02+00,0
"Esse hotel possui localização privilegiada na Rodovia das Cataratas, próximo da divisa da Argentina, do aeroporto e dos principais pontos turísticos da região. O café da manhã é bem servido com muitas opções e o restaurante é bem montado e amplo. A infraestrutura é boa, os colaboradores estão bem treinados e como ponto a ser melhorado seria a troca dos colchões e opções de travesseiros mais altos e duros. Com certeza vai melhorar muito os serviços oferecidos.",8,2025-06-13 21:11:03+00,0
"Incrível. Hotel com instalações excelentes, café completo e jantar delicioso",10,2025-06-14 00:00:00+00,1
" Educação dos funcionários, limpeza do quarto, tamanho do quarto e do banheiro, possibilidade de aquecimento do quarto (fundamental tendo em vista as baixas temperaturas durante a minha estadia), academia ok, café da manhã com opções diversas, boa localização em relação ao aeroporto de Foz do Iguaçu, às Cataratas e à fronteira com a Argentina. No meu caso, de viagem à trabalho, o hotel também ficava próximo ao local do evento que participei (hotel Mabu), então pude ir à pé até lá.  No quarto em que fiquei não havia tomadas perto da cama, isso faz falta para carregar os eletrônicos. Também senti falta de mais opções de comidas para pessoas com restrições alimentares no café da manhã, apesar de ele ser bem variado.",9,2025-06-15 11:37:01+00,0
 Café da manhã muito variado e saboroso  Pagar para estacionar no próprio hotel onde você está hospedado não faz sentido algum.,8,2025-06-16 00:52:19+00,0
"Precioso hotel, excelente servicio y amabilidad del personal",10,2025-06-16 01:33:21+00,1
" Do café da manhã, principalmente das tapiocas.  A academia. Além de ser com poucos equipamentos, ela é muito mal localizada. Fica no subsolo, dando uma sensação clautrofóbica.",8,2025-06-16 12:33:07+00,0
" Muito confortável. Cama boa, chuveiro bom, cobertor bom! CAfé da manhã muito bom!  A academia poderia ser melhor",9,2025-06-16 14:44:05+00,0
 Prático,10,2025-06-16 14:52:00+00,1
" Gostei da localização em virtude do hotel ser próximo do evento e do atendimento da equipe em geral.  O box do banherio deveria ser de blindex. No quarto que fiquei, eles usaram uma cortina plástica transparente que não segura a água no box, molhando todo o banheiro após o banho.",9,2025-06-16 18:48:57+00,0
"Pontos positivos. Hotel excelente! Café da manhã maravilhoso. ATendimento excelente, muita variedade. Em especial, fazem tapiocas na hora. O quarto é bem grande, muito limpo e cheiroso. O banheiro tem bom tamanho. Sempre com toalhas limpíssimas. O chuveiro é muito bom, tem uma pressão muito boa e muito quente. O pessoal da recepção muito solícitos e prestativos, fizeram uma pesquisa para mim, de melhores restaurantes para jantarmos.
Pontos negativos. No site informava que o estacionamento era gratuito, mas na hora que chegamos fomos surpreendidos com a cobrança, que começou recentemente.
De manhã, as 6:00 tinha muito barulho no corredor, pelos funcionários arrastando coisas e muita conversas, o que atrapalhou o sono. Mas recomendo, pois é muito bonito, moderno, limpo, muito bem localizado, com ótima comida!",8,2025-06-16 22:17:55+00,0
"Cuando ví las fotos pensé que estaban trucadas pero no, es así de hermoso. Gimnasio y salon de juegos exelentes. La calidad supera en demasia su precio",10,2025-06-16 23:26:08+00,1
Excellent,10,2025-06-17 00:00:00+00,1
Hotel com atendimento excelente m custo benefício e localização boa,10,2025-06-17 00:00:00+00,1
" Localização, custo benefício, cordialidade dos funcionários  O menu do jantar era um pouco repetitivo (ficamos 6 noites).",9,2025-06-17 11:01:48+00,0
 Eu amei me hospedar no Viale Cataratas. Já pela segunda vez escolho esse hotel.  Não tem nada que não gostei.,10,2025-06-17 21:15:16+00,1
Razoável,2,2025-06-18 00:00:00+00,0
" Espaço bom, lugar limpo  Poderiam ter tomadas perto da cama.",10,2025-06-18 02:23:02+00,1
 目の前にBourbon、徒歩でいける範囲にMabuやHiltonというホテルが集まっていて、Catuai PalladiumショッピングセンターやディナーショウのRafainレストラン・日本食Miyakoも歩いて行けるので、非常に便利。  建物���構造上一番奥の部屋だったので、長い廊下をあるいたけど、運動には良い。もちろん、お年寄りや子供連れ、身障者をエレベーター近くにという配慮はされていると思うので、とくに不満ではない。,6,2025-06-19 12:40:16+00,0
"Hotel atendeu muito bem as expectativas, funcionarios bem atenciosos, gentis. Café da manhã muito bom.",10,2025-06-20 00:00:00+00,1
Cama ótima. Café da manhã com inúmeras opções. Funcionários muito atenciosos (em qualquer ambiente do hotel). Vale muito mais a estadia no Viale do que em alguns Resorts 5 estrelas da região!,10,2025-06-20 00:00:00+00,1
" Todo excelente! Ubicación, calidad, exquisito desayuno y cena; muy buena atención.  Nada que criticar",10,2025-06-20 03:06:53+00,1
" Excelente en todo aspecto! Muy cómodo, agradable, bien ubicado y buen servicio  Todo muy bueno!",10,2025-06-20 03:08:17+00,1
" Hermoso hotel, habitación súper cómoda, desayuno espectacular y media pensión acorde a la calidad del servicio! Estadía perfecta!  Todo muy bien!!",10,2025-06-20 23:17:55+00,1
" A equipe é muito atenciosa, o hotel é bem completo e o café da manhã é sensacional.  O quarto é um pouco barulhento.",9,2025-06-21 13:06:27+00,0
 O café da manhã é bem variado!  As roupas de cama e banho estão velhas. E havia um vazamento na mangueira do vaso sanitário do meu banheiro.,7,2025-06-21 13:52:08+00,0
 Trocaram meu quarto para uma ala mais nova  Cancela do estacionamento não funciona de forma alguma,8,2025-06-22 00:03:16+00,0
" Quarto grande, camas confortáveis, estrutura excelente, café da manhã muito bom, funcionários atenciosos, preço justo.  Ar condicionado não funcionou, tentaram arrumar, mas mesmo assim não gelava, ainda bem que não era dias quentes, então no final das contas ok
O wifi não funcionou no quarto tb",8,2025-06-22 01:39:12+00,0
" La atención del personal del resto, principalmente y por sobre todo la predisposición, profesionalismo y amabilidad de Alberto quien siempre se encontraba atento y buscando que los huéspedes nos sintamos lo mas comodos posible. Desayuno y cena de muy buena calidad  La primera habitación que nos dieron no estaba en buenas condiciones, pero ante el requerimiento nos reubicaron en otra habitación sin problemas, donde se noto la comodidad que brinda el hotel Viale",8,2025-06-22 18:37:20+00,0
"Hotel bonito, mais deixa a desejar. Estivemos por 5 noites no 306. A Localização excelente para irmos as atrações de Foz. Coisas legais, atendimento funcionários, limpeza, roupa de cama boa e amenidades. Quarto bom mais algumas coisas precisam melhorar.; Ex. São 2 abajurs com luz fortissima e 1 luz de teto com abajur. Precisava de um dimer para baixar esta luz. A cústica é ruim ouvimos as pessoas e televisão do quarto ao lado. Por duas vezes sentimos cheiro de cigarro no nosso banheiro. Chuveirinho quebrado, abre e fecha no registro. Café da manhã razoavel. A variedade é grande mais os iténs não tem qualidade. Pães salgados e doces sempre duros, pão de queijo sempre bem frio. Não tem um simples queijinho Minas. Tivemos meia pensão ou seja a janta. Podemos considerar uma nota 7,5. Sei que a rede tem um potencial enorme. mais este hotel precisa de uma boa repaginada. Dia dos namorados foi bem Ruim. A opção de comida não nos agradou, faltou criatividadee opções, inclusive para quem não toma vinho. Caro e não tinha nada de atrativo para chamar atenção. Outros lugares tiveram shows e melhor variedade com um custo inclusive menor do que colocado pelo Viale. O nosso intuito aqui é ajudar a organiação nos detalhes a melhorar, pois gostaríamos de voltar.  Viajmos o Brasil e alguns paises, podemos opinar.",6,2025-06-23 00:00:00+00,0
" Ótimo hotel, com uma área de lazer muito agradável. Piscina, salas de jogos, duas saunas. Café da manha muito bom. Voltaria a me hospedar no hotel.",9,2025-06-23 07:41:24+00,0
" El hotel es muy cómodo, limpio, grande. La atención fue excelente. Nosotros teníamos media pensión, por lo que el desayuno y la cena estaban incluidos. Fue excelente tanto la variedad como la cantidad y calidad. El buffet súper completo. Las habitaciones amplias, cómodas. Muy limpio todo. La ubicación está bien, sobre la avenida con fácil acceso para visitar los paseos típicos. A pocas cuadras hay un shoping catuai, que tiene varios locales comerciales para hacer compras en lijas, farmacia e indumentaria. Además de contar con fast food.",10,2025-06-23 11:00:57+00,1
" Localização , funcionários bem educados , café e jantar muito bom e camas bem confortáveis.  Deveria usar um amaciante nas toalhas para virem mais macias e “perfumadas”.",9,2025-06-23 13:55:28+00,0
" Quartos espaços , bem limpos , cama e chuveiro muito bom . Gostei de tudo .",10,2025-06-23 15:14:07+00,1
" Café da Manhã Sensacional, bem completo. Moça que produz as tapiocas na hora, é super rápida e atenciosa. Localização é perfeita, com fácil acessos aos pontos turísticos da cidade (Parques, Aeroporto, Argentina e Marco das Três Fronteiras), Bar bem completo, Caixa Eletrônico interno, loja para compras de lembranças.  Como pegamos dias frios, e não ter piscina aquecida a experiência fica prejudicada, academia com somente tem acesso por um dos elevadores, nem por escada tem como chegar. Isolamento acústico deixa a desejar, muitos barulhos em apartamento superiores.",8,2025-06-23 19:38:57+00,0
"Equipe de recepção pouco cordial ou simpática. No check in (que foi de madrugada) questionei sobre o welcome drink e disseram que não tinha nada na reserva, que era pra verificar no dia seguinte (somente assim consegui). Café da manhã abre 6:30 e não 7:00 como está no site, que inclusive tem bastante variedade e sempre com reposição. Hotel precisa de uma manutenção geral aqui e ali. Cama muito confortável mas banheiro não tem ganchos ou prateleiras pra nada. Cobrar estacionamento dos hóspedes é patético… R$ 15 por dia. No geral, hotel ok para poucos dias, atendeu bem.",8,2025-06-24 00:00:00+00,0
" Buena relación precio calidad. No hay tanta variedad en la cena y sobretodo pocas opciones para los niños (estuve 4 días y ningun día hubo una milanesa o unas papas fritas por ejemplo, algo común para los chicos).  Poca variedad en la cena
Pocas opciones para los niños",8,2025-06-24 11:27:35+00,0
 Conforto do quarto e café da manhã.  O pedido de lanches.,9,2025-06-24 11:29:19+00,0
"O hotel tem uma excelente localização. Porém, a limpeza dos quartos deixou a desejar o chão estava melecado quando ficamos descalsos e nossas meias ficaram pretas da sujidade do chão. E as cortinas cheiravam a mofo. Era só entrar no quarto que começávamos a passar mal de alergia. Infelizmente a rede de Wi-Fi também deixou a desejar.  O café da manhã é maravilhoso, a recepção é bem prestativa.",8,2025-06-24 16:32:53+00,0
" Hotel em geral, instalações, restaurante, localização, funcionários!  Não liberam 2 cartões de acesso ao quarto  pro casal. Somente um, o que atrapalhou muito no nosso caso, pois eu saía todo dia pro meu compromisso.",7,2025-06-24 23:21:34+00,0
 O hotel no geral me impressionou bastante.  Tudo perfeito.,10,2025-06-25 09:47:23+00,1
" O hotel é bem amplo, as áreas comuns são amplas e bem decoradas, o café da manhã é bom. Fica perto da atração principal da cidade, o Parque das Cataratas, e também da zona de fronteira com a Argentina. Hotel bom para quem viaja com crianças e grupos de famílias.  O quarto estava bastante degradado, paredes sujas, vaso sanitário mal fixado, o sanitário estava necessitando de uma boa reforma. O hotel fica distante do centro, é necessário transporte para acesso aos restaurantes e bares da cidade. O staff não demonstra simpatia no atendimento, apenas fazem seu trabalho.",7,2025-06-25 12:04:49+00,0
" Gostei de tudo 
Café da manhã muito bom 
Restaurante tb",10,2025-06-26 10:55:14+00,1
" Café da manhã muito bem servido. Localização boa para deslocamento para a ARG principalmente. Churrascaria/Casa de Shows Rafain a uma caminhada de distância, assim como um shopping novo. Ambos a 10 minutos a pé.  A equipe foi super atenciosa e rápida na solução, mas tivemos alguns detalhes. Secador da acomodação não funcionava (foi substituído). Tivemos um problema com o cofre, o pessoal teve que abrir por 2x. No final, desisti de usar.",8,2025-06-26 12:58:30+00,0
 Café otimo,10,2025-06-26 13:41:23+00,1
" Todo ,excelente",9,2025-06-26 18:51:53+00,0
" Excelente servicio, Desayuno, cena y todo. Muy recomendable",10,2025-06-27 12:30:23+00,1
"Quarto novo e confortável, mas o banheiro tinha alguns vazamentos e as toalhas com cheiro não muito bom! Café da manhã ótimo!",6,2025-06-29 00:00:00+00,0
"Já atenciosos, café da manhã espetacular, quartos grandes no padrão americano, e finalmente um lugar agradável!",10,2025-06-29 16:31:38+00,1
" Me encantó todo! El hotel... El desayuno un mil! Las cena riquísima!! Contraten con cena porque no hay muchos lugares que queden cerca. 
La gente del hotel todos predispuestos a alguna duda nuestra sobre todo como movernos... Si nos convenía bus...Uber...
Todo de 10! Las habitaciones impecables al igual que el hotel! Volvería!!",10,2025-06-29 18:04:40+00,1
" Ubicación y las camas muy cómodas. El desayuno, excelente 👌  Todo bien",10,2025-06-30 00:26:16+00,1
" Tudo excelente, principalmente a equipe responsável pela limpeza. Nota 10!  A internet no quarto muito ruim",10,2025-06-30 15:08:40+00,1
" Custo benefício não compensa. Valor muito alto pelo que o hotel oferece. 
Estrutura com problemas de infiltração. 
Térmica acústica inexistente.",5,2025-06-30 15:31:14+00,0
" Muy completo  todo era muy lindo , las habitaciones impecables , el restaurante muy bueno , desayuno súper bien , el estacionamiento y la ubicación muy buena",8,2025-06-30 16:31:52+00,0
 Quarto  Gostei de tudo.,10,2025-06-30 21:41:50+00,1
 Hotel bem localizado  Nada a reclamar,9,2025-07-01 12:47:15+00,0
"Experiência incrível!
Hotel bem localizado, cozinha maravilhosa, jantar e café da manhã com opções legais. Sobremesas muito bem preparadas. Fiquei com a opção de estadia café da manhã e jantar, valeu muito à pena! Precisamos fazer check out latter e o hotel foi super compreensivo. Indico muito!
*único inconveniente é o sensor de fumaça do quarto que fica piscando um Led a noite toda.",10,2025-07-02 13:12:50+00,1
" El hotel es hermoso, alejado del centro pero a nosotros nos gusta eso. Las habitaciones limpias y el personal súper amable. El desayuno y la opción de media pensión está genial (comidas variadas y saludables. Todo buffet)  La habitación un poco pequeña para 4 personas. Pero las camas y almohadas muy cómodas",10,2025-07-02 13:24:26+00,1
 Comodidad y cerca de las cataratas  Faltaba una piscina interior climatizada!,9,2025-07-03 13:28:38+00,0
" Ótima localização e limpeza  Atendimento médio. Quando precisei de ajuda, pois a chave do quarto parou de funcionar diversas vezes fui mal atendido",9,2025-07-03 16:16:45+00,0
 òtimo café da manhã. Recepçao atenciosa.  Acesso entrada e saida do estacionamento com dificuldades.,9,2025-07-03 18:11:50+00,0
"Inmejorable calidad precio, atención y limpieza",10,2025-07-03 18:18:04+00,1
 no geral ...gostei bastante do hotel...educados ...limpeza...cafe muito bom.,10,2025-07-03 18:46:06+00,1
 Hotel super limpo e funcionário muito atenciosos e gentis  Corredores com linga distância,10,2025-07-04 15:52:57+00,1
" El hotel en general, la habitación estaba limpia y bien de espacio. El desayuno buffet excelente y la cena, también buffet muy muy buena.  La piscina no estaba climatizada (si bien es invierno) como lo informaron al consultar.",9,2025-07-05 02:11:42+00,0
"Viale Cataratas tem quartos espaçosos e confortáveis! Camas e travesseiros muito bons! Restaurante muito bom! Bar com excelentes cervejas e empanadas! Café da manhã maravilhoso! Salão de jogos bom! Funcionárias atenciosos e prestativos!!! Equipe de Recreação, Nicole, Mari, Cacau, Amanda e Elane, extremamente atenciosas com as crianças, tão incríveis que a Maria Clara brincou até o último segundo de estadia e eu mesmo joguei muito tênis de mesa com as crianças e com a equipe de recreação (néhhh Mari e Amanda!!! Rsrs)! Recomendo Viale Cataratas!!!",10,2025-07-06 00:00:00+00,1
"Péssima experiência tivemos nesse hotel, pessoal totalmente despreparado, quarto com banheiro vazando agua, cartoes de acesso para quartos nao funcionam, tbm nao funcionam na cancela de entrada e saida de carros, solicitamos 4 vezes a troca dos cartões e nenhum funcionou. Hotel já mais pode ser considerado 4 estrelas. Nao volto nunca mais nesse hotel e NÃO RECOMENDO.",4,2025-07-06 03:00:59+00,0
" La excelente atención  Las almohadas  son un poco incómodas ,  muy bajas , sacando eso todo fue excelente!!",7,2025-07-06 14:20:20+00,0
 Una experiencia completa. Lugar facil de llegar y moverte. Personal muy amable y servicial  Nada que decir,10,2025-07-06 16:36:25+00,1
" A localização era excelente para nós que fomos apenas querendo visitar os Parques, chegando do aeroporto, porque não foi necessário entrar na cidade em si. Também era bem próximo da fronteira da Argentina. Mas a melhor parte foi o restaurante; fomos só com o café da manhã incluído, sem planos para o jantar. Na primeira noite chegamos muito cansados e comemos no hotel (serviço de buffet), e foi uma experiência tão agradável e prática, que terminamos jantando no hotel todos os dias! A equipe também foi sempre muito gentil e prestativa, tiraram todas as nossas dúvidas e ajudaram em tudo o que foi necessário.  Não tenho comentários para melhoria, foi tudo ótimo.",9,2025-07-07 00:10:28+00,0
 Excelente localização. Infraestrutura boa de um modo geral.  A academia é bem fraquinha para o porte do hotel. Equipamentos quebrados e deu a sensação de abandono. Minha impressão é que a recreação não tem um espaço próprio. Estavam utilizando o espaço de eventos corporativos e meus filhos estavam só de meias e encontrei vários grampos e alguns percevejos no chão. Perigoso.,9,2025-07-07 01:13:03+00,0
" O hotel, apesar de ser um hotel voltado para negócios, nos surpreendeu positivamente. Fomos com nosso bebê de 1 ano e eles nos disponibilizaram berço e banheira. Quarto confortável, café da manhã maravilhoso. Funcionários muito educados, principalmente do restaurante e limpeza. Não aproveitamos a piscina, pois o tempo não colaborou.  Estávamos de carro, então não tivemos problema. Mas quem estiver em Foz sem carro, talvez seja melhor ficar em hotel no Centro. Não há nada perto do hotel para ae fazer a pé.",10,2025-07-07 01:44:19+00,1
" Atendimento muito bom, pessoal muito bem treinado. Cafe da manha excelente, te uma tapioca feita na hora super top  poderia ter uma chaleira com agua quente no quarto, pq cobram 6 reais um bulezinho de agua quente",9,2025-07-07 14:24:09+00,0
Excelente!,10,2025-07-07 15:35:57+00,1
Otimo,10,2025-07-07 16:16:05+00,1
"Estadia razoavel. Privada balançava (mal presa) cabeça do chuveiro sem limpeza e ducha higienica idem. Falta janela acústica, pois entra barulho, principalmente se for virado para a piscina. As portas tambem não vedam som, fica barulho de pessoas no corredor e batendo portas.
Estacionamento pago. O hotel é bem localizado e o atendimento e o café da manhã são bons.",6,2025-07-08 00:00:00+00,0
" Boa cama.  Banheiro e TV. TV não pegava quase canal nenhum. Sem blindex, chuveirinho dando problema.",8,2025-07-08 00:05:53+00,0
" O quarto é muito confortável e o café da manhã bem servido.  Não sei o que ficava em cima do nosso quarto, mas ficavam arrastando os móveis a toda hora, até de madrugada acordavamos com o barulho.",10,2025-07-08 11:00:42+00,1
"Excelente el lugar, desayuno y cena buffet muy variada y recomendable 100%. Los servicios en general muy buenos. Volvería!",10,2025-07-08 13:00:39+00,1
"Excelente estadia, Funcionários atenciosos, UH espaçosa e extremamente limpa e cheirosa, enxoval ótimo!!

A única sugestão é verificar o sistema que controla o estacionamento",10,2025-07-09 00:00:00+00,1
" Muy amplio , tiene todo bien al alcance  —-",10,2025-07-09 01:14:47+00,1
 Todo muy lindo los desayunos muy completos y el personal muy  amigable,10,2025-07-09 20:21:43+00,1
Muito confortável perto de tudo e muito seguro,10,2025-07-10 11:11:27+00,1
muito problema na chave do quarto. não funciona nunca,8,2025-07-11 13:13:22+00,0
" Não é um hotel barato, mas eu não queria ficar no centro. O quarto é bem confortável, a limpeza é otima e o cafe da manha muito bom, com variedade de opções e bem cedo.  A localização, para quem esta fazendo curso é perfeita (eu ia andando todos os dias!).  Tive problema todos os dias com o cartão de abrir a porta do quarto e tinha que voltar à recepção pra configurar. Fiquei bem chateada pois os atendentes, alem de muito secos, pareciam querer me culpar dizendo que o cartao nao poderia ficar perto do celular!! E ficavam de cara feia comigo!! Oras, bolsa de mulher tem tudo junto e misturado. Deviam mudar o sistema de cartao e contratar um que nao desconfigure tão facilmente",8,2025-07-11 13:16:18+00,0
 Limpio y moderno  Pagamos media pensión y la cena no fue muy buena. Pocas opciones y estilo buffet,9,2025-07-11 22:19:01+00,0
"Excelente atención.Hermosa experiencia, muy atentos y muy lindas prestaciones! Los chicos, felices! Recreación y cuidado de la mano de Cacau, la mejor!! Nos vamos con el corazón lleno!!",10,2025-07-12 00:00:00+00,1
" Toda equipe excelente, mas em especial a equipe de recreação (tia Mary e Amanda). As melhores recreadoras. 
Retornaremos em breve ❤️🧡💛💚💙💜.
.  Problema pontual no ralo do banheiro (.mas rapidamente sanado)
TV com canais que em alguns travava.",10,2025-07-12 01:03:11+00,1
 Café da manhã e limpeza  Cobraram o estacionamento e dizia na descrição que era gratuito,9,2025-07-12 03:21:04+00,0
 Localização  Quarto apertado e com armário pequeno,8,2025-07-12 18:47:45+00,0
"O hotel é muito bom! Bem localizado, organizado, limpo, funcionários educados e prestativos. Mas o destaque preciso dar para a recreação com a tia Cacau e a tia Cenoura, que conquistaram meus filhos e se tornaram a melhor atração de Foz pra eles!",10,2025-07-13 00:00:00+00,1
" Es un hermoso hotel, donde ya me alojé  muchas veces. El desayuno excelente. Y ubicación buena para manejarte en auto.  Pésimo Internet nunca se conectó,  reclame y no lo solucionaron.",7,2025-07-13 13:16:39+00,0
"Excelente hospedagem em Foz do Iguaçu.
Café da manhã bem variado..Delicioso 
Recreadoras Mary e Amanda foram espetaculares com as crianças.",10,2025-07-14 00:00:00+00,1
"Hotel ótimo, quarto espaçoso. Reservei com meia pensão, café da manhã muito bom e o jantar também, com bastante opção.",10,2025-07-14 00:00:00+00,1
" As camas, quarto amplo, banheiro muito bom.",10,2025-07-14 03:22:39+00,1
" Boa localização, conforto e café da manhã.  Barulho com as crianças correndo no corredor o dia todo. 
A noite gritaria no quarto.
Além de tocarem a campainha do nada. Só para escutarem o som da campainha.
A campainha parecia que estava dentro do nosso quarto.
LAMENTÁVEL.",5,2025-07-14 11:45:09+00,0
La comida que ofrecen no me convenció.,6,2025-07-14 11:45:36+00,0
" Hotel moderno, jantar com filé, salmão, tudo de primeira linha. Camas confortáveis, banheiro limpo e espaçoso, café da manhã com uma tapioca especial feita na hora. Hotel aprovado!  Infelizmente a piscina não é aquecida ou coberta, somente água climatizada quase que em temperatura ambiente e isso impediu de tomar banho no frio",9,2025-07-14 11:47:10+00,0
"Hotel 4 * BEM RAZOÁVEL .

Pontos positivos :

- Boa localização, camas confortáveis com excelente roupa de cama e café da manhã com muitas opções.

Pontos Negativos :

- hotel datado precisando de reforma. É todo iluminado com luzes brancas ( zero acolhedor). Os quartos são minúsculos e a acústica é péssima. Os chuveiros são muito ruins . 

Pelo preço tem opções bem melhores .
Não voltaria .",10,2025-07-15 00:00:00+00,1
"O hotel é bom, ótimo restaurante porém caro. Funcionarios muito bons e atendimento rápido sempre que precisei. Excelente café da manhã. Quarto e banheiro muito confortáveis e Wi-Fi muito boa que pega em qualquer lugar do hotel. Como pontos negativos, o estacionamento é pago e a academia é fraca.",8,2025-07-15 00:00:00+00,0
 Cómodo  Lo que demoran en traer bebidas,10,2025-07-15 00:11:55+00,1
" Las instalaciones y el personal son maravillosos super amables y atentos, la ubicacion faciilita el traslado a las atracciones turisticas, el desayuno es variado para todo tipo de preferencia. Me encanto todo",10,2025-07-15 12:31:38+00,1
"Our stay here was pleasant.
Huge lobby area.

Large area for breakfast.
Choices at the buffet were also good.

I liked that they have a seperate counter for the local tapioca pancake. You can choose to have either a sweet or savoury version.
Also! They have some small gluten free options. You rarely see hotels offering this option so good job for this.

Only downside to the restaurant is that I came across a big cockroach crawling across the floor. Another lady saw and I think she made a complain to the staff as well.

Rooms were decent. Staff friendly too.

Thank you!",8,2025-07-15 15:58:01+00,0
" Muy buena ubicación. Excelente desayuno y muy buena cena si te quedas no más de 4/5 noches. Luego puede ser algo repetitivo en el menú.  Habitaciones algo chicas para 4 personas, falla de funcionamiento de extractor de aire en baño",9,2025-07-15 18:58:46+00,0
"Terrible Property, in a terrible country. Stay away.",2,2025-07-16 00:00:00+00,0
" Pocas cosas . Lo principal, la amabilidad de la gente del front desk.  Hotel ochentoso. Baños viejos…. Realmente viejos. Jamas cambiaron las canillas. Llenas de sarro y la mesada de granito negro con bacha empotrada de la epoca de matusalem.
La mampara totalmente manchada de sarro. Parecia vidrio difuminado.",7,2025-07-16 07:11:52+00,0
" Hôtel moderne à proximité des chutes et de l aeroport. Petit déjeuner bon et varié . Délicieux tapioca 😉
Repas du soir très bien",8,2025-07-16 17:52:28+00,0
 Limpeza,10,2025-07-16 18:32:48+00,1
"I wasn't allowed in the country because Americans now need visas, what a joke.
We place visas on Brazilian citizens because we you immigrate to our country illegally in higher rates, no american is illegally immigrating to Brazil.

After I got denied entry, they also a denied my refund request, terrible management who couldn't care less than just keeping my money for absolutely nothing.
1 stat review well deserved, there are situations where you can show compassion.",2,2025-07-16 18:52:22+00,0
 Café da manhã muito bom!!!,8,2025-07-17 00:15:30+00,0
" Posizione perfetta, colazione varia e molto abbondante al buffet, stanze grandi, comode e pulite.",10,2025-07-17 00:33:29+00,1
 Bom café da manhã e jantar! Quartos confortáveis.,8,2025-07-17 17:15:38+00,0
"Infelizmente, nossa estadia no Viale Cataratas foi decepcionante. A começar pelo secador de cabelo, que não estava funcionando, o telefone do quarto também estava mudo. O secador foi substituído, e a linha só foi consertada no último dia de nossa estadia. O resultado é que tivemos pessoal de manutenção dentro do quarto por diversas vezes, uma delas inclusive as 10 da noite. Esse tipo de coisa deixa a qualidade da estadia bem abaixo do que poderia ter sido. A cada vez que precisava de algo, tínhamos que descer até o lobby. Creio que o hotel poderia ter tido um pouco mais de sensibilidade sobre essa situação, oferecendo alguma alternativa. Ficamos desconfortáveis e saímos extremamente decepcionados. Não recomendo e não voltarei.",4,2025-07-18 00:00:00+00,0
" Hospitalidad ,ubicación  El menú del bar ,falta variedad",10,2025-07-18 11:43:24+00,1
Lugar perfeito super indico,10,2025-07-18 14:14:23+00,1
" Es muy limpio, los personales son muy amables, muy acogedor, limpios, buena cama
Solo que hay muchos ruidos por los niños que se hospedan",10,2025-07-18 19:31:19+00,1
"الفندق ليس وسط البلد مناسب لمن معه سياره
الغرف نظيفه ويوجد شطاف في الحمام
المطعم الفطور رائع ويوجد وجبات محليه
لكن لابد تكون حذر من بعض الأصناف التي تشمل الخنزير
أتمنى الاهتمام بالأكل الحلال وتوضيح الوجبات الحلال
الأجواء عائليه ويوجد نادي صغير
التعامل في المطعم رائع",10,2025-07-19 10:45:28+00,1
" Café da manhã sensacional. A localização é perfeita, perto dos principais pontos turísticos de Foz do Iguaçu.",10,2025-07-19 14:09:31+00,1
 Excelente dormitorio excelente limpieza ! Excelente desayuno y cenas. Amabilidad servicio de alta calidad,10,2025-07-19 16:10:39+00,1
" As instalações são muito boas e confortáveis e o café da manhã bem variado. O jantar estava bom também, mas nada fora do normal. Os funcionários foram muito cordiais e solícitos.  Tivemos problemas todos os dias com o cartão do estacionamento e que só foi resolvido na última diária! Isso foi bem chato porque não conseguíamos entrar e sair com o carro normalmente, mesmo indo várias vezes à recepção para relatar o ocorrido.",7,2025-07-19 16:44:36+00,0
" El hotel es maravilloso.  Un diez en todo 
Limpieza, ubicación,  la atención,  la  pileta , todo en general 
Y el desayuno  y cena excelentes 👌 alquilamos con media pensión 
Altamente recomendable",10,2025-07-19 21:10:50+00,1
Não indico….experiência RUIM!!,2,2025-07-20 00:00:00+00,0
 Jantar,9,2025-07-20 00:21:14+00,0
 Los espacios comunes son amplios y el personal muy amable. Las habitaciones tal cual se ven en las fotos. Y a los niños les gustaron las actividades propuestas para ellos.  La temperatura del agua de la piscina podría ser un poco más alta en invierno porque hizo unos días muy lindos de 25 y 27 °C y se sentía muy fría.,9,2025-07-20 12:48:27+00,0
 الافطار لذيذ ومتنوع وأجواء عائلية جميله والتعامل رائع يوجد مواقف سيارات والغرف نظيفة ويوجد شطاف في دورة المياة يوجد محل بيع هدايا تحت  نحتاج وضع قائمة طعام الحلال في المطعم والاصناف التي توضح ذلك للاسف الغرفة التي سكنت بها مقابل الاشجار لايمكن رؤية أي شي موظفة الاستقبال يحتاج تطوير يقول الفندق ممتلئ ووجدت حجز في بوكنج بعيد عن وسط البلد ولايوجد أي سوبرماركت قريبة,8,2025-07-20 14:09:49+00,0
 Organización del hotel.  Pocos canales de tv y el WiFi con poca señal.,10,2025-07-20 18:11:10+00,1
" Equipe sensacional, muito educada e prestativa. Café da manhã delicioso e jantar muito bom.  A cama não muito confortável incluindo os travesseiros e durante a madrugada  barulho vindo da área externa do hotel; parecia vir de uma casa de máquinas...",9,2025-07-20 20:52:47+00,0
A pia do banheiro estava entupida,8,2025-07-21 00:00:00+00,0
" Já é a segunda vez que fico... Localização top, ao lado das cataratas e Argentina, perto do shopping palladium. O local é muito agradável e está passando por melhorias. Café é um ponto de destaque pelo preço que se cobra na hospedagem.  Cobrança de estacionamento a partir deste ano. Acho um absurdo ter q pagar a parte o estacionamento.",9,2025-07-21 15:01:15+00,0
"Nota 9 de 10. Acomodações, atendimento, café da manhã, limpeza, espaço dos quartos e do hotel. As animadoras foram um sucesso,  umas queridas, as crianças adoraram. Perdeu o 10 aos 46min do segundo tempo. Explico: após o check out, precisamos nos dirigir pessoalmente duas vezes até a recepção apenas para que alguém apertasse um botão que permitíssemos sair com o carro. Fora isso gostamos muito. Recomendaremos para todos. Pretendemos voltar.",8,2025-07-22 00:00:00+00,0
" excelente desayuno, la habitación excelente camas grandes, baños muy limpios, el personal muy eficiente.
la piscina muy buena, el personal pendiente a la vuelta de la piscina para lo que necesites si te quedas a comer en el hotel excelente comida.",10,2025-07-22 13:14:08+00,1
 Localização  Não fizeram um kit de café da manhã para meus pais que iriam pegar um voo cedo,9,2025-07-22 14:35:43+00,0
" Café da manhã sensacional, camas muito boas, chuveiro muito bom, espaço do quarto ótimo. O hotel no geral é novo e muito bem cuidado. A sensação de segurança também muito boa.  O isolamento acústico entre os quartos é horrível. As paredes são todas de gesso acartonado e pode-se ouvir tudo que se falam nos outros quartos. Realmente horrível nesse sentido.",9,2025-07-22 16:33:12+00,0
Hermosa estadía,8,2025-07-22 18:44:31+00,0
" Good location at the main road junction between the airport, the city, and the Argentine side. Logistically, therefore, a very good option for a short stay linked to a visit to the waterfalls.  Poor view from the window of the renovated part of the pool surroundings. But this is a temporary inconvenience.",9,2025-07-23 07:09:46+00,0
" Excelente la atención del personal, el desayuno estaba muy bien, muy completo  Las camas eran muy blandas y se movía toda con el movimiento de una persona.",9,2025-07-23 11:39:31+00,0
Comodidades e conforto.,10,2025-07-23 13:55:58+00,1
" Segunda vez que me hospedo nesse hotel, funcionários sempre muito cordiais, conforto, localização e a comida maravilhoooosa.  Nada a colocar",10,2025-07-23 14:51:19+00,1
 Todo estuvo bastante bien. Limpieza. Instalaciones. Personal. Entretenimiento. Todo muy lindo.  La comida estaba muy bien y Rica. Reponian constantemente. Lo que no me gusta es que prácticamente todos los días estaban los mismo menúes.,8,2025-07-23 16:34:42+00,0
 La ubicación  La cena . Si bien eran aceptables los platos eran en su mayoría pollo en distintas formas . Poca variedad de carnes. Con respecto. La preparación muy buena.,7,2025-07-24 00:36:05+00,0
" Bom café da manhã, atendimento e localização.  Hotel precisa de reforma, particularmente esperava mais pelo valor pago.",7,2025-07-24 17:48:55+00,0
" Paldies personālam! Sniedza info, tīrs numuriņš. Nomainīja uz numuriņu, kur nav skats uz ielu! Paldies!  Viesnīcā daudz bērnu, kurus vecāki nepieskata. Milzīgs troksnis - auro un skraida pa gaiteņiem. Arī atpūtas zonā, kur ir sauna un masāžas, bērni ļoti skaļi uzvedās. Trokšņo vēlu vakarā. Brokastīs nav nekādu svaigu dārzeņu - ne salātu, ne gurķu, ne tomātu, pilnīgi nekā....Mums bija numuriņš ar brokastīm. Izčekojāmies naktī, tādēļ nesaņēmām pēdējās brokastis, par kurām bija samaksāts. Piedāvāja brokastu kastīti par PAPILDUS maksu:(",4,2025-07-25 06:36:27+00,0
Muito lindo,10,2025-07-25 11:37:37+00,1
Exelente hotel,10,2025-07-26 20:19:26+00,1
"Almost no to no WiFi on my room. Extremely noisy clients until late at night so that sleep is impossible without earplugs. My sink was clogged.
An upside was the breakfast though",4,2025-07-27 19:11:30+00,0
A experiência foi incrível. Funcionários muito educados e o café da manhã é perfeito. Com certeza voltaria mais vezes!,10,2025-07-27 21:17:02+00,1
 Tudo  Sim,10,2025-07-28 11:27:34+00,1
 Localização ideal para aproveitar a região próxima do hotel. Café da manhã muito bom.  nada,8,2025-07-28 12:20:30+00,0
" O hotel fica numa longa avenida, próximo a um shopping com boas opções de lanches e almoço/jantar, num lugar silencioso, com um ótimo café da manhã (destaque para a tapioca), pessoal muito educado. Vc precisará pegar uber ou transporte para tudo, mas isso vale mesmo se vc optar por ficar no centro. Quartos confortáveis e arrumados. Recreação (no fds) muito legal (as meninas são umas fofas!). Só achei a parte da sala de jogos apertadinha, sem luz direta e no subsolo - poderia ser no saguão em frente à recreação, pois tem um grande espaço e bem iluminado. Mas é só uma sugestão. Ahh, também acho que pode ter um café e tapioca/misto/bolo para ser vendido à tardinha, para um café no hotel, ainda mais em tempos de frio, que acabamos saindo menos ao final do dia (tem uma opção de misto com batata frita que não é assim tão legal...).  Falta um cafezinho acolhedor a ser vendido no final da tarde, um local mais legal para a sala de jogos, com luz do dia...mas isso são detalhes, pois gostei muito",10,2025-07-28 14:26:59+00,1
 Fuimos con niños y estuvo genial!!! Super amables y cálidos.,10,2025-07-28 14:27:18+00,1
"Tive uma experiência ótima no Hotel Viale! Desde o check-in até a saída, todos os funcionários foram extremamente educados, prestativos e atenciosos. A localização é excelente, com fácil acesso aos principais pontos da cidade, o que facilitou muito nossos passeios para o Paraguai, para as Cataratas do Iguaçu e para a Argentina. O café da manhã é farto, variado e com produtos frescos, perfeito para começar bem o dia. E o buffet de jantar merece destaque à parte com pratos bem preparados, saborosos e com ótimas opções. Com certeza voltarei e recomendo o Hotel a todos!",10,2025-07-28 20:08:24+00,1
"O hotel nos encantou do primeiro atendimento até o momento do checkout. Optamos pela meia pensão e foi, sem dúvida, a melhor escolha que poderíamos ter feito. O café da manhã e o jantar são simplesmente impecáveis, assim como a estrutura do bar e da piscina, que proporcionam momentos de puro relaxamento. A limpeza também merece destaque: tudo sempre muito bem cuidado. Sempre que voltarmos a Foz, o Viale será, com certeza, a nossa escolha de hospedagem.",10,2025-07-28 20:11:16+00,1
"Hotel excelente, passou por reforma e está tudo bem novinho, as acomodações estão bem satisfatórias e o café da manhã estava um espetáculo.",10,2025-07-29 00:00:00+00,1
" As camas eram confortáveis. E a comida é boa.  O chuveiro não segura temperatura e vai do gelo extremo para fervente e você precisa achar o tempo para tomar banho para não ser queimado ou congelado. Hotel barulhento, só dá para dormir depois de meia noite, o cartão da porta e da cancela de estacionamento desconfigura o tempo todo e precisa ir na recepção a todo momento para arrumar. O serviço de quarto demora muito para entregar um simples misto quente. O acesso para a academia e sala de jogos é horrível, só dá por elevador e fica em um ""bunker"" sem ventilação e com aparelhos velhos. Só há um taco de bilhar e torto ainda. A iluminação do quarto é péssima.  Foi a pior experiência da vida!",5,2025-07-29 09:55:21+00,0
 El trato del personal del hotel.  Falta mantenimiento en el lugar de juegos con alguno de ellos rotos.,9,2025-07-29 13:05:46+00,0
"Tutto molto bello e comodo, pulizia top, ottimo rapporto qualità prezzo.",10,2025-07-30 05:38:52+00,1
" Quarto amplo e cama grande  Banheiro com ducha velha e com pouca vazão de água 
Estacionamento interno pouco prático para estacionar e acesso confuso até a recepção",8,2025-07-31 13:56:59+00,0
"Incomparable!!!  Hotel excelente.!!.servicio de cena y desayuno insuperable!. Se destaca la atención de todo el personal del hotel , su amabilidad y dedicación para que te sientas muy comodo.",10,2025-07-31 17:03:12+00,1
 o café da manhã excelente  acho que o bar da recepção deveria atender até as 00:00,9,2025-07-31 18:50:02+00,0
 Εξυπηρετικοί. 24ωρη ρεσεψιόν. Πολύ καλή βοήθεια για ξενάγηση στους Καταρράκτες.,8,2025-08-01 00:08:49+00,0
" Todo fue Exelente, la atención de cada unos de los empleados, tantos recepción, cocina, mozos, la limpieza de hotel un 10. La comida fabulosa, los sabores, la variedad! Una genialidad la verdad!!!",10,2025-08-01 00:09:27+00,1
 Posizione e colazione  Stanze un po' datate,7,2025-08-01 01:46:14+00,0
" El hotel tiene todo lo necesario para unos días en familia: excelente desayuno, muy buen buffet para la cena, y juegos para los chicos. Personal muy atento",10,2025-08-01 01:58:10+00,1
" Excelente. Destaco la amabilidad y atencion de todos los empleados. Las instalaciones extremadamente limpias. El desayuno y la cena buffet de primera calidad. Sin duda lo recomiendo y volveremos!!!  Sugiero que la TV  del cuarto tenga acceso a plataformas como Netflix, Disney, etc para los que no hablamos portugués, puesto que sólo se veían canales brasileros.",10,2025-08-01 02:08:23+00,1
" El hotel está muy bien, la habitación también. El estacionamiento estaba incluido porque contrate en mayo, pero para los que contrataron después, habia que pagar. Contratamos con cana, la comida era rica y la variedad justa (nada del otro mundo, pero resolvia bárbaro!!!).
Tienen un espacio para ninos, que esta bueno, a mis chicos les gusto!  Poca iluminación en las habitaciones para mi gusto.",9,2025-08-01 10:00:13+00,0
" Desayuno muy bien
Cena muy bien (quizas podrian variar un poco más entre cada día)
La atención del personal es muy buena y siempre servicial  Recreación para niños muy básica: tenía muy pocos juegos y los chicos se aburrían
Internet = señal pobre
Gimnasio = básico
Juegos para chicos y adolescentes pobre = tiene una mesa de pool que está rota, mesa de ping pong, un metegol tambien medio roto y nada mas.",8,2025-08-01 13:12:27+00,0
" las instalaciones, limpieza, atención  poca luz en la habitación, la carta no muy variada...",10,2025-08-01 13:13:01+00,1
 El.desayuno. la cena luego de un día de excursiones sin necesidad de salir del hotel. La ubilación excelente.  Nada. Todo bien.,9,2025-08-01 13:17:43+00,0
"El hotel tiene algunos puntos buenos otros no tanto.
Con respecto al concepto edilicio, está en buen estado de conservación, las habitaciones son cómodas y funciona todo en general.
El desayuno es muy bueno y abundante. El personal en general muy amable.
Los puntos flojos que yo note es si contratas la media pensión dado que la variedad de comida no existe. No salen del arroz , alguna carne y pasta. Con respecto al bufet de postre hay 5 opciones. Muy escasas para lo que es el restaurante.
Otro punto que baja mi calificación es que lo publiciten como que las piscinas son climatizadas cosa que no es real. El agua en los 4 días que estuve nunca estuvo climatizada.
Es lamentable que mientan a la gente, porque esas son cosas que a uno lo llevan a elegir un hotel.",6,2025-08-02 00:00:00+00,0
"Good services, location is very convenient, breakfast has good varieties of food, the lady for excursion is very helpful",10,2025-08-02 00:00:00+00,1
" Excelente las instalaciones. El desayuno y cena variados, el personal muy amable. 
Sala de juegos y recreativos para chicos. Nos vinimos encantados. Lo volvería a elegir 
Tiene un bufet para comer o tomar algo y también un mini negocio con recuerdos o cosas que te podes haber olvidado como pasta dental o adaptador. A 600 mts hay un centro comercial  No llega wifi al comedor pero después anduvo bárbaro en todo el resto del hotel",10,2025-08-02 01:45:02+00,1
É muito lindo eu amei,10,2025-08-02 13:59:54+00,1
" El desayuno es excelente, variado y rico. Las habitaciones cómodas, excelente relación precio calidad  Nada",10,2025-08-02 16:27:50+00,1
 Los pisos de madera  Estaba sucia la mampara del baño y no funcionaba el secador de pelo,6,2025-08-02 16:31:19+00,0
En la habitación se escuchaba lo que pasaba en los pasillos,8,2025-08-02 21:44:15+00,0
"El hotel cumple con determinado confort. Las habitaciones son cómodas, el desayuno es muy bueno.
Pero lo que respeta a la media pensión no es buena, muy poca variedad de comida y mala reposición.
La piscina no está climatizada como dice la página del hotel y eso debiera ser corregido porque muchos lo elegimos por ese item.",8,2025-08-03 00:00:00+00,0
" Ubicacion, desayuno muy bueno, muy buena la atencion del personal en general  Las camas dobles son pequeñas para dos personas, la tarjeta del estacionamiento nunca funciono, la pileta fria no se puede aprovechar en invierno lo cual es una pena porque se podría climatizar y disfrutar de ese servicio. La wifi funcionó bastante mal en la habitación.",7,2025-08-03 00:16:49+00,0
"Personal muy amable y atentos. El hotel es muy lindo con buena ubicación y buenos precios.
Volvería sin dudarlo",10,2025-08-03 02:18:47+00,1
Pasamos unos días muy cómodos y agradables en el lugar. Habitaciones amplias y cómodas. Pileta al aire libre y sala de juegos para los chicos. Podes disfrutar de una cena bufet si elegis quedarte a comer. El estacionamiento es pago si vas con auto. IMPORTANTE: Si vas sin auto podes caminar hasta el shopping que se encuentra a 5 cuadras aproximadamente. Muy barato para comer.,10,2025-08-04 03:01:31+00,1
" El comedor y los sala de juegos  El gimnasio había muchas cosas rotas y no funcionaba la luz, asique tocó entrenar a oscuras!
Las fotos de la habitación parecían más grandes, y no tenía bañera
Te cobran el estacionamiento en la playa de estacionamiento que no es ni techado",8,2025-08-04 12:34:16+00,0
 El desayuno y a atencion del. Hotel . Además por un problema de emergencia se comunicaron con la oba social .  nada.,10,2025-08-04 13:31:46+00,1
" Café da manhã bem variado, quarto com bom espaço  Quarto escuro, colchão muito mole, cheiro do banheiro ruim, mesmo apos a limpeza, área kids bem fraca e com cheiro de mofo",7,2025-08-04 13:43:28+00,0
" No Rodovia das cataratas, com um fácil acesso de carro aos principais pontos da região. A uma distância a pé tem shopping para suprir os itens com mais urgência. Café e jantar gostosos e bem servidos! 
Ponto principal para quem viaja com crianças: QUARTO COM 2 CAMAS DE CASAL e equipe de recreação, além de salão de jogos. Então chegávamos dos passeios e as crianças jantavam e brincavam no hotel.  Cama casal padrão, não são Queen. Mesmo assim, custo x benefício excelente.",10,2025-08-04 19:31:07+00,1
" O hotel é bom, bem localizado, com excelente café da manhã.  Porém o quarto está defasado, piso de madeira e bastante surrado, banheiro sem acabamento algum, não condiz com o hotel.",7,2025-08-04 20:22:50+00,0
" El personal super atento y servicial, el buffet y desayuno muy completo, rico y variado  las camas un poco más amplias, pero de todas maneras estuvieron bien",8,2025-08-04 21:30:12+00,0
" Muy bueno el desayuno, muy variando en cuanto a lo dulce y salado. Fruta muy ricas. 
La cena o almuerzo. También muy variado y sabroso. Excelente precios en cuanto a las bebidas y cócteles.",10,2025-08-04 22:12:47+00,1
"Passamos só uma noite, mas o atendimento no check in foi impecável, equipe solicita e sempre dispostos a ajudar , e mesmo assim todos estavam bem humorados.",10,2025-08-05 00:00:00+00,1
"O Hotel fica bem próximo ao aeroporto, e ao shopping. Sua estrutura é ótima, pode fazer todas as refeições e lazer sem precisar sair. Mas como minha família e eu estávamos a turismo preferimos conhecer a localidade, que é bem prático. Pode ser feito através de aluguel de carro, táxi, ou outras opções.",10,2025-08-05 01:00:20+00,1
" Toit était tres bien,petit-déjeuner, buffet le soir varié et complet. La chambre ,la propreté et l espace. La piscine. Parfait.",10,2025-08-05 11:23:58+00,1
" Sei que é muito vago, mas gostei de tudo. Ótimo hotel e muito familiar.  Dos contratempos que tivemos, mas que foi resolvido com muito profissionalismo.",9,2025-08-05 12:11:22+00,0
" La comida es excelente. El comedor es amplio y destaco sobre todo el desayuno. Hay tapiocas ilimitadas y se hacen en el momento y a la vista.  La sala de juegos está en el subsuelo y solo se accede por un único ascensor lo que es un poco incómodo sobre todo cuando el hotel está lleno.
La cena podría mejorar en variedad ya que todos los días era muy similar pero siempre muy rica",8,2025-08-06 01:11:38+00,0
"El hotel me encantó en cuanto a precio calidad. La comida es excelente, contraté media pensión. El desayuno es un 10, muy variado, hay tapiocas hechas en el momento y mucha variedad de opciones. La cena podría mejorar en variedad ya que es repetitiva y si vas a estar 6 días como yo estuve, me replantearía contratarla ya que se vuelve aburrida. Para menos noches la volvería a contratar sin dudas. Los postres son un 10!. El hotel cumple, en cuanto a las instalaciones las habitaciones parecen más grandes en fotos y son bastante chicas pero están bien. Hay un salón de juegos con metegol, tejo y Ping pong que está en el subsuelo y solo se accede por ascensor lo q lo hace incómodo sobre todo cuando el hotel está lleno. La pileta no es climatizada pero suele hacer siempre calor, es grande y una es bien bajita para los más chicos.
Está a unas 5 cuadras del shopping Catuaí Palladium q tiene 2 pisos y patio de comidas. El colectivo pasa por la puerta y también podes usar uber que es super barato en Foz.",8,2025-08-06 05:00:46+00,0
" Muy buena ubicacion, desayuno super completo y las instaciones muy comodas.",9,2025-08-06 11:28:42+00,0
 Hermoso y muy comodo  Nada todo perfecto,10,2025-08-06 16:35:58+00,1
"Excelente hotel, muy buena ubicación. Excelente servicio, personal muy atento.
Sacamos con media pensión. El desayuno super completo y la cena variada, de estilo buffet
Los precios de las bebidas (que no estaban incluidas en la cena) muy accesibles. Disfrutamos mucho nuestros días en este hotel!",10,2025-08-07 00:00:00+00,1
" Amabilidad del personal  Mala internet y TV sin Netflix, ni Youtube. Deberían poner TV más nuevos",7,2025-08-07 01:11:30+00,0
 El desayuno es muy completo. La atención del staff es muy buena  Podrían poner un suspender de agua,9,2025-08-08 11:34:32+00,0
"Top aconchegante
Eu recomendo",10,2025-08-08 15:26:32+00,1
" Gostei da localização, do café da manhã bem servido, o almoço é bem gostoso e da educação dos funcionários.  A internet é péssima, quando funciona é bem lenta, mas sempre parava de funcionar. A TV é smart, mas não é conectada ao wifi e o room service é péssimo, no primeiro dia demoraram 1 hora para entregar um misto, no segundo dia passaram 2 horas e nada de entregarem, então tive que cancelar.",7,2025-08-08 15:41:01+00,0
"Foi maravilhoso, retornarei em breve!",10,2025-08-09 01:54:51+00,1
 Tudo otimo,10,2025-08-10 13:48:09+00,1
"Realmente da gusto ir a un lugar donde uno se siente tan cómodo. Súper amables fueron todos. Si necesitabas algo lo resolvían en el momento. El desayuno súper completo, la cena también.  Es más hasta me sorprendí por que los vi con termómetros láser viendo la temperatura de los alimentos.  Gran trabajo hacen para que estemos cómodos.  Volveríamos sin dudas.",10,2025-08-10 21:46:42+00,1
" Comida boa, excelente localização, quartos bem quentinhos, funcionários educados. Adorei o hotel",10,2025-08-10 22:21:11+00,1
"Foi boa, mas achei o preço alto para o que eles orferecem. Dizer q esse hotel é 4 estrelas, achei exagero. Ja fiquei em hoteis 3estrelas melhor que este. 

Quartos simples, banheiro simples... pouco armario no quarto para organizar as roupas, principalmente se vc vai pasar muitos dias, como eu e meu esposo ficamos. Mas a localização é muito boa, dá p ir a pé para o shopping e para alguns restaurantes famosos da regiao.",8,2025-08-11 00:00:00+00,0
" La amabilidad de todo el personal. 

La limpieza. La comodidad del Hotel. 

El desayuno super abundante (hasta había un apartado sin taac ni leche), todo super fresco y variado.

El buffet de la noche super rico y variado también, yo soy vegetariana y una noche no había muchas opciones veggies  en el buffet y me prepararon en 10 minutos un plato aparte. 

Tiene sala de juegos, gimnasio, sala de planchado y hasta una sala con microondas, dispenser de agua y bacha por si uno quiere calentarse una comida o lavar algo. 

La primera noche llegamos tarde y como el restaurante iba a estar cerrado nos prepararon una vianda para que pudiéramos cenar. 

No hicimos uso de la pileta porque los días estuvieron frescos.. pero se veía hermosa y super limpia. 

En cuanto a la ubicación está a 5 minutos de la aduana...super cómodo para poder ir del lado de argentina a excursiones.. y cerca también de un shopping importante de la ciudad.

Super recomendable  No hay nada que no nos haya gustado",10,2025-08-11 01:03:11+00,1
"Eu coloco o Hotel em uma categoria 4 estrelas +. Destaque para localização, estrutura, café da manhã e staff. Pode ir sem medo!",10,2025-08-11 01:09:01+00,1
" Café da Manhã  Iluminação do quarto, controle da temperatura do chuveiro",9,2025-08-11 08:09:54+00,0
 Boa localização  Toalhas de banho de baixa qualidade nitidamente desgastadas; internet péssima e sanduíches sofríveis na lanchonete.,7,2025-08-11 09:42:39+00,0
"Iluminação deficiente do quarto, excelente café da manhã e longe da cidade.",8,2025-08-11 15:25:36+00,0
" Localização próxima a fronteira da Argentina e diversos pontos turísticos. Café da manhã bom e variado, quarto limpo e funcionários muito educados.  Piscina não é climatizada e por isso, nos meses de inverno fica muito difícil entrar, principalmente com crianças. Academia suja com vários equipamentos sem manutenção.",7,2025-08-11 16:34:30+00,0
 Hermoso hotel. Bien organizado. Excelente la comida.,10,2025-08-11 17:12:14+00,1
 La atención,10,2025-08-11 23:41:55+00,1
"Quarto estava consideravelmente melhor. Apenas era acessivel em vez de quarto normal. O colchão duro como pedra. 
Café da manhã legal, janta tambem. 
Falta um pouco de profissionalismo da gestão em alguns aspectos, mas ai é defeito da rede.",8,2025-08-12 00:00:00+00,0
" Nada  La atención desayuno hotel internacional q no acepta usd
Tv sin internet sin netflix ni ninguna otra aplicación",1,2025-08-12 00:15:03+00,0
 Nada me pareció lindo  La habitaciones no eran como se mostraban en la publicación,3,2025-08-12 00:29:51+00,0
" La limpieza, las comidas  Faltan espacios para niños",10,2025-08-12 13:43:29+00,1
 Excelente café da manhã. Equipe super atenciosa e prestativa. Localização ótima. Quarto confortável.,10,2025-08-12 14:39:05+00,1
"Super agradável,  atendimento excelente. Estacionamento seguro.",10,2025-08-12 18:10:52+00,1
 Bom custo benefício . Ótimo café da manhã  O isolamento acústico do quarto,10,2025-08-12 22:20:08+00,1
 Café da manhã e restaurante excelente .  Estão comprando estacionamento agora. O ano 2024 não cobravam.,10,2025-08-13 12:45:31+00,1
Helpful staff,8,2025-08-14 00:00:00+00,0
" La proximité des chutes, l’excursion proposée par l’agence dans le lobby
La climatisation réversible qui a permis d’avoir chaud dans la chambre alors qu’il faisait 6 degrés à l’extérieur le matin (en août, c’est l’hiver à Foz)  Le restaurant sans charme",8,2025-08-14 00:26:44+00,0
" La infraestructura del hotel es muy buena. Pero lo que llaman sala de juegos da pena. Y el gimnacio tambien es muy malo.  La recepción a mi familia al llegar al hotel fue pésima. Ni siquiera ayudaron a bajar las maletas de la camioneta, las baje Yo. 
Quisieron darme una habitación mas pequeña de la que había pagado yo. Y luego de mucho insistir me dijeron que iban a prepararme una habitación. Llegamos a la 1am y nos hicieron esperar en el lobby por 40 minutos con mis hijos dormidos en los sofas. Una vergüenza realmente. Nunca tuve un servicio peor en hoteles de menor calidad inclusive.",1,2025-08-14 18:22:55+00,0
" Tutto  Ero distante 3 camere dall’ascensore e si sentivano tutti i movimenti, come se fosse in stanza.Di giorno non ci fai caso ma nel primo mattino dà veramente fastidio.",9,2025-08-15 08:55:14+00,0
" Brinda un excelente desayuno, con comidas y bebidas muy variadas, así como permanente atención de su personal. La cena 7-8 puntos, los postres muy buenos. La ubicación es muy buena, sobre una amplia avenida, paradas de taxis y buses a pocos metros. Muy cerca de un lindo shopping. La piscina es linda, de un tamaño moderado.  Tuvimos un día y medio sin wifi en la habitación por un desperfecto. Luego nos cambiaron de habitación para solucionarlo.",9,2025-08-15 11:58:37+00,0
" Cama confortável, refeições boas e opções de lazer!!  O banheiro tinha um cheiro um pouco desagradável.. acredito que o cheio era do ralo.",8,2025-08-15 13:49:42+00,0
" Café da manhã completo, funcionários prestativos e localização excelente.  Wi-fi instável e lento.",10,2025-08-15 17:30:54+00,1
 Muito bem localizado.  Achei o quarto muito escuro quando dependia da iluminação própria.,8,2025-08-16 16:03:54+00,0
Raramente encontro hotéis com banheiros com janelas. A umidade muitas vezes passam para o quarto.,10,2025-08-17 11:18:14+00,1
 Habitaciones cómodas y desayuno,8,2025-08-17 17:15:58+00,0
" Quarto excelente, com todas as comodidades.  Nada",10,2025-08-18 10:54:56+00,1
" La colazione  Stanza molto piccola, il phon non funzionava, molto rumorosa, non c’erano prese accanto al letto.",3,2025-08-18 11:16:57+00,0
 El desayuno y la ubicación,10,2025-08-18 11:50:01+00,1
" Todo perfecto. La atención y la limpieza muy bien. Excelentes el desayuno y la cena buffet! La habitación es algo pequeña para familia, dos camas dobles de tamaño habitual (no las Queen). Nosotros viajamos con niñas pequeñas y nos adaptamos, pero quizás con niños más grandes no es tan cómodo, o hay que pedir dos piezas.",10,2025-08-18 13:06:06+00,1
Hotel muito bom.,10,2025-08-19 00:00:00+00,1
" Gostei do excelente café da manhã. Gostei do atendimento na recepção.  Não gostei do preço do jantar (buffet extremamente caro e sem opções a la carte). não gostei de o Hotel ficar longe do centro da cidade (tinha que pagar Uber pra ir jantar ou almoçar lá), não dá pra fazer nada a pé. Piscina fria, nenhum adulto encara, só algumas crianças mesmo. Tava tendo obra no hotel com barulho de manhã cedo.",8,2025-08-19 11:44:04+00,0
"Lugar lindíssimo, excelente lugar.",10,2025-08-19 13:07:42+00,1
" Café da manhã excelente, menu muito variado e tudo gostoso! Muuuuuito bom! A localização é perfeita! Perto de tudo que nos interessou em Foz do Iguaçu! A equipe é maravilhosa, gentil, bem preparada, pretativa! Uma segunda vez em Foz será no Viale, com certeza!  Só tem uma tomada para carregar telefone; o que resolvemos com organização e fila para carregar, mas seria bom se tivesse pelo menos mais um ponto de carregamento.",10,2025-08-19 13:34:35+00,1
 Roupas de cama e banho limpas e em bom estado. Restaurante muito bom.  Tomadas elétricas em número deficiente e em mau estado de conservação.,9,2025-08-19 16:49:40+00,0
" La amabilidad de todo el personal,  Nada, todo muy bien, me hubiera gustado algún juego para niños pequeños",9,2025-08-20 00:40:17+00,0
" La comodidad de las camas, la limpieza y la pileta",10,2025-08-20 17:27:08+00,1
 Todo ok  Ok,10,2025-08-20 21:55:21+00,1
"Hotel bem tranquilo, aconchegante e de fácil localização.
Restaurante com comidas deliciosas. Adoramos tudo. Agradecimento a gerente Andressa, à todos do restaurante tudo muito impecáveis,  da recepcão e da equipe de limpeza. Tudo muito organizado. Muito obrigada, por tudo.",10,2025-08-21 00:00:00+00,1
" Hotel fantástico, atendimento impecável.  Poucos elevadores, para quem esta em andares superiores isso pode ser um inconveniente, mas nada que desabone em grande metrica.",9,2025-08-21 12:01:29+00,0
" Gostei somente da área externa das piscinas.  Lençóis e edredom rasgado e bem velhos, banheiro com muito mofo e quarto com cheiro de mofo",6,2025-08-21 16:43:46+00,0
 Excelente atención. Hermoso hotel y muy comodo.,10,2025-08-22 11:48:48+00,1
" Estrutura grande e bonita  Peca nos detalhes, telefone do quarto não funciona, atendentes falando alto pelos corredores, cartão falha, tem que ficar indo a portaria, academia só tem máquinas para homens...",6,2025-08-22 13:46:09+00,0
" Estrutura impecável.
Piscina é excelente e ainda tem um bar que funciona pertinho.
Café da manhã espetacular com muita opção e tapioca feita na hora",10,2025-08-22 17:59:30+00,1
 Apto  Sem piscina térmica.,9,2025-08-22 22:31:36+00,0
" Café da manhã variado, limpeza do quarto, localização do hotel",8,2025-08-23 01:31:01+00,0
" Location was great for a trip to Argentina. The staff were really friendly, especially one person who had very short hair and was the host at the restaurant on 28 July.  We saw them again on 30 July waking through the lobby and they were still raising so much joy.  I wish I'd caught their name as they really brightened up our stay.  Buffet breakfast and dinner were convenient and the rooms were comfortable with everything we needed  NA",9,2025-08-23 06:51:44+00,0
" Móveis já está velhos precisa ser trocado urgente 
Agora a recepção é pessima atendentes despreparados para lidar com público",5,2025-08-23 22:20:08+00,0
 Comer vaca atolada,10,2025-08-24 02:18:01+00,1
 Proximidade com o shopping e atrações turísticas.  Nada,10,2025-08-24 12:39:14+00,1
 O quarto estava bem limpo e silencioso. Havia recreação para as crianças e o café da manhã estava ótimo.  Nada,10,2025-08-24 17:27:54+00,1
" Struttura di eccellenza con servizi di ottima qualitàe personale compete te e disponibile. Camere paragonabili agli standad qualitativi del nostro paese ad un prezzo decisamente modico per come si presentae per quello che offre. Ad un passo dal confine con L'Argentina. Strategicamente ottimale per chi deve fare un ""salto"" da entrambe le parti.",9,2025-08-25 16:14:51+00,0
" Todos muy amables,buena ubicación y todo muy rico  Fuimos en vacaciones de invierno y había chicos corriendo por los pasillos a la hora de descanso. Los juegos del subsuelo no estaban buenos. Fui con mi hijo de 3 años y para él no había algo divertido",10,2025-08-25 18:38:21+00,1
" Tudo estava ótimo. A hospedagem é muito boa, localização perfeita. Limpeza muito boa, o quarto era amplo, parecia que houve uma reforma recentemente. O banheiro estava muito bom. Recomendo.  Não tenho nada a desabonar.",10,2025-08-25 20:50:54+00,1
 Camas grandes e confortáveis,10,2025-08-26 01:41:00+00,1
" Buena ubicacion, desayuno espectacular, limpieza y orden, buena piscina, dormitorios comodos y agradables.",9,2025-08-26 11:02:07+00,0
"Estuvimos hospedados del 15 al 19/08/25 y quedamos muy conformes con la relación precios/servicios. Un hotel muy cómodo, muy cuidado todo, excelente desayuno y restaurante con precios módicos que te sacan del paso para un almuerzo o cena. De fácil acceso y estacionamiento sin complicaciones. Tienen un bar con servicio de tragos y comidas rápidas todo el día y una muy buena pileta. Cuentan con un gimnasio en el subsuelo pero no opino porque no hice uso. Gracias Viale Cataratas por la atención y los servicios, seguramente volvería nuevamente.",10,2025-08-26 23:06:52+00,1
" Espaçosa  Café da manhã bom, mas poderia ser melhor.",8,2025-08-27 17:11:48+00,0
"Não recomendo o hotel e não ficaria novamente. No primeiro dia já não funcionava o secador de cabelo, o telefone e um dos cartões para abrir a porta. Demoraram mais de uma hora para trazer outro secador, a noite estava super fria,  esperando para secar o cabelo da minha filha. Passamos os dias todos fora do quarto, mas julgaram adequado enviar rapaz pra consertar o telefone as 22h da noite! Absurdo. Não me pareceu uma boa expertise em hotelaria, não me hospedaria aqui novamente.",6,2025-08-28 12:51:39+00,0
Buen ambiente.  Desayuno ejemplar. Estacionamiento. Habitación cómoda. Área de piscina amplia,8,2025-08-28 18:45:35+00,0
Top maravilhoso,10,2025-08-28 22:24:38+00,1
"Os funcionários são muitos educados, a Fernanda que faz a tapioca e toda a equipe do café, recepção, manutenção! Não tenho do que reclamar, eu amei!",10,2025-08-29 00:00:00+00,1
 Do atendimento do bar . Funcionários super atenciosos. Aperitivos deliciosos . Destaque para a Andressa e o Sr. Armando . Funcionários em geral.  Café da manhã muito bom .  Quartos iluminação péssima. Roupas de cama e banho ridículas (velhas e encardidas ) . Limpeza do banheiro péssima. Falta faxina ........,8,2025-08-29 23:22:07+00,0
 Cama ampla  Tudo certo,9,2025-08-30 08:26:58+00,0
"Hotel deixa a desejar em alguns pontos, nas fotos apresenta uma estrutura mais nova que realmente é, falta um espaço para crianças pequenas. Atendimento de alguns funcionários pode melhorar.
O melhor do hotel sem dúvidas é a comida, café da manhã bom e jantar melhor ainda.",8,2025-08-31 04:27:56+00,0
" Tudo! Simplesmente maravilhoso! Café da manhã, instalações, funcionários educados e atenciosos, almoço saboroso e com excelente custo-beneficio.",10,2025-08-31 16:35:24+00,1
 Café maravilhoso quarto muito bom  Achamos o quarto escurro a iluminação não ajudou muito seria um ponto a melhorar mas no restante o hotel eh muito bom,9,2025-08-31 22:24:18+00,0
"Uma viagem incrível, um hotel incrível, as acomodações são incríveis e com uma equipe muito show de bola, da recepção ao restaurante, das equipes de camareiras que super cuidaram do nosso espaço por sete dias, só tenho a agradecer e dizer que vocês são ótimos.",10,2025-09-01 00:00:00+00,1
"Excelente local para Seminários,  Convenções,  ótima localização e muito organizado.",10,2025-09-01 01:00:40+00,1
" Na verdade, não gostei de quase nada. Digamos que é um quarto de hotel simples, sem estrutura para nada. O café da manhã tá na média.  Tomadas somente estrangeiras e estamos no Brasil. Melhor colocar padrão nacional com adaptadores. Frigobar sujo e sem limpeza no dia a dia. Sem opções de snacks (só uma batata e uns cereais muito ruins). O chuveiro esquenta de mais e quase é impossível de temperar a água. O ar condicionado era fraco e nos dias de calor não resfria o suficiente. O armário é pequeno e velho.",4,2025-09-01 14:57:08+00,0
 Roupa de cama  Chuveiro,10,2025-09-01 20:23:16+00,1
"O quarto deixou um pouco a desejar, banheiro com alguns reparos a fazer; pouca iluminação; a cama estava com um lado bem mais baixo que o outro; cobertas estavam amareladas; a porta do quarto apresentou defeito e ficava batendo durante a noite. O café da manhã não é dos melhores mas é ok. Os funcionários são educados e o atendimento é rápido. Ambiente tranquilo.",6,2025-09-02 00:19:22+00,0
" Camere pulite, spaziose e comode, anche se basiche. Letti comodi. Colazione buona  Lo staff poco disponibile",8,2025-09-02 14:50:12+00,0
" - ótimo café da manhã
- ótimo atendimento dos funcionários de todos os setores
- cama confortável  - academia no sub-solo sem ventilação aberta e acesso só por elevador (???). 
- bar da piscina sem opção de salada
- o banheiro precisa de uma reforma...",8,2025-09-02 17:16:28+00,0
 Quarto confortável e espaçoso.  Estrutura pra crianças menores de 5 anos poderia ser melhor.,9,2025-09-03 02:51:35+00,0
 Hotel excelente café da manhã extraordinário,10,2025-09-03 17:01:57+00,1
 Acomodação é boa e tem bom espaço.  Limpeza e toalhas finas de baixa qualidade.,6,2025-09-03 21:37:02+00,0
"Hotel staff were friendly and helpful. Breakfast was very good, with many choices. Room was large and reasonably comfortable. Location isn't within easy walking distance to much, except a mall that is a little more than 10 minutes walking.",8,2025-09-04 00:00:00+00,0
" Habitaciones acordes, espacios en. Común cómodos",8,2025-09-04 11:06:41+00,0
"Overall the hotel served the purpose - location is convenient, beds comfortable with 2 sets of pillows, room is big and food was ok. We had both breakfast and dinner and for both, the impression is the same - variety is ok but the quality and taste could be better (e.g. coffee, pastries, meat dishes). It is also on walking distance to a nice shopping mall where you can buy souvenirs, acai and some clothes/shoes.

Since the hotel and the area is revolving around Iguazu, I believe that the breakfast time should be adjusted to start at 6am instead of 6.30am. If guests have early tickets to see Argentinian side of the falls, they simply have no time for breakfast.

Regarding the rooms, a few small improvements can be introduced: the toiletries are really basic (e.g shower gel is some general shampoo which leaves your skin dry and doesn't foam almost at all), there are not enough towel hooks in the bathroom and there is no water cooker to make a coffee/tea in the room. We were on the first floor and there are a lot of tree branches brushing off the window, which was waking us up at night - maybe it would help if they trim those.",10,2025-09-04 17:12:28+00,1
" El hotel es bonito y limpio, muy cerca del shopping incluso si quisieras podrias llegar caminando al shopping. Tambien esta cerca de rafain churrascaria y del acceso desde Argentina. El desayuno es variado. El servicio es bueno y atentos. Tiene piletas separadas para niños y adultos. Es buena relacion precio-calidad.  La cochera tiene un costo extra por dia, el sector de estacionamiento es lo que observas justo al frente del hotel, en ningun momento me informaron si habia cochera cubierta, lo cual eso no me gusto ya que si estas pagando por estacionamiento preferiria que este fuese cubierto.",8,2025-09-05 16:39:22+00,0
 Excelente trato. Desayuno y cena de primer nivel.,10,2025-09-05 23:30:35+00,1
 Funcionários atenciosos e. Tapioca do café da manbab é excelente,9,2025-09-06 00:20:58+00,0
"Overall the hotel served the purpose - location is convenient, beds comfortable with 2 sets of pillows, room is big and food was ok. We had both breakfast and dinner and for both, the impression is the same - variety is ok but the quality and taste could be better (e.g. coffee, pastries, meat dishes). It is also on walking distance to a nice shopping mall where you can buy souvenirs, acai and some clothes/shoes.

Since the hotel and the area is revolving around Iguazu, I believe that the breakfast time should be adjusted to start at 6am instead of 6.30am. If guests have early tickets to see Argentinian side of the falls, they simply have no time for breakfast. 

Regarding the rooms, a few small improvements can be introduced: the toiletries are really basic (e.g shower gel is some general shampoo which leaves your skin dry and doesn't foam almost at all), there are not enough towel hooks in the bathroom and there is no water cooker to make a coffee/tea in the room. We were on the first floor and there are a lot of tree branches brushing off the window, which was waking us up at night - maybe it would help if they trim those.",8,2025-09-07 00:00:00+00,0
" Localização, café da manhã, cordialidade do staff.  O banheiro já precisa de uma atualização dos a acabamentos e colocar uns ganchos para toalha, roupa, calção de banho...",8,2025-09-09 17:16:20+00,0
 Location  Restaurant was cold,9,2025-09-09 17:27:58+00,0
"This hotel was nice. Good location 5 min drive from mall. It also has a gift shop.

The hotel restaurant was really good for both breakfast and dinner buffets.

Our room was good with plenty of surface space and a spacious bathroom.

Would recommend.",10,2025-09-10 00:00:00+00,1
" Localização, atendimento,  café da manhã  Poucos tomadas no apto, acessórios do banheiro com defeito.",9,2025-09-10 00:04:45+00,0
 Quarto confortável e muito limpo! Café da manha gostoso!  Sumiram 2 Taças de cristal de um evento que fomos e deixamos no quarto. Cobramos por 3 dias na recepção e vieram nos falar que nao encontraram. Por sorte eram apenas Taças..  mas a sensação de insegurança fica!,6,2025-09-10 22:51:28+00,0
"O hotel é péssimo!! nos acomodaram em um quarto que estava horrível, sujo, encardido, velho, buraco no chão que eu virei meu pé.

Solicitei mudança de quarto e fomos acomodados em outro reformado, mas também sujo, mal cuidado.

Barulhento, café da manhã muito razoável, café frio, bagunçado

Tudo Terrível! Elevadores horríveis. O hotel é depressivo! Sair para passear e ""cair"" em um hotel desses é desanimador. Não consigo entender todos os comentários positivos. Se você é um cliente um pouco exigente, não reserve! Amanhã vamos trocar de hotel!",2,2025-09-12 23:42:10+00,0
"E a 2° vez que ficamos no Vialle Cataratas, alimentação é muito boa optamos pela meia pensão com a janta que facilita muito quando tem filho! Entretanto a estrutura do hotel esta precisando de uma reforma, e a piscina não é aquecida e mesmo tendo um dia de 30 graus ela ainda fica gelada, por ser na parte dos fundos do hotel e o sol começa a bater próximo da hora do almoço. Outro ponto e que anteriormente não cobrava estacionamento, agora está sendo cobrado e isso entendo que deveria estar incluso na diária e não pagamento separado!",6,2025-09-13 00:00:00+00,0
" La comida. La cama super.comoda
 La higiene. La atencion. Todo maravilloso  Podria decir toallas un poco duras.",10,2025-09-13 00:08:44+00,1
 Location  No kettle in the room,6,2025-09-13 06:50:49+00,0
" Equipe muito disponível e disposta a resolver o problema que tive com a Internet no quarto. Tentaram primeiro com a equipe de TI e, vendo que não seria possível resolver no mesmo dia, rapidamente propuseram a troca de quarto.  Não tenho reclamações.",10,2025-09-14 11:44:44+00,1
Lindo demais,10,2025-09-14 12:57:53+00,1
"Hermoso hotel para hospedarse en Foz! Las habitaciones son muy cómodas, amplias y super equipadas. El hotel tiene pileta, un jardín interno, bar, zona de juegos y gimnasio . La atención es muy buena, todos son muy amables, están siempre atentos y a disposición para que puedas disfrutar de tus vacaciones. La comida es buenísima, todo fresco, casero, variado y abundante. El desayuno está disponible hasta las 10am y tienen frutas, estación de tapioca, estación de comida caliente, jugos naturales, panadería, cereales, yogures… de todo! La cena que ofrecen buffet también es espectacular! Muy buena calidad de alimentos y bebidas. Hay agua de coco para disfrutar en la pileta, tragos, jugos naturales y cerveza.

Fuimos en familia y pasamos unos días hermosos, gracias por todo!

En resumen, si están dudando en hospedarse en este hotel, esta es la señal para que lo hagan 😉",10,2025-09-14 18:01:35+00,1
"Increible lugar para vacaciones familiares. Excelente atencion y muy buena comida. La ubicacion es de facil acceso a shoppings, frontera y parques. Un 10!",10,2025-09-14 18:05:30+00,1
"Había ido hace 5 años al hotel y ahora se vino a pique con los servicios, cobran estacionamiento a pesar de alejarte en el lugar, la comida no tiene variedad. Para pasar la noche previa a un viaje es una alternativa económica",6,2025-09-14 19:59:15+00,0
"Hotel é péssimo!
Não recomendo. Nos colocaram em um quarto sujo, velho, encardido, tinha um buraco no chão de madeira no qual eu virei meu pé, chuverio ruim. Solicitei a troca e nos colocaram em um que estaria ""reformado"" todavia era só um quarto ""maquiado"" da mesma forma encardido, sujo, vidro do box fosco e cantos grosso de sujeira. Camas e roupas de cama de baixa qualidade, não há uma tomada na cabeceira, café da manhã razoável. Elevadores ruins, acesso a quarto ruim! garagem coberta com uma impressão horrível. Sair de casa para passear e voltar para um quarto desses é desanimador.",2,2025-09-15 00:00:00+00,0
" El hotel tiene buena relación precio calidad.
La ubicación está alejado del centro pero cerca de la frontera con Argentina y de camino a las cataratas  lado de Brasil.
El desayuno y la cena estaban bien, no había mucha variedad pero era correcto.
La atención del personal fue muy buena.
Es recomendable para pasar unos días en familia  Los colchones se podrían renovar",8,2025-09-17 23:40:10+00,0
"Hotel bem localizado e de fácil acesso. Cumpriu com a proposta de ser um hotel confortável com um bom serviço prestado ao hóspede. Passávamos a maior parte do tempo fora do hotel nos passeios, mas sempre que precisamos da equipe todos foram prestativos.",10,2025-09-19 00:00:00+00,1
" Gostamos de tudo: cafe da manhã (destaque para a tapioca feita na hora), atendimento, conforto do quarto, bar da piscina, checkin/checkout rápido etc.  Barulhos de crianças gritando e correndo no corredor do nosso quarto (3º andar), durante toda nossa estadia (5 dias), desde cedo, no horário do café da manhã, até próximo de 1h da manhã. Sabemos que certas situações fogem ao controle da administração do hotel, mas talvez possam melhorar o tratamento acústico dos quartos.",10,2025-09-19 00:36:38+00,1
 Quarto muito bom. Novo e limpo!  Apartamento no térreo com vista para piscina. Impossível abrir a cortina e janela.,8,2025-09-19 10:46:55+00,0
" El desayuno muy bueno , bien ubicado",9,2025-09-20 20:05:29+00,0
"Ar condicionado não funciona direito, ventilação do banheiro barulhenta cama na foi das melhores",6,2025-09-21 00:00:00+00,0
 Comida excelente com muita variedade em todas as refeições.  Uma das 2 camas do quarto estava bem ruim e a água da piscina muito gelada.,10,2025-09-21 01:56:08+00,1
"A experiência no hotel foi muito agradável. Aproveitei uma viagem de negócios e estendi para um momento de lazer com a família. O hotel atendeu em todos os requisitos.
Parabéns para todos os colaboradores.",10,2025-09-22 00:00:00+00,1
"muy buen desayuno, habitación muy cómoda y limpia, la ubicación cerca de todo, en auto, estas a 15/20 minutos de la frontera, estacionamiento cómodo, la gente de recepción y el persomal todos muy amables.",10,2025-09-22 14:45:34+00,1
" El desayuno, todo delicioso, abundante variado.  Camas cómodas, todo muy limpio.  La habitación muy oscura, las luces muy tenues, pocas tomas eléctricas con mala ubicación. El estacionamiento se paga a parte.",8,2025-09-22 21:15:22+00,0
"Hotel em Foz do Iguassu. Bem localizado, entre o centro e o caminho para as atrações da fronteira. Também fica ao lado de restaurantes e shopping. Tem uma estrutura bem completa com loja de conveniência, espaço para eventos, piscina, sal de jogos, academia e spa. O café da manhã é farto e variado.",10,2025-09-22 22:12:52+00,1
Experiência horrível. Eu e meu marido somos de Itapema SC  viajamos por 12 horas chegamos cansados quase 10 da noite nao achamos nenhum restaurante aberto na estrada então qdo chegamos no hotel era 21:45 pedimos na recepção pra jantarmos primeiro e fazer o check-in depois estávamos exaustos. Fomos muito mal recepcionados.  Funcionários da recepção mal humorados. A funcionária que nos recebeu no restaurante foi extremamente grosseira nao nos deu nem boa noite e disse super seca que tínhamos dez minutos pra jantar... ou seja isso não é maneira de se tratar um hóspede que recém chegou de uma longa viagem. Zero cordialidade. Deu pra perceber que nao tem experiência alguma em hotelaria. Quarto que ficamos roupa de cama manchada travesseiros fininhos velhos.resumindo nunca mais voltaremos.nao vale o preço,2,2025-09-23 13:51:07+00,0
"Excelente alojamiento, sin lujos, Habitaciones cómodas, bien equipadas. Buena ropa blanca. Desayuno abundante y variado. Estacionamiento con un mínimo costo diario. Buena ubicación.",10,2025-09-24 00:00:00+00,1
"Sin lujos, habitaciones muy cómodas, impecable la ropa de cama y las toallas. Buena ubicación. Hay estacionamiento con un pago mínimo diario. Buen desayuno. Educada atención del personal.",10,2025-09-24 12:24:42+00,1
" La ubicación , la piscina y el desayuno  Difícil comunicación con el personal",8,2025-09-25 12:01:14+00,0
" Adorei o ar puro da região onde está o VialeCataratas .
Nota dez para :  os passarinhos cantando de manhã, a  comida deliciosa, o atendimento, a localização ,as instalações e o conforto.
Voltei renovada para casa !  Gostei de tudo.",10,2025-09-25 20:30:42+00,1
"Nos hospedamos no Viale Cataratas e a experiência foi excelente. Fizemos a reserva com meia pensão o que facilitou muito no período que passamos na cidade. A equipe do hotel é muito prestativa e aqui gostaria de deixar um agradecimento especial a Andressa e ao Cláudio, extremamente prestativos. Os quartos são muito bons, o hotel possui amplo estacionamento e a localização é ótima. O restaurante é excelente, com ótimo atendimento e café da manhã muito bem servido. Certamente retornaremos ao Viale Cataratas.",10,2025-09-26 14:40:19+00,1
 Limpeza e gentileza dos funcionários  Tudo excelente,9,2025-09-26 18:08:57+00,0
"Really nice hotel. Technically a bit out of the city, however from what we saw there isn't a huge amount in Foz!
Good quality hotel, nice room, big and comfy bed.
The restaurant offers a buffet each evening for 115R which is really nice. 
Breakfast was very good.
The pool is nice, water was cool but good for refreshing after the hot weather.
There's a small gift shop inside.
There are a few things you can walk to like a shopping centre down the road but mostly people seem to get taxis/Ubers or organised tours.
Only 15 minutes from the Falls and the airport.",10,2025-09-27 00:00:00+00,1
"Really nice hotel. Technically a bit out of the city, however from what we saw there isn't a huge amount in Foz.
Good quality hotel, nice room, big and comfy bed.
The restaurant offers a buffet each evening for 115R which is really nice.
Breakfast is very good.
The pool is nice, water was cool but good for refreshing after the hot weather.
There's a small gift shop inside.
There are a few things you can walk to like a shopping centre down the road but mostly people seem to get taxis/Ubers or organised tours.
Only 15 minutes from the Falls and the airport",10,2025-09-27 19:43:44+00,1
"O hotel é bem localizado para quem quer ir as Cataratas, Argentina, e parques próximos. É mais distante do centro de Foz. Tem um excelente Shopping a 300 metros.
A estrutura do hotel é boa, porém é um hotel mais antigo. Achamos a acústica do quarto ruim, se ouve tudo que se passa passa no corredor. E nossa janela estava ao lado da piscina, portanto pessoas conversando até altas horas incomoda um pouco. Com esses detalhes em vista, eu recomendo.",8,2025-09-28 00:00:00+00,0
Quarto limpo,8,2025-09-28 00:00:00+00,0
 primer nivel  nada,10,2025-09-29 15:13:09+00,1
 Instalaciones modernas y cómodas! El personal super agradable brindando soluciones!,10,2025-09-29 15:34:12+00,1
 Ficamos em uma ala que me pareceu estar reformada recentemente. Tudo estava muito bom.,10,2025-09-29 23:24:53+00,1
 Ya habíamos estado antes y todo fue excelente  Solamente el clima dos dias,9,2025-09-30 12:05:17+00,0
" Do quarto.  Estava tendo obra, atrapalhou um pouco.",7,2025-10-01 09:43:38+00,0
 Localização cafe da manha,10,2025-10-01 13:06:57+00,1
 Las instalaciones.  El desayuno fue bueno.  No me gusto que me hayan ubicado en una habitación para gente especial y muy alejado del ascensor.  Tambien el secador de pelo no funcionaba.,8,2025-10-03 13:35:36+00,0
" Muito fácil locomoção, tranquila, silenciosa e aconchegante.  Conforto e limpeza",10,2025-10-04 12:41:50+00,1
Tudo otimo,10,2025-10-05 00:00:00+00,1
 La pileta y la comida  Un poco alejado pero está bien,9,2025-10-05 21:48:06+00,0
 Custo benefício  Não ter suco de laranja natural no café,10,2025-10-06 00:04:51+00,1
 A funcionária da recepção foi muito atenciosa e conseguiu liberar o quarto para check-in logo depois que chegamos não houve intenção de retardar a entrada ou de criar uma dificuldade para vender um check-in antecipado  As camas do quarto são duas camas Queen eu pedi um cama de casal e uma de solteiro para minha filha uma pessoa sempre ficava bem acomodada e as outras duas ficavam meio apertadas,10,2025-10-06 09:19:45+00,1
 A localização é boa. Fica a pé do Shopping e na estrada turística.  O café da manhã poderia ser melhor. Os pães estavam duros.,9,2025-10-06 14:12:32+00,0
" gostei  O hotel é muito antigo, com carpet nos corredores, ar condicionado não funcionava bem etc.",6,2025-10-06 15:58:47+00,0
 Desayuno  Piscina con ruido a construcción. Gimnasio muy pobre y sala de juego para niños muy básica. No había agua disponible en gimnasio ni toallas.,6,2025-10-06 18:56:47+00,0
" O café da manhã muito bom. A localização linge do centro, porém mais próximo dos passeios do parque das aves e das cataratas.",9,2025-10-06 23:26:58+00,0
Check out tardio concedido,10,2025-10-07 00:00:00+00,1
"The room was comfortable and practical, nothing too fancy.  The room was presented very clean and organized.  I think the best part of the trip was the staff, with a special acknowledgement to Marcio Pontes!  Marcio clearly went above and beyond duty... exceptional service!  If you check in, make sure Marcio Pontes is your point of contact, for exceptional service!  Thank you Marcio!",10,2025-10-07 00:00:00+00,1
"Pior experiência em hotéis, azulejos dos banheiros muito embolorados, paredes dos quartos riscadas, secador não funciona, serviços demorados.
Salva o atendimento das copeiras que são muito gentis e solícitas.
O hotel não tem nada haver com as fotos do site.",2,2025-10-07 17:59:33+00,0
Satisfatória,10,2025-10-07 20:43:02+00,1
 Quarto confortável e espaço. Atendimento excepcional. Tapioca do café da manhã muito gostosa.,10,2025-10-08 00:08:26+00,1
"Nossa experiência foi terrível!

Chegamos já tendo problemas, quando perguntamos a respeito do estacionamento ser pago, fomos informados que o valor era de 15 reais diários mesmo sendo hóspedes, quando na verdade quiseram nos cobrar 26 reais( eu pagaria até mais que isso se fosse informado um valor correto) e quando questionamos o valor maior que o informado fomos tratados com ironia pelo atendente como se não tivéssemos condição de pagar por esse serviço.

Ao entrar nos deparamos com as más condições do quarto, que estava com limbo nas paredes do banheiro e paredes sujas no restante do quarto, além de encanamentos entupidos e vazando, secador de cabelo que não funcionava (tive que implorar pra mandarem outro)e falta de toalhas( tive que ligar 4 vezes até enviarem e depois de 40 minutos me enviaram 2 quando na verdade pedimos 4).
Na saída esperamos um absurdo até enviarem um ajudante para nos auxiliar com a descida das malas.

QUERO DEIXAR CLARO QUE MINHA RECLAMAÇÃO QUANTO AO ATENDIMENTO SE FAZ EXCLUSIVA AOS ATENDENTES Check-in e check-out!!!! O restante são maravilhosos

A piscina é gelada !",2,2025-10-08 01:36:04+00,0
Ótimo hotel!,10,2025-10-08 10:17:16+00,1
"O quarto era confortável, cama e chuveiros bons. Fomos bem atendidos, apenas o ei fi deixou a desejar. Recomendo o hotel.",8,2025-10-10 00:00:00+00,0
" Hotel Bom, instalações antigas, mas bem cuidadas. O ponto forte é a tapioca do café da manhã. Funcionaria simpática e agradável, além de fazer uma tapioca deliciosa. De resto o hotel é normal, atende no quesito conforto de forma relativamente adequada. Pode melhorar a recepção, e o serviço de limpeza.  Cheguei e não tinham trocado a roupa de cama. Estava tudo amassado, com restos de cabelo. Solicitei a troca e foi feita.",8,2025-10-10 19:14:51+00,0
"Café da manhã bem servido, boa localização, funcionários agradáveis. Recomendo",10,2025-10-12 00:00:00+00,1
 las actividades para los niños  pagar por el estacionamiento,9,2025-10-12 12:57:05+00,0
Não precisar cobrar estacionamento,10,2025-10-12 18:27:53+00,1
"Acomodações ótimas, café da manha bem completo e de fácil acesso a shoppings e atrações. Recomendo",8,2025-10-13 00:00:00+00,0
" Excelente desayuno cena y la atención de los camareros! Armando un amor de persona, nos ayudo mucho con el asesoramiento  Poca luz en las habitaciones",10,2025-10-13 00:35:59+00,1
" buen desayuno, la atención del personal pésima.",1,2025-10-13 14:42:27+00,0
" El desayuno es muy bueno  No llega a un 4 estrellas , está en 3 y media estrellas",7,2025-10-13 14:49:34+00,0
 Conforto e limpeza  Preços dos produtos disponíveis no quarto,9,2025-10-14 01:02:23+00,0
" El personal super amable,  las instalaciones muy cómoda y limpias, la zona de pileta espectacular!! No daba ganas de irse.  El desayuno muy surtido y rico.  Nada.",10,2025-10-14 10:17:47+00,1
" O café da manhã excelente
Ambiente limpo e silencioso
Ótima localização  Nenhum ponto negativo",10,2025-10-14 14:25:09+00,1
 La pileta  El café.,8,2025-10-14 16:05:51+00,0
" Quartos grandes, limpos e funcionários atenciosos . 
Café da manhã excelente. No geral a estadia foi otima. Em uma proxima, ficaremos lá novamente  Acústica do quarto, acordamos varias vezes durante a noite com barulhos.
O restaurante noturno deixou a desejar. O menu a vontade é caro para as opções que ele oferece. Pedimos pizza que consta no cardápio e o garçom disse que estava em falta.",9,2025-10-14 16:32:10+00,0
"El hotel es precioso y con muy buena ubicación.
La recepción de los huéspedes deja mucho que desear. No teníamos reales, solo dólar. El hotel no nos dió ninguna opción. Negativa rotunda. Ni agua nos ofrecieron mientras lográbamos solucionar el impase de la moneda.",6,2025-10-14 23:13:53+00,0
" Café da manha gostoso, quarto era confortável e a limpeza boa  Achei um pouco absurdo cobrar estacionamento dos hóspedes. 30 reais por dia",8,2025-10-15 17:46:57+00,0
" Café da manhã farto, limpeza dos ambientes, localização e atendimento",8,2025-10-17 10:26:01+00,0
" Localização, limpeza, atendimento e a alimentação  Faltou bebedouros, e não haviam papeis tolha na academia.",9,2025-10-18 00:57:06+00,0
Bom pra você viver sem se preocupar com nada,10,2025-10-18 17:47:51+00,1
" Localização, limpeza e instalações.  Piscina não é aquecida.",9,2025-10-19 13:06:01+00,0
"Excelente todo. Impecables todas las instalaciones.  Las habitaciones,  el servicio de media pensión.  La pileta. Muy amables todos, muy flexibles en gral y muy bien precio para poder hacer check out tardío.  Quiero destacar principalmente a Daniel, del comedor. Lo felicito por su profesionalismo, simpatía y dedicación.  Gracias",10,2025-10-19 20:28:39+00,1
"O quarto estava limpo e confortável, mas o enxoval da cama e banho podiam ser melhores.",10,2025-10-20 00:00:00+00,1
Segunda vez que hospedo no Viale Cataratas e não me decepcionei. Entrega tudo que promete. Obrigada pelos dias incríveis!,10,2025-10-20 00:00:00+00,1
"スタッフの対応が良く気持ち良く滞在することが出来ました。部屋もプールも食事も良かったです。
歩いて10分位の所にショッピングモールもありました。",10,2025-10-20 12:55:07+00,1
" Café da Manha excelente, com boa variedade. Estrutura do hotel perfeita, quartos novos e conservados e limpeza impecável. Fácil localização, ágil para quem deseja ir para Argentina, ou mesmo pontos turisticos como Cataratas lado Brasileiro ou Marco das Três Fronteiras. Mas o que mais impressiona é a cordialidade e presteza da equipe. São extremamente ágeis e cordiais. Desde o checkin, até durante a estadia no café da manha (equipe do restaurante então nota 11). Super recomendo para quem deseja ir para Foz com a família!  Nada, tudo foi perfeito e dentro do que esperávamos.",10,2025-10-21 00:25:45+00,1
" Localização  Estacionamento cobrado que antes não era, e quase segurança nenhuma.
Sem contar que me colocaram em um quarto quase lá na Argentina de tão longe que foi kkkk",8,2025-10-21 21:38:01+00,0
" Posizione ottima ver visitare le cascate. 
Comoda e accogliente la piscina.  Colazione varia e abbondante ma non particolarmente disponibili su allergie e intolleranze. Era stata richiesta una colazione gluten free per una persona celiaca ma è stato messo sul buffet del pane vecchio e un po' secco.",7,2025-10-22 15:07:24+00,0
"O hotel tem um custo benefício excepcional. Eu recomendo a meia pensão. O jantar é gostoso (apesar de na minha opinião acabar cedo). 
O atendimento foi excepcional, todos muito cordiais, exceto uma moça na recepção extremamente antipatica é desagradável. Mas evitei contato com ela após perceber como ela trata as pessoas, e correu tudo bem. Todos os outros foram sensacionais, do restaurante, segurança, recepção e limpeza. Já fiquei algumas vezes neste hotel e voltaria com certeza.",10,2025-10-23 00:00:00+00,1
 Cena y desayuno  El spa no funciona,7,2025-10-23 11:12:58+00,0
" Quase nada.  7h da manha crianças gritando na janela do quarto, criança correndo no corredor e n tem fiscalização nenhuma se tem alguem ou algum hospede perturbando o sossego.",4,2025-10-24 00:03:24+00,0
" Ótima estrutura, excelente atendimento, comida boa e boa localização. Recomendo  Quase nada. O preço que estava acima do normal, mas o hotel é ótimo. Vale a pena.",9,2025-10-24 13:58:57+00,0
" Localização  Acústica do quarto péssima, cama, lençóis e toalhas ruins.",4,2025-10-24 22:36:05+00,0
"This hotel is just awful. Staff are very rude. The bathroom is mouldy, towels and quilts (no cover) are threadbare and the food is inedible. They still hadn’t removed our room service plates by this morning.
The hotel only has a totally unappetising buffet option for dinner and the breakfast buffet was inedible. This is not a 4 star hotel. It’s more like a below par 3 star.",4,2025-10-25 11:23:03+00,0
Great location and probably good if you’re on a group tour with kids. As a couple we got a small noisy room a long way from facilities and the only food options were lukewarm buffet-style food already picked over by a bus tour. Adding in the rude front desk staff it’s hard to know why it has such good reviews.,2,2025-10-25 11:23:19+00,0
" We have a good time. We were a familly of 4 (two kids 5/8). The hotel personnel was kind and service was good.
We had breakfast and dinner covered. The dinner buffet options were slightly different every day. The amount of options was ok and quality was ok and probably according to what we paid and the type of hotel. .
The pool are was nice and never too crowded. We always had a place to sit and relax. The pools are big enough and one of them for small kids, which was very nice.  Maybe we would like a few more options of fruits for dinner (fruit mix was the only option).
Room was fine and like in the photos. Bathroom exhaust needs improvement. When and after showering all 4 of us, you had to keep bathroom door closed to not get the room humid... and the bathroom remain like a sauna until next day.
Beds were quite hard for us. We personally like a little bit softer mattress, but it is our personal opinion.",9,2025-10-26 16:49:04+00,0
"Hotel bonito, espaçoso e limpo. Funcionários atenciosos.
Toalha de banho de péssima qualidade e falta barra de apoio no box.",8,2025-10-27 00:00:00+00,0
" Localização interessante próxima aos principais pontos de referência  Nós deram um quarto 101! Primeiro quarto do hotel extremamente próximo a área de recepção e restaurante. Extremamente barulhento e incômodo! O frigobar do quarto nitidamente estava com defeito e fazia um barulho alto que impossibilitava de dormir (desliguei da tomada). Sr condicionado funcionava bem mal, quase não gelava o quarto.",6,2025-10-27 08:51:28+00,0
" O hotel em si é bom, porém não condiz com o custo!  As acomodações não condizem com o valor cobrado! Não tem nenhum atrativo. Dias de chuva, opção ficar no quarto sem TV smart",5,2025-10-27 15:17:04+00,0
" Café da manhã bom, mas poderia ser melhor. A localização fica um pouco distante do Centro da cidade.  Da localização.",9,2025-10-28 23:34:35+00,0
 El desayuno súper bueno  Habitaciones antiguas con instalaciones deterioarqdqs,7,2025-10-29 14:03:30+00,0
"The hotel is nothing very special, just like any other ‘Holiday Inn” style, but comfy enough.  We we given a room with a view of the top of the reception roof, so we left the curtains closed!  The reception staff could be a little friendlier and their English isn’t great, which is surprising given the number of international guests.  The pool area is nice, the breakfast and dinner buffets were good quality with lots of options.  The staff were also super friendly and helpful.",8,2025-10-30 00:00:00+00,0
" Localizacao
Cafe da Manha 
Area da piscina  Nada",9,2025-10-30 11:41:30+00,0
" The hotel is nothing very special, just like any other ‘Holiday Inn” style, but comfy enough.  The pool area is nice, the breakfast and dinner buffets were good quality with lots of options.  The staff were also super friendly and helpful.  We we given a room with a view of the top of the reception roof, so we left the curtains closed!  The reception staff could be a little friendlier and their English isn’t great, which is surprising given the number of international guests.",7,2025-10-30 15:26:12+00,0
"FICAMOS NESSE HOTEL 25A27/10, SIMPLIMESTE MARAVILHOSO, LIMPO, BONITO, ATENDIMENTO, PRINCIPALMENTE DO FUNCIONARIO ALDO DA RECPCAO, TANTA SIMPATIA, VOCES ESTAO DE PARABENS, NOTA 1.000",10,2025-10-30 16:09:03+00,1
"Quarto bom, café da manhã excelente, empreados atenciosos.
A piscina não é aquecida como anunciado, sugiro acertar a informação pois trouxemos roupa de banho à toa. Melhor colocar a real.
Boa localização.

Sugestão:  Fiquei morrendo de pena dos empregados que ficam próximo à porta, eles ficam bastante tempo em pé, tinha um senhor, que se via que estava cansado. Forneçam uma banqueta para eles, pelo menos para descansarem as pernas, acho que ficaram felizes, até mesmo os mais jovens.
Não vai mudar em nada a ideia de prontidão que eles precisam transmitir.",8,2025-10-31 00:00:00+00,0
Maravilhoso,10,2025-10-31 12:11:25+00,1
" Todo o hotel é bonito e confortavel. O café da manhã é excelente! Os petiscos e refeições servidos pelo restaurante e pelo bar próximo a piscina são muito bons tbm, ou seja, a culinária do hotel é muito boa. Os funcionários são muito gentis, orientam bem quanto a passeios, tiram dúvidas. Sem dúvidas, é um hotel para o qual voltaria com facilidade.  Não tenho queixas do hotel",10,2025-11-02 14:35:25+00,1
"Hotel amplo com quarto muito confortável. Todas as solicitações feitas pré reserva foram atendidas, encontrando o quarto como solicitado. Todos os funcionários foram muito atenciosos e incansáveis em nos atender ou, até, antecipar uma experiência.",10,2025-11-03 00:00:00+00,1
" Gostei do hotel, localização  O banheiro do meu quarto deixou a desejar, precisando de uma reforma, está “maquiado”, achei que não condiz com a estrutura",7,2025-11-03 02:22:23+00,0
"Insgesamt zufriedenstellend, schönes großes, ruhiges Zimmer mit Aussicht auf den großen Hotelpool. Frühstücksbüffet gut. 
Geärgert habe ich mich allerdings beim Bezahlen der aufgelaufenen Rechnung für Restaurantbesuche und die Minibar per Visa-Kreditkarte. Ich hatte 392 BRL zu zahlen und wollte, dass in brasilianischer Währung abgerechnet wird. Am Eingabegerät tauchte dann allerdings ein Euro-Betrag auf, der deutlich mehr als 10% über dem aktuellen EUR/BRL-Kurs lag. Auf meinen Einwand hin, dass da plötzlich was von über 70 Euro stand, antwortete der Rezeptionist, das wäre nur zur Information, es würde in BRL abgerechnet. Dabei hatten die ihr Gerät so eingestellt, dass es offenbar bei deutschen Kreditkarten automatisch in Euro abrechnet, was in diesem Fall etwa 12-13% Aufschlag bedeutete.
Deswegen 1-2 Minuspunkte in der Bewertung.",6,2025-11-04 00:00:00+00,0
"Hotel normale, colazione normale, niente di che. E' un hotel frequentato da pullman di turisti, e, naturalmente le agenzie che vengono qui vogliono spendere poco. Quello che manca, è ""dividere"" le due cose, cioè chi paga ""normalmente"" a diritto a un trattamento diverso.",8,2025-11-06 00:00:00+00,0
" El personal muy amable, tanto los de recepcion, como los de desayuno y cena.  Le falta mejorar la limpieza, sobretodo en las habitaciones. El resto del lugar, bien.",8,2025-11-06 01:51:08+00,0
"Great hotel to relax after spending all day at the Falls. Breakfast and dinner were amazing. Buffet style with loads of choice, including gluten free options. It's a short walk to the Mall if you want other food options but the restaurant was great value and quality. There's a lovely outdoor swimming pool and spa treatments to relax. The bedroom was massive, with king bed which was so comfy.  The shower was powerful and hot. Staff were friendly and helpful. Really enjoyed my stay here.",10,2025-11-08 00:00:00+00,1
Excelente hotel e conta com um ótimo lugar para eventos.,10,2025-11-08 17:37:06+00,1
"Nossa estadia no hotel foi simplesmente inesquecível! Agradecimento especial ao Marcos que nos auxiliou com a reserva e com a escolha do quarto. O primeiro momento, fomos recebidos com tanta atenção e carinho que já sabíamos que seriam dias especiais (Luiz Felipe, nos explicou tudo que precisávamos). O ambiente é acolhedor e cheio de detalhes que tornam a experiência ainda mais agradável. A decoração de Natal está linda!

O quarto era perfeito para uma a família (casal + 1 criança) bem equipado, com uma cama superconfortável, cofre e ar condicionado. O café da manhã delicioso, repleto de opções frescas e cuidadosamente preparadas. Recomendo do a tapioca, que é feita na hora, uma delícia! 

À noite, o restaurante foi um dos grandes destaques da viagem (agradecimento especial pra Andressa, que foi uma querida conosco). Os pratos são saborosos e a equipe muito prestativa. A piscina e as áreas externas muito bem pensadas e cuidadas, porções e bar disponíveis para quem precisasse. O hotel também dispõem de estacionamento, SPA, academia climatizada e sala de jogos. 

Sem dúvida uma das melhores opções em Foz do Iguaçu. Recomendo de olhos fechados!",10,2025-11-10 00:00:00+00,1
"Minha experiência no Hotel Viale Cataratas foi excelente! O atendimento da equipe foi muito atencioso, as acomodações são confortáveis e bem limpas. O café da manhã é variado e delicioso, com muitas opções frescas. O jantar vale muito a pena.  As áreas de lazer e a piscina são ótimas para relaxar. Localização perfeita, perto das principais atrações de Foz do Iguaçu. Recomendo de olhos fechados e com certeza voltaria!",10,2025-11-10 14:38:08+00,1
 ótimo atendimento por todos,10,2025-11-10 15:05:13+00,1
" Excelente localização, estrutura ampla, bem conservada e bastante confortável, de instalações sem excessos, sendo na medida para aproveitar com a família enquanto desfruta das atrações de Foz. Funcionários muito atentos e prestativos.  Parquinho infantil estava em reforma.",9,2025-11-10 18:20:51+00,0
" A localização é muito boa, o café da manhã é bem completo, sendo que a tapioca é um dos itens mais saborosos do café da manhã.  Dessa vez o quarto que nos ofereceram estava precisando de reforma, tinha um vazamento na duchinha do banheiro e o Box estava precisando de atualização.",8,2025-11-10 19:20:59+00,0
 Localização e estrutura do hotel !  Custo elevados dos itens vendidos no hotel !,5,2025-11-12 18:05:15+00,0
 Bem limpa  Bem atendido,10,2025-11-12 22:41:00+00,1
"Food OK, clean, Convenient for visiting the falls in both countries",8,2025-11-13 00:00:00+00,0
" Quarto amplo, cama e travesseiros ótimos, frigobar abastecido, equipe de atendimento excelente  O espaço do chuveiro não tinha box, estava somente com um acortina de plástico, achei muito ruim, pois pelo valor e qualidade do hotel, chega a ser ridículo tal situação.",8,2025-11-13 10:40:24+00,0
" Pool is amazing 
Dinner buffet is really good
Staffs are friendly 
Is close to all tourism places  It was all good but the spa could open on Sundays with opening hours on website or front desk",9,2025-11-13 14:37:46+00,0
"Um dos melhores hotéis que já me hospedei e talvez com o melhor café da manhã de todos…
Quarto e banheiro amplos, serviço de restaurante e lanchonete muitos bons e recepção tbm…
Fui com minha esposa a passeio e adoramos os 3 dias de estadia…Voltaremos com certeza 👍🏻…",10,2025-11-16 04:41:23+00,1
" Café da manhã  Hotel antigo, tomada longe da cama no quarto, limpeza das áreas comuns deixa a desejar, academia bem ruim.",8,2025-11-16 22:39:25+00,0
" La comida excelente.
Limpieza.
Edilicio mantenimiento y excelente trato  Sugiero que coloquen cafeteras en las habitaciones para poder tener agua caliente",10,2025-11-17 01:05:23+00,1
"Csak látogatóban voltunk egy pocsékká azott nap után, forró csokizád. Udvariasak voltak. A kilátás mesés, de az időtől alig látszott a csoda, de ez nem a szálló bűne. Visszavár a szálló 🙂",10,2025-11-17 10:19:10+00,1
" Pessoal da portaria atendimento péssimo, estava chovendo bastante no dia, não tive a ajuda de nenhum deles para trazer minhas malas ou pelo menos me ajudar a tomar menos chuva. Recepcionistas foram muito bem.",9,2025-11-17 11:35:37+00,0
"Прекрасен хотел, отлично обслужване, чисто, приветливо!",10,2025-11-17 11:49:22+00,1
" Café da manhã excelente, a melhor tapioca que comemos na vida! Ótima localização e área de bar e piscina super legais!  Problema que fiz chech in 18:00 e me deram um quarto que estava ainda de portas abertas para ser limpado. Depois pedi outro quarto me deram um que estava inadequado. Pela terceira tentativa me deram um excelente quarto, conforme eu tinha reservado. Valor merecia ter um quarto acertivo já na primeira tentativa. Mas depois deu tudo certo e foi ótimo. Pediram desculpas e aceitei.",7,2025-11-17 13:12:40+00,0
"Tive uma das piores experiências que já vivi em um hotel. Além de problemas na estrutura e no atendimento, o mais grave foi que uma camisa minha simplesmente sumiu do quarto. Reportei imediatamente à recepção e, mesmo assim, ninguém assumiu responsabilidade ou apresentou qualquer solução.
É inadmissível que um hotel não ofereça segurança mínima aos hóspedes. Fiquei extremamente decepcionada, me senti desrespeitada e desamparada.
Não recomendo e não voltaria jamais.",2,2025-11-17 13:24:54+00,0
"Excelente para hospedagem capacitação, eventos de pequeno e grande porte, café e piscina fantásticos.",10,2025-11-17 13:40:36+00,1
 Conforto e localização  Barulho e Funcionarios,8,2025-11-18 11:38:07+00,0
"Hotel muito bom, consegui até um preço justo!! Bom serviço de quarto...curti..",10,2025-11-18 18:55:44+00,1
"Egy éjszakát szálltunk meg ezen a helyen. A vacsora jó volt, finom volt. A reggeli is szintén jó volt. Viszonylag nagy étel választék van. Személyzet nagyon kedves. A kültéri medence kevés.",8,2025-11-19 09:47:09+00,0
 朝食バイキングは美味しかったです。  省エネのせいか廊下が歩く所だけライトがつきその他は真っ暗で気分的に良くなかった。トイレの水漏れ。,5,2025-11-20 20:17:48+00,0
"Atendimento extremamente FRIO, MECÂNICO SEM CATIVAR.
Uma pena, sou viajante e passo por diversos lugares, esse não tem carisma!!",6,2025-11-23 01:30:20+00,0
"Excelente! A estrutura do hotel é ótima. O espaço da piscina permite relaxar,  ler ou fazer refeições. Também achei muito bom para as crianças brincarem e se divertirem!",10,2025-11-23 18:12:59+00,1
 一楼的房间过于吵闹,2,2025-11-24 00:22:25+00,0
" Localização boa, café da manhã muito bom",10,2025-11-25 12:24:58+00,1
" El desayuno está muy bien! El personal que atiende en el bar de la piscina es excelente, el más amable del hotel. Está bueno contar con opciones de poder comer algo alli como alternativa al bufette.  Falta iluminación en las habitaciones (al menos en la que yo estaba en el piso 1).",10,2025-11-26 13:25:27+00,1
"Quarto de bom tamanho, hotel confortável, piscina agradavel",10,2025-11-27 00:00:00+00,1
"Tudo muito limpo, organizado, equipes de serviços nossa 10! Cama bem confortável!",10,2025-11-27 11:36:14+00,1
" Café da manhã e localização excelentes.  Hotel com estrutura extremamente envelhecida, ar condicionado antigo não funcionava, elevadores velhos, frigobar de péssima qualidade e barulhento. TVs antigas, sem smarTV. A cidade é muito quente e os quartos não tinham ventilação alguma. Muito decepcionante ainda mais por se tratar de um hotel 4 estrelas.",5,2025-11-27 16:41:24+00,0
 Quarto amplo e iluminado  Colchão duro,9,2025-11-27 19:28:36+00,0
" It was just wonderful stay in this hotel. It is nearby in the minule of city centre and Iguazu falls. You can go anywhere by taxi. Personal was great, service excellent. Room.big enough with air-condition. Bed amazing. Breakfast great and big. WiFi fast. There is even a small shop for jewelery inside the hotel. Big recommendation :)  -",10,2025-11-28 00:53:13+00,1
"Excelente servicio, la comida deliciosa y la ubicación excelente para ir a las cataratas tanto brasileras como argentinas!!",10,2025-11-28 14:52:41+00,1
" Localização muito boa, próxima ao centro é as atrações. 
O Hotel é bom, com farto café da manhã. 
O quarto q fiquei tinha 2 camas queen. A roupa de cama e banho é boa, compatível com a categoria do hotel.
Estive com meus filhos pequenos, 8 e 5 anos. Não recomendo o hotel para crianças. Só tem a piscina de atrativo, e não tem aquecimento na água. Não tem mais nada para os pequenos. 
Para adultos - ok.  Pagar estacionamento.",8,2025-11-28 16:36:57+00,0
"Zwischen Foz de Iguazū und dem Nationalpark der Wasserfälle an einer belebten Straße gelegen.  Modernes Hotel mit großzügiger Eingangshalle.
Der Speisesaal ist sehr groß,  gutes Frühstücksbuffet  allerdings ist der Geräuschpegel unerträglich!
Mein Zimmer war großzügig,  ich hatte jedoch die Nummer 121  dieses lag gefühlt direkt in der Eingangshalle. (Sehr laut dadurch)Es ist das Zimmer genau über der Rezeption.
Pool vorhanden, mangelnder Über- und Ablauf dadurch viel Biomasse am Abend vorhanden.",6,2025-12-02 22:46:09+00,0
" Todo excelente, el personal, las habitaciones .. todo",10,2025-12-03 01:25:26+00,1
 Instalações físicas.  Café da manhã ruim.,8,2025-12-04 02:32:44+00,0
 friendly  a bit  tired and a,8,2025-12-05 00:14:58+00,0
" Cordialidade dos colaboradores  Nada me desagradou, mas vou deixar  sugestões.. e isso serve para outros hotéis também. A primeira, quartos destinados a quem tem problemas de mobilidade.. as barras laterais deveriam circular toda a parte interna do box e o piso deveria ser emborrachado. 
A segunda, manutenção nos ralos dos chuveiros e pias para não ficar agua empossada.",10,2025-12-05 12:24:59+00,1
"Excelente atendimento.  Demoraram a responder no WhatsApp,  após conseguir a reserva fomos muito bem atendidos. O hotel é muito bem localizado e com quartos ótimos.  Utilizamos um quarto grande com duas casas de casal. Tudo limpo e organizado.  Funcionários sempre solícitos e simpáticos atendendo os mais variados idiomas. Nos forneceram berço e também banheira o que facilitou muito nossa estadia com um bebê de 5 meses.",10,2025-12-05 16:47:16+00,1
 Muito bom. Localização boa.,8,2025-12-05 21:58:53+00,0
 El desayuno excelente,7,2025-12-06 13:09:29+00,0
Estivemos hospedados neste hotel por três vezes. A última foi em 2018. Ótima localização. Bem perto do acesso a Puerto Iguazu. Boas acomodações. Bom café da manhã e boas refeições. Serviço atencioso.,8,2025-12-06 14:05:41+00,0
" Desayuno, variado
Ubicación, es relativamente de acuerdo al motivo del viaje, en este caso fue aprovechar los atractivos de la zona, por lo que evidentemente la ubicación es excelente para ese fin
Piscina, bueno  Personal de la Recepción sería bueno que mejoren a ser más amable. Los varones. Las damas estuvieron mejor en el trato y bienvenida, atenta  a resolver problemas",9,2025-12-06 21:10:31+00,0
" Alimentação, limpeza e tranquilidade",9,2025-12-07 12:10:26+00,0
" Excelente y súper completo!!!!  Realmente nada, es un excelente hotel con instalaciones fabulosas, el personal es bárbaro. Sin dudas volvere",10,2025-12-07 14:05:54+00,1
" Desayuno muy variado y excelente atención.  Habitación con solo dos enchufes, teníamos que cargar celular en el baño, había una puerta que daba a la habitación de al lado y se escuchaba como la intentaban abrir. Para el precio la calidad dejaba que desear.",7,2025-12-07 14:57:19+00,0
 Cordialidade dos colaboradores e conforto da cama.  Não há nada que eu não tenha gostado.,10,2025-12-08 02:19:44+00,1
"A large hotel with an impressive facade and entrance way. We tried the 'all you can eat' buffet evening meal which was ok, but the dining hall setting left us feeling that it was one step from being an all inclusive hotel.
The reception staff range from very helpful to very unhelpful. We had to have their IT people looking into why we had no WiFi in our room on 2 seperate occasions before we were offered a change in room and the room we were moved to had less effective A/C as the previous. One of the lifts kept sticking and we were disappointed that there was no replenishment of water in the room or tea/coffee making facilities.
Good position though close to the falls and borders with Argentina and Uruguay with several days trips on offer and decent breakfast.",6,2025-12-09 00:00:00+00,0
 Localização.,9,2025-12-09 00:24:23+00,0
" Me gustó mucho la atención recibida por parte del servicio de recepción.
Asimismo, aprovecho la ocasión para dar las gracias a todas las personas del equipo que permiten hacer nuestra estancia más agradable.

También me gustó mucho disfrutar de la piscina😃💦  No se permite pagar las consumiciones en efectivo o tarjeta en el acto. Es decir, hay que pagarlo todo en el checkout.

Los productos de higiene personal (mini dosis) no son suficientes. Se agradecería botes fijos en las duchas. El jabón mejor líquido que en pastillas.

Se agradecería algo de cortesía tipo un snack, pieza de fruta o una agua (incluido con la tarifa).

Si te alojas en una habitación de la última planta, el apartamento es muy caluroso.",8,2025-12-09 02:23:20+00,0
" Freundliches Personal 
Lage des Hotels zum Flughafen  Das Zimmer war schon etwas abgewohnt.
Das Bad hatte keine Lüftung und die Klimaanlage arbeitete nicht mehr effizient.
Der Frühstückssaal hat den Charme einer Grosskantine.",7,2025-12-09 21:36:21+00,0
" La atención de los mozos, la comida y la habitación que nos dieron era cómoda  El día que nos retirábamos dejamos las valijas listas en la habitación y bajamos a desayunar. Al regresar había una mujer de limpieza revisando nuestras valijas; al vernos dijo que la habían mandado a revisar una gotera (que no existía). Lo comentamos en la recepción y no nos dieron respuesta.",1,2025-12-10 09:35:58+00,0
" Desayuno y las camas muy cómodas  Un poco desfasado, baño necesita una actulización, mampara llena de cal, parece sucia.",8,2025-12-11 01:39:31+00,0
" Das Hotel ist -war gut.  Beim Bezahlen meiner Buchung hat das Hotel einen Fehler gemacht und mir wurde der Betrag  zweimal abgebucht da das Zahlungssystem nicht funktionierte! 
Obwohl der Fehler ganz klar bei Ihrem Gerät lag, wurde ich voll im stich gelassen! Ich musste das in der Schweiz selber klären lassen! Ich war schon öffter dort aber dieses mal zum letzten mal !!! Schaade das Hotel ist wirklich nicht schlecht aber beim Personal ist noch sehr viel potenzial möglich!",5,2025-12-12 23:01:09+00,0
"Todo muy lindo. Solo que el tiempo no ayudo. Aire ac.  congela room service muy rapido precios acordes.
Unico detalle que no hay quienes lleven el equipaje del auto o al auto .
Eso deberia de funccionar y no es asi.
Pero plr el resto todo muy bien. EXCELENTE deayuno.",10,2025-12-13 15:37:37+00,1
Hotel amplo e agradável,8,2025-12-13 23:19:38+00,0
" Everything was great, but the breakfast was a plus!  Nothing.",10,2025-12-14 08:05:03+00,1
"Gran decepción al haber escogido este hotel en nuestro tour por Brasil, nos alojan en una habitación con vistas pésimas y desagradable trato en recepción al mostrar nuestro descontento en cuanto a la norma de prohibición de fumar en exteriores del recinto, al preguntar al personal del mismo nos dicen con prepotencia que está prohibido en todo el país (última estancia en hotel Winsord y sin problemas con esto) deberían avisar al reservar que es un hotel de NO FUMADORES.",2,2025-12-14 20:10:36+00,0
" Cama  Vazamentos no ar , chuveiro não funcionava caiu a torneira no meu pé , barulhos , falta de atenção",5,2025-12-16 21:13:17+00,0
" Limpieza de la habitación, el desayuno muy bueno pero falto el bacon, la piscina excelente, el personal muy amable,  Que no había bacon en el desayuno",10,2025-12-18 23:17:54+00,1
" La cortesía del personal  Habían cucarachas en las habitaciones, la cama estaba desnivelada y las habitaciones no aíslan el ruido de afuera, todo se escucha",7,2025-12-21 11:54:09+00,0
 Atención y desayuno excepcional,10,2025-12-21 12:28:10+00,1
" Estrutura boa e confortável, excelente custo benefício.  As bebidas com preços um pouco acima da média",9,2025-12-22 12:51:43+00,0
 Tudo  Preços das bebidas,10,2025-12-22 12:52:22+00,1
" Excelente el desayuno y también el restaurante para cenar, precio conveniente  Todo estuvo bien",9,2025-12-23 14:12:36+00,0
 Good hotel. We chose the location as it was relatively close to the Cataratas. Excellent breakfast. Great pool for the kids to play and relax in.  N/A,8,2025-12-23 16:34:03+00,0
Perfeito,10,2025-12-24 18:17:22+00,1
"Experiência decepcionante: Falta de manutenção e omissão da gerência

Minha experiência no Viale Cataratas foi muito aquém do esperado para um hotel que se autointitula 4 estrelas.

O hotel tem potencial, mas a estrutura atual e o atendimento aos problemas dos hóspedes precisam melhorar drasticamente.

Ficamos em um quarto com sérios problemas de manutenção: infiltrações aparentes, mofo nas guarnições, rodapés soltos e um chuveiro com péssimo aspecto de higiene (conforme fotos que anexo a esta avaliação).

Além disso, a TV travava constantemente e as cortinas/blecaute são pequenos demais para a janela, permitindo claridade total no quarto logo às 06:40 da manhã, impossibilitando o descanso.

O que mais frustrou, no entanto, foi a postura da administração. Mesmo após sermos trocados de quarto (onde os problemas persistiram) e a gerência ter sido cientificada formalmente de todas as falhas, nenhuma medida concreta foi adotada.

Recebemos apenas uma carta padrão do Gerente Geral, sem qualquer tipo de compensação ou solução real para o transtorno causado.

Para completar, falta fiscalização nas áreas comuns. Presenciei crianças brincando com uma bola de couro pesada na piscina, sendo jogada de uma área para outra, colocando em risco outros hóspedes sem que nenhum funcionário interviesse.

Em resumo: é um hotel com potencial, mas que hoje não entrega o que promete. Falta cuidado com a estrutura e, principalmente, respeito ao consumidor no pós-venda.

Não recomendo até que uma reforma e uma mudança na gestão ocorram.",2,2025-12-26 13:01:04+00,0
 Todas las instalaciones  Todo bien,10,2025-12-26 15:24:39+00,1
"o Hotel parece antigo (e é) mas, o atendimento é excelente com mistura de nacionalidades entre Brasil, Cuba e Paraguay - todos, sem exceção, muito bons, destacando o garçom Alberto (cubano), a Andressa que foi providencial na Ceia de Natal, e o recepcionista Aldo - excelente, e Bruna Gomes do comercial. Piscina ótima, comida ótima, ambientes agradáveis e acolhedores, quartos com ótimas camas e ótimos chuveiros.",10,2025-12-28 00:00:00+00,1
 Siamo abituati a strutture decisamente migliori nel rapporto qualità prezzo. Praticamente nulla!  Ho trovato un insetto vicino al mio comodino ho quindi ispezionato sotto il letto e ho trovato molta sporcizia. Incredibile ma è stato così. Alla reception non parlavano spagnolo nessumo ci ha spiegato il funzionamento dell'entrata e uscita con l'auto.,4,2025-12-28 11:46:29+00,0
 Konumu avantajlı,10,2025-12-29 01:05:08+00,1
 Atendimento da lanchonete é demorado,7,2025-12-29 13:18:29+00,0
"É um bom hotel, com uma boa área de piscina e extremamente bem localizado para quem vai fazer os principais passeios de Foz do Iguaçu e Argentina.

O atendimento é amigável, os quartos são espaçosos.

Os quartos do andar térreo tem um cheiro ruim, bem diferente dos corredores do hotel - que são bem cheirosos. A qualidade das toalhas também deixa a desejar.",10,2025-12-29 14:27:56+00,1
" A localização do hotel é excelente, perfeita para quem vai fazer passeios em Foz do Iguaçu e na Argentina. 
O café da manhã é bem completo e muito gostoso, com variedade de produtos, incluindo sem glúten e sem lactose. 
A área da piscina também é muito agradável.  O quarto no andar térreo tem um cheiro ruim, de mofo, bem diferente do cheiro agradável dos corredores. 
A qualidade das toalhas deixa bastante a desejar. 
A janela do quarto que fiquei estava toda trincada.",8,2025-12-29 16:53:37+00,0
Uns hat das Hotel einfach super gefallen! Es ist perfekt gelegen zum Flughafen und zu den Iguazu Wasserfällen. An der Rezeption kann man ganz bequem ein Taxi rufen. Innerhalb von 10 Minuten zu Fuß aber der Shopping Mall. Das Zimmer ist schön groß mit einem Riesen und bequemen Bett. Die Dusche ist perfekt mit Duschzeug. Die Preise für die Bar und Restaurant günstig und das Abendessen ists ehr zu empfehlen,10,2025-12-30 11:54:43+00,1
 Funcionários muito prestativos,9,2025-12-30 13:42:06+00,0
 Staff is nice and food is AMAZING!!  The best it's not comfy.,10,2025-12-31 01:47:57+00,1
" Hotel maravilhoso impecável. Funcionários muuito educados, prestativos.  Tudo nele é alto padrão.",10,2025-12-31 01:50:55+00,1
 Localização e café da manhã top,8,2025-12-31 07:50:13+00,0
 Quarto e camas são perfeitas  Manutenção deixa a desejar,8,2025-12-31 08:51:37+00,0
" Minha experiência no hotel foi simplesmente excelente! Desde o atendimento na recepção até a acomodação, tudo foi impecável. Os quartos são limpos, confortáveis e muito bem organizados, proporcionando uma estadia tranquila e agradável.

A equipe é extremamente atenciosa, educada e sempre disposta a ajudar, o que faz toda a diferença. A localização também é ótima, facilitando o acesso aos principais pontos da cidade.

Com certeza recomendo e voltarei mais vezes. Parabéns a toda a equipe pelo cuidado e profissionalismo!  Nada a reclamar.",10,2026-01-01 01:10:39+00,1
 Café da manhã  Precisam de mais funcionários na área da piscina e bar,8,2026-01-01 14:09:33+00,0
" Everything was good! 
Breakfast was great, a lot of options. 
Good location in a central area, and you can have access easily to the parks. 
Pool area was good and the massage in the place was awesome!! Super recommend!  The only thing is that the wi fi was not good. There is a lot of oscillations during the day.",10,2026-01-01 16:41:43+00,1
" Definitivamente o café da manhã e o jantar foram o destaque dessa minha estadia. Fiz a reserva com meia pensão e valeu muito. Andamos bastante em todos os dias da viagem e chegar ao hotel no fim do dia cansados, não ter que preocupar com a refeição da noite e se deslocar para jantar e ainda ter uma comida excelente à disposição foi um grande acerto. Café da manhã e jantar com variedade e qualidade.  O meu quarto possuía duas camas de casal padrão, eu preferiria uma única cama grande. Um outro ponto é em relação ao arcondicionado, a cidade estava muito quente e abafado e o ar demorava esfriar o ambiente.",9,2026-01-01 23:16:52+00,0
 Hotel espectacular. Todos los detalles cuidados. Cama ducha y habitación muy cómodos. Piscina espectacular. Desayuno super completo.  Nada.,10,2026-01-02 00:16:05+00,1
 Localização.  Acdemia muito precaria. Colchões poderiam ser mais confortáveis.,7,2026-01-02 11:02:24+00,0
 Excelente acomodações e uma piscina deliciosa para o fim do dia após os passeios  O Bar estava cheio e demorou para sair o pedido,10,2026-01-02 22:40:31+00,1
" O hotel tem uma boa infraestrutura e fica a mais ou menos 600 metros do Shopping Catuaí, dá para ir a pé.
O café da manhã oferece itens de qualidade e com muita variedade (tapiocas feitas na hora, uma delícia).
O grande destaque foi a Ceia de Réveillon (decoração feita com primor, cardápio de alto nível e a mesa de doces de encher os olhos - nível 5 estrelas)
Recomendo a todos e me hospedarei novamente.  Não se aplica",10,2026-01-03 08:13:20+00,1
 Sii excelente!!  Realmente me gustó todo!!,10,2026-01-03 13:44:24+00,1
"Tuvimos una experiencia excelente en el hotel. La atención fue buenísima desde el primer momento; el personal nos ayudó en todo y nos explicó cada detalle de manera clara y amable.
El desayuno es espectacular, muy delicioso y variado. La habitación estaba súper equipada, cómoda y con un nivel de lujo que realmente se disfruta. Sin dudas, un lugar totalmente recomendable",10,2026-01-03 19:14:26+00,1
" I liked the location very near to Cataratas and center.  The food was OK, but the beverages was limited to just 1 per person in the buffet we had for dinner.",8,2026-01-04 02:03:03+00,0
" Stanza grande, bel bagno, letto comodissimo. Ottima colazione  Wifi non buono. La nostra stanza era vicino a qualcosa (tipo pompa dell’acqua o simile) che faceva un rumore infernale continuo ogni 5/10 minuti tutto il giorno e tutta la notte. Molto fastidioso",8,2026-01-04 13:04:57+00,0
 Todo,10,2026-01-04 14:48:33+00,1
 Área de piscina e limpeza de todo o hotel.  Nada nos desagradou.,10,2026-01-04 17:26:31+00,1
 Las habitaciones  Deberían tener café para autoservirce,10,2026-01-05 00:13:49+00,1
" Café da manhã, funcionários simpáticos, piscina muito boa  As paredes não isolam o som do quarto do lado devidamente (paredes de gesso), participamos de uma longa discussão de uma casal sem querer participar",8,2026-01-05 02:39:03+00,0
"Ótimo custo benefício, bom atendimento, quartos muito bem higienizados, ambientes agradáveis e piscina maravilhosa.
Ponto negativo é cobrarem diária de estacionamento de mais de R$ 20,00 e o carro ter que ficar sob sol e chuva, sem nenhum tipo de cobertura, vergonhoso isso.",8,2026-01-05 04:32:21+00,0
" Hotel bom, equipe muito atenciosa, café da manhã excelente, quartos limpos, camas confortáveis, restaurante com ótimas opções de refeições para quem não quer sair.  O Hotel só oferece tomada com voltagem 110, para quem vai de estados com voltagem 220 e leva qualquer equipamente que não seja bivolt fica inviável. Deveriam pelo menos oferecer, para empréstimo, transformador portátil, o que também não tem.",10,2026-01-05 11:09:18+00,1
" Quarto, instalações do hotel em geral.",9,2026-01-05 15:17:44+00,0
 Café da manhã muito bom  Ar condicionado com defeito no quarto,8,2026-01-05 16:33:39+00,0
 Hotel com boas instalações e café da manhã excelente.  Gastei de tudo,10,2026-01-05 20:02:55+00,1
 Localização,9,2026-01-05 21:39:27+00,0
"Hotel 4 estrelas, mas pelo valor da diária não atende a classificação. As fotos das acomodações também não correspondem à realidade. Salão de jogos péssimo .. cheiro de mofo .. mesa de sinuca com
1 taco.. mesa de pebolim sem bola.. 
Ficamos satisfeitos com a limpeza e a alimentação somente. 
Eu não recomendo . Ficamos decepcionamos.",6,2026-01-06 00:00:00+00,0
 Tudo muito organizado. Comida boa. Sem filas.  Área de lazer pequena.,10,2026-01-06 01:45:49+00,1
" Quartos antigos, precisam de manutenção.  O hotel não conta bem com serviço de água no quarto.",7,2026-01-07 21:29:03+00,0
" Hotel muito bom. Piscina e café da manhã excelentes. Quarto amplo e limpo. Bem localizado, entre o centro da cidade e as principais atrações. 10 minutos a pé de um shopping com lojas duty free.  O preço do jantar poderia ser mais acessível.",9,2026-01-07 22:02:42+00,0
" Nada  La atención pésima 
La hab llena de hormigas que nos picaron 
La insonorización imposible si uno quiere descansar 
Tanto en el pasillo como en la pócima 
La peor experiencia en hoteles en años",1,2026-01-08 00:20:09+00,0
 Das Frühstück war sehr gut und das Personal sehr bemüht und fleißig.  Die Zimmer sind abgewohnt und nicht sehr komfortabel.,6,2026-01-08 12:35:38+00,0
Uma observação referente as vagas para carregamento de carro elétrico que teria que ser sinalizado com cones para que outros veículos não estacionam na vaga.,8,2026-01-08 12:58:27+00,0
" La pileta  Poco desayuno sin baicon
Medio antigo las instalaciones",7,2026-01-09 14:57:04+00,0
" Área da piscina, restaurante( comidas e porções maravilhosas) , quarto. Atendimento dos funcionários em todos os setores muito acolhedor( menos do check-in/ check-out).
Sr. Laércio super atencioso .  A recepção . Ao contrário do restante dos funcionários,  atendimento básico beirando grosseria. 
Parece que estamos fazendo um favor em nos hospedar.",10,2026-01-09 14:59:04+00,1
" Amabilidad, tuvimos un inconveniente y lo solucionaron al momento , miran por el cliente",10,2026-01-10 14:21:36+00,1
 Localização e cordialidade dos funcionários  Comida pode melhorar,7,2026-01-10 21:53:20+00,0
"Local Limpo, organizado e de
Alto nível",10,2026-01-10 22:03:32+00,1
 La atención y la calidez del lugar . Muy confortable los espacios en común para compartir.,10,2026-01-11 01:57:29+00,1
 Lindo lugar  El Chek Inn muy malo,7,2026-01-11 02:52:01+00,0
" Limpeza e localização  Café da manhã, falta de tomadas próximo a cabeceira e isolamento acústico. A academia fica num bunker com acesso apenas por elevador e sem janelas.",7,2026-01-11 16:37:41+00,0
Buen lugar,10,2026-01-12 13:04:37+00,1
" Quarto amplo, atendimento e café da manhã ótimos!",10,2026-01-12 13:09:40+00,1
"Fuimos a pasar el fin de semana y es totalmente el lugar donde uno puede desconectarse del mundo y disfrutarlo en familia, super recomendado todas las áreas del lugar...",10,2026-01-12 13:31:38+00,1
Bonito lugar,10,2026-01-12 13:40:42+00,1
" Café da manhã muito bom, janta também excelente  Limpeza deixou a desejar",5,2026-01-12 14:03:22+00,0
Excelente lugar.. la mejor experiencia.. recomiendo,8,2026-01-12 14:03:40+00,0
 Café da manhã muito bom  Limpeza deixou a desejar,4,2026-01-12 14:05:06+00,0
Excelente lugar,10,2026-01-12 14:19:22+00,1
Excelente servicio,10,2026-01-12 14:23:20+00,1
"Muy buena la ateción, exelente!!!",10,2026-01-12 14:58:19+00,1
" Instalaciones muy comodas
Ubicacion excelente respecto a las atracciones a realizar  A 23 hs termina todo.
No enviaron a sala de juegos donde practicamente no habia juegos.
Sin duda eso tienen que mejorar",7,2026-01-12 15:53:38+00,0
Excelente Hotel,10,2026-01-12 16:04:15+00,1
"Excelente experiencia ,excelente personal",10,2026-01-12 16:14:59+00,1
Hermoso hotel la verdad de muy buena calidad👌👍recomndadisimo!!!,8,2026-01-12 18:02:58+00,0
Bonito lugar 😍,10,2026-01-12 18:20:38+00,1
El mejor hotel de la cuidad👏🏻con buenisimas atenciones desde el primer momento,8,2026-01-12 18:31:13+00,0
Muy buena,2,2026-01-12 19:22:08+00,0
Excelente lugar para descansar,10,2026-01-12 20:23:21+00,1
Exelente MUI buena atención,10,2026-01-12 20:30:05+00,1
Excelente lugarm recomendado.,10,2026-01-12 20:44:46+00,1
Super confortável 😁,10,2026-01-13 00:27:43+00,1
" La atención del personal es excelente.  Todos los espacios son amplios. Cuenta con todos los servicios. La habitación es amplia y cómoda. El baño es enorme. El desayuno es muy bueno y surtido.  Lo único a destacar, es que no tiene cocheras techadas.",10,2026-01-13 09:58:12+00,1
Hotel maravilhoso! Limpeza nota 10. Ótimo café da manhã é ótimo atendimento.,10,2026-01-13 11:36:24+00,1
excelente lugar,10,2026-01-13 12:32:12+00,1
" Asi jen místo  Personál samozřejmě anglicky neumel, ačkoli to hlásáte. Ale to by nebyl až takový problém, jeden z personálu tak nějak uměl alespoň lámaně a základní nedostatky na pokojích (rozbitá klimatizace, nefunkční kohoutek u sprchy) se dalo vyřídit. 
Servis v restauraci naprosto pod úroveň. Číšníci zmateni, nebyli schopni si zapamatovat jedinou objednávku správně. 
Zlatý hřeb tomu všemu dal náš odjezd, kdy se cena výrazně lišila od ceny, kterou jsem zarezervoval na Booking.com - suše a drze mi oznámili, že si ti mám vyřešit s Booking.com. 

Tak s Booking.com to řeším už měsíc a stále nic.",4,2026-01-13 12:36:26+00,0
"Muy buen hotel, con instalaciones limpias y cómodas. El personal es amable y atento, y la ubicación resulta muy conveniente. Ideal para una estadía tranquila y agradable.",10,2026-01-13 12:49:30+00,1
Excelente servicio,10,2026-01-13 13:57:58+00,1
Muy buena atención,10,2026-01-13 14:25:26+00,1
" Apartamentos amplos, camas confortáveis e funcionários prestativos!  O café da manhã não tinha frutas saborosas. Mas era farto, inclusive com uma pessoa fazendo tapioca. 
O hotel não dispõe de um jardim ou área externa além da piscina.",9,2026-01-13 14:40:24+00,0
"Muy buena atención y exelente lugar
Para descansar",2,2026-01-13 14:44:24+00,0
Hotel de 5 estrellas es impresionante las atenciones da para visitar otras vez.,2,2026-01-13 14:44:39+00,0
Mi experiencia fue increible  tenias todo a dispocisión lo que necesitabas los recomiendo  un montón no se arepentiran,10,2026-01-13 15:05:39+00,1
 La pileta  El sistema de ingreso con vehículo al estacionamiento,10,2026-01-13 19:05:26+00,1
Excelente atención,10,2026-01-13 20:42:53+00,1
Buen lugar buena atención y económica,10,2026-01-13 22:04:13+00,1
Excelente servicio,10,2026-01-13 22:58:31+00,1
"las habitaciones es genial, tan cómodo y con precios accesibles",10,2026-01-14 13:31:35+00,1
"Tuve el placer de conocer el hotel viale  cataratas tiene los mejores servicios y es un lugar muy hermoso,ame todo de este lugar♡",10,2026-01-14 14:29:50+00,1
Muy lindo,10,2026-01-14 15:25:49+00,1
Excelente hotel! Hermosa experiencia!,10,2026-01-14 15:46:15+00,1
Buenísimo,10,2026-01-14 17:02:54+00,1
Pésimo servicio ...😔 no vayan,2,2026-01-14 17:04:03+00,0
Excelente atendimento e excelente acomodação,10,2026-01-15 03:07:36+00,1
" Tudo estava ótimo, café da manhã, piscina, arrumação do quarto, cama.",10,2026-01-16 10:52:00+00,1
" Atendimento de todos os funcionários em
Especial da limpeza e recepção. O carinho que a DNadir tem com as crianças, incrível como gosta de cuidar e agradar. Parabéns!  Recreação muito fraca. Não envolviam as crianças e meu filho que tem 3 anos foi impedido de participar das atividades. Depois entendemos que ele precisa de acompanhamento, mas no primeiro dia a “tia” colocou ele pra fora da salinha da recreação e ele ficou perdido. As brincadeiras na piscina são positivas.",8,2026-01-16 19:12:15+00,0
" Café da manhã.
Roupas de cama e banho sem cheiro forte de amaciante ou outros.  Quartos repletos de sujeira em baixo das camas, em cima do frigobar tinha teias de aranha, banheiro extremamente encardido. 
Foi cobrado estacionamento ao final da estadia.",4,2026-01-17 00:41:30+00,0
" Comida é muito boa e a localização é excelente  Atendimento de modo geral é péssimo, limpeza ok e estrutura para crianças muito ruim.",6,2026-01-17 10:44:21+00,0
Exelente lugar y la atención también.,10,2026-01-17 15:40:14+00,1
"El lugar es hermoso, nunca vi nada igual. Aparte que te da buenas experiencias.",10,2026-01-17 16:52:06+00,1
Excelente servicio!!!!,10,2026-01-17 17:54:44+00,1
"La estadia fue excelente!!! El servicio de desayuno, comidas, la atención personalizada, súper amables!!!
La comodidad de sus instalaciones muy confortables, impecables!!",10,2026-01-17 18:04:01+00,1
" Do conforto do quarto, da localização do hotel, da equipe de funcionários, do café da manhã.  A área de academia necessita ser atualizada",9,2026-01-17 18:07:55+00,0
Es una belleza!!,10,2026-01-17 19:32:40+00,1
" La ubicación es muy buena, el hotel lindo.  La habitación que nos dieron esta vez, se sentía bastante vieja, al contrario de la que nos dieron cuando llegamos a foz",8,2026-01-17 20:16:39+00,0
Excelente servicio,10,2026-01-17 20:45:14+00,1
Excelente servicio,10,2026-01-18 13:58:03+00,1
Exelente hotel recomendadisimo.,10,2026-01-18 14:16:24+00,1
Un hermoso lugar me gustaría ir de vacacion,10,2026-01-18 14:26:08+00,1
El hotel es de lo maximo es muy elegante,10,2026-01-18 15:09:20+00,1
Es un lugar muy bonito y una atención increíble,10,2026-01-18 18:49:27+00,1
Excelente lugar de lujo,10,2026-01-18 19:07:26+00,1
Una experiencia única,10,2026-01-18 22:13:16+00,1
Excelente,10,2026-01-19 13:49:44+00,1
Excelente servicio. 10/10,10,2026-01-19 13:50:19+00,1
Esta excelente el local muy buena,8,2026-01-19 15:35:24+00,0
Es todo muy lindo,10,2026-01-19 15:40:05+00,1
"Muy buena vista, ideal",10,2026-01-19 15:54:16+00,1
"Excelente lugar, atención de primer nivel.
Recomendado.👌🏻",10,2026-01-19 15:58:57+00,1
" Grande chambre 
Piscine agréable  Déco très basique  
Rideau douche dans la salle de bain",7,2026-01-19 17:07:02+00,0
Es un lugar es en donde te ofrecen un espacio cómodo y agradable con un ambiente que se adapta a tus gustos ⭐,10,2026-01-19 18:53:15+00,1
"Muy buena atención , excelente para pasar unos días de vacaciones con la familia. 10 de 10",10,2026-01-20 10:04:49+00,1
Excelente servicio,10,2026-01-20 15:44:10+00,1
Excelente lugar. Hermoso y agradable,10,2026-01-20 16:54:31+00,1
Muy buen servicio,10,2026-01-20 17:09:05+00,1
Muy lindo el ambiente 🤩,10,2026-01-20 17:19:29+00,1
El personal de este hotel fue increíblemente acogedor y servicial durante toda nuestra estancia. Las habitaciones estaban impecables y muy cómodas. Excelente servicio,10,2026-01-20 17:55:50+00,1
Excelente lugar vale la visitar,10,2026-01-20 18:36:07+00,1
"Excelente atención, super recomendado! La comida exquisita",10,2026-01-20 19:53:07+00,1
Excelente atención!,10,2026-01-20 22:40:57+00,1
Excelente la atención y el servicio. Es un hotel muy cómodo en esta hermosa ciudad.,10,2026-01-21 12:06:42+00,1
Unos de lo mejores lugares q es estado,10,2026-01-21 14:46:26+00,1
Muy buen lugar recomendado,10,2026-01-21 17:05:34+00,1
Excelente servicio. Muy buena atención.,10,2026-01-21 18:04:05+00,1
" La habitación fue excelente, bastante amplia y con buena vista. Lindo baño con todo funcionando. Los servicios del hotel fueron excelentes: la comida, la comodidad en la piscina, juegos para niños, etc.  Mi pareja sufrió un corte en la piscina y el hotel apenas respondió con un botiquín mínimo que tenía la guardavidas. No llamaron a un médico ni preguntaron nada más. Ningún interés. Por suerte, teníamos contratada una asistencia al viajero (seguro).
En cuanto a la habitación, el baño necesita perchas para colgar las toallas.",8,2026-01-21 23:31:28+00,0
" Todo, la ubicación, las instalaciones, el desayuno espectacular. Nos gustó mucho, nosotros vamos en familia y tiene todo para pasarlo muy bien.  Sin quejas",10,2026-01-22 13:10:10+00,1
Excelente lugar buen ambiente y limpio,10,2026-01-22 15:30:23+00,1
"Me encantó,pasaria el resto de mi vida aqui!!",10,2026-01-22 15:50:43+00,1
" La habitación es muy linda, limpia y grande.
El personal muy amable  El room service es solo hasta las 22.30, llegamos a las 22 casi no podemos cenar.
La pileta tenía muchas hojas, parecía no haber sido limpiada ese día.",8,2026-01-22 15:56:32+00,0
Perfecto para mi ojos y mi comodidad,10,2026-01-22 15:56:48+00,1
Me encanta es muy lindo,10,2026-01-22 16:33:26+00,1
" Hotel muito bom, muito limpo. As comidas maravilhosas, tanto no restaurante quanto no bar da piscina. A piscina ótima também.  A equipe de uma maneira geral é bem apática. O serviço prestado é ok, mas 0 simpatia especialmente os da recepção que te atendem com uma enorme cara de tédio",8,2026-01-22 17:27:25+00,0
" Las instalaciones impecables y amabilidad del personal, la comida de buen calidad y sabor y tiene para entretener a los niños. Y lo check out tardío es excelente.",10,2026-01-23 04:28:52+00,1
" Sehr freundliches und hilfreiches Personal. Tolle Poolanlage. Wir haben nur eine Nacht übernachtet, um die Iguazu Wasserfälle zu besuchen.",8,2026-01-23 12:23:54+00,0
" Localização boa , hotel organizado e limpo .  Quartos com poucas tomadas ,ar-condicionado funcionando com defeito e pingando água .",6,2026-01-23 13:16:41+00,0
" Após concluir a areserva li diversos comentários de outros usários do bookin e que foram hóspedes do hotel e em alguns deles comentavam sobre a estrutura sem manutenção de alguns quartos e confesso que fiquei preocupado e até com intenção de desmarcar a estadia, porém, ao chegar percebi algo bem diferente. Nos quatro quartos ocupados por pessoas da minha família, todos estavam em ótimas condições. O restaurante é muito bom e a parte da piscina idem. A equipe de funcionários é um caso a parte, as pessoas são todas agradáveis e dispostas a ajudar. Retornarei ao hotel na próxima ida a Foz.",10,2026-01-23 18:45:46+00,1
" El desayuno muy variado. Excelente  La variedad en el menú a la.carta para almuerzo y cena, debería contener mas opciones.",10,2026-01-24 17:54:24+00,1
"Excellent location for visiting falls and Paraquay. Good breakfast. Nice pool area.
Would return.
On nice paved bike path that leads downtown.",10,2026-01-26 00:00:00+00,1
" ""¡Un fin de semana perfecto en Viale!
Esta fue nuestra segunda vez y volvimos a elegirlos por  que sus instalaciones son realmente excelentes.. La habitación super cómoda, nos permitió descansar al máximo, y el área de la pileta es simplemente excelente, ideal para relajarse y disfrutar.

Pero, sin duda, lo que más nos encanta y nos hace regresar es su delicioso desayuno. La variedad y calidad de los productos es inmejorable, ideal para empezar el día con toda la energía. La atención del personal, como siempre, impecable.

¡Ya estamos pensando en nuestra próxima visita! Súper recomendado.""  ¿Qué no nos gustó? Sinceramente, no tenemos nada negativo que señalar. Nuestra experiencia fue, una vez más, totalmente satisfactoria.",10,2026-01-26 00:17:03+00,1
" Nice pool area
Good breakfast  Needs charging ports installed in the room 
Very few outlets",10,2026-01-26 00:17:50+00,1
 Café da manhã excelente e tinha muito pouco barulho,9,2026-01-26 00:21:47+00,0
" Limpeza, localização  Estacionamento pago, pelo valor da estadia poderia estar incluso.",10,2026-01-26 10:47:56+00,1
"Otro fin de semana perfecto en Viale! Esta fue nuestra segunda vez y volvimos a elegirlos por una razón: sus instalaciones son realmente excelentes. La habitación super cómoda, nos permitió descansar al máximo, y el área de la pileta es simplemente excelente, ideal para relajarse y disfrutar.

El delicioso desayuno, con su variedad y calidad inmejorable, es ideal para empezar el día con toda la energía. La atención del personal fue, como siempre, impecable.

¡Ya estamos pensando en nuestra próxima visita! Súper recomendado.",10,2026-01-26 13:37:49+00,1
" El desayuno espectacular muy variado.impecable el servicio.  En lo que no estoy de acuerdo es que nos cobraron estacionamiento 35 reales por día., ya que pagamos 3.200 reales por 4 días y encima pagar aparte el estacionamiento no me pareció correcto.",8,2026-01-26 18:39:45+00,0
" A equipe é muito prestativa e educada. A localização é ótima, estando próxima do centro de Foz e também das atrações. O café da manhã é muito bom, em especial as tapiocas, feitas com muito carinho. Sabor único. Parabéns!!!!  Quarto com pouca iluminação.",10,2026-01-26 22:02:05+00,1
" У отеля хорошее месторасположение, удобно добираться до центра и до водопадов недалеко. Отель большой с хорошей зоной отдыха. Номер был чистый и комфортный, просторный. Персонала было много и некоторые отлично понимали на английском и могли всегда помочь.  Скудные и однообразные завтраки, очень мало выбора по еде, овощей свежих не хватало, точнее их вообще не было. В комнате для глажки вещей был очень старый утюг и гладильная доска, которая постоянно скрепела. Удивляет, что отели хорошего уровня ""экономят на спичках"" и не могут позволить себе купить качественный, хороший утюг и гладильную доску, чтобы не портить впечатление гостей.",8,2026-01-27 08:36:02+00,0
" Tudo perfeito, café ótimo, piscina maravilhosa",10,2026-01-27 10:30:39+00,1
 El desayuno  y la cercanía con un shopping  El baño de la habitación tenía olor a cloaca,8,2026-01-28 13:16:34+00,0
" Довольно большой номер.  Отель очень жадный и хочет заработать как можно больше денег. Сантехника старая. Бутылок с бесплатной водой в номере нет, а вода из мини бара стоит очень дорого. Завтраки не вкусные и однообразные. Ужин очень дорогой и не вкусный. В стоимость ужина не входит вода и другие напитки. Отель очень жадный, приходится платить за каждую мелочь. Очень жаль что выбрал этот отель, а не другой.",6,2026-01-28 14:05:28+00,0
" Good food, excellent breakfast",10,2026-01-29 04:28:47+00,1
" Es la quinta vez que elegimos el Viale! 
Es un hotel cómodo, limpio, cercano a centros comerciales  Nada",10,2026-01-30 18:56:15+00,1
" La piscina  La habitación tenía algunas deficiencias: - No tiene luz en el medio, solo apliques - Una sola silla para 2 personas - Basureros pequeños - Tv con poca variedad de canales - Cena con poca variedad",7,2026-01-31 17:30:32+00,0
 Tudo. A simpatia da funcionária que fazia tapioca  Nada a declarar,10,2026-01-31 21:02:53+00,1
" Café da manhã.
Piscina / serviço de piscina.
Cordialidade dos funcionários.  Faltou TV com Netflix.",9,2026-02-02 16:47:08+00,0
" Hotel sempre organizado, limpo e muito bem localizado. Próximo da Argentina, shopping e dutty free",10,2026-02-03 12:28:24+00,1
" It was very handy to get to the Iguazu falls and airport. The pool was amazing and the rooms were spacious, elegant and very comfortable. The beds were huge and good quality. Staff was friendly and helpful.  I have no complaints.",10,2026-02-03 16:14:56+00,1
 Piscina  Gostei,10,2026-02-03 19:19:31+00,1
" Os quartos grande . Cama King muito confortável. Piscina agradável. Café da manhã excelente com deliciosos tapiocas , ovos e muitas outras coisas  Pessoal do balcão que dá os piores quartos com vista no telhado do restaurante.( 104,106,108 )
A garçonete do bar da piscina totalmente perdida sem um sorriso Poucas pessoas falam inglês",6,2026-02-04 01:34:12+00,0
" El desayuno es muy rico, y el servicio en general me encanto.  No tienen servicio de lavanderia.",10,2026-02-05 00:02:34+00,1
 All is super,10,2026-02-05 10:12:07+00,1
 Desayuno  atencion del bar,8,2026-02-06 02:58:45+00,0
" Atendimento dos funcionários,  hotel em geral bem bonito.  E café da manhã muito bom.  Gostei de tudo, não tem do que reclamar",9,2026-02-06 12:22:07+00,0
 La ubicación.. La pileta.. Desayuno  Cambiamos de pieza 3 veces por los malos olores.. Aire acondicionado perdía agua por todos lados.. El agua del baño salía por todo el dormitorio..,1,2026-02-06 22:15:52+00,0
"Fomos a passeio ao Viale Cataratas em fevereiro de 2026. O hotel tem uma boa experiência, mas o atendimento deixa a desejar. Esqueci um pertence pessoal no quarto e logo após a saída fiz contato com o hotel para reaver. Me repassaram que iriam verificar, ate agora não tive respostas. Tento ligar, porém não me atendem. Fica o alerta para quem se hospedar no hotel, se esquecer algo eles não entregam.",2,2026-02-07 00:00:00+00,0
"Hotel muito agradável, funcionários atenciosos, destaco aqui o John bar e restaurante e o Marcos da recepção, mas os demais também são ótimos, camareiras, limpeza do quarto, colchão razoável, travesseiro bom, chuveiro ótimo. Poderia ter mais áreas voltadas pra criança apesar do pessoal da recreação ser muito top e se virar com o que tem. Menção honrosa pra comida, café da manhã e jantar excelente. Eu voltarei com certeza.",10,2026-02-08 00:00:00+00,1
 Preço muito elevado dos produtos do frigobar e restaurante...,10,2026-02-08 02:38:36+00,1
" Localização, custo-benefício",9,2026-02-08 12:18:19+00,0
"Hotel muito agradável, funcionários atenciosos, destaco aqui o John bar e restaurante e o Marcos da recepção, mas os demais também são ótimos, camareiras, limpeza do quarto, colchão razoável, travesseiro bom, chuveiro ótimo. Poderia ter mais áreas voltadas pra criança apesar do pessoal da recreação ser muito top e se virar com o que tem. Menção honrosa pra comida, café da manhã e jantar excelente. Eu voltarei com certeza.",10,2026-02-08 13:09:09+00,1
"Fiz uma solicitação particular uns dias antes por telefone e tbm no dia do meu check-in e não fui atendida!!! Fiquei extremamente furiosa pelo descaso dos funcionários com a minha solicitação e certamente esse será um hotel que jamais voltarei, ainda mais com tantas outras e variadas opções de hoteis na cidade! Não recomendarei pra ninguém e ainda farei questão de fazer propaganda negativa sobre todo o atendimento não prestado!",2,2026-02-09 00:00:00+00,0
 Café da manhã  Cobram pelo estacionamento,9,2026-02-09 00:24:44+00,0
 Close to attractions,8,2026-02-09 20:56:42+00,0
" Excelente hotel nos hospedamos por segunda vez y  elegimos volver, los servicios  son impecables desde el check in hasta que tenes que despedirte. Desayuno,  habitación , piscina, servicio de bar en la piscina, recreación para niños, Excursiones, cena completísima, playroom y Gimnasio todos los espacios son indescriptibles. Horarios.extendidos desde el desayuno hasta la cena. Sin dudas volveremos.  Nada",10,2026-02-10 16:39:38+00,1
"Excelente, tudo extremamente limpo e organizado, serviço de quarto excelente, restaurante do hotel limpo, organizado, funcionários bem apresentáveis, comida no capricho, recomendo.",10,2026-02-11 00:44:11+00,1
 Hermoso todo,10,2026-02-11 16:10:31+00,1
" Gostei muito do hotel e da proposta apresentada, a infraestrutura, o café da amanhã �� muito bom e diversificado.  Não gostei da vista do quarto asignado, pela janela se tinha como vista o telhado do restaurante e o ar acondicionado fazia muito barulho pois era antigo, achei que por ter reservado pela plataforma não são asignados quartos melhores.",9,2026-02-12 18:28:28+00,0
 Gostei apenas do atendimento do café da manha pela equipe  Se  nao tivesse Barata no quarto e a limpeza dos quartos,1,2026-02-12 20:17:18+00,0
"Un desastre.
Nos cobraron mal varias veces los consumos. El trato a sus clientes es muy desagradable. Me cobraron en efectivo y luego me vino el cobro en la tarjeta. Muy desprolijos.
No recomiendo.",2,2026-02-13 16:08:10+00,0
 la estancia en general estuvo cómoda  El inodoro es inadecuado para usarlo,7,2026-02-13 17:50:38+00,0
"El es bonito, los desayunos son buffet, muy buenos y variados. Los cuartos son limpios y ordenados. Todo bien.",10,2026-02-15 02:09:10+00,1
" En general todo perfecto  Solo que el parking sea pago, aunque cabe aclarar que la gente del hotel no me lo cobró como una cortesía. Lo cual es digno de valorar.",10,2026-02-15 19:28:45+00,1
 La piscine est super ainsi que la salle de gym  La climatisation trop forte dans le restaurant,7,2026-02-16 01:10:39+00,0
 Η τοποθεσία ήταν καλή  Δεν ήταν καθαρό  το μπάνιο Το ξενοδοχείο χρειάζεται ανακαίνιση.,7,2026-02-16 14:28:51+00,0
"Muy buena estadía, el desayuno bastante completo y variado, las tapiocas hechas en el muy ricas, la habitación algo pequeña pero cómoda, solo marcaría que si bien la habitación es muy luminosa de día por si ventanal, de noche le falta iluminación central y al baño iluminación focal en el espejo por ejemplo, también carece de ganchos en el baño para colgar toallas o mayas mojadas y eso lo hace un poco incómodo, la ducha bien, por todo lo demás estuvo muy bien, bien atendido, la comida del bar y buffet es buena, el buffet un poco caro para la variedad, el estacionamiento se paga a parte, hay algunas actividades para niños, tiene la pileta adaptada",8,2026-02-16 22:01:57+00,0
" El desayuno excelente . Las camas muy cómodas.  Quisimos ,el día que llegamos, extender un día más la reserva. Nos dijeron w el día que vencía nuestra estadía renovemos un día más, que no habia problema. Llegado ese día, nos dijo que no había lugar y tuvimos que irnos, cuando ellos nos prometieron poder extender la estadía.",8,2026-02-17 00:28:23+00,0
"Miran, odličan hotel. Ljubazno osoblje, doručak odličan",10,2026-02-17 09:46:45+00,1
 Muy bueno.  Estacionamiento y sala de juegos.,8,2026-02-17 10:48:17+00,0
"El hotel es excelente para estar de paso, la comida es buena, el año pasado estaba mejor. La pileta pequeña pero cómoda. Le pongo dos estrellas, porque en la atención siempre pasa algo, esta vez nos trajeron un sándwich con el pan con hongos porque estaba vencido.<br>Ellos reconocieron el error y no lo cobraron y brindaron un descuento.<br>El año pasado había solicitado una hamburguesa y estaba cruda por dentro, también pidieron disculpas y nos dejaron un postre de obsequio en la habitación.<br>Pero los empleados, la mayoría, no son serviciales en este año.<br>Me acerqué para hacer un pedido en la barra y me dijeron que necesitaban las tarjeta. Que no me lo podía tomar porque yo lo había dejado en el lugar donde estaba en la piscina, ellos en ningún momento se ofrecieron para traerme el pedido a mi camastro en la pileta y cóbrame ahí o venir a carne el pedido directo en el camastro.<br>Deberían ser más serviciales y amables para ayudar a pasar una buena estancia, y así el hotel sería mucho más agradable para alojarnos.",4,2026-02-17 19:42:36+00,0
 Principalmente o atendimento,9,2026-02-18 00:10:31+00,0
 Quartos amplos; e novos.  Preços de bebidas e porções muito superfaturados. Não condiz com o que é devido.,6,2026-02-18 02:23:03+00,0
" La atención del bar en la piscina  No tienen aire acondicionado en los pasillos del hotel, hacia mucho calor en la última parte del hotel.  Decía parking incluido y después nos cobraron antes de irnos",8,2026-02-18 03:12:49+00,0
 Localização  .,9,2026-02-18 11:48:28+00,0
Mehr gibt es für den Pool nicht Zimmer und Speiseraum auch gutes Essen für brasilianische verhältnisse!  Ich war zufrieden<br>In Rio der janeiro ist es schlimmer  gut ist gut,6,2026-02-18 14:08:50+00,0
Excelente opção em Foz do Iguaçu! Gostamos muito!,10,2026-02-19 12:17:18+00,1
" Pessoal extremamente atencioso, área da piscina não muito grande mas bem agradável com ótimo atendimento do pessoal, café da manhã muito bom com tapiocas feitas na hora, localização excelente bem próximo ao shopping e no caminho para Cataratas e Argentina.",9,2026-02-19 13:42:08+00,0
" Somos frequentadores do hotel há muitos anos, motivo este que quando vamos a Foz do Iguaçú, muitas vezes fazemos a opção do hotel.
As acomodações são adequadas, piscina agradável, localização boa.  Infelizmente nesta hospedagem nos colocaram em quartos (nos 3 que reservei) muito longe da recepção e do refeitório, o que nos prejudicou muito, pois minha nora está gravida e  minha esposa operada do quadril, o que dificultou muito a distancia nas suas locomoções até os respectivos quartos. E nos disseram que não havia como trocar devido a excursões que chegariam.",5,2026-02-19 15:44:40+00,0
 Excelente hotel,9,2026-02-19 16:24:02+00,0
" piscina y el desayuno  las habitaciones y el personal, en tres noches de estadia cambie de habitacion 3 veces ,aire no funcionaban , en otra habitacion el agua del aire sale por todos lados y en otra habitacion olor feo en toda la pieza un horror",1,2026-02-19 18:03:02+00,0
 El trato del personal en general,5,2026-02-19 19:11:34+00,0
" La recepcion  La pileta chica, el valor de las comidas eran caras a comparación de otros lugares. Queda alejado del centro",7,2026-02-20 00:54:28+00,0
" El hotel es realmente hermoso, de categoría, muy cómodo y con una amplia variedad de servicios. El restaurante, tanto para las comidas habituales como para pedir desde la pileta, es muy bueno.
La gente que trabaja allí es muy atenta y servicial. Su ubicación es estratégica si vas a Foz por las atracciones turísticas, ya que está a mano de todo.

Lo que hace la diferencia:

- Habitaciones y Confort: Las habitaciones son sumamente cómodas, ideales para un descanso real. El servicio de cuarto es eficiente y, un punto muy a favor, es que los precios son muy convenientes y razonables para la calidad que ofrecen.

- Ideal para Familias y Relax: La sala de juegos para niños con actividades coordinadas por las chicas es fantástica. Para los adultos, el hotel cuenta con un gimnasio bien equipado y un sector de relax con sauna húmedo y seco.

- Gastronomía: El buffet libre para cenar es excelente y muy variado. No se pierdan los tragos del bar, son de primer nivel. El desayuno super variado y abundante.

- Logística y Facilidades: Aunque no fui en auto, el estacionamiento descubierto es muy amplio. La ubicación es clave: está en el trayecto de los colectivos hacia Cataratas y Puerto Iguazú. Está muy cerca de un shopping grande y completo (el Catuaí Palladium), lo cual es un plus para compras o salidas rápidas.

- Flexibilidad: Destaco la amplitud y flexibilidad en el check-in y check-out, algo que se agradece mucho cuando los horarios de viaje son ajustados. Además, cuentan con una sala para trabajar muy funcional si necesitas conectarte un momento. La conexión a internet es muy buena, alcanza hasta para ver películas/series.

En resumen, un hotel que piensa en todos los detalles. ¡Totalmente recomendado y volvería sin dudarlo!  No es que no me haya gustado, pero le haría falta baños o vestuarios cerca de la pileta.",10,2026-02-20 12:07:50+00,1
" Amei o café da manhã e atenção dos funcionários, principalmente das camareiras  O banheiro com instalações velhas",10,2026-02-20 13:20:19+00,1
 Limpeza e organização,10,2026-02-22 20:43:15+00,1
 La zona de pileta y las habitaciones muy cómodas  Poca variedad en la cena.,9,2026-02-22 21:18:48+00,0
 Muy bueno el desayuno  Nada que reclamar,9,2026-02-23 00:17:51+00,0
" Estrutura, conforto , localização e café da manhã excelente!  Adorei tudo",10,2026-02-23 13:21:30+00,1
 Desayuno super bien variado.  Pidiendo agua para thermo terere te pide 10 reales,7,2026-02-23 19:58:37+00,0
 La comida salada,8,2026-02-23 21:36:07+00,0
" Uno de los mejores hoteles en los que me hospede, volvería sin dudarlo. La cena del bufet fue exelente",10,2026-02-24 13:52:55+00,1
" Everything works well in this hotel and there is much attention to details.
Breakfasts and dinners were exceptional, swimming pool area well maintained",9,2026-02-26 07:26:23+00,0
"Muy buen servicio a un precio accesible
Desayuno y cena muy buenos
Limpio cómodo
Juegos para niños",10,2026-02-26 20:47:46+00,1
"Muy lindas habitaciones  ,limpias cómodas modernas . El desayuno muy completo y bueno, pero la cena una decepción.  No hay variedad de comidas y muy poca carne  y pollo  ,seco ,pan seco ,muy pocas opciones y no son ricas",6,2026-02-27 00:00:00+00,0
"מלון מצוין, מאכזב מאוד שאין מים לשתיה-לא בלובי, לא בסאונה ובמכון הכושר ואפילו לא בארוחת הערב",8,2026-02-28 00:42:52+00,0
" No geral, o hotel é excelente. Quartos com tamanho adequado, funcionários sempre simpáticos e prestativos, localização estratégica para alguns pontos turísticos da cidade. Boa alimentação.  A cadeira do quarto poderia ter algum acessório nos pés para deslizar mais fácil. Precisei ficar trabalhando até tarde da noite e ao movimentar a cadeira, fazia um barulhão que desconfio que poderia incomodar o hóspede do andar de baixo.",10,2026-03-01 02:49:37+00,1
" Very good breakfast 
Clean room
Good location, close to the airport",10,2026-03-01 12:24:15+00,1
 Quartos são ótimos. Bar e restaurante com muitas opções e atendimento excelente.,10,2026-03-01 16:21:46+00,1
" Localização e café da manhã muito bom  Banheiro precisa de uma reforma, Colchoes precisam ser trocados já com certo tempo de uso",8,2026-03-02 02:00:05+00,0
" good location and good service, high efficiency",10,2026-03-02 15:08:24+00,1
 Gute Fruhstück und Abendessen inkludiert  Service im Barbereuch teilweise sehr schleppend. Nur eine weibliche Bedienung war schnell und effizient,10,2026-03-02 19:45:37+00,1
 清潔でお得感あり。  レストランでの給仕の動きが悪い。,7,2026-03-03 12:25:38+00,0
"El hotel es bonito. Pero el personal no es atento y el aseo no es bueno. El alfombrado no huele bien, los baños de recepción siempre sucios, además en dos ocasiones nos dejaron la habitación sin aseo, a pesar del letrero de solicitud de limpieza. Solicitamos limpieza pero  solo ordenaban sin limpiar. Mis padres adultos mayores debían esperar a que les hicieran aseo de su habitación después de las 21 hr. El personal de recepción no daba solución, nos decían que ya en la noche no hay aseo de habitación porque no tienen personal, pero al reclamar con insistencia iban a hacer aseo. El desayuno bien, pero la cena no tenía variedad de proteínas",4,2026-03-04 02:00:12+00,0
"Hotel maravilhoso, amplo, muito limpo, organizado e ótimo restaurante.
Apenas o estacionamento que é pago e poderia ser cortesia.",10,2026-03-04 11:24:36+00,1
 Тысячи китайских туристов !!!!!! Вода по астрономическим ценам,6,2026-03-04 15:13:53+00,0
" Café da manhã muito bom. Piscina da sucesso .  Ar condicionado estava estragado, Wi-Fi no quarto era horrível.",8,2026-03-05 09:09:17+00,0
"Infraestructura cómoda y completa.
Atención al huésped 10/10.
Servicios ofrecidos 10/10.
Variedad de comidas en el restaurante 10/10.
Para posibles clientes. Si llevan vehículos propios, avisen al personal de recepción para que validen en su tarjeta de habitación la salida y entrada al estacionamiento por todos los días de su estancia. Así no deben hacerlo todos los días.
Muy a gusto en general.",10,2026-03-05 11:10:44+00,1
" Essen, Pool, Persoal hat uns ein neues Zimmer gegeben. Da das erste Zimmer an der Straße sehr laut war. Ohne Probleme, sehr frundluche Abwicklung.  Keine Geschäfte in der nähe.",9,2026-03-05 13:19:16+00,0
" Sehr schöne Anlage, alles sehr sauber und t8lles Frühstück.  Unser Safe ging nicht und wurde leider trotz mehrfacher Nachfrage nicht wieder instand gesetzt.",9,2026-03-05 18:49:25+00,0
" Nuovo, pulito, confortevole",9,2026-03-06 11:12:41+00,0
" O hotel é muito bonito, café da manhã excelente, equipe muito atenciosa.
Boa localização, com shopping proximo e bom ponto de saida para passeios
O hotel é realmente muito bom! Recomendo!  Dois pontos de melhoria - o ar condicionado do quarto não é muito potente, e na semana da viagem o calor estava realmente extremo, e a academia apresenta equipamentos quebrados e não funcionantes.",8,2026-03-06 17:21:40+00,0
"Gostamos muito da estadia, com certeza recomendo.",10,2026-03-08 01:18:25+00,1
" La elegancia, el desayuno y la piscina  En el baño salieron cucarachas, deberían tratar ese detalle",10,2026-03-08 13:28:04+00,1
" Comodidad cercania con lugares de interés turísticos. Cena y desayuno. Precios de besbestibles y otros convenientes.  Nada. Todo bien.
Tal vez que hablaran más español pero se entiende.
Y me gustaría que tuvieran la disponibilidad de agua caliente durante todo el día.",10,2026-03-09 00:12:19+00,1
"Hotel eh bom porem nao tem onde trabalhar. Nenhuma mesa. A unica mesa fica na piscina com moscas voando. Entendo que as pessoas nao vem pra Foz para trabalhar, mas eu vim e precisava.",4,2026-03-09 15:41:50+00,0
" La atención muy buena  El servicio del baño, incómodo, no había donde dejar las prendas y toallas cuando se encontraba dentro. Y el inodoro super incomodo",8,2026-03-09 16:12:08+00,0
"El hotel está bien situado, pero en mi opinión no alcanza la categoría de 4*  la limpieza de habitaciones deja mucho que  desear. Al hacer la cama únicamente estiraron la colcha, la sábana bajera nos la dejaron tal como habíamos dormido. El baño no estaba bien limpio y las toallas bastante malas. 
En una ocasión volvimos de la Excursion después de comer  y todavía no habían hecho la habitación.",8,2026-03-10 00:00:00+00,0
"Não posso dizer sobre os quartos, mas o hotel aconchegante e moderno.",10,2026-03-10 01:52:17+00,1
"Ambiente limpo e agradável, atendentes simpáticos.
Considerando que tenho crianças senti falta de um ambiente especial para elas.
As piscinas são adaptadas para crianças mas não são aquecidas.

Café da manhã MARAVILHOSO",10,2026-03-10 21:33:32+00,1
" L’emplacement et le personnel 
Restaurant pour dîner  et petit déjeuner bons  Tres grand, l’hôtel accueille des groupes… parfois bruyants…",9,2026-03-11 00:23:13+00,0
" Felicidades al bar man de Cuba! Calidad de persona! 

La ubicación es excelente!  Instalaciones impecables!  Puede mejorar la relación con el cliente de parte de las personas del lobby",10,2026-03-11 11:13:38+00,1
" El check in 24hrs
Servicio y atención",10,2026-03-11 13:49:44+00,1
" Gostei bastante da estadia. O hotel é muito bom, o pequeno almoço e a zona da piscina.",10,2026-03-12 00:35:21+00,1
" Lugar aconchegante, limpo, funcionários simpáticos",9,2026-03-12 11:21:24+00,0
Uma experiência maravilhosa. Bom recebimento e serviços prestados.,10,2026-03-14 11:14:04+00,1
" La comida muy rica, la pileta hermosa de noche, el lugar muy limpio y los empleados super atentos y amables  Todo me pareció muy lindo",10,2026-03-14 20:23:30+00,1
 Desayuno  y cena buen buffet variado  Todo estaba bien,10,2026-03-14 20:30:48+00,1
" Excelente café da manhã, funcionários muito gentis.  Muito barulho de hóspedes na piscina depois das 22 horas e o som muito alto após as 22 hrs.",7,2026-03-16 00:06:47+00,0
 Tudo  Limpeza,10,2026-03-16 13:08:12+00,1
" Tudo de acordo, muito limpo e organizado, 
Localização excelente.
Segunda vez que me hospedo no Aptº
Voltarei mais vezes.  Sem reclamações",10,2026-03-16 18:22:00+00,1
"Experiência impecável no Viale Cataratas! O atendimento é, sem dúvida, o ponto alto: equipe muito atenciosa, especialmente os garçons, que são extremamente prestativos.

O café da manhã é farto e variado, com destaque para a tapioca de coco com queijo coalho (foto), que é maravilhosa! O hotel é muito conveniente: possui restaurante próprio com cardápio variado para almoço e jantar, além de um bar com lanches à tarde — perfeito para quando voltamos cansados dos passeios em Foz.

O serviço de quarto também merece elogios, com tudo sempre muito limpo e organizado. Super recomendo para quem busca conforto e hospitalidade na cidade!",10,2026-03-17 15:28:31+00,1
" As instalações no geral. Ponto negativo o ar condicionado que não estava gelando como deveria  Ar condicionado que não gelava como deveria, mas como só chegávamos à noite e o tempo não estava tão quente não influenciou muito!!",9,2026-03-18 12:07:14+00,0
" Limpieza instalaciones ubicación  Mala manutención de la pileta 
Y el restaurante a la tarde no te ofrecen maní te cobran caro",8,2026-03-18 18:06:22+00,0
"Muito confortável, bem localizado e uma estrutura excelente. Atendimento poderia ser um pouco melhor, mas nada grave.",10,2026-03-19 13:20:00+00,1
 El desayuno es lo mejor y variado.  La ubicación de la habitación (ruido de la calle) y la sala de juegos falta arreglar.,8,2026-03-19 19:10:54+00,0
"Lovely, relaxed stay at Viale Cataratas Hotel & Spa. Hours spent lounging around the beautiful swimming pool set the perfect pace to unwind. The spa treatments were exceptional — a truly soothing escape after busy travel days.

I enjoyed browsing the small curio shop for unique keepsakes, but the standout was the bar service. The team happily created my own version of a Long Island Iced Tea — perfectly mixed and served with a smile.

A comfortable stay made memorable by thoughtful service and easy moments of indulgence. ✨",10,2026-03-22 10:22:05+00,1
" Café da manhã  Barulho, quarto.",6,2026-03-22 18:59:48+00,0
" Tamanho do quarto muito bom e estrutura do hotel bastante completa  Acustica dentro do quarto não era das melhores, sendo que pode-se ouvir pessoas passando e conversando pelo corredor como crianças correndo e gritando também pelos corredores",8,2026-03-23 14:43:26+00,0
